[2025-11-23T06:34:33.032+0000] {processor.py:154} INFO - Started process (PID=68) to work on /home/airflow/.local/lib/python3.7/site-packages/airflow/example_dags/example_xcom.py
[2025-11-23T06:34:33.039+0000] {processor.py:756} INFO - Processing file /home/airflow/.local/lib/python3.7/site-packages/airflow/example_dags/example_xcom.py for tasks to queue
[2025-11-23T06:34:33.042+0000] {logging_mixin.py:120} INFO - [2025-11-23T06:34:33.041+0000] {dagbag.py:537} INFO - Filling up the DagBag from /home/airflow/.local/lib/python3.7/site-packages/airflow/example_dags/example_xcom.py
[2025-11-23T06:34:33.167+0000] {processor.py:766} INFO - DAG(s) dict_keys(['example_xcom']) retrieved from /home/airflow/.local/lib/python3.7/site-packages/airflow/example_dags/example_xcom.py
[2025-11-23T06:34:33.456+0000] {logging_mixin.py:120} INFO - [2025-11-23T06:34:33.456+0000] {dag.py:2585} INFO - Sync 1 DAGs
[2025-11-23T06:34:33.707+0000] {logging_mixin.py:120} INFO - [2025-11-23T06:34:33.706+0000] {dag.py:3340} INFO - Setting next_dagrun for example_xcom to 2021-01-01T00:00:00+00:00, run_after=2021-01-01T00:00:00+00:00
[2025-11-23T06:34:33.913+0000] {processor.py:176} INFO - Processing /home/airflow/.local/lib/python3.7/site-packages/airflow/example_dags/example_xcom.py took 0.886 seconds
[2025-11-23T06:35:21.001+0000] {processor.py:154} INFO - Started process (PID=131) to work on /home/airflow/.local/lib/python3.7/site-packages/airflow/example_dags/example_xcom.py
[2025-11-23T06:35:21.007+0000] {processor.py:756} INFO - Processing file /home/airflow/.local/lib/python3.7/site-packages/airflow/example_dags/example_xcom.py for tasks to queue
[2025-11-23T06:35:21.015+0000] {logging_mixin.py:120} INFO - [2025-11-23T06:35:21.014+0000] {dagbag.py:537} INFO - Filling up the DagBag from /home/airflow/.local/lib/python3.7/site-packages/airflow/example_dags/example_xcom.py
[2025-11-23T06:35:21.400+0000] {processor.py:766} INFO - DAG(s) dict_keys(['example_xcom']) retrieved from /home/airflow/.local/lib/python3.7/site-packages/airflow/example_dags/example_xcom.py
[2025-11-23T06:35:22.000+0000] {logging_mixin.py:120} INFO - [2025-11-23T06:35:21.994+0000] {dag.py:2585} INFO - Sync 1 DAGs
[2025-11-23T06:35:22.236+0000] {logging_mixin.py:120} INFO - [2025-11-23T06:35:22.235+0000] {dag.py:3340} INFO - Setting next_dagrun for example_xcom to 2021-01-01T00:00:00+00:00, run_after=2021-01-01T00:00:00+00:00
[2025-11-23T06:35:23.612+0000] {processor.py:176} INFO - Processing /home/airflow/.local/lib/python3.7/site-packages/airflow/example_dags/example_xcom.py took 2.631 seconds
[2025-11-23T06:35:54.098+0000] {processor.py:154} INFO - Started process (PID=189) to work on /home/airflow/.local/lib/python3.7/site-packages/airflow/example_dags/example_xcom.py
[2025-11-23T06:35:54.100+0000] {processor.py:756} INFO - Processing file /home/airflow/.local/lib/python3.7/site-packages/airflow/example_dags/example_xcom.py for tasks to queue
[2025-11-23T06:35:54.101+0000] {logging_mixin.py:120} INFO - [2025-11-23T06:35:54.101+0000] {dagbag.py:537} INFO - Filling up the DagBag from /home/airflow/.local/lib/python3.7/site-packages/airflow/example_dags/example_xcom.py
[2025-11-23T06:35:54.127+0000] {processor.py:766} INFO - DAG(s) dict_keys(['example_xcom']) retrieved from /home/airflow/.local/lib/python3.7/site-packages/airflow/example_dags/example_xcom.py
[2025-11-23T06:35:54.174+0000] {logging_mixin.py:120} INFO - [2025-11-23T06:35:54.174+0000] {dag.py:2585} INFO - Sync 1 DAGs
[2025-11-23T06:35:54.216+0000] {logging_mixin.py:120} INFO - [2025-11-23T06:35:54.216+0000] {dag.py:3340} INFO - Setting next_dagrun for example_xcom to 2021-01-01T00:00:00+00:00, run_after=2021-01-01T00:00:00+00:00
[2025-11-23T06:35:54.254+0000] {processor.py:176} INFO - Processing /home/airflow/.local/lib/python3.7/site-packages/airflow/example_dags/example_xcom.py took 0.159 seconds
[2025-11-23T06:36:24.778+0000] {processor.py:154} INFO - Started process (PID=245) to work on /home/airflow/.local/lib/python3.7/site-packages/airflow/example_dags/example_xcom.py
[2025-11-23T06:36:24.780+0000] {processor.py:756} INFO - Processing file /home/airflow/.local/lib/python3.7/site-packages/airflow/example_dags/example_xcom.py for tasks to queue
[2025-11-23T06:36:24.782+0000] {logging_mixin.py:120} INFO - [2025-11-23T06:36:24.782+0000] {dagbag.py:537} INFO - Filling up the DagBag from /home/airflow/.local/lib/python3.7/site-packages/airflow/example_dags/example_xcom.py
[2025-11-23T06:36:24.810+0000] {processor.py:766} INFO - DAG(s) dict_keys(['example_xcom']) retrieved from /home/airflow/.local/lib/python3.7/site-packages/airflow/example_dags/example_xcom.py
[2025-11-23T06:36:24.857+0000] {logging_mixin.py:120} INFO - [2025-11-23T06:36:24.857+0000] {dag.py:2585} INFO - Sync 1 DAGs
[2025-11-23T06:36:24.885+0000] {logging_mixin.py:120} INFO - [2025-11-23T06:36:24.885+0000] {dag.py:3340} INFO - Setting next_dagrun for example_xcom to 2021-01-01T00:00:00+00:00, run_after=2021-01-01T00:00:00+00:00
[2025-11-23T06:36:24.911+0000] {processor.py:176} INFO - Processing /home/airflow/.local/lib/python3.7/site-packages/airflow/example_dags/example_xcom.py took 0.138 seconds
[2025-11-23T06:36:55.156+0000] {processor.py:154} INFO - Started process (PID=307) to work on /home/airflow/.local/lib/python3.7/site-packages/airflow/example_dags/example_xcom.py
[2025-11-23T06:36:55.158+0000] {processor.py:756} INFO - Processing file /home/airflow/.local/lib/python3.7/site-packages/airflow/example_dags/example_xcom.py for tasks to queue
[2025-11-23T06:36:55.159+0000] {logging_mixin.py:120} INFO - [2025-11-23T06:36:55.159+0000] {dagbag.py:537} INFO - Filling up the DagBag from /home/airflow/.local/lib/python3.7/site-packages/airflow/example_dags/example_xcom.py
[2025-11-23T06:36:55.200+0000] {processor.py:766} INFO - DAG(s) dict_keys(['example_xcom']) retrieved from /home/airflow/.local/lib/python3.7/site-packages/airflow/example_dags/example_xcom.py
[2025-11-23T06:36:55.291+0000] {logging_mixin.py:120} INFO - [2025-11-23T06:36:55.291+0000] {dag.py:2585} INFO - Sync 1 DAGs
[2025-11-23T06:36:55.333+0000] {logging_mixin.py:120} INFO - [2025-11-23T06:36:55.333+0000] {dag.py:3340} INFO - Setting next_dagrun for example_xcom to 2021-01-01T00:00:00+00:00, run_after=2021-01-01T00:00:00+00:00
[2025-11-23T06:36:55.365+0000] {processor.py:176} INFO - Processing /home/airflow/.local/lib/python3.7/site-packages/airflow/example_dags/example_xcom.py took 0.213 seconds
[2025-11-23T06:37:25.753+0000] {processor.py:154} INFO - Started process (PID=365) to work on /home/airflow/.local/lib/python3.7/site-packages/airflow/example_dags/example_xcom.py
[2025-11-23T06:37:25.759+0000] {processor.py:756} INFO - Processing file /home/airflow/.local/lib/python3.7/site-packages/airflow/example_dags/example_xcom.py for tasks to queue
[2025-11-23T06:37:25.762+0000] {logging_mixin.py:120} INFO - [2025-11-23T06:37:25.761+0000] {dagbag.py:537} INFO - Filling up the DagBag from /home/airflow/.local/lib/python3.7/site-packages/airflow/example_dags/example_xcom.py
[2025-11-23T06:37:25.824+0000] {processor.py:766} INFO - DAG(s) dict_keys(['example_xcom']) retrieved from /home/airflow/.local/lib/python3.7/site-packages/airflow/example_dags/example_xcom.py
[2025-11-23T06:37:25.898+0000] {logging_mixin.py:120} INFO - [2025-11-23T06:37:25.898+0000] {dag.py:2585} INFO - Sync 1 DAGs
[2025-11-23T06:37:25.943+0000] {logging_mixin.py:120} INFO - [2025-11-23T06:37:25.943+0000] {dag.py:3340} INFO - Setting next_dagrun for example_xcom to 2021-01-01T00:00:00+00:00, run_after=2021-01-01T00:00:00+00:00
[2025-11-23T06:37:25.979+0000] {processor.py:176} INFO - Processing /home/airflow/.local/lib/python3.7/site-packages/airflow/example_dags/example_xcom.py took 0.232 seconds
[2025-11-23T06:37:56.061+0000] {processor.py:154} INFO - Started process (PID=428) to work on /home/airflow/.local/lib/python3.7/site-packages/airflow/example_dags/example_xcom.py
[2025-11-23T06:37:56.062+0000] {processor.py:756} INFO - Processing file /home/airflow/.local/lib/python3.7/site-packages/airflow/example_dags/example_xcom.py for tasks to queue
[2025-11-23T06:37:56.064+0000] {logging_mixin.py:120} INFO - [2025-11-23T06:37:56.064+0000] {dagbag.py:537} INFO - Filling up the DagBag from /home/airflow/.local/lib/python3.7/site-packages/airflow/example_dags/example_xcom.py
[2025-11-23T06:37:56.107+0000] {processor.py:766} INFO - DAG(s) dict_keys(['example_xcom']) retrieved from /home/airflow/.local/lib/python3.7/site-packages/airflow/example_dags/example_xcom.py
[2025-11-23T06:37:56.248+0000] {logging_mixin.py:120} INFO - [2025-11-23T06:37:56.247+0000] {dag.py:2585} INFO - Sync 1 DAGs
[2025-11-23T06:37:56.295+0000] {logging_mixin.py:120} INFO - [2025-11-23T06:37:56.294+0000] {dag.py:3340} INFO - Setting next_dagrun for example_xcom to 2021-01-01T00:00:00+00:00, run_after=2021-01-01T00:00:00+00:00
[2025-11-23T06:37:56.332+0000] {processor.py:176} INFO - Processing /home/airflow/.local/lib/python3.7/site-packages/airflow/example_dags/example_xcom.py took 0.277 seconds
[2025-11-23T06:38:29.859+0000] {processor.py:154} INFO - Started process (PID=485) to work on /home/airflow/.local/lib/python3.7/site-packages/airflow/example_dags/example_xcom.py
[2025-11-23T06:38:29.861+0000] {processor.py:756} INFO - Processing file /home/airflow/.local/lib/python3.7/site-packages/airflow/example_dags/example_xcom.py for tasks to queue
[2025-11-23T06:38:29.863+0000] {logging_mixin.py:120} INFO - [2025-11-23T06:38:29.862+0000] {dagbag.py:537} INFO - Filling up the DagBag from /home/airflow/.local/lib/python3.7/site-packages/airflow/example_dags/example_xcom.py
[2025-11-23T06:38:29.918+0000] {processor.py:766} INFO - DAG(s) dict_keys(['example_xcom']) retrieved from /home/airflow/.local/lib/python3.7/site-packages/airflow/example_dags/example_xcom.py
[2025-11-23T06:38:29.999+0000] {logging_mixin.py:120} INFO - [2025-11-23T06:38:29.999+0000] {dag.py:2585} INFO - Sync 1 DAGs
[2025-11-23T06:38:30.041+0000] {logging_mixin.py:120} INFO - [2025-11-23T06:38:30.040+0000] {dag.py:3340} INFO - Setting next_dagrun for example_xcom to 2021-01-01T00:00:00+00:00, run_after=2021-01-01T00:00:00+00:00
[2025-11-23T06:38:30.080+0000] {processor.py:176} INFO - Processing /home/airflow/.local/lib/python3.7/site-packages/airflow/example_dags/example_xcom.py took 0.229 seconds
[2025-11-23T06:39:00.382+0000] {processor.py:154} INFO - Started process (PID=539) to work on /home/airflow/.local/lib/python3.7/site-packages/airflow/example_dags/example_xcom.py
[2025-11-23T06:39:00.385+0000] {processor.py:756} INFO - Processing file /home/airflow/.local/lib/python3.7/site-packages/airflow/example_dags/example_xcom.py for tasks to queue
[2025-11-23T06:39:00.387+0000] {logging_mixin.py:120} INFO - [2025-11-23T06:39:00.387+0000] {dagbag.py:537} INFO - Filling up the DagBag from /home/airflow/.local/lib/python3.7/site-packages/airflow/example_dags/example_xcom.py
[2025-11-23T06:39:00.437+0000] {processor.py:766} INFO - DAG(s) dict_keys(['example_xcom']) retrieved from /home/airflow/.local/lib/python3.7/site-packages/airflow/example_dags/example_xcom.py
[2025-11-23T06:39:00.516+0000] {logging_mixin.py:120} INFO - [2025-11-23T06:39:00.515+0000] {dag.py:2585} INFO - Sync 1 DAGs
[2025-11-23T06:39:00.558+0000] {logging_mixin.py:120} INFO - [2025-11-23T06:39:00.557+0000] {dag.py:3340} INFO - Setting next_dagrun for example_xcom to 2021-01-01T00:00:00+00:00, run_after=2021-01-01T00:00:00+00:00
[2025-11-23T06:39:00.594+0000] {processor.py:176} INFO - Processing /home/airflow/.local/lib/python3.7/site-packages/airflow/example_dags/example_xcom.py took 0.220 seconds
[2025-11-23T06:39:31.070+0000] {processor.py:154} INFO - Started process (PID=600) to work on /home/airflow/.local/lib/python3.7/site-packages/airflow/example_dags/example_xcom.py
[2025-11-23T06:39:31.074+0000] {processor.py:756} INFO - Processing file /home/airflow/.local/lib/python3.7/site-packages/airflow/example_dags/example_xcom.py for tasks to queue
[2025-11-23T06:39:31.077+0000] {logging_mixin.py:120} INFO - [2025-11-23T06:39:31.077+0000] {dagbag.py:537} INFO - Filling up the DagBag from /home/airflow/.local/lib/python3.7/site-packages/airflow/example_dags/example_xcom.py
[2025-11-23T06:39:31.276+0000] {processor.py:766} INFO - DAG(s) dict_keys(['example_xcom']) retrieved from /home/airflow/.local/lib/python3.7/site-packages/airflow/example_dags/example_xcom.py
[2025-11-23T06:39:31.888+0000] {logging_mixin.py:120} INFO - [2025-11-23T06:39:31.888+0000] {dag.py:2585} INFO - Sync 1 DAGs
[2025-11-23T06:39:32.138+0000] {logging_mixin.py:120} INFO - [2025-11-23T06:39:32.137+0000] {dag.py:3340} INFO - Setting next_dagrun for example_xcom to 2021-01-01T00:00:00+00:00, run_after=2021-01-01T00:00:00+00:00
[2025-11-23T06:39:32.337+0000] {processor.py:176} INFO - Processing /home/airflow/.local/lib/python3.7/site-packages/airflow/example_dags/example_xcom.py took 1.283 seconds
[2025-11-23T06:40:02.523+0000] {processor.py:154} INFO - Started process (PID=658) to work on /home/airflow/.local/lib/python3.7/site-packages/airflow/example_dags/example_xcom.py
[2025-11-23T06:40:02.532+0000] {processor.py:756} INFO - Processing file /home/airflow/.local/lib/python3.7/site-packages/airflow/example_dags/example_xcom.py for tasks to queue
[2025-11-23T06:40:02.535+0000] {logging_mixin.py:120} INFO - [2025-11-23T06:40:02.534+0000] {dagbag.py:537} INFO - Filling up the DagBag from /home/airflow/.local/lib/python3.7/site-packages/airflow/example_dags/example_xcom.py
[2025-11-23T06:40:02.572+0000] {processor.py:766} INFO - DAG(s) dict_keys(['example_xcom']) retrieved from /home/airflow/.local/lib/python3.7/site-packages/airflow/example_dags/example_xcom.py
[2025-11-23T06:40:02.643+0000] {logging_mixin.py:120} INFO - [2025-11-23T06:40:02.642+0000] {dag.py:2585} INFO - Sync 1 DAGs
[2025-11-23T06:40:02.680+0000] {logging_mixin.py:120} INFO - [2025-11-23T06:40:02.680+0000] {dag.py:3340} INFO - Setting next_dagrun for example_xcom to 2021-01-01T00:00:00+00:00, run_after=2021-01-01T00:00:00+00:00
[2025-11-23T06:40:02.718+0000] {processor.py:176} INFO - Processing /home/airflow/.local/lib/python3.7/site-packages/airflow/example_dags/example_xcom.py took 0.200 seconds
[2025-11-23T06:40:33.302+0000] {processor.py:154} INFO - Started process (PID=714) to work on /home/airflow/.local/lib/python3.7/site-packages/airflow/example_dags/example_xcom.py
[2025-11-23T06:40:33.304+0000] {processor.py:756} INFO - Processing file /home/airflow/.local/lib/python3.7/site-packages/airflow/example_dags/example_xcom.py for tasks to queue
[2025-11-23T06:40:33.305+0000] {logging_mixin.py:120} INFO - [2025-11-23T06:40:33.305+0000] {dagbag.py:537} INFO - Filling up the DagBag from /home/airflow/.local/lib/python3.7/site-packages/airflow/example_dags/example_xcom.py
[2025-11-23T06:40:33.333+0000] {processor.py:766} INFO - DAG(s) dict_keys(['example_xcom']) retrieved from /home/airflow/.local/lib/python3.7/site-packages/airflow/example_dags/example_xcom.py
[2025-11-23T06:40:33.409+0000] {logging_mixin.py:120} INFO - [2025-11-23T06:40:33.409+0000] {dag.py:2585} INFO - Sync 1 DAGs
[2025-11-23T06:40:33.446+0000] {logging_mixin.py:120} INFO - [2025-11-23T06:40:33.446+0000] {dag.py:3340} INFO - Setting next_dagrun for example_xcom to 2021-01-01T00:00:00+00:00, run_after=2021-01-01T00:00:00+00:00
[2025-11-23T06:40:33.481+0000] {processor.py:176} INFO - Processing /home/airflow/.local/lib/python3.7/site-packages/airflow/example_dags/example_xcom.py took 0.184 seconds
[2025-11-23T06:41:03.954+0000] {processor.py:154} INFO - Started process (PID=778) to work on /home/airflow/.local/lib/python3.7/site-packages/airflow/example_dags/example_xcom.py
[2025-11-23T06:41:03.958+0000] {processor.py:756} INFO - Processing file /home/airflow/.local/lib/python3.7/site-packages/airflow/example_dags/example_xcom.py for tasks to queue
[2025-11-23T06:41:03.960+0000] {logging_mixin.py:120} INFO - [2025-11-23T06:41:03.960+0000] {dagbag.py:537} INFO - Filling up the DagBag from /home/airflow/.local/lib/python3.7/site-packages/airflow/example_dags/example_xcom.py
[2025-11-23T06:41:04.021+0000] {processor.py:766} INFO - DAG(s) dict_keys(['example_xcom']) retrieved from /home/airflow/.local/lib/python3.7/site-packages/airflow/example_dags/example_xcom.py
[2025-11-23T06:41:04.099+0000] {logging_mixin.py:120} INFO - [2025-11-23T06:41:04.099+0000] {dag.py:2585} INFO - Sync 1 DAGs
[2025-11-23T06:41:04.140+0000] {logging_mixin.py:120} INFO - [2025-11-23T06:41:04.140+0000] {dag.py:3340} INFO - Setting next_dagrun for example_xcom to 2021-01-01T00:00:00+00:00, run_after=2021-01-01T00:00:00+00:00
[2025-11-23T06:41:04.191+0000] {processor.py:176} INFO - Processing /home/airflow/.local/lib/python3.7/site-packages/airflow/example_dags/example_xcom.py took 0.243 seconds
[2025-11-23T06:41:34.851+0000] {processor.py:154} INFO - Started process (PID=834) to work on /home/airflow/.local/lib/python3.7/site-packages/airflow/example_dags/example_xcom.py
[2025-11-23T06:41:34.854+0000] {processor.py:756} INFO - Processing file /home/airflow/.local/lib/python3.7/site-packages/airflow/example_dags/example_xcom.py for tasks to queue
[2025-11-23T06:41:34.855+0000] {logging_mixin.py:120} INFO - [2025-11-23T06:41:34.855+0000] {dagbag.py:537} INFO - Filling up the DagBag from /home/airflow/.local/lib/python3.7/site-packages/airflow/example_dags/example_xcom.py
[2025-11-23T06:41:34.898+0000] {processor.py:766} INFO - DAG(s) dict_keys(['example_xcom']) retrieved from /home/airflow/.local/lib/python3.7/site-packages/airflow/example_dags/example_xcom.py
[2025-11-23T06:41:34.967+0000] {logging_mixin.py:120} INFO - [2025-11-23T06:41:34.967+0000] {dag.py:2585} INFO - Sync 1 DAGs
[2025-11-23T06:41:34.997+0000] {logging_mixin.py:120} INFO - [2025-11-23T06:41:34.997+0000] {dag.py:3340} INFO - Setting next_dagrun for example_xcom to 2021-01-01T00:00:00+00:00, run_after=2021-01-01T00:00:00+00:00
[2025-11-23T06:41:35.034+0000] {processor.py:176} INFO - Processing /home/airflow/.local/lib/python3.7/site-packages/airflow/example_dags/example_xcom.py took 0.187 seconds
[2025-11-23T06:42:05.356+0000] {processor.py:154} INFO - Started process (PID=899) to work on /home/airflow/.local/lib/python3.7/site-packages/airflow/example_dags/example_xcom.py
[2025-11-23T06:42:05.358+0000] {processor.py:756} INFO - Processing file /home/airflow/.local/lib/python3.7/site-packages/airflow/example_dags/example_xcom.py for tasks to queue
[2025-11-23T06:42:05.360+0000] {logging_mixin.py:120} INFO - [2025-11-23T06:42:05.359+0000] {dagbag.py:537} INFO - Filling up the DagBag from /home/airflow/.local/lib/python3.7/site-packages/airflow/example_dags/example_xcom.py
[2025-11-23T06:42:05.401+0000] {processor.py:766} INFO - DAG(s) dict_keys(['example_xcom']) retrieved from /home/airflow/.local/lib/python3.7/site-packages/airflow/example_dags/example_xcom.py
[2025-11-23T06:42:05.517+0000] {logging_mixin.py:120} INFO - [2025-11-23T06:42:05.516+0000] {dag.py:2585} INFO - Sync 1 DAGs
[2025-11-23T06:42:05.598+0000] {logging_mixin.py:120} INFO - [2025-11-23T06:42:05.598+0000] {dag.py:3340} INFO - Setting next_dagrun for example_xcom to 2021-01-01T00:00:00+00:00, run_after=2021-01-01T00:00:00+00:00
[2025-11-23T06:42:05.636+0000] {processor.py:176} INFO - Processing /home/airflow/.local/lib/python3.7/site-packages/airflow/example_dags/example_xcom.py took 0.286 seconds
[2025-11-23T06:42:36.202+0000] {processor.py:154} INFO - Started process (PID=956) to work on /home/airflow/.local/lib/python3.7/site-packages/airflow/example_dags/example_xcom.py
[2025-11-23T06:42:36.204+0000] {processor.py:756} INFO - Processing file /home/airflow/.local/lib/python3.7/site-packages/airflow/example_dags/example_xcom.py for tasks to queue
[2025-11-23T06:42:36.205+0000] {logging_mixin.py:120} INFO - [2025-11-23T06:42:36.205+0000] {dagbag.py:537} INFO - Filling up the DagBag from /home/airflow/.local/lib/python3.7/site-packages/airflow/example_dags/example_xcom.py
[2025-11-23T06:42:36.241+0000] {processor.py:766} INFO - DAG(s) dict_keys(['example_xcom']) retrieved from /home/airflow/.local/lib/python3.7/site-packages/airflow/example_dags/example_xcom.py
[2025-11-23T06:42:36.309+0000] {logging_mixin.py:120} INFO - [2025-11-23T06:42:36.309+0000] {dag.py:2585} INFO - Sync 1 DAGs
[2025-11-23T06:42:36.358+0000] {logging_mixin.py:120} INFO - [2025-11-23T06:42:36.357+0000] {dag.py:3340} INFO - Setting next_dagrun for example_xcom to 2021-01-01T00:00:00+00:00, run_after=2021-01-01T00:00:00+00:00
[2025-11-23T06:42:36.388+0000] {processor.py:176} INFO - Processing /home/airflow/.local/lib/python3.7/site-packages/airflow/example_dags/example_xcom.py took 0.191 seconds
[2025-11-23T06:43:06.568+0000] {processor.py:154} INFO - Started process (PID=1022) to work on /home/airflow/.local/lib/python3.7/site-packages/airflow/example_dags/example_xcom.py
[2025-11-23T06:43:06.570+0000] {processor.py:756} INFO - Processing file /home/airflow/.local/lib/python3.7/site-packages/airflow/example_dags/example_xcom.py for tasks to queue
[2025-11-23T06:43:06.573+0000] {logging_mixin.py:120} INFO - [2025-11-23T06:43:06.573+0000] {dagbag.py:537} INFO - Filling up the DagBag from /home/airflow/.local/lib/python3.7/site-packages/airflow/example_dags/example_xcom.py
[2025-11-23T06:43:06.611+0000] {processor.py:766} INFO - DAG(s) dict_keys(['example_xcom']) retrieved from /home/airflow/.local/lib/python3.7/site-packages/airflow/example_dags/example_xcom.py
[2025-11-23T06:43:06.676+0000] {logging_mixin.py:120} INFO - [2025-11-23T06:43:06.676+0000] {dag.py:2585} INFO - Sync 1 DAGs
[2025-11-23T06:43:06.713+0000] {logging_mixin.py:120} INFO - [2025-11-23T06:43:06.713+0000] {dag.py:3340} INFO - Setting next_dagrun for example_xcom to 2021-01-01T00:00:00+00:00, run_after=2021-01-01T00:00:00+00:00
[2025-11-23T06:43:06.745+0000] {processor.py:176} INFO - Processing /home/airflow/.local/lib/python3.7/site-packages/airflow/example_dags/example_xcom.py took 0.184 seconds
[2025-11-23T06:43:37.608+0000] {processor.py:154} INFO - Started process (PID=1079) to work on /home/airflow/.local/lib/python3.7/site-packages/airflow/example_dags/example_xcom.py
[2025-11-23T06:43:37.609+0000] {processor.py:756} INFO - Processing file /home/airflow/.local/lib/python3.7/site-packages/airflow/example_dags/example_xcom.py for tasks to queue
[2025-11-23T06:43:37.611+0000] {logging_mixin.py:120} INFO - [2025-11-23T06:43:37.610+0000] {dagbag.py:537} INFO - Filling up the DagBag from /home/airflow/.local/lib/python3.7/site-packages/airflow/example_dags/example_xcom.py
[2025-11-23T06:43:37.642+0000] {processor.py:766} INFO - DAG(s) dict_keys(['example_xcom']) retrieved from /home/airflow/.local/lib/python3.7/site-packages/airflow/example_dags/example_xcom.py
[2025-11-23T06:43:37.703+0000] {logging_mixin.py:120} INFO - [2025-11-23T06:43:37.703+0000] {dag.py:2585} INFO - Sync 1 DAGs
[2025-11-23T06:43:37.736+0000] {logging_mixin.py:120} INFO - [2025-11-23T06:43:37.736+0000] {dag.py:3340} INFO - Setting next_dagrun for example_xcom to 2021-01-01T00:00:00+00:00, run_after=2021-01-01T00:00:00+00:00
[2025-11-23T06:43:37.766+0000] {processor.py:176} INFO - Processing /home/airflow/.local/lib/python3.7/site-packages/airflow/example_dags/example_xcom.py took 0.162 seconds
[2025-11-23T06:44:07.978+0000] {processor.py:154} INFO - Started process (PID=1144) to work on /home/airflow/.local/lib/python3.7/site-packages/airflow/example_dags/example_xcom.py
[2025-11-23T06:44:07.979+0000] {processor.py:756} INFO - Processing file /home/airflow/.local/lib/python3.7/site-packages/airflow/example_dags/example_xcom.py for tasks to queue
[2025-11-23T06:44:07.980+0000] {logging_mixin.py:120} INFO - [2025-11-23T06:44:07.980+0000] {dagbag.py:537} INFO - Filling up the DagBag from /home/airflow/.local/lib/python3.7/site-packages/airflow/example_dags/example_xcom.py
[2025-11-23T06:44:08.015+0000] {processor.py:766} INFO - DAG(s) dict_keys(['example_xcom']) retrieved from /home/airflow/.local/lib/python3.7/site-packages/airflow/example_dags/example_xcom.py
[2025-11-23T06:44:08.074+0000] {logging_mixin.py:120} INFO - [2025-11-23T06:44:08.074+0000] {dag.py:2585} INFO - Sync 1 DAGs
[2025-11-23T06:44:08.106+0000] {logging_mixin.py:120} INFO - [2025-11-23T06:44:08.105+0000] {dag.py:3340} INFO - Setting next_dagrun for example_xcom to 2021-01-01T00:00:00+00:00, run_after=2021-01-01T00:00:00+00:00
[2025-11-23T06:44:08.136+0000] {processor.py:176} INFO - Processing /home/airflow/.local/lib/python3.7/site-packages/airflow/example_dags/example_xcom.py took 0.163 seconds
[2025-11-23T06:44:38.249+0000] {processor.py:154} INFO - Started process (PID=1199) to work on /home/airflow/.local/lib/python3.7/site-packages/airflow/example_dags/example_xcom.py
[2025-11-23T06:44:38.250+0000] {processor.py:756} INFO - Processing file /home/airflow/.local/lib/python3.7/site-packages/airflow/example_dags/example_xcom.py for tasks to queue
[2025-11-23T06:44:38.251+0000] {logging_mixin.py:120} INFO - [2025-11-23T06:44:38.251+0000] {dagbag.py:537} INFO - Filling up the DagBag from /home/airflow/.local/lib/python3.7/site-packages/airflow/example_dags/example_xcom.py
[2025-11-23T06:44:38.279+0000] {processor.py:766} INFO - DAG(s) dict_keys(['example_xcom']) retrieved from /home/airflow/.local/lib/python3.7/site-packages/airflow/example_dags/example_xcom.py
[2025-11-23T06:44:38.362+0000] {logging_mixin.py:120} INFO - [2025-11-23T06:44:38.362+0000] {dag.py:2585} INFO - Sync 1 DAGs
[2025-11-23T06:44:38.404+0000] {logging_mixin.py:120} INFO - [2025-11-23T06:44:38.404+0000] {dag.py:3340} INFO - Setting next_dagrun for example_xcom to 2021-01-01T00:00:00+00:00, run_after=2021-01-01T00:00:00+00:00
[2025-11-23T06:44:38.451+0000] {processor.py:176} INFO - Processing /home/airflow/.local/lib/python3.7/site-packages/airflow/example_dags/example_xcom.py took 0.206 seconds
[2025-11-23T06:45:09.167+0000] {processor.py:154} INFO - Started process (PID=1263) to work on /home/airflow/.local/lib/python3.7/site-packages/airflow/example_dags/example_xcom.py
[2025-11-23T06:45:09.168+0000] {processor.py:756} INFO - Processing file /home/airflow/.local/lib/python3.7/site-packages/airflow/example_dags/example_xcom.py for tasks to queue
[2025-11-23T06:45:09.169+0000] {logging_mixin.py:120} INFO - [2025-11-23T06:45:09.169+0000] {dagbag.py:537} INFO - Filling up the DagBag from /home/airflow/.local/lib/python3.7/site-packages/airflow/example_dags/example_xcom.py
[2025-11-23T06:45:09.214+0000] {processor.py:766} INFO - DAG(s) dict_keys(['example_xcom']) retrieved from /home/airflow/.local/lib/python3.7/site-packages/airflow/example_dags/example_xcom.py
[2025-11-23T06:45:09.315+0000] {logging_mixin.py:120} INFO - [2025-11-23T06:45:09.315+0000] {dag.py:2585} INFO - Sync 1 DAGs
[2025-11-23T06:45:09.430+0000] {logging_mixin.py:120} INFO - [2025-11-23T06:45:09.430+0000] {dag.py:3340} INFO - Setting next_dagrun for example_xcom to 2021-01-01T00:00:00+00:00, run_after=2021-01-01T00:00:00+00:00
[2025-11-23T06:45:09.484+0000] {processor.py:176} INFO - Processing /home/airflow/.local/lib/python3.7/site-packages/airflow/example_dags/example_xcom.py took 0.322 seconds
[2025-11-23T06:45:39.872+0000] {processor.py:154} INFO - Started process (PID=1319) to work on /home/airflow/.local/lib/python3.7/site-packages/airflow/example_dags/example_xcom.py
[2025-11-23T06:45:39.874+0000] {processor.py:756} INFO - Processing file /home/airflow/.local/lib/python3.7/site-packages/airflow/example_dags/example_xcom.py for tasks to queue
[2025-11-23T06:45:39.876+0000] {logging_mixin.py:120} INFO - [2025-11-23T06:45:39.875+0000] {dagbag.py:537} INFO - Filling up the DagBag from /home/airflow/.local/lib/python3.7/site-packages/airflow/example_dags/example_xcom.py
[2025-11-23T06:45:39.924+0000] {processor.py:766} INFO - DAG(s) dict_keys(['example_xcom']) retrieved from /home/airflow/.local/lib/python3.7/site-packages/airflow/example_dags/example_xcom.py
[2025-11-23T06:45:39.993+0000] {logging_mixin.py:120} INFO - [2025-11-23T06:45:39.993+0000] {dag.py:2585} INFO - Sync 1 DAGs
[2025-11-23T06:45:40.036+0000] {logging_mixin.py:120} INFO - [2025-11-23T06:45:40.034+0000] {dag.py:3340} INFO - Setting next_dagrun for example_xcom to 2021-01-01T00:00:00+00:00, run_after=2021-01-01T00:00:00+00:00
[2025-11-23T06:45:40.074+0000] {processor.py:176} INFO - Processing /home/airflow/.local/lib/python3.7/site-packages/airflow/example_dags/example_xcom.py took 0.209 seconds
[2025-11-23T06:46:10.166+0000] {processor.py:154} INFO - Started process (PID=1385) to work on /home/airflow/.local/lib/python3.7/site-packages/airflow/example_dags/example_xcom.py
[2025-11-23T06:46:10.167+0000] {processor.py:756} INFO - Processing file /home/airflow/.local/lib/python3.7/site-packages/airflow/example_dags/example_xcom.py for tasks to queue
[2025-11-23T06:46:10.168+0000] {logging_mixin.py:120} INFO - [2025-11-23T06:46:10.168+0000] {dagbag.py:537} INFO - Filling up the DagBag from /home/airflow/.local/lib/python3.7/site-packages/airflow/example_dags/example_xcom.py
[2025-11-23T06:46:10.194+0000] {processor.py:766} INFO - DAG(s) dict_keys(['example_xcom']) retrieved from /home/airflow/.local/lib/python3.7/site-packages/airflow/example_dags/example_xcom.py
[2025-11-23T06:46:10.245+0000] {logging_mixin.py:120} INFO - [2025-11-23T06:46:10.245+0000] {dag.py:2585} INFO - Sync 1 DAGs
[2025-11-23T06:46:10.278+0000] {logging_mixin.py:120} INFO - [2025-11-23T06:46:10.278+0000] {dag.py:3340} INFO - Setting next_dagrun for example_xcom to 2021-01-01T00:00:00+00:00, run_after=2021-01-01T00:00:00+00:00
[2025-11-23T06:46:10.310+0000] {processor.py:176} INFO - Processing /home/airflow/.local/lib/python3.7/site-packages/airflow/example_dags/example_xcom.py took 0.149 seconds
[2025-11-23T06:46:41.076+0000] {processor.py:154} INFO - Started process (PID=1440) to work on /home/airflow/.local/lib/python3.7/site-packages/airflow/example_dags/example_xcom.py
[2025-11-23T06:46:41.078+0000] {processor.py:756} INFO - Processing file /home/airflow/.local/lib/python3.7/site-packages/airflow/example_dags/example_xcom.py for tasks to queue
[2025-11-23T06:46:41.080+0000] {logging_mixin.py:120} INFO - [2025-11-23T06:46:41.079+0000] {dagbag.py:537} INFO - Filling up the DagBag from /home/airflow/.local/lib/python3.7/site-packages/airflow/example_dags/example_xcom.py
[2025-11-23T06:46:41.130+0000] {processor.py:766} INFO - DAG(s) dict_keys(['example_xcom']) retrieved from /home/airflow/.local/lib/python3.7/site-packages/airflow/example_dags/example_xcom.py
[2025-11-23T06:46:41.229+0000] {logging_mixin.py:120} INFO - [2025-11-23T06:46:41.229+0000] {dag.py:2585} INFO - Sync 1 DAGs
[2025-11-23T06:46:41.297+0000] {logging_mixin.py:120} INFO - [2025-11-23T06:46:41.297+0000] {dag.py:3340} INFO - Setting next_dagrun for example_xcom to 2021-01-01T00:00:00+00:00, run_after=2021-01-01T00:00:00+00:00
[2025-11-23T06:46:41.397+0000] {processor.py:176} INFO - Processing /home/airflow/.local/lib/python3.7/site-packages/airflow/example_dags/example_xcom.py took 0.326 seconds
[2025-11-23T06:47:11.775+0000] {processor.py:154} INFO - Started process (PID=1506) to work on /home/airflow/.local/lib/python3.7/site-packages/airflow/example_dags/example_xcom.py
[2025-11-23T06:47:11.776+0000] {processor.py:756} INFO - Processing file /home/airflow/.local/lib/python3.7/site-packages/airflow/example_dags/example_xcom.py for tasks to queue
[2025-11-23T06:47:11.778+0000] {logging_mixin.py:120} INFO - [2025-11-23T06:47:11.778+0000] {dagbag.py:537} INFO - Filling up the DagBag from /home/airflow/.local/lib/python3.7/site-packages/airflow/example_dags/example_xcom.py
[2025-11-23T06:47:11.828+0000] {processor.py:766} INFO - DAG(s) dict_keys(['example_xcom']) retrieved from /home/airflow/.local/lib/python3.7/site-packages/airflow/example_dags/example_xcom.py
[2025-11-23T06:47:11.940+0000] {logging_mixin.py:120} INFO - [2025-11-23T06:47:11.940+0000] {dag.py:2585} INFO - Sync 1 DAGs
[2025-11-23T06:47:11.980+0000] {logging_mixin.py:120} INFO - [2025-11-23T06:47:11.980+0000] {dag.py:3340} INFO - Setting next_dagrun for example_xcom to 2021-01-01T00:00:00+00:00, run_after=2021-01-01T00:00:00+00:00
[2025-11-23T06:47:12.013+0000] {processor.py:176} INFO - Processing /home/airflow/.local/lib/python3.7/site-packages/airflow/example_dags/example_xcom.py took 0.243 seconds
[2025-11-23T06:47:42.421+0000] {processor.py:154} INFO - Started process (PID=1562) to work on /home/airflow/.local/lib/python3.7/site-packages/airflow/example_dags/example_xcom.py
[2025-11-23T06:47:42.423+0000] {processor.py:756} INFO - Processing file /home/airflow/.local/lib/python3.7/site-packages/airflow/example_dags/example_xcom.py for tasks to queue
[2025-11-23T06:47:42.424+0000] {logging_mixin.py:120} INFO - [2025-11-23T06:47:42.424+0000] {dagbag.py:537} INFO - Filling up the DagBag from /home/airflow/.local/lib/python3.7/site-packages/airflow/example_dags/example_xcom.py
[2025-11-23T06:47:42.459+0000] {processor.py:766} INFO - DAG(s) dict_keys(['example_xcom']) retrieved from /home/airflow/.local/lib/python3.7/site-packages/airflow/example_dags/example_xcom.py
[2025-11-23T06:47:42.518+0000] {logging_mixin.py:120} INFO - [2025-11-23T06:47:42.518+0000] {dag.py:2585} INFO - Sync 1 DAGs
[2025-11-23T06:47:42.546+0000] {logging_mixin.py:120} INFO - [2025-11-23T06:47:42.545+0000] {dag.py:3340} INFO - Setting next_dagrun for example_xcom to 2021-01-01T00:00:00+00:00, run_after=2021-01-01T00:00:00+00:00
[2025-11-23T06:47:42.585+0000] {processor.py:176} INFO - Processing /home/airflow/.local/lib/python3.7/site-packages/airflow/example_dags/example_xcom.py took 0.173 seconds
[2025-11-23T06:48:12.884+0000] {processor.py:154} INFO - Started process (PID=1627) to work on /home/airflow/.local/lib/python3.7/site-packages/airflow/example_dags/example_xcom.py
[2025-11-23T06:48:12.896+0000] {processor.py:756} INFO - Processing file /home/airflow/.local/lib/python3.7/site-packages/airflow/example_dags/example_xcom.py for tasks to queue
[2025-11-23T06:48:12.910+0000] {logging_mixin.py:120} INFO - [2025-11-23T06:48:12.909+0000] {dagbag.py:537} INFO - Filling up the DagBag from /home/airflow/.local/lib/python3.7/site-packages/airflow/example_dags/example_xcom.py
[2025-11-23T06:48:12.966+0000] {processor.py:766} INFO - DAG(s) dict_keys(['example_xcom']) retrieved from /home/airflow/.local/lib/python3.7/site-packages/airflow/example_dags/example_xcom.py
[2025-11-23T06:48:13.052+0000] {logging_mixin.py:120} INFO - [2025-11-23T06:48:13.052+0000] {dag.py:2585} INFO - Sync 1 DAGs
[2025-11-23T06:48:13.127+0000] {logging_mixin.py:120} INFO - [2025-11-23T06:48:13.127+0000] {dag.py:3340} INFO - Setting next_dagrun for example_xcom to 2021-01-01T00:00:00+00:00, run_after=2021-01-01T00:00:00+00:00
[2025-11-23T06:48:13.223+0000] {processor.py:176} INFO - Processing /home/airflow/.local/lib/python3.7/site-packages/airflow/example_dags/example_xcom.py took 0.345 seconds
[2025-11-23T06:48:43.377+0000] {processor.py:154} INFO - Started process (PID=1683) to work on /home/airflow/.local/lib/python3.7/site-packages/airflow/example_dags/example_xcom.py
[2025-11-23T06:48:43.379+0000] {processor.py:756} INFO - Processing file /home/airflow/.local/lib/python3.7/site-packages/airflow/example_dags/example_xcom.py for tasks to queue
[2025-11-23T06:48:43.381+0000] {logging_mixin.py:120} INFO - [2025-11-23T06:48:43.380+0000] {dagbag.py:537} INFO - Filling up the DagBag from /home/airflow/.local/lib/python3.7/site-packages/airflow/example_dags/example_xcom.py
[2025-11-23T06:48:43.430+0000] {processor.py:766} INFO - DAG(s) dict_keys(['example_xcom']) retrieved from /home/airflow/.local/lib/python3.7/site-packages/airflow/example_dags/example_xcom.py
[2025-11-23T06:48:43.490+0000] {logging_mixin.py:120} INFO - [2025-11-23T06:48:43.490+0000] {dag.py:2585} INFO - Sync 1 DAGs
[2025-11-23T06:48:43.520+0000] {logging_mixin.py:120} INFO - [2025-11-23T06:48:43.520+0000] {dag.py:3340} INFO - Setting next_dagrun for example_xcom to 2021-01-01T00:00:00+00:00, run_after=2021-01-01T00:00:00+00:00
[2025-11-23T06:48:43.555+0000] {processor.py:176} INFO - Processing /home/airflow/.local/lib/python3.7/site-packages/airflow/example_dags/example_xcom.py took 0.184 seconds
[2025-11-23T06:49:13.849+0000] {processor.py:154} INFO - Started process (PID=1739) to work on /home/airflow/.local/lib/python3.7/site-packages/airflow/example_dags/example_xcom.py
[2025-11-23T06:49:13.850+0000] {processor.py:756} INFO - Processing file /home/airflow/.local/lib/python3.7/site-packages/airflow/example_dags/example_xcom.py for tasks to queue
[2025-11-23T06:49:13.852+0000] {logging_mixin.py:120} INFO - [2025-11-23T06:49:13.852+0000] {dagbag.py:537} INFO - Filling up the DagBag from /home/airflow/.local/lib/python3.7/site-packages/airflow/example_dags/example_xcom.py
[2025-11-23T06:49:13.894+0000] {processor.py:766} INFO - DAG(s) dict_keys(['example_xcom']) retrieved from /home/airflow/.local/lib/python3.7/site-packages/airflow/example_dags/example_xcom.py
[2025-11-23T06:49:13.951+0000] {logging_mixin.py:120} INFO - [2025-11-23T06:49:13.950+0000] {dag.py:2585} INFO - Sync 1 DAGs
[2025-11-23T06:49:13.984+0000] {logging_mixin.py:120} INFO - [2025-11-23T06:49:13.983+0000] {dag.py:3340} INFO - Setting next_dagrun for example_xcom to 2021-01-01T00:00:00+00:00, run_after=2021-01-01T00:00:00+00:00
[2025-11-23T06:49:14.015+0000] {processor.py:176} INFO - Processing /home/airflow/.local/lib/python3.7/site-packages/airflow/example_dags/example_xcom.py took 0.172 seconds
[2025-11-23T06:49:44.361+0000] {processor.py:154} INFO - Started process (PID=1805) to work on /home/airflow/.local/lib/python3.7/site-packages/airflow/example_dags/example_xcom.py
[2025-11-23T06:49:44.369+0000] {processor.py:756} INFO - Processing file /home/airflow/.local/lib/python3.7/site-packages/airflow/example_dags/example_xcom.py for tasks to queue
[2025-11-23T06:49:44.395+0000] {logging_mixin.py:120} INFO - [2025-11-23T06:49:44.395+0000] {dagbag.py:537} INFO - Filling up the DagBag from /home/airflow/.local/lib/python3.7/site-packages/airflow/example_dags/example_xcom.py
[2025-11-23T06:49:44.495+0000] {processor.py:766} INFO - DAG(s) dict_keys(['example_xcom']) retrieved from /home/airflow/.local/lib/python3.7/site-packages/airflow/example_dags/example_xcom.py
[2025-11-23T06:49:44.588+0000] {logging_mixin.py:120} INFO - [2025-11-23T06:49:44.588+0000] {dag.py:2585} INFO - Sync 1 DAGs
[2025-11-23T06:49:44.654+0000] {logging_mixin.py:120} INFO - [2025-11-23T06:49:44.654+0000] {dag.py:3340} INFO - Setting next_dagrun for example_xcom to 2021-01-01T00:00:00+00:00, run_after=2021-01-01T00:00:00+00:00
[2025-11-23T06:49:44.695+0000] {processor.py:176} INFO - Processing /home/airflow/.local/lib/python3.7/site-packages/airflow/example_dags/example_xcom.py took 0.344 seconds
[2025-11-23T06:50:15.530+0000] {processor.py:154} INFO - Started process (PID=1862) to work on /home/airflow/.local/lib/python3.7/site-packages/airflow/example_dags/example_xcom.py
[2025-11-23T06:50:15.531+0000] {processor.py:756} INFO - Processing file /home/airflow/.local/lib/python3.7/site-packages/airflow/example_dags/example_xcom.py for tasks to queue
[2025-11-23T06:50:15.532+0000] {logging_mixin.py:120} INFO - [2025-11-23T06:50:15.532+0000] {dagbag.py:537} INFO - Filling up the DagBag from /home/airflow/.local/lib/python3.7/site-packages/airflow/example_dags/example_xcom.py
[2025-11-23T06:50:15.572+0000] {processor.py:766} INFO - DAG(s) dict_keys(['example_xcom']) retrieved from /home/airflow/.local/lib/python3.7/site-packages/airflow/example_dags/example_xcom.py
[2025-11-23T06:50:15.665+0000] {logging_mixin.py:120} INFO - [2025-11-23T06:50:15.665+0000] {dag.py:2585} INFO - Sync 1 DAGs
[2025-11-23T06:50:15.712+0000] {logging_mixin.py:120} INFO - [2025-11-23T06:50:15.712+0000] {dag.py:3340} INFO - Setting next_dagrun for example_xcom to 2021-01-01T00:00:00+00:00, run_after=2021-01-01T00:00:00+00:00
[2025-11-23T06:50:15.750+0000] {processor.py:176} INFO - Processing /home/airflow/.local/lib/python3.7/site-packages/airflow/example_dags/example_xcom.py took 0.225 seconds
[2025-11-23T06:50:46.179+0000] {processor.py:154} INFO - Started process (PID=1928) to work on /home/airflow/.local/lib/python3.7/site-packages/airflow/example_dags/example_xcom.py
[2025-11-23T06:50:46.181+0000] {processor.py:756} INFO - Processing file /home/airflow/.local/lib/python3.7/site-packages/airflow/example_dags/example_xcom.py for tasks to queue
[2025-11-23T06:50:46.183+0000] {logging_mixin.py:120} INFO - [2025-11-23T06:50:46.183+0000] {dagbag.py:537} INFO - Filling up the DagBag from /home/airflow/.local/lib/python3.7/site-packages/airflow/example_dags/example_xcom.py
[2025-11-23T06:50:46.248+0000] {processor.py:766} INFO - DAG(s) dict_keys(['example_xcom']) retrieved from /home/airflow/.local/lib/python3.7/site-packages/airflow/example_dags/example_xcom.py
[2025-11-23T06:50:46.317+0000] {logging_mixin.py:120} INFO - [2025-11-23T06:50:46.316+0000] {dag.py:2585} INFO - Sync 1 DAGs
[2025-11-23T06:50:46.371+0000] {logging_mixin.py:120} INFO - [2025-11-23T06:50:46.371+0000] {dag.py:3340} INFO - Setting next_dagrun for example_xcom to 2021-01-01T00:00:00+00:00, run_after=2021-01-01T00:00:00+00:00
[2025-11-23T06:50:46.424+0000] {processor.py:176} INFO - Processing /home/airflow/.local/lib/python3.7/site-packages/airflow/example_dags/example_xcom.py took 0.252 seconds
[2025-11-23T06:51:16.641+0000] {processor.py:154} INFO - Started process (PID=1984) to work on /home/airflow/.local/lib/python3.7/site-packages/airflow/example_dags/example_xcom.py
[2025-11-23T06:51:16.643+0000] {processor.py:756} INFO - Processing file /home/airflow/.local/lib/python3.7/site-packages/airflow/example_dags/example_xcom.py for tasks to queue
[2025-11-23T06:51:16.644+0000] {logging_mixin.py:120} INFO - [2025-11-23T06:51:16.644+0000] {dagbag.py:537} INFO - Filling up the DagBag from /home/airflow/.local/lib/python3.7/site-packages/airflow/example_dags/example_xcom.py
[2025-11-23T06:51:16.681+0000] {processor.py:766} INFO - DAG(s) dict_keys(['example_xcom']) retrieved from /home/airflow/.local/lib/python3.7/site-packages/airflow/example_dags/example_xcom.py
[2025-11-23T06:51:16.740+0000] {logging_mixin.py:120} INFO - [2025-11-23T06:51:16.740+0000] {dag.py:2585} INFO - Sync 1 DAGs
[2025-11-23T06:51:16.780+0000] {logging_mixin.py:120} INFO - [2025-11-23T06:51:16.780+0000] {dag.py:3340} INFO - Setting next_dagrun for example_xcom to 2021-01-01T00:00:00+00:00, run_after=2021-01-01T00:00:00+00:00
[2025-11-23T06:51:16.820+0000] {processor.py:176} INFO - Processing /home/airflow/.local/lib/python3.7/site-packages/airflow/example_dags/example_xcom.py took 0.184 seconds
[2025-11-23T06:51:47.225+0000] {processor.py:154} INFO - Started process (PID=2050) to work on /home/airflow/.local/lib/python3.7/site-packages/airflow/example_dags/example_xcom.py
[2025-11-23T06:51:47.226+0000] {processor.py:756} INFO - Processing file /home/airflow/.local/lib/python3.7/site-packages/airflow/example_dags/example_xcom.py for tasks to queue
[2025-11-23T06:51:47.228+0000] {logging_mixin.py:120} INFO - [2025-11-23T06:51:47.228+0000] {dagbag.py:537} INFO - Filling up the DagBag from /home/airflow/.local/lib/python3.7/site-packages/airflow/example_dags/example_xcom.py
[2025-11-23T06:51:47.268+0000] {processor.py:766} INFO - DAG(s) dict_keys(['example_xcom']) retrieved from /home/airflow/.local/lib/python3.7/site-packages/airflow/example_dags/example_xcom.py
[2025-11-23T06:51:47.356+0000] {logging_mixin.py:120} INFO - [2025-11-23T06:51:47.356+0000] {dag.py:2585} INFO - Sync 1 DAGs
[2025-11-23T06:51:47.397+0000] {logging_mixin.py:120} INFO - [2025-11-23T06:51:47.397+0000] {dag.py:3340} INFO - Setting next_dagrun for example_xcom to 2021-01-01T00:00:00+00:00, run_after=2021-01-01T00:00:00+00:00
[2025-11-23T06:51:47.440+0000] {processor.py:176} INFO - Processing /home/airflow/.local/lib/python3.7/site-packages/airflow/example_dags/example_xcom.py took 0.227 seconds
[2025-11-23T06:52:17.753+0000] {processor.py:154} INFO - Started process (PID=2107) to work on /home/airflow/.local/lib/python3.7/site-packages/airflow/example_dags/example_xcom.py
[2025-11-23T06:52:17.754+0000] {processor.py:756} INFO - Processing file /home/airflow/.local/lib/python3.7/site-packages/airflow/example_dags/example_xcom.py for tasks to queue
[2025-11-23T06:52:17.755+0000] {logging_mixin.py:120} INFO - [2025-11-23T06:52:17.755+0000] {dagbag.py:537} INFO - Filling up the DagBag from /home/airflow/.local/lib/python3.7/site-packages/airflow/example_dags/example_xcom.py
[2025-11-23T06:52:17.790+0000] {processor.py:766} INFO - DAG(s) dict_keys(['example_xcom']) retrieved from /home/airflow/.local/lib/python3.7/site-packages/airflow/example_dags/example_xcom.py
[2025-11-23T06:52:17.860+0000] {logging_mixin.py:120} INFO - [2025-11-23T06:52:17.859+0000] {dag.py:2585} INFO - Sync 1 DAGs
[2025-11-23T06:52:17.905+0000] {logging_mixin.py:120} INFO - [2025-11-23T06:52:17.905+0000] {dag.py:3340} INFO - Setting next_dagrun for example_xcom to 2021-01-01T00:00:00+00:00, run_after=2021-01-01T00:00:00+00:00
[2025-11-23T06:52:17.941+0000] {processor.py:176} INFO - Processing /home/airflow/.local/lib/python3.7/site-packages/airflow/example_dags/example_xcom.py took 0.193 seconds
[2025-11-23T06:52:48.202+0000] {processor.py:154} INFO - Started process (PID=2170) to work on /home/airflow/.local/lib/python3.7/site-packages/airflow/example_dags/example_xcom.py
[2025-11-23T06:52:48.203+0000] {processor.py:756} INFO - Processing file /home/airflow/.local/lib/python3.7/site-packages/airflow/example_dags/example_xcom.py for tasks to queue
[2025-11-23T06:52:48.205+0000] {logging_mixin.py:120} INFO - [2025-11-23T06:52:48.205+0000] {dagbag.py:537} INFO - Filling up the DagBag from /home/airflow/.local/lib/python3.7/site-packages/airflow/example_dags/example_xcom.py
[2025-11-23T06:52:48.359+0000] {processor.py:766} INFO - DAG(s) dict_keys(['example_xcom']) retrieved from /home/airflow/.local/lib/python3.7/site-packages/airflow/example_dags/example_xcom.py
[2025-11-23T06:52:48.612+0000] {logging_mixin.py:120} INFO - [2025-11-23T06:52:48.611+0000] {dag.py:2585} INFO - Sync 1 DAGs
[2025-11-23T06:52:48.758+0000] {logging_mixin.py:120} INFO - [2025-11-23T06:52:48.758+0000] {dag.py:3340} INFO - Setting next_dagrun for example_xcom to 2021-01-01T00:00:00+00:00, run_after=2021-01-01T00:00:00+00:00
[2025-11-23T06:52:48.807+0000] {processor.py:176} INFO - Processing /home/airflow/.local/lib/python3.7/site-packages/airflow/example_dags/example_xcom.py took 0.663 seconds
[2025-11-23T06:53:19.551+0000] {processor.py:154} INFO - Started process (PID=2227) to work on /home/airflow/.local/lib/python3.7/site-packages/airflow/example_dags/example_xcom.py
[2025-11-23T06:53:19.553+0000] {processor.py:756} INFO - Processing file /home/airflow/.local/lib/python3.7/site-packages/airflow/example_dags/example_xcom.py for tasks to queue
[2025-11-23T06:53:19.555+0000] {logging_mixin.py:120} INFO - [2025-11-23T06:53:19.555+0000] {dagbag.py:537} INFO - Filling up the DagBag from /home/airflow/.local/lib/python3.7/site-packages/airflow/example_dags/example_xcom.py
[2025-11-23T06:53:19.615+0000] {processor.py:766} INFO - DAG(s) dict_keys(['example_xcom']) retrieved from /home/airflow/.local/lib/python3.7/site-packages/airflow/example_dags/example_xcom.py
[2025-11-23T06:53:19.699+0000] {logging_mixin.py:120} INFO - [2025-11-23T06:53:19.699+0000] {dag.py:2585} INFO - Sync 1 DAGs
[2025-11-23T06:53:19.763+0000] {logging_mixin.py:120} INFO - [2025-11-23T06:53:19.762+0000] {dag.py:3340} INFO - Setting next_dagrun for example_xcom to 2021-01-01T00:00:00+00:00, run_after=2021-01-01T00:00:00+00:00
[2025-11-23T06:53:19.853+0000] {processor.py:176} INFO - Processing /home/airflow/.local/lib/python3.7/site-packages/airflow/example_dags/example_xcom.py took 0.309 seconds
[2025-11-23T06:53:50.195+0000] {processor.py:154} INFO - Started process (PID=2283) to work on /home/airflow/.local/lib/python3.7/site-packages/airflow/example_dags/example_xcom.py
[2025-11-23T06:53:50.197+0000] {processor.py:756} INFO - Processing file /home/airflow/.local/lib/python3.7/site-packages/airflow/example_dags/example_xcom.py for tasks to queue
[2025-11-23T06:53:50.199+0000] {logging_mixin.py:120} INFO - [2025-11-23T06:53:50.199+0000] {dagbag.py:537} INFO - Filling up the DagBag from /home/airflow/.local/lib/python3.7/site-packages/airflow/example_dags/example_xcom.py
[2025-11-23T06:53:50.238+0000] {processor.py:766} INFO - DAG(s) dict_keys(['example_xcom']) retrieved from /home/airflow/.local/lib/python3.7/site-packages/airflow/example_dags/example_xcom.py
[2025-11-23T06:53:50.332+0000] {logging_mixin.py:120} INFO - [2025-11-23T06:53:50.332+0000] {dag.py:2585} INFO - Sync 1 DAGs
[2025-11-23T06:53:50.374+0000] {logging_mixin.py:120} INFO - [2025-11-23T06:53:50.374+0000] {dag.py:3340} INFO - Setting next_dagrun for example_xcom to 2021-01-01T00:00:00+00:00, run_after=2021-01-01T00:00:00+00:00
[2025-11-23T06:53:50.401+0000] {processor.py:176} INFO - Processing /home/airflow/.local/lib/python3.7/site-packages/airflow/example_dags/example_xcom.py took 0.211 seconds
[2025-11-23T06:54:20.719+0000] {processor.py:154} INFO - Started process (PID=2348) to work on /home/airflow/.local/lib/python3.7/site-packages/airflow/example_dags/example_xcom.py
[2025-11-23T06:54:20.720+0000] {processor.py:756} INFO - Processing file /home/airflow/.local/lib/python3.7/site-packages/airflow/example_dags/example_xcom.py for tasks to queue
[2025-11-23T06:54:20.721+0000] {logging_mixin.py:120} INFO - [2025-11-23T06:54:20.721+0000] {dagbag.py:537} INFO - Filling up the DagBag from /home/airflow/.local/lib/python3.7/site-packages/airflow/example_dags/example_xcom.py
[2025-11-23T06:54:20.756+0000] {processor.py:766} INFO - DAG(s) dict_keys(['example_xcom']) retrieved from /home/airflow/.local/lib/python3.7/site-packages/airflow/example_dags/example_xcom.py
[2025-11-23T06:54:20.814+0000] {logging_mixin.py:120} INFO - [2025-11-23T06:54:20.814+0000] {dag.py:2585} INFO - Sync 1 DAGs
[2025-11-23T06:54:20.846+0000] {logging_mixin.py:120} INFO - [2025-11-23T06:54:20.845+0000] {dag.py:3340} INFO - Setting next_dagrun for example_xcom to 2021-01-01T00:00:00+00:00, run_after=2021-01-01T00:00:00+00:00
[2025-11-23T06:54:20.877+0000] {processor.py:176} INFO - Processing /home/airflow/.local/lib/python3.7/site-packages/airflow/example_dags/example_xcom.py took 0.162 seconds
[2025-11-23T06:54:50.981+0000] {processor.py:154} INFO - Started process (PID=2404) to work on /home/airflow/.local/lib/python3.7/site-packages/airflow/example_dags/example_xcom.py
[2025-11-23T06:54:50.982+0000] {processor.py:756} INFO - Processing file /home/airflow/.local/lib/python3.7/site-packages/airflow/example_dags/example_xcom.py for tasks to queue
[2025-11-23T06:54:50.984+0000] {logging_mixin.py:120} INFO - [2025-11-23T06:54:50.984+0000] {dagbag.py:537} INFO - Filling up the DagBag from /home/airflow/.local/lib/python3.7/site-packages/airflow/example_dags/example_xcom.py
[2025-11-23T06:54:51.014+0000] {processor.py:766} INFO - DAG(s) dict_keys(['example_xcom']) retrieved from /home/airflow/.local/lib/python3.7/site-packages/airflow/example_dags/example_xcom.py
[2025-11-23T06:54:51.092+0000] {logging_mixin.py:120} INFO - [2025-11-23T06:54:51.092+0000] {dag.py:2585} INFO - Sync 1 DAGs
[2025-11-23T06:54:51.122+0000] {logging_mixin.py:120} INFO - [2025-11-23T06:54:51.122+0000] {dag.py:3340} INFO - Setting next_dagrun for example_xcom to 2021-01-01T00:00:00+00:00, run_after=2021-01-01T00:00:00+00:00
[2025-11-23T06:54:51.173+0000] {processor.py:176} INFO - Processing /home/airflow/.local/lib/python3.7/site-packages/airflow/example_dags/example_xcom.py took 0.197 seconds
[2025-11-23T06:55:21.619+0000] {processor.py:154} INFO - Started process (PID=2469) to work on /home/airflow/.local/lib/python3.7/site-packages/airflow/example_dags/example_xcom.py
[2025-11-23T06:55:21.624+0000] {processor.py:756} INFO - Processing file /home/airflow/.local/lib/python3.7/site-packages/airflow/example_dags/example_xcom.py for tasks to queue
[2025-11-23T06:55:21.626+0000] {logging_mixin.py:120} INFO - [2025-11-23T06:55:21.626+0000] {dagbag.py:537} INFO - Filling up the DagBag from /home/airflow/.local/lib/python3.7/site-packages/airflow/example_dags/example_xcom.py
[2025-11-23T06:55:21.675+0000] {processor.py:766} INFO - DAG(s) dict_keys(['example_xcom']) retrieved from /home/airflow/.local/lib/python3.7/site-packages/airflow/example_dags/example_xcom.py
[2025-11-23T06:55:21.794+0000] {logging_mixin.py:120} INFO - [2025-11-23T06:55:21.794+0000] {dag.py:2585} INFO - Sync 1 DAGs
[2025-11-23T06:55:21.878+0000] {logging_mixin.py:120} INFO - [2025-11-23T06:55:21.878+0000] {dag.py:3340} INFO - Setting next_dagrun for example_xcom to 2021-01-01T00:00:00+00:00, run_after=2021-01-01T00:00:00+00:00
[2025-11-23T06:55:21.946+0000] {processor.py:176} INFO - Processing /home/airflow/.local/lib/python3.7/site-packages/airflow/example_dags/example_xcom.py took 0.333 seconds
[2025-11-23T06:55:52.190+0000] {processor.py:154} INFO - Started process (PID=2526) to work on /home/airflow/.local/lib/python3.7/site-packages/airflow/example_dags/example_xcom.py
[2025-11-23T06:55:52.191+0000] {processor.py:756} INFO - Processing file /home/airflow/.local/lib/python3.7/site-packages/airflow/example_dags/example_xcom.py for tasks to queue
[2025-11-23T06:55:52.193+0000] {logging_mixin.py:120} INFO - [2025-11-23T06:55:52.193+0000] {dagbag.py:537} INFO - Filling up the DagBag from /home/airflow/.local/lib/python3.7/site-packages/airflow/example_dags/example_xcom.py
[2025-11-23T06:55:52.228+0000] {processor.py:766} INFO - DAG(s) dict_keys(['example_xcom']) retrieved from /home/airflow/.local/lib/python3.7/site-packages/airflow/example_dags/example_xcom.py
[2025-11-23T06:55:52.290+0000] {logging_mixin.py:120} INFO - [2025-11-23T06:55:52.289+0000] {dag.py:2585} INFO - Sync 1 DAGs
[2025-11-23T06:55:52.356+0000] {logging_mixin.py:120} INFO - [2025-11-23T06:55:52.356+0000] {dag.py:3340} INFO - Setting next_dagrun for example_xcom to 2021-01-01T00:00:00+00:00, run_after=2021-01-01T00:00:00+00:00
[2025-11-23T06:55:52.391+0000] {processor.py:176} INFO - Processing /home/airflow/.local/lib/python3.7/site-packages/airflow/example_dags/example_xcom.py took 0.205 seconds
[2025-11-23T06:56:22.890+0000] {processor.py:154} INFO - Started process (PID=2591) to work on /home/airflow/.local/lib/python3.7/site-packages/airflow/example_dags/example_xcom.py
[2025-11-23T06:56:22.894+0000] {processor.py:756} INFO - Processing file /home/airflow/.local/lib/python3.7/site-packages/airflow/example_dags/example_xcom.py for tasks to queue
[2025-11-23T06:56:22.899+0000] {logging_mixin.py:120} INFO - [2025-11-23T06:56:22.899+0000] {dagbag.py:537} INFO - Filling up the DagBag from /home/airflow/.local/lib/python3.7/site-packages/airflow/example_dags/example_xcom.py
[2025-11-23T06:56:22.984+0000] {processor.py:766} INFO - DAG(s) dict_keys(['example_xcom']) retrieved from /home/airflow/.local/lib/python3.7/site-packages/airflow/example_dags/example_xcom.py
[2025-11-23T06:56:23.097+0000] {logging_mixin.py:120} INFO - [2025-11-23T06:56:23.097+0000] {dag.py:2585} INFO - Sync 1 DAGs
[2025-11-23T06:56:23.167+0000] {logging_mixin.py:120} INFO - [2025-11-23T06:56:23.166+0000] {dag.py:3340} INFO - Setting next_dagrun for example_xcom to 2021-01-01T00:00:00+00:00, run_after=2021-01-01T00:00:00+00:00
[2025-11-23T06:56:23.250+0000] {processor.py:176} INFO - Processing /home/airflow/.local/lib/python3.7/site-packages/airflow/example_dags/example_xcom.py took 0.366 seconds
[2025-11-23T06:56:54.184+0000] {processor.py:154} INFO - Started process (PID=2647) to work on /home/airflow/.local/lib/python3.7/site-packages/airflow/example_dags/example_xcom.py
[2025-11-23T06:56:54.185+0000] {processor.py:756} INFO - Processing file /home/airflow/.local/lib/python3.7/site-packages/airflow/example_dags/example_xcom.py for tasks to queue
[2025-11-23T06:56:54.187+0000] {logging_mixin.py:120} INFO - [2025-11-23T06:56:54.186+0000] {dagbag.py:537} INFO - Filling up the DagBag from /home/airflow/.local/lib/python3.7/site-packages/airflow/example_dags/example_xcom.py
[2025-11-23T06:56:54.240+0000] {processor.py:766} INFO - DAG(s) dict_keys(['example_xcom']) retrieved from /home/airflow/.local/lib/python3.7/site-packages/airflow/example_dags/example_xcom.py
[2025-11-23T06:56:54.328+0000] {logging_mixin.py:120} INFO - [2025-11-23T06:56:54.327+0000] {dag.py:2585} INFO - Sync 1 DAGs
[2025-11-23T06:56:54.369+0000] {logging_mixin.py:120} INFO - [2025-11-23T06:56:54.368+0000] {dag.py:3340} INFO - Setting next_dagrun for example_xcom to 2021-01-01T00:00:00+00:00, run_after=2021-01-01T00:00:00+00:00
[2025-11-23T06:56:54.410+0000] {processor.py:176} INFO - Processing /home/airflow/.local/lib/python3.7/site-packages/airflow/example_dags/example_xcom.py took 0.232 seconds
[2025-11-23T06:57:25.083+0000] {processor.py:154} INFO - Started process (PID=2714) to work on /home/airflow/.local/lib/python3.7/site-packages/airflow/example_dags/example_xcom.py
[2025-11-23T06:57:25.085+0000] {processor.py:756} INFO - Processing file /home/airflow/.local/lib/python3.7/site-packages/airflow/example_dags/example_xcom.py for tasks to queue
[2025-11-23T06:57:25.087+0000] {logging_mixin.py:120} INFO - [2025-11-23T06:57:25.087+0000] {dagbag.py:537} INFO - Filling up the DagBag from /home/airflow/.local/lib/python3.7/site-packages/airflow/example_dags/example_xcom.py
[2025-11-23T06:57:25.208+0000] {processor.py:766} INFO - DAG(s) dict_keys(['example_xcom']) retrieved from /home/airflow/.local/lib/python3.7/site-packages/airflow/example_dags/example_xcom.py
[2025-11-23T06:57:25.340+0000] {logging_mixin.py:120} INFO - [2025-11-23T06:57:25.340+0000] {dag.py:2585} INFO - Sync 1 DAGs
[2025-11-23T06:57:25.406+0000] {logging_mixin.py:120} INFO - [2025-11-23T06:57:25.406+0000] {dag.py:3340} INFO - Setting next_dagrun for example_xcom to 2021-01-01T00:00:00+00:00, run_after=2021-01-01T00:00:00+00:00
[2025-11-23T06:57:25.452+0000] {processor.py:176} INFO - Processing /home/airflow/.local/lib/python3.7/site-packages/airflow/example_dags/example_xcom.py took 0.377 seconds
[2025-11-23T06:57:55.535+0000] {processor.py:154} INFO - Started process (PID=2779) to work on /home/airflow/.local/lib/python3.7/site-packages/airflow/example_dags/example_xcom.py
[2025-11-23T06:57:55.536+0000] {processor.py:756} INFO - Processing file /home/airflow/.local/lib/python3.7/site-packages/airflow/example_dags/example_xcom.py for tasks to queue
[2025-11-23T06:57:55.538+0000] {logging_mixin.py:120} INFO - [2025-11-23T06:57:55.538+0000] {dagbag.py:537} INFO - Filling up the DagBag from /home/airflow/.local/lib/python3.7/site-packages/airflow/example_dags/example_xcom.py
[2025-11-23T06:57:55.575+0000] {processor.py:766} INFO - DAG(s) dict_keys(['example_xcom']) retrieved from /home/airflow/.local/lib/python3.7/site-packages/airflow/example_dags/example_xcom.py
[2025-11-23T06:57:55.661+0000] {logging_mixin.py:120} INFO - [2025-11-23T06:57:55.660+0000] {dag.py:2585} INFO - Sync 1 DAGs
[2025-11-23T06:57:55.694+0000] {logging_mixin.py:120} INFO - [2025-11-23T06:57:55.694+0000] {dag.py:3340} INFO - Setting next_dagrun for example_xcom to 2021-01-01T00:00:00+00:00, run_after=2021-01-01T00:00:00+00:00
[2025-11-23T06:57:55.722+0000] {processor.py:176} INFO - Processing /home/airflow/.local/lib/python3.7/site-packages/airflow/example_dags/example_xcom.py took 0.192 seconds
[2025-11-23T06:58:26.283+0000] {processor.py:154} INFO - Started process (PID=2835) to work on /home/airflow/.local/lib/python3.7/site-packages/airflow/example_dags/example_xcom.py
[2025-11-23T06:58:26.285+0000] {processor.py:756} INFO - Processing file /home/airflow/.local/lib/python3.7/site-packages/airflow/example_dags/example_xcom.py for tasks to queue
[2025-11-23T06:58:26.287+0000] {logging_mixin.py:120} INFO - [2025-11-23T06:58:26.286+0000] {dagbag.py:537} INFO - Filling up the DagBag from /home/airflow/.local/lib/python3.7/site-packages/airflow/example_dags/example_xcom.py
[2025-11-23T06:58:26.317+0000] {processor.py:766} INFO - DAG(s) dict_keys(['example_xcom']) retrieved from /home/airflow/.local/lib/python3.7/site-packages/airflow/example_dags/example_xcom.py
[2025-11-23T06:58:26.375+0000] {logging_mixin.py:120} INFO - [2025-11-23T06:58:26.375+0000] {dag.py:2585} INFO - Sync 1 DAGs
[2025-11-23T06:58:26.406+0000] {logging_mixin.py:120} INFO - [2025-11-23T06:58:26.406+0000] {dag.py:3340} INFO - Setting next_dagrun for example_xcom to 2021-01-01T00:00:00+00:00, run_after=2021-01-01T00:00:00+00:00
[2025-11-23T06:58:26.451+0000] {processor.py:176} INFO - Processing /home/airflow/.local/lib/python3.7/site-packages/airflow/example_dags/example_xcom.py took 0.173 seconds
[2025-11-23T06:58:57.118+0000] {processor.py:154} INFO - Started process (PID=2900) to work on /home/airflow/.local/lib/python3.7/site-packages/airflow/example_dags/example_xcom.py
[2025-11-23T06:58:57.120+0000] {processor.py:756} INFO - Processing file /home/airflow/.local/lib/python3.7/site-packages/airflow/example_dags/example_xcom.py for tasks to queue
[2025-11-23T06:58:57.122+0000] {logging_mixin.py:120} INFO - [2025-11-23T06:58:57.122+0000] {dagbag.py:537} INFO - Filling up the DagBag from /home/airflow/.local/lib/python3.7/site-packages/airflow/example_dags/example_xcom.py
[2025-11-23T06:58:57.160+0000] {processor.py:766} INFO - DAG(s) dict_keys(['example_xcom']) retrieved from /home/airflow/.local/lib/python3.7/site-packages/airflow/example_dags/example_xcom.py
[2025-11-23T06:58:57.246+0000] {logging_mixin.py:120} INFO - [2025-11-23T06:58:57.246+0000] {dag.py:2585} INFO - Sync 1 DAGs
[2025-11-23T06:58:57.298+0000] {logging_mixin.py:120} INFO - [2025-11-23T06:58:57.298+0000] {dag.py:3340} INFO - Setting next_dagrun for example_xcom to 2021-01-01T00:00:00+00:00, run_after=2021-01-01T00:00:00+00:00
[2025-11-23T06:58:57.334+0000] {processor.py:176} INFO - Processing /home/airflow/.local/lib/python3.7/site-packages/airflow/example_dags/example_xcom.py took 0.222 seconds
[2025-11-23T06:59:27.857+0000] {processor.py:154} INFO - Started process (PID=2957) to work on /home/airflow/.local/lib/python3.7/site-packages/airflow/example_dags/example_xcom.py
[2025-11-23T06:59:27.859+0000] {processor.py:756} INFO - Processing file /home/airflow/.local/lib/python3.7/site-packages/airflow/example_dags/example_xcom.py for tasks to queue
[2025-11-23T06:59:27.861+0000] {logging_mixin.py:120} INFO - [2025-11-23T06:59:27.861+0000] {dagbag.py:537} INFO - Filling up the DagBag from /home/airflow/.local/lib/python3.7/site-packages/airflow/example_dags/example_xcom.py
[2025-11-23T06:59:27.911+0000] {processor.py:766} INFO - DAG(s) dict_keys(['example_xcom']) retrieved from /home/airflow/.local/lib/python3.7/site-packages/airflow/example_dags/example_xcom.py
[2025-11-23T06:59:27.998+0000] {logging_mixin.py:120} INFO - [2025-11-23T06:59:27.997+0000] {dag.py:2585} INFO - Sync 1 DAGs
[2025-11-23T06:59:28.053+0000] {logging_mixin.py:120} INFO - [2025-11-23T06:59:28.053+0000] {dag.py:3340} INFO - Setting next_dagrun for example_xcom to 2021-01-01T00:00:00+00:00, run_after=2021-01-01T00:00:00+00:00
[2025-11-23T06:59:28.114+0000] {processor.py:176} INFO - Processing /home/airflow/.local/lib/python3.7/site-packages/airflow/example_dags/example_xcom.py took 0.263 seconds
[2025-11-23T06:59:58.200+0000] {processor.py:154} INFO - Started process (PID=3022) to work on /home/airflow/.local/lib/python3.7/site-packages/airflow/example_dags/example_xcom.py
[2025-11-23T06:59:58.201+0000] {processor.py:756} INFO - Processing file /home/airflow/.local/lib/python3.7/site-packages/airflow/example_dags/example_xcom.py for tasks to queue
[2025-11-23T06:59:58.203+0000] {logging_mixin.py:120} INFO - [2025-11-23T06:59:58.202+0000] {dagbag.py:537} INFO - Filling up the DagBag from /home/airflow/.local/lib/python3.7/site-packages/airflow/example_dags/example_xcom.py
[2025-11-23T06:59:58.240+0000] {processor.py:766} INFO - DAG(s) dict_keys(['example_xcom']) retrieved from /home/airflow/.local/lib/python3.7/site-packages/airflow/example_dags/example_xcom.py
[2025-11-23T06:59:58.298+0000] {logging_mixin.py:120} INFO - [2025-11-23T06:59:58.297+0000] {dag.py:2585} INFO - Sync 1 DAGs
[2025-11-23T06:59:58.336+0000] {logging_mixin.py:120} INFO - [2025-11-23T06:59:58.336+0000] {dag.py:3340} INFO - Setting next_dagrun for example_xcom to 2021-01-01T00:00:00+00:00, run_after=2021-01-01T00:00:00+00:00
[2025-11-23T06:59:58.383+0000] {processor.py:176} INFO - Processing /home/airflow/.local/lib/python3.7/site-packages/airflow/example_dags/example_xcom.py took 0.190 seconds
[2025-11-23T07:00:28.715+0000] {processor.py:154} INFO - Started process (PID=3079) to work on /home/airflow/.local/lib/python3.7/site-packages/airflow/example_dags/example_xcom.py
[2025-11-23T07:00:28.716+0000] {processor.py:756} INFO - Processing file /home/airflow/.local/lib/python3.7/site-packages/airflow/example_dags/example_xcom.py for tasks to queue
[2025-11-23T07:00:28.718+0000] {logging_mixin.py:120} INFO - [2025-11-23T07:00:28.718+0000] {dagbag.py:537} INFO - Filling up the DagBag from /home/airflow/.local/lib/python3.7/site-packages/airflow/example_dags/example_xcom.py
[2025-11-23T07:00:28.757+0000] {processor.py:766} INFO - DAG(s) dict_keys(['example_xcom']) retrieved from /home/airflow/.local/lib/python3.7/site-packages/airflow/example_dags/example_xcom.py
[2025-11-23T07:00:28.853+0000] {logging_mixin.py:120} INFO - [2025-11-23T07:00:28.853+0000] {dag.py:2585} INFO - Sync 1 DAGs
[2025-11-23T07:00:28.932+0000] {logging_mixin.py:120} INFO - [2025-11-23T07:00:28.927+0000] {dag.py:3340} INFO - Setting next_dagrun for example_xcom to 2021-01-01T00:00:00+00:00, run_after=2021-01-01T00:00:00+00:00
[2025-11-23T07:00:28.983+0000] {processor.py:176} INFO - Processing /home/airflow/.local/lib/python3.7/site-packages/airflow/example_dags/example_xcom.py took 0.277 seconds
[2025-11-23T07:00:59.592+0000] {processor.py:154} INFO - Started process (PID=3145) to work on /home/airflow/.local/lib/python3.7/site-packages/airflow/example_dags/example_xcom.py
[2025-11-23T07:00:59.594+0000] {processor.py:756} INFO - Processing file /home/airflow/.local/lib/python3.7/site-packages/airflow/example_dags/example_xcom.py for tasks to queue
[2025-11-23T07:00:59.597+0000] {logging_mixin.py:120} INFO - [2025-11-23T07:00:59.596+0000] {dagbag.py:537} INFO - Filling up the DagBag from /home/airflow/.local/lib/python3.7/site-packages/airflow/example_dags/example_xcom.py
[2025-11-23T07:00:59.648+0000] {processor.py:766} INFO - DAG(s) dict_keys(['example_xcom']) retrieved from /home/airflow/.local/lib/python3.7/site-packages/airflow/example_dags/example_xcom.py
[2025-11-23T07:00:59.718+0000] {logging_mixin.py:120} INFO - [2025-11-23T07:00:59.718+0000] {dag.py:2585} INFO - Sync 1 DAGs
[2025-11-23T07:00:59.750+0000] {logging_mixin.py:120} INFO - [2025-11-23T07:00:59.749+0000] {dag.py:3340} INFO - Setting next_dagrun for example_xcom to 2021-01-01T00:00:00+00:00, run_after=2021-01-01T00:00:00+00:00
[2025-11-23T07:00:59.779+0000] {processor.py:176} INFO - Processing /home/airflow/.local/lib/python3.7/site-packages/airflow/example_dags/example_xcom.py took 0.202 seconds
[2025-11-23T07:01:30.101+0000] {processor.py:154} INFO - Started process (PID=3202) to work on /home/airflow/.local/lib/python3.7/site-packages/airflow/example_dags/example_xcom.py
[2025-11-23T07:01:30.104+0000] {processor.py:756} INFO - Processing file /home/airflow/.local/lib/python3.7/site-packages/airflow/example_dags/example_xcom.py for tasks to queue
[2025-11-23T07:01:30.107+0000] {logging_mixin.py:120} INFO - [2025-11-23T07:01:30.106+0000] {dagbag.py:537} INFO - Filling up the DagBag from /home/airflow/.local/lib/python3.7/site-packages/airflow/example_dags/example_xcom.py
[2025-11-23T07:01:30.178+0000] {processor.py:766} INFO - DAG(s) dict_keys(['example_xcom']) retrieved from /home/airflow/.local/lib/python3.7/site-packages/airflow/example_dags/example_xcom.py
[2025-11-23T07:01:30.268+0000] {logging_mixin.py:120} INFO - [2025-11-23T07:01:30.267+0000] {dag.py:2585} INFO - Sync 1 DAGs
[2025-11-23T07:01:30.315+0000] {logging_mixin.py:120} INFO - [2025-11-23T07:01:30.315+0000] {dag.py:3340} INFO - Setting next_dagrun for example_xcom to 2021-01-01T00:00:00+00:00, run_after=2021-01-01T00:00:00+00:00
[2025-11-23T07:01:30.353+0000] {processor.py:176} INFO - Processing /home/airflow/.local/lib/python3.7/site-packages/airflow/example_dags/example_xcom.py took 0.259 seconds
[2025-11-23T07:02:00.581+0000] {processor.py:154} INFO - Started process (PID=3268) to work on /home/airflow/.local/lib/python3.7/site-packages/airflow/example_dags/example_xcom.py
[2025-11-23T07:02:00.583+0000] {processor.py:756} INFO - Processing file /home/airflow/.local/lib/python3.7/site-packages/airflow/example_dags/example_xcom.py for tasks to queue
[2025-11-23T07:02:00.585+0000] {logging_mixin.py:120} INFO - [2025-11-23T07:02:00.584+0000] {dagbag.py:537} INFO - Filling up the DagBag from /home/airflow/.local/lib/python3.7/site-packages/airflow/example_dags/example_xcom.py
[2025-11-23T07:02:00.634+0000] {processor.py:766} INFO - DAG(s) dict_keys(['example_xcom']) retrieved from /home/airflow/.local/lib/python3.7/site-packages/airflow/example_dags/example_xcom.py
[2025-11-23T07:02:00.750+0000] {logging_mixin.py:120} INFO - [2025-11-23T07:02:00.750+0000] {dag.py:2585} INFO - Sync 1 DAGs
[2025-11-23T07:02:00.809+0000] {logging_mixin.py:120} INFO - [2025-11-23T07:02:00.809+0000] {dag.py:3340} INFO - Setting next_dagrun for example_xcom to 2021-01-01T00:00:00+00:00, run_after=2021-01-01T00:00:00+00:00
[2025-11-23T07:02:00.854+0000] {processor.py:176} INFO - Processing /home/airflow/.local/lib/python3.7/site-packages/airflow/example_dags/example_xcom.py took 0.282 seconds
[2025-11-23T07:02:31.098+0000] {processor.py:154} INFO - Started process (PID=3326) to work on /home/airflow/.local/lib/python3.7/site-packages/airflow/example_dags/example_xcom.py
[2025-11-23T07:02:31.100+0000] {processor.py:756} INFO - Processing file /home/airflow/.local/lib/python3.7/site-packages/airflow/example_dags/example_xcom.py for tasks to queue
[2025-11-23T07:02:31.101+0000] {logging_mixin.py:120} INFO - [2025-11-23T07:02:31.101+0000] {dagbag.py:537} INFO - Filling up the DagBag from /home/airflow/.local/lib/python3.7/site-packages/airflow/example_dags/example_xcom.py
[2025-11-23T07:02:31.129+0000] {processor.py:766} INFO - DAG(s) dict_keys(['example_xcom']) retrieved from /home/airflow/.local/lib/python3.7/site-packages/airflow/example_dags/example_xcom.py
[2025-11-23T07:02:31.176+0000] {logging_mixin.py:120} INFO - [2025-11-23T07:02:31.176+0000] {dag.py:2585} INFO - Sync 1 DAGs
[2025-11-23T07:02:31.202+0000] {logging_mixin.py:120} INFO - [2025-11-23T07:02:31.202+0000] {dag.py:3340} INFO - Setting next_dagrun for example_xcom to 2021-01-01T00:00:00+00:00, run_after=2021-01-01T00:00:00+00:00
[2025-11-23T07:02:31.234+0000] {processor.py:176} INFO - Processing /home/airflow/.local/lib/python3.7/site-packages/airflow/example_dags/example_xcom.py took 0.141 seconds
[2025-11-23T07:03:01.385+0000] {processor.py:154} INFO - Started process (PID=3392) to work on /home/airflow/.local/lib/python3.7/site-packages/airflow/example_dags/example_xcom.py
[2025-11-23T07:03:01.395+0000] {processor.py:756} INFO - Processing file /home/airflow/.local/lib/python3.7/site-packages/airflow/example_dags/example_xcom.py for tasks to queue
[2025-11-23T07:03:01.397+0000] {logging_mixin.py:120} INFO - [2025-11-23T07:03:01.397+0000] {dagbag.py:537} INFO - Filling up the DagBag from /home/airflow/.local/lib/python3.7/site-packages/airflow/example_dags/example_xcom.py
[2025-11-23T07:03:01.471+0000] {processor.py:766} INFO - DAG(s) dict_keys(['example_xcom']) retrieved from /home/airflow/.local/lib/python3.7/site-packages/airflow/example_dags/example_xcom.py
[2025-11-23T07:03:01.627+0000] {logging_mixin.py:120} INFO - [2025-11-23T07:03:01.627+0000] {dag.py:2585} INFO - Sync 1 DAGs
[2025-11-23T07:03:01.776+0000] {logging_mixin.py:120} INFO - [2025-11-23T07:03:01.776+0000] {dag.py:3340} INFO - Setting next_dagrun for example_xcom to 2021-01-01T00:00:00+00:00, run_after=2021-01-01T00:00:00+00:00
[2025-11-23T07:03:01.882+0000] {processor.py:176} INFO - Processing /home/airflow/.local/lib/python3.7/site-packages/airflow/example_dags/example_xcom.py took 0.503 seconds
[2025-11-23T07:03:32.207+0000] {processor.py:154} INFO - Started process (PID=3448) to work on /home/airflow/.local/lib/python3.7/site-packages/airflow/example_dags/example_xcom.py
[2025-11-23T07:03:32.210+0000] {processor.py:756} INFO - Processing file /home/airflow/.local/lib/python3.7/site-packages/airflow/example_dags/example_xcom.py for tasks to queue
[2025-11-23T07:03:32.229+0000] {logging_mixin.py:120} INFO - [2025-11-23T07:03:32.228+0000] {dagbag.py:537} INFO - Filling up the DagBag from /home/airflow/.local/lib/python3.7/site-packages/airflow/example_dags/example_xcom.py
[2025-11-23T07:03:32.424+0000] {processor.py:766} INFO - DAG(s) dict_keys(['example_xcom']) retrieved from /home/airflow/.local/lib/python3.7/site-packages/airflow/example_dags/example_xcom.py
[2025-11-23T07:03:32.720+0000] {logging_mixin.py:120} INFO - [2025-11-23T07:03:32.719+0000] {dag.py:2585} INFO - Sync 1 DAGs
[2025-11-23T07:03:32.813+0000] {logging_mixin.py:120} INFO - [2025-11-23T07:03:32.813+0000] {dag.py:3340} INFO - Setting next_dagrun for example_xcom to 2021-01-01T00:00:00+00:00, run_after=2021-01-01T00:00:00+00:00
[2025-11-23T07:03:32.947+0000] {processor.py:176} INFO - Processing /home/airflow/.local/lib/python3.7/site-packages/airflow/example_dags/example_xcom.py took 0.746 seconds
[2025-11-23T07:04:03.702+0000] {processor.py:154} INFO - Started process (PID=3514) to work on /home/airflow/.local/lib/python3.7/site-packages/airflow/example_dags/example_xcom.py
[2025-11-23T07:04:03.703+0000] {processor.py:756} INFO - Processing file /home/airflow/.local/lib/python3.7/site-packages/airflow/example_dags/example_xcom.py for tasks to queue
[2025-11-23T07:04:03.705+0000] {logging_mixin.py:120} INFO - [2025-11-23T07:04:03.704+0000] {dagbag.py:537} INFO - Filling up the DagBag from /home/airflow/.local/lib/python3.7/site-packages/airflow/example_dags/example_xcom.py
[2025-11-23T07:04:03.747+0000] {processor.py:766} INFO - DAG(s) dict_keys(['example_xcom']) retrieved from /home/airflow/.local/lib/python3.7/site-packages/airflow/example_dags/example_xcom.py
[2025-11-23T07:04:03.808+0000] {logging_mixin.py:120} INFO - [2025-11-23T07:04:03.807+0000] {dag.py:2585} INFO - Sync 1 DAGs
[2025-11-23T07:04:03.844+0000] {logging_mixin.py:120} INFO - [2025-11-23T07:04:03.843+0000] {dag.py:3340} INFO - Setting next_dagrun for example_xcom to 2021-01-01T00:00:00+00:00, run_after=2021-01-01T00:00:00+00:00
[2025-11-23T07:04:03.886+0000] {processor.py:176} INFO - Processing /home/airflow/.local/lib/python3.7/site-packages/airflow/example_dags/example_xcom.py took 0.190 seconds
[2025-11-23T07:04:34.532+0000] {processor.py:154} INFO - Started process (PID=3580) to work on /home/airflow/.local/lib/python3.7/site-packages/airflow/example_dags/example_xcom.py
[2025-11-23T07:04:34.534+0000] {processor.py:756} INFO - Processing file /home/airflow/.local/lib/python3.7/site-packages/airflow/example_dags/example_xcom.py for tasks to queue
[2025-11-23T07:04:34.535+0000] {logging_mixin.py:120} INFO - [2025-11-23T07:04:34.535+0000] {dagbag.py:537} INFO - Filling up the DagBag from /home/airflow/.local/lib/python3.7/site-packages/airflow/example_dags/example_xcom.py
[2025-11-23T07:04:34.561+0000] {processor.py:766} INFO - DAG(s) dict_keys(['example_xcom']) retrieved from /home/airflow/.local/lib/python3.7/site-packages/airflow/example_dags/example_xcom.py
[2025-11-23T07:04:34.610+0000] {logging_mixin.py:120} INFO - [2025-11-23T07:04:34.610+0000] {dag.py:2585} INFO - Sync 1 DAGs
[2025-11-23T07:04:34.646+0000] {logging_mixin.py:120} INFO - [2025-11-23T07:04:34.645+0000] {dag.py:3340} INFO - Setting next_dagrun for example_xcom to 2021-01-01T00:00:00+00:00, run_after=2021-01-01T00:00:00+00:00
[2025-11-23T07:04:34.681+0000] {processor.py:176} INFO - Processing /home/airflow/.local/lib/python3.7/site-packages/airflow/example_dags/example_xcom.py took 0.153 seconds
[2025-11-23T07:05:05.582+0000] {processor.py:154} INFO - Started process (PID=3638) to work on /home/airflow/.local/lib/python3.7/site-packages/airflow/example_dags/example_xcom.py
[2025-11-23T07:05:05.584+0000] {processor.py:756} INFO - Processing file /home/airflow/.local/lib/python3.7/site-packages/airflow/example_dags/example_xcom.py for tasks to queue
[2025-11-23T07:05:05.586+0000] {logging_mixin.py:120} INFO - [2025-11-23T07:05:05.586+0000] {dagbag.py:537} INFO - Filling up the DagBag from /home/airflow/.local/lib/python3.7/site-packages/airflow/example_dags/example_xcom.py
[2025-11-23T07:05:05.624+0000] {processor.py:766} INFO - DAG(s) dict_keys(['example_xcom']) retrieved from /home/airflow/.local/lib/python3.7/site-packages/airflow/example_dags/example_xcom.py
[2025-11-23T07:05:05.696+0000] {logging_mixin.py:120} INFO - [2025-11-23T07:05:05.696+0000] {dag.py:2585} INFO - Sync 1 DAGs
[2025-11-23T07:05:05.735+0000] {logging_mixin.py:120} INFO - [2025-11-23T07:05:05.734+0000] {dag.py:3340} INFO - Setting next_dagrun for example_xcom to 2021-01-01T00:00:00+00:00, run_after=2021-01-01T00:00:00+00:00
[2025-11-23T07:05:05.768+0000] {processor.py:176} INFO - Processing /home/airflow/.local/lib/python3.7/site-packages/airflow/example_dags/example_xcom.py took 0.191 seconds
[2025-11-23T07:05:36.583+0000] {processor.py:154} INFO - Started process (PID=3703) to work on /home/airflow/.local/lib/python3.7/site-packages/airflow/example_dags/example_xcom.py
[2025-11-23T07:05:36.585+0000] {processor.py:756} INFO - Processing file /home/airflow/.local/lib/python3.7/site-packages/airflow/example_dags/example_xcom.py for tasks to queue
[2025-11-23T07:05:36.586+0000] {logging_mixin.py:120} INFO - [2025-11-23T07:05:36.586+0000] {dagbag.py:537} INFO - Filling up the DagBag from /home/airflow/.local/lib/python3.7/site-packages/airflow/example_dags/example_xcom.py
[2025-11-23T07:05:36.616+0000] {processor.py:766} INFO - DAG(s) dict_keys(['example_xcom']) retrieved from /home/airflow/.local/lib/python3.7/site-packages/airflow/example_dags/example_xcom.py
[2025-11-23T07:05:36.674+0000] {logging_mixin.py:120} INFO - [2025-11-23T07:05:36.674+0000] {dag.py:2585} INFO - Sync 1 DAGs
[2025-11-23T07:05:36.717+0000] {logging_mixin.py:120} INFO - [2025-11-23T07:05:36.717+0000] {dag.py:3340} INFO - Setting next_dagrun for example_xcom to 2021-01-01T00:00:00+00:00, run_after=2021-01-01T00:00:00+00:00
[2025-11-23T07:05:36.755+0000] {processor.py:176} INFO - Processing /home/airflow/.local/lib/python3.7/site-packages/airflow/example_dags/example_xcom.py took 0.178 seconds
[2025-11-23T07:06:08.145+0000] {processor.py:154} INFO - Started process (PID=3760) to work on /home/airflow/.local/lib/python3.7/site-packages/airflow/example_dags/example_xcom.py
[2025-11-23T07:06:08.146+0000] {processor.py:756} INFO - Processing file /home/airflow/.local/lib/python3.7/site-packages/airflow/example_dags/example_xcom.py for tasks to queue
[2025-11-23T07:06:08.148+0000] {logging_mixin.py:120} INFO - [2025-11-23T07:06:08.148+0000] {dagbag.py:537} INFO - Filling up the DagBag from /home/airflow/.local/lib/python3.7/site-packages/airflow/example_dags/example_xcom.py
[2025-11-23T07:06:08.214+0000] {processor.py:766} INFO - DAG(s) dict_keys(['example_xcom']) retrieved from /home/airflow/.local/lib/python3.7/site-packages/airflow/example_dags/example_xcom.py
[2025-11-23T07:06:08.300+0000] {logging_mixin.py:120} INFO - [2025-11-23T07:06:08.300+0000] {dag.py:2585} INFO - Sync 1 DAGs
[2025-11-23T07:06:08.372+0000] {logging_mixin.py:120} INFO - [2025-11-23T07:06:08.370+0000] {dag.py:3340} INFO - Setting next_dagrun for example_xcom to 2021-01-01T00:00:00+00:00, run_after=2021-01-01T00:00:00+00:00
[2025-11-23T07:06:08.447+0000] {processor.py:176} INFO - Processing /home/airflow/.local/lib/python3.7/site-packages/airflow/example_dags/example_xcom.py took 0.314 seconds
[2025-11-23T07:06:38.757+0000] {processor.py:154} INFO - Started process (PID=3817) to work on /home/airflow/.local/lib/python3.7/site-packages/airflow/example_dags/example_xcom.py
[2025-11-23T07:06:38.761+0000] {processor.py:756} INFO - Processing file /home/airflow/.local/lib/python3.7/site-packages/airflow/example_dags/example_xcom.py for tasks to queue
[2025-11-23T07:06:38.763+0000] {logging_mixin.py:120} INFO - [2025-11-23T07:06:38.762+0000] {dagbag.py:537} INFO - Filling up the DagBag from /home/airflow/.local/lib/python3.7/site-packages/airflow/example_dags/example_xcom.py
[2025-11-23T07:06:38.815+0000] {processor.py:766} INFO - DAG(s) dict_keys(['example_xcom']) retrieved from /home/airflow/.local/lib/python3.7/site-packages/airflow/example_dags/example_xcom.py
[2025-11-23T07:06:38.913+0000] {logging_mixin.py:120} INFO - [2025-11-23T07:06:38.913+0000] {dag.py:2585} INFO - Sync 1 DAGs
[2025-11-23T07:06:38.983+0000] {logging_mixin.py:120} INFO - [2025-11-23T07:06:38.982+0000] {dag.py:3340} INFO - Setting next_dagrun for example_xcom to 2021-01-01T00:00:00+00:00, run_after=2021-01-01T00:00:00+00:00
[2025-11-23T07:06:39.047+0000] {processor.py:176} INFO - Processing /home/airflow/.local/lib/python3.7/site-packages/airflow/example_dags/example_xcom.py took 0.295 seconds
[2025-11-23T07:07:11.418+0000] {processor.py:154} INFO - Started process (PID=3884) to work on /home/airflow/.local/lib/python3.7/site-packages/airflow/example_dags/example_xcom.py
[2025-11-23T07:07:11.421+0000] {processor.py:756} INFO - Processing file /home/airflow/.local/lib/python3.7/site-packages/airflow/example_dags/example_xcom.py for tasks to queue
[2025-11-23T07:07:11.423+0000] {logging_mixin.py:120} INFO - [2025-11-23T07:07:11.423+0000] {dagbag.py:537} INFO - Filling up the DagBag from /home/airflow/.local/lib/python3.7/site-packages/airflow/example_dags/example_xcom.py
[2025-11-23T07:07:11.465+0000] {processor.py:766} INFO - DAG(s) dict_keys(['example_xcom']) retrieved from /home/airflow/.local/lib/python3.7/site-packages/airflow/example_dags/example_xcom.py
[2025-11-23T07:07:11.577+0000] {logging_mixin.py:120} INFO - [2025-11-23T07:07:11.577+0000] {dag.py:2585} INFO - Sync 1 DAGs
[2025-11-23T07:07:11.636+0000] {logging_mixin.py:120} INFO - [2025-11-23T07:07:11.636+0000] {dag.py:3340} INFO - Setting next_dagrun for example_xcom to 2021-01-01T00:00:00+00:00, run_after=2021-01-01T00:00:00+00:00
[2025-11-23T07:07:11.681+0000] {processor.py:176} INFO - Processing /home/airflow/.local/lib/python3.7/site-packages/airflow/example_dags/example_xcom.py took 0.272 seconds
[2025-11-23T07:07:42.250+0000] {processor.py:154} INFO - Started process (PID=3942) to work on /home/airflow/.local/lib/python3.7/site-packages/airflow/example_dags/example_xcom.py
[2025-11-23T07:07:42.251+0000] {processor.py:756} INFO - Processing file /home/airflow/.local/lib/python3.7/site-packages/airflow/example_dags/example_xcom.py for tasks to queue
[2025-11-23T07:07:42.252+0000] {logging_mixin.py:120} INFO - [2025-11-23T07:07:42.252+0000] {dagbag.py:537} INFO - Filling up the DagBag from /home/airflow/.local/lib/python3.7/site-packages/airflow/example_dags/example_xcom.py
[2025-11-23T07:07:42.287+0000] {processor.py:766} INFO - DAG(s) dict_keys(['example_xcom']) retrieved from /home/airflow/.local/lib/python3.7/site-packages/airflow/example_dags/example_xcom.py
[2025-11-23T07:07:42.385+0000] {logging_mixin.py:120} INFO - [2025-11-23T07:07:42.379+0000] {dag.py:2585} INFO - Sync 1 DAGs
[2025-11-23T07:07:42.449+0000] {logging_mixin.py:120} INFO - [2025-11-23T07:07:42.449+0000] {dag.py:3340} INFO - Setting next_dagrun for example_xcom to 2021-01-01T00:00:00+00:00, run_after=2021-01-01T00:00:00+00:00
[2025-11-23T07:07:42.483+0000] {processor.py:176} INFO - Processing /home/airflow/.local/lib/python3.7/site-packages/airflow/example_dags/example_xcom.py took 0.240 seconds
[2025-11-23T07:08:13.023+0000] {processor.py:154} INFO - Started process (PID=4005) to work on /home/airflow/.local/lib/python3.7/site-packages/airflow/example_dags/example_xcom.py
[2025-11-23T07:08:13.025+0000] {processor.py:756} INFO - Processing file /home/airflow/.local/lib/python3.7/site-packages/airflow/example_dags/example_xcom.py for tasks to queue
[2025-11-23T07:08:13.031+0000] {logging_mixin.py:120} INFO - [2025-11-23T07:08:13.031+0000] {dagbag.py:537} INFO - Filling up the DagBag from /home/airflow/.local/lib/python3.7/site-packages/airflow/example_dags/example_xcom.py
[2025-11-23T07:08:13.071+0000] {processor.py:766} INFO - DAG(s) dict_keys(['example_xcom']) retrieved from /home/airflow/.local/lib/python3.7/site-packages/airflow/example_dags/example_xcom.py
[2025-11-23T07:08:13.204+0000] {logging_mixin.py:120} INFO - [2025-11-23T07:08:13.203+0000] {dag.py:2585} INFO - Sync 1 DAGs
[2025-11-23T07:08:13.249+0000] {logging_mixin.py:120} INFO - [2025-11-23T07:08:13.249+0000] {dag.py:3340} INFO - Setting next_dagrun for example_xcom to 2021-01-01T00:00:00+00:00, run_after=2021-01-01T00:00:00+00:00
[2025-11-23T07:08:13.319+0000] {processor.py:176} INFO - Processing /home/airflow/.local/lib/python3.7/site-packages/airflow/example_dags/example_xcom.py took 0.305 seconds
[2025-11-23T07:08:43.959+0000] {processor.py:154} INFO - Started process (PID=4069) to work on /home/airflow/.local/lib/python3.7/site-packages/airflow/example_dags/example_xcom.py
[2025-11-23T07:08:43.971+0000] {processor.py:756} INFO - Processing file /home/airflow/.local/lib/python3.7/site-packages/airflow/example_dags/example_xcom.py for tasks to queue
[2025-11-23T07:08:43.973+0000] {logging_mixin.py:120} INFO - [2025-11-23T07:08:43.972+0000] {dagbag.py:537} INFO - Filling up the DagBag from /home/airflow/.local/lib/python3.7/site-packages/airflow/example_dags/example_xcom.py
[2025-11-23T07:08:44.017+0000] {processor.py:766} INFO - DAG(s) dict_keys(['example_xcom']) retrieved from /home/airflow/.local/lib/python3.7/site-packages/airflow/example_dags/example_xcom.py
[2025-11-23T07:08:44.102+0000] {logging_mixin.py:120} INFO - [2025-11-23T07:08:44.101+0000] {dag.py:2585} INFO - Sync 1 DAGs
[2025-11-23T07:08:44.139+0000] {logging_mixin.py:120} INFO - [2025-11-23T07:08:44.138+0000] {dag.py:3340} INFO - Setting next_dagrun for example_xcom to 2021-01-01T00:00:00+00:00, run_after=2021-01-01T00:00:00+00:00
[2025-11-23T07:08:44.178+0000] {processor.py:176} INFO - Processing /home/airflow/.local/lib/python3.7/site-packages/airflow/example_dags/example_xcom.py took 0.231 seconds
[2025-11-23T07:09:14.876+0000] {processor.py:154} INFO - Started process (PID=4128) to work on /home/airflow/.local/lib/python3.7/site-packages/airflow/example_dags/example_xcom.py
[2025-11-23T07:09:14.877+0000] {processor.py:756} INFO - Processing file /home/airflow/.local/lib/python3.7/site-packages/airflow/example_dags/example_xcom.py for tasks to queue
[2025-11-23T07:09:14.878+0000] {logging_mixin.py:120} INFO - [2025-11-23T07:09:14.878+0000] {dagbag.py:537} INFO - Filling up the DagBag from /home/airflow/.local/lib/python3.7/site-packages/airflow/example_dags/example_xcom.py
[2025-11-23T07:09:14.906+0000] {processor.py:766} INFO - DAG(s) dict_keys(['example_xcom']) retrieved from /home/airflow/.local/lib/python3.7/site-packages/airflow/example_dags/example_xcom.py
[2025-11-23T07:09:14.962+0000] {logging_mixin.py:120} INFO - [2025-11-23T07:09:14.962+0000] {dag.py:2585} INFO - Sync 1 DAGs
[2025-11-23T07:09:15.001+0000] {logging_mixin.py:120} INFO - [2025-11-23T07:09:15.001+0000] {dag.py:3340} INFO - Setting next_dagrun for example_xcom to 2021-01-01T00:00:00+00:00, run_after=2021-01-01T00:00:00+00:00
[2025-11-23T07:09:15.034+0000] {processor.py:176} INFO - Processing /home/airflow/.local/lib/python3.7/site-packages/airflow/example_dags/example_xcom.py took 0.164 seconds
[2025-11-23T07:09:47.073+0000] {processor.py:154} INFO - Started process (PID=4193) to work on /home/airflow/.local/lib/python3.7/site-packages/airflow/example_dags/example_xcom.py
[2025-11-23T07:09:47.074+0000] {processor.py:756} INFO - Processing file /home/airflow/.local/lib/python3.7/site-packages/airflow/example_dags/example_xcom.py for tasks to queue
[2025-11-23T07:09:47.076+0000] {logging_mixin.py:120} INFO - [2025-11-23T07:09:47.076+0000] {dagbag.py:537} INFO - Filling up the DagBag from /home/airflow/.local/lib/python3.7/site-packages/airflow/example_dags/example_xcom.py
[2025-11-23T07:09:47.126+0000] {processor.py:766} INFO - DAG(s) dict_keys(['example_xcom']) retrieved from /home/airflow/.local/lib/python3.7/site-packages/airflow/example_dags/example_xcom.py
[2025-11-23T07:09:47.222+0000] {logging_mixin.py:120} INFO - [2025-11-23T07:09:47.222+0000] {dag.py:2585} INFO - Sync 1 DAGs
[2025-11-23T07:09:47.297+0000] {logging_mixin.py:120} INFO - [2025-11-23T07:09:47.296+0000] {dag.py:3340} INFO - Setting next_dagrun for example_xcom to 2021-01-01T00:00:00+00:00, run_after=2021-01-01T00:00:00+00:00
[2025-11-23T07:09:47.340+0000] {processor.py:176} INFO - Processing /home/airflow/.local/lib/python3.7/site-packages/airflow/example_dags/example_xcom.py took 0.274 seconds
[2025-11-23T07:10:17.646+0000] {processor.py:154} INFO - Started process (PID=4249) to work on /home/airflow/.local/lib/python3.7/site-packages/airflow/example_dags/example_xcom.py
[2025-11-23T07:10:17.647+0000] {processor.py:756} INFO - Processing file /home/airflow/.local/lib/python3.7/site-packages/airflow/example_dags/example_xcom.py for tasks to queue
[2025-11-23T07:10:17.648+0000] {logging_mixin.py:120} INFO - [2025-11-23T07:10:17.648+0000] {dagbag.py:537} INFO - Filling up the DagBag from /home/airflow/.local/lib/python3.7/site-packages/airflow/example_dags/example_xcom.py
[2025-11-23T07:10:17.676+0000] {processor.py:766} INFO - DAG(s) dict_keys(['example_xcom']) retrieved from /home/airflow/.local/lib/python3.7/site-packages/airflow/example_dags/example_xcom.py
[2025-11-23T07:10:17.764+0000] {logging_mixin.py:120} INFO - [2025-11-23T07:10:17.763+0000] {dag.py:2585} INFO - Sync 1 DAGs
[2025-11-23T07:10:17.809+0000] {logging_mixin.py:120} INFO - [2025-11-23T07:10:17.808+0000] {dag.py:3340} INFO - Setting next_dagrun for example_xcom to 2021-01-01T00:00:00+00:00, run_after=2021-01-01T00:00:00+00:00
[2025-11-23T07:10:17.870+0000] {processor.py:176} INFO - Processing /home/airflow/.local/lib/python3.7/site-packages/airflow/example_dags/example_xcom.py took 0.228 seconds
[2025-11-23T07:10:47.959+0000] {processor.py:154} INFO - Started process (PID=4305) to work on /home/airflow/.local/lib/python3.7/site-packages/airflow/example_dags/example_xcom.py
[2025-11-23T07:10:47.961+0000] {processor.py:756} INFO - Processing file /home/airflow/.local/lib/python3.7/site-packages/airflow/example_dags/example_xcom.py for tasks to queue
[2025-11-23T07:10:47.963+0000] {logging_mixin.py:120} INFO - [2025-11-23T07:10:47.963+0000] {dagbag.py:537} INFO - Filling up the DagBag from /home/airflow/.local/lib/python3.7/site-packages/airflow/example_dags/example_xcom.py
[2025-11-23T07:10:48.035+0000] {processor.py:766} INFO - DAG(s) dict_keys(['example_xcom']) retrieved from /home/airflow/.local/lib/python3.7/site-packages/airflow/example_dags/example_xcom.py
[2025-11-23T07:10:48.268+0000] {logging_mixin.py:120} INFO - [2025-11-23T07:10:48.267+0000] {dag.py:2585} INFO - Sync 1 DAGs
[2025-11-23T07:10:48.351+0000] {logging_mixin.py:120} INFO - [2025-11-23T07:10:48.351+0000] {dag.py:3340} INFO - Setting next_dagrun for example_xcom to 2021-01-01T00:00:00+00:00, run_after=2021-01-01T00:00:00+00:00
[2025-11-23T07:10:48.394+0000] {processor.py:176} INFO - Processing /home/airflow/.local/lib/python3.7/site-packages/airflow/example_dags/example_xcom.py took 0.448 seconds
[2025-11-23T07:11:20.380+0000] {processor.py:154} INFO - Started process (PID=4369) to work on /home/airflow/.local/lib/python3.7/site-packages/airflow/example_dags/example_xcom.py
[2025-11-23T07:11:20.382+0000] {processor.py:756} INFO - Processing file /home/airflow/.local/lib/python3.7/site-packages/airflow/example_dags/example_xcom.py for tasks to queue
[2025-11-23T07:11:20.383+0000] {logging_mixin.py:120} INFO - [2025-11-23T07:11:20.382+0000] {dagbag.py:537} INFO - Filling up the DagBag from /home/airflow/.local/lib/python3.7/site-packages/airflow/example_dags/example_xcom.py
[2025-11-23T07:11:20.416+0000] {processor.py:766} INFO - DAG(s) dict_keys(['example_xcom']) retrieved from /home/airflow/.local/lib/python3.7/site-packages/airflow/example_dags/example_xcom.py
[2025-11-23T07:11:20.487+0000] {logging_mixin.py:120} INFO - [2025-11-23T07:11:20.486+0000] {dag.py:2585} INFO - Sync 1 DAGs
[2025-11-23T07:11:20.544+0000] {logging_mixin.py:120} INFO - [2025-11-23T07:11:20.544+0000] {dag.py:3340} INFO - Setting next_dagrun for example_xcom to 2021-01-01T00:00:00+00:00, run_after=2021-01-01T00:00:00+00:00
[2025-11-23T07:11:20.609+0000] {processor.py:176} INFO - Processing /home/airflow/.local/lib/python3.7/site-packages/airflow/example_dags/example_xcom.py took 0.233 seconds
[2025-11-23T07:11:50.747+0000] {processor.py:154} INFO - Started process (PID=4426) to work on /home/airflow/.local/lib/python3.7/site-packages/airflow/example_dags/example_xcom.py
[2025-11-23T07:11:50.758+0000] {processor.py:756} INFO - Processing file /home/airflow/.local/lib/python3.7/site-packages/airflow/example_dags/example_xcom.py for tasks to queue
[2025-11-23T07:11:50.761+0000] {logging_mixin.py:120} INFO - [2025-11-23T07:11:50.761+0000] {dagbag.py:537} INFO - Filling up the DagBag from /home/airflow/.local/lib/python3.7/site-packages/airflow/example_dags/example_xcom.py
[2025-11-23T07:11:50.812+0000] {processor.py:766} INFO - DAG(s) dict_keys(['example_xcom']) retrieved from /home/airflow/.local/lib/python3.7/site-packages/airflow/example_dags/example_xcom.py
[2025-11-23T07:11:50.867+0000] {logging_mixin.py:120} INFO - [2025-11-23T07:11:50.867+0000] {dag.py:2585} INFO - Sync 1 DAGs
[2025-11-23T07:11:50.896+0000] {logging_mixin.py:120} INFO - [2025-11-23T07:11:50.896+0000] {dag.py:3340} INFO - Setting next_dagrun for example_xcom to 2021-01-01T00:00:00+00:00, run_after=2021-01-01T00:00:00+00:00
[2025-11-23T07:11:50.928+0000] {processor.py:176} INFO - Processing /home/airflow/.local/lib/python3.7/site-packages/airflow/example_dags/example_xcom.py took 0.189 seconds
[2025-11-23T07:12:22.309+0000] {processor.py:154} INFO - Started process (PID=4488) to work on /home/airflow/.local/lib/python3.7/site-packages/airflow/example_dags/example_xcom.py
[2025-11-23T07:12:22.310+0000] {processor.py:756} INFO - Processing file /home/airflow/.local/lib/python3.7/site-packages/airflow/example_dags/example_xcom.py for tasks to queue
[2025-11-23T07:12:22.312+0000] {logging_mixin.py:120} INFO - [2025-11-23T07:12:22.311+0000] {dagbag.py:537} INFO - Filling up the DagBag from /home/airflow/.local/lib/python3.7/site-packages/airflow/example_dags/example_xcom.py
[2025-11-23T07:12:22.361+0000] {processor.py:766} INFO - DAG(s) dict_keys(['example_xcom']) retrieved from /home/airflow/.local/lib/python3.7/site-packages/airflow/example_dags/example_xcom.py
[2025-11-23T07:12:22.532+0000] {logging_mixin.py:120} INFO - [2025-11-23T07:12:22.517+0000] {dag.py:2585} INFO - Sync 1 DAGs
[2025-11-23T07:12:22.607+0000] {logging_mixin.py:120} INFO - [2025-11-23T07:12:22.606+0000] {dag.py:3340} INFO - Setting next_dagrun for example_xcom to 2021-01-01T00:00:00+00:00, run_after=2021-01-01T00:00:00+00:00
[2025-11-23T07:12:22.690+0000] {processor.py:176} INFO - Processing /home/airflow/.local/lib/python3.7/site-packages/airflow/example_dags/example_xcom.py took 0.388 seconds
[2025-11-23T07:12:53.305+0000] {processor.py:154} INFO - Started process (PID=4545) to work on /home/airflow/.local/lib/python3.7/site-packages/airflow/example_dags/example_xcom.py
[2025-11-23T07:12:53.307+0000] {processor.py:756} INFO - Processing file /home/airflow/.local/lib/python3.7/site-packages/airflow/example_dags/example_xcom.py for tasks to queue
[2025-11-23T07:12:53.309+0000] {logging_mixin.py:120} INFO - [2025-11-23T07:12:53.309+0000] {dagbag.py:537} INFO - Filling up the DagBag from /home/airflow/.local/lib/python3.7/site-packages/airflow/example_dags/example_xcom.py
[2025-11-23T07:12:53.359+0000] {processor.py:766} INFO - DAG(s) dict_keys(['example_xcom']) retrieved from /home/airflow/.local/lib/python3.7/site-packages/airflow/example_dags/example_xcom.py
[2025-11-23T07:12:53.457+0000] {logging_mixin.py:120} INFO - [2025-11-23T07:12:53.457+0000] {dag.py:2585} INFO - Sync 1 DAGs
[2025-11-23T07:12:53.532+0000] {logging_mixin.py:120} INFO - [2025-11-23T07:12:53.531+0000] {dag.py:3340} INFO - Setting next_dagrun for example_xcom to 2021-01-01T00:00:00+00:00, run_after=2021-01-01T00:00:00+00:00
[2025-11-23T07:12:53.587+0000] {processor.py:176} INFO - Processing /home/airflow/.local/lib/python3.7/site-packages/airflow/example_dags/example_xcom.py took 0.288 seconds
[2025-11-23T07:13:24.226+0000] {processor.py:154} INFO - Started process (PID=4611) to work on /home/airflow/.local/lib/python3.7/site-packages/airflow/example_dags/example_xcom.py
[2025-11-23T07:13:24.229+0000] {processor.py:756} INFO - Processing file /home/airflow/.local/lib/python3.7/site-packages/airflow/example_dags/example_xcom.py for tasks to queue
[2025-11-23T07:13:24.231+0000] {logging_mixin.py:120} INFO - [2025-11-23T07:13:24.231+0000] {dagbag.py:537} INFO - Filling up the DagBag from /home/airflow/.local/lib/python3.7/site-packages/airflow/example_dags/example_xcom.py
[2025-11-23T07:13:24.275+0000] {processor.py:766} INFO - DAG(s) dict_keys(['example_xcom']) retrieved from /home/airflow/.local/lib/python3.7/site-packages/airflow/example_dags/example_xcom.py
[2025-11-23T07:13:24.331+0000] {logging_mixin.py:120} INFO - [2025-11-23T07:13:24.331+0000] {dag.py:2585} INFO - Sync 1 DAGs
[2025-11-23T07:13:24.369+0000] {logging_mixin.py:120} INFO - [2025-11-23T07:13:24.368+0000] {dag.py:3340} INFO - Setting next_dagrun for example_xcom to 2021-01-01T00:00:00+00:00, run_after=2021-01-01T00:00:00+00:00
[2025-11-23T07:13:24.406+0000] {processor.py:176} INFO - Processing /home/airflow/.local/lib/python3.7/site-packages/airflow/example_dags/example_xcom.py took 0.185 seconds
[2025-11-23T07:13:54.657+0000] {processor.py:154} INFO - Started process (PID=4668) to work on /home/airflow/.local/lib/python3.7/site-packages/airflow/example_dags/example_xcom.py
[2025-11-23T07:13:54.659+0000] {processor.py:756} INFO - Processing file /home/airflow/.local/lib/python3.7/site-packages/airflow/example_dags/example_xcom.py for tasks to queue
[2025-11-23T07:13:54.662+0000] {logging_mixin.py:120} INFO - [2025-11-23T07:13:54.661+0000] {dagbag.py:537} INFO - Filling up the DagBag from /home/airflow/.local/lib/python3.7/site-packages/airflow/example_dags/example_xcom.py
[2025-11-23T07:13:54.703+0000] {processor.py:766} INFO - DAG(s) dict_keys(['example_xcom']) retrieved from /home/airflow/.local/lib/python3.7/site-packages/airflow/example_dags/example_xcom.py
[2025-11-23T07:13:54.791+0000] {logging_mixin.py:120} INFO - [2025-11-23T07:13:54.790+0000] {dag.py:2585} INFO - Sync 1 DAGs
[2025-11-23T07:13:54.858+0000] {logging_mixin.py:120} INFO - [2025-11-23T07:13:54.858+0000] {dag.py:3340} INFO - Setting next_dagrun for example_xcom to 2021-01-01T00:00:00+00:00, run_after=2021-01-01T00:00:00+00:00
[2025-11-23T07:13:54.921+0000] {processor.py:176} INFO - Processing /home/airflow/.local/lib/python3.7/site-packages/airflow/example_dags/example_xcom.py took 0.270 seconds
[2025-11-23T07:14:25.321+0000] {processor.py:154} INFO - Started process (PID=4734) to work on /home/airflow/.local/lib/python3.7/site-packages/airflow/example_dags/example_xcom.py
[2025-11-23T07:14:25.323+0000] {processor.py:756} INFO - Processing file /home/airflow/.local/lib/python3.7/site-packages/airflow/example_dags/example_xcom.py for tasks to queue
[2025-11-23T07:14:25.324+0000] {logging_mixin.py:120} INFO - [2025-11-23T07:14:25.324+0000] {dagbag.py:537} INFO - Filling up the DagBag from /home/airflow/.local/lib/python3.7/site-packages/airflow/example_dags/example_xcom.py
[2025-11-23T07:14:25.361+0000] {processor.py:766} INFO - DAG(s) dict_keys(['example_xcom']) retrieved from /home/airflow/.local/lib/python3.7/site-packages/airflow/example_dags/example_xcom.py
[2025-11-23T07:14:25.432+0000] {logging_mixin.py:120} INFO - [2025-11-23T07:14:25.432+0000] {dag.py:2585} INFO - Sync 1 DAGs
[2025-11-23T07:14:25.490+0000] {logging_mixin.py:120} INFO - [2025-11-23T07:14:25.490+0000] {dag.py:3340} INFO - Setting next_dagrun for example_xcom to 2021-01-01T00:00:00+00:00, run_after=2021-01-01T00:00:00+00:00
[2025-11-23T07:14:25.541+0000] {processor.py:176} INFO - Processing /home/airflow/.local/lib/python3.7/site-packages/airflow/example_dags/example_xcom.py took 0.224 seconds
[2025-11-23T07:14:55.982+0000] {processor.py:154} INFO - Started process (PID=4792) to work on /home/airflow/.local/lib/python3.7/site-packages/airflow/example_dags/example_xcom.py
[2025-11-23T07:14:55.984+0000] {processor.py:756} INFO - Processing file /home/airflow/.local/lib/python3.7/site-packages/airflow/example_dags/example_xcom.py for tasks to queue
[2025-11-23T07:14:55.986+0000] {logging_mixin.py:120} INFO - [2025-11-23T07:14:55.986+0000] {dagbag.py:537} INFO - Filling up the DagBag from /home/airflow/.local/lib/python3.7/site-packages/airflow/example_dags/example_xcom.py
[2025-11-23T07:14:56.025+0000] {processor.py:766} INFO - DAG(s) dict_keys(['example_xcom']) retrieved from /home/airflow/.local/lib/python3.7/site-packages/airflow/example_dags/example_xcom.py
[2025-11-23T07:14:56.088+0000] {logging_mixin.py:120} INFO - [2025-11-23T07:14:56.088+0000] {dag.py:2585} INFO - Sync 1 DAGs
[2025-11-23T07:14:56.122+0000] {logging_mixin.py:120} INFO - [2025-11-23T07:14:56.121+0000] {dag.py:3340} INFO - Setting next_dagrun for example_xcom to 2021-01-01T00:00:00+00:00, run_after=2021-01-01T00:00:00+00:00
[2025-11-23T07:14:56.155+0000] {processor.py:176} INFO - Processing /home/airflow/.local/lib/python3.7/site-packages/airflow/example_dags/example_xcom.py took 0.179 seconds
[2025-11-23T07:15:26.706+0000] {processor.py:154} INFO - Started process (PID=4859) to work on /home/airflow/.local/lib/python3.7/site-packages/airflow/example_dags/example_xcom.py
[2025-11-23T07:15:26.707+0000] {processor.py:756} INFO - Processing file /home/airflow/.local/lib/python3.7/site-packages/airflow/example_dags/example_xcom.py for tasks to queue
[2025-11-23T07:15:26.709+0000] {logging_mixin.py:120} INFO - [2025-11-23T07:15:26.709+0000] {dagbag.py:537} INFO - Filling up the DagBag from /home/airflow/.local/lib/python3.7/site-packages/airflow/example_dags/example_xcom.py
[2025-11-23T07:15:26.744+0000] {processor.py:766} INFO - DAG(s) dict_keys(['example_xcom']) retrieved from /home/airflow/.local/lib/python3.7/site-packages/airflow/example_dags/example_xcom.py
[2025-11-23T07:15:26.821+0000] {logging_mixin.py:120} INFO - [2025-11-23T07:15:26.820+0000] {dag.py:2585} INFO - Sync 1 DAGs
[2025-11-23T07:15:26.871+0000] {logging_mixin.py:120} INFO - [2025-11-23T07:15:26.871+0000] {dag.py:3340} INFO - Setting next_dagrun for example_xcom to 2021-01-01T00:00:00+00:00, run_after=2021-01-01T00:00:00+00:00
[2025-11-23T07:15:26.907+0000] {processor.py:176} INFO - Processing /home/airflow/.local/lib/python3.7/site-packages/airflow/example_dags/example_xcom.py took 0.207 seconds
[2025-11-23T07:15:57.680+0000] {processor.py:154} INFO - Started process (PID=4917) to work on /home/airflow/.local/lib/python3.7/site-packages/airflow/example_dags/example_xcom.py
[2025-11-23T07:15:57.681+0000] {processor.py:756} INFO - Processing file /home/airflow/.local/lib/python3.7/site-packages/airflow/example_dags/example_xcom.py for tasks to queue
[2025-11-23T07:15:57.683+0000] {logging_mixin.py:120} INFO - [2025-11-23T07:15:57.683+0000] {dagbag.py:537} INFO - Filling up the DagBag from /home/airflow/.local/lib/python3.7/site-packages/airflow/example_dags/example_xcom.py
[2025-11-23T07:15:57.716+0000] {processor.py:766} INFO - DAG(s) dict_keys(['example_xcom']) retrieved from /home/airflow/.local/lib/python3.7/site-packages/airflow/example_dags/example_xcom.py
[2025-11-23T07:15:57.784+0000] {logging_mixin.py:120} INFO - [2025-11-23T07:15:57.783+0000] {dag.py:2585} INFO - Sync 1 DAGs
[2025-11-23T07:15:57.839+0000] {logging_mixin.py:120} INFO - [2025-11-23T07:15:57.836+0000] {dag.py:3340} INFO - Setting next_dagrun for example_xcom to 2021-01-01T00:00:00+00:00, run_after=2021-01-01T00:00:00+00:00
[2025-11-23T07:15:57.882+0000] {processor.py:176} INFO - Processing /home/airflow/.local/lib/python3.7/site-packages/airflow/example_dags/example_xcom.py took 0.206 seconds
[2025-11-23T07:16:28.640+0000] {processor.py:154} INFO - Started process (PID=4983) to work on /home/airflow/.local/lib/python3.7/site-packages/airflow/example_dags/example_xcom.py
[2025-11-23T07:16:28.642+0000] {processor.py:756} INFO - Processing file /home/airflow/.local/lib/python3.7/site-packages/airflow/example_dags/example_xcom.py for tasks to queue
[2025-11-23T07:16:28.643+0000] {logging_mixin.py:120} INFO - [2025-11-23T07:16:28.643+0000] {dagbag.py:537} INFO - Filling up the DagBag from /home/airflow/.local/lib/python3.7/site-packages/airflow/example_dags/example_xcom.py
[2025-11-23T07:16:28.676+0000] {processor.py:766} INFO - DAG(s) dict_keys(['example_xcom']) retrieved from /home/airflow/.local/lib/python3.7/site-packages/airflow/example_dags/example_xcom.py
[2025-11-23T07:16:28.750+0000] {logging_mixin.py:120} INFO - [2025-11-23T07:16:28.750+0000] {dag.py:2585} INFO - Sync 1 DAGs
[2025-11-23T07:16:28.797+0000] {logging_mixin.py:120} INFO - [2025-11-23T07:16:28.797+0000] {dag.py:3340} INFO - Setting next_dagrun for example_xcom to 2021-01-01T00:00:00+00:00, run_after=2021-01-01T00:00:00+00:00
[2025-11-23T07:16:28.839+0000] {processor.py:176} INFO - Processing /home/airflow/.local/lib/python3.7/site-packages/airflow/example_dags/example_xcom.py took 0.206 seconds
[2025-11-23T07:16:59.551+0000] {processor.py:154} INFO - Started process (PID=5047) to work on /home/airflow/.local/lib/python3.7/site-packages/airflow/example_dags/example_xcom.py
[2025-11-23T07:16:59.553+0000] {processor.py:756} INFO - Processing file /home/airflow/.local/lib/python3.7/site-packages/airflow/example_dags/example_xcom.py for tasks to queue
[2025-11-23T07:16:59.555+0000] {logging_mixin.py:120} INFO - [2025-11-23T07:16:59.555+0000] {dagbag.py:537} INFO - Filling up the DagBag from /home/airflow/.local/lib/python3.7/site-packages/airflow/example_dags/example_xcom.py
[2025-11-23T07:16:59.590+0000] {processor.py:766} INFO - DAG(s) dict_keys(['example_xcom']) retrieved from /home/airflow/.local/lib/python3.7/site-packages/airflow/example_dags/example_xcom.py
[2025-11-23T07:16:59.687+0000] {logging_mixin.py:120} INFO - [2025-11-23T07:16:59.687+0000] {dag.py:2585} INFO - Sync 1 DAGs
[2025-11-23T07:16:59.740+0000] {logging_mixin.py:120} INFO - [2025-11-23T07:16:59.740+0000] {dag.py:3340} INFO - Setting next_dagrun for example_xcom to 2021-01-01T00:00:00+00:00, run_after=2021-01-01T00:00:00+00:00
[2025-11-23T07:16:59.816+0000] {processor.py:176} INFO - Processing /home/airflow/.local/lib/python3.7/site-packages/airflow/example_dags/example_xcom.py took 0.270 seconds
[2025-11-23T07:17:34.068+0000] {processor.py:154} INFO - Started process (PID=5109) to work on /home/airflow/.local/lib/python3.7/site-packages/airflow/example_dags/example_xcom.py
[2025-11-23T07:17:34.070+0000] {processor.py:756} INFO - Processing file /home/airflow/.local/lib/python3.7/site-packages/airflow/example_dags/example_xcom.py for tasks to queue
[2025-11-23T07:17:34.080+0000] {logging_mixin.py:120} INFO - [2025-11-23T07:17:34.079+0000] {dagbag.py:537} INFO - Filling up the DagBag from /home/airflow/.local/lib/python3.7/site-packages/airflow/example_dags/example_xcom.py
[2025-11-23T07:17:34.310+0000] {processor.py:766} INFO - DAG(s) dict_keys(['example_xcom']) retrieved from /home/airflow/.local/lib/python3.7/site-packages/airflow/example_dags/example_xcom.py
[2025-11-23T07:17:34.546+0000] {logging_mixin.py:120} INFO - [2025-11-23T07:17:34.546+0000] {dag.py:2585} INFO - Sync 1 DAGs
[2025-11-23T07:17:34.753+0000] {logging_mixin.py:120} INFO - [2025-11-23T07:17:34.753+0000] {dag.py:3340} INFO - Setting next_dagrun for example_xcom to 2021-01-01T00:00:00+00:00, run_after=2021-01-01T00:00:00+00:00
[2025-11-23T07:17:35.093+0000] {processor.py:176} INFO - Processing /home/airflow/.local/lib/python3.7/site-packages/airflow/example_dags/example_xcom.py took 1.030 seconds
[2025-11-23T07:18:05.379+0000] {processor.py:154} INFO - Started process (PID=5167) to work on /home/airflow/.local/lib/python3.7/site-packages/airflow/example_dags/example_xcom.py
[2025-11-23T07:18:05.380+0000] {processor.py:756} INFO - Processing file /home/airflow/.local/lib/python3.7/site-packages/airflow/example_dags/example_xcom.py for tasks to queue
[2025-11-23T07:18:05.382+0000] {logging_mixin.py:120} INFO - [2025-11-23T07:18:05.382+0000] {dagbag.py:537} INFO - Filling up the DagBag from /home/airflow/.local/lib/python3.7/site-packages/airflow/example_dags/example_xcom.py
[2025-11-23T07:18:05.449+0000] {processor.py:766} INFO - DAG(s) dict_keys(['example_xcom']) retrieved from /home/airflow/.local/lib/python3.7/site-packages/airflow/example_dags/example_xcom.py
[2025-11-23T07:18:05.574+0000] {logging_mixin.py:120} INFO - [2025-11-23T07:18:05.573+0000] {dag.py:2585} INFO - Sync 1 DAGs
[2025-11-23T07:18:05.645+0000] {logging_mixin.py:120} INFO - [2025-11-23T07:18:05.645+0000] {dag.py:3340} INFO - Setting next_dagrun for example_xcom to 2021-01-01T00:00:00+00:00, run_after=2021-01-01T00:00:00+00:00
[2025-11-23T07:18:05.791+0000] {processor.py:176} INFO - Processing /home/airflow/.local/lib/python3.7/site-packages/airflow/example_dags/example_xcom.py took 0.419 seconds
[2025-11-23T07:18:36.384+0000] {processor.py:154} INFO - Started process (PID=5225) to work on /home/airflow/.local/lib/python3.7/site-packages/airflow/example_dags/example_xcom.py
[2025-11-23T07:18:36.386+0000] {processor.py:756} INFO - Processing file /home/airflow/.local/lib/python3.7/site-packages/airflow/example_dags/example_xcom.py for tasks to queue
[2025-11-23T07:18:36.389+0000] {logging_mixin.py:120} INFO - [2025-11-23T07:18:36.388+0000] {dagbag.py:537} INFO - Filling up the DagBag from /home/airflow/.local/lib/python3.7/site-packages/airflow/example_dags/example_xcom.py
[2025-11-23T07:18:36.461+0000] {processor.py:766} INFO - DAG(s) dict_keys(['example_xcom']) retrieved from /home/airflow/.local/lib/python3.7/site-packages/airflow/example_dags/example_xcom.py
[2025-11-23T07:18:36.557+0000] {logging_mixin.py:120} INFO - [2025-11-23T07:18:36.557+0000] {dag.py:2585} INFO - Sync 1 DAGs
[2025-11-23T07:18:36.600+0000] {logging_mixin.py:120} INFO - [2025-11-23T07:18:36.600+0000] {dag.py:3340} INFO - Setting next_dagrun for example_xcom to 2021-01-01T00:00:00+00:00, run_after=2021-01-01T00:00:00+00:00
[2025-11-23T07:18:36.642+0000] {processor.py:176} INFO - Processing /home/airflow/.local/lib/python3.7/site-packages/airflow/example_dags/example_xcom.py took 0.264 seconds
[2025-11-23T07:19:07.293+0000] {processor.py:154} INFO - Started process (PID=5283) to work on /home/airflow/.local/lib/python3.7/site-packages/airflow/example_dags/example_xcom.py
[2025-11-23T07:19:07.301+0000] {processor.py:756} INFO - Processing file /home/airflow/.local/lib/python3.7/site-packages/airflow/example_dags/example_xcom.py for tasks to queue
[2025-11-23T07:19:07.305+0000] {logging_mixin.py:120} INFO - [2025-11-23T07:19:07.304+0000] {dagbag.py:537} INFO - Filling up the DagBag from /home/airflow/.local/lib/python3.7/site-packages/airflow/example_dags/example_xcom.py
[2025-11-23T07:19:07.408+0000] {processor.py:766} INFO - DAG(s) dict_keys(['example_xcom']) retrieved from /home/airflow/.local/lib/python3.7/site-packages/airflow/example_dags/example_xcom.py
[2025-11-23T07:19:07.580+0000] {logging_mixin.py:120} INFO - [2025-11-23T07:19:07.580+0000] {dag.py:2585} INFO - Sync 1 DAGs
[2025-11-23T07:19:07.728+0000] {logging_mixin.py:120} INFO - [2025-11-23T07:19:07.727+0000] {dag.py:3340} INFO - Setting next_dagrun for example_xcom to 2021-01-01T00:00:00+00:00, run_after=2021-01-01T00:00:00+00:00
[2025-11-23T07:19:07.927+0000] {processor.py:176} INFO - Processing /home/airflow/.local/lib/python3.7/site-packages/airflow/example_dags/example_xcom.py took 0.659 seconds
[2025-11-23T07:19:38.662+0000] {processor.py:154} INFO - Started process (PID=5342) to work on /home/airflow/.local/lib/python3.7/site-packages/airflow/example_dags/example_xcom.py
[2025-11-23T07:19:38.665+0000] {processor.py:756} INFO - Processing file /home/airflow/.local/lib/python3.7/site-packages/airflow/example_dags/example_xcom.py for tasks to queue
[2025-11-23T07:19:38.672+0000] {logging_mixin.py:120} INFO - [2025-11-23T07:19:38.672+0000] {dagbag.py:537} INFO - Filling up the DagBag from /home/airflow/.local/lib/python3.7/site-packages/airflow/example_dags/example_xcom.py
[2025-11-23T07:19:38.722+0000] {processor.py:766} INFO - DAG(s) dict_keys(['example_xcom']) retrieved from /home/airflow/.local/lib/python3.7/site-packages/airflow/example_dags/example_xcom.py
[2025-11-23T07:19:38.809+0000] {logging_mixin.py:120} INFO - [2025-11-23T07:19:38.809+0000] {dag.py:2585} INFO - Sync 1 DAGs
[2025-11-23T07:19:38.860+0000] {logging_mixin.py:120} INFO - [2025-11-23T07:19:38.859+0000] {dag.py:3340} INFO - Setting next_dagrun for example_xcom to 2021-01-01T00:00:00+00:00, run_after=2021-01-01T00:00:00+00:00
[2025-11-23T07:19:38.944+0000] {processor.py:176} INFO - Processing /home/airflow/.local/lib/python3.7/site-packages/airflow/example_dags/example_xcom.py took 0.287 seconds
[2025-11-23T07:20:09.289+0000] {processor.py:154} INFO - Started process (PID=5409) to work on /home/airflow/.local/lib/python3.7/site-packages/airflow/example_dags/example_xcom.py
[2025-11-23T07:20:09.291+0000] {processor.py:756} INFO - Processing file /home/airflow/.local/lib/python3.7/site-packages/airflow/example_dags/example_xcom.py for tasks to queue
[2025-11-23T07:20:09.293+0000] {logging_mixin.py:120} INFO - [2025-11-23T07:20:09.293+0000] {dagbag.py:537} INFO - Filling up the DagBag from /home/airflow/.local/lib/python3.7/site-packages/airflow/example_dags/example_xcom.py
[2025-11-23T07:20:09.416+0000] {processor.py:766} INFO - DAG(s) dict_keys(['example_xcom']) retrieved from /home/airflow/.local/lib/python3.7/site-packages/airflow/example_dags/example_xcom.py
[2025-11-23T07:20:09.562+0000] {logging_mixin.py:120} INFO - [2025-11-23T07:20:09.562+0000] {dag.py:2585} INFO - Sync 1 DAGs
[2025-11-23T07:20:09.677+0000] {logging_mixin.py:120} INFO - [2025-11-23T07:20:09.676+0000] {dag.py:3340} INFO - Setting next_dagrun for example_xcom to 2021-01-01T00:00:00+00:00, run_after=2021-01-01T00:00:00+00:00
[2025-11-23T07:20:09.723+0000] {processor.py:176} INFO - Processing /home/airflow/.local/lib/python3.7/site-packages/airflow/example_dags/example_xcom.py took 0.445 seconds
[2025-11-23T07:20:40.049+0000] {processor.py:154} INFO - Started process (PID=5467) to work on /home/airflow/.local/lib/python3.7/site-packages/airflow/example_dags/example_xcom.py
[2025-11-23T07:20:40.051+0000] {processor.py:756} INFO - Processing file /home/airflow/.local/lib/python3.7/site-packages/airflow/example_dags/example_xcom.py for tasks to queue
[2025-11-23T07:20:40.054+0000] {logging_mixin.py:120} INFO - [2025-11-23T07:20:40.053+0000] {dagbag.py:537} INFO - Filling up the DagBag from /home/airflow/.local/lib/python3.7/site-packages/airflow/example_dags/example_xcom.py
[2025-11-23T07:20:40.151+0000] {processor.py:766} INFO - DAG(s) dict_keys(['example_xcom']) retrieved from /home/airflow/.local/lib/python3.7/site-packages/airflow/example_dags/example_xcom.py
[2025-11-23T07:20:40.406+0000] {logging_mixin.py:120} INFO - [2025-11-23T07:20:40.406+0000] {dag.py:2585} INFO - Sync 1 DAGs
[2025-11-23T07:20:40.580+0000] {logging_mixin.py:120} INFO - [2025-11-23T07:20:40.578+0000] {dag.py:3340} INFO - Setting next_dagrun for example_xcom to 2021-01-01T00:00:00+00:00, run_after=2021-01-01T00:00:00+00:00
[2025-11-23T07:20:40.635+0000] {processor.py:176} INFO - Processing /home/airflow/.local/lib/python3.7/site-packages/airflow/example_dags/example_xcom.py took 0.593 seconds
[2025-11-23T07:21:10.979+0000] {processor.py:154} INFO - Started process (PID=5535) to work on /home/airflow/.local/lib/python3.7/site-packages/airflow/example_dags/example_xcom.py
[2025-11-23T07:21:10.981+0000] {processor.py:756} INFO - Processing file /home/airflow/.local/lib/python3.7/site-packages/airflow/example_dags/example_xcom.py for tasks to queue
[2025-11-23T07:21:10.983+0000] {logging_mixin.py:120} INFO - [2025-11-23T07:21:10.982+0000] {dagbag.py:537} INFO - Filling up the DagBag from /home/airflow/.local/lib/python3.7/site-packages/airflow/example_dags/example_xcom.py
[2025-11-23T07:21:11.028+0000] {processor.py:766} INFO - DAG(s) dict_keys(['example_xcom']) retrieved from /home/airflow/.local/lib/python3.7/site-packages/airflow/example_dags/example_xcom.py
[2025-11-23T07:21:11.092+0000] {logging_mixin.py:120} INFO - [2025-11-23T07:21:11.091+0000] {dag.py:2585} INFO - Sync 1 DAGs
[2025-11-23T07:21:11.130+0000] {logging_mixin.py:120} INFO - [2025-11-23T07:21:11.129+0000] {dag.py:3340} INFO - Setting next_dagrun for example_xcom to 2021-01-01T00:00:00+00:00, run_after=2021-01-01T00:00:00+00:00
[2025-11-23T07:21:11.265+0000] {processor.py:176} INFO - Processing /home/airflow/.local/lib/python3.7/site-packages/airflow/example_dags/example_xcom.py took 0.292 seconds
[2025-11-23T07:21:41.502+0000] {processor.py:154} INFO - Started process (PID=5593) to work on /home/airflow/.local/lib/python3.7/site-packages/airflow/example_dags/example_xcom.py
[2025-11-23T07:21:41.504+0000] {processor.py:756} INFO - Processing file /home/airflow/.local/lib/python3.7/site-packages/airflow/example_dags/example_xcom.py for tasks to queue
[2025-11-23T07:21:41.505+0000] {logging_mixin.py:120} INFO - [2025-11-23T07:21:41.505+0000] {dagbag.py:537} INFO - Filling up the DagBag from /home/airflow/.local/lib/python3.7/site-packages/airflow/example_dags/example_xcom.py
[2025-11-23T07:21:41.551+0000] {processor.py:766} INFO - DAG(s) dict_keys(['example_xcom']) retrieved from /home/airflow/.local/lib/python3.7/site-packages/airflow/example_dags/example_xcom.py
[2025-11-23T07:21:41.646+0000] {logging_mixin.py:120} INFO - [2025-11-23T07:21:41.646+0000] {dag.py:2585} INFO - Sync 1 DAGs
[2025-11-23T07:21:41.738+0000] {logging_mixin.py:120} INFO - [2025-11-23T07:21:41.737+0000] {dag.py:3340} INFO - Setting next_dagrun for example_xcom to 2021-01-01T00:00:00+00:00, run_after=2021-01-01T00:00:00+00:00
[2025-11-23T07:21:41.811+0000] {processor.py:176} INFO - Processing /home/airflow/.local/lib/python3.7/site-packages/airflow/example_dags/example_xcom.py took 0.316 seconds
[2025-11-23T07:22:12.057+0000] {processor.py:154} INFO - Started process (PID=5659) to work on /home/airflow/.local/lib/python3.7/site-packages/airflow/example_dags/example_xcom.py
[2025-11-23T07:22:12.061+0000] {processor.py:756} INFO - Processing file /home/airflow/.local/lib/python3.7/site-packages/airflow/example_dags/example_xcom.py for tasks to queue
[2025-11-23T07:22:12.064+0000] {logging_mixin.py:120} INFO - [2025-11-23T07:22:12.064+0000] {dagbag.py:537} INFO - Filling up the DagBag from /home/airflow/.local/lib/python3.7/site-packages/airflow/example_dags/example_xcom.py
[2025-11-23T07:22:12.114+0000] {processor.py:766} INFO - DAG(s) dict_keys(['example_xcom']) retrieved from /home/airflow/.local/lib/python3.7/site-packages/airflow/example_dags/example_xcom.py
[2025-11-23T07:22:12.213+0000] {logging_mixin.py:120} INFO - [2025-11-23T07:22:12.213+0000] {dag.py:2585} INFO - Sync 1 DAGs
[2025-11-23T07:22:12.273+0000] {logging_mixin.py:120} INFO - [2025-11-23T07:22:12.273+0000] {dag.py:3340} INFO - Setting next_dagrun for example_xcom to 2021-01-01T00:00:00+00:00, run_after=2021-01-01T00:00:00+00:00
[2025-11-23T07:22:12.346+0000] {processor.py:176} INFO - Processing /home/airflow/.local/lib/python3.7/site-packages/airflow/example_dags/example_xcom.py took 0.296 seconds
[2025-11-23T07:22:42.434+0000] {processor.py:154} INFO - Started process (PID=5716) to work on /home/airflow/.local/lib/python3.7/site-packages/airflow/example_dags/example_xcom.py
[2025-11-23T07:22:42.436+0000] {processor.py:756} INFO - Processing file /home/airflow/.local/lib/python3.7/site-packages/airflow/example_dags/example_xcom.py for tasks to queue
[2025-11-23T07:22:42.438+0000] {logging_mixin.py:120} INFO - [2025-11-23T07:22:42.438+0000] {dagbag.py:537} INFO - Filling up the DagBag from /home/airflow/.local/lib/python3.7/site-packages/airflow/example_dags/example_xcom.py
[2025-11-23T07:22:42.484+0000] {processor.py:766} INFO - DAG(s) dict_keys(['example_xcom']) retrieved from /home/airflow/.local/lib/python3.7/site-packages/airflow/example_dags/example_xcom.py
[2025-11-23T07:22:42.566+0000] {logging_mixin.py:120} INFO - [2025-11-23T07:22:42.566+0000] {dag.py:2585} INFO - Sync 1 DAGs
[2025-11-23T07:22:42.603+0000] {logging_mixin.py:120} INFO - [2025-11-23T07:22:42.603+0000] {dag.py:3340} INFO - Setting next_dagrun for example_xcom to 2021-01-01T00:00:00+00:00, run_after=2021-01-01T00:00:00+00:00
[2025-11-23T07:22:42.637+0000] {processor.py:176} INFO - Processing /home/airflow/.local/lib/python3.7/site-packages/airflow/example_dags/example_xcom.py took 0.211 seconds
[2025-11-23T07:23:12.875+0000] {processor.py:154} INFO - Started process (PID=5772) to work on /home/airflow/.local/lib/python3.7/site-packages/airflow/example_dags/example_xcom.py
[2025-11-23T07:23:12.876+0000] {processor.py:756} INFO - Processing file /home/airflow/.local/lib/python3.7/site-packages/airflow/example_dags/example_xcom.py for tasks to queue
[2025-11-23T07:23:12.878+0000] {logging_mixin.py:120} INFO - [2025-11-23T07:23:12.877+0000] {dagbag.py:537} INFO - Filling up the DagBag from /home/airflow/.local/lib/python3.7/site-packages/airflow/example_dags/example_xcom.py
[2025-11-23T07:23:12.924+0000] {processor.py:766} INFO - DAG(s) dict_keys(['example_xcom']) retrieved from /home/airflow/.local/lib/python3.7/site-packages/airflow/example_dags/example_xcom.py
[2025-11-23T07:23:13.045+0000] {logging_mixin.py:120} INFO - [2025-11-23T07:23:13.044+0000] {dag.py:2585} INFO - Sync 1 DAGs
[2025-11-23T07:23:13.114+0000] {logging_mixin.py:120} INFO - [2025-11-23T07:23:13.113+0000] {dag.py:3340} INFO - Setting next_dagrun for example_xcom to 2021-01-01T00:00:00+00:00, run_after=2021-01-01T00:00:00+00:00
[2025-11-23T07:23:13.180+0000] {processor.py:176} INFO - Processing /home/airflow/.local/lib/python3.7/site-packages/airflow/example_dags/example_xcom.py took 0.310 seconds
