[2025-11-23T06:35:11.385+0000] {processor.py:154} INFO - Started process (PID=104) to work on /home/airflow/.local/lib/python3.7/site-packages/airflow/example_dags/example_branch_labels.py
[2025-11-23T06:35:11.415+0000] {processor.py:756} INFO - Processing file /home/airflow/.local/lib/python3.7/site-packages/airflow/example_dags/example_branch_labels.py for tasks to queue
[2025-11-23T06:35:11.418+0000] {logging_mixin.py:120} INFO - [2025-11-23T06:35:11.417+0000] {dagbag.py:537} INFO - Filling up the DagBag from /home/airflow/.local/lib/python3.7/site-packages/airflow/example_dags/example_branch_labels.py
[2025-11-23T06:35:11.856+0000] {processor.py:766} INFO - DAG(s) dict_keys(['example_branch_labels']) retrieved from /home/airflow/.local/lib/python3.7/site-packages/airflow/example_dags/example_branch_labels.py
[2025-11-23T06:35:12.361+0000] {logging_mixin.py:120} INFO - [2025-11-23T06:35:12.360+0000] {dag.py:2585} INFO - Sync 1 DAGs
[2025-11-23T06:35:12.570+0000] {logging_mixin.py:120} INFO - [2025-11-23T06:35:12.569+0000] {dag.py:3340} INFO - Setting next_dagrun for example_branch_labels to 2025-11-22T00:00:00+00:00, run_after=2025-11-23T00:00:00+00:00
[2025-11-23T06:35:12.746+0000] {processor.py:176} INFO - Processing /home/airflow/.local/lib/python3.7/site-packages/airflow/example_dags/example_branch_labels.py took 1.394 seconds
[2025-11-23T06:35:42.861+0000] {processor.py:154} INFO - Started process (PID=161) to work on /home/airflow/.local/lib/python3.7/site-packages/airflow/example_dags/example_branch_labels.py
[2025-11-23T06:35:42.863+0000] {processor.py:756} INFO - Processing file /home/airflow/.local/lib/python3.7/site-packages/airflow/example_dags/example_branch_labels.py for tasks to queue
[2025-11-23T06:35:42.865+0000] {logging_mixin.py:120} INFO - [2025-11-23T06:35:42.864+0000] {dagbag.py:537} INFO - Filling up the DagBag from /home/airflow/.local/lib/python3.7/site-packages/airflow/example_dags/example_branch_labels.py
[2025-11-23T06:35:42.891+0000] {processor.py:766} INFO - DAG(s) dict_keys(['example_branch_labels']) retrieved from /home/airflow/.local/lib/python3.7/site-packages/airflow/example_dags/example_branch_labels.py
[2025-11-23T06:35:42.952+0000] {logging_mixin.py:120} INFO - [2025-11-23T06:35:42.952+0000] {dag.py:2585} INFO - Sync 1 DAGs
[2025-11-23T06:35:43.005+0000] {logging_mixin.py:120} INFO - [2025-11-23T06:35:43.004+0000] {dag.py:3340} INFO - Setting next_dagrun for example_branch_labels to 2025-11-22T00:00:00+00:00, run_after=2025-11-23T00:00:00+00:00
[2025-11-23T06:35:43.034+0000] {processor.py:176} INFO - Processing /home/airflow/.local/lib/python3.7/site-packages/airflow/example_dags/example_branch_labels.py took 0.178 seconds
[2025-11-23T06:36:13.187+0000] {processor.py:154} INFO - Started process (PID=218) to work on /home/airflow/.local/lib/python3.7/site-packages/airflow/example_dags/example_branch_labels.py
[2025-11-23T06:36:13.188+0000] {processor.py:756} INFO - Processing file /home/airflow/.local/lib/python3.7/site-packages/airflow/example_dags/example_branch_labels.py for tasks to queue
[2025-11-23T06:36:13.190+0000] {logging_mixin.py:120} INFO - [2025-11-23T06:36:13.189+0000] {dagbag.py:537} INFO - Filling up the DagBag from /home/airflow/.local/lib/python3.7/site-packages/airflow/example_dags/example_branch_labels.py
[2025-11-23T06:36:13.208+0000] {processor.py:766} INFO - DAG(s) dict_keys(['example_branch_labels']) retrieved from /home/airflow/.local/lib/python3.7/site-packages/airflow/example_dags/example_branch_labels.py
[2025-11-23T06:36:13.264+0000] {logging_mixin.py:120} INFO - [2025-11-23T06:36:13.263+0000] {dag.py:2585} INFO - Sync 1 DAGs
[2025-11-23T06:36:13.300+0000] {logging_mixin.py:120} INFO - [2025-11-23T06:36:13.300+0000] {dag.py:3340} INFO - Setting next_dagrun for example_branch_labels to 2025-11-22T00:00:00+00:00, run_after=2025-11-23T00:00:00+00:00
[2025-11-23T06:36:13.335+0000] {processor.py:176} INFO - Processing /home/airflow/.local/lib/python3.7/site-packages/airflow/example_dags/example_branch_labels.py took 0.152 seconds
[2025-11-23T06:36:44.016+0000] {processor.py:154} INFO - Started process (PID=282) to work on /home/airflow/.local/lib/python3.7/site-packages/airflow/example_dags/example_branch_labels.py
[2025-11-23T06:36:44.018+0000] {processor.py:756} INFO - Processing file /home/airflow/.local/lib/python3.7/site-packages/airflow/example_dags/example_branch_labels.py for tasks to queue
[2025-11-23T06:36:44.019+0000] {logging_mixin.py:120} INFO - [2025-11-23T06:36:44.019+0000] {dagbag.py:537} INFO - Filling up the DagBag from /home/airflow/.local/lib/python3.7/site-packages/airflow/example_dags/example_branch_labels.py
[2025-11-23T06:36:44.078+0000] {processor.py:766} INFO - DAG(s) dict_keys(['example_branch_labels']) retrieved from /home/airflow/.local/lib/python3.7/site-packages/airflow/example_dags/example_branch_labels.py
[2025-11-23T06:36:44.226+0000] {logging_mixin.py:120} INFO - [2025-11-23T06:36:44.226+0000] {dag.py:2585} INFO - Sync 1 DAGs
[2025-11-23T06:36:44.266+0000] {logging_mixin.py:120} INFO - [2025-11-23T06:36:44.266+0000] {dag.py:3340} INFO - Setting next_dagrun for example_branch_labels to 2025-11-22T00:00:00+00:00, run_after=2025-11-23T00:00:00+00:00
[2025-11-23T06:36:44.319+0000] {processor.py:176} INFO - Processing /home/airflow/.local/lib/python3.7/site-packages/airflow/example_dags/example_branch_labels.py took 0.310 seconds
[2025-11-23T06:37:14.509+0000] {processor.py:154} INFO - Started process (PID=338) to work on /home/airflow/.local/lib/python3.7/site-packages/airflow/example_dags/example_branch_labels.py
[2025-11-23T06:37:14.511+0000] {processor.py:756} INFO - Processing file /home/airflow/.local/lib/python3.7/site-packages/airflow/example_dags/example_branch_labels.py for tasks to queue
[2025-11-23T06:37:14.512+0000] {logging_mixin.py:120} INFO - [2025-11-23T06:37:14.512+0000] {dagbag.py:537} INFO - Filling up the DagBag from /home/airflow/.local/lib/python3.7/site-packages/airflow/example_dags/example_branch_labels.py
[2025-11-23T06:37:14.546+0000] {processor.py:766} INFO - DAG(s) dict_keys(['example_branch_labels']) retrieved from /home/airflow/.local/lib/python3.7/site-packages/airflow/example_dags/example_branch_labels.py
[2025-11-23T06:37:14.726+0000] {logging_mixin.py:120} INFO - [2025-11-23T06:37:14.725+0000] {dag.py:2585} INFO - Sync 1 DAGs
[2025-11-23T06:37:14.790+0000] {logging_mixin.py:120} INFO - [2025-11-23T06:37:14.789+0000] {dag.py:3340} INFO - Setting next_dagrun for example_branch_labels to 2025-11-22T00:00:00+00:00, run_after=2025-11-23T00:00:00+00:00
[2025-11-23T06:37:14.888+0000] {processor.py:176} INFO - Processing /home/airflow/.local/lib/python3.7/site-packages/airflow/example_dags/example_branch_labels.py took 0.386 seconds
[2025-11-23T06:37:45.765+0000] {processor.py:154} INFO - Started process (PID=403) to work on /home/airflow/.local/lib/python3.7/site-packages/airflow/example_dags/example_branch_labels.py
[2025-11-23T06:37:45.766+0000] {processor.py:756} INFO - Processing file /home/airflow/.local/lib/python3.7/site-packages/airflow/example_dags/example_branch_labels.py for tasks to queue
[2025-11-23T06:37:45.768+0000] {logging_mixin.py:120} INFO - [2025-11-23T06:37:45.767+0000] {dagbag.py:537} INFO - Filling up the DagBag from /home/airflow/.local/lib/python3.7/site-packages/airflow/example_dags/example_branch_labels.py
[2025-11-23T06:37:45.791+0000] {processor.py:766} INFO - DAG(s) dict_keys(['example_branch_labels']) retrieved from /home/airflow/.local/lib/python3.7/site-packages/airflow/example_dags/example_branch_labels.py
[2025-11-23T06:37:45.843+0000] {logging_mixin.py:120} INFO - [2025-11-23T06:37:45.843+0000] {dag.py:2585} INFO - Sync 1 DAGs
[2025-11-23T06:37:45.877+0000] {logging_mixin.py:120} INFO - [2025-11-23T06:37:45.877+0000] {dag.py:3340} INFO - Setting next_dagrun for example_branch_labels to 2025-11-22T00:00:00+00:00, run_after=2025-11-23T00:00:00+00:00
[2025-11-23T06:37:45.910+0000] {processor.py:176} INFO - Processing /home/airflow/.local/lib/python3.7/site-packages/airflow/example_dags/example_branch_labels.py took 0.151 seconds
[2025-11-23T06:38:16.222+0000] {processor.py:154} INFO - Started process (PID=459) to work on /home/airflow/.local/lib/python3.7/site-packages/airflow/example_dags/example_branch_labels.py
[2025-11-23T06:38:16.224+0000] {processor.py:756} INFO - Processing file /home/airflow/.local/lib/python3.7/site-packages/airflow/example_dags/example_branch_labels.py for tasks to queue
[2025-11-23T06:38:16.233+0000] {logging_mixin.py:120} INFO - [2025-11-23T06:38:16.227+0000] {dagbag.py:537} INFO - Filling up the DagBag from /home/airflow/.local/lib/python3.7/site-packages/airflow/example_dags/example_branch_labels.py
[2025-11-23T06:38:16.282+0000] {processor.py:766} INFO - DAG(s) dict_keys(['example_branch_labels']) retrieved from /home/airflow/.local/lib/python3.7/site-packages/airflow/example_dags/example_branch_labels.py
[2025-11-23T06:38:16.443+0000] {logging_mixin.py:120} INFO - [2025-11-23T06:38:16.442+0000] {dag.py:2585} INFO - Sync 1 DAGs
[2025-11-23T06:38:16.591+0000] {logging_mixin.py:120} INFO - [2025-11-23T06:38:16.591+0000] {dag.py:3340} INFO - Setting next_dagrun for example_branch_labels to 2025-11-22T00:00:00+00:00, run_after=2025-11-23T00:00:00+00:00
[2025-11-23T06:38:16.632+0000] {processor.py:176} INFO - Processing /home/airflow/.local/lib/python3.7/site-packages/airflow/example_dags/example_branch_labels.py took 0.417 seconds
[2025-11-23T06:38:46.909+0000] {processor.py:154} INFO - Started process (PID=514) to work on /home/airflow/.local/lib/python3.7/site-packages/airflow/example_dags/example_branch_labels.py
[2025-11-23T06:38:46.912+0000] {processor.py:756} INFO - Processing file /home/airflow/.local/lib/python3.7/site-packages/airflow/example_dags/example_branch_labels.py for tasks to queue
[2025-11-23T06:38:46.913+0000] {logging_mixin.py:120} INFO - [2025-11-23T06:38:46.913+0000] {dagbag.py:537} INFO - Filling up the DagBag from /home/airflow/.local/lib/python3.7/site-packages/airflow/example_dags/example_branch_labels.py
[2025-11-23T06:38:46.940+0000] {processor.py:766} INFO - DAG(s) dict_keys(['example_branch_labels']) retrieved from /home/airflow/.local/lib/python3.7/site-packages/airflow/example_dags/example_branch_labels.py
[2025-11-23T06:38:47.036+0000] {logging_mixin.py:120} INFO - [2025-11-23T06:38:47.035+0000] {dag.py:2585} INFO - Sync 1 DAGs
[2025-11-23T06:38:47.089+0000] {logging_mixin.py:120} INFO - [2025-11-23T06:38:47.089+0000] {dag.py:3340} INFO - Setting next_dagrun for example_branch_labels to 2025-11-22T00:00:00+00:00, run_after=2025-11-23T00:00:00+00:00
[2025-11-23T06:38:47.180+0000] {processor.py:176} INFO - Processing /home/airflow/.local/lib/python3.7/site-packages/airflow/example_dags/example_branch_labels.py took 0.277 seconds
[2025-11-23T06:39:17.344+0000] {processor.py:154} INFO - Started process (PID=570) to work on /home/airflow/.local/lib/python3.7/site-packages/airflow/example_dags/example_branch_labels.py
[2025-11-23T06:39:17.347+0000] {processor.py:756} INFO - Processing file /home/airflow/.local/lib/python3.7/site-packages/airflow/example_dags/example_branch_labels.py for tasks to queue
[2025-11-23T06:39:17.351+0000] {logging_mixin.py:120} INFO - [2025-11-23T06:39:17.351+0000] {dagbag.py:537} INFO - Filling up the DagBag from /home/airflow/.local/lib/python3.7/site-packages/airflow/example_dags/example_branch_labels.py
[2025-11-23T06:39:17.388+0000] {processor.py:766} INFO - DAG(s) dict_keys(['example_branch_labels']) retrieved from /home/airflow/.local/lib/python3.7/site-packages/airflow/example_dags/example_branch_labels.py
[2025-11-23T06:39:17.489+0000] {logging_mixin.py:120} INFO - [2025-11-23T06:39:17.489+0000] {dag.py:2585} INFO - Sync 1 DAGs
[2025-11-23T06:39:17.584+0000] {logging_mixin.py:120} INFO - [2025-11-23T06:39:17.584+0000] {dag.py:3340} INFO - Setting next_dagrun for example_branch_labels to 2025-11-22T00:00:00+00:00, run_after=2025-11-23T00:00:00+00:00
[2025-11-23T06:39:17.673+0000] {processor.py:176} INFO - Processing /home/airflow/.local/lib/python3.7/site-packages/airflow/example_dags/example_branch_labels.py took 0.336 seconds
[2025-11-23T06:39:48.638+0000] {processor.py:154} INFO - Started process (PID=634) to work on /home/airflow/.local/lib/python3.7/site-packages/airflow/example_dags/example_branch_labels.py
[2025-11-23T06:39:48.653+0000] {processor.py:756} INFO - Processing file /home/airflow/.local/lib/python3.7/site-packages/airflow/example_dags/example_branch_labels.py for tasks to queue
[2025-11-23T06:39:48.686+0000] {logging_mixin.py:120} INFO - [2025-11-23T06:39:48.685+0000] {dagbag.py:537} INFO - Filling up the DagBag from /home/airflow/.local/lib/python3.7/site-packages/airflow/example_dags/example_branch_labels.py
[2025-11-23T06:39:48.752+0000] {processor.py:766} INFO - DAG(s) dict_keys(['example_branch_labels']) retrieved from /home/airflow/.local/lib/python3.7/site-packages/airflow/example_dags/example_branch_labels.py
[2025-11-23T06:39:48.842+0000] {logging_mixin.py:120} INFO - [2025-11-23T06:39:48.842+0000] {dag.py:2585} INFO - Sync 1 DAGs
[2025-11-23T06:39:48.902+0000] {logging_mixin.py:120} INFO - [2025-11-23T06:39:48.902+0000] {dag.py:3340} INFO - Setting next_dagrun for example_branch_labels to 2025-11-22T00:00:00+00:00, run_after=2025-11-23T00:00:00+00:00
[2025-11-23T06:39:48.982+0000] {processor.py:176} INFO - Processing /home/airflow/.local/lib/python3.7/site-packages/airflow/example_dags/example_branch_labels.py took 0.389 seconds
[2025-11-23T06:40:19.360+0000] {processor.py:154} INFO - Started process (PID=690) to work on /home/airflow/.local/lib/python3.7/site-packages/airflow/example_dags/example_branch_labels.py
[2025-11-23T06:40:19.362+0000] {processor.py:756} INFO - Processing file /home/airflow/.local/lib/python3.7/site-packages/airflow/example_dags/example_branch_labels.py for tasks to queue
[2025-11-23T06:40:19.364+0000] {logging_mixin.py:120} INFO - [2025-11-23T06:40:19.363+0000] {dagbag.py:537} INFO - Filling up the DagBag from /home/airflow/.local/lib/python3.7/site-packages/airflow/example_dags/example_branch_labels.py
[2025-11-23T06:40:19.415+0000] {processor.py:766} INFO - DAG(s) dict_keys(['example_branch_labels']) retrieved from /home/airflow/.local/lib/python3.7/site-packages/airflow/example_dags/example_branch_labels.py
[2025-11-23T06:40:19.546+0000] {logging_mixin.py:120} INFO - [2025-11-23T06:40:19.546+0000] {dag.py:2585} INFO - Sync 1 DAGs
[2025-11-23T06:40:19.689+0000] {logging_mixin.py:120} INFO - [2025-11-23T06:40:19.688+0000] {dag.py:3340} INFO - Setting next_dagrun for example_branch_labels to 2025-11-22T00:00:00+00:00, run_after=2025-11-23T00:00:00+00:00
[2025-11-23T06:40:19.780+0000] {processor.py:176} INFO - Processing /home/airflow/.local/lib/python3.7/site-packages/airflow/example_dags/example_branch_labels.py took 0.425 seconds
[2025-11-23T06:40:50.346+0000] {processor.py:154} INFO - Started process (PID=753) to work on /home/airflow/.local/lib/python3.7/site-packages/airflow/example_dags/example_branch_labels.py
[2025-11-23T06:40:50.348+0000] {processor.py:756} INFO - Processing file /home/airflow/.local/lib/python3.7/site-packages/airflow/example_dags/example_branch_labels.py for tasks to queue
[2025-11-23T06:40:50.350+0000] {logging_mixin.py:120} INFO - [2025-11-23T06:40:50.350+0000] {dagbag.py:537} INFO - Filling up the DagBag from /home/airflow/.local/lib/python3.7/site-packages/airflow/example_dags/example_branch_labels.py
[2025-11-23T06:40:50.390+0000] {processor.py:766} INFO - DAG(s) dict_keys(['example_branch_labels']) retrieved from /home/airflow/.local/lib/python3.7/site-packages/airflow/example_dags/example_branch_labels.py
[2025-11-23T06:40:50.470+0000] {logging_mixin.py:120} INFO - [2025-11-23T06:40:50.470+0000] {dag.py:2585} INFO - Sync 1 DAGs
[2025-11-23T06:40:50.546+0000] {logging_mixin.py:120} INFO - [2025-11-23T06:40:50.546+0000] {dag.py:3340} INFO - Setting next_dagrun for example_branch_labels to 2025-11-22T00:00:00+00:00, run_after=2025-11-23T00:00:00+00:00
[2025-11-23T06:40:50.599+0000] {processor.py:176} INFO - Processing /home/airflow/.local/lib/python3.7/site-packages/airflow/example_dags/example_branch_labels.py took 0.262 seconds
[2025-11-23T06:41:21.208+0000] {processor.py:154} INFO - Started process (PID=810) to work on /home/airflow/.local/lib/python3.7/site-packages/airflow/example_dags/example_branch_labels.py
[2025-11-23T06:41:21.210+0000] {processor.py:756} INFO - Processing file /home/airflow/.local/lib/python3.7/site-packages/airflow/example_dags/example_branch_labels.py for tasks to queue
[2025-11-23T06:41:21.212+0000] {logging_mixin.py:120} INFO - [2025-11-23T06:41:21.212+0000] {dagbag.py:537} INFO - Filling up the DagBag from /home/airflow/.local/lib/python3.7/site-packages/airflow/example_dags/example_branch_labels.py
[2025-11-23T06:41:21.254+0000] {processor.py:766} INFO - DAG(s) dict_keys(['example_branch_labels']) retrieved from /home/airflow/.local/lib/python3.7/site-packages/airflow/example_dags/example_branch_labels.py
[2025-11-23T06:41:21.421+0000] {logging_mixin.py:120} INFO - [2025-11-23T06:41:21.420+0000] {dag.py:2585} INFO - Sync 1 DAGs
[2025-11-23T06:41:21.492+0000] {logging_mixin.py:120} INFO - [2025-11-23T06:41:21.492+0000] {dag.py:3340} INFO - Setting next_dagrun for example_branch_labels to 2025-11-22T00:00:00+00:00, run_after=2025-11-23T00:00:00+00:00
[2025-11-23T06:41:21.535+0000] {processor.py:176} INFO - Processing /home/airflow/.local/lib/python3.7/site-packages/airflow/example_dags/example_branch_labels.py took 0.338 seconds
[2025-11-23T06:41:51.897+0000] {processor.py:154} INFO - Started process (PID=866) to work on /home/airflow/.local/lib/python3.7/site-packages/airflow/example_dags/example_branch_labels.py
[2025-11-23T06:41:51.899+0000] {processor.py:756} INFO - Processing file /home/airflow/.local/lib/python3.7/site-packages/airflow/example_dags/example_branch_labels.py for tasks to queue
[2025-11-23T06:41:51.900+0000] {logging_mixin.py:120} INFO - [2025-11-23T06:41:51.900+0000] {dagbag.py:537} INFO - Filling up the DagBag from /home/airflow/.local/lib/python3.7/site-packages/airflow/example_dags/example_branch_labels.py
[2025-11-23T06:41:51.917+0000] {processor.py:766} INFO - DAG(s) dict_keys(['example_branch_labels']) retrieved from /home/airflow/.local/lib/python3.7/site-packages/airflow/example_dags/example_branch_labels.py
[2025-11-23T06:41:51.966+0000] {logging_mixin.py:120} INFO - [2025-11-23T06:41:51.965+0000] {dag.py:2585} INFO - Sync 1 DAGs
[2025-11-23T06:41:52.006+0000] {logging_mixin.py:120} INFO - [2025-11-23T06:41:52.006+0000] {dag.py:3340} INFO - Setting next_dagrun for example_branch_labels to 2025-11-22T00:00:00+00:00, run_after=2025-11-23T00:00:00+00:00
[2025-11-23T06:41:52.037+0000] {processor.py:176} INFO - Processing /home/airflow/.local/lib/python3.7/site-packages/airflow/example_dags/example_branch_labels.py took 0.146 seconds
[2025-11-23T06:42:22.345+0000] {processor.py:154} INFO - Started process (PID=932) to work on /home/airflow/.local/lib/python3.7/site-packages/airflow/example_dags/example_branch_labels.py
[2025-11-23T06:42:22.346+0000] {processor.py:756} INFO - Processing file /home/airflow/.local/lib/python3.7/site-packages/airflow/example_dags/example_branch_labels.py for tasks to queue
[2025-11-23T06:42:22.348+0000] {logging_mixin.py:120} INFO - [2025-11-23T06:42:22.348+0000] {dagbag.py:537} INFO - Filling up the DagBag from /home/airflow/.local/lib/python3.7/site-packages/airflow/example_dags/example_branch_labels.py
[2025-11-23T06:42:22.403+0000] {processor.py:766} INFO - DAG(s) dict_keys(['example_branch_labels']) retrieved from /home/airflow/.local/lib/python3.7/site-packages/airflow/example_dags/example_branch_labels.py
[2025-11-23T06:42:22.537+0000] {logging_mixin.py:120} INFO - [2025-11-23T06:42:22.536+0000] {dag.py:2585} INFO - Sync 1 DAGs
[2025-11-23T06:42:22.599+0000] {logging_mixin.py:120} INFO - [2025-11-23T06:42:22.599+0000] {dag.py:3340} INFO - Setting next_dagrun for example_branch_labels to 2025-11-22T00:00:00+00:00, run_after=2025-11-23T00:00:00+00:00
[2025-11-23T06:42:22.649+0000] {processor.py:176} INFO - Processing /home/airflow/.local/lib/python3.7/site-packages/airflow/example_dags/example_branch_labels.py took 0.309 seconds
[2025-11-23T06:42:53.690+0000] {processor.py:154} INFO - Started process (PID=998) to work on /home/airflow/.local/lib/python3.7/site-packages/airflow/example_dags/example_branch_labels.py
[2025-11-23T06:42:53.692+0000] {processor.py:756} INFO - Processing file /home/airflow/.local/lib/python3.7/site-packages/airflow/example_dags/example_branch_labels.py for tasks to queue
[2025-11-23T06:42:53.693+0000] {logging_mixin.py:120} INFO - [2025-11-23T06:42:53.692+0000] {dagbag.py:537} INFO - Filling up the DagBag from /home/airflow/.local/lib/python3.7/site-packages/airflow/example_dags/example_branch_labels.py
[2025-11-23T06:42:53.712+0000] {processor.py:766} INFO - DAG(s) dict_keys(['example_branch_labels']) retrieved from /home/airflow/.local/lib/python3.7/site-packages/airflow/example_dags/example_branch_labels.py
[2025-11-23T06:42:53.771+0000] {logging_mixin.py:120} INFO - [2025-11-23T06:42:53.771+0000] {dag.py:2585} INFO - Sync 1 DAGs
[2025-11-23T06:42:53.828+0000] {logging_mixin.py:120} INFO - [2025-11-23T06:42:53.828+0000] {dag.py:3340} INFO - Setting next_dagrun for example_branch_labels to 2025-11-22T00:00:00+00:00, run_after=2025-11-23T00:00:00+00:00
[2025-11-23T06:42:53.857+0000] {processor.py:176} INFO - Processing /home/airflow/.local/lib/python3.7/site-packages/airflow/example_dags/example_branch_labels.py took 0.171 seconds
[2025-11-23T06:43:24.202+0000] {processor.py:154} INFO - Started process (PID=1054) to work on /home/airflow/.local/lib/python3.7/site-packages/airflow/example_dags/example_branch_labels.py
[2025-11-23T06:43:24.204+0000] {processor.py:756} INFO - Processing file /home/airflow/.local/lib/python3.7/site-packages/airflow/example_dags/example_branch_labels.py for tasks to queue
[2025-11-23T06:43:24.206+0000] {logging_mixin.py:120} INFO - [2025-11-23T06:43:24.206+0000] {dagbag.py:537} INFO - Filling up the DagBag from /home/airflow/.local/lib/python3.7/site-packages/airflow/example_dags/example_branch_labels.py
[2025-11-23T06:43:24.237+0000] {processor.py:766} INFO - DAG(s) dict_keys(['example_branch_labels']) retrieved from /home/airflow/.local/lib/python3.7/site-packages/airflow/example_dags/example_branch_labels.py
[2025-11-23T06:43:24.337+0000] {logging_mixin.py:120} INFO - [2025-11-23T06:43:24.336+0000] {dag.py:2585} INFO - Sync 1 DAGs
[2025-11-23T06:43:24.413+0000] {logging_mixin.py:120} INFO - [2025-11-23T06:43:24.412+0000] {dag.py:3340} INFO - Setting next_dagrun for example_branch_labels to 2025-11-22T00:00:00+00:00, run_after=2025-11-23T00:00:00+00:00
[2025-11-23T06:43:24.457+0000] {processor.py:176} INFO - Processing /home/airflow/.local/lib/python3.7/site-packages/airflow/example_dags/example_branch_labels.py took 0.262 seconds
[2025-11-23T06:43:54.606+0000] {processor.py:154} INFO - Started process (PID=1120) to work on /home/airflow/.local/lib/python3.7/site-packages/airflow/example_dags/example_branch_labels.py
[2025-11-23T06:43:54.607+0000] {processor.py:756} INFO - Processing file /home/airflow/.local/lib/python3.7/site-packages/airflow/example_dags/example_branch_labels.py for tasks to queue
[2025-11-23T06:43:54.609+0000] {logging_mixin.py:120} INFO - [2025-11-23T06:43:54.608+0000] {dagbag.py:537} INFO - Filling up the DagBag from /home/airflow/.local/lib/python3.7/site-packages/airflow/example_dags/example_branch_labels.py
[2025-11-23T06:43:54.632+0000] {processor.py:766} INFO - DAG(s) dict_keys(['example_branch_labels']) retrieved from /home/airflow/.local/lib/python3.7/site-packages/airflow/example_dags/example_branch_labels.py
[2025-11-23T06:43:54.703+0000] {logging_mixin.py:120} INFO - [2025-11-23T06:43:54.702+0000] {dag.py:2585} INFO - Sync 1 DAGs
[2025-11-23T06:43:54.757+0000] {logging_mixin.py:120} INFO - [2025-11-23T06:43:54.757+0000] {dag.py:3340} INFO - Setting next_dagrun for example_branch_labels to 2025-11-22T00:00:00+00:00, run_after=2025-11-23T00:00:00+00:00
[2025-11-23T06:43:54.788+0000] {processor.py:176} INFO - Processing /home/airflow/.local/lib/python3.7/site-packages/airflow/example_dags/example_branch_labels.py took 0.188 seconds
[2025-11-23T06:44:25.052+0000] {processor.py:154} INFO - Started process (PID=1176) to work on /home/airflow/.local/lib/python3.7/site-packages/airflow/example_dags/example_branch_labels.py
[2025-11-23T06:44:25.054+0000] {processor.py:756} INFO - Processing file /home/airflow/.local/lib/python3.7/site-packages/airflow/example_dags/example_branch_labels.py for tasks to queue
[2025-11-23T06:44:25.056+0000] {logging_mixin.py:120} INFO - [2025-11-23T06:44:25.056+0000] {dagbag.py:537} INFO - Filling up the DagBag from /home/airflow/.local/lib/python3.7/site-packages/airflow/example_dags/example_branch_labels.py
[2025-11-23T06:44:25.117+0000] {processor.py:766} INFO - DAG(s) dict_keys(['example_branch_labels']) retrieved from /home/airflow/.local/lib/python3.7/site-packages/airflow/example_dags/example_branch_labels.py
[2025-11-23T06:44:25.270+0000] {logging_mixin.py:120} INFO - [2025-11-23T06:44:25.270+0000] {dag.py:2585} INFO - Sync 1 DAGs
[2025-11-23T06:44:25.334+0000] {logging_mixin.py:120} INFO - [2025-11-23T06:44:25.333+0000] {dag.py:3340} INFO - Setting next_dagrun for example_branch_labels to 2025-11-22T00:00:00+00:00, run_after=2025-11-23T00:00:00+00:00
[2025-11-23T06:44:25.421+0000] {processor.py:176} INFO - Processing /home/airflow/.local/lib/python3.7/site-packages/airflow/example_dags/example_branch_labels.py took 0.381 seconds
[2025-11-23T06:44:55.744+0000] {processor.py:154} INFO - Started process (PID=1240) to work on /home/airflow/.local/lib/python3.7/site-packages/airflow/example_dags/example_branch_labels.py
[2025-11-23T06:44:55.763+0000] {processor.py:756} INFO - Processing file /home/airflow/.local/lib/python3.7/site-packages/airflow/example_dags/example_branch_labels.py for tasks to queue
[2025-11-23T06:44:55.779+0000] {logging_mixin.py:120} INFO - [2025-11-23T06:44:55.777+0000] {dagbag.py:537} INFO - Filling up the DagBag from /home/airflow/.local/lib/python3.7/site-packages/airflow/example_dags/example_branch_labels.py
[2025-11-23T06:44:55.872+0000] {processor.py:766} INFO - DAG(s) dict_keys(['example_branch_labels']) retrieved from /home/airflow/.local/lib/python3.7/site-packages/airflow/example_dags/example_branch_labels.py
[2025-11-23T06:44:56.053+0000] {logging_mixin.py:120} INFO - [2025-11-23T06:44:56.053+0000] {dag.py:2585} INFO - Sync 1 DAGs
[2025-11-23T06:44:56.134+0000] {logging_mixin.py:120} INFO - [2025-11-23T06:44:56.133+0000] {dag.py:3340} INFO - Setting next_dagrun for example_branch_labels to 2025-11-22T00:00:00+00:00, run_after=2025-11-23T00:00:00+00:00
[2025-11-23T06:44:56.204+0000] {processor.py:176} INFO - Processing /home/airflow/.local/lib/python3.7/site-packages/airflow/example_dags/example_branch_labels.py took 0.504 seconds
[2025-11-23T06:45:26.857+0000] {processor.py:154} INFO - Started process (PID=1295) to work on /home/airflow/.local/lib/python3.7/site-packages/airflow/example_dags/example_branch_labels.py
[2025-11-23T06:45:26.862+0000] {processor.py:756} INFO - Processing file /home/airflow/.local/lib/python3.7/site-packages/airflow/example_dags/example_branch_labels.py for tasks to queue
[2025-11-23T06:45:26.865+0000] {logging_mixin.py:120} INFO - [2025-11-23T06:45:26.864+0000] {dagbag.py:537} INFO - Filling up the DagBag from /home/airflow/.local/lib/python3.7/site-packages/airflow/example_dags/example_branch_labels.py
[2025-11-23T06:45:26.892+0000] {processor.py:766} INFO - DAG(s) dict_keys(['example_branch_labels']) retrieved from /home/airflow/.local/lib/python3.7/site-packages/airflow/example_dags/example_branch_labels.py
[2025-11-23T06:45:26.961+0000] {logging_mixin.py:120} INFO - [2025-11-23T06:45:26.961+0000] {dag.py:2585} INFO - Sync 1 DAGs
[2025-11-23T06:45:27.034+0000] {logging_mixin.py:120} INFO - [2025-11-23T06:45:27.033+0000] {dag.py:3340} INFO - Setting next_dagrun for example_branch_labels to 2025-11-22T00:00:00+00:00, run_after=2025-11-23T00:00:00+00:00
[2025-11-23T06:45:27.084+0000] {processor.py:176} INFO - Processing /home/airflow/.local/lib/python3.7/site-packages/airflow/example_dags/example_branch_labels.py took 0.232 seconds
[2025-11-23T06:45:57.338+0000] {processor.py:154} INFO - Started process (PID=1361) to work on /home/airflow/.local/lib/python3.7/site-packages/airflow/example_dags/example_branch_labels.py
[2025-11-23T06:45:57.340+0000] {processor.py:756} INFO - Processing file /home/airflow/.local/lib/python3.7/site-packages/airflow/example_dags/example_branch_labels.py for tasks to queue
[2025-11-23T06:45:57.342+0000] {logging_mixin.py:120} INFO - [2025-11-23T06:45:57.342+0000] {dagbag.py:537} INFO - Filling up the DagBag from /home/airflow/.local/lib/python3.7/site-packages/airflow/example_dags/example_branch_labels.py
[2025-11-23T06:45:57.370+0000] {processor.py:766} INFO - DAG(s) dict_keys(['example_branch_labels']) retrieved from /home/airflow/.local/lib/python3.7/site-packages/airflow/example_dags/example_branch_labels.py
[2025-11-23T06:45:57.460+0000] {logging_mixin.py:120} INFO - [2025-11-23T06:45:57.459+0000] {dag.py:2585} INFO - Sync 1 DAGs
[2025-11-23T06:45:57.516+0000] {logging_mixin.py:120} INFO - [2025-11-23T06:45:57.516+0000] {dag.py:3340} INFO - Setting next_dagrun for example_branch_labels to 2025-11-22T00:00:00+00:00, run_after=2025-11-23T00:00:00+00:00
[2025-11-23T06:45:57.557+0000] {processor.py:176} INFO - Processing /home/airflow/.local/lib/python3.7/site-packages/airflow/example_dags/example_branch_labels.py took 0.224 seconds
[2025-11-23T06:46:28.523+0000] {processor.py:154} INFO - Started process (PID=1417) to work on /home/airflow/.local/lib/python3.7/site-packages/airflow/example_dags/example_branch_labels.py
[2025-11-23T06:46:28.526+0000] {processor.py:756} INFO - Processing file /home/airflow/.local/lib/python3.7/site-packages/airflow/example_dags/example_branch_labels.py for tasks to queue
[2025-11-23T06:46:28.528+0000] {logging_mixin.py:120} INFO - [2025-11-23T06:46:28.527+0000] {dagbag.py:537} INFO - Filling up the DagBag from /home/airflow/.local/lib/python3.7/site-packages/airflow/example_dags/example_branch_labels.py
[2025-11-23T06:46:28.573+0000] {processor.py:766} INFO - DAG(s) dict_keys(['example_branch_labels']) retrieved from /home/airflow/.local/lib/python3.7/site-packages/airflow/example_dags/example_branch_labels.py
[2025-11-23T06:46:28.875+0000] {logging_mixin.py:120} INFO - [2025-11-23T06:46:28.875+0000] {dag.py:2585} INFO - Sync 1 DAGs
[2025-11-23T06:46:29.018+0000] {logging_mixin.py:120} INFO - [2025-11-23T06:46:29.017+0000] {dag.py:3340} INFO - Setting next_dagrun for example_branch_labels to 2025-11-22T00:00:00+00:00, run_after=2025-11-23T00:00:00+00:00
[2025-11-23T06:46:29.103+0000] {processor.py:176} INFO - Processing /home/airflow/.local/lib/python3.7/site-packages/airflow/example_dags/example_branch_labels.py took 0.598 seconds
[2025-11-23T06:46:59.218+0000] {processor.py:154} INFO - Started process (PID=1481) to work on /home/airflow/.local/lib/python3.7/site-packages/airflow/example_dags/example_branch_labels.py
[2025-11-23T06:46:59.221+0000] {processor.py:756} INFO - Processing file /home/airflow/.local/lib/python3.7/site-packages/airflow/example_dags/example_branch_labels.py for tasks to queue
[2025-11-23T06:46:59.222+0000] {logging_mixin.py:120} INFO - [2025-11-23T06:46:59.222+0000] {dagbag.py:537} INFO - Filling up the DagBag from /home/airflow/.local/lib/python3.7/site-packages/airflow/example_dags/example_branch_labels.py
[2025-11-23T06:46:59.247+0000] {processor.py:766} INFO - DAG(s) dict_keys(['example_branch_labels']) retrieved from /home/airflow/.local/lib/python3.7/site-packages/airflow/example_dags/example_branch_labels.py
[2025-11-23T06:46:59.310+0000] {logging_mixin.py:120} INFO - [2025-11-23T06:46:59.309+0000] {dag.py:2585} INFO - Sync 1 DAGs
[2025-11-23T06:46:59.349+0000] {logging_mixin.py:120} INFO - [2025-11-23T06:46:59.348+0000] {dag.py:3340} INFO - Setting next_dagrun for example_branch_labels to 2025-11-22T00:00:00+00:00, run_after=2025-11-23T00:00:00+00:00
[2025-11-23T06:46:59.397+0000] {processor.py:176} INFO - Processing /home/airflow/.local/lib/python3.7/site-packages/airflow/example_dags/example_branch_labels.py took 0.184 seconds
[2025-11-23T06:47:30.182+0000] {processor.py:154} INFO - Started process (PID=1538) to work on /home/airflow/.local/lib/python3.7/site-packages/airflow/example_dags/example_branch_labels.py
[2025-11-23T06:47:30.184+0000] {processor.py:756} INFO - Processing file /home/airflow/.local/lib/python3.7/site-packages/airflow/example_dags/example_branch_labels.py for tasks to queue
[2025-11-23T06:47:30.185+0000] {logging_mixin.py:120} INFO - [2025-11-23T06:47:30.185+0000] {dagbag.py:537} INFO - Filling up the DagBag from /home/airflow/.local/lib/python3.7/site-packages/airflow/example_dags/example_branch_labels.py
[2025-11-23T06:47:30.208+0000] {processor.py:766} INFO - DAG(s) dict_keys(['example_branch_labels']) retrieved from /home/airflow/.local/lib/python3.7/site-packages/airflow/example_dags/example_branch_labels.py
[2025-11-23T06:47:30.301+0000] {logging_mixin.py:120} INFO - [2025-11-23T06:47:30.301+0000] {dag.py:2585} INFO - Sync 1 DAGs
[2025-11-23T06:47:30.366+0000] {logging_mixin.py:120} INFO - [2025-11-23T06:47:30.366+0000] {dag.py:3340} INFO - Setting next_dagrun for example_branch_labels to 2025-11-22T00:00:00+00:00, run_after=2025-11-23T00:00:00+00:00
[2025-11-23T06:47:30.404+0000] {processor.py:176} INFO - Processing /home/airflow/.local/lib/python3.7/site-packages/airflow/example_dags/example_branch_labels.py took 0.228 seconds
[2025-11-23T06:48:00.602+0000] {processor.py:154} INFO - Started process (PID=1602) to work on /home/airflow/.local/lib/python3.7/site-packages/airflow/example_dags/example_branch_labels.py
[2025-11-23T06:48:00.604+0000] {processor.py:756} INFO - Processing file /home/airflow/.local/lib/python3.7/site-packages/airflow/example_dags/example_branch_labels.py for tasks to queue
[2025-11-23T06:48:00.605+0000] {logging_mixin.py:120} INFO - [2025-11-23T06:48:00.605+0000] {dagbag.py:537} INFO - Filling up the DagBag from /home/airflow/.local/lib/python3.7/site-packages/airflow/example_dags/example_branch_labels.py
[2025-11-23T06:48:00.638+0000] {processor.py:766} INFO - DAG(s) dict_keys(['example_branch_labels']) retrieved from /home/airflow/.local/lib/python3.7/site-packages/airflow/example_dags/example_branch_labels.py
[2025-11-23T06:48:00.775+0000] {logging_mixin.py:120} INFO - [2025-11-23T06:48:00.775+0000] {dag.py:2585} INFO - Sync 1 DAGs
[2025-11-23T06:48:00.882+0000] {logging_mixin.py:120} INFO - [2025-11-23T06:48:00.882+0000] {dag.py:3340} INFO - Setting next_dagrun for example_branch_labels to 2025-11-22T00:00:00+00:00, run_after=2025-11-23T00:00:00+00:00
[2025-11-23T06:48:01.031+0000] {processor.py:176} INFO - Processing /home/airflow/.local/lib/python3.7/site-packages/airflow/example_dags/example_branch_labels.py took 0.435 seconds
[2025-11-23T06:48:31.291+0000] {processor.py:154} INFO - Started process (PID=1659) to work on /home/airflow/.local/lib/python3.7/site-packages/airflow/example_dags/example_branch_labels.py
[2025-11-23T06:48:31.292+0000] {processor.py:756} INFO - Processing file /home/airflow/.local/lib/python3.7/site-packages/airflow/example_dags/example_branch_labels.py for tasks to queue
[2025-11-23T06:48:31.294+0000] {logging_mixin.py:120} INFO - [2025-11-23T06:48:31.293+0000] {dagbag.py:537} INFO - Filling up the DagBag from /home/airflow/.local/lib/python3.7/site-packages/airflow/example_dags/example_branch_labels.py
[2025-11-23T06:48:31.323+0000] {processor.py:766} INFO - DAG(s) dict_keys(['example_branch_labels']) retrieved from /home/airflow/.local/lib/python3.7/site-packages/airflow/example_dags/example_branch_labels.py
[2025-11-23T06:48:31.441+0000] {logging_mixin.py:120} INFO - [2025-11-23T06:48:31.441+0000] {dag.py:2585} INFO - Sync 1 DAGs
[2025-11-23T06:48:31.507+0000] {logging_mixin.py:120} INFO - [2025-11-23T06:48:31.507+0000] {dag.py:3340} INFO - Setting next_dagrun for example_branch_labels to 2025-11-22T00:00:00+00:00, run_after=2025-11-23T00:00:00+00:00
[2025-11-23T06:48:31.583+0000] {processor.py:176} INFO - Processing /home/airflow/.local/lib/python3.7/site-packages/airflow/example_dags/example_branch_labels.py took 0.297 seconds
[2025-11-23T06:49:02.103+0000] {processor.py:154} INFO - Started process (PID=1722) to work on /home/airflow/.local/lib/python3.7/site-packages/airflow/example_dags/example_branch_labels.py
[2025-11-23T06:49:02.109+0000] {processor.py:756} INFO - Processing file /home/airflow/.local/lib/python3.7/site-packages/airflow/example_dags/example_branch_labels.py for tasks to queue
[2025-11-23T06:49:02.111+0000] {logging_mixin.py:120} INFO - [2025-11-23T06:49:02.110+0000] {dagbag.py:537} INFO - Filling up the DagBag from /home/airflow/.local/lib/python3.7/site-packages/airflow/example_dags/example_branch_labels.py
[2025-11-23T06:49:02.196+0000] {processor.py:766} INFO - DAG(s) dict_keys(['example_branch_labels']) retrieved from /home/airflow/.local/lib/python3.7/site-packages/airflow/example_dags/example_branch_labels.py
[2025-11-23T06:49:02.539+0000] {logging_mixin.py:120} INFO - [2025-11-23T06:49:02.539+0000] {dag.py:2585} INFO - Sync 1 DAGs
[2025-11-23T06:49:02.660+0000] {logging_mixin.py:120} INFO - [2025-11-23T06:49:02.659+0000] {dag.py:3340} INFO - Setting next_dagrun for example_branch_labels to 2025-11-22T00:00:00+00:00, run_after=2025-11-23T00:00:00+00:00
[2025-11-23T06:49:02.717+0000] {processor.py:176} INFO - Processing /home/airflow/.local/lib/python3.7/site-packages/airflow/example_dags/example_branch_labels.py took 0.623 seconds
[2025-11-23T06:49:32.996+0000] {processor.py:154} INFO - Started process (PID=1781) to work on /home/airflow/.local/lib/python3.7/site-packages/airflow/example_dags/example_branch_labels.py
[2025-11-23T06:49:32.999+0000] {processor.py:756} INFO - Processing file /home/airflow/.local/lib/python3.7/site-packages/airflow/example_dags/example_branch_labels.py for tasks to queue
[2025-11-23T06:49:33.001+0000] {logging_mixin.py:120} INFO - [2025-11-23T06:49:33.001+0000] {dagbag.py:537} INFO - Filling up the DagBag from /home/airflow/.local/lib/python3.7/site-packages/airflow/example_dags/example_branch_labels.py
[2025-11-23T06:49:33.043+0000] {processor.py:766} INFO - DAG(s) dict_keys(['example_branch_labels']) retrieved from /home/airflow/.local/lib/python3.7/site-packages/airflow/example_dags/example_branch_labels.py
[2025-11-23T06:49:33.143+0000] {logging_mixin.py:120} INFO - [2025-11-23T06:49:33.143+0000] {dag.py:2585} INFO - Sync 1 DAGs
[2025-11-23T06:49:33.223+0000] {logging_mixin.py:120} INFO - [2025-11-23T06:49:33.221+0000] {dag.py:3340} INFO - Setting next_dagrun for example_branch_labels to 2025-11-22T00:00:00+00:00, run_after=2025-11-23T00:00:00+00:00
[2025-11-23T06:49:33.284+0000] {processor.py:176} INFO - Processing /home/airflow/.local/lib/python3.7/site-packages/airflow/example_dags/example_branch_labels.py took 0.298 seconds
[2025-11-23T06:50:03.713+0000] {processor.py:154} INFO - Started process (PID=1838) to work on /home/airflow/.local/lib/python3.7/site-packages/airflow/example_dags/example_branch_labels.py
[2025-11-23T06:50:03.714+0000] {processor.py:756} INFO - Processing file /home/airflow/.local/lib/python3.7/site-packages/airflow/example_dags/example_branch_labels.py for tasks to queue
[2025-11-23T06:50:03.715+0000] {logging_mixin.py:120} INFO - [2025-11-23T06:50:03.715+0000] {dagbag.py:537} INFO - Filling up the DagBag from /home/airflow/.local/lib/python3.7/site-packages/airflow/example_dags/example_branch_labels.py
[2025-11-23T06:50:03.741+0000] {processor.py:766} INFO - DAG(s) dict_keys(['example_branch_labels']) retrieved from /home/airflow/.local/lib/python3.7/site-packages/airflow/example_dags/example_branch_labels.py
[2025-11-23T06:50:03.831+0000] {logging_mixin.py:120} INFO - [2025-11-23T06:50:03.831+0000] {dag.py:2585} INFO - Sync 1 DAGs
[2025-11-23T06:50:03.885+0000] {logging_mixin.py:120} INFO - [2025-11-23T06:50:03.885+0000] {dag.py:3340} INFO - Setting next_dagrun for example_branch_labels to 2025-11-22T00:00:00+00:00, run_after=2025-11-23T00:00:00+00:00
[2025-11-23T06:50:03.923+0000] {processor.py:176} INFO - Processing /home/airflow/.local/lib/python3.7/site-packages/airflow/example_dags/example_branch_labels.py took 0.214 seconds
[2025-11-23T06:50:34.226+0000] {processor.py:154} INFO - Started process (PID=1903) to work on /home/airflow/.local/lib/python3.7/site-packages/airflow/example_dags/example_branch_labels.py
[2025-11-23T06:50:34.228+0000] {processor.py:756} INFO - Processing file /home/airflow/.local/lib/python3.7/site-packages/airflow/example_dags/example_branch_labels.py for tasks to queue
[2025-11-23T06:50:34.230+0000] {logging_mixin.py:120} INFO - [2025-11-23T06:50:34.229+0000] {dagbag.py:537} INFO - Filling up the DagBag from /home/airflow/.local/lib/python3.7/site-packages/airflow/example_dags/example_branch_labels.py
[2025-11-23T06:50:34.260+0000] {processor.py:766} INFO - DAG(s) dict_keys(['example_branch_labels']) retrieved from /home/airflow/.local/lib/python3.7/site-packages/airflow/example_dags/example_branch_labels.py
[2025-11-23T06:50:34.347+0000] {logging_mixin.py:120} INFO - [2025-11-23T06:50:34.347+0000] {dag.py:2585} INFO - Sync 1 DAGs
[2025-11-23T06:50:34.414+0000] {logging_mixin.py:120} INFO - [2025-11-23T06:50:34.413+0000] {dag.py:3340} INFO - Setting next_dagrun for example_branch_labels to 2025-11-22T00:00:00+00:00, run_after=2025-11-23T00:00:00+00:00
[2025-11-23T06:50:34.478+0000] {processor.py:176} INFO - Processing /home/airflow/.local/lib/python3.7/site-packages/airflow/example_dags/example_branch_labels.py took 0.260 seconds
[2025-11-23T06:51:04.743+0000] {processor.py:154} INFO - Started process (PID=1960) to work on /home/airflow/.local/lib/python3.7/site-packages/airflow/example_dags/example_branch_labels.py
[2025-11-23T06:51:04.751+0000] {processor.py:756} INFO - Processing file /home/airflow/.local/lib/python3.7/site-packages/airflow/example_dags/example_branch_labels.py for tasks to queue
[2025-11-23T06:51:04.755+0000] {logging_mixin.py:120} INFO - [2025-11-23T06:51:04.755+0000] {dagbag.py:537} INFO - Filling up the DagBag from /home/airflow/.local/lib/python3.7/site-packages/airflow/example_dags/example_branch_labels.py
[2025-11-23T06:51:04.791+0000] {processor.py:766} INFO - DAG(s) dict_keys(['example_branch_labels']) retrieved from /home/airflow/.local/lib/python3.7/site-packages/airflow/example_dags/example_branch_labels.py
[2025-11-23T06:51:04.877+0000] {logging_mixin.py:120} INFO - [2025-11-23T06:51:04.877+0000] {dag.py:2585} INFO - Sync 1 DAGs
[2025-11-23T06:51:04.922+0000] {logging_mixin.py:120} INFO - [2025-11-23T06:51:04.922+0000] {dag.py:3340} INFO - Setting next_dagrun for example_branch_labels to 2025-11-22T00:00:00+00:00, run_after=2025-11-23T00:00:00+00:00
[2025-11-23T06:51:04.966+0000] {processor.py:176} INFO - Processing /home/airflow/.local/lib/python3.7/site-packages/airflow/example_dags/example_branch_labels.py took 0.229 seconds
[2025-11-23T06:51:35.521+0000] {processor.py:154} INFO - Started process (PID=2026) to work on /home/airflow/.local/lib/python3.7/site-packages/airflow/example_dags/example_branch_labels.py
[2025-11-23T06:51:35.525+0000] {processor.py:756} INFO - Processing file /home/airflow/.local/lib/python3.7/site-packages/airflow/example_dags/example_branch_labels.py for tasks to queue
[2025-11-23T06:51:35.526+0000] {logging_mixin.py:120} INFO - [2025-11-23T06:51:35.526+0000] {dagbag.py:537} INFO - Filling up the DagBag from /home/airflow/.local/lib/python3.7/site-packages/airflow/example_dags/example_branch_labels.py
[2025-11-23T06:51:35.567+0000] {processor.py:766} INFO - DAG(s) dict_keys(['example_branch_labels']) retrieved from /home/airflow/.local/lib/python3.7/site-packages/airflow/example_dags/example_branch_labels.py
[2025-11-23T06:51:35.673+0000] {logging_mixin.py:120} INFO - [2025-11-23T06:51:35.672+0000] {dag.py:2585} INFO - Sync 1 DAGs
[2025-11-23T06:51:35.749+0000] {logging_mixin.py:120} INFO - [2025-11-23T06:51:35.748+0000] {dag.py:3340} INFO - Setting next_dagrun for example_branch_labels to 2025-11-22T00:00:00+00:00, run_after=2025-11-23T00:00:00+00:00
[2025-11-23T06:51:35.795+0000] {processor.py:176} INFO - Processing /home/airflow/.local/lib/python3.7/site-packages/airflow/example_dags/example_branch_labels.py took 0.278 seconds
[2025-11-23T06:52:06.414+0000] {processor.py:154} INFO - Started process (PID=2082) to work on /home/airflow/.local/lib/python3.7/site-packages/airflow/example_dags/example_branch_labels.py
[2025-11-23T06:52:06.418+0000] {processor.py:756} INFO - Processing file /home/airflow/.local/lib/python3.7/site-packages/airflow/example_dags/example_branch_labels.py for tasks to queue
[2025-11-23T06:52:06.422+0000] {logging_mixin.py:120} INFO - [2025-11-23T06:52:06.421+0000] {dagbag.py:537} INFO - Filling up the DagBag from /home/airflow/.local/lib/python3.7/site-packages/airflow/example_dags/example_branch_labels.py
[2025-11-23T06:52:06.467+0000] {processor.py:766} INFO - DAG(s) dict_keys(['example_branch_labels']) retrieved from /home/airflow/.local/lib/python3.7/site-packages/airflow/example_dags/example_branch_labels.py
[2025-11-23T06:52:06.576+0000] {logging_mixin.py:120} INFO - [2025-11-23T06:52:06.575+0000] {dag.py:2585} INFO - Sync 1 DAGs
[2025-11-23T06:52:06.665+0000] {logging_mixin.py:120} INFO - [2025-11-23T06:52:06.665+0000] {dag.py:3340} INFO - Setting next_dagrun for example_branch_labels to 2025-11-22T00:00:00+00:00, run_after=2025-11-23T00:00:00+00:00
[2025-11-23T06:52:06.724+0000] {processor.py:176} INFO - Processing /home/airflow/.local/lib/python3.7/site-packages/airflow/example_dags/example_branch_labels.py took 0.320 seconds
[2025-11-23T06:52:37.303+0000] {processor.py:154} INFO - Started process (PID=2148) to work on /home/airflow/.local/lib/python3.7/site-packages/airflow/example_dags/example_branch_labels.py
[2025-11-23T06:52:37.305+0000] {processor.py:756} INFO - Processing file /home/airflow/.local/lib/python3.7/site-packages/airflow/example_dags/example_branch_labels.py for tasks to queue
[2025-11-23T06:52:37.306+0000] {logging_mixin.py:120} INFO - [2025-11-23T06:52:37.306+0000] {dagbag.py:537} INFO - Filling up the DagBag from /home/airflow/.local/lib/python3.7/site-packages/airflow/example_dags/example_branch_labels.py
[2025-11-23T06:52:37.332+0000] {processor.py:766} INFO - DAG(s) dict_keys(['example_branch_labels']) retrieved from /home/airflow/.local/lib/python3.7/site-packages/airflow/example_dags/example_branch_labels.py
[2025-11-23T06:52:37.410+0000] {logging_mixin.py:120} INFO - [2025-11-23T06:52:37.409+0000] {dag.py:2585} INFO - Sync 1 DAGs
[2025-11-23T06:52:37.474+0000] {logging_mixin.py:120} INFO - [2025-11-23T06:52:37.471+0000] {dag.py:3340} INFO - Setting next_dagrun for example_branch_labels to 2025-11-22T00:00:00+00:00, run_after=2025-11-23T00:00:00+00:00
[2025-11-23T06:52:37.544+0000] {processor.py:176} INFO - Processing /home/airflow/.local/lib/python3.7/site-packages/airflow/example_dags/example_branch_labels.py took 0.246 seconds
[2025-11-23T06:53:08.206+0000] {processor.py:154} INFO - Started process (PID=2204) to work on /home/airflow/.local/lib/python3.7/site-packages/airflow/example_dags/example_branch_labels.py
[2025-11-23T06:53:08.207+0000] {processor.py:756} INFO - Processing file /home/airflow/.local/lib/python3.7/site-packages/airflow/example_dags/example_branch_labels.py for tasks to queue
[2025-11-23T06:53:08.209+0000] {logging_mixin.py:120} INFO - [2025-11-23T06:53:08.208+0000] {dagbag.py:537} INFO - Filling up the DagBag from /home/airflow/.local/lib/python3.7/site-packages/airflow/example_dags/example_branch_labels.py
[2025-11-23T06:53:08.231+0000] {processor.py:766} INFO - DAG(s) dict_keys(['example_branch_labels']) retrieved from /home/airflow/.local/lib/python3.7/site-packages/airflow/example_dags/example_branch_labels.py
[2025-11-23T06:53:08.294+0000] {logging_mixin.py:120} INFO - [2025-11-23T06:53:08.294+0000] {dag.py:2585} INFO - Sync 1 DAGs
[2025-11-23T06:53:08.352+0000] {logging_mixin.py:120} INFO - [2025-11-23T06:53:08.351+0000] {dag.py:3340} INFO - Setting next_dagrun for example_branch_labels to 2025-11-22T00:00:00+00:00, run_after=2025-11-23T00:00:00+00:00
[2025-11-23T06:53:08.391+0000] {processor.py:176} INFO - Processing /home/airflow/.local/lib/python3.7/site-packages/airflow/example_dags/example_branch_labels.py took 0.190 seconds
[2025-11-23T06:53:38.923+0000] {processor.py:154} INFO - Started process (PID=2259) to work on /home/airflow/.local/lib/python3.7/site-packages/airflow/example_dags/example_branch_labels.py
[2025-11-23T06:53:38.925+0000] {processor.py:756} INFO - Processing file /home/airflow/.local/lib/python3.7/site-packages/airflow/example_dags/example_branch_labels.py for tasks to queue
[2025-11-23T06:53:38.926+0000] {logging_mixin.py:120} INFO - [2025-11-23T06:53:38.926+0000] {dagbag.py:537} INFO - Filling up the DagBag from /home/airflow/.local/lib/python3.7/site-packages/airflow/example_dags/example_branch_labels.py
[2025-11-23T06:53:38.965+0000] {processor.py:766} INFO - DAG(s) dict_keys(['example_branch_labels']) retrieved from /home/airflow/.local/lib/python3.7/site-packages/airflow/example_dags/example_branch_labels.py
[2025-11-23T06:53:39.082+0000] {logging_mixin.py:120} INFO - [2025-11-23T06:53:39.082+0000] {dag.py:2585} INFO - Sync 1 DAGs
[2025-11-23T06:53:39.174+0000] {logging_mixin.py:120} INFO - [2025-11-23T06:53:39.174+0000] {dag.py:3340} INFO - Setting next_dagrun for example_branch_labels to 2025-11-22T00:00:00+00:00, run_after=2025-11-23T00:00:00+00:00
[2025-11-23T06:53:39.243+0000] {processor.py:176} INFO - Processing /home/airflow/.local/lib/python3.7/site-packages/airflow/example_dags/example_branch_labels.py took 0.326 seconds
[2025-11-23T06:54:09.460+0000] {processor.py:154} INFO - Started process (PID=2324) to work on /home/airflow/.local/lib/python3.7/site-packages/airflow/example_dags/example_branch_labels.py
[2025-11-23T06:54:09.462+0000] {processor.py:756} INFO - Processing file /home/airflow/.local/lib/python3.7/site-packages/airflow/example_dags/example_branch_labels.py for tasks to queue
[2025-11-23T06:54:09.463+0000] {logging_mixin.py:120} INFO - [2025-11-23T06:54:09.463+0000] {dagbag.py:537} INFO - Filling up the DagBag from /home/airflow/.local/lib/python3.7/site-packages/airflow/example_dags/example_branch_labels.py
[2025-11-23T06:54:09.486+0000] {processor.py:766} INFO - DAG(s) dict_keys(['example_branch_labels']) retrieved from /home/airflow/.local/lib/python3.7/site-packages/airflow/example_dags/example_branch_labels.py
[2025-11-23T06:54:09.550+0000] {logging_mixin.py:120} INFO - [2025-11-23T06:54:09.549+0000] {dag.py:2585} INFO - Sync 1 DAGs
[2025-11-23T06:54:09.587+0000] {logging_mixin.py:120} INFO - [2025-11-23T06:54:09.586+0000] {dag.py:3340} INFO - Setting next_dagrun for example_branch_labels to 2025-11-22T00:00:00+00:00, run_after=2025-11-23T00:00:00+00:00
[2025-11-23T06:54:09.622+0000] {processor.py:176} INFO - Processing /home/airflow/.local/lib/python3.7/site-packages/airflow/example_dags/example_branch_labels.py took 0.167 seconds
[2025-11-23T06:54:39.842+0000] {processor.py:154} INFO - Started process (PID=2380) to work on /home/airflow/.local/lib/python3.7/site-packages/airflow/example_dags/example_branch_labels.py
[2025-11-23T06:54:39.844+0000] {processor.py:756} INFO - Processing file /home/airflow/.local/lib/python3.7/site-packages/airflow/example_dags/example_branch_labels.py for tasks to queue
[2025-11-23T06:54:39.845+0000] {logging_mixin.py:120} INFO - [2025-11-23T06:54:39.845+0000] {dagbag.py:537} INFO - Filling up the DagBag from /home/airflow/.local/lib/python3.7/site-packages/airflow/example_dags/example_branch_labels.py
[2025-11-23T06:54:39.873+0000] {processor.py:766} INFO - DAG(s) dict_keys(['example_branch_labels']) retrieved from /home/airflow/.local/lib/python3.7/site-packages/airflow/example_dags/example_branch_labels.py
[2025-11-23T06:54:39.954+0000] {logging_mixin.py:120} INFO - [2025-11-23T06:54:39.954+0000] {dag.py:2585} INFO - Sync 1 DAGs
[2025-11-23T06:54:39.993+0000] {logging_mixin.py:120} INFO - [2025-11-23T06:54:39.993+0000] {dag.py:3340} INFO - Setting next_dagrun for example_branch_labels to 2025-11-22T00:00:00+00:00, run_after=2025-11-23T00:00:00+00:00
[2025-11-23T06:54:40.026+0000] {processor.py:176} INFO - Processing /home/airflow/.local/lib/python3.7/site-packages/airflow/example_dags/example_branch_labels.py took 0.189 seconds
[2025-11-23T06:55:10.483+0000] {processor.py:154} INFO - Started process (PID=2445) to work on /home/airflow/.local/lib/python3.7/site-packages/airflow/example_dags/example_branch_labels.py
[2025-11-23T06:55:10.489+0000] {processor.py:756} INFO - Processing file /home/airflow/.local/lib/python3.7/site-packages/airflow/example_dags/example_branch_labels.py for tasks to queue
[2025-11-23T06:55:10.493+0000] {logging_mixin.py:120} INFO - [2025-11-23T06:55:10.492+0000] {dagbag.py:537} INFO - Filling up the DagBag from /home/airflow/.local/lib/python3.7/site-packages/airflow/example_dags/example_branch_labels.py
[2025-11-23T06:55:10.522+0000] {processor.py:766} INFO - DAG(s) dict_keys(['example_branch_labels']) retrieved from /home/airflow/.local/lib/python3.7/site-packages/airflow/example_dags/example_branch_labels.py
[2025-11-23T06:55:10.592+0000] {logging_mixin.py:120} INFO - [2025-11-23T06:55:10.592+0000] {dag.py:2585} INFO - Sync 1 DAGs
[2025-11-23T06:55:10.643+0000] {logging_mixin.py:120} INFO - [2025-11-23T06:55:10.642+0000] {dag.py:3340} INFO - Setting next_dagrun for example_branch_labels to 2025-11-22T00:00:00+00:00, run_after=2025-11-23T00:00:00+00:00
[2025-11-23T06:55:10.680+0000] {processor.py:176} INFO - Processing /home/airflow/.local/lib/python3.7/site-packages/airflow/example_dags/example_branch_labels.py took 0.203 seconds
[2025-11-23T06:55:41.369+0000] {processor.py:154} INFO - Started process (PID=2501) to work on /home/airflow/.local/lib/python3.7/site-packages/airflow/example_dags/example_branch_labels.py
[2025-11-23T06:55:41.371+0000] {processor.py:756} INFO - Processing file /home/airflow/.local/lib/python3.7/site-packages/airflow/example_dags/example_branch_labels.py for tasks to queue
[2025-11-23T06:55:41.372+0000] {logging_mixin.py:120} INFO - [2025-11-23T06:55:41.372+0000] {dagbag.py:537} INFO - Filling up the DagBag from /home/airflow/.local/lib/python3.7/site-packages/airflow/example_dags/example_branch_labels.py
[2025-11-23T06:55:41.394+0000] {processor.py:766} INFO - DAG(s) dict_keys(['example_branch_labels']) retrieved from /home/airflow/.local/lib/python3.7/site-packages/airflow/example_dags/example_branch_labels.py
[2025-11-23T06:55:41.460+0000] {logging_mixin.py:120} INFO - [2025-11-23T06:55:41.460+0000] {dag.py:2585} INFO - Sync 1 DAGs
[2025-11-23T06:55:41.503+0000] {logging_mixin.py:120} INFO - [2025-11-23T06:55:41.503+0000] {dag.py:3340} INFO - Setting next_dagrun for example_branch_labels to 2025-11-22T00:00:00+00:00, run_after=2025-11-23T00:00:00+00:00
[2025-11-23T06:55:41.549+0000] {processor.py:176} INFO - Processing /home/airflow/.local/lib/python3.7/site-packages/airflow/example_dags/example_branch_labels.py took 0.184 seconds
[2025-11-23T06:56:11.941+0000] {processor.py:154} INFO - Started process (PID=2567) to work on /home/airflow/.local/lib/python3.7/site-packages/airflow/example_dags/example_branch_labels.py
[2025-11-23T06:56:11.949+0000] {processor.py:756} INFO - Processing file /home/airflow/.local/lib/python3.7/site-packages/airflow/example_dags/example_branch_labels.py for tasks to queue
[2025-11-23T06:56:11.951+0000] {logging_mixin.py:120} INFO - [2025-11-23T06:56:11.951+0000] {dagbag.py:537} INFO - Filling up the DagBag from /home/airflow/.local/lib/python3.7/site-packages/airflow/example_dags/example_branch_labels.py
[2025-11-23T06:56:12.003+0000] {processor.py:766} INFO - DAG(s) dict_keys(['example_branch_labels']) retrieved from /home/airflow/.local/lib/python3.7/site-packages/airflow/example_dags/example_branch_labels.py
[2025-11-23T06:56:12.104+0000] {logging_mixin.py:120} INFO - [2025-11-23T06:56:12.104+0000] {dag.py:2585} INFO - Sync 1 DAGs
[2025-11-23T06:56:12.211+0000] {logging_mixin.py:120} INFO - [2025-11-23T06:56:12.210+0000] {dag.py:3340} INFO - Setting next_dagrun for example_branch_labels to 2025-11-22T00:00:00+00:00, run_after=2025-11-23T00:00:00+00:00
[2025-11-23T06:56:12.249+0000] {processor.py:176} INFO - Processing /home/airflow/.local/lib/python3.7/site-packages/airflow/example_dags/example_branch_labels.py took 0.326 seconds
[2025-11-23T06:56:42.809+0000] {processor.py:154} INFO - Started process (PID=2630) to work on /home/airflow/.local/lib/python3.7/site-packages/airflow/example_dags/example_branch_labels.py
[2025-11-23T06:56:42.810+0000] {processor.py:756} INFO - Processing file /home/airflow/.local/lib/python3.7/site-packages/airflow/example_dags/example_branch_labels.py for tasks to queue
[2025-11-23T06:56:42.811+0000] {logging_mixin.py:120} INFO - [2025-11-23T06:56:42.811+0000] {dagbag.py:537} INFO - Filling up the DagBag from /home/airflow/.local/lib/python3.7/site-packages/airflow/example_dags/example_branch_labels.py
[2025-11-23T06:56:42.836+0000] {processor.py:766} INFO - DAG(s) dict_keys(['example_branch_labels']) retrieved from /home/airflow/.local/lib/python3.7/site-packages/airflow/example_dags/example_branch_labels.py
[2025-11-23T06:56:42.908+0000] {logging_mixin.py:120} INFO - [2025-11-23T06:56:42.908+0000] {dag.py:2585} INFO - Sync 1 DAGs
[2025-11-23T06:56:42.973+0000] {logging_mixin.py:120} INFO - [2025-11-23T06:56:42.972+0000] {dag.py:3340} INFO - Setting next_dagrun for example_branch_labels to 2025-11-22T00:00:00+00:00, run_after=2025-11-23T00:00:00+00:00
[2025-11-23T06:56:43.009+0000] {processor.py:176} INFO - Processing /home/airflow/.local/lib/python3.7/site-packages/airflow/example_dags/example_branch_labels.py took 0.204 seconds
[2025-11-23T06:57:13.587+0000] {processor.py:154} INFO - Started process (PID=2689) to work on /home/airflow/.local/lib/python3.7/site-packages/airflow/example_dags/example_branch_labels.py
[2025-11-23T06:57:13.589+0000] {processor.py:756} INFO - Processing file /home/airflow/.local/lib/python3.7/site-packages/airflow/example_dags/example_branch_labels.py for tasks to queue
[2025-11-23T06:57:13.591+0000] {logging_mixin.py:120} INFO - [2025-11-23T06:57:13.590+0000] {dagbag.py:537} INFO - Filling up the DagBag from /home/airflow/.local/lib/python3.7/site-packages/airflow/example_dags/example_branch_labels.py
[2025-11-23T06:57:13.619+0000] {processor.py:766} INFO - DAG(s) dict_keys(['example_branch_labels']) retrieved from /home/airflow/.local/lib/python3.7/site-packages/airflow/example_dags/example_branch_labels.py
[2025-11-23T06:57:13.679+0000] {logging_mixin.py:120} INFO - [2025-11-23T06:57:13.679+0000] {dag.py:2585} INFO - Sync 1 DAGs
[2025-11-23T06:57:13.710+0000] {logging_mixin.py:120} INFO - [2025-11-23T06:57:13.710+0000] {dag.py:3340} INFO - Setting next_dagrun for example_branch_labels to 2025-11-22T00:00:00+00:00, run_after=2025-11-23T00:00:00+00:00
[2025-11-23T06:57:13.741+0000] {processor.py:176} INFO - Processing /home/airflow/.local/lib/python3.7/site-packages/airflow/example_dags/example_branch_labels.py took 0.160 seconds
[2025-11-23T06:57:44.458+0000] {processor.py:154} INFO - Started process (PID=2755) to work on /home/airflow/.local/lib/python3.7/site-packages/airflow/example_dags/example_branch_labels.py
[2025-11-23T06:57:44.460+0000] {processor.py:756} INFO - Processing file /home/airflow/.local/lib/python3.7/site-packages/airflow/example_dags/example_branch_labels.py for tasks to queue
[2025-11-23T06:57:44.461+0000] {logging_mixin.py:120} INFO - [2025-11-23T06:57:44.461+0000] {dagbag.py:537} INFO - Filling up the DagBag from /home/airflow/.local/lib/python3.7/site-packages/airflow/example_dags/example_branch_labels.py
[2025-11-23T06:57:44.488+0000] {processor.py:766} INFO - DAG(s) dict_keys(['example_branch_labels']) retrieved from /home/airflow/.local/lib/python3.7/site-packages/airflow/example_dags/example_branch_labels.py
[2025-11-23T06:57:44.572+0000] {logging_mixin.py:120} INFO - [2025-11-23T06:57:44.572+0000] {dag.py:2585} INFO - Sync 1 DAGs
[2025-11-23T06:57:44.620+0000] {logging_mixin.py:120} INFO - [2025-11-23T06:57:44.619+0000] {dag.py:3340} INFO - Setting next_dagrun for example_branch_labels to 2025-11-22T00:00:00+00:00, run_after=2025-11-23T00:00:00+00:00
[2025-11-23T06:57:44.649+0000] {processor.py:176} INFO - Processing /home/airflow/.local/lib/python3.7/site-packages/airflow/example_dags/example_branch_labels.py took 0.199 seconds
[2025-11-23T06:58:14.754+0000] {processor.py:154} INFO - Started process (PID=2811) to work on /home/airflow/.local/lib/python3.7/site-packages/airflow/example_dags/example_branch_labels.py
[2025-11-23T06:58:14.756+0000] {processor.py:756} INFO - Processing file /home/airflow/.local/lib/python3.7/site-packages/airflow/example_dags/example_branch_labels.py for tasks to queue
[2025-11-23T06:58:14.757+0000] {logging_mixin.py:120} INFO - [2025-11-23T06:58:14.757+0000] {dagbag.py:537} INFO - Filling up the DagBag from /home/airflow/.local/lib/python3.7/site-packages/airflow/example_dags/example_branch_labels.py
[2025-11-23T06:58:14.795+0000] {processor.py:766} INFO - DAG(s) dict_keys(['example_branch_labels']) retrieved from /home/airflow/.local/lib/python3.7/site-packages/airflow/example_dags/example_branch_labels.py
[2025-11-23T06:58:15.027+0000] {logging_mixin.py:120} INFO - [2025-11-23T06:58:15.027+0000] {dag.py:2585} INFO - Sync 1 DAGs
[2025-11-23T06:58:15.155+0000] {logging_mixin.py:120} INFO - [2025-11-23T06:58:15.155+0000] {dag.py:3340} INFO - Setting next_dagrun for example_branch_labels to 2025-11-22T00:00:00+00:00, run_after=2025-11-23T00:00:00+00:00
[2025-11-23T06:58:15.203+0000] {processor.py:176} INFO - Processing /home/airflow/.local/lib/python3.7/site-packages/airflow/example_dags/example_branch_labels.py took 0.457 seconds
[2025-11-23T06:58:45.287+0000] {processor.py:154} INFO - Started process (PID=2876) to work on /home/airflow/.local/lib/python3.7/site-packages/airflow/example_dags/example_branch_labels.py
[2025-11-23T06:58:45.288+0000] {processor.py:756} INFO - Processing file /home/airflow/.local/lib/python3.7/site-packages/airflow/example_dags/example_branch_labels.py for tasks to queue
[2025-11-23T06:58:45.289+0000] {logging_mixin.py:120} INFO - [2025-11-23T06:58:45.289+0000] {dagbag.py:537} INFO - Filling up the DagBag from /home/airflow/.local/lib/python3.7/site-packages/airflow/example_dags/example_branch_labels.py
[2025-11-23T06:58:45.319+0000] {processor.py:766} INFO - DAG(s) dict_keys(['example_branch_labels']) retrieved from /home/airflow/.local/lib/python3.7/site-packages/airflow/example_dags/example_branch_labels.py
[2025-11-23T06:58:45.390+0000] {logging_mixin.py:120} INFO - [2025-11-23T06:58:45.390+0000] {dag.py:2585} INFO - Sync 1 DAGs
[2025-11-23T06:58:45.427+0000] {logging_mixin.py:120} INFO - [2025-11-23T06:58:45.426+0000] {dag.py:3340} INFO - Setting next_dagrun for example_branch_labels to 2025-11-22T00:00:00+00:00, run_after=2025-11-23T00:00:00+00:00
[2025-11-23T06:58:45.458+0000] {processor.py:176} INFO - Processing /home/airflow/.local/lib/python3.7/site-packages/airflow/example_dags/example_branch_labels.py took 0.178 seconds
[2025-11-23T06:59:16.064+0000] {processor.py:154} INFO - Started process (PID=2932) to work on /home/airflow/.local/lib/python3.7/site-packages/airflow/example_dags/example_branch_labels.py
[2025-11-23T06:59:16.067+0000] {processor.py:756} INFO - Processing file /home/airflow/.local/lib/python3.7/site-packages/airflow/example_dags/example_branch_labels.py for tasks to queue
[2025-11-23T06:59:16.068+0000] {logging_mixin.py:120} INFO - [2025-11-23T06:59:16.068+0000] {dagbag.py:537} INFO - Filling up the DagBag from /home/airflow/.local/lib/python3.7/site-packages/airflow/example_dags/example_branch_labels.py
[2025-11-23T06:59:16.093+0000] {processor.py:766} INFO - DAG(s) dict_keys(['example_branch_labels']) retrieved from /home/airflow/.local/lib/python3.7/site-packages/airflow/example_dags/example_branch_labels.py
[2025-11-23T06:59:16.174+0000] {logging_mixin.py:120} INFO - [2025-11-23T06:59:16.174+0000] {dag.py:2585} INFO - Sync 1 DAGs
[2025-11-23T06:59:16.235+0000] {logging_mixin.py:120} INFO - [2025-11-23T06:59:16.234+0000] {dag.py:3340} INFO - Setting next_dagrun for example_branch_labels to 2025-11-22T00:00:00+00:00, run_after=2025-11-23T00:00:00+00:00
[2025-11-23T06:59:16.270+0000] {processor.py:176} INFO - Processing /home/airflow/.local/lib/python3.7/site-packages/airflow/example_dags/example_branch_labels.py took 0.212 seconds
[2025-11-23T06:59:46.511+0000] {processor.py:154} INFO - Started process (PID=2997) to work on /home/airflow/.local/lib/python3.7/site-packages/airflow/example_dags/example_branch_labels.py
[2025-11-23T06:59:46.513+0000] {processor.py:756} INFO - Processing file /home/airflow/.local/lib/python3.7/site-packages/airflow/example_dags/example_branch_labels.py for tasks to queue
[2025-11-23T06:59:46.516+0000] {logging_mixin.py:120} INFO - [2025-11-23T06:59:46.515+0000] {dagbag.py:537} INFO - Filling up the DagBag from /home/airflow/.local/lib/python3.7/site-packages/airflow/example_dags/example_branch_labels.py
[2025-11-23T06:59:46.545+0000] {processor.py:766} INFO - DAG(s) dict_keys(['example_branch_labels']) retrieved from /home/airflow/.local/lib/python3.7/site-packages/airflow/example_dags/example_branch_labels.py
[2025-11-23T06:59:46.611+0000] {logging_mixin.py:120} INFO - [2025-11-23T06:59:46.611+0000] {dag.py:2585} INFO - Sync 1 DAGs
[2025-11-23T06:59:46.647+0000] {logging_mixin.py:120} INFO - [2025-11-23T06:59:46.647+0000] {dag.py:3340} INFO - Setting next_dagrun for example_branch_labels to 2025-11-22T00:00:00+00:00, run_after=2025-11-23T00:00:00+00:00
[2025-11-23T06:59:46.673+0000] {processor.py:176} INFO - Processing /home/airflow/.local/lib/python3.7/site-packages/airflow/example_dags/example_branch_labels.py took 0.168 seconds
[2025-11-23T07:00:17.050+0000] {processor.py:154} INFO - Started process (PID=3054) to work on /home/airflow/.local/lib/python3.7/site-packages/airflow/example_dags/example_branch_labels.py
[2025-11-23T07:00:17.052+0000] {processor.py:756} INFO - Processing file /home/airflow/.local/lib/python3.7/site-packages/airflow/example_dags/example_branch_labels.py for tasks to queue
[2025-11-23T07:00:17.053+0000] {logging_mixin.py:120} INFO - [2025-11-23T07:00:17.053+0000] {dagbag.py:537} INFO - Filling up the DagBag from /home/airflow/.local/lib/python3.7/site-packages/airflow/example_dags/example_branch_labels.py
[2025-11-23T07:00:17.074+0000] {processor.py:766} INFO - DAG(s) dict_keys(['example_branch_labels']) retrieved from /home/airflow/.local/lib/python3.7/site-packages/airflow/example_dags/example_branch_labels.py
[2025-11-23T07:00:17.127+0000] {logging_mixin.py:120} INFO - [2025-11-23T07:00:17.127+0000] {dag.py:2585} INFO - Sync 1 DAGs
[2025-11-23T07:00:17.173+0000] {logging_mixin.py:120} INFO - [2025-11-23T07:00:17.173+0000] {dag.py:3340} INFO - Setting next_dagrun for example_branch_labels to 2025-11-22T00:00:00+00:00, run_after=2025-11-23T00:00:00+00:00
[2025-11-23T07:00:17.212+0000] {processor.py:176} INFO - Processing /home/airflow/.local/lib/python3.7/site-packages/airflow/example_dags/example_branch_labels.py took 0.168 seconds
[2025-11-23T07:00:47.896+0000] {processor.py:154} INFO - Started process (PID=3118) to work on /home/airflow/.local/lib/python3.7/site-packages/airflow/example_dags/example_branch_labels.py
[2025-11-23T07:00:47.897+0000] {processor.py:756} INFO - Processing file /home/airflow/.local/lib/python3.7/site-packages/airflow/example_dags/example_branch_labels.py for tasks to queue
[2025-11-23T07:00:47.898+0000] {logging_mixin.py:120} INFO - [2025-11-23T07:00:47.898+0000] {dagbag.py:537} INFO - Filling up the DagBag from /home/airflow/.local/lib/python3.7/site-packages/airflow/example_dags/example_branch_labels.py
[2025-11-23T07:00:47.921+0000] {processor.py:766} INFO - DAG(s) dict_keys(['example_branch_labels']) retrieved from /home/airflow/.local/lib/python3.7/site-packages/airflow/example_dags/example_branch_labels.py
[2025-11-23T07:00:47.997+0000] {logging_mixin.py:120} INFO - [2025-11-23T07:00:47.997+0000] {dag.py:2585} INFO - Sync 1 DAGs
[2025-11-23T07:00:48.038+0000] {logging_mixin.py:120} INFO - [2025-11-23T07:00:48.038+0000] {dag.py:3340} INFO - Setting next_dagrun for example_branch_labels to 2025-11-22T00:00:00+00:00, run_after=2025-11-23T00:00:00+00:00
[2025-11-23T07:00:48.069+0000] {processor.py:176} INFO - Processing /home/airflow/.local/lib/python3.7/site-packages/airflow/example_dags/example_branch_labels.py took 0.177 seconds
[2025-11-23T07:01:19.210+0000] {processor.py:154} INFO - Started process (PID=3177) to work on /home/airflow/.local/lib/python3.7/site-packages/airflow/example_dags/example_branch_labels.py
[2025-11-23T07:01:19.213+0000] {processor.py:756} INFO - Processing file /home/airflow/.local/lib/python3.7/site-packages/airflow/example_dags/example_branch_labels.py for tasks to queue
[2025-11-23T07:01:19.215+0000] {logging_mixin.py:120} INFO - [2025-11-23T07:01:19.214+0000] {dagbag.py:537} INFO - Filling up the DagBag from /home/airflow/.local/lib/python3.7/site-packages/airflow/example_dags/example_branch_labels.py
[2025-11-23T07:01:19.286+0000] {processor.py:766} INFO - DAG(s) dict_keys(['example_branch_labels']) retrieved from /home/airflow/.local/lib/python3.7/site-packages/airflow/example_dags/example_branch_labels.py
[2025-11-23T07:01:19.485+0000] {logging_mixin.py:120} INFO - [2025-11-23T07:01:19.485+0000] {dag.py:2585} INFO - Sync 1 DAGs
[2025-11-23T07:01:19.586+0000] {logging_mixin.py:120} INFO - [2025-11-23T07:01:19.585+0000] {dag.py:3340} INFO - Setting next_dagrun for example_branch_labels to 2025-11-22T00:00:00+00:00, run_after=2025-11-23T00:00:00+00:00
[2025-11-23T07:01:19.647+0000] {processor.py:176} INFO - Processing /home/airflow/.local/lib/python3.7/site-packages/airflow/example_dags/example_branch_labels.py took 0.446 seconds
[2025-11-23T07:01:51.137+0000] {processor.py:154} INFO - Started process (PID=3242) to work on /home/airflow/.local/lib/python3.7/site-packages/airflow/example_dags/example_branch_labels.py
[2025-11-23T07:01:51.139+0000] {processor.py:756} INFO - Processing file /home/airflow/.local/lib/python3.7/site-packages/airflow/example_dags/example_branch_labels.py for tasks to queue
[2025-11-23T07:01:51.141+0000] {logging_mixin.py:120} INFO - [2025-11-23T07:01:51.141+0000] {dagbag.py:537} INFO - Filling up the DagBag from /home/airflow/.local/lib/python3.7/site-packages/airflow/example_dags/example_branch_labels.py
[2025-11-23T07:01:51.162+0000] {processor.py:766} INFO - DAG(s) dict_keys(['example_branch_labels']) retrieved from /home/airflow/.local/lib/python3.7/site-packages/airflow/example_dags/example_branch_labels.py
[2025-11-23T07:01:51.215+0000] {logging_mixin.py:120} INFO - [2025-11-23T07:01:51.215+0000] {dag.py:2585} INFO - Sync 1 DAGs
[2025-11-23T07:01:51.260+0000] {logging_mixin.py:120} INFO - [2025-11-23T07:01:51.259+0000] {dag.py:3340} INFO - Setting next_dagrun for example_branch_labels to 2025-11-22T00:00:00+00:00, run_after=2025-11-23T00:00:00+00:00
[2025-11-23T07:01:51.314+0000] {processor.py:176} INFO - Processing /home/airflow/.local/lib/python3.7/site-packages/airflow/example_dags/example_branch_labels.py took 0.184 seconds
[2025-11-23T07:02:21.555+0000] {processor.py:154} INFO - Started process (PID=3310) to work on /home/airflow/.local/lib/python3.7/site-packages/airflow/example_dags/example_branch_labels.py
[2025-11-23T07:02:21.557+0000] {processor.py:756} INFO - Processing file /home/airflow/.local/lib/python3.7/site-packages/airflow/example_dags/example_branch_labels.py for tasks to queue
[2025-11-23T07:02:21.559+0000] {logging_mixin.py:120} INFO - [2025-11-23T07:02:21.558+0000] {dagbag.py:537} INFO - Filling up the DagBag from /home/airflow/.local/lib/python3.7/site-packages/airflow/example_dags/example_branch_labels.py
[2025-11-23T07:02:21.585+0000] {processor.py:766} INFO - DAG(s) dict_keys(['example_branch_labels']) retrieved from /home/airflow/.local/lib/python3.7/site-packages/airflow/example_dags/example_branch_labels.py
[2025-11-23T07:02:21.730+0000] {logging_mixin.py:120} INFO - [2025-11-23T07:02:21.730+0000] {dag.py:2585} INFO - Sync 1 DAGs
[2025-11-23T07:02:21.780+0000] {logging_mixin.py:120} INFO - [2025-11-23T07:02:21.780+0000] {dag.py:3340} INFO - Setting next_dagrun for example_branch_labels to 2025-11-22T00:00:00+00:00, run_after=2025-11-23T00:00:00+00:00
[2025-11-23T07:02:21.839+0000] {processor.py:176} INFO - Processing /home/airflow/.local/lib/python3.7/site-packages/airflow/example_dags/example_branch_labels.py took 0.290 seconds
[2025-11-23T07:02:52.533+0000] {processor.py:154} INFO - Started process (PID=3367) to work on /home/airflow/.local/lib/python3.7/site-packages/airflow/example_dags/example_branch_labels.py
[2025-11-23T07:02:52.535+0000] {processor.py:756} INFO - Processing file /home/airflow/.local/lib/python3.7/site-packages/airflow/example_dags/example_branch_labels.py for tasks to queue
[2025-11-23T07:02:52.536+0000] {logging_mixin.py:120} INFO - [2025-11-23T07:02:52.536+0000] {dagbag.py:537} INFO - Filling up the DagBag from /home/airflow/.local/lib/python3.7/site-packages/airflow/example_dags/example_branch_labels.py
[2025-11-23T07:02:52.574+0000] {processor.py:766} INFO - DAG(s) dict_keys(['example_branch_labels']) retrieved from /home/airflow/.local/lib/python3.7/site-packages/airflow/example_dags/example_branch_labels.py
[2025-11-23T07:02:52.711+0000] {logging_mixin.py:120} INFO - [2025-11-23T07:02:52.710+0000] {dag.py:2585} INFO - Sync 1 DAGs
[2025-11-23T07:02:52.755+0000] {logging_mixin.py:120} INFO - [2025-11-23T07:02:52.755+0000] {dag.py:3340} INFO - Setting next_dagrun for example_branch_labels to 2025-11-22T00:00:00+00:00, run_after=2025-11-23T00:00:00+00:00
[2025-11-23T07:02:52.793+0000] {processor.py:176} INFO - Processing /home/airflow/.local/lib/python3.7/site-packages/airflow/example_dags/example_branch_labels.py took 0.264 seconds
[2025-11-23T07:03:23.033+0000] {processor.py:154} INFO - Started process (PID=3432) to work on /home/airflow/.local/lib/python3.7/site-packages/airflow/example_dags/example_branch_labels.py
[2025-11-23T07:03:23.035+0000] {processor.py:756} INFO - Processing file /home/airflow/.local/lib/python3.7/site-packages/airflow/example_dags/example_branch_labels.py for tasks to queue
[2025-11-23T07:03:23.036+0000] {logging_mixin.py:120} INFO - [2025-11-23T07:03:23.036+0000] {dagbag.py:537} INFO - Filling up the DagBag from /home/airflow/.local/lib/python3.7/site-packages/airflow/example_dags/example_branch_labels.py
[2025-11-23T07:03:23.063+0000] {processor.py:766} INFO - DAG(s) dict_keys(['example_branch_labels']) retrieved from /home/airflow/.local/lib/python3.7/site-packages/airflow/example_dags/example_branch_labels.py
[2025-11-23T07:03:23.126+0000] {logging_mixin.py:120} INFO - [2025-11-23T07:03:23.125+0000] {dag.py:2585} INFO - Sync 1 DAGs
[2025-11-23T07:03:23.159+0000] {logging_mixin.py:120} INFO - [2025-11-23T07:03:23.159+0000] {dag.py:3340} INFO - Setting next_dagrun for example_branch_labels to 2025-11-22T00:00:00+00:00, run_after=2025-11-23T00:00:00+00:00
[2025-11-23T07:03:23.197+0000] {processor.py:176} INFO - Processing /home/airflow/.local/lib/python3.7/site-packages/airflow/example_dags/example_branch_labels.py took 0.169 seconds
[2025-11-23T07:03:54.237+0000] {processor.py:154} INFO - Started process (PID=3489) to work on /home/airflow/.local/lib/python3.7/site-packages/airflow/example_dags/example_branch_labels.py
[2025-11-23T07:03:54.239+0000] {processor.py:756} INFO - Processing file /home/airflow/.local/lib/python3.7/site-packages/airflow/example_dags/example_branch_labels.py for tasks to queue
[2025-11-23T07:03:54.241+0000] {logging_mixin.py:120} INFO - [2025-11-23T07:03:54.240+0000] {dagbag.py:537} INFO - Filling up the DagBag from /home/airflow/.local/lib/python3.7/site-packages/airflow/example_dags/example_branch_labels.py
[2025-11-23T07:03:54.281+0000] {processor.py:766} INFO - DAG(s) dict_keys(['example_branch_labels']) retrieved from /home/airflow/.local/lib/python3.7/site-packages/airflow/example_dags/example_branch_labels.py
[2025-11-23T07:03:54.371+0000] {logging_mixin.py:120} INFO - [2025-11-23T07:03:54.370+0000] {dag.py:2585} INFO - Sync 1 DAGs
[2025-11-23T07:03:54.430+0000] {logging_mixin.py:120} INFO - [2025-11-23T07:03:54.430+0000] {dag.py:3340} INFO - Setting next_dagrun for example_branch_labels to 2025-11-22T00:00:00+00:00, run_after=2025-11-23T00:00:00+00:00
[2025-11-23T07:03:54.469+0000] {processor.py:176} INFO - Processing /home/airflow/.local/lib/python3.7/site-packages/airflow/example_dags/example_branch_labels.py took 0.237 seconds
[2025-11-23T07:04:25.121+0000] {processor.py:154} INFO - Started process (PID=3555) to work on /home/airflow/.local/lib/python3.7/site-packages/airflow/example_dags/example_branch_labels.py
[2025-11-23T07:04:25.123+0000] {processor.py:756} INFO - Processing file /home/airflow/.local/lib/python3.7/site-packages/airflow/example_dags/example_branch_labels.py for tasks to queue
[2025-11-23T07:04:25.124+0000] {logging_mixin.py:120} INFO - [2025-11-23T07:04:25.124+0000] {dagbag.py:537} INFO - Filling up the DagBag from /home/airflow/.local/lib/python3.7/site-packages/airflow/example_dags/example_branch_labels.py
[2025-11-23T07:04:25.152+0000] {processor.py:766} INFO - DAG(s) dict_keys(['example_branch_labels']) retrieved from /home/airflow/.local/lib/python3.7/site-packages/airflow/example_dags/example_branch_labels.py
[2025-11-23T07:04:25.231+0000] {logging_mixin.py:120} INFO - [2025-11-23T07:04:25.231+0000] {dag.py:2585} INFO - Sync 1 DAGs
[2025-11-23T07:04:25.273+0000] {logging_mixin.py:120} INFO - [2025-11-23T07:04:25.272+0000] {dag.py:3340} INFO - Setting next_dagrun for example_branch_labels to 2025-11-22T00:00:00+00:00, run_after=2025-11-23T00:00:00+00:00
[2025-11-23T07:04:25.318+0000] {processor.py:176} INFO - Processing /home/airflow/.local/lib/python3.7/site-packages/airflow/example_dags/example_branch_labels.py took 0.201 seconds
[2025-11-23T07:04:56.159+0000] {processor.py:154} INFO - Started process (PID=3621) to work on /home/airflow/.local/lib/python3.7/site-packages/airflow/example_dags/example_branch_labels.py
[2025-11-23T07:04:56.160+0000] {processor.py:756} INFO - Processing file /home/airflow/.local/lib/python3.7/site-packages/airflow/example_dags/example_branch_labels.py for tasks to queue
[2025-11-23T07:04:56.161+0000] {logging_mixin.py:120} INFO - [2025-11-23T07:04:56.161+0000] {dagbag.py:537} INFO - Filling up the DagBag from /home/airflow/.local/lib/python3.7/site-packages/airflow/example_dags/example_branch_labels.py
[2025-11-23T07:04:56.190+0000] {processor.py:766} INFO - DAG(s) dict_keys(['example_branch_labels']) retrieved from /home/airflow/.local/lib/python3.7/site-packages/airflow/example_dags/example_branch_labels.py
[2025-11-23T07:04:56.279+0000] {logging_mixin.py:120} INFO - [2025-11-23T07:04:56.279+0000] {dag.py:2585} INFO - Sync 1 DAGs
[2025-11-23T07:04:56.331+0000] {logging_mixin.py:120} INFO - [2025-11-23T07:04:56.331+0000] {dag.py:3340} INFO - Setting next_dagrun for example_branch_labels to 2025-11-22T00:00:00+00:00, run_after=2025-11-23T00:00:00+00:00
[2025-11-23T07:04:56.381+0000] {processor.py:176} INFO - Processing /home/airflow/.local/lib/python3.7/site-packages/airflow/example_dags/example_branch_labels.py took 0.227 seconds
[2025-11-23T07:05:32.157+0000] {processor.py:154} INFO - Started process (PID=3684) to work on /home/airflow/.local/lib/python3.7/site-packages/airflow/example_dags/example_branch_labels.py
[2025-11-23T07:05:32.164+0000] {processor.py:756} INFO - Processing file /home/airflow/.local/lib/python3.7/site-packages/airflow/example_dags/example_branch_labels.py for tasks to queue
[2025-11-23T07:05:32.174+0000] {logging_mixin.py:120} INFO - [2025-11-23T07:05:32.173+0000] {dagbag.py:537} INFO - Filling up the DagBag from /home/airflow/.local/lib/python3.7/site-packages/airflow/example_dags/example_branch_labels.py
[2025-11-23T07:05:32.385+0000] {processor.py:766} INFO - DAG(s) dict_keys(['example_branch_labels']) retrieved from /home/airflow/.local/lib/python3.7/site-packages/airflow/example_dags/example_branch_labels.py
[2025-11-23T07:05:32.545+0000] {logging_mixin.py:120} INFO - [2025-11-23T07:05:32.545+0000] {dag.py:2585} INFO - Sync 1 DAGs
[2025-11-23T07:05:32.615+0000] {logging_mixin.py:120} INFO - [2025-11-23T07:05:32.615+0000] {dag.py:3340} INFO - Setting next_dagrun for example_branch_labels to 2025-11-22T00:00:00+00:00, run_after=2025-11-23T00:00:00+00:00
[2025-11-23T07:05:32.683+0000] {processor.py:176} INFO - Processing /home/airflow/.local/lib/python3.7/site-packages/airflow/example_dags/example_branch_labels.py took 0.536 seconds
[2025-11-23T07:06:05.635+0000] {processor.py:154} INFO - Started process (PID=3745) to work on /home/airflow/.local/lib/python3.7/site-packages/airflow/example_dags/example_branch_labels.py
[2025-11-23T07:06:05.640+0000] {processor.py:756} INFO - Processing file /home/airflow/.local/lib/python3.7/site-packages/airflow/example_dags/example_branch_labels.py for tasks to queue
[2025-11-23T07:06:05.642+0000] {logging_mixin.py:120} INFO - [2025-11-23T07:06:05.641+0000] {dagbag.py:537} INFO - Filling up the DagBag from /home/airflow/.local/lib/python3.7/site-packages/airflow/example_dags/example_branch_labels.py
[2025-11-23T07:06:05.689+0000] {processor.py:766} INFO - DAG(s) dict_keys(['example_branch_labels']) retrieved from /home/airflow/.local/lib/python3.7/site-packages/airflow/example_dags/example_branch_labels.py
[2025-11-23T07:06:05.872+0000] {logging_mixin.py:120} INFO - [2025-11-23T07:06:05.871+0000] {dag.py:2585} INFO - Sync 1 DAGs
[2025-11-23T07:06:05.923+0000] {logging_mixin.py:120} INFO - [2025-11-23T07:06:05.923+0000] {dag.py:3340} INFO - Setting next_dagrun for example_branch_labels to 2025-11-22T00:00:00+00:00, run_after=2025-11-23T00:00:00+00:00
[2025-11-23T07:06:05.977+0000] {processor.py:176} INFO - Processing /home/airflow/.local/lib/python3.7/site-packages/airflow/example_dags/example_branch_labels.py took 0.352 seconds
[2025-11-23T07:06:36.795+0000] {processor.py:154} INFO - Started process (PID=3802) to work on /home/airflow/.local/lib/python3.7/site-packages/airflow/example_dags/example_branch_labels.py
[2025-11-23T07:06:36.797+0000] {processor.py:756} INFO - Processing file /home/airflow/.local/lib/python3.7/site-packages/airflow/example_dags/example_branch_labels.py for tasks to queue
[2025-11-23T07:06:36.799+0000] {logging_mixin.py:120} INFO - [2025-11-23T07:06:36.798+0000] {dagbag.py:537} INFO - Filling up the DagBag from /home/airflow/.local/lib/python3.7/site-packages/airflow/example_dags/example_branch_labels.py
[2025-11-23T07:06:36.829+0000] {processor.py:766} INFO - DAG(s) dict_keys(['example_branch_labels']) retrieved from /home/airflow/.local/lib/python3.7/site-packages/airflow/example_dags/example_branch_labels.py
[2025-11-23T07:06:36.902+0000] {logging_mixin.py:120} INFO - [2025-11-23T07:06:36.902+0000] {dag.py:2585} INFO - Sync 1 DAGs
[2025-11-23T07:06:36.943+0000] {logging_mixin.py:120} INFO - [2025-11-23T07:06:36.942+0000] {dag.py:3340} INFO - Setting next_dagrun for example_branch_labels to 2025-11-22T00:00:00+00:00, run_after=2025-11-23T00:00:00+00:00
[2025-11-23T07:06:36.997+0000] {processor.py:176} INFO - Processing /home/airflow/.local/lib/python3.7/site-packages/airflow/example_dags/example_branch_labels.py took 0.210 seconds
[2025-11-23T07:07:07.500+0000] {processor.py:154} INFO - Started process (PID=3869) to work on /home/airflow/.local/lib/python3.7/site-packages/airflow/example_dags/example_branch_labels.py
[2025-11-23T07:07:07.505+0000] {processor.py:756} INFO - Processing file /home/airflow/.local/lib/python3.7/site-packages/airflow/example_dags/example_branch_labels.py for tasks to queue
[2025-11-23T07:07:07.508+0000] {logging_mixin.py:120} INFO - [2025-11-23T07:07:07.507+0000] {dagbag.py:537} INFO - Filling up the DagBag from /home/airflow/.local/lib/python3.7/site-packages/airflow/example_dags/example_branch_labels.py
[2025-11-23T07:07:07.572+0000] {processor.py:766} INFO - DAG(s) dict_keys(['example_branch_labels']) retrieved from /home/airflow/.local/lib/python3.7/site-packages/airflow/example_dags/example_branch_labels.py
[2025-11-23T07:07:07.745+0000] {logging_mixin.py:120} INFO - [2025-11-23T07:07:07.745+0000] {dag.py:2585} INFO - Sync 1 DAGs
[2025-11-23T07:07:07.889+0000] {logging_mixin.py:120} INFO - [2025-11-23T07:07:07.889+0000] {dag.py:3340} INFO - Setting next_dagrun for example_branch_labels to 2025-11-22T00:00:00+00:00, run_after=2025-11-23T00:00:00+00:00
[2025-11-23T07:07:08.048+0000] {processor.py:176} INFO - Processing /home/airflow/.local/lib/python3.7/site-packages/airflow/example_dags/example_branch_labels.py took 0.566 seconds
[2025-11-23T07:07:39.151+0000] {processor.py:154} INFO - Started process (PID=3927) to work on /home/airflow/.local/lib/python3.7/site-packages/airflow/example_dags/example_branch_labels.py
[2025-11-23T07:07:39.156+0000] {processor.py:756} INFO - Processing file /home/airflow/.local/lib/python3.7/site-packages/airflow/example_dags/example_branch_labels.py for tasks to queue
[2025-11-23T07:07:39.165+0000] {logging_mixin.py:120} INFO - [2025-11-23T07:07:39.164+0000] {dagbag.py:537} INFO - Filling up the DagBag from /home/airflow/.local/lib/python3.7/site-packages/airflow/example_dags/example_branch_labels.py
[2025-11-23T07:07:39.225+0000] {processor.py:766} INFO - DAG(s) dict_keys(['example_branch_labels']) retrieved from /home/airflow/.local/lib/python3.7/site-packages/airflow/example_dags/example_branch_labels.py
[2025-11-23T07:07:39.462+0000] {logging_mixin.py:120} INFO - [2025-11-23T07:07:39.462+0000] {dag.py:2585} INFO - Sync 1 DAGs
[2025-11-23T07:07:39.583+0000] {logging_mixin.py:120} INFO - [2025-11-23T07:07:39.583+0000] {dag.py:3340} INFO - Setting next_dagrun for example_branch_labels to 2025-11-22T00:00:00+00:00, run_after=2025-11-23T00:00:00+00:00
[2025-11-23T07:07:39.714+0000] {processor.py:176} INFO - Processing /home/airflow/.local/lib/python3.7/site-packages/airflow/example_dags/example_branch_labels.py took 0.579 seconds
[2025-11-23T07:08:10.117+0000] {processor.py:154} INFO - Started process (PID=3993) to work on /home/airflow/.local/lib/python3.7/site-packages/airflow/example_dags/example_branch_labels.py
[2025-11-23T07:08:10.118+0000] {processor.py:756} INFO - Processing file /home/airflow/.local/lib/python3.7/site-packages/airflow/example_dags/example_branch_labels.py for tasks to queue
[2025-11-23T07:08:10.120+0000] {logging_mixin.py:120} INFO - [2025-11-23T07:08:10.119+0000] {dagbag.py:537} INFO - Filling up the DagBag from /home/airflow/.local/lib/python3.7/site-packages/airflow/example_dags/example_branch_labels.py
[2025-11-23T07:08:10.148+0000] {processor.py:766} INFO - DAG(s) dict_keys(['example_branch_labels']) retrieved from /home/airflow/.local/lib/python3.7/site-packages/airflow/example_dags/example_branch_labels.py
[2025-11-23T07:08:10.220+0000] {logging_mixin.py:120} INFO - [2025-11-23T07:08:10.219+0000] {dag.py:2585} INFO - Sync 1 DAGs
[2025-11-23T07:08:10.252+0000] {logging_mixin.py:120} INFO - [2025-11-23T07:08:10.252+0000] {dag.py:3340} INFO - Setting next_dagrun for example_branch_labels to 2025-11-22T00:00:00+00:00, run_after=2025-11-23T00:00:00+00:00
[2025-11-23T07:08:10.274+0000] {processor.py:176} INFO - Processing /home/airflow/.local/lib/python3.7/site-packages/airflow/example_dags/example_branch_labels.py took 0.162 seconds
[2025-11-23T07:08:41.029+0000] {processor.py:154} INFO - Started process (PID=4050) to work on /home/airflow/.local/lib/python3.7/site-packages/airflow/example_dags/example_branch_labels.py
[2025-11-23T07:08:41.031+0000] {processor.py:756} INFO - Processing file /home/airflow/.local/lib/python3.7/site-packages/airflow/example_dags/example_branch_labels.py for tasks to queue
[2025-11-23T07:08:41.036+0000] {logging_mixin.py:120} INFO - [2025-11-23T07:08:41.034+0000] {dagbag.py:537} INFO - Filling up the DagBag from /home/airflow/.local/lib/python3.7/site-packages/airflow/example_dags/example_branch_labels.py
[2025-11-23T07:08:41.097+0000] {processor.py:766} INFO - DAG(s) dict_keys(['example_branch_labels']) retrieved from /home/airflow/.local/lib/python3.7/site-packages/airflow/example_dags/example_branch_labels.py
[2025-11-23T07:08:41.308+0000] {logging_mixin.py:120} INFO - [2025-11-23T07:08:41.308+0000] {dag.py:2585} INFO - Sync 1 DAGs
[2025-11-23T07:08:41.379+0000] {logging_mixin.py:120} INFO - [2025-11-23T07:08:41.378+0000] {dag.py:3340} INFO - Setting next_dagrun for example_branch_labels to 2025-11-22T00:00:00+00:00, run_after=2025-11-23T00:00:00+00:00
[2025-11-23T07:08:41.421+0000] {processor.py:176} INFO - Processing /home/airflow/.local/lib/python3.7/site-packages/airflow/example_dags/example_branch_labels.py took 0.398 seconds
[2025-11-23T07:09:11.678+0000] {processor.py:154} INFO - Started process (PID=4116) to work on /home/airflow/.local/lib/python3.7/site-packages/airflow/example_dags/example_branch_labels.py
[2025-11-23T07:09:11.683+0000] {processor.py:756} INFO - Processing file /home/airflow/.local/lib/python3.7/site-packages/airflow/example_dags/example_branch_labels.py for tasks to queue
[2025-11-23T07:09:11.685+0000] {logging_mixin.py:120} INFO - [2025-11-23T07:09:11.685+0000] {dagbag.py:537} INFO - Filling up the DagBag from /home/airflow/.local/lib/python3.7/site-packages/airflow/example_dags/example_branch_labels.py
[2025-11-23T07:09:11.717+0000] {processor.py:766} INFO - DAG(s) dict_keys(['example_branch_labels']) retrieved from /home/airflow/.local/lib/python3.7/site-packages/airflow/example_dags/example_branch_labels.py
[2025-11-23T07:09:11.881+0000] {logging_mixin.py:120} INFO - [2025-11-23T07:09:11.881+0000] {dag.py:2585} INFO - Sync 1 DAGs
[2025-11-23T07:09:11.932+0000] {logging_mixin.py:120} INFO - [2025-11-23T07:09:11.931+0000] {dag.py:3340} INFO - Setting next_dagrun for example_branch_labels to 2025-11-22T00:00:00+00:00, run_after=2025-11-23T00:00:00+00:00
[2025-11-23T07:09:11.967+0000] {processor.py:176} INFO - Processing /home/airflow/.local/lib/python3.7/site-packages/airflow/example_dags/example_branch_labels.py took 0.296 seconds
[2025-11-23T07:09:43.012+0000] {processor.py:154} INFO - Started process (PID=4172) to work on /home/airflow/.local/lib/python3.7/site-packages/airflow/example_dags/example_branch_labels.py
[2025-11-23T07:09:43.015+0000] {processor.py:756} INFO - Processing file /home/airflow/.local/lib/python3.7/site-packages/airflow/example_dags/example_branch_labels.py for tasks to queue
[2025-11-23T07:09:43.017+0000] {logging_mixin.py:120} INFO - [2025-11-23T07:09:43.017+0000] {dagbag.py:537} INFO - Filling up the DagBag from /home/airflow/.local/lib/python3.7/site-packages/airflow/example_dags/example_branch_labels.py
[2025-11-23T07:09:43.048+0000] {processor.py:766} INFO - DAG(s) dict_keys(['example_branch_labels']) retrieved from /home/airflow/.local/lib/python3.7/site-packages/airflow/example_dags/example_branch_labels.py
[2025-11-23T07:09:43.200+0000] {logging_mixin.py:120} INFO - [2025-11-23T07:09:43.200+0000] {dag.py:2585} INFO - Sync 1 DAGs
[2025-11-23T07:09:43.263+0000] {logging_mixin.py:120} INFO - [2025-11-23T07:09:43.258+0000] {dag.py:3340} INFO - Setting next_dagrun for example_branch_labels to 2025-11-22T00:00:00+00:00, run_after=2025-11-23T00:00:00+00:00
[2025-11-23T07:09:43.307+0000] {processor.py:176} INFO - Processing /home/airflow/.local/lib/python3.7/site-packages/airflow/example_dags/example_branch_labels.py took 0.299 seconds
[2025-11-23T07:10:14.270+0000] {processor.py:154} INFO - Started process (PID=4238) to work on /home/airflow/.local/lib/python3.7/site-packages/airflow/example_dags/example_branch_labels.py
[2025-11-23T07:10:14.272+0000] {processor.py:756} INFO - Processing file /home/airflow/.local/lib/python3.7/site-packages/airflow/example_dags/example_branch_labels.py for tasks to queue
[2025-11-23T07:10:14.274+0000] {logging_mixin.py:120} INFO - [2025-11-23T07:10:14.273+0000] {dagbag.py:537} INFO - Filling up the DagBag from /home/airflow/.local/lib/python3.7/site-packages/airflow/example_dags/example_branch_labels.py
[2025-11-23T07:10:14.320+0000] {processor.py:766} INFO - DAG(s) dict_keys(['example_branch_labels']) retrieved from /home/airflow/.local/lib/python3.7/site-packages/airflow/example_dags/example_branch_labels.py
[2025-11-23T07:10:14.409+0000] {logging_mixin.py:120} INFO - [2025-11-23T07:10:14.409+0000] {dag.py:2585} INFO - Sync 1 DAGs
[2025-11-23T07:10:14.466+0000] {logging_mixin.py:120} INFO - [2025-11-23T07:10:14.465+0000] {dag.py:3340} INFO - Setting next_dagrun for example_branch_labels to 2025-11-22T00:00:00+00:00, run_after=2025-11-23T00:00:00+00:00
[2025-11-23T07:10:14.494+0000] {processor.py:176} INFO - Processing /home/airflow/.local/lib/python3.7/site-packages/airflow/example_dags/example_branch_labels.py took 0.230 seconds
[2025-11-23T07:10:44.860+0000] {processor.py:154} INFO - Started process (PID=4294) to work on /home/airflow/.local/lib/python3.7/site-packages/airflow/example_dags/example_branch_labels.py
[2025-11-23T07:10:44.862+0000] {processor.py:756} INFO - Processing file /home/airflow/.local/lib/python3.7/site-packages/airflow/example_dags/example_branch_labels.py for tasks to queue
[2025-11-23T07:10:44.864+0000] {logging_mixin.py:120} INFO - [2025-11-23T07:10:44.863+0000] {dagbag.py:537} INFO - Filling up the DagBag from /home/airflow/.local/lib/python3.7/site-packages/airflow/example_dags/example_branch_labels.py
[2025-11-23T07:10:44.884+0000] {processor.py:766} INFO - DAG(s) dict_keys(['example_branch_labels']) retrieved from /home/airflow/.local/lib/python3.7/site-packages/airflow/example_dags/example_branch_labels.py
[2025-11-23T07:10:44.947+0000] {logging_mixin.py:120} INFO - [2025-11-23T07:10:44.946+0000] {dag.py:2585} INFO - Sync 1 DAGs
[2025-11-23T07:10:44.996+0000] {logging_mixin.py:120} INFO - [2025-11-23T07:10:44.996+0000] {dag.py:3340} INFO - Setting next_dagrun for example_branch_labels to 2025-11-22T00:00:00+00:00, run_after=2025-11-23T00:00:00+00:00
[2025-11-23T07:10:45.028+0000] {processor.py:176} INFO - Processing /home/airflow/.local/lib/python3.7/site-packages/airflow/example_dags/example_branch_labels.py took 0.174 seconds
[2025-11-23T07:11:16.670+0000] {processor.py:154} INFO - Started process (PID=4357) to work on /home/airflow/.local/lib/python3.7/site-packages/airflow/example_dags/example_branch_labels.py
[2025-11-23T07:11:16.688+0000] {processor.py:756} INFO - Processing file /home/airflow/.local/lib/python3.7/site-packages/airflow/example_dags/example_branch_labels.py for tasks to queue
[2025-11-23T07:11:16.690+0000] {logging_mixin.py:120} INFO - [2025-11-23T07:11:16.690+0000] {dagbag.py:537} INFO - Filling up the DagBag from /home/airflow/.local/lib/python3.7/site-packages/airflow/example_dags/example_branch_labels.py
[2025-11-23T07:11:16.834+0000] {processor.py:766} INFO - DAG(s) dict_keys(['example_branch_labels']) retrieved from /home/airflow/.local/lib/python3.7/site-packages/airflow/example_dags/example_branch_labels.py
[2025-11-23T07:11:17.078+0000] {logging_mixin.py:120} INFO - [2025-11-23T07:11:17.078+0000] {dag.py:2585} INFO - Sync 1 DAGs
[2025-11-23T07:11:17.344+0000] {logging_mixin.py:120} INFO - [2025-11-23T07:11:17.343+0000] {dag.py:3340} INFO - Setting next_dagrun for example_branch_labels to 2025-11-22T00:00:00+00:00, run_after=2025-11-23T00:00:00+00:00
[2025-11-23T07:11:17.551+0000] {processor.py:176} INFO - Processing /home/airflow/.local/lib/python3.7/site-packages/airflow/example_dags/example_branch_labels.py took 0.898 seconds
[2025-11-23T07:11:47.686+0000] {processor.py:154} INFO - Started process (PID=4415) to work on /home/airflow/.local/lib/python3.7/site-packages/airflow/example_dags/example_branch_labels.py
[2025-11-23T07:11:47.688+0000] {processor.py:756} INFO - Processing file /home/airflow/.local/lib/python3.7/site-packages/airflow/example_dags/example_branch_labels.py for tasks to queue
[2025-11-23T07:11:47.690+0000] {logging_mixin.py:120} INFO - [2025-11-23T07:11:47.690+0000] {dagbag.py:537} INFO - Filling up the DagBag from /home/airflow/.local/lib/python3.7/site-packages/airflow/example_dags/example_branch_labels.py
[2025-11-23T07:11:47.719+0000] {processor.py:766} INFO - DAG(s) dict_keys(['example_branch_labels']) retrieved from /home/airflow/.local/lib/python3.7/site-packages/airflow/example_dags/example_branch_labels.py
[2025-11-23T07:11:47.778+0000] {logging_mixin.py:120} INFO - [2025-11-23T07:11:47.778+0000] {dag.py:2585} INFO - Sync 1 DAGs
[2025-11-23T07:11:47.815+0000] {logging_mixin.py:120} INFO - [2025-11-23T07:11:47.814+0000] {dag.py:3340} INFO - Setting next_dagrun for example_branch_labels to 2025-11-22T00:00:00+00:00, run_after=2025-11-23T00:00:00+00:00
[2025-11-23T07:11:47.852+0000] {processor.py:176} INFO - Processing /home/airflow/.local/lib/python3.7/site-packages/airflow/example_dags/example_branch_labels.py took 0.173 seconds
[2025-11-23T07:12:18.280+0000] {processor.py:154} INFO - Started process (PID=4470) to work on /home/airflow/.local/lib/python3.7/site-packages/airflow/example_dags/example_branch_labels.py
[2025-11-23T07:12:18.285+0000] {processor.py:756} INFO - Processing file /home/airflow/.local/lib/python3.7/site-packages/airflow/example_dags/example_branch_labels.py for tasks to queue
[2025-11-23T07:12:18.291+0000] {logging_mixin.py:120} INFO - [2025-11-23T07:12:18.291+0000] {dagbag.py:537} INFO - Filling up the DagBag from /home/airflow/.local/lib/python3.7/site-packages/airflow/example_dags/example_branch_labels.py
[2025-11-23T07:12:18.354+0000] {processor.py:766} INFO - DAG(s) dict_keys(['example_branch_labels']) retrieved from /home/airflow/.local/lib/python3.7/site-packages/airflow/example_dags/example_branch_labels.py
[2025-11-23T07:12:18.441+0000] {logging_mixin.py:120} INFO - [2025-11-23T07:12:18.440+0000] {dag.py:2585} INFO - Sync 1 DAGs
[2025-11-23T07:12:18.504+0000] {logging_mixin.py:120} INFO - [2025-11-23T07:12:18.504+0000] {dag.py:3340} INFO - Setting next_dagrun for example_branch_labels to 2025-11-22T00:00:00+00:00, run_after=2025-11-23T00:00:00+00:00
[2025-11-23T07:12:18.566+0000] {processor.py:176} INFO - Processing /home/airflow/.local/lib/python3.7/site-packages/airflow/example_dags/example_branch_labels.py took 0.305 seconds
[2025-11-23T07:12:49.034+0000] {processor.py:154} INFO - Started process (PID=4536) to work on /home/airflow/.local/lib/python3.7/site-packages/airflow/example_dags/example_branch_labels.py
[2025-11-23T07:12:49.036+0000] {processor.py:756} INFO - Processing file /home/airflow/.local/lib/python3.7/site-packages/airflow/example_dags/example_branch_labels.py for tasks to queue
[2025-11-23T07:12:49.038+0000] {logging_mixin.py:120} INFO - [2025-11-23T07:12:49.037+0000] {dagbag.py:537} INFO - Filling up the DagBag from /home/airflow/.local/lib/python3.7/site-packages/airflow/example_dags/example_branch_labels.py
[2025-11-23T07:12:49.071+0000] {processor.py:766} INFO - DAG(s) dict_keys(['example_branch_labels']) retrieved from /home/airflow/.local/lib/python3.7/site-packages/airflow/example_dags/example_branch_labels.py
[2025-11-23T07:12:49.159+0000] {logging_mixin.py:120} INFO - [2025-11-23T07:12:49.159+0000] {dag.py:2585} INFO - Sync 1 DAGs
[2025-11-23T07:12:49.199+0000] {logging_mixin.py:120} INFO - [2025-11-23T07:12:49.199+0000] {dag.py:3340} INFO - Setting next_dagrun for example_branch_labels to 2025-11-22T00:00:00+00:00, run_after=2025-11-23T00:00:00+00:00
[2025-11-23T07:12:49.232+0000] {processor.py:176} INFO - Processing /home/airflow/.local/lib/python3.7/site-packages/airflow/example_dags/example_branch_labels.py took 0.207 seconds
[2025-11-23T07:13:19.579+0000] {processor.py:154} INFO - Started process (PID=4599) to work on /home/airflow/.local/lib/python3.7/site-packages/airflow/example_dags/example_branch_labels.py
[2025-11-23T07:13:19.581+0000] {processor.py:756} INFO - Processing file /home/airflow/.local/lib/python3.7/site-packages/airflow/example_dags/example_branch_labels.py for tasks to queue
[2025-11-23T07:13:19.585+0000] {logging_mixin.py:120} INFO - [2025-11-23T07:13:19.584+0000] {dagbag.py:537} INFO - Filling up the DagBag from /home/airflow/.local/lib/python3.7/site-packages/airflow/example_dags/example_branch_labels.py
[2025-11-23T07:13:19.620+0000] {processor.py:766} INFO - DAG(s) dict_keys(['example_branch_labels']) retrieved from /home/airflow/.local/lib/python3.7/site-packages/airflow/example_dags/example_branch_labels.py
[2025-11-23T07:13:19.804+0000] {logging_mixin.py:120} INFO - [2025-11-23T07:13:19.803+0000] {dag.py:2585} INFO - Sync 1 DAGs
[2025-11-23T07:13:19.929+0000] {logging_mixin.py:120} INFO - [2025-11-23T07:13:19.928+0000] {dag.py:3340} INFO - Setting next_dagrun for example_branch_labels to 2025-11-22T00:00:00+00:00, run_after=2025-11-23T00:00:00+00:00
[2025-11-23T07:13:20.109+0000] {processor.py:176} INFO - Processing /home/airflow/.local/lib/python3.7/site-packages/airflow/example_dags/example_branch_labels.py took 0.537 seconds
[2025-11-23T07:13:50.343+0000] {processor.py:154} INFO - Started process (PID=4658) to work on /home/airflow/.local/lib/python3.7/site-packages/airflow/example_dags/example_branch_labels.py
[2025-11-23T07:13:50.344+0000] {processor.py:756} INFO - Processing file /home/airflow/.local/lib/python3.7/site-packages/airflow/example_dags/example_branch_labels.py for tasks to queue
[2025-11-23T07:13:50.345+0000] {logging_mixin.py:120} INFO - [2025-11-23T07:13:50.345+0000] {dagbag.py:537} INFO - Filling up the DagBag from /home/airflow/.local/lib/python3.7/site-packages/airflow/example_dags/example_branch_labels.py
[2025-11-23T07:13:50.366+0000] {processor.py:766} INFO - DAG(s) dict_keys(['example_branch_labels']) retrieved from /home/airflow/.local/lib/python3.7/site-packages/airflow/example_dags/example_branch_labels.py
[2025-11-23T07:13:50.446+0000] {logging_mixin.py:120} INFO - [2025-11-23T07:13:50.446+0000] {dag.py:2585} INFO - Sync 1 DAGs
[2025-11-23T07:13:50.485+0000] {logging_mixin.py:120} INFO - [2025-11-23T07:13:50.485+0000] {dag.py:3340} INFO - Setting next_dagrun for example_branch_labels to 2025-11-22T00:00:00+00:00, run_after=2025-11-23T00:00:00+00:00
[2025-11-23T07:13:50.515+0000] {processor.py:176} INFO - Processing /home/airflow/.local/lib/python3.7/site-packages/airflow/example_dags/example_branch_labels.py took 0.177 seconds
[2025-11-23T07:14:20.763+0000] {processor.py:154} INFO - Started process (PID=4715) to work on /home/airflow/.local/lib/python3.7/site-packages/airflow/example_dags/example_branch_labels.py
[2025-11-23T07:14:20.767+0000] {processor.py:756} INFO - Processing file /home/airflow/.local/lib/python3.7/site-packages/airflow/example_dags/example_branch_labels.py for tasks to queue
[2025-11-23T07:14:20.770+0000] {logging_mixin.py:120} INFO - [2025-11-23T07:14:20.770+0000] {dagbag.py:537} INFO - Filling up the DagBag from /home/airflow/.local/lib/python3.7/site-packages/airflow/example_dags/example_branch_labels.py
[2025-11-23T07:14:20.799+0000] {processor.py:766} INFO - DAG(s) dict_keys(['example_branch_labels']) retrieved from /home/airflow/.local/lib/python3.7/site-packages/airflow/example_dags/example_branch_labels.py
[2025-11-23T07:14:20.879+0000] {logging_mixin.py:120} INFO - [2025-11-23T07:14:20.879+0000] {dag.py:2585} INFO - Sync 1 DAGs
[2025-11-23T07:14:20.969+0000] {logging_mixin.py:120} INFO - [2025-11-23T07:14:20.968+0000] {dag.py:3340} INFO - Setting next_dagrun for example_branch_labels to 2025-11-22T00:00:00+00:00, run_after=2025-11-23T00:00:00+00:00
[2025-11-23T07:14:21.024+0000] {processor.py:176} INFO - Processing /home/airflow/.local/lib/python3.7/site-packages/airflow/example_dags/example_branch_labels.py took 0.269 seconds
[2025-11-23T07:14:51.095+0000] {processor.py:154} INFO - Started process (PID=4782) to work on /home/airflow/.local/lib/python3.7/site-packages/airflow/example_dags/example_branch_labels.py
[2025-11-23T07:14:51.097+0000] {processor.py:756} INFO - Processing file /home/airflow/.local/lib/python3.7/site-packages/airflow/example_dags/example_branch_labels.py for tasks to queue
[2025-11-23T07:14:51.099+0000] {logging_mixin.py:120} INFO - [2025-11-23T07:14:51.099+0000] {dagbag.py:537} INFO - Filling up the DagBag from /home/airflow/.local/lib/python3.7/site-packages/airflow/example_dags/example_branch_labels.py
[2025-11-23T07:14:51.137+0000] {processor.py:766} INFO - DAG(s) dict_keys(['example_branch_labels']) retrieved from /home/airflow/.local/lib/python3.7/site-packages/airflow/example_dags/example_branch_labels.py
[2025-11-23T07:14:51.286+0000] {logging_mixin.py:120} INFO - [2025-11-23T07:14:51.286+0000] {dag.py:2585} INFO - Sync 1 DAGs
[2025-11-23T07:14:51.344+0000] {logging_mixin.py:120} INFO - [2025-11-23T07:14:51.344+0000] {dag.py:3340} INFO - Setting next_dagrun for example_branch_labels to 2025-11-22T00:00:00+00:00, run_after=2025-11-23T00:00:00+00:00
[2025-11-23T07:14:51.386+0000] {processor.py:176} INFO - Processing /home/airflow/.local/lib/python3.7/site-packages/airflow/example_dags/example_branch_labels.py took 0.299 seconds
[2025-11-23T07:15:21.560+0000] {processor.py:154} INFO - Started process (PID=4849) to work on /home/airflow/.local/lib/python3.7/site-packages/airflow/example_dags/example_branch_labels.py
[2025-11-23T07:15:21.561+0000] {processor.py:756} INFO - Processing file /home/airflow/.local/lib/python3.7/site-packages/airflow/example_dags/example_branch_labels.py for tasks to queue
[2025-11-23T07:15:21.563+0000] {logging_mixin.py:120} INFO - [2025-11-23T07:15:21.563+0000] {dagbag.py:537} INFO - Filling up the DagBag from /home/airflow/.local/lib/python3.7/site-packages/airflow/example_dags/example_branch_labels.py
[2025-11-23T07:15:21.584+0000] {processor.py:766} INFO - DAG(s) dict_keys(['example_branch_labels']) retrieved from /home/airflow/.local/lib/python3.7/site-packages/airflow/example_dags/example_branch_labels.py
[2025-11-23T07:15:21.655+0000] {logging_mixin.py:120} INFO - [2025-11-23T07:15:21.655+0000] {dag.py:2585} INFO - Sync 1 DAGs
[2025-11-23T07:15:21.710+0000] {logging_mixin.py:120} INFO - [2025-11-23T07:15:21.710+0000] {dag.py:3340} INFO - Setting next_dagrun for example_branch_labels to 2025-11-22T00:00:00+00:00, run_after=2025-11-23T00:00:00+00:00
[2025-11-23T07:15:21.763+0000] {processor.py:176} INFO - Processing /home/airflow/.local/lib/python3.7/site-packages/airflow/example_dags/example_branch_labels.py took 0.208 seconds
[2025-11-23T07:15:54.259+0000] {processor.py:154} INFO - Started process (PID=4907) to work on /home/airflow/.local/lib/python3.7/site-packages/airflow/example_dags/example_branch_labels.py
[2025-11-23T07:15:54.267+0000] {processor.py:756} INFO - Processing file /home/airflow/.local/lib/python3.7/site-packages/airflow/example_dags/example_branch_labels.py for tasks to queue
[2025-11-23T07:15:54.272+0000] {logging_mixin.py:120} INFO - [2025-11-23T07:15:54.271+0000] {dagbag.py:537} INFO - Filling up the DagBag from /home/airflow/.local/lib/python3.7/site-packages/airflow/example_dags/example_branch_labels.py
[2025-11-23T07:15:54.369+0000] {processor.py:766} INFO - DAG(s) dict_keys(['example_branch_labels']) retrieved from /home/airflow/.local/lib/python3.7/site-packages/airflow/example_dags/example_branch_labels.py
[2025-11-23T07:15:54.602+0000] {logging_mixin.py:120} INFO - [2025-11-23T07:15:54.602+0000] {dag.py:2585} INFO - Sync 1 DAGs
[2025-11-23T07:15:54.748+0000] {logging_mixin.py:120} INFO - [2025-11-23T07:15:54.747+0000] {dag.py:3340} INFO - Setting next_dagrun for example_branch_labels to 2025-11-22T00:00:00+00:00, run_after=2025-11-23T00:00:00+00:00
[2025-11-23T07:15:54.869+0000] {processor.py:176} INFO - Processing /home/airflow/.local/lib/python3.7/site-packages/airflow/example_dags/example_branch_labels.py took 0.617 seconds
[2025-11-23T07:16:25.402+0000] {processor.py:154} INFO - Started process (PID=4974) to work on /home/airflow/.local/lib/python3.7/site-packages/airflow/example_dags/example_branch_labels.py
[2025-11-23T07:16:25.405+0000] {processor.py:756} INFO - Processing file /home/airflow/.local/lib/python3.7/site-packages/airflow/example_dags/example_branch_labels.py for tasks to queue
[2025-11-23T07:16:25.414+0000] {logging_mixin.py:120} INFO - [2025-11-23T07:16:25.413+0000] {dagbag.py:537} INFO - Filling up the DagBag from /home/airflow/.local/lib/python3.7/site-packages/airflow/example_dags/example_branch_labels.py
[2025-11-23T07:16:25.451+0000] {processor.py:766} INFO - DAG(s) dict_keys(['example_branch_labels']) retrieved from /home/airflow/.local/lib/python3.7/site-packages/airflow/example_dags/example_branch_labels.py
[2025-11-23T07:16:25.550+0000] {logging_mixin.py:120} INFO - [2025-11-23T07:16:25.550+0000] {dag.py:2585} INFO - Sync 1 DAGs
[2025-11-23T07:16:25.627+0000] {logging_mixin.py:120} INFO - [2025-11-23T07:16:25.626+0000] {dag.py:3340} INFO - Setting next_dagrun for example_branch_labels to 2025-11-22T00:00:00+00:00, run_after=2025-11-23T00:00:00+00:00
[2025-11-23T07:16:25.687+0000] {processor.py:176} INFO - Processing /home/airflow/.local/lib/python3.7/site-packages/airflow/example_dags/example_branch_labels.py took 0.292 seconds
[2025-11-23T07:16:56.948+0000] {processor.py:154} INFO - Started process (PID=5034) to work on /home/airflow/.local/lib/python3.7/site-packages/airflow/example_dags/example_branch_labels.py
[2025-11-23T07:16:56.951+0000] {processor.py:756} INFO - Processing file /home/airflow/.local/lib/python3.7/site-packages/airflow/example_dags/example_branch_labels.py for tasks to queue
[2025-11-23T07:16:56.953+0000] {logging_mixin.py:120} INFO - [2025-11-23T07:16:56.952+0000] {dagbag.py:537} INFO - Filling up the DagBag from /home/airflow/.local/lib/python3.7/site-packages/airflow/example_dags/example_branch_labels.py
[2025-11-23T07:16:57.005+0000] {processor.py:766} INFO - DAG(s) dict_keys(['example_branch_labels']) retrieved from /home/airflow/.local/lib/python3.7/site-packages/airflow/example_dags/example_branch_labels.py
[2025-11-23T07:16:57.190+0000] {logging_mixin.py:120} INFO - [2025-11-23T07:16:57.190+0000] {dag.py:2585} INFO - Sync 1 DAGs
[2025-11-23T07:16:57.263+0000] {logging_mixin.py:120} INFO - [2025-11-23T07:16:57.262+0000] {dag.py:3340} INFO - Setting next_dagrun for example_branch_labels to 2025-11-22T00:00:00+00:00, run_after=2025-11-23T00:00:00+00:00
[2025-11-23T07:16:57.302+0000] {processor.py:176} INFO - Processing /home/airflow/.local/lib/python3.7/site-packages/airflow/example_dags/example_branch_labels.py took 0.365 seconds
[2025-11-23T07:17:31.165+0000] {processor.py:154} INFO - Started process (PID=5104) to work on /home/airflow/.local/lib/python3.7/site-packages/airflow/example_dags/example_branch_labels.py
[2025-11-23T07:17:31.171+0000] {processor.py:756} INFO - Processing file /home/airflow/.local/lib/python3.7/site-packages/airflow/example_dags/example_branch_labels.py for tasks to queue
[2025-11-23T07:17:31.179+0000] {logging_mixin.py:120} INFO - [2025-11-23T07:17:31.173+0000] {dagbag.py:537} INFO - Filling up the DagBag from /home/airflow/.local/lib/python3.7/site-packages/airflow/example_dags/example_branch_labels.py
[2025-11-23T07:17:31.261+0000] {processor.py:766} INFO - DAG(s) dict_keys(['example_branch_labels']) retrieved from /home/airflow/.local/lib/python3.7/site-packages/airflow/example_dags/example_branch_labels.py
[2025-11-23T07:17:31.571+0000] {logging_mixin.py:120} INFO - [2025-11-23T07:17:31.570+0000] {dag.py:2585} INFO - Sync 1 DAGs
[2025-11-23T07:17:31.709+0000] {logging_mixin.py:120} INFO - [2025-11-23T07:17:31.709+0000] {dag.py:3340} INFO - Setting next_dagrun for example_branch_labels to 2025-11-22T00:00:00+00:00, run_after=2025-11-23T00:00:00+00:00
[2025-11-23T07:17:31.804+0000] {processor.py:176} INFO - Processing /home/airflow/.local/lib/python3.7/site-packages/airflow/example_dags/example_branch_labels.py took 0.645 seconds
[2025-11-23T07:18:02.267+0000] {processor.py:154} INFO - Started process (PID=5162) to work on /home/airflow/.local/lib/python3.7/site-packages/airflow/example_dags/example_branch_labels.py
[2025-11-23T07:18:02.270+0000] {processor.py:756} INFO - Processing file /home/airflow/.local/lib/python3.7/site-packages/airflow/example_dags/example_branch_labels.py for tasks to queue
[2025-11-23T07:18:02.272+0000] {logging_mixin.py:120} INFO - [2025-11-23T07:18:02.272+0000] {dagbag.py:537} INFO - Filling up the DagBag from /home/airflow/.local/lib/python3.7/site-packages/airflow/example_dags/example_branch_labels.py
[2025-11-23T07:18:02.310+0000] {processor.py:766} INFO - DAG(s) dict_keys(['example_branch_labels']) retrieved from /home/airflow/.local/lib/python3.7/site-packages/airflow/example_dags/example_branch_labels.py
[2025-11-23T07:18:02.426+0000] {logging_mixin.py:120} INFO - [2025-11-23T07:18:02.426+0000] {dag.py:2585} INFO - Sync 1 DAGs
[2025-11-23T07:18:02.488+0000] {logging_mixin.py:120} INFO - [2025-11-23T07:18:02.488+0000] {dag.py:3340} INFO - Setting next_dagrun for example_branch_labels to 2025-11-22T00:00:00+00:00, run_after=2025-11-23T00:00:00+00:00
[2025-11-23T07:18:02.535+0000] {processor.py:176} INFO - Processing /home/airflow/.local/lib/python3.7/site-packages/airflow/example_dags/example_branch_labels.py took 0.275 seconds
[2025-11-23T07:18:32.881+0000] {processor.py:154} INFO - Started process (PID=5219) to work on /home/airflow/.local/lib/python3.7/site-packages/airflow/example_dags/example_branch_labels.py
[2025-11-23T07:18:32.883+0000] {processor.py:756} INFO - Processing file /home/airflow/.local/lib/python3.7/site-packages/airflow/example_dags/example_branch_labels.py for tasks to queue
[2025-11-23T07:18:32.885+0000] {logging_mixin.py:120} INFO - [2025-11-23T07:18:32.884+0000] {dagbag.py:537} INFO - Filling up the DagBag from /home/airflow/.local/lib/python3.7/site-packages/airflow/example_dags/example_branch_labels.py
[2025-11-23T07:18:32.921+0000] {processor.py:766} INFO - DAG(s) dict_keys(['example_branch_labels']) retrieved from /home/airflow/.local/lib/python3.7/site-packages/airflow/example_dags/example_branch_labels.py
[2025-11-23T07:18:33.054+0000] {logging_mixin.py:120} INFO - [2025-11-23T07:18:33.054+0000] {dag.py:2585} INFO - Sync 1 DAGs
[2025-11-23T07:18:33.116+0000] {logging_mixin.py:120} INFO - [2025-11-23T07:18:33.115+0000] {dag.py:3340} INFO - Setting next_dagrun for example_branch_labels to 2025-11-22T00:00:00+00:00, run_after=2025-11-23T00:00:00+00:00
[2025-11-23T07:18:33.168+0000] {processor.py:176} INFO - Processing /home/airflow/.local/lib/python3.7/site-packages/airflow/example_dags/example_branch_labels.py took 0.295 seconds
[2025-11-23T07:19:03.303+0000] {processor.py:154} INFO - Started process (PID=5277) to work on /home/airflow/.local/lib/python3.7/site-packages/airflow/example_dags/example_branch_labels.py
[2025-11-23T07:19:03.304+0000] {processor.py:756} INFO - Processing file /home/airflow/.local/lib/python3.7/site-packages/airflow/example_dags/example_branch_labels.py for tasks to queue
[2025-11-23T07:19:03.305+0000] {logging_mixin.py:120} INFO - [2025-11-23T07:19:03.305+0000] {dagbag.py:537} INFO - Filling up the DagBag from /home/airflow/.local/lib/python3.7/site-packages/airflow/example_dags/example_branch_labels.py
[2025-11-23T07:19:03.326+0000] {processor.py:766} INFO - DAG(s) dict_keys(['example_branch_labels']) retrieved from /home/airflow/.local/lib/python3.7/site-packages/airflow/example_dags/example_branch_labels.py
[2025-11-23T07:19:03.446+0000] {logging_mixin.py:120} INFO - [2025-11-23T07:19:03.446+0000] {dag.py:2585} INFO - Sync 1 DAGs
[2025-11-23T07:19:03.502+0000] {logging_mixin.py:120} INFO - [2025-11-23T07:19:03.501+0000] {dag.py:3340} INFO - Setting next_dagrun for example_branch_labels to 2025-11-22T00:00:00+00:00, run_after=2025-11-23T00:00:00+00:00
[2025-11-23T07:19:03.531+0000] {processor.py:176} INFO - Processing /home/airflow/.local/lib/python3.7/site-packages/airflow/example_dags/example_branch_labels.py took 0.232 seconds
[2025-11-23T07:19:34.649+0000] {processor.py:154} INFO - Started process (PID=5336) to work on /home/airflow/.local/lib/python3.7/site-packages/airflow/example_dags/example_branch_labels.py
[2025-11-23T07:19:34.650+0000] {processor.py:756} INFO - Processing file /home/airflow/.local/lib/python3.7/site-packages/airflow/example_dags/example_branch_labels.py for tasks to queue
[2025-11-23T07:19:34.652+0000] {logging_mixin.py:120} INFO - [2025-11-23T07:19:34.652+0000] {dagbag.py:537} INFO - Filling up the DagBag from /home/airflow/.local/lib/python3.7/site-packages/airflow/example_dags/example_branch_labels.py
[2025-11-23T07:19:34.678+0000] {processor.py:766} INFO - DAG(s) dict_keys(['example_branch_labels']) retrieved from /home/airflow/.local/lib/python3.7/site-packages/airflow/example_dags/example_branch_labels.py
[2025-11-23T07:19:34.753+0000] {logging_mixin.py:120} INFO - [2025-11-23T07:19:34.752+0000] {dag.py:2585} INFO - Sync 1 DAGs
[2025-11-23T07:19:34.798+0000] {logging_mixin.py:120} INFO - [2025-11-23T07:19:34.797+0000] {dag.py:3340} INFO - Setting next_dagrun for example_branch_labels to 2025-11-22T00:00:00+00:00, run_after=2025-11-23T00:00:00+00:00
[2025-11-23T07:19:34.852+0000] {processor.py:176} INFO - Processing /home/airflow/.local/lib/python3.7/site-packages/airflow/example_dags/example_branch_labels.py took 0.211 seconds
[2025-11-23T07:20:05.002+0000] {processor.py:154} INFO - Started process (PID=5394) to work on /home/airflow/.local/lib/python3.7/site-packages/airflow/example_dags/example_branch_labels.py
[2025-11-23T07:20:05.003+0000] {processor.py:756} INFO - Processing file /home/airflow/.local/lib/python3.7/site-packages/airflow/example_dags/example_branch_labels.py for tasks to queue
[2025-11-23T07:20:05.004+0000] {logging_mixin.py:120} INFO - [2025-11-23T07:20:05.004+0000] {dagbag.py:537} INFO - Filling up the DagBag from /home/airflow/.local/lib/python3.7/site-packages/airflow/example_dags/example_branch_labels.py
[2025-11-23T07:20:05.034+0000] {processor.py:766} INFO - DAG(s) dict_keys(['example_branch_labels']) retrieved from /home/airflow/.local/lib/python3.7/site-packages/airflow/example_dags/example_branch_labels.py
[2025-11-23T07:20:05.114+0000] {logging_mixin.py:120} INFO - [2025-11-23T07:20:05.114+0000] {dag.py:2585} INFO - Sync 1 DAGs
[2025-11-23T07:20:05.168+0000] {logging_mixin.py:120} INFO - [2025-11-23T07:20:05.168+0000] {dag.py:3340} INFO - Setting next_dagrun for example_branch_labels to 2025-11-22T00:00:00+00:00, run_after=2025-11-23T00:00:00+00:00
[2025-11-23T07:20:05.206+0000] {processor.py:176} INFO - Processing /home/airflow/.local/lib/python3.7/site-packages/airflow/example_dags/example_branch_labels.py took 0.209 seconds
[2025-11-23T07:20:37.244+0000] {processor.py:154} INFO - Started process (PID=5461) to work on /home/airflow/.local/lib/python3.7/site-packages/airflow/example_dags/example_branch_labels.py
[2025-11-23T07:20:37.246+0000] {processor.py:756} INFO - Processing file /home/airflow/.local/lib/python3.7/site-packages/airflow/example_dags/example_branch_labels.py for tasks to queue
[2025-11-23T07:20:37.249+0000] {logging_mixin.py:120} INFO - [2025-11-23T07:20:37.249+0000] {dagbag.py:537} INFO - Filling up the DagBag from /home/airflow/.local/lib/python3.7/site-packages/airflow/example_dags/example_branch_labels.py
[2025-11-23T07:20:37.331+0000] {processor.py:766} INFO - DAG(s) dict_keys(['example_branch_labels']) retrieved from /home/airflow/.local/lib/python3.7/site-packages/airflow/example_dags/example_branch_labels.py
[2025-11-23T07:20:37.463+0000] {logging_mixin.py:120} INFO - [2025-11-23T07:20:37.462+0000] {dag.py:2585} INFO - Sync 1 DAGs
[2025-11-23T07:20:37.533+0000] {logging_mixin.py:120} INFO - [2025-11-23T07:20:37.533+0000] {dag.py:3340} INFO - Setting next_dagrun for example_branch_labels to 2025-11-22T00:00:00+00:00, run_after=2025-11-23T00:00:00+00:00
[2025-11-23T07:20:37.701+0000] {processor.py:176} INFO - Processing /home/airflow/.local/lib/python3.7/site-packages/airflow/example_dags/example_branch_labels.py took 0.475 seconds
[2025-11-23T07:21:07.870+0000] {processor.py:154} INFO - Started process (PID=5520) to work on /home/airflow/.local/lib/python3.7/site-packages/airflow/example_dags/example_branch_labels.py
[2025-11-23T07:21:07.871+0000] {processor.py:756} INFO - Processing file /home/airflow/.local/lib/python3.7/site-packages/airflow/example_dags/example_branch_labels.py for tasks to queue
[2025-11-23T07:21:07.874+0000] {logging_mixin.py:120} INFO - [2025-11-23T07:21:07.873+0000] {dagbag.py:537} INFO - Filling up the DagBag from /home/airflow/.local/lib/python3.7/site-packages/airflow/example_dags/example_branch_labels.py
[2025-11-23T07:21:07.907+0000] {processor.py:766} INFO - DAG(s) dict_keys(['example_branch_labels']) retrieved from /home/airflow/.local/lib/python3.7/site-packages/airflow/example_dags/example_branch_labels.py
[2025-11-23T07:21:07.973+0000] {logging_mixin.py:120} INFO - [2025-11-23T07:21:07.973+0000] {dag.py:2585} INFO - Sync 1 DAGs
[2025-11-23T07:21:08.002+0000] {logging_mixin.py:120} INFO - [2025-11-23T07:21:08.002+0000] {dag.py:3340} INFO - Setting next_dagrun for example_branch_labels to 2025-11-22T00:00:00+00:00, run_after=2025-11-23T00:00:00+00:00
[2025-11-23T07:21:08.029+0000] {processor.py:176} INFO - Processing /home/airflow/.local/lib/python3.7/site-packages/airflow/example_dags/example_branch_labels.py took 0.165 seconds
[2025-11-23T07:21:38.450+0000] {processor.py:154} INFO - Started process (PID=5587) to work on /home/airflow/.local/lib/python3.7/site-packages/airflow/example_dags/example_branch_labels.py
[2025-11-23T07:21:38.452+0000] {processor.py:756} INFO - Processing file /home/airflow/.local/lib/python3.7/site-packages/airflow/example_dags/example_branch_labels.py for tasks to queue
[2025-11-23T07:21:38.454+0000] {logging_mixin.py:120} INFO - [2025-11-23T07:21:38.453+0000] {dagbag.py:537} INFO - Filling up the DagBag from /home/airflow/.local/lib/python3.7/site-packages/airflow/example_dags/example_branch_labels.py
[2025-11-23T07:21:38.483+0000] {processor.py:766} INFO - DAG(s) dict_keys(['example_branch_labels']) retrieved from /home/airflow/.local/lib/python3.7/site-packages/airflow/example_dags/example_branch_labels.py
[2025-11-23T07:21:38.566+0000] {logging_mixin.py:120} INFO - [2025-11-23T07:21:38.566+0000] {dag.py:2585} INFO - Sync 1 DAGs
[2025-11-23T07:21:38.599+0000] {logging_mixin.py:120} INFO - [2025-11-23T07:21:38.598+0000] {dag.py:3340} INFO - Setting next_dagrun for example_branch_labels to 2025-11-22T00:00:00+00:00, run_after=2025-11-23T00:00:00+00:00
[2025-11-23T07:21:38.629+0000] {processor.py:176} INFO - Processing /home/airflow/.local/lib/python3.7/site-packages/airflow/example_dags/example_branch_labels.py took 0.188 seconds
[2025-11-23T07:22:09.942+0000] {processor.py:154} INFO - Started process (PID=5646) to work on /home/airflow/.local/lib/python3.7/site-packages/airflow/example_dags/example_branch_labels.py
[2025-11-23T07:22:09.944+0000] {processor.py:756} INFO - Processing file /home/airflow/.local/lib/python3.7/site-packages/airflow/example_dags/example_branch_labels.py for tasks to queue
[2025-11-23T07:22:09.946+0000] {logging_mixin.py:120} INFO - [2025-11-23T07:22:09.946+0000] {dagbag.py:537} INFO - Filling up the DagBag from /home/airflow/.local/lib/python3.7/site-packages/airflow/example_dags/example_branch_labels.py
[2025-11-23T07:22:09.976+0000] {processor.py:766} INFO - DAG(s) dict_keys(['example_branch_labels']) retrieved from /home/airflow/.local/lib/python3.7/site-packages/airflow/example_dags/example_branch_labels.py
[2025-11-23T07:22:10.063+0000] {logging_mixin.py:120} INFO - [2025-11-23T07:22:10.063+0000] {dag.py:2585} INFO - Sync 1 DAGs
[2025-11-23T07:22:10.148+0000] {logging_mixin.py:120} INFO - [2025-11-23T07:22:10.147+0000] {dag.py:3340} INFO - Setting next_dagrun for example_branch_labels to 2025-11-22T00:00:00+00:00, run_after=2025-11-23T00:00:00+00:00
[2025-11-23T07:22:10.257+0000] {processor.py:176} INFO - Processing /home/airflow/.local/lib/python3.7/site-packages/airflow/example_dags/example_branch_labels.py took 0.327 seconds
[2025-11-23T07:22:40.703+0000] {processor.py:154} INFO - Started process (PID=5711) to work on /home/airflow/.local/lib/python3.7/site-packages/airflow/example_dags/example_branch_labels.py
[2025-11-23T07:22:40.704+0000] {processor.py:756} INFO - Processing file /home/airflow/.local/lib/python3.7/site-packages/airflow/example_dags/example_branch_labels.py for tasks to queue
[2025-11-23T07:22:40.705+0000] {logging_mixin.py:120} INFO - [2025-11-23T07:22:40.705+0000] {dagbag.py:537} INFO - Filling up the DagBag from /home/airflow/.local/lib/python3.7/site-packages/airflow/example_dags/example_branch_labels.py
[2025-11-23T07:22:40.729+0000] {processor.py:766} INFO - DAG(s) dict_keys(['example_branch_labels']) retrieved from /home/airflow/.local/lib/python3.7/site-packages/airflow/example_dags/example_branch_labels.py
[2025-11-23T07:22:40.815+0000] {logging_mixin.py:120} INFO - [2025-11-23T07:22:40.814+0000] {dag.py:2585} INFO - Sync 1 DAGs
[2025-11-23T07:22:40.871+0000] {logging_mixin.py:120} INFO - [2025-11-23T07:22:40.871+0000] {dag.py:3340} INFO - Setting next_dagrun for example_branch_labels to 2025-11-22T00:00:00+00:00, run_after=2025-11-23T00:00:00+00:00
[2025-11-23T07:22:40.910+0000] {processor.py:176} INFO - Processing /home/airflow/.local/lib/python3.7/site-packages/airflow/example_dags/example_branch_labels.py took 0.212 seconds
[2025-11-23T07:23:11.322+0000] {processor.py:154} INFO - Started process (PID=5768) to work on /home/airflow/.local/lib/python3.7/site-packages/airflow/example_dags/example_branch_labels.py
[2025-11-23T07:23:11.323+0000] {processor.py:756} INFO - Processing file /home/airflow/.local/lib/python3.7/site-packages/airflow/example_dags/example_branch_labels.py for tasks to queue
[2025-11-23T07:23:11.325+0000] {logging_mixin.py:120} INFO - [2025-11-23T07:23:11.325+0000] {dagbag.py:537} INFO - Filling up the DagBag from /home/airflow/.local/lib/python3.7/site-packages/airflow/example_dags/example_branch_labels.py
[2025-11-23T07:23:11.346+0000] {processor.py:766} INFO - DAG(s) dict_keys(['example_branch_labels']) retrieved from /home/airflow/.local/lib/python3.7/site-packages/airflow/example_dags/example_branch_labels.py
[2025-11-23T07:23:11.425+0000] {logging_mixin.py:120} INFO - [2025-11-23T07:23:11.424+0000] {dag.py:2585} INFO - Sync 1 DAGs
[2025-11-23T07:23:11.475+0000] {logging_mixin.py:120} INFO - [2025-11-23T07:23:11.475+0000] {dag.py:3340} INFO - Setting next_dagrun for example_branch_labels to 2025-11-22T00:00:00+00:00, run_after=2025-11-23T00:00:00+00:00
[2025-11-23T07:23:11.515+0000] {processor.py:176} INFO - Processing /home/airflow/.local/lib/python3.7/site-packages/airflow/example_dags/example_branch_labels.py took 0.199 seconds
