[2025-11-23T06:34:29.552+0000] {processor.py:154} INFO - Started process (PID=63) to work on /home/airflow/.local/lib/python3.7/site-packages/airflow/example_dags/example_sla_dag.py
[2025-11-23T06:34:29.553+0000] {processor.py:756} INFO - Processing file /home/airflow/.local/lib/python3.7/site-packages/airflow/example_dags/example_sla_dag.py for tasks to queue
[2025-11-23T06:34:29.555+0000] {logging_mixin.py:120} INFO - [2025-11-23T06:34:29.554+0000] {dagbag.py:537} INFO - Filling up the DagBag from /home/airflow/.local/lib/python3.7/site-packages/airflow/example_dags/example_sla_dag.py
[2025-11-23T06:34:30.435+0000] {processor.py:766} INFO - DAG(s) dict_keys(['example_sla_dag']) retrieved from /home/airflow/.local/lib/python3.7/site-packages/airflow/example_dags/example_sla_dag.py
[2025-11-23T06:34:30.525+0000] {logging_mixin.py:120} INFO - [2025-11-23T06:34:30.524+0000] {dag.py:2585} INFO - Sync 1 DAGs
[2025-11-23T06:34:30.583+0000] {logging_mixin.py:120} INFO - [2025-11-23T06:34:30.583+0000] {dag.py:3340} INFO - Setting next_dagrun for example_sla_dag to 2025-11-23T06:32:00+00:00, run_after=2025-11-23T06:34:00+00:00
[2025-11-23T06:34:30.999+0000] {processor.py:176} INFO - Processing /home/airflow/.local/lib/python3.7/site-packages/airflow/example_dags/example_sla_dag.py took 1.451 seconds
[2025-11-23T06:35:18.220+0000] {processor.py:154} INFO - Started process (PID=118) to work on /home/airflow/.local/lib/python3.7/site-packages/airflow/example_dags/example_sla_dag.py
[2025-11-23T06:35:18.235+0000] {processor.py:756} INFO - Processing file /home/airflow/.local/lib/python3.7/site-packages/airflow/example_dags/example_sla_dag.py for tasks to queue
[2025-11-23T06:35:18.238+0000] {logging_mixin.py:120} INFO - [2025-11-23T06:35:18.238+0000] {dagbag.py:537} INFO - Filling up the DagBag from /home/airflow/.local/lib/python3.7/site-packages/airflow/example_dags/example_sla_dag.py
[2025-11-23T06:35:18.585+0000] {processor.py:766} INFO - DAG(s) dict_keys(['example_sla_dag']) retrieved from /home/airflow/.local/lib/python3.7/site-packages/airflow/example_dags/example_sla_dag.py
[2025-11-23T06:35:19.007+0000] {logging_mixin.py:120} INFO - [2025-11-23T06:35:19.007+0000] {dag.py:2585} INFO - Sync 1 DAGs
[2025-11-23T06:35:19.155+0000] {logging_mixin.py:120} INFO - [2025-11-23T06:35:19.155+0000] {dag.py:3340} INFO - Setting next_dagrun for example_sla_dag to 2025-11-23T06:32:00+00:00, run_after=2025-11-23T06:34:00+00:00
[2025-11-23T06:35:19.355+0000] {processor.py:176} INFO - Processing /home/airflow/.local/lib/python3.7/site-packages/airflow/example_dags/example_sla_dag.py took 1.192 seconds
[2025-11-23T06:35:49.733+0000] {processor.py:154} INFO - Started process (PID=175) to work on /home/airflow/.local/lib/python3.7/site-packages/airflow/example_dags/example_sla_dag.py
[2025-11-23T06:35:49.734+0000] {processor.py:756} INFO - Processing file /home/airflow/.local/lib/python3.7/site-packages/airflow/example_dags/example_sla_dag.py for tasks to queue
[2025-11-23T06:35:49.735+0000] {logging_mixin.py:120} INFO - [2025-11-23T06:35:49.735+0000] {dagbag.py:537} INFO - Filling up the DagBag from /home/airflow/.local/lib/python3.7/site-packages/airflow/example_dags/example_sla_dag.py
[2025-11-23T06:35:49.774+0000] {processor.py:766} INFO - DAG(s) dict_keys(['example_sla_dag']) retrieved from /home/airflow/.local/lib/python3.7/site-packages/airflow/example_dags/example_sla_dag.py
[2025-11-23T06:35:49.834+0000] {logging_mixin.py:120} INFO - [2025-11-23T06:35:49.833+0000] {dag.py:2585} INFO - Sync 1 DAGs
[2025-11-23T06:35:49.891+0000] {logging_mixin.py:120} INFO - [2025-11-23T06:35:49.891+0000] {dag.py:3340} INFO - Setting next_dagrun for example_sla_dag to 2025-11-23T06:32:00+00:00, run_after=2025-11-23T06:34:00+00:00
[2025-11-23T06:35:49.931+0000] {processor.py:176} INFO - Processing /home/airflow/.local/lib/python3.7/site-packages/airflow/example_dags/example_sla_dag.py took 0.202 seconds
[2025-11-23T06:36:20.297+0000] {processor.py:154} INFO - Started process (PID=241) to work on /home/airflow/.local/lib/python3.7/site-packages/airflow/example_dags/example_sla_dag.py
[2025-11-23T06:36:20.299+0000] {processor.py:756} INFO - Processing file /home/airflow/.local/lib/python3.7/site-packages/airflow/example_dags/example_sla_dag.py for tasks to queue
[2025-11-23T06:36:20.300+0000] {logging_mixin.py:120} INFO - [2025-11-23T06:36:20.300+0000] {dagbag.py:537} INFO - Filling up the DagBag from /home/airflow/.local/lib/python3.7/site-packages/airflow/example_dags/example_sla_dag.py
[2025-11-23T06:36:20.330+0000] {processor.py:766} INFO - DAG(s) dict_keys(['example_sla_dag']) retrieved from /home/airflow/.local/lib/python3.7/site-packages/airflow/example_dags/example_sla_dag.py
[2025-11-23T06:36:20.407+0000] {logging_mixin.py:120} INFO - [2025-11-23T06:36:20.407+0000] {dag.py:2585} INFO - Sync 1 DAGs
[2025-11-23T06:36:20.451+0000] {logging_mixin.py:120} INFO - [2025-11-23T06:36:20.451+0000] {dag.py:3340} INFO - Setting next_dagrun for example_sla_dag to 2025-11-23T06:34:00+00:00, run_after=2025-11-23T06:36:00+00:00
[2025-11-23T06:36:20.484+0000] {processor.py:176} INFO - Processing /home/airflow/.local/lib/python3.7/site-packages/airflow/example_dags/example_sla_dag.py took 0.193 seconds
[2025-11-23T06:36:50.741+0000] {processor.py:154} INFO - Started process (PID=296) to work on /home/airflow/.local/lib/python3.7/site-packages/airflow/example_dags/example_sla_dag.py
[2025-11-23T06:36:50.744+0000] {processor.py:756} INFO - Processing file /home/airflow/.local/lib/python3.7/site-packages/airflow/example_dags/example_sla_dag.py for tasks to queue
[2025-11-23T06:36:50.747+0000] {logging_mixin.py:120} INFO - [2025-11-23T06:36:50.747+0000] {dagbag.py:537} INFO - Filling up the DagBag from /home/airflow/.local/lib/python3.7/site-packages/airflow/example_dags/example_sla_dag.py
[2025-11-23T06:36:50.790+0000] {processor.py:766} INFO - DAG(s) dict_keys(['example_sla_dag']) retrieved from /home/airflow/.local/lib/python3.7/site-packages/airflow/example_dags/example_sla_dag.py
[2025-11-23T06:36:50.853+0000] {logging_mixin.py:120} INFO - [2025-11-23T06:36:50.852+0000] {dag.py:2585} INFO - Sync 1 DAGs
[2025-11-23T06:36:50.888+0000] {logging_mixin.py:120} INFO - [2025-11-23T06:36:50.888+0000] {dag.py:3340} INFO - Setting next_dagrun for example_sla_dag to 2025-11-23T06:34:00+00:00, run_after=2025-11-23T06:36:00+00:00
[2025-11-23T06:36:50.917+0000] {processor.py:176} INFO - Processing /home/airflow/.local/lib/python3.7/site-packages/airflow/example_dags/example_sla_dag.py took 0.181 seconds
[2025-11-23T06:37:21.185+0000] {processor.py:154} INFO - Started process (PID=361) to work on /home/airflow/.local/lib/python3.7/site-packages/airflow/example_dags/example_sla_dag.py
[2025-11-23T06:37:21.188+0000] {processor.py:756} INFO - Processing file /home/airflow/.local/lib/python3.7/site-packages/airflow/example_dags/example_sla_dag.py for tasks to queue
[2025-11-23T06:37:21.190+0000] {logging_mixin.py:120} INFO - [2025-11-23T06:37:21.190+0000] {dagbag.py:537} INFO - Filling up the DagBag from /home/airflow/.local/lib/python3.7/site-packages/airflow/example_dags/example_sla_dag.py
[2025-11-23T06:37:21.289+0000] {processor.py:766} INFO - DAG(s) dict_keys(['example_sla_dag']) retrieved from /home/airflow/.local/lib/python3.7/site-packages/airflow/example_dags/example_sla_dag.py
[2025-11-23T06:37:21.418+0000] {logging_mixin.py:120} INFO - [2025-11-23T06:37:21.418+0000] {dag.py:2585} INFO - Sync 1 DAGs
[2025-11-23T06:37:21.470+0000] {logging_mixin.py:120} INFO - [2025-11-23T06:37:21.470+0000] {dag.py:3340} INFO - Setting next_dagrun for example_sla_dag to 2025-11-23T06:34:00+00:00, run_after=2025-11-23T06:36:00+00:00
[2025-11-23T06:37:21.508+0000] {processor.py:176} INFO - Processing /home/airflow/.local/lib/python3.7/site-packages/airflow/example_dags/example_sla_dag.py took 0.338 seconds
[2025-11-23T06:37:51.604+0000] {processor.py:154} INFO - Started process (PID=417) to work on /home/airflow/.local/lib/python3.7/site-packages/airflow/example_dags/example_sla_dag.py
[2025-11-23T06:37:51.605+0000] {processor.py:756} INFO - Processing file /home/airflow/.local/lib/python3.7/site-packages/airflow/example_dags/example_sla_dag.py for tasks to queue
[2025-11-23T06:37:51.606+0000] {logging_mixin.py:120} INFO - [2025-11-23T06:37:51.606+0000] {dagbag.py:537} INFO - Filling up the DagBag from /home/airflow/.local/lib/python3.7/site-packages/airflow/example_dags/example_sla_dag.py
[2025-11-23T06:37:51.643+0000] {processor.py:766} INFO - DAG(s) dict_keys(['example_sla_dag']) retrieved from /home/airflow/.local/lib/python3.7/site-packages/airflow/example_dags/example_sla_dag.py
[2025-11-23T06:37:51.728+0000] {logging_mixin.py:120} INFO - [2025-11-23T06:37:51.727+0000] {dag.py:2585} INFO - Sync 1 DAGs
[2025-11-23T06:37:51.780+0000] {logging_mixin.py:120} INFO - [2025-11-23T06:37:51.780+0000] {dag.py:3340} INFO - Setting next_dagrun for example_sla_dag to 2025-11-23T06:34:00+00:00, run_after=2025-11-23T06:36:00+00:00
[2025-11-23T06:37:51.815+0000] {processor.py:176} INFO - Processing /home/airflow/.local/lib/python3.7/site-packages/airflow/example_dags/example_sla_dag.py took 0.215 seconds
[2025-11-23T06:38:25.410+0000] {processor.py:154} INFO - Started process (PID=479) to work on /home/airflow/.local/lib/python3.7/site-packages/airflow/example_dags/example_sla_dag.py
[2025-11-23T06:38:25.412+0000] {processor.py:756} INFO - Processing file /home/airflow/.local/lib/python3.7/site-packages/airflow/example_dags/example_sla_dag.py for tasks to queue
[2025-11-23T06:38:25.416+0000] {logging_mixin.py:120} INFO - [2025-11-23T06:38:25.416+0000] {dagbag.py:537} INFO - Filling up the DagBag from /home/airflow/.local/lib/python3.7/site-packages/airflow/example_dags/example_sla_dag.py
[2025-11-23T06:38:25.590+0000] {processor.py:766} INFO - DAG(s) dict_keys(['example_sla_dag']) retrieved from /home/airflow/.local/lib/python3.7/site-packages/airflow/example_dags/example_sla_dag.py
[2025-11-23T06:38:26.273+0000] {logging_mixin.py:120} INFO - [2025-11-23T06:38:26.272+0000] {dag.py:2585} INFO - Sync 1 DAGs
[2025-11-23T06:38:26.681+0000] {logging_mixin.py:120} INFO - [2025-11-23T06:38:26.681+0000] {dag.py:3340} INFO - Setting next_dagrun for example_sla_dag to 2025-11-23T06:36:00+00:00, run_after=2025-11-23T06:38:00+00:00
[2025-11-23T06:38:26.798+0000] {processor.py:176} INFO - Processing /home/airflow/.local/lib/python3.7/site-packages/airflow/example_dags/example_sla_dag.py took 1.418 seconds
[2025-11-23T06:38:56.926+0000] {processor.py:154} INFO - Started process (PID=535) to work on /home/airflow/.local/lib/python3.7/site-packages/airflow/example_dags/example_sla_dag.py
[2025-11-23T06:38:56.928+0000] {processor.py:756} INFO - Processing file /home/airflow/.local/lib/python3.7/site-packages/airflow/example_dags/example_sla_dag.py for tasks to queue
[2025-11-23T06:38:56.931+0000] {logging_mixin.py:120} INFO - [2025-11-23T06:38:56.930+0000] {dagbag.py:537} INFO - Filling up the DagBag from /home/airflow/.local/lib/python3.7/site-packages/airflow/example_dags/example_sla_dag.py
[2025-11-23T06:38:56.981+0000] {processor.py:766} INFO - DAG(s) dict_keys(['example_sla_dag']) retrieved from /home/airflow/.local/lib/python3.7/site-packages/airflow/example_dags/example_sla_dag.py
[2025-11-23T06:38:57.042+0000] {logging_mixin.py:120} INFO - [2025-11-23T06:38:57.042+0000] {dag.py:2585} INFO - Sync 1 DAGs
[2025-11-23T06:38:57.080+0000] {logging_mixin.py:120} INFO - [2025-11-23T06:38:57.080+0000] {dag.py:3340} INFO - Setting next_dagrun for example_sla_dag to 2025-11-23T06:36:00+00:00, run_after=2025-11-23T06:38:00+00:00
[2025-11-23T06:38:57.114+0000] {processor.py:176} INFO - Processing /home/airflow/.local/lib/python3.7/site-packages/airflow/example_dags/example_sla_dag.py took 0.193 seconds
[2025-11-23T06:39:27.793+0000] {processor.py:154} INFO - Started process (PID=590) to work on /home/airflow/.local/lib/python3.7/site-packages/airflow/example_dags/example_sla_dag.py
[2025-11-23T06:39:27.803+0000] {processor.py:756} INFO - Processing file /home/airflow/.local/lib/python3.7/site-packages/airflow/example_dags/example_sla_dag.py for tasks to queue
[2025-11-23T06:39:27.805+0000] {logging_mixin.py:120} INFO - [2025-11-23T06:39:27.804+0000] {dagbag.py:537} INFO - Filling up the DagBag from /home/airflow/.local/lib/python3.7/site-packages/airflow/example_dags/example_sla_dag.py
[2025-11-23T06:39:27.873+0000] {processor.py:766} INFO - DAG(s) dict_keys(['example_sla_dag']) retrieved from /home/airflow/.local/lib/python3.7/site-packages/airflow/example_dags/example_sla_dag.py
[2025-11-23T06:39:28.016+0000] {logging_mixin.py:120} INFO - [2025-11-23T06:39:28.016+0000] {dag.py:2585} INFO - Sync 1 DAGs
[2025-11-23T06:39:28.162+0000] {logging_mixin.py:120} INFO - [2025-11-23T06:39:28.162+0000] {dag.py:3340} INFO - Setting next_dagrun for example_sla_dag to 2025-11-23T06:36:00+00:00, run_after=2025-11-23T06:38:00+00:00
[2025-11-23T06:39:28.291+0000] {processor.py:176} INFO - Processing /home/airflow/.local/lib/python3.7/site-packages/airflow/example_dags/example_sla_dag.py took 0.505 seconds
[2025-11-23T06:39:59.127+0000] {processor.py:154} INFO - Started process (PID=646) to work on /home/airflow/.local/lib/python3.7/site-packages/airflow/example_dags/example_sla_dag.py
[2025-11-23T06:39:59.142+0000] {processor.py:756} INFO - Processing file /home/airflow/.local/lib/python3.7/site-packages/airflow/example_dags/example_sla_dag.py for tasks to queue
[2025-11-23T06:39:59.148+0000] {logging_mixin.py:120} INFO - [2025-11-23T06:39:59.148+0000] {dagbag.py:537} INFO - Filling up the DagBag from /home/airflow/.local/lib/python3.7/site-packages/airflow/example_dags/example_sla_dag.py
[2025-11-23T06:39:59.200+0000] {processor.py:766} INFO - DAG(s) dict_keys(['example_sla_dag']) retrieved from /home/airflow/.local/lib/python3.7/site-packages/airflow/example_dags/example_sla_dag.py
[2025-11-23T06:39:59.266+0000] {logging_mixin.py:120} INFO - [2025-11-23T06:39:59.266+0000] {dag.py:2585} INFO - Sync 1 DAGs
[2025-11-23T06:39:59.327+0000] {logging_mixin.py:120} INFO - [2025-11-23T06:39:59.326+0000] {dag.py:3340} INFO - Setting next_dagrun for example_sla_dag to 2025-11-23T06:36:00+00:00, run_after=2025-11-23T06:38:00+00:00
[2025-11-23T06:39:59.388+0000] {processor.py:176} INFO - Processing /home/airflow/.local/lib/python3.7/site-packages/airflow/example_dags/example_sla_dag.py took 0.271 seconds
[2025-11-23T06:40:30.029+0000] {processor.py:154} INFO - Started process (PID=711) to work on /home/airflow/.local/lib/python3.7/site-packages/airflow/example_dags/example_sla_dag.py
[2025-11-23T06:40:30.031+0000] {processor.py:756} INFO - Processing file /home/airflow/.local/lib/python3.7/site-packages/airflow/example_dags/example_sla_dag.py for tasks to queue
[2025-11-23T06:40:30.033+0000] {logging_mixin.py:120} INFO - [2025-11-23T06:40:30.033+0000] {dagbag.py:537} INFO - Filling up the DagBag from /home/airflow/.local/lib/python3.7/site-packages/airflow/example_dags/example_sla_dag.py
[2025-11-23T06:40:30.084+0000] {processor.py:766} INFO - DAG(s) dict_keys(['example_sla_dag']) retrieved from /home/airflow/.local/lib/python3.7/site-packages/airflow/example_dags/example_sla_dag.py
[2025-11-23T06:40:30.152+0000] {logging_mixin.py:120} INFO - [2025-11-23T06:40:30.152+0000] {dag.py:2585} INFO - Sync 1 DAGs
[2025-11-23T06:40:30.193+0000] {logging_mixin.py:120} INFO - [2025-11-23T06:40:30.193+0000] {dag.py:3340} INFO - Setting next_dagrun for example_sla_dag to 2025-11-23T06:38:00+00:00, run_after=2025-11-23T06:40:00+00:00
[2025-11-23T06:40:30.220+0000] {processor.py:176} INFO - Processing /home/airflow/.local/lib/python3.7/site-packages/airflow/example_dags/example_sla_dag.py took 0.199 seconds
[2025-11-23T06:41:00.573+0000] {processor.py:154} INFO - Started process (PID=767) to work on /home/airflow/.local/lib/python3.7/site-packages/airflow/example_dags/example_sla_dag.py
[2025-11-23T06:41:00.575+0000] {processor.py:756} INFO - Processing file /home/airflow/.local/lib/python3.7/site-packages/airflow/example_dags/example_sla_dag.py for tasks to queue
[2025-11-23T06:41:00.577+0000] {logging_mixin.py:120} INFO - [2025-11-23T06:41:00.576+0000] {dagbag.py:537} INFO - Filling up the DagBag from /home/airflow/.local/lib/python3.7/site-packages/airflow/example_dags/example_sla_dag.py
[2025-11-23T06:41:00.623+0000] {processor.py:766} INFO - DAG(s) dict_keys(['example_sla_dag']) retrieved from /home/airflow/.local/lib/python3.7/site-packages/airflow/example_dags/example_sla_dag.py
[2025-11-23T06:41:00.720+0000] {logging_mixin.py:120} INFO - [2025-11-23T06:41:00.720+0000] {dag.py:2585} INFO - Sync 1 DAGs
[2025-11-23T06:41:00.772+0000] {logging_mixin.py:120} INFO - [2025-11-23T06:41:00.772+0000] {dag.py:3340} INFO - Setting next_dagrun for example_sla_dag to 2025-11-23T06:38:00+00:00, run_after=2025-11-23T06:40:00+00:00
[2025-11-23T06:41:00.817+0000] {processor.py:176} INFO - Processing /home/airflow/.local/lib/python3.7/site-packages/airflow/example_dags/example_sla_dag.py took 0.250 seconds
[2025-11-23T06:41:31.607+0000] {processor.py:154} INFO - Started process (PID=831) to work on /home/airflow/.local/lib/python3.7/site-packages/airflow/example_dags/example_sla_dag.py
[2025-11-23T06:41:31.609+0000] {processor.py:756} INFO - Processing file /home/airflow/.local/lib/python3.7/site-packages/airflow/example_dags/example_sla_dag.py for tasks to queue
[2025-11-23T06:41:31.611+0000] {logging_mixin.py:120} INFO - [2025-11-23T06:41:31.611+0000] {dagbag.py:537} INFO - Filling up the DagBag from /home/airflow/.local/lib/python3.7/site-packages/airflow/example_dags/example_sla_dag.py
[2025-11-23T06:41:31.644+0000] {processor.py:766} INFO - DAG(s) dict_keys(['example_sla_dag']) retrieved from /home/airflow/.local/lib/python3.7/site-packages/airflow/example_dags/example_sla_dag.py
[2025-11-23T06:41:31.697+0000] {logging_mixin.py:120} INFO - [2025-11-23T06:41:31.697+0000] {dag.py:2585} INFO - Sync 1 DAGs
[2025-11-23T06:41:31.734+0000] {logging_mixin.py:120} INFO - [2025-11-23T06:41:31.733+0000] {dag.py:3340} INFO - Setting next_dagrun for example_sla_dag to 2025-11-23T06:38:00+00:00, run_after=2025-11-23T06:40:00+00:00
[2025-11-23T06:41:31.765+0000] {processor.py:176} INFO - Processing /home/airflow/.local/lib/python3.7/site-packages/airflow/example_dags/example_sla_dag.py took 0.162 seconds
[2025-11-23T06:42:02.095+0000] {processor.py:154} INFO - Started process (PID=887) to work on /home/airflow/.local/lib/python3.7/site-packages/airflow/example_dags/example_sla_dag.py
[2025-11-23T06:42:02.096+0000] {processor.py:756} INFO - Processing file /home/airflow/.local/lib/python3.7/site-packages/airflow/example_dags/example_sla_dag.py for tasks to queue
[2025-11-23T06:42:02.098+0000] {logging_mixin.py:120} INFO - [2025-11-23T06:42:02.098+0000] {dagbag.py:537} INFO - Filling up the DagBag from /home/airflow/.local/lib/python3.7/site-packages/airflow/example_dags/example_sla_dag.py
[2025-11-23T06:42:02.133+0000] {processor.py:766} INFO - DAG(s) dict_keys(['example_sla_dag']) retrieved from /home/airflow/.local/lib/python3.7/site-packages/airflow/example_dags/example_sla_dag.py
[2025-11-23T06:42:02.191+0000] {logging_mixin.py:120} INFO - [2025-11-23T06:42:02.191+0000] {dag.py:2585} INFO - Sync 1 DAGs
[2025-11-23T06:42:02.231+0000] {logging_mixin.py:120} INFO - [2025-11-23T06:42:02.231+0000] {dag.py:3340} INFO - Setting next_dagrun for example_sla_dag to 2025-11-23T06:40:00+00:00, run_after=2025-11-23T06:42:00+00:00
[2025-11-23T06:42:02.266+0000] {processor.py:176} INFO - Processing /home/airflow/.local/lib/python3.7/site-packages/airflow/example_dags/example_sla_dag.py took 0.175 seconds
[2025-11-23T06:42:32.822+0000] {processor.py:154} INFO - Started process (PID=953) to work on /home/airflow/.local/lib/python3.7/site-packages/airflow/example_dags/example_sla_dag.py
[2025-11-23T06:42:32.826+0000] {processor.py:756} INFO - Processing file /home/airflow/.local/lib/python3.7/site-packages/airflow/example_dags/example_sla_dag.py for tasks to queue
[2025-11-23T06:42:32.829+0000] {logging_mixin.py:120} INFO - [2025-11-23T06:42:32.829+0000] {dagbag.py:537} INFO - Filling up the DagBag from /home/airflow/.local/lib/python3.7/site-packages/airflow/example_dags/example_sla_dag.py
[2025-11-23T06:42:32.895+0000] {processor.py:766} INFO - DAG(s) dict_keys(['example_sla_dag']) retrieved from /home/airflow/.local/lib/python3.7/site-packages/airflow/example_dags/example_sla_dag.py
[2025-11-23T06:42:32.965+0000] {logging_mixin.py:120} INFO - [2025-11-23T06:42:32.964+0000] {dag.py:2585} INFO - Sync 1 DAGs
[2025-11-23T06:42:33.025+0000] {logging_mixin.py:120} INFO - [2025-11-23T06:42:33.025+0000] {dag.py:3340} INFO - Setting next_dagrun for example_sla_dag to 2025-11-23T06:40:00+00:00, run_after=2025-11-23T06:42:00+00:00
[2025-11-23T06:42:33.122+0000] {processor.py:176} INFO - Processing /home/airflow/.local/lib/python3.7/site-packages/airflow/example_dags/example_sla_dag.py took 0.305 seconds
[2025-11-23T06:43:03.893+0000] {processor.py:154} INFO - Started process (PID=1017) to work on /home/airflow/.local/lib/python3.7/site-packages/airflow/example_dags/example_sla_dag.py
[2025-11-23T06:43:03.895+0000] {processor.py:756} INFO - Processing file /home/airflow/.local/lib/python3.7/site-packages/airflow/example_dags/example_sla_dag.py for tasks to queue
[2025-11-23T06:43:03.896+0000] {logging_mixin.py:120} INFO - [2025-11-23T06:43:03.896+0000] {dagbag.py:537} INFO - Filling up the DagBag from /home/airflow/.local/lib/python3.7/site-packages/airflow/example_dags/example_sla_dag.py
[2025-11-23T06:43:03.936+0000] {processor.py:766} INFO - DAG(s) dict_keys(['example_sla_dag']) retrieved from /home/airflow/.local/lib/python3.7/site-packages/airflow/example_dags/example_sla_dag.py
[2025-11-23T06:43:04.025+0000] {logging_mixin.py:120} INFO - [2025-11-23T06:43:04.025+0000] {dag.py:2585} INFO - Sync 1 DAGs
[2025-11-23T06:43:04.069+0000] {logging_mixin.py:120} INFO - [2025-11-23T06:43:04.068+0000] {dag.py:3340} INFO - Setting next_dagrun for example_sla_dag to 2025-11-23T06:40:00+00:00, run_after=2025-11-23T06:42:00+00:00
[2025-11-23T06:43:04.107+0000] {processor.py:176} INFO - Processing /home/airflow/.local/lib/python3.7/site-packages/airflow/example_dags/example_sla_dag.py took 0.218 seconds
[2025-11-23T06:43:34.359+0000] {processor.py:154} INFO - Started process (PID=1076) to work on /home/airflow/.local/lib/python3.7/site-packages/airflow/example_dags/example_sla_dag.py
[2025-11-23T06:43:34.361+0000] {processor.py:756} INFO - Processing file /home/airflow/.local/lib/python3.7/site-packages/airflow/example_dags/example_sla_dag.py for tasks to queue
[2025-11-23T06:43:34.362+0000] {logging_mixin.py:120} INFO - [2025-11-23T06:43:34.362+0000] {dagbag.py:537} INFO - Filling up the DagBag from /home/airflow/.local/lib/python3.7/site-packages/airflow/example_dags/example_sla_dag.py
[2025-11-23T06:43:34.393+0000] {processor.py:766} INFO - DAG(s) dict_keys(['example_sla_dag']) retrieved from /home/airflow/.local/lib/python3.7/site-packages/airflow/example_dags/example_sla_dag.py
[2025-11-23T06:43:34.449+0000] {logging_mixin.py:120} INFO - [2025-11-23T06:43:34.449+0000] {dag.py:2585} INFO - Sync 1 DAGs
[2025-11-23T06:43:34.481+0000] {logging_mixin.py:120} INFO - [2025-11-23T06:43:34.481+0000] {dag.py:3340} INFO - Setting next_dagrun for example_sla_dag to 2025-11-23T06:40:00+00:00, run_after=2025-11-23T06:42:00+00:00
[2025-11-23T06:43:34.520+0000] {processor.py:176} INFO - Processing /home/airflow/.local/lib/python3.7/site-packages/airflow/example_dags/example_sla_dag.py took 0.168 seconds
[2025-11-23T06:44:04.716+0000] {processor.py:154} INFO - Started process (PID=1141) to work on /home/airflow/.local/lib/python3.7/site-packages/airflow/example_dags/example_sla_dag.py
[2025-11-23T06:44:04.718+0000] {processor.py:756} INFO - Processing file /home/airflow/.local/lib/python3.7/site-packages/airflow/example_dags/example_sla_dag.py for tasks to queue
[2025-11-23T06:44:04.719+0000] {logging_mixin.py:120} INFO - [2025-11-23T06:44:04.719+0000] {dagbag.py:537} INFO - Filling up the DagBag from /home/airflow/.local/lib/python3.7/site-packages/airflow/example_dags/example_sla_dag.py
[2025-11-23T06:44:04.759+0000] {processor.py:766} INFO - DAG(s) dict_keys(['example_sla_dag']) retrieved from /home/airflow/.local/lib/python3.7/site-packages/airflow/example_dags/example_sla_dag.py
[2025-11-23T06:44:04.823+0000] {logging_mixin.py:120} INFO - [2025-11-23T06:44:04.823+0000] {dag.py:2585} INFO - Sync 1 DAGs
[2025-11-23T06:44:04.865+0000] {logging_mixin.py:120} INFO - [2025-11-23T06:44:04.865+0000] {dag.py:3340} INFO - Setting next_dagrun for example_sla_dag to 2025-11-23T06:42:00+00:00, run_after=2025-11-23T06:44:00+00:00
[2025-11-23T06:44:04.898+0000] {processor.py:176} INFO - Processing /home/airflow/.local/lib/python3.7/site-packages/airflow/example_dags/example_sla_dag.py took 0.187 seconds
[2025-11-23T06:44:35.088+0000] {processor.py:154} INFO - Started process (PID=1196) to work on /home/airflow/.local/lib/python3.7/site-packages/airflow/example_dags/example_sla_dag.py
[2025-11-23T06:44:35.094+0000] {processor.py:756} INFO - Processing file /home/airflow/.local/lib/python3.7/site-packages/airflow/example_dags/example_sla_dag.py for tasks to queue
[2025-11-23T06:44:35.098+0000] {logging_mixin.py:120} INFO - [2025-11-23T06:44:35.098+0000] {dagbag.py:537} INFO - Filling up the DagBag from /home/airflow/.local/lib/python3.7/site-packages/airflow/example_dags/example_sla_dag.py
[2025-11-23T06:44:35.193+0000] {processor.py:766} INFO - DAG(s) dict_keys(['example_sla_dag']) retrieved from /home/airflow/.local/lib/python3.7/site-packages/airflow/example_dags/example_sla_dag.py
[2025-11-23T06:44:35.372+0000] {logging_mixin.py:120} INFO - [2025-11-23T06:44:35.371+0000] {dag.py:2585} INFO - Sync 1 DAGs
[2025-11-23T06:44:35.500+0000] {logging_mixin.py:120} INFO - [2025-11-23T06:44:35.498+0000] {dag.py:3340} INFO - Setting next_dagrun for example_sla_dag to 2025-11-23T06:42:00+00:00, run_after=2025-11-23T06:44:00+00:00
[2025-11-23T06:44:35.638+0000] {processor.py:176} INFO - Processing /home/airflow/.local/lib/python3.7/site-packages/airflow/example_dags/example_sla_dag.py took 0.557 seconds
[2025-11-23T06:45:06.345+0000] {processor.py:154} INFO - Started process (PID=1260) to work on /home/airflow/.local/lib/python3.7/site-packages/airflow/example_dags/example_sla_dag.py
[2025-11-23T06:45:06.350+0000] {processor.py:756} INFO - Processing file /home/airflow/.local/lib/python3.7/site-packages/airflow/example_dags/example_sla_dag.py for tasks to queue
[2025-11-23T06:45:06.358+0000] {logging_mixin.py:120} INFO - [2025-11-23T06:45:06.358+0000] {dagbag.py:537} INFO - Filling up the DagBag from /home/airflow/.local/lib/python3.7/site-packages/airflow/example_dags/example_sla_dag.py
[2025-11-23T06:45:06.437+0000] {processor.py:766} INFO - DAG(s) dict_keys(['example_sla_dag']) retrieved from /home/airflow/.local/lib/python3.7/site-packages/airflow/example_dags/example_sla_dag.py
[2025-11-23T06:45:06.567+0000] {logging_mixin.py:120} INFO - [2025-11-23T06:45:06.566+0000] {dag.py:2585} INFO - Sync 1 DAGs
[2025-11-23T06:45:06.620+0000] {logging_mixin.py:120} INFO - [2025-11-23T06:45:06.619+0000] {dag.py:3340} INFO - Setting next_dagrun for example_sla_dag to 2025-11-23T06:42:00+00:00, run_after=2025-11-23T06:44:00+00:00
[2025-11-23T06:45:06.653+0000] {processor.py:176} INFO - Processing /home/airflow/.local/lib/python3.7/site-packages/airflow/example_dags/example_sla_dag.py took 0.316 seconds
[2025-11-23T06:45:37.001+0000] {processor.py:154} INFO - Started process (PID=1316) to work on /home/airflow/.local/lib/python3.7/site-packages/airflow/example_dags/example_sla_dag.py
[2025-11-23T06:45:37.008+0000] {processor.py:756} INFO - Processing file /home/airflow/.local/lib/python3.7/site-packages/airflow/example_dags/example_sla_dag.py for tasks to queue
[2025-11-23T06:45:37.011+0000] {logging_mixin.py:120} INFO - [2025-11-23T06:45:37.011+0000] {dagbag.py:537} INFO - Filling up the DagBag from /home/airflow/.local/lib/python3.7/site-packages/airflow/example_dags/example_sla_dag.py
[2025-11-23T06:45:37.099+0000] {processor.py:766} INFO - DAG(s) dict_keys(['example_sla_dag']) retrieved from /home/airflow/.local/lib/python3.7/site-packages/airflow/example_dags/example_sla_dag.py
[2025-11-23T06:45:37.329+0000] {logging_mixin.py:120} INFO - [2025-11-23T06:45:37.328+0000] {dag.py:2585} INFO - Sync 1 DAGs
[2025-11-23T06:45:37.412+0000] {logging_mixin.py:120} INFO - [2025-11-23T06:45:37.407+0000] {dag.py:3340} INFO - Setting next_dagrun for example_sla_dag to 2025-11-23T06:42:00+00:00, run_after=2025-11-23T06:44:00+00:00
[2025-11-23T06:45:37.462+0000] {processor.py:176} INFO - Processing /home/airflow/.local/lib/python3.7/site-packages/airflow/example_dags/example_sla_dag.py took 0.466 seconds
[2025-11-23T06:46:07.695+0000] {processor.py:154} INFO - Started process (PID=1382) to work on /home/airflow/.local/lib/python3.7/site-packages/airflow/example_dags/example_sla_dag.py
[2025-11-23T06:46:07.697+0000] {processor.py:756} INFO - Processing file /home/airflow/.local/lib/python3.7/site-packages/airflow/example_dags/example_sla_dag.py for tasks to queue
[2025-11-23T06:46:07.698+0000] {logging_mixin.py:120} INFO - [2025-11-23T06:46:07.698+0000] {dagbag.py:537} INFO - Filling up the DagBag from /home/airflow/.local/lib/python3.7/site-packages/airflow/example_dags/example_sla_dag.py
[2025-11-23T06:46:07.735+0000] {processor.py:766} INFO - DAG(s) dict_keys(['example_sla_dag']) retrieved from /home/airflow/.local/lib/python3.7/site-packages/airflow/example_dags/example_sla_dag.py
[2025-11-23T06:46:07.809+0000] {logging_mixin.py:120} INFO - [2025-11-23T06:46:07.809+0000] {dag.py:2585} INFO - Sync 1 DAGs
[2025-11-23T06:46:07.865+0000] {logging_mixin.py:120} INFO - [2025-11-23T06:46:07.864+0000] {dag.py:3340} INFO - Setting next_dagrun for example_sla_dag to 2025-11-23T06:44:00+00:00, run_after=2025-11-23T06:46:00+00:00
[2025-11-23T06:46:07.903+0000] {processor.py:176} INFO - Processing /home/airflow/.local/lib/python3.7/site-packages/airflow/example_dags/example_sla_dag.py took 0.213 seconds
[2025-11-23T06:46:38.414+0000] {processor.py:154} INFO - Started process (PID=1437) to work on /home/airflow/.local/lib/python3.7/site-packages/airflow/example_dags/example_sla_dag.py
[2025-11-23T06:46:38.415+0000] {processor.py:756} INFO - Processing file /home/airflow/.local/lib/python3.7/site-packages/airflow/example_dags/example_sla_dag.py for tasks to queue
[2025-11-23T06:46:38.417+0000] {logging_mixin.py:120} INFO - [2025-11-23T06:46:38.417+0000] {dagbag.py:537} INFO - Filling up the DagBag from /home/airflow/.local/lib/python3.7/site-packages/airflow/example_dags/example_sla_dag.py
[2025-11-23T06:46:38.466+0000] {processor.py:766} INFO - DAG(s) dict_keys(['example_sla_dag']) retrieved from /home/airflow/.local/lib/python3.7/site-packages/airflow/example_dags/example_sla_dag.py
[2025-11-23T06:46:38.621+0000] {logging_mixin.py:120} INFO - [2025-11-23T06:46:38.620+0000] {dag.py:2585} INFO - Sync 1 DAGs
[2025-11-23T06:46:38.824+0000] {logging_mixin.py:120} INFO - [2025-11-23T06:46:38.823+0000] {dag.py:3340} INFO - Setting next_dagrun for example_sla_dag to 2025-11-23T06:44:00+00:00, run_after=2025-11-23T06:46:00+00:00
[2025-11-23T06:46:38.940+0000] {processor.py:176} INFO - Processing /home/airflow/.local/lib/python3.7/site-packages/airflow/example_dags/example_sla_dag.py took 0.532 seconds
[2025-11-23T06:47:09.317+0000] {processor.py:154} INFO - Started process (PID=1503) to work on /home/airflow/.local/lib/python3.7/site-packages/airflow/example_dags/example_sla_dag.py
[2025-11-23T06:47:09.324+0000] {processor.py:756} INFO - Processing file /home/airflow/.local/lib/python3.7/site-packages/airflow/example_dags/example_sla_dag.py for tasks to queue
[2025-11-23T06:47:09.327+0000] {logging_mixin.py:120} INFO - [2025-11-23T06:47:09.326+0000] {dagbag.py:537} INFO - Filling up the DagBag from /home/airflow/.local/lib/python3.7/site-packages/airflow/example_dags/example_sla_dag.py
[2025-11-23T06:47:09.441+0000] {processor.py:766} INFO - DAG(s) dict_keys(['example_sla_dag']) retrieved from /home/airflow/.local/lib/python3.7/site-packages/airflow/example_dags/example_sla_dag.py
[2025-11-23T06:47:09.558+0000] {logging_mixin.py:120} INFO - [2025-11-23T06:47:09.558+0000] {dag.py:2585} INFO - Sync 1 DAGs
[2025-11-23T06:47:09.637+0000] {logging_mixin.py:120} INFO - [2025-11-23T06:47:09.635+0000] {dag.py:3340} INFO - Setting next_dagrun for example_sla_dag to 2025-11-23T06:44:00+00:00, run_after=2025-11-23T06:46:00+00:00
[2025-11-23T06:47:09.696+0000] {processor.py:176} INFO - Processing /home/airflow/.local/lib/python3.7/site-packages/airflow/example_dags/example_sla_dag.py took 0.402 seconds
[2025-11-23T06:47:39.921+0000] {processor.py:154} INFO - Started process (PID=1559) to work on /home/airflow/.local/lib/python3.7/site-packages/airflow/example_dags/example_sla_dag.py
[2025-11-23T06:47:39.924+0000] {processor.py:756} INFO - Processing file /home/airflow/.local/lib/python3.7/site-packages/airflow/example_dags/example_sla_dag.py for tasks to queue
[2025-11-23T06:47:39.925+0000] {logging_mixin.py:120} INFO - [2025-11-23T06:47:39.925+0000] {dagbag.py:537} INFO - Filling up the DagBag from /home/airflow/.local/lib/python3.7/site-packages/airflow/example_dags/example_sla_dag.py
[2025-11-23T06:47:39.963+0000] {processor.py:766} INFO - DAG(s) dict_keys(['example_sla_dag']) retrieved from /home/airflow/.local/lib/python3.7/site-packages/airflow/example_dags/example_sla_dag.py
[2025-11-23T06:47:40.030+0000] {logging_mixin.py:120} INFO - [2025-11-23T06:47:40.029+0000] {dag.py:2585} INFO - Sync 1 DAGs
[2025-11-23T06:47:40.088+0000] {logging_mixin.py:120} INFO - [2025-11-23T06:47:40.087+0000] {dag.py:3340} INFO - Setting next_dagrun for example_sla_dag to 2025-11-23T06:44:00+00:00, run_after=2025-11-23T06:46:00+00:00
[2025-11-23T06:47:40.132+0000] {processor.py:176} INFO - Processing /home/airflow/.local/lib/python3.7/site-packages/airflow/example_dags/example_sla_dag.py took 0.224 seconds
[2025-11-23T06:48:10.371+0000] {processor.py:154} INFO - Started process (PID=1614) to work on /home/airflow/.local/lib/python3.7/site-packages/airflow/example_dags/example_sla_dag.py
[2025-11-23T06:48:10.373+0000] {processor.py:756} INFO - Processing file /home/airflow/.local/lib/python3.7/site-packages/airflow/example_dags/example_sla_dag.py for tasks to queue
[2025-11-23T06:48:10.374+0000] {logging_mixin.py:120} INFO - [2025-11-23T06:48:10.374+0000] {dagbag.py:537} INFO - Filling up the DagBag from /home/airflow/.local/lib/python3.7/site-packages/airflow/example_dags/example_sla_dag.py
[2025-11-23T06:48:10.422+0000] {processor.py:766} INFO - DAG(s) dict_keys(['example_sla_dag']) retrieved from /home/airflow/.local/lib/python3.7/site-packages/airflow/example_dags/example_sla_dag.py
[2025-11-23T06:48:10.502+0000] {logging_mixin.py:120} INFO - [2025-11-23T06:48:10.502+0000] {dag.py:2585} INFO - Sync 1 DAGs
[2025-11-23T06:48:10.554+0000] {logging_mixin.py:120} INFO - [2025-11-23T06:48:10.554+0000] {dag.py:3340} INFO - Setting next_dagrun for example_sla_dag to 2025-11-23T06:46:00+00:00, run_after=2025-11-23T06:48:00+00:00
[2025-11-23T06:48:10.618+0000] {processor.py:176} INFO - Processing /home/airflow/.local/lib/python3.7/site-packages/airflow/example_dags/example_sla_dag.py took 0.251 seconds
[2025-11-23T06:48:41.081+0000] {processor.py:154} INFO - Started process (PID=1680) to work on /home/airflow/.local/lib/python3.7/site-packages/airflow/example_dags/example_sla_dag.py
[2025-11-23T06:48:41.083+0000] {processor.py:756} INFO - Processing file /home/airflow/.local/lib/python3.7/site-packages/airflow/example_dags/example_sla_dag.py for tasks to queue
[2025-11-23T06:48:41.085+0000] {logging_mixin.py:120} INFO - [2025-11-23T06:48:41.085+0000] {dagbag.py:537} INFO - Filling up the DagBag from /home/airflow/.local/lib/python3.7/site-packages/airflow/example_dags/example_sla_dag.py
[2025-11-23T06:48:41.136+0000] {processor.py:766} INFO - DAG(s) dict_keys(['example_sla_dag']) retrieved from /home/airflow/.local/lib/python3.7/site-packages/airflow/example_dags/example_sla_dag.py
[2025-11-23T06:48:41.205+0000] {logging_mixin.py:120} INFO - [2025-11-23T06:48:41.205+0000] {dag.py:2585} INFO - Sync 1 DAGs
[2025-11-23T06:48:41.244+0000] {logging_mixin.py:120} INFO - [2025-11-23T06:48:41.244+0000] {dag.py:3340} INFO - Setting next_dagrun for example_sla_dag to 2025-11-23T06:46:00+00:00, run_after=2025-11-23T06:48:00+00:00
[2025-11-23T06:48:41.290+0000] {processor.py:176} INFO - Processing /home/airflow/.local/lib/python3.7/site-packages/airflow/example_dags/example_sla_dag.py took 0.215 seconds
[2025-11-23T06:49:12.236+0000] {processor.py:154} INFO - Started process (PID=1736) to work on /home/airflow/.local/lib/python3.7/site-packages/airflow/example_dags/example_sla_dag.py
[2025-11-23T06:49:12.238+0000] {processor.py:756} INFO - Processing file /home/airflow/.local/lib/python3.7/site-packages/airflow/example_dags/example_sla_dag.py for tasks to queue
[2025-11-23T06:49:12.239+0000] {logging_mixin.py:120} INFO - [2025-11-23T06:49:12.239+0000] {dagbag.py:537} INFO - Filling up the DagBag from /home/airflow/.local/lib/python3.7/site-packages/airflow/example_dags/example_sla_dag.py
[2025-11-23T06:49:12.291+0000] {processor.py:766} INFO - DAG(s) dict_keys(['example_sla_dag']) retrieved from /home/airflow/.local/lib/python3.7/site-packages/airflow/example_dags/example_sla_dag.py
[2025-11-23T06:49:12.366+0000] {logging_mixin.py:120} INFO - [2025-11-23T06:49:12.366+0000] {dag.py:2585} INFO - Sync 1 DAGs
[2025-11-23T06:49:12.423+0000] {logging_mixin.py:120} INFO - [2025-11-23T06:49:12.423+0000] {dag.py:3340} INFO - Setting next_dagrun for example_sla_dag to 2025-11-23T06:46:00+00:00, run_after=2025-11-23T06:48:00+00:00
[2025-11-23T06:49:12.470+0000] {processor.py:176} INFO - Processing /home/airflow/.local/lib/python3.7/site-packages/airflow/example_dags/example_sla_dag.py took 0.241 seconds
[2025-11-23T06:49:43.397+0000] {processor.py:154} INFO - Started process (PID=1802) to work on /home/airflow/.local/lib/python3.7/site-packages/airflow/example_dags/example_sla_dag.py
[2025-11-23T06:49:43.401+0000] {processor.py:756} INFO - Processing file /home/airflow/.local/lib/python3.7/site-packages/airflow/example_dags/example_sla_dag.py for tasks to queue
[2025-11-23T06:49:43.403+0000] {logging_mixin.py:120} INFO - [2025-11-23T06:49:43.403+0000] {dagbag.py:537} INFO - Filling up the DagBag from /home/airflow/.local/lib/python3.7/site-packages/airflow/example_dags/example_sla_dag.py
[2025-11-23T06:49:43.495+0000] {processor.py:766} INFO - DAG(s) dict_keys(['example_sla_dag']) retrieved from /home/airflow/.local/lib/python3.7/site-packages/airflow/example_dags/example_sla_dag.py
[2025-11-23T06:49:43.639+0000] {logging_mixin.py:120} INFO - [2025-11-23T06:49:43.639+0000] {dag.py:2585} INFO - Sync 1 DAGs
[2025-11-23T06:49:43.748+0000] {logging_mixin.py:120} INFO - [2025-11-23T06:49:43.748+0000] {dag.py:3340} INFO - Setting next_dagrun for example_sla_dag to 2025-11-23T06:46:00+00:00, run_after=2025-11-23T06:48:00+00:00
[2025-11-23T06:49:43.797+0000] {processor.py:176} INFO - Processing /home/airflow/.local/lib/python3.7/site-packages/airflow/example_dags/example_sla_dag.py took 0.409 seconds
[2025-11-23T06:50:14.802+0000] {processor.py:154} INFO - Started process (PID=1859) to work on /home/airflow/.local/lib/python3.7/site-packages/airflow/example_dags/example_sla_dag.py
[2025-11-23T06:50:14.804+0000] {processor.py:756} INFO - Processing file /home/airflow/.local/lib/python3.7/site-packages/airflow/example_dags/example_sla_dag.py for tasks to queue
[2025-11-23T06:50:14.806+0000] {logging_mixin.py:120} INFO - [2025-11-23T06:50:14.805+0000] {dagbag.py:537} INFO - Filling up the DagBag from /home/airflow/.local/lib/python3.7/site-packages/airflow/example_dags/example_sla_dag.py
[2025-11-23T06:50:14.853+0000] {processor.py:766} INFO - DAG(s) dict_keys(['example_sla_dag']) retrieved from /home/airflow/.local/lib/python3.7/site-packages/airflow/example_dags/example_sla_dag.py
[2025-11-23T06:50:14.924+0000] {logging_mixin.py:120} INFO - [2025-11-23T06:50:14.924+0000] {dag.py:2585} INFO - Sync 1 DAGs
[2025-11-23T06:50:14.972+0000] {logging_mixin.py:120} INFO - [2025-11-23T06:50:14.972+0000] {dag.py:3340} INFO - Setting next_dagrun for example_sla_dag to 2025-11-23T06:48:00+00:00, run_after=2025-11-23T06:50:00+00:00
[2025-11-23T06:50:15.013+0000] {processor.py:176} INFO - Processing /home/airflow/.local/lib/python3.7/site-packages/airflow/example_dags/example_sla_dag.py took 0.217 seconds
[2025-11-23T06:50:45.548+0000] {processor.py:154} INFO - Started process (PID=1925) to work on /home/airflow/.local/lib/python3.7/site-packages/airflow/example_dags/example_sla_dag.py
[2025-11-23T06:50:45.550+0000] {processor.py:756} INFO - Processing file /home/airflow/.local/lib/python3.7/site-packages/airflow/example_dags/example_sla_dag.py for tasks to queue
[2025-11-23T06:50:45.553+0000] {logging_mixin.py:120} INFO - [2025-11-23T06:50:45.552+0000] {dagbag.py:537} INFO - Filling up the DagBag from /home/airflow/.local/lib/python3.7/site-packages/airflow/example_dags/example_sla_dag.py
[2025-11-23T06:50:45.595+0000] {processor.py:766} INFO - DAG(s) dict_keys(['example_sla_dag']) retrieved from /home/airflow/.local/lib/python3.7/site-packages/airflow/example_dags/example_sla_dag.py
[2025-11-23T06:50:45.691+0000] {logging_mixin.py:120} INFO - [2025-11-23T06:50:45.691+0000] {dag.py:2585} INFO - Sync 1 DAGs
[2025-11-23T06:50:45.766+0000] {logging_mixin.py:120} INFO - [2025-11-23T06:50:45.765+0000] {dag.py:3340} INFO - Setting next_dagrun for example_sla_dag to 2025-11-23T06:48:00+00:00, run_after=2025-11-23T06:50:00+00:00
[2025-11-23T06:50:45.814+0000] {processor.py:176} INFO - Processing /home/airflow/.local/lib/python3.7/site-packages/airflow/example_dags/example_sla_dag.py took 0.271 seconds
[2025-11-23T06:51:15.963+0000] {processor.py:154} INFO - Started process (PID=1981) to work on /home/airflow/.local/lib/python3.7/site-packages/airflow/example_dags/example_sla_dag.py
[2025-11-23T06:51:15.964+0000] {processor.py:756} INFO - Processing file /home/airflow/.local/lib/python3.7/site-packages/airflow/example_dags/example_sla_dag.py for tasks to queue
[2025-11-23T06:51:15.966+0000] {logging_mixin.py:120} INFO - [2025-11-23T06:51:15.966+0000] {dagbag.py:537} INFO - Filling up the DagBag from /home/airflow/.local/lib/python3.7/site-packages/airflow/example_dags/example_sla_dag.py
[2025-11-23T06:51:16.016+0000] {processor.py:766} INFO - DAG(s) dict_keys(['example_sla_dag']) retrieved from /home/airflow/.local/lib/python3.7/site-packages/airflow/example_dags/example_sla_dag.py
[2025-11-23T06:51:16.133+0000] {logging_mixin.py:120} INFO - [2025-11-23T06:51:16.133+0000] {dag.py:2585} INFO - Sync 1 DAGs
[2025-11-23T06:51:16.228+0000] {logging_mixin.py:120} INFO - [2025-11-23T06:51:16.227+0000] {dag.py:3340} INFO - Setting next_dagrun for example_sla_dag to 2025-11-23T06:48:00+00:00, run_after=2025-11-23T06:50:00+00:00
[2025-11-23T06:51:16.280+0000] {processor.py:176} INFO - Processing /home/airflow/.local/lib/python3.7/site-packages/airflow/example_dags/example_sla_dag.py took 0.323 seconds
[2025-11-23T06:51:46.590+0000] {processor.py:154} INFO - Started process (PID=2047) to work on /home/airflow/.local/lib/python3.7/site-packages/airflow/example_dags/example_sla_dag.py
[2025-11-23T06:51:46.593+0000] {processor.py:756} INFO - Processing file /home/airflow/.local/lib/python3.7/site-packages/airflow/example_dags/example_sla_dag.py for tasks to queue
[2025-11-23T06:51:46.594+0000] {logging_mixin.py:120} INFO - [2025-11-23T06:51:46.594+0000] {dagbag.py:537} INFO - Filling up the DagBag from /home/airflow/.local/lib/python3.7/site-packages/airflow/example_dags/example_sla_dag.py
[2025-11-23T06:51:46.647+0000] {processor.py:766} INFO - DAG(s) dict_keys(['example_sla_dag']) retrieved from /home/airflow/.local/lib/python3.7/site-packages/airflow/example_dags/example_sla_dag.py
[2025-11-23T06:51:46.722+0000] {logging_mixin.py:120} INFO - [2025-11-23T06:51:46.722+0000] {dag.py:2585} INFO - Sync 1 DAGs
[2025-11-23T06:51:46.774+0000] {logging_mixin.py:120} INFO - [2025-11-23T06:51:46.774+0000] {dag.py:3340} INFO - Setting next_dagrun for example_sla_dag to 2025-11-23T06:48:00+00:00, run_after=2025-11-23T06:50:00+00:00
[2025-11-23T06:51:46.825+0000] {processor.py:176} INFO - Processing /home/airflow/.local/lib/python3.7/site-packages/airflow/example_dags/example_sla_dag.py took 0.243 seconds
[2025-11-23T06:52:17.010+0000] {processor.py:154} INFO - Started process (PID=2104) to work on /home/airflow/.local/lib/python3.7/site-packages/airflow/example_dags/example_sla_dag.py
[2025-11-23T06:52:17.012+0000] {processor.py:756} INFO - Processing file /home/airflow/.local/lib/python3.7/site-packages/airflow/example_dags/example_sla_dag.py for tasks to queue
[2025-11-23T06:52:17.013+0000] {logging_mixin.py:120} INFO - [2025-11-23T06:52:17.013+0000] {dagbag.py:537} INFO - Filling up the DagBag from /home/airflow/.local/lib/python3.7/site-packages/airflow/example_dags/example_sla_dag.py
[2025-11-23T06:52:17.054+0000] {processor.py:766} INFO - DAG(s) dict_keys(['example_sla_dag']) retrieved from /home/airflow/.local/lib/python3.7/site-packages/airflow/example_dags/example_sla_dag.py
[2025-11-23T06:52:17.124+0000] {logging_mixin.py:120} INFO - [2025-11-23T06:52:17.124+0000] {dag.py:2585} INFO - Sync 1 DAGs
[2025-11-23T06:52:17.184+0000] {logging_mixin.py:120} INFO - [2025-11-23T06:52:17.183+0000] {dag.py:3340} INFO - Setting next_dagrun for example_sla_dag to 2025-11-23T06:50:00+00:00, run_after=2025-11-23T06:52:00+00:00
[2025-11-23T06:52:17.225+0000] {processor.py:176} INFO - Processing /home/airflow/.local/lib/python3.7/site-packages/airflow/example_dags/example_sla_dag.py took 0.221 seconds
[2025-11-23T06:52:47.337+0000] {processor.py:154} INFO - Started process (PID=2160) to work on /home/airflow/.local/lib/python3.7/site-packages/airflow/example_dags/example_sla_dag.py
[2025-11-23T06:52:47.339+0000] {processor.py:756} INFO - Processing file /home/airflow/.local/lib/python3.7/site-packages/airflow/example_dags/example_sla_dag.py for tasks to queue
[2025-11-23T06:52:47.342+0000] {logging_mixin.py:120} INFO - [2025-11-23T06:52:47.342+0000] {dagbag.py:537} INFO - Filling up the DagBag from /home/airflow/.local/lib/python3.7/site-packages/airflow/example_dags/example_sla_dag.py
[2025-11-23T06:52:47.386+0000] {processor.py:766} INFO - DAG(s) dict_keys(['example_sla_dag']) retrieved from /home/airflow/.local/lib/python3.7/site-packages/airflow/example_dags/example_sla_dag.py
[2025-11-23T06:52:47.485+0000] {logging_mixin.py:120} INFO - [2025-11-23T06:52:47.484+0000] {dag.py:2585} INFO - Sync 1 DAGs
[2025-11-23T06:52:47.573+0000] {logging_mixin.py:120} INFO - [2025-11-23T06:52:47.573+0000] {dag.py:3340} INFO - Setting next_dagrun for example_sla_dag to 2025-11-23T06:50:00+00:00, run_after=2025-11-23T06:52:00+00:00
[2025-11-23T06:52:47.612+0000] {processor.py:176} INFO - Processing /home/airflow/.local/lib/python3.7/site-packages/airflow/example_dags/example_sla_dag.py took 0.282 seconds
[2025-11-23T06:53:17.866+0000] {processor.py:154} INFO - Started process (PID=2224) to work on /home/airflow/.local/lib/python3.7/site-packages/airflow/example_dags/example_sla_dag.py
[2025-11-23T06:53:17.879+0000] {processor.py:756} INFO - Processing file /home/airflow/.local/lib/python3.7/site-packages/airflow/example_dags/example_sla_dag.py for tasks to queue
[2025-11-23T06:53:17.883+0000] {logging_mixin.py:120} INFO - [2025-11-23T06:53:17.883+0000] {dagbag.py:537} INFO - Filling up the DagBag from /home/airflow/.local/lib/python3.7/site-packages/airflow/example_dags/example_sla_dag.py
[2025-11-23T06:53:18.014+0000] {processor.py:766} INFO - DAG(s) dict_keys(['example_sla_dag']) retrieved from /home/airflow/.local/lib/python3.7/site-packages/airflow/example_dags/example_sla_dag.py
[2025-11-23T06:53:18.218+0000] {logging_mixin.py:120} INFO - [2025-11-23T06:53:18.217+0000] {dag.py:2585} INFO - Sync 1 DAGs
[2025-11-23T06:53:18.326+0000] {logging_mixin.py:120} INFO - [2025-11-23T06:53:18.326+0000] {dag.py:3340} INFO - Setting next_dagrun for example_sla_dag to 2025-11-23T06:50:00+00:00, run_after=2025-11-23T06:52:00+00:00
[2025-11-23T06:53:18.410+0000] {processor.py:176} INFO - Processing /home/airflow/.local/lib/python3.7/site-packages/airflow/example_dags/example_sla_dag.py took 0.560 seconds
[2025-11-23T06:53:48.692+0000] {processor.py:154} INFO - Started process (PID=2280) to work on /home/airflow/.local/lib/python3.7/site-packages/airflow/example_dags/example_sla_dag.py
[2025-11-23T06:53:48.700+0000] {processor.py:756} INFO - Processing file /home/airflow/.local/lib/python3.7/site-packages/airflow/example_dags/example_sla_dag.py for tasks to queue
[2025-11-23T06:53:48.701+0000] {logging_mixin.py:120} INFO - [2025-11-23T06:53:48.701+0000] {dagbag.py:537} INFO - Filling up the DagBag from /home/airflow/.local/lib/python3.7/site-packages/airflow/example_dags/example_sla_dag.py
[2025-11-23T06:53:48.804+0000] {processor.py:766} INFO - DAG(s) dict_keys(['example_sla_dag']) retrieved from /home/airflow/.local/lib/python3.7/site-packages/airflow/example_dags/example_sla_dag.py
[2025-11-23T06:53:48.909+0000] {logging_mixin.py:120} INFO - [2025-11-23T06:53:48.909+0000] {dag.py:2585} INFO - Sync 1 DAGs
[2025-11-23T06:53:49.031+0000] {logging_mixin.py:120} INFO - [2025-11-23T06:53:49.031+0000] {dag.py:3340} INFO - Setting next_dagrun for example_sla_dag to 2025-11-23T06:50:00+00:00, run_after=2025-11-23T06:52:00+00:00
[2025-11-23T06:53:49.094+0000] {processor.py:176} INFO - Processing /home/airflow/.local/lib/python3.7/site-packages/airflow/example_dags/example_sla_dag.py took 0.408 seconds
[2025-11-23T06:54:19.441+0000] {processor.py:154} INFO - Started process (PID=2345) to work on /home/airflow/.local/lib/python3.7/site-packages/airflow/example_dags/example_sla_dag.py
[2025-11-23T06:54:19.442+0000] {processor.py:756} INFO - Processing file /home/airflow/.local/lib/python3.7/site-packages/airflow/example_dags/example_sla_dag.py for tasks to queue
[2025-11-23T06:54:19.443+0000] {logging_mixin.py:120} INFO - [2025-11-23T06:54:19.443+0000] {dagbag.py:537} INFO - Filling up the DagBag from /home/airflow/.local/lib/python3.7/site-packages/airflow/example_dags/example_sla_dag.py
[2025-11-23T06:54:19.485+0000] {processor.py:766} INFO - DAG(s) dict_keys(['example_sla_dag']) retrieved from /home/airflow/.local/lib/python3.7/site-packages/airflow/example_dags/example_sla_dag.py
[2025-11-23T06:54:19.546+0000] {logging_mixin.py:120} INFO - [2025-11-23T06:54:19.546+0000] {dag.py:2585} INFO - Sync 1 DAGs
[2025-11-23T06:54:19.617+0000] {logging_mixin.py:120} INFO - [2025-11-23T06:54:19.617+0000] {dag.py:3340} INFO - Setting next_dagrun for example_sla_dag to 2025-11-23T06:52:00+00:00, run_after=2025-11-23T06:54:00+00:00
[2025-11-23T06:54:19.654+0000] {processor.py:176} INFO - Processing /home/airflow/.local/lib/python3.7/site-packages/airflow/example_dags/example_sla_dag.py took 0.219 seconds
[2025-11-23T06:54:49.768+0000] {processor.py:154} INFO - Started process (PID=2401) to work on /home/airflow/.local/lib/python3.7/site-packages/airflow/example_dags/example_sla_dag.py
[2025-11-23T06:54:49.770+0000] {processor.py:756} INFO - Processing file /home/airflow/.local/lib/python3.7/site-packages/airflow/example_dags/example_sla_dag.py for tasks to queue
[2025-11-23T06:54:49.771+0000] {logging_mixin.py:120} INFO - [2025-11-23T06:54:49.770+0000] {dagbag.py:537} INFO - Filling up the DagBag from /home/airflow/.local/lib/python3.7/site-packages/airflow/example_dags/example_sla_dag.py
[2025-11-23T06:54:49.800+0000] {processor.py:766} INFO - DAG(s) dict_keys(['example_sla_dag']) retrieved from /home/airflow/.local/lib/python3.7/site-packages/airflow/example_dags/example_sla_dag.py
[2025-11-23T06:54:49.850+0000] {logging_mixin.py:120} INFO - [2025-11-23T06:54:49.850+0000] {dag.py:2585} INFO - Sync 1 DAGs
[2025-11-23T06:54:49.881+0000] {logging_mixin.py:120} INFO - [2025-11-23T06:54:49.880+0000] {dag.py:3340} INFO - Setting next_dagrun for example_sla_dag to 2025-11-23T06:52:00+00:00, run_after=2025-11-23T06:54:00+00:00
[2025-11-23T06:54:49.914+0000] {processor.py:176} INFO - Processing /home/airflow/.local/lib/python3.7/site-packages/airflow/example_dags/example_sla_dag.py took 0.150 seconds
[2025-11-23T06:55:20.203+0000] {processor.py:154} INFO - Started process (PID=2466) to work on /home/airflow/.local/lib/python3.7/site-packages/airflow/example_dags/example_sla_dag.py
[2025-11-23T06:55:20.205+0000] {processor.py:756} INFO - Processing file /home/airflow/.local/lib/python3.7/site-packages/airflow/example_dags/example_sla_dag.py for tasks to queue
[2025-11-23T06:55:20.207+0000] {logging_mixin.py:120} INFO - [2025-11-23T06:55:20.206+0000] {dagbag.py:537} INFO - Filling up the DagBag from /home/airflow/.local/lib/python3.7/site-packages/airflow/example_dags/example_sla_dag.py
[2025-11-23T06:55:20.260+0000] {processor.py:766} INFO - DAG(s) dict_keys(['example_sla_dag']) retrieved from /home/airflow/.local/lib/python3.7/site-packages/airflow/example_dags/example_sla_dag.py
[2025-11-23T06:55:20.355+0000] {logging_mixin.py:120} INFO - [2025-11-23T06:55:20.355+0000] {dag.py:2585} INFO - Sync 1 DAGs
[2025-11-23T06:55:20.503+0000] {logging_mixin.py:120} INFO - [2025-11-23T06:55:20.503+0000] {dag.py:3340} INFO - Setting next_dagrun for example_sla_dag to 2025-11-23T06:52:00+00:00, run_after=2025-11-23T06:54:00+00:00
[2025-11-23T06:55:20.550+0000] {processor.py:176} INFO - Processing /home/airflow/.local/lib/python3.7/site-packages/airflow/example_dags/example_sla_dag.py took 0.354 seconds
[2025-11-23T06:55:50.908+0000] {processor.py:154} INFO - Started process (PID=2523) to work on /home/airflow/.local/lib/python3.7/site-packages/airflow/example_dags/example_sla_dag.py
[2025-11-23T06:55:50.909+0000] {processor.py:756} INFO - Processing file /home/airflow/.local/lib/python3.7/site-packages/airflow/example_dags/example_sla_dag.py for tasks to queue
[2025-11-23T06:55:50.913+0000] {logging_mixin.py:120} INFO - [2025-11-23T06:55:50.913+0000] {dagbag.py:537} INFO - Filling up the DagBag from /home/airflow/.local/lib/python3.7/site-packages/airflow/example_dags/example_sla_dag.py
[2025-11-23T06:55:50.957+0000] {processor.py:766} INFO - DAG(s) dict_keys(['example_sla_dag']) retrieved from /home/airflow/.local/lib/python3.7/site-packages/airflow/example_dags/example_sla_dag.py
[2025-11-23T06:55:51.041+0000] {logging_mixin.py:120} INFO - [2025-11-23T06:55:51.041+0000] {dag.py:2585} INFO - Sync 1 DAGs
[2025-11-23T06:55:51.099+0000] {logging_mixin.py:120} INFO - [2025-11-23T06:55:51.099+0000] {dag.py:3340} INFO - Setting next_dagrun for example_sla_dag to 2025-11-23T06:52:00+00:00, run_after=2025-11-23T06:54:00+00:00
[2025-11-23T06:55:51.130+0000] {processor.py:176} INFO - Processing /home/airflow/.local/lib/python3.7/site-packages/airflow/example_dags/example_sla_dag.py took 0.229 seconds
[2025-11-23T06:56:22.000+0000] {processor.py:154} INFO - Started process (PID=2588) to work on /home/airflow/.local/lib/python3.7/site-packages/airflow/example_dags/example_sla_dag.py
[2025-11-23T06:56:22.002+0000] {processor.py:756} INFO - Processing file /home/airflow/.local/lib/python3.7/site-packages/airflow/example_dags/example_sla_dag.py for tasks to queue
[2025-11-23T06:56:22.014+0000] {logging_mixin.py:120} INFO - [2025-11-23T06:56:22.014+0000] {dagbag.py:537} INFO - Filling up the DagBag from /home/airflow/.local/lib/python3.7/site-packages/airflow/example_dags/example_sla_dag.py
[2025-11-23T06:56:22.128+0000] {processor.py:766} INFO - DAG(s) dict_keys(['example_sla_dag']) retrieved from /home/airflow/.local/lib/python3.7/site-packages/airflow/example_dags/example_sla_dag.py
[2025-11-23T06:56:22.325+0000] {logging_mixin.py:120} INFO - [2025-11-23T06:56:22.324+0000] {dag.py:2585} INFO - Sync 1 DAGs
[2025-11-23T06:56:22.405+0000] {logging_mixin.py:120} INFO - [2025-11-23T06:56:22.404+0000] {dag.py:3340} INFO - Setting next_dagrun for example_sla_dag to 2025-11-23T06:54:00+00:00, run_after=2025-11-23T06:56:00+00:00
[2025-11-23T06:56:22.475+0000] {processor.py:176} INFO - Processing /home/airflow/.local/lib/python3.7/site-packages/airflow/example_dags/example_sla_dag.py took 0.481 seconds
[2025-11-23T06:56:52.890+0000] {processor.py:154} INFO - Started process (PID=2644) to work on /home/airflow/.local/lib/python3.7/site-packages/airflow/example_dags/example_sla_dag.py
[2025-11-23T06:56:52.891+0000] {processor.py:756} INFO - Processing file /home/airflow/.local/lib/python3.7/site-packages/airflow/example_dags/example_sla_dag.py for tasks to queue
[2025-11-23T06:56:52.893+0000] {logging_mixin.py:120} INFO - [2025-11-23T06:56:52.893+0000] {dagbag.py:537} INFO - Filling up the DagBag from /home/airflow/.local/lib/python3.7/site-packages/airflow/example_dags/example_sla_dag.py
[2025-11-23T06:56:52.926+0000] {processor.py:766} INFO - DAG(s) dict_keys(['example_sla_dag']) retrieved from /home/airflow/.local/lib/python3.7/site-packages/airflow/example_dags/example_sla_dag.py
[2025-11-23T06:56:52.983+0000] {logging_mixin.py:120} INFO - [2025-11-23T06:56:52.983+0000] {dag.py:2585} INFO - Sync 1 DAGs
[2025-11-23T06:56:53.026+0000] {logging_mixin.py:120} INFO - [2025-11-23T06:56:53.025+0000] {dag.py:3340} INFO - Setting next_dagrun for example_sla_dag to 2025-11-23T06:54:00+00:00, run_after=2025-11-23T06:56:00+00:00
[2025-11-23T06:56:53.098+0000] {processor.py:176} INFO - Processing /home/airflow/.local/lib/python3.7/site-packages/airflow/example_dags/example_sla_dag.py took 0.213 seconds
[2025-11-23T06:57:23.495+0000] {processor.py:154} INFO - Started process (PID=2711) to work on /home/airflow/.local/lib/python3.7/site-packages/airflow/example_dags/example_sla_dag.py
[2025-11-23T06:57:23.499+0000] {processor.py:756} INFO - Processing file /home/airflow/.local/lib/python3.7/site-packages/airflow/example_dags/example_sla_dag.py for tasks to queue
[2025-11-23T06:57:23.501+0000] {logging_mixin.py:120} INFO - [2025-11-23T06:57:23.501+0000] {dagbag.py:537} INFO - Filling up the DagBag from /home/airflow/.local/lib/python3.7/site-packages/airflow/example_dags/example_sla_dag.py
[2025-11-23T06:57:23.543+0000] {processor.py:766} INFO - DAG(s) dict_keys(['example_sla_dag']) retrieved from /home/airflow/.local/lib/python3.7/site-packages/airflow/example_dags/example_sla_dag.py
[2025-11-23T06:57:23.643+0000] {logging_mixin.py:120} INFO - [2025-11-23T06:57:23.643+0000] {dag.py:2585} INFO - Sync 1 DAGs
[2025-11-23T06:57:23.803+0000] {logging_mixin.py:120} INFO - [2025-11-23T06:57:23.803+0000] {dag.py:3340} INFO - Setting next_dagrun for example_sla_dag to 2025-11-23T06:54:00+00:00, run_after=2025-11-23T06:56:00+00:00
[2025-11-23T06:57:23.898+0000] {processor.py:176} INFO - Processing /home/airflow/.local/lib/python3.7/site-packages/airflow/example_dags/example_sla_dag.py took 0.414 seconds
[2025-11-23T06:57:54.147+0000] {processor.py:154} INFO - Started process (PID=2776) to work on /home/airflow/.local/lib/python3.7/site-packages/airflow/example_dags/example_sla_dag.py
[2025-11-23T06:57:54.149+0000] {processor.py:756} INFO - Processing file /home/airflow/.local/lib/python3.7/site-packages/airflow/example_dags/example_sla_dag.py for tasks to queue
[2025-11-23T06:57:54.151+0000] {logging_mixin.py:120} INFO - [2025-11-23T06:57:54.150+0000] {dagbag.py:537} INFO - Filling up the DagBag from /home/airflow/.local/lib/python3.7/site-packages/airflow/example_dags/example_sla_dag.py
[2025-11-23T06:57:54.206+0000] {processor.py:766} INFO - DAG(s) dict_keys(['example_sla_dag']) retrieved from /home/airflow/.local/lib/python3.7/site-packages/airflow/example_dags/example_sla_dag.py
[2025-11-23T06:57:54.291+0000] {logging_mixin.py:120} INFO - [2025-11-23T06:57:54.291+0000] {dag.py:2585} INFO - Sync 1 DAGs
[2025-11-23T06:57:54.359+0000] {logging_mixin.py:120} INFO - [2025-11-23T06:57:54.358+0000] {dag.py:3340} INFO - Setting next_dagrun for example_sla_dag to 2025-11-23T06:54:00+00:00, run_after=2025-11-23T06:56:00+00:00
[2025-11-23T06:57:54.430+0000] {processor.py:176} INFO - Processing /home/airflow/.local/lib/python3.7/site-packages/airflow/example_dags/example_sla_dag.py took 0.295 seconds
[2025-11-23T06:58:25.041+0000] {processor.py:154} INFO - Started process (PID=2832) to work on /home/airflow/.local/lib/python3.7/site-packages/airflow/example_dags/example_sla_dag.py
[2025-11-23T06:58:25.042+0000] {processor.py:756} INFO - Processing file /home/airflow/.local/lib/python3.7/site-packages/airflow/example_dags/example_sla_dag.py for tasks to queue
[2025-11-23T06:58:25.044+0000] {logging_mixin.py:120} INFO - [2025-11-23T06:58:25.044+0000] {dagbag.py:537} INFO - Filling up the DagBag from /home/airflow/.local/lib/python3.7/site-packages/airflow/example_dags/example_sla_dag.py
[2025-11-23T06:58:25.083+0000] {processor.py:766} INFO - DAG(s) dict_keys(['example_sla_dag']) retrieved from /home/airflow/.local/lib/python3.7/site-packages/airflow/example_dags/example_sla_dag.py
[2025-11-23T06:58:25.148+0000] {logging_mixin.py:120} INFO - [2025-11-23T06:58:25.148+0000] {dag.py:2585} INFO - Sync 1 DAGs
[2025-11-23T06:58:25.187+0000] {logging_mixin.py:120} INFO - [2025-11-23T06:58:25.187+0000] {dag.py:3340} INFO - Setting next_dagrun for example_sla_dag to 2025-11-23T06:56:00+00:00, run_after=2025-11-23T06:58:00+00:00
[2025-11-23T06:58:25.221+0000] {processor.py:176} INFO - Processing /home/airflow/.local/lib/python3.7/site-packages/airflow/example_dags/example_sla_dag.py took 0.185 seconds
[2025-11-23T06:58:55.731+0000] {processor.py:154} INFO - Started process (PID=2897) to work on /home/airflow/.local/lib/python3.7/site-packages/airflow/example_dags/example_sla_dag.py
[2025-11-23T06:58:55.735+0000] {processor.py:756} INFO - Processing file /home/airflow/.local/lib/python3.7/site-packages/airflow/example_dags/example_sla_dag.py for tasks to queue
[2025-11-23T06:58:55.737+0000] {logging_mixin.py:120} INFO - [2025-11-23T06:58:55.737+0000] {dagbag.py:537} INFO - Filling up the DagBag from /home/airflow/.local/lib/python3.7/site-packages/airflow/example_dags/example_sla_dag.py
[2025-11-23T06:58:55.783+0000] {processor.py:766} INFO - DAG(s) dict_keys(['example_sla_dag']) retrieved from /home/airflow/.local/lib/python3.7/site-packages/airflow/example_dags/example_sla_dag.py
[2025-11-23T06:58:55.889+0000] {logging_mixin.py:120} INFO - [2025-11-23T06:58:55.888+0000] {dag.py:2585} INFO - Sync 1 DAGs
[2025-11-23T06:58:55.971+0000] {logging_mixin.py:120} INFO - [2025-11-23T06:58:55.971+0000] {dag.py:3340} INFO - Setting next_dagrun for example_sla_dag to 2025-11-23T06:56:00+00:00, run_after=2025-11-23T06:58:00+00:00
[2025-11-23T06:58:56.011+0000] {processor.py:176} INFO - Processing /home/airflow/.local/lib/python3.7/site-packages/airflow/example_dags/example_sla_dag.py took 0.286 seconds
[2025-11-23T06:59:26.149+0000] {processor.py:154} INFO - Started process (PID=2953) to work on /home/airflow/.local/lib/python3.7/site-packages/airflow/example_dags/example_sla_dag.py
[2025-11-23T06:59:26.150+0000] {processor.py:756} INFO - Processing file /home/airflow/.local/lib/python3.7/site-packages/airflow/example_dags/example_sla_dag.py for tasks to queue
[2025-11-23T06:59:26.152+0000] {logging_mixin.py:120} INFO - [2025-11-23T06:59:26.152+0000] {dagbag.py:537} INFO - Filling up the DagBag from /home/airflow/.local/lib/python3.7/site-packages/airflow/example_dags/example_sla_dag.py
[2025-11-23T06:59:26.196+0000] {processor.py:766} INFO - DAG(s) dict_keys(['example_sla_dag']) retrieved from /home/airflow/.local/lib/python3.7/site-packages/airflow/example_dags/example_sla_dag.py
[2025-11-23T06:59:26.264+0000] {logging_mixin.py:120} INFO - [2025-11-23T06:59:26.264+0000] {dag.py:2585} INFO - Sync 1 DAGs
[2025-11-23T06:59:26.301+0000] {logging_mixin.py:120} INFO - [2025-11-23T06:59:26.301+0000] {dag.py:3340} INFO - Setting next_dagrun for example_sla_dag to 2025-11-23T06:56:00+00:00, run_after=2025-11-23T06:58:00+00:00
[2025-11-23T06:59:26.328+0000] {processor.py:176} INFO - Processing /home/airflow/.local/lib/python3.7/site-packages/airflow/example_dags/example_sla_dag.py took 0.183 seconds
[2025-11-23T06:59:56.826+0000] {processor.py:154} INFO - Started process (PID=3019) to work on /home/airflow/.local/lib/python3.7/site-packages/airflow/example_dags/example_sla_dag.py
[2025-11-23T06:59:56.827+0000] {processor.py:756} INFO - Processing file /home/airflow/.local/lib/python3.7/site-packages/airflow/example_dags/example_sla_dag.py for tasks to queue
[2025-11-23T06:59:56.829+0000] {logging_mixin.py:120} INFO - [2025-11-23T06:59:56.829+0000] {dagbag.py:537} INFO - Filling up the DagBag from /home/airflow/.local/lib/python3.7/site-packages/airflow/example_dags/example_sla_dag.py
[2025-11-23T06:59:56.870+0000] {processor.py:766} INFO - DAG(s) dict_keys(['example_sla_dag']) retrieved from /home/airflow/.local/lib/python3.7/site-packages/airflow/example_dags/example_sla_dag.py
[2025-11-23T06:59:56.958+0000] {logging_mixin.py:120} INFO - [2025-11-23T06:59:56.958+0000] {dag.py:2585} INFO - Sync 1 DAGs
[2025-11-23T06:59:57.033+0000] {logging_mixin.py:120} INFO - [2025-11-23T06:59:57.032+0000] {dag.py:3340} INFO - Setting next_dagrun for example_sla_dag to 2025-11-23T06:56:00+00:00, run_after=2025-11-23T06:58:00+00:00
[2025-11-23T06:59:57.096+0000] {processor.py:176} INFO - Processing /home/airflow/.local/lib/python3.7/site-packages/airflow/example_dags/example_sla_dag.py took 0.277 seconds
[2025-11-23T07:00:27.252+0000] {processor.py:154} INFO - Started process (PID=3076) to work on /home/airflow/.local/lib/python3.7/site-packages/airflow/example_dags/example_sla_dag.py
[2025-11-23T07:00:27.254+0000] {processor.py:756} INFO - Processing file /home/airflow/.local/lib/python3.7/site-packages/airflow/example_dags/example_sla_dag.py for tasks to queue
[2025-11-23T07:00:27.256+0000] {logging_mixin.py:120} INFO - [2025-11-23T07:00:27.255+0000] {dagbag.py:537} INFO - Filling up the DagBag from /home/airflow/.local/lib/python3.7/site-packages/airflow/example_dags/example_sla_dag.py
[2025-11-23T07:00:27.296+0000] {processor.py:766} INFO - DAG(s) dict_keys(['example_sla_dag']) retrieved from /home/airflow/.local/lib/python3.7/site-packages/airflow/example_dags/example_sla_dag.py
[2025-11-23T07:00:27.369+0000] {logging_mixin.py:120} INFO - [2025-11-23T07:00:27.369+0000] {dag.py:2585} INFO - Sync 1 DAGs
[2025-11-23T07:00:27.446+0000] {logging_mixin.py:120} INFO - [2025-11-23T07:00:27.446+0000] {dag.py:3340} INFO - Setting next_dagrun for example_sla_dag to 2025-11-23T06:58:00+00:00, run_after=2025-11-23T07:00:00+00:00
[2025-11-23T07:00:27.506+0000] {processor.py:176} INFO - Processing /home/airflow/.local/lib/python3.7/site-packages/airflow/example_dags/example_sla_dag.py took 0.259 seconds
[2025-11-23T07:00:58.374+0000] {processor.py:154} INFO - Started process (PID=3142) to work on /home/airflow/.local/lib/python3.7/site-packages/airflow/example_dags/example_sla_dag.py
[2025-11-23T07:00:58.375+0000] {processor.py:756} INFO - Processing file /home/airflow/.local/lib/python3.7/site-packages/airflow/example_dags/example_sla_dag.py for tasks to queue
[2025-11-23T07:00:58.377+0000] {logging_mixin.py:120} INFO - [2025-11-23T07:00:58.377+0000] {dagbag.py:537} INFO - Filling up the DagBag from /home/airflow/.local/lib/python3.7/site-packages/airflow/example_dags/example_sla_dag.py
[2025-11-23T07:00:58.419+0000] {processor.py:766} INFO - DAG(s) dict_keys(['example_sla_dag']) retrieved from /home/airflow/.local/lib/python3.7/site-packages/airflow/example_dags/example_sla_dag.py
[2025-11-23T07:00:58.498+0000] {logging_mixin.py:120} INFO - [2025-11-23T07:00:58.498+0000] {dag.py:2585} INFO - Sync 1 DAGs
[2025-11-23T07:00:58.551+0000] {logging_mixin.py:120} INFO - [2025-11-23T07:00:58.551+0000] {dag.py:3340} INFO - Setting next_dagrun for example_sla_dag to 2025-11-23T06:58:00+00:00, run_after=2025-11-23T07:00:00+00:00
[2025-11-23T07:00:58.593+0000] {processor.py:176} INFO - Processing /home/airflow/.local/lib/python3.7/site-packages/airflow/example_dags/example_sla_dag.py took 0.225 seconds
[2025-11-23T07:01:28.763+0000] {processor.py:154} INFO - Started process (PID=3199) to work on /home/airflow/.local/lib/python3.7/site-packages/airflow/example_dags/example_sla_dag.py
[2025-11-23T07:01:28.765+0000] {processor.py:756} INFO - Processing file /home/airflow/.local/lib/python3.7/site-packages/airflow/example_dags/example_sla_dag.py for tasks to queue
[2025-11-23T07:01:28.767+0000] {logging_mixin.py:120} INFO - [2025-11-23T07:01:28.767+0000] {dagbag.py:537} INFO - Filling up the DagBag from /home/airflow/.local/lib/python3.7/site-packages/airflow/example_dags/example_sla_dag.py
[2025-11-23T07:01:28.817+0000] {processor.py:766} INFO - DAG(s) dict_keys(['example_sla_dag']) retrieved from /home/airflow/.local/lib/python3.7/site-packages/airflow/example_dags/example_sla_dag.py
[2025-11-23T07:01:28.890+0000] {logging_mixin.py:120} INFO - [2025-11-23T07:01:28.890+0000] {dag.py:2585} INFO - Sync 1 DAGs
[2025-11-23T07:01:28.950+0000] {logging_mixin.py:120} INFO - [2025-11-23T07:01:28.949+0000] {dag.py:3340} INFO - Setting next_dagrun for example_sla_dag to 2025-11-23T06:58:00+00:00, run_after=2025-11-23T07:00:00+00:00
[2025-11-23T07:01:29.006+0000] {processor.py:176} INFO - Processing /home/airflow/.local/lib/python3.7/site-packages/airflow/example_dags/example_sla_dag.py took 0.250 seconds
[2025-11-23T07:01:59.182+0000] {processor.py:154} INFO - Started process (PID=3265) to work on /home/airflow/.local/lib/python3.7/site-packages/airflow/example_dags/example_sla_dag.py
[2025-11-23T07:01:59.183+0000] {processor.py:756} INFO - Processing file /home/airflow/.local/lib/python3.7/site-packages/airflow/example_dags/example_sla_dag.py for tasks to queue
[2025-11-23T07:01:59.184+0000] {logging_mixin.py:120} INFO - [2025-11-23T07:01:59.184+0000] {dagbag.py:537} INFO - Filling up the DagBag from /home/airflow/.local/lib/python3.7/site-packages/airflow/example_dags/example_sla_dag.py
[2025-11-23T07:01:59.219+0000] {processor.py:766} INFO - DAG(s) dict_keys(['example_sla_dag']) retrieved from /home/airflow/.local/lib/python3.7/site-packages/airflow/example_dags/example_sla_dag.py
[2025-11-23T07:01:59.319+0000] {logging_mixin.py:120} INFO - [2025-11-23T07:01:59.318+0000] {dag.py:2585} INFO - Sync 1 DAGs
[2025-11-23T07:01:59.403+0000] {logging_mixin.py:120} INFO - [2025-11-23T07:01:59.403+0000] {dag.py:3340} INFO - Setting next_dagrun for example_sla_dag to 2025-11-23T06:58:00+00:00, run_after=2025-11-23T07:00:00+00:00
[2025-11-23T07:01:59.472+0000] {processor.py:176} INFO - Processing /home/airflow/.local/lib/python3.7/site-packages/airflow/example_dags/example_sla_dag.py took 0.294 seconds
[2025-11-23T07:02:29.680+0000] {processor.py:154} INFO - Started process (PID=3323) to work on /home/airflow/.local/lib/python3.7/site-packages/airflow/example_dags/example_sla_dag.py
[2025-11-23T07:02:29.681+0000] {processor.py:756} INFO - Processing file /home/airflow/.local/lib/python3.7/site-packages/airflow/example_dags/example_sla_dag.py for tasks to queue
[2025-11-23T07:02:29.683+0000] {logging_mixin.py:120} INFO - [2025-11-23T07:02:29.683+0000] {dagbag.py:537} INFO - Filling up the DagBag from /home/airflow/.local/lib/python3.7/site-packages/airflow/example_dags/example_sla_dag.py
[2025-11-23T07:02:29.720+0000] {processor.py:766} INFO - DAG(s) dict_keys(['example_sla_dag']) retrieved from /home/airflow/.local/lib/python3.7/site-packages/airflow/example_dags/example_sla_dag.py
[2025-11-23T07:02:29.792+0000] {logging_mixin.py:120} INFO - [2025-11-23T07:02:29.792+0000] {dag.py:2585} INFO - Sync 1 DAGs
[2025-11-23T07:02:29.831+0000] {logging_mixin.py:120} INFO - [2025-11-23T07:02:29.831+0000] {dag.py:3340} INFO - Setting next_dagrun for example_sla_dag to 2025-11-23T07:00:00+00:00, run_after=2025-11-23T07:02:00+00:00
[2025-11-23T07:02:29.861+0000] {processor.py:176} INFO - Processing /home/airflow/.local/lib/python3.7/site-packages/airflow/example_dags/example_sla_dag.py took 0.187 seconds
[2025-11-23T07:02:59.985+0000] {processor.py:154} INFO - Started process (PID=3389) to work on /home/airflow/.local/lib/python3.7/site-packages/airflow/example_dags/example_sla_dag.py
[2025-11-23T07:02:59.987+0000] {processor.py:756} INFO - Processing file /home/airflow/.local/lib/python3.7/site-packages/airflow/example_dags/example_sla_dag.py for tasks to queue
[2025-11-23T07:02:59.989+0000] {logging_mixin.py:120} INFO - [2025-11-23T07:02:59.989+0000] {dagbag.py:537} INFO - Filling up the DagBag from /home/airflow/.local/lib/python3.7/site-packages/airflow/example_dags/example_sla_dag.py
[2025-11-23T07:03:00.065+0000] {processor.py:766} INFO - DAG(s) dict_keys(['example_sla_dag']) retrieved from /home/airflow/.local/lib/python3.7/site-packages/airflow/example_dags/example_sla_dag.py
[2025-11-23T07:03:00.155+0000] {logging_mixin.py:120} INFO - [2025-11-23T07:03:00.155+0000] {dag.py:2585} INFO - Sync 1 DAGs
[2025-11-23T07:03:00.201+0000] {logging_mixin.py:120} INFO - [2025-11-23T07:03:00.201+0000] {dag.py:3340} INFO - Setting next_dagrun for example_sla_dag to 2025-11-23T07:00:00+00:00, run_after=2025-11-23T07:02:00+00:00
[2025-11-23T07:03:00.251+0000] {processor.py:176} INFO - Processing /home/airflow/.local/lib/python3.7/site-packages/airflow/example_dags/example_sla_dag.py took 0.273 seconds
[2025-11-23T07:03:30.921+0000] {processor.py:154} INFO - Started process (PID=3445) to work on /home/airflow/.local/lib/python3.7/site-packages/airflow/example_dags/example_sla_dag.py
[2025-11-23T07:03:30.923+0000] {processor.py:756} INFO - Processing file /home/airflow/.local/lib/python3.7/site-packages/airflow/example_dags/example_sla_dag.py for tasks to queue
[2025-11-23T07:03:30.926+0000] {logging_mixin.py:120} INFO - [2025-11-23T07:03:30.925+0000] {dagbag.py:537} INFO - Filling up the DagBag from /home/airflow/.local/lib/python3.7/site-packages/airflow/example_dags/example_sla_dag.py
[2025-11-23T07:03:30.967+0000] {processor.py:766} INFO - DAG(s) dict_keys(['example_sla_dag']) retrieved from /home/airflow/.local/lib/python3.7/site-packages/airflow/example_dags/example_sla_dag.py
[2025-11-23T07:03:31.026+0000] {logging_mixin.py:120} INFO - [2025-11-23T07:03:31.026+0000] {dag.py:2585} INFO - Sync 1 DAGs
[2025-11-23T07:03:31.064+0000] {logging_mixin.py:120} INFO - [2025-11-23T07:03:31.064+0000] {dag.py:3340} INFO - Setting next_dagrun for example_sla_dag to 2025-11-23T07:00:00+00:00, run_after=2025-11-23T07:02:00+00:00
[2025-11-23T07:03:31.102+0000] {processor.py:176} INFO - Processing /home/airflow/.local/lib/python3.7/site-packages/airflow/example_dags/example_sla_dag.py took 0.185 seconds
[2025-11-23T07:04:01.413+0000] {processor.py:154} INFO - Started process (PID=3511) to work on /home/airflow/.local/lib/python3.7/site-packages/airflow/example_dags/example_sla_dag.py
[2025-11-23T07:04:01.415+0000] {processor.py:756} INFO - Processing file /home/airflow/.local/lib/python3.7/site-packages/airflow/example_dags/example_sla_dag.py for tasks to queue
[2025-11-23T07:04:01.417+0000] {logging_mixin.py:120} INFO - [2025-11-23T07:04:01.417+0000] {dagbag.py:537} INFO - Filling up the DagBag from /home/airflow/.local/lib/python3.7/site-packages/airflow/example_dags/example_sla_dag.py
[2025-11-23T07:04:01.460+0000] {processor.py:766} INFO - DAG(s) dict_keys(['example_sla_dag']) retrieved from /home/airflow/.local/lib/python3.7/site-packages/airflow/example_dags/example_sla_dag.py
[2025-11-23T07:04:01.556+0000] {logging_mixin.py:120} INFO - [2025-11-23T07:04:01.556+0000] {dag.py:2585} INFO - Sync 1 DAGs
[2025-11-23T07:04:01.596+0000] {logging_mixin.py:120} INFO - [2025-11-23T07:04:01.596+0000] {dag.py:3340} INFO - Setting next_dagrun for example_sla_dag to 2025-11-23T07:02:00+00:00, run_after=2025-11-23T07:04:00+00:00
[2025-11-23T07:04:01.629+0000] {processor.py:176} INFO - Processing /home/airflow/.local/lib/python3.7/site-packages/airflow/example_dags/example_sla_dag.py took 0.221 seconds
[2025-11-23T07:04:31.916+0000] {processor.py:154} INFO - Started process (PID=3576) to work on /home/airflow/.local/lib/python3.7/site-packages/airflow/example_dags/example_sla_dag.py
[2025-11-23T07:04:31.918+0000] {processor.py:756} INFO - Processing file /home/airflow/.local/lib/python3.7/site-packages/airflow/example_dags/example_sla_dag.py for tasks to queue
[2025-11-23T07:04:31.920+0000] {logging_mixin.py:120} INFO - [2025-11-23T07:04:31.919+0000] {dagbag.py:537} INFO - Filling up the DagBag from /home/airflow/.local/lib/python3.7/site-packages/airflow/example_dags/example_sla_dag.py
[2025-11-23T07:04:31.970+0000] {processor.py:766} INFO - DAG(s) dict_keys(['example_sla_dag']) retrieved from /home/airflow/.local/lib/python3.7/site-packages/airflow/example_dags/example_sla_dag.py
[2025-11-23T07:04:32.087+0000] {logging_mixin.py:120} INFO - [2025-11-23T07:04:32.086+0000] {dag.py:2585} INFO - Sync 1 DAGs
[2025-11-23T07:04:32.176+0000] {logging_mixin.py:120} INFO - [2025-11-23T07:04:32.176+0000] {dag.py:3340} INFO - Setting next_dagrun for example_sla_dag to 2025-11-23T07:02:00+00:00, run_after=2025-11-23T07:04:00+00:00
[2025-11-23T07:04:32.256+0000] {processor.py:176} INFO - Processing /home/airflow/.local/lib/python3.7/site-packages/airflow/example_dags/example_sla_dag.py took 0.346 seconds
[2025-11-23T07:05:03.189+0000] {processor.py:154} INFO - Started process (PID=3634) to work on /home/airflow/.local/lib/python3.7/site-packages/airflow/example_dags/example_sla_dag.py
[2025-11-23T07:05:03.192+0000] {processor.py:756} INFO - Processing file /home/airflow/.local/lib/python3.7/site-packages/airflow/example_dags/example_sla_dag.py for tasks to queue
[2025-11-23T07:05:03.193+0000] {logging_mixin.py:120} INFO - [2025-11-23T07:05:03.193+0000] {dagbag.py:537} INFO - Filling up the DagBag from /home/airflow/.local/lib/python3.7/site-packages/airflow/example_dags/example_sla_dag.py
[2025-11-23T07:05:03.245+0000] {processor.py:766} INFO - DAG(s) dict_keys(['example_sla_dag']) retrieved from /home/airflow/.local/lib/python3.7/site-packages/airflow/example_dags/example_sla_dag.py
[2025-11-23T07:05:03.333+0000] {logging_mixin.py:120} INFO - [2025-11-23T07:05:03.332+0000] {dag.py:2585} INFO - Sync 1 DAGs
[2025-11-23T07:05:03.392+0000] {logging_mixin.py:120} INFO - [2025-11-23T07:05:03.391+0000] {dag.py:3340} INFO - Setting next_dagrun for example_sla_dag to 2025-11-23T07:02:00+00:00, run_after=2025-11-23T07:04:00+00:00
[2025-11-23T07:05:03.452+0000] {processor.py:176} INFO - Processing /home/airflow/.local/lib/python3.7/site-packages/airflow/example_dags/example_sla_dag.py took 0.272 seconds
[2025-11-23T07:05:35.506+0000] {processor.py:154} INFO - Started process (PID=3697) to work on /home/airflow/.local/lib/python3.7/site-packages/airflow/example_dags/example_sla_dag.py
[2025-11-23T07:05:35.508+0000] {processor.py:756} INFO - Processing file /home/airflow/.local/lib/python3.7/site-packages/airflow/example_dags/example_sla_dag.py for tasks to queue
[2025-11-23T07:05:35.510+0000] {logging_mixin.py:120} INFO - [2025-11-23T07:05:35.510+0000] {dagbag.py:537} INFO - Filling up the DagBag from /home/airflow/.local/lib/python3.7/site-packages/airflow/example_dags/example_sla_dag.py
[2025-11-23T07:05:35.584+0000] {processor.py:766} INFO - DAG(s) dict_keys(['example_sla_dag']) retrieved from /home/airflow/.local/lib/python3.7/site-packages/airflow/example_dags/example_sla_dag.py
[2025-11-23T07:05:35.659+0000] {logging_mixin.py:120} INFO - [2025-11-23T07:05:35.659+0000] {dag.py:2585} INFO - Sync 1 DAGs
[2025-11-23T07:05:35.707+0000] {logging_mixin.py:120} INFO - [2025-11-23T07:05:35.707+0000] {dag.py:3340} INFO - Setting next_dagrun for example_sla_dag to 2025-11-23T07:02:00+00:00, run_after=2025-11-23T07:04:00+00:00
[2025-11-23T07:05:35.745+0000] {processor.py:176} INFO - Processing /home/airflow/.local/lib/python3.7/site-packages/airflow/example_dags/example_sla_dag.py took 0.250 seconds
[2025-11-23T07:06:06.870+0000] {processor.py:154} INFO - Started process (PID=3754) to work on /home/airflow/.local/lib/python3.7/site-packages/airflow/example_dags/example_sla_dag.py
[2025-11-23T07:06:06.871+0000] {processor.py:756} INFO - Processing file /home/airflow/.local/lib/python3.7/site-packages/airflow/example_dags/example_sla_dag.py for tasks to queue
[2025-11-23T07:06:06.873+0000] {logging_mixin.py:120} INFO - [2025-11-23T07:06:06.873+0000] {dagbag.py:537} INFO - Filling up the DagBag from /home/airflow/.local/lib/python3.7/site-packages/airflow/example_dags/example_sla_dag.py
[2025-11-23T07:06:06.917+0000] {processor.py:766} INFO - DAG(s) dict_keys(['example_sla_dag']) retrieved from /home/airflow/.local/lib/python3.7/site-packages/airflow/example_dags/example_sla_dag.py
[2025-11-23T07:06:07.006+0000] {logging_mixin.py:120} INFO - [2025-11-23T07:06:07.005+0000] {dag.py:2585} INFO - Sync 1 DAGs
[2025-11-23T07:06:07.047+0000] {logging_mixin.py:120} INFO - [2025-11-23T07:06:07.046+0000] {dag.py:3340} INFO - Setting next_dagrun for example_sla_dag to 2025-11-23T07:04:00+00:00, run_after=2025-11-23T07:06:00+00:00
[2025-11-23T07:06:07.140+0000] {processor.py:176} INFO - Processing /home/airflow/.local/lib/python3.7/site-packages/airflow/example_dags/example_sla_dag.py took 0.276 seconds
[2025-11-23T07:06:37.806+0000] {processor.py:154} INFO - Started process (PID=3811) to work on /home/airflow/.local/lib/python3.7/site-packages/airflow/example_dags/example_sla_dag.py
[2025-11-23T07:06:37.809+0000] {processor.py:756} INFO - Processing file /home/airflow/.local/lib/python3.7/site-packages/airflow/example_dags/example_sla_dag.py for tasks to queue
[2025-11-23T07:06:37.812+0000] {logging_mixin.py:120} INFO - [2025-11-23T07:06:37.811+0000] {dagbag.py:537} INFO - Filling up the DagBag from /home/airflow/.local/lib/python3.7/site-packages/airflow/example_dags/example_sla_dag.py
[2025-11-23T07:06:37.852+0000] {processor.py:766} INFO - DAG(s) dict_keys(['example_sla_dag']) retrieved from /home/airflow/.local/lib/python3.7/site-packages/airflow/example_dags/example_sla_dag.py
[2025-11-23T07:06:37.944+0000] {logging_mixin.py:120} INFO - [2025-11-23T07:06:37.943+0000] {dag.py:2585} INFO - Sync 1 DAGs
[2025-11-23T07:06:38.022+0000] {logging_mixin.py:120} INFO - [2025-11-23T07:06:38.022+0000] {dag.py:3340} INFO - Setting next_dagrun for example_sla_dag to 2025-11-23T07:04:00+00:00, run_after=2025-11-23T07:06:00+00:00
[2025-11-23T07:06:38.053+0000] {processor.py:176} INFO - Processing /home/airflow/.local/lib/python3.7/site-packages/airflow/example_dags/example_sla_dag.py took 0.251 seconds
[2025-11-23T07:07:10.216+0000] {processor.py:154} INFO - Started process (PID=3878) to work on /home/airflow/.local/lib/python3.7/site-packages/airflow/example_dags/example_sla_dag.py
[2025-11-23T07:07:10.220+0000] {processor.py:756} INFO - Processing file /home/airflow/.local/lib/python3.7/site-packages/airflow/example_dags/example_sla_dag.py for tasks to queue
[2025-11-23T07:07:10.221+0000] {logging_mixin.py:120} INFO - [2025-11-23T07:07:10.221+0000] {dagbag.py:537} INFO - Filling up the DagBag from /home/airflow/.local/lib/python3.7/site-packages/airflow/example_dags/example_sla_dag.py
[2025-11-23T07:07:10.268+0000] {processor.py:766} INFO - DAG(s) dict_keys(['example_sla_dag']) retrieved from /home/airflow/.local/lib/python3.7/site-packages/airflow/example_dags/example_sla_dag.py
[2025-11-23T07:07:10.374+0000] {logging_mixin.py:120} INFO - [2025-11-23T07:07:10.371+0000] {dag.py:2585} INFO - Sync 1 DAGs
[2025-11-23T07:07:10.465+0000] {logging_mixin.py:120} INFO - [2025-11-23T07:07:10.464+0000] {dag.py:3340} INFO - Setting next_dagrun for example_sla_dag to 2025-11-23T07:04:00+00:00, run_after=2025-11-23T07:06:00+00:00
[2025-11-23T07:07:10.512+0000] {processor.py:176} INFO - Processing /home/airflow/.local/lib/python3.7/site-packages/airflow/example_dags/example_sla_dag.py took 0.302 seconds
[2025-11-23T07:07:41.562+0000] {processor.py:154} INFO - Started process (PID=3936) to work on /home/airflow/.local/lib/python3.7/site-packages/airflow/example_dags/example_sla_dag.py
[2025-11-23T07:07:41.565+0000] {processor.py:756} INFO - Processing file /home/airflow/.local/lib/python3.7/site-packages/airflow/example_dags/example_sla_dag.py for tasks to queue
[2025-11-23T07:07:41.566+0000] {logging_mixin.py:120} INFO - [2025-11-23T07:07:41.566+0000] {dagbag.py:537} INFO - Filling up the DagBag from /home/airflow/.local/lib/python3.7/site-packages/airflow/example_dags/example_sla_dag.py
[2025-11-23T07:07:41.606+0000] {processor.py:766} INFO - DAG(s) dict_keys(['example_sla_dag']) retrieved from /home/airflow/.local/lib/python3.7/site-packages/airflow/example_dags/example_sla_dag.py
[2025-11-23T07:07:41.686+0000] {logging_mixin.py:120} INFO - [2025-11-23T07:07:41.686+0000] {dag.py:2585} INFO - Sync 1 DAGs
[2025-11-23T07:07:41.745+0000] {logging_mixin.py:120} INFO - [2025-11-23T07:07:41.744+0000] {dag.py:3340} INFO - Setting next_dagrun for example_sla_dag to 2025-11-23T07:04:00+00:00, run_after=2025-11-23T07:06:00+00:00
[2025-11-23T07:07:41.786+0000] {processor.py:176} INFO - Processing /home/airflow/.local/lib/python3.7/site-packages/airflow/example_dags/example_sla_dag.py took 0.228 seconds
[2025-11-23T07:08:12.046+0000] {processor.py:154} INFO - Started process (PID=4002) to work on /home/airflow/.local/lib/python3.7/site-packages/airflow/example_dags/example_sla_dag.py
[2025-11-23T07:08:12.048+0000] {processor.py:756} INFO - Processing file /home/airflow/.local/lib/python3.7/site-packages/airflow/example_dags/example_sla_dag.py for tasks to queue
[2025-11-23T07:08:12.049+0000] {logging_mixin.py:120} INFO - [2025-11-23T07:08:12.049+0000] {dagbag.py:537} INFO - Filling up the DagBag from /home/airflow/.local/lib/python3.7/site-packages/airflow/example_dags/example_sla_dag.py
[2025-11-23T07:08:12.091+0000] {processor.py:766} INFO - DAG(s) dict_keys(['example_sla_dag']) retrieved from /home/airflow/.local/lib/python3.7/site-packages/airflow/example_dags/example_sla_dag.py
[2025-11-23T07:08:12.176+0000] {logging_mixin.py:120} INFO - [2025-11-23T07:08:12.176+0000] {dag.py:2585} INFO - Sync 1 DAGs
[2025-11-23T07:08:12.245+0000] {logging_mixin.py:120} INFO - [2025-11-23T07:08:12.245+0000] {dag.py:3340} INFO - Setting next_dagrun for example_sla_dag to 2025-11-23T07:06:00+00:00, run_after=2025-11-23T07:08:00+00:00
[2025-11-23T07:08:12.355+0000] {processor.py:176} INFO - Processing /home/airflow/.local/lib/python3.7/site-packages/airflow/example_dags/example_sla_dag.py took 0.314 seconds
[2025-11-23T07:08:43.017+0000] {processor.py:154} INFO - Started process (PID=4059) to work on /home/airflow/.local/lib/python3.7/site-packages/airflow/example_dags/example_sla_dag.py
[2025-11-23T07:08:43.029+0000] {processor.py:756} INFO - Processing file /home/airflow/.local/lib/python3.7/site-packages/airflow/example_dags/example_sla_dag.py for tasks to queue
[2025-11-23T07:08:43.031+0000] {logging_mixin.py:120} INFO - [2025-11-23T07:08:43.031+0000] {dagbag.py:537} INFO - Filling up the DagBag from /home/airflow/.local/lib/python3.7/site-packages/airflow/example_dags/example_sla_dag.py
[2025-11-23T07:08:43.150+0000] {processor.py:766} INFO - DAG(s) dict_keys(['example_sla_dag']) retrieved from /home/airflow/.local/lib/python3.7/site-packages/airflow/example_dags/example_sla_dag.py
[2025-11-23T07:08:43.275+0000] {logging_mixin.py:120} INFO - [2025-11-23T07:08:43.275+0000] {dag.py:2585} INFO - Sync 1 DAGs
[2025-11-23T07:08:43.406+0000] {logging_mixin.py:120} INFO - [2025-11-23T07:08:43.406+0000] {dag.py:3340} INFO - Setting next_dagrun for example_sla_dag to 2025-11-23T07:06:00+00:00, run_after=2025-11-23T07:08:00+00:00
[2025-11-23T07:08:43.498+0000] {processor.py:176} INFO - Processing /home/airflow/.local/lib/python3.7/site-packages/airflow/example_dags/example_sla_dag.py took 0.497 seconds
[2025-11-23T07:09:14.408+0000] {processor.py:154} INFO - Started process (PID=4125) to work on /home/airflow/.local/lib/python3.7/site-packages/airflow/example_dags/example_sla_dag.py
[2025-11-23T07:09:14.410+0000] {processor.py:756} INFO - Processing file /home/airflow/.local/lib/python3.7/site-packages/airflow/example_dags/example_sla_dag.py for tasks to queue
[2025-11-23T07:09:14.411+0000] {logging_mixin.py:120} INFO - [2025-11-23T07:09:14.411+0000] {dagbag.py:537} INFO - Filling up the DagBag from /home/airflow/.local/lib/python3.7/site-packages/airflow/example_dags/example_sla_dag.py
[2025-11-23T07:09:14.457+0000] {processor.py:766} INFO - DAG(s) dict_keys(['example_sla_dag']) retrieved from /home/airflow/.local/lib/python3.7/site-packages/airflow/example_dags/example_sla_dag.py
[2025-11-23T07:09:14.513+0000] {logging_mixin.py:120} INFO - [2025-11-23T07:09:14.512+0000] {dag.py:2585} INFO - Sync 1 DAGs
[2025-11-23T07:09:14.575+0000] {logging_mixin.py:120} INFO - [2025-11-23T07:09:14.574+0000] {dag.py:3340} INFO - Setting next_dagrun for example_sla_dag to 2025-11-23T07:06:00+00:00, run_after=2025-11-23T07:08:00+00:00
[2025-11-23T07:09:14.613+0000] {processor.py:176} INFO - Processing /home/airflow/.local/lib/python3.7/site-packages/airflow/example_dags/example_sla_dag.py took 0.211 seconds
[2025-11-23T07:09:45.693+0000] {processor.py:154} INFO - Started process (PID=4190) to work on /home/airflow/.local/lib/python3.7/site-packages/airflow/example_dags/example_sla_dag.py
[2025-11-23T07:09:45.707+0000] {processor.py:756} INFO - Processing file /home/airflow/.local/lib/python3.7/site-packages/airflow/example_dags/example_sla_dag.py for tasks to queue
[2025-11-23T07:09:45.720+0000] {logging_mixin.py:120} INFO - [2025-11-23T07:09:45.719+0000] {dagbag.py:537} INFO - Filling up the DagBag from /home/airflow/.local/lib/python3.7/site-packages/airflow/example_dags/example_sla_dag.py
[2025-11-23T07:09:45.924+0000] {processor.py:766} INFO - DAG(s) dict_keys(['example_sla_dag']) retrieved from /home/airflow/.local/lib/python3.7/site-packages/airflow/example_dags/example_sla_dag.py
[2025-11-23T07:09:46.054+0000] {logging_mixin.py:120} INFO - [2025-11-23T07:09:46.054+0000] {dag.py:2585} INFO - Sync 1 DAGs
[2025-11-23T07:09:46.594+0000] {logging_mixin.py:120} INFO - [2025-11-23T07:09:46.593+0000] {dag.py:3340} INFO - Setting next_dagrun for example_sla_dag to 2025-11-23T07:06:00+00:00, run_after=2025-11-23T07:08:00+00:00
[2025-11-23T07:09:46.665+0000] {processor.py:176} INFO - Processing /home/airflow/.local/lib/python3.7/site-packages/airflow/example_dags/example_sla_dag.py took 1.021 seconds
[2025-11-23T07:10:17.054+0000] {processor.py:154} INFO - Started process (PID=4246) to work on /home/airflow/.local/lib/python3.7/site-packages/airflow/example_dags/example_sla_dag.py
[2025-11-23T07:10:17.055+0000] {processor.py:756} INFO - Processing file /home/airflow/.local/lib/python3.7/site-packages/airflow/example_dags/example_sla_dag.py for tasks to queue
[2025-11-23T07:10:17.057+0000] {logging_mixin.py:120} INFO - [2025-11-23T07:10:17.057+0000] {dagbag.py:537} INFO - Filling up the DagBag from /home/airflow/.local/lib/python3.7/site-packages/airflow/example_dags/example_sla_dag.py
[2025-11-23T07:10:17.092+0000] {processor.py:766} INFO - DAG(s) dict_keys(['example_sla_dag']) retrieved from /home/airflow/.local/lib/python3.7/site-packages/airflow/example_dags/example_sla_dag.py
[2025-11-23T07:10:17.214+0000] {logging_mixin.py:120} INFO - [2025-11-23T07:10:17.211+0000] {dag.py:2585} INFO - Sync 1 DAGs
[2025-11-23T07:10:17.265+0000] {logging_mixin.py:120} INFO - [2025-11-23T07:10:17.265+0000] {dag.py:3340} INFO - Setting next_dagrun for example_sla_dag to 2025-11-23T07:08:00+00:00, run_after=2025-11-23T07:10:00+00:00
[2025-11-23T07:10:17.299+0000] {processor.py:176} INFO - Processing /home/airflow/.local/lib/python3.7/site-packages/airflow/example_dags/example_sla_dag.py took 0.251 seconds
[2025-11-23T07:10:47.682+0000] {processor.py:154} INFO - Started process (PID=4302) to work on /home/airflow/.local/lib/python3.7/site-packages/airflow/example_dags/example_sla_dag.py
[2025-11-23T07:10:47.685+0000] {processor.py:756} INFO - Processing file /home/airflow/.local/lib/python3.7/site-packages/airflow/example_dags/example_sla_dag.py for tasks to queue
[2025-11-23T07:10:47.687+0000] {logging_mixin.py:120} INFO - [2025-11-23T07:10:47.687+0000] {dagbag.py:537} INFO - Filling up the DagBag from /home/airflow/.local/lib/python3.7/site-packages/airflow/example_dags/example_sla_dag.py
[2025-11-23T07:10:47.731+0000] {processor.py:766} INFO - DAG(s) dict_keys(['example_sla_dag']) retrieved from /home/airflow/.local/lib/python3.7/site-packages/airflow/example_dags/example_sla_dag.py
[2025-11-23T07:10:47.801+0000] {logging_mixin.py:120} INFO - [2025-11-23T07:10:47.800+0000] {dag.py:2585} INFO - Sync 1 DAGs
[2025-11-23T07:10:47.844+0000] {logging_mixin.py:120} INFO - [2025-11-23T07:10:47.844+0000] {dag.py:3340} INFO - Setting next_dagrun for example_sla_dag to 2025-11-23T07:08:00+00:00, run_after=2025-11-23T07:10:00+00:00
[2025-11-23T07:10:47.892+0000] {processor.py:176} INFO - Processing /home/airflow/.local/lib/python3.7/site-packages/airflow/example_dags/example_sla_dag.py took 0.217 seconds
[2025-11-23T07:11:19.455+0000] {processor.py:154} INFO - Started process (PID=4366) to work on /home/airflow/.local/lib/python3.7/site-packages/airflow/example_dags/example_sla_dag.py
[2025-11-23T07:11:19.457+0000] {processor.py:756} INFO - Processing file /home/airflow/.local/lib/python3.7/site-packages/airflow/example_dags/example_sla_dag.py for tasks to queue
[2025-11-23T07:11:19.459+0000] {logging_mixin.py:120} INFO - [2025-11-23T07:11:19.458+0000] {dagbag.py:537} INFO - Filling up the DagBag from /home/airflow/.local/lib/python3.7/site-packages/airflow/example_dags/example_sla_dag.py
[2025-11-23T07:11:19.503+0000] {processor.py:766} INFO - DAG(s) dict_keys(['example_sla_dag']) retrieved from /home/airflow/.local/lib/python3.7/site-packages/airflow/example_dags/example_sla_dag.py
[2025-11-23T07:11:19.619+0000] {logging_mixin.py:120} INFO - [2025-11-23T07:11:19.619+0000] {dag.py:2585} INFO - Sync 1 DAGs
[2025-11-23T07:11:19.741+0000] {logging_mixin.py:120} INFO - [2025-11-23T07:11:19.740+0000] {dag.py:3340} INFO - Setting next_dagrun for example_sla_dag to 2025-11-23T07:08:00+00:00, run_after=2025-11-23T07:10:00+00:00
[2025-11-23T07:11:19.803+0000] {processor.py:176} INFO - Processing /home/airflow/.local/lib/python3.7/site-packages/airflow/example_dags/example_sla_dag.py took 0.354 seconds
[2025-11-23T07:11:50.119+0000] {processor.py:154} INFO - Started process (PID=4424) to work on /home/airflow/.local/lib/python3.7/site-packages/airflow/example_dags/example_sla_dag.py
[2025-11-23T07:11:50.121+0000] {processor.py:756} INFO - Processing file /home/airflow/.local/lib/python3.7/site-packages/airflow/example_dags/example_sla_dag.py for tasks to queue
[2025-11-23T07:11:50.124+0000] {logging_mixin.py:120} INFO - [2025-11-23T07:11:50.124+0000] {dagbag.py:537} INFO - Filling up the DagBag from /home/airflow/.local/lib/python3.7/site-packages/airflow/example_dags/example_sla_dag.py
[2025-11-23T07:11:50.188+0000] {processor.py:766} INFO - DAG(s) dict_keys(['example_sla_dag']) retrieved from /home/airflow/.local/lib/python3.7/site-packages/airflow/example_dags/example_sla_dag.py
[2025-11-23T07:11:50.266+0000] {logging_mixin.py:120} INFO - [2025-11-23T07:11:50.266+0000] {dag.py:2585} INFO - Sync 1 DAGs
[2025-11-23T07:11:50.330+0000] {logging_mixin.py:120} INFO - [2025-11-23T07:11:50.330+0000] {dag.py:3340} INFO - Setting next_dagrun for example_sla_dag to 2025-11-23T07:08:00+00:00, run_after=2025-11-23T07:10:00+00:00
[2025-11-23T07:11:50.368+0000] {processor.py:176} INFO - Processing /home/airflow/.local/lib/python3.7/site-packages/airflow/example_dags/example_sla_dag.py took 0.254 seconds
[2025-11-23T07:12:21.929+0000] {processor.py:154} INFO - Started process (PID=4485) to work on /home/airflow/.local/lib/python3.7/site-packages/airflow/example_dags/example_sla_dag.py
[2025-11-23T07:12:21.934+0000] {processor.py:756} INFO - Processing file /home/airflow/.local/lib/python3.7/site-packages/airflow/example_dags/example_sla_dag.py for tasks to queue
[2025-11-23T07:12:21.957+0000] {logging_mixin.py:120} INFO - [2025-11-23T07:12:21.957+0000] {dagbag.py:537} INFO - Filling up the DagBag from /home/airflow/.local/lib/python3.7/site-packages/airflow/example_dags/example_sla_dag.py
[2025-11-23T07:12:22.016+0000] {processor.py:766} INFO - DAG(s) dict_keys(['example_sla_dag']) retrieved from /home/airflow/.local/lib/python3.7/site-packages/airflow/example_dags/example_sla_dag.py
[2025-11-23T07:12:22.105+0000] {logging_mixin.py:120} INFO - [2025-11-23T07:12:22.105+0000] {dag.py:2585} INFO - Sync 1 DAGs
[2025-11-23T07:12:22.158+0000] {logging_mixin.py:120} INFO - [2025-11-23T07:12:22.157+0000] {dag.py:3340} INFO - Setting next_dagrun for example_sla_dag to 2025-11-23T07:10:00+00:00, run_after=2025-11-23T07:12:00+00:00
[2025-11-23T07:12:22.215+0000] {processor.py:176} INFO - Processing /home/airflow/.local/lib/python3.7/site-packages/airflow/example_dags/example_sla_dag.py took 0.313 seconds
[2025-11-23T07:12:52.977+0000] {processor.py:154} INFO - Started process (PID=4542) to work on /home/airflow/.local/lib/python3.7/site-packages/airflow/example_dags/example_sla_dag.py
[2025-11-23T07:12:52.979+0000] {processor.py:756} INFO - Processing file /home/airflow/.local/lib/python3.7/site-packages/airflow/example_dags/example_sla_dag.py for tasks to queue
[2025-11-23T07:12:52.981+0000] {logging_mixin.py:120} INFO - [2025-11-23T07:12:52.981+0000] {dagbag.py:537} INFO - Filling up the DagBag from /home/airflow/.local/lib/python3.7/site-packages/airflow/example_dags/example_sla_dag.py
[2025-11-23T07:12:53.028+0000] {processor.py:766} INFO - DAG(s) dict_keys(['example_sla_dag']) retrieved from /home/airflow/.local/lib/python3.7/site-packages/airflow/example_dags/example_sla_dag.py
[2025-11-23T07:12:53.095+0000] {logging_mixin.py:120} INFO - [2025-11-23T07:12:53.095+0000] {dag.py:2585} INFO - Sync 1 DAGs
[2025-11-23T07:12:53.146+0000] {logging_mixin.py:120} INFO - [2025-11-23T07:12:53.146+0000] {dag.py:3340} INFO - Setting next_dagrun for example_sla_dag to 2025-11-23T07:10:00+00:00, run_after=2025-11-23T07:12:00+00:00
[2025-11-23T07:12:53.211+0000] {processor.py:176} INFO - Processing /home/airflow/.local/lib/python3.7/site-packages/airflow/example_dags/example_sla_dag.py took 0.241 seconds
[2025-11-23T07:13:23.988+0000] {processor.py:154} INFO - Started process (PID=4608) to work on /home/airflow/.local/lib/python3.7/site-packages/airflow/example_dags/example_sla_dag.py
[2025-11-23T07:13:23.990+0000] {processor.py:756} INFO - Processing file /home/airflow/.local/lib/python3.7/site-packages/airflow/example_dags/example_sla_dag.py for tasks to queue
[2025-11-23T07:13:23.991+0000] {logging_mixin.py:120} INFO - [2025-11-23T07:13:23.991+0000] {dagbag.py:537} INFO - Filling up the DagBag from /home/airflow/.local/lib/python3.7/site-packages/airflow/example_dags/example_sla_dag.py
[2025-11-23T07:13:24.025+0000] {processor.py:766} INFO - DAG(s) dict_keys(['example_sla_dag']) retrieved from /home/airflow/.local/lib/python3.7/site-packages/airflow/example_dags/example_sla_dag.py
[2025-11-23T07:13:24.086+0000] {logging_mixin.py:120} INFO - [2025-11-23T07:13:24.086+0000] {dag.py:2585} INFO - Sync 1 DAGs
[2025-11-23T07:13:24.130+0000] {logging_mixin.py:120} INFO - [2025-11-23T07:13:24.130+0000] {dag.py:3340} INFO - Setting next_dagrun for example_sla_dag to 2025-11-23T07:10:00+00:00, run_after=2025-11-23T07:12:00+00:00
[2025-11-23T07:13:24.175+0000] {processor.py:176} INFO - Processing /home/airflow/.local/lib/python3.7/site-packages/airflow/example_dags/example_sla_dag.py took 0.191 seconds
[2025-11-23T07:13:54.239+0000] {processor.py:154} INFO - Started process (PID=4665) to work on /home/airflow/.local/lib/python3.7/site-packages/airflow/example_dags/example_sla_dag.py
[2025-11-23T07:13:54.241+0000] {processor.py:756} INFO - Processing file /home/airflow/.local/lib/python3.7/site-packages/airflow/example_dags/example_sla_dag.py for tasks to queue
[2025-11-23T07:13:54.242+0000] {logging_mixin.py:120} INFO - [2025-11-23T07:13:54.242+0000] {dagbag.py:537} INFO - Filling up the DagBag from /home/airflow/.local/lib/python3.7/site-packages/airflow/example_dags/example_sla_dag.py
[2025-11-23T07:13:54.283+0000] {processor.py:766} INFO - DAG(s) dict_keys(['example_sla_dag']) retrieved from /home/airflow/.local/lib/python3.7/site-packages/airflow/example_dags/example_sla_dag.py
[2025-11-23T07:13:54.378+0000] {logging_mixin.py:120} INFO - [2025-11-23T07:13:54.377+0000] {dag.py:2585} INFO - Sync 1 DAGs
[2025-11-23T07:13:54.514+0000] {logging_mixin.py:120} INFO - [2025-11-23T07:13:54.514+0000] {dag.py:3340} INFO - Setting next_dagrun for example_sla_dag to 2025-11-23T07:10:00+00:00, run_after=2025-11-23T07:12:00+00:00
[2025-11-23T07:13:54.575+0000] {processor.py:176} INFO - Processing /home/airflow/.local/lib/python3.7/site-packages/airflow/example_dags/example_sla_dag.py took 0.340 seconds
[2025-11-23T07:14:25.054+0000] {processor.py:154} INFO - Started process (PID=4731) to work on /home/airflow/.local/lib/python3.7/site-packages/airflow/example_dags/example_sla_dag.py
[2025-11-23T07:14:25.063+0000] {processor.py:756} INFO - Processing file /home/airflow/.local/lib/python3.7/site-packages/airflow/example_dags/example_sla_dag.py for tasks to queue
[2025-11-23T07:14:25.064+0000] {logging_mixin.py:120} INFO - [2025-11-23T07:14:25.064+0000] {dagbag.py:537} INFO - Filling up the DagBag from /home/airflow/.local/lib/python3.7/site-packages/airflow/example_dags/example_sla_dag.py
[2025-11-23T07:14:25.109+0000] {processor.py:766} INFO - DAG(s) dict_keys(['example_sla_dag']) retrieved from /home/airflow/.local/lib/python3.7/site-packages/airflow/example_dags/example_sla_dag.py
[2025-11-23T07:14:25.174+0000] {logging_mixin.py:120} INFO - [2025-11-23T07:14:25.174+0000] {dag.py:2585} INFO - Sync 1 DAGs
[2025-11-23T07:14:25.229+0000] {logging_mixin.py:120} INFO - [2025-11-23T07:14:25.229+0000] {dag.py:3340} INFO - Setting next_dagrun for example_sla_dag to 2025-11-23T07:12:00+00:00, run_after=2025-11-23T07:14:00+00:00
[2025-11-23T07:14:25.276+0000] {processor.py:176} INFO - Processing /home/airflow/.local/lib/python3.7/site-packages/airflow/example_dags/example_sla_dag.py took 0.228 seconds
[2025-11-23T07:14:55.752+0000] {processor.py:154} INFO - Started process (PID=4789) to work on /home/airflow/.local/lib/python3.7/site-packages/airflow/example_dags/example_sla_dag.py
[2025-11-23T07:14:55.754+0000] {processor.py:756} INFO - Processing file /home/airflow/.local/lib/python3.7/site-packages/airflow/example_dags/example_sla_dag.py for tasks to queue
[2025-11-23T07:14:55.755+0000] {logging_mixin.py:120} INFO - [2025-11-23T07:14:55.755+0000] {dagbag.py:537} INFO - Filling up the DagBag from /home/airflow/.local/lib/python3.7/site-packages/airflow/example_dags/example_sla_dag.py
[2025-11-23T07:14:55.798+0000] {processor.py:766} INFO - DAG(s) dict_keys(['example_sla_dag']) retrieved from /home/airflow/.local/lib/python3.7/site-packages/airflow/example_dags/example_sla_dag.py
[2025-11-23T07:14:55.855+0000] {logging_mixin.py:120} INFO - [2025-11-23T07:14:55.855+0000] {dag.py:2585} INFO - Sync 1 DAGs
[2025-11-23T07:14:55.891+0000] {logging_mixin.py:120} INFO - [2025-11-23T07:14:55.891+0000] {dag.py:3340} INFO - Setting next_dagrun for example_sla_dag to 2025-11-23T07:12:00+00:00, run_after=2025-11-23T07:14:00+00:00
[2025-11-23T07:14:55.925+0000] {processor.py:176} INFO - Processing /home/airflow/.local/lib/python3.7/site-packages/airflow/example_dags/example_sla_dag.py took 0.181 seconds
[2025-11-23T07:15:26.471+0000] {processor.py:154} INFO - Started process (PID=4856) to work on /home/airflow/.local/lib/python3.7/site-packages/airflow/example_dags/example_sla_dag.py
[2025-11-23T07:15:26.473+0000] {processor.py:756} INFO - Processing file /home/airflow/.local/lib/python3.7/site-packages/airflow/example_dags/example_sla_dag.py for tasks to queue
[2025-11-23T07:15:26.474+0000] {logging_mixin.py:120} INFO - [2025-11-23T07:15:26.474+0000] {dagbag.py:537} INFO - Filling up the DagBag from /home/airflow/.local/lib/python3.7/site-packages/airflow/example_dags/example_sla_dag.py
[2025-11-23T07:15:26.505+0000] {processor.py:766} INFO - DAG(s) dict_keys(['example_sla_dag']) retrieved from /home/airflow/.local/lib/python3.7/site-packages/airflow/example_dags/example_sla_dag.py
[2025-11-23T07:15:26.570+0000] {logging_mixin.py:120} INFO - [2025-11-23T07:15:26.570+0000] {dag.py:2585} INFO - Sync 1 DAGs
[2025-11-23T07:15:26.620+0000] {logging_mixin.py:120} INFO - [2025-11-23T07:15:26.620+0000] {dag.py:3340} INFO - Setting next_dagrun for example_sla_dag to 2025-11-23T07:12:00+00:00, run_after=2025-11-23T07:14:00+00:00
[2025-11-23T07:15:26.655+0000] {processor.py:176} INFO - Processing /home/airflow/.local/lib/python3.7/site-packages/airflow/example_dags/example_sla_dag.py took 0.187 seconds
[2025-11-23T07:15:56.883+0000] {processor.py:154} INFO - Started process (PID=4914) to work on /home/airflow/.local/lib/python3.7/site-packages/airflow/example_dags/example_sla_dag.py
[2025-11-23T07:15:56.887+0000] {processor.py:756} INFO - Processing file /home/airflow/.local/lib/python3.7/site-packages/airflow/example_dags/example_sla_dag.py for tasks to queue
[2025-11-23T07:15:56.888+0000] {logging_mixin.py:120} INFO - [2025-11-23T07:15:56.888+0000] {dagbag.py:537} INFO - Filling up the DagBag from /home/airflow/.local/lib/python3.7/site-packages/airflow/example_dags/example_sla_dag.py
[2025-11-23T07:15:56.962+0000] {processor.py:766} INFO - DAG(s) dict_keys(['example_sla_dag']) retrieved from /home/airflow/.local/lib/python3.7/site-packages/airflow/example_dags/example_sla_dag.py
[2025-11-23T07:15:57.153+0000] {logging_mixin.py:120} INFO - [2025-11-23T07:15:57.152+0000] {dag.py:2585} INFO - Sync 1 DAGs
[2025-11-23T07:15:57.250+0000] {logging_mixin.py:120} INFO - [2025-11-23T07:15:57.250+0000] {dag.py:3340} INFO - Setting next_dagrun for example_sla_dag to 2025-11-23T07:12:00+00:00, run_after=2025-11-23T07:14:00+00:00
[2025-11-23T07:15:57.320+0000] {processor.py:176} INFO - Processing /home/airflow/.local/lib/python3.7/site-packages/airflow/example_dags/example_sla_dag.py took 0.442 seconds
[2025-11-23T07:16:28.100+0000] {processor.py:154} INFO - Started process (PID=4980) to work on /home/airflow/.local/lib/python3.7/site-packages/airflow/example_dags/example_sla_dag.py
[2025-11-23T07:16:28.102+0000] {processor.py:756} INFO - Processing file /home/airflow/.local/lib/python3.7/site-packages/airflow/example_dags/example_sla_dag.py for tasks to queue
[2025-11-23T07:16:28.106+0000] {logging_mixin.py:120} INFO - [2025-11-23T07:16:28.105+0000] {dagbag.py:537} INFO - Filling up the DagBag from /home/airflow/.local/lib/python3.7/site-packages/airflow/example_dags/example_sla_dag.py
[2025-11-23T07:16:28.152+0000] {processor.py:766} INFO - DAG(s) dict_keys(['example_sla_dag']) retrieved from /home/airflow/.local/lib/python3.7/site-packages/airflow/example_dags/example_sla_dag.py
[2025-11-23T07:16:28.235+0000] {logging_mixin.py:120} INFO - [2025-11-23T07:16:28.234+0000] {dag.py:2585} INFO - Sync 1 DAGs
[2025-11-23T07:16:28.316+0000] {logging_mixin.py:120} INFO - [2025-11-23T07:16:28.315+0000] {dag.py:3340} INFO - Setting next_dagrun for example_sla_dag to 2025-11-23T07:14:00+00:00, run_after=2025-11-23T07:16:00+00:00
[2025-11-23T07:16:28.380+0000] {processor.py:176} INFO - Processing /home/airflow/.local/lib/python3.7/site-packages/airflow/example_dags/example_sla_dag.py took 0.289 seconds
[2025-11-23T07:16:58.982+0000] {processor.py:154} INFO - Started process (PID=5038) to work on /home/airflow/.local/lib/python3.7/site-packages/airflow/example_dags/example_sla_dag.py
[2025-11-23T07:16:58.984+0000] {processor.py:756} INFO - Processing file /home/airflow/.local/lib/python3.7/site-packages/airflow/example_dags/example_sla_dag.py for tasks to queue
[2025-11-23T07:16:58.986+0000] {logging_mixin.py:120} INFO - [2025-11-23T07:16:58.986+0000] {dagbag.py:537} INFO - Filling up the DagBag from /home/airflow/.local/lib/python3.7/site-packages/airflow/example_dags/example_sla_dag.py
[2025-11-23T07:16:59.021+0000] {processor.py:766} INFO - DAG(s) dict_keys(['example_sla_dag']) retrieved from /home/airflow/.local/lib/python3.7/site-packages/airflow/example_dags/example_sla_dag.py
[2025-11-23T07:16:59.102+0000] {logging_mixin.py:120} INFO - [2025-11-23T07:16:59.102+0000] {dag.py:2585} INFO - Sync 1 DAGs
[2025-11-23T07:16:59.148+0000] {logging_mixin.py:120} INFO - [2025-11-23T07:16:59.148+0000] {dag.py:3340} INFO - Setting next_dagrun for example_sla_dag to 2025-11-23T07:14:00+00:00, run_after=2025-11-23T07:16:00+00:00
[2025-11-23T07:16:59.266+0000] {processor.py:176} INFO - Processing /home/airflow/.local/lib/python3.7/site-packages/airflow/example_dags/example_sla_dag.py took 0.290 seconds
[2025-11-23T07:17:32.212+0000] {processor.py:154} INFO - Started process (PID=5106) to work on /home/airflow/.local/lib/python3.7/site-packages/airflow/example_dags/example_sla_dag.py
[2025-11-23T07:17:32.214+0000] {processor.py:756} INFO - Processing file /home/airflow/.local/lib/python3.7/site-packages/airflow/example_dags/example_sla_dag.py for tasks to queue
[2025-11-23T07:17:32.226+0000] {logging_mixin.py:120} INFO - [2025-11-23T07:17:32.223+0000] {dagbag.py:537} INFO - Filling up the DagBag from /home/airflow/.local/lib/python3.7/site-packages/airflow/example_dags/example_sla_dag.py
[2025-11-23T07:17:32.345+0000] {processor.py:766} INFO - DAG(s) dict_keys(['example_sla_dag']) retrieved from /home/airflow/.local/lib/python3.7/site-packages/airflow/example_dags/example_sla_dag.py
[2025-11-23T07:17:32.531+0000] {logging_mixin.py:120} INFO - [2025-11-23T07:17:32.524+0000] {dag.py:2585} INFO - Sync 1 DAGs
[2025-11-23T07:17:32.738+0000] {logging_mixin.py:120} INFO - [2025-11-23T07:17:32.738+0000] {dag.py:3340} INFO - Setting next_dagrun for example_sla_dag to 2025-11-23T07:14:00+00:00, run_after=2025-11-23T07:16:00+00:00
[2025-11-23T07:17:32.836+0000] {processor.py:176} INFO - Processing /home/airflow/.local/lib/python3.7/site-packages/airflow/example_dags/example_sla_dag.py took 0.643 seconds
[2025-11-23T07:18:03.143+0000] {processor.py:154} INFO - Started process (PID=5163) to work on /home/airflow/.local/lib/python3.7/site-packages/airflow/example_dags/example_sla_dag.py
[2025-11-23T07:18:03.145+0000] {processor.py:756} INFO - Processing file /home/airflow/.local/lib/python3.7/site-packages/airflow/example_dags/example_sla_dag.py for tasks to queue
[2025-11-23T07:18:03.148+0000] {logging_mixin.py:120} INFO - [2025-11-23T07:18:03.147+0000] {dagbag.py:537} INFO - Filling up the DagBag from /home/airflow/.local/lib/python3.7/site-packages/airflow/example_dags/example_sla_dag.py
[2025-11-23T07:18:03.256+0000] {processor.py:766} INFO - DAG(s) dict_keys(['example_sla_dag']) retrieved from /home/airflow/.local/lib/python3.7/site-packages/airflow/example_dags/example_sla_dag.py
[2025-11-23T07:18:03.467+0000] {logging_mixin.py:120} INFO - [2025-11-23T07:18:03.467+0000] {dag.py:2585} INFO - Sync 1 DAGs
[2025-11-23T07:18:03.565+0000] {logging_mixin.py:120} INFO - [2025-11-23T07:18:03.565+0000] {dag.py:3340} INFO - Setting next_dagrun for example_sla_dag to 2025-11-23T07:16:00+00:00, run_after=2025-11-23T07:18:00+00:00
[2025-11-23T07:18:03.648+0000] {processor.py:176} INFO - Processing /home/airflow/.local/lib/python3.7/site-packages/airflow/example_dags/example_sla_dag.py took 0.511 seconds
[2025-11-23T07:18:33.818+0000] {processor.py:154} INFO - Started process (PID=5221) to work on /home/airflow/.local/lib/python3.7/site-packages/airflow/example_dags/example_sla_dag.py
[2025-11-23T07:18:33.820+0000] {processor.py:756} INFO - Processing file /home/airflow/.local/lib/python3.7/site-packages/airflow/example_dags/example_sla_dag.py for tasks to queue
[2025-11-23T07:18:33.822+0000] {logging_mixin.py:120} INFO - [2025-11-23T07:18:33.822+0000] {dagbag.py:537} INFO - Filling up the DagBag from /home/airflow/.local/lib/python3.7/site-packages/airflow/example_dags/example_sla_dag.py
[2025-11-23T07:18:33.871+0000] {processor.py:766} INFO - DAG(s) dict_keys(['example_sla_dag']) retrieved from /home/airflow/.local/lib/python3.7/site-packages/airflow/example_dags/example_sla_dag.py
[2025-11-23T07:18:33.987+0000] {logging_mixin.py:120} INFO - [2025-11-23T07:18:33.987+0000] {dag.py:2585} INFO - Sync 1 DAGs
[2025-11-23T07:18:34.055+0000] {logging_mixin.py:120} INFO - [2025-11-23T07:18:34.055+0000] {dag.py:3340} INFO - Setting next_dagrun for example_sla_dag to 2025-11-23T07:16:00+00:00, run_after=2025-11-23T07:18:00+00:00
[2025-11-23T07:18:34.113+0000] {processor.py:176} INFO - Processing /home/airflow/.local/lib/python3.7/site-packages/airflow/example_dags/example_sla_dag.py took 0.300 seconds
[2025-11-23T07:19:04.338+0000] {processor.py:154} INFO - Started process (PID=5278) to work on /home/airflow/.local/lib/python3.7/site-packages/airflow/example_dags/example_sla_dag.py
[2025-11-23T07:19:04.340+0000] {processor.py:756} INFO - Processing file /home/airflow/.local/lib/python3.7/site-packages/airflow/example_dags/example_sla_dag.py for tasks to queue
[2025-11-23T07:19:04.345+0000] {logging_mixin.py:120} INFO - [2025-11-23T07:19:04.344+0000] {dagbag.py:537} INFO - Filling up the DagBag from /home/airflow/.local/lib/python3.7/site-packages/airflow/example_dags/example_sla_dag.py
[2025-11-23T07:19:04.406+0000] {processor.py:766} INFO - DAG(s) dict_keys(['example_sla_dag']) retrieved from /home/airflow/.local/lib/python3.7/site-packages/airflow/example_dags/example_sla_dag.py
[2025-11-23T07:19:04.494+0000] {logging_mixin.py:120} INFO - [2025-11-23T07:19:04.494+0000] {dag.py:2585} INFO - Sync 1 DAGs
[2025-11-23T07:19:04.558+0000] {logging_mixin.py:120} INFO - [2025-11-23T07:19:04.557+0000] {dag.py:3340} INFO - Setting next_dagrun for example_sla_dag to 2025-11-23T07:16:00+00:00, run_after=2025-11-23T07:18:00+00:00
[2025-11-23T07:19:04.596+0000] {processor.py:176} INFO - Processing /home/airflow/.local/lib/python3.7/site-packages/airflow/example_dags/example_sla_dag.py took 0.264 seconds
[2025-11-23T07:19:34.924+0000] {processor.py:154} INFO - Started process (PID=5337) to work on /home/airflow/.local/lib/python3.7/site-packages/airflow/example_dags/example_sla_dag.py
[2025-11-23T07:19:34.927+0000] {processor.py:756} INFO - Processing file /home/airflow/.local/lib/python3.7/site-packages/airflow/example_dags/example_sla_dag.py for tasks to queue
[2025-11-23T07:19:34.929+0000] {logging_mixin.py:120} INFO - [2025-11-23T07:19:34.928+0000] {dagbag.py:537} INFO - Filling up the DagBag from /home/airflow/.local/lib/python3.7/site-packages/airflow/example_dags/example_sla_dag.py
[2025-11-23T07:19:34.987+0000] {processor.py:766} INFO - DAG(s) dict_keys(['example_sla_dag']) retrieved from /home/airflow/.local/lib/python3.7/site-packages/airflow/example_dags/example_sla_dag.py
[2025-11-23T07:19:35.103+0000] {logging_mixin.py:120} INFO - [2025-11-23T07:19:35.103+0000] {dag.py:2585} INFO - Sync 1 DAGs
[2025-11-23T07:19:35.183+0000] {logging_mixin.py:120} INFO - [2025-11-23T07:19:35.183+0000] {dag.py:3340} INFO - Setting next_dagrun for example_sla_dag to 2025-11-23T07:16:00+00:00, run_after=2025-11-23T07:18:00+00:00
[2025-11-23T07:19:35.236+0000] {processor.py:176} INFO - Processing /home/airflow/.local/lib/python3.7/site-packages/airflow/example_dags/example_sla_dag.py took 0.317 seconds
[2025-11-23T07:20:06.086+0000] {processor.py:154} INFO - Started process (PID=5404) to work on /home/airflow/.local/lib/python3.7/site-packages/airflow/example_dags/example_sla_dag.py
[2025-11-23T07:20:06.088+0000] {processor.py:756} INFO - Processing file /home/airflow/.local/lib/python3.7/site-packages/airflow/example_dags/example_sla_dag.py for tasks to queue
[2025-11-23T07:20:06.099+0000] {logging_mixin.py:120} INFO - [2025-11-23T07:20:06.099+0000] {dagbag.py:537} INFO - Filling up the DagBag from /home/airflow/.local/lib/python3.7/site-packages/airflow/example_dags/example_sla_dag.py
[2025-11-23T07:20:06.277+0000] {processor.py:766} INFO - DAG(s) dict_keys(['example_sla_dag']) retrieved from /home/airflow/.local/lib/python3.7/site-packages/airflow/example_dags/example_sla_dag.py
[2025-11-23T07:20:06.508+0000] {logging_mixin.py:120} INFO - [2025-11-23T07:20:06.507+0000] {dag.py:2585} INFO - Sync 1 DAGs
[2025-11-23T07:20:06.603+0000] {logging_mixin.py:120} INFO - [2025-11-23T07:20:06.602+0000] {dag.py:3340} INFO - Setting next_dagrun for example_sla_dag to 2025-11-23T07:18:00+00:00, run_after=2025-11-23T07:20:00+00:00
[2025-11-23T07:20:06.648+0000] {processor.py:176} INFO - Processing /home/airflow/.local/lib/python3.7/site-packages/airflow/example_dags/example_sla_dag.py took 0.568 seconds
[2025-11-23T07:20:37.419+0000] {processor.py:154} INFO - Started process (PID=5462) to work on /home/airflow/.local/lib/python3.7/site-packages/airflow/example_dags/example_sla_dag.py
[2025-11-23T07:20:37.421+0000] {processor.py:756} INFO - Processing file /home/airflow/.local/lib/python3.7/site-packages/airflow/example_dags/example_sla_dag.py for tasks to queue
[2025-11-23T07:20:37.424+0000] {logging_mixin.py:120} INFO - [2025-11-23T07:20:37.424+0000] {dagbag.py:537} INFO - Filling up the DagBag from /home/airflow/.local/lib/python3.7/site-packages/airflow/example_dags/example_sla_dag.py
[2025-11-23T07:20:37.484+0000] {processor.py:766} INFO - DAG(s) dict_keys(['example_sla_dag']) retrieved from /home/airflow/.local/lib/python3.7/site-packages/airflow/example_dags/example_sla_dag.py
[2025-11-23T07:20:37.621+0000] {logging_mixin.py:120} INFO - [2025-11-23T07:20:37.621+0000] {dag.py:2585} INFO - Sync 1 DAGs
[2025-11-23T07:20:37.819+0000] {logging_mixin.py:120} INFO - [2025-11-23T07:20:37.819+0000] {dag.py:3340} INFO - Setting next_dagrun for example_sla_dag to 2025-11-23T07:18:00+00:00, run_after=2025-11-23T07:20:00+00:00
[2025-11-23T07:20:37.932+0000] {processor.py:176} INFO - Processing /home/airflow/.local/lib/python3.7/site-packages/airflow/example_dags/example_sla_dag.py took 0.538 seconds
[2025-11-23T07:21:08.074+0000] {processor.py:154} INFO - Started process (PID=5521) to work on /home/airflow/.local/lib/python3.7/site-packages/airflow/example_dags/example_sla_dag.py
[2025-11-23T07:21:08.076+0000] {processor.py:756} INFO - Processing file /home/airflow/.local/lib/python3.7/site-packages/airflow/example_dags/example_sla_dag.py for tasks to queue
[2025-11-23T07:21:08.077+0000] {logging_mixin.py:120} INFO - [2025-11-23T07:21:08.077+0000] {dagbag.py:537} INFO - Filling up the DagBag from /home/airflow/.local/lib/python3.7/site-packages/airflow/example_dags/example_sla_dag.py
[2025-11-23T07:21:08.107+0000] {processor.py:766} INFO - DAG(s) dict_keys(['example_sla_dag']) retrieved from /home/airflow/.local/lib/python3.7/site-packages/airflow/example_dags/example_sla_dag.py
[2025-11-23T07:21:08.162+0000] {logging_mixin.py:120} INFO - [2025-11-23T07:21:08.162+0000] {dag.py:2585} INFO - Sync 1 DAGs
[2025-11-23T07:21:08.193+0000] {logging_mixin.py:120} INFO - [2025-11-23T07:21:08.193+0000] {dag.py:3340} INFO - Setting next_dagrun for example_sla_dag to 2025-11-23T07:18:00+00:00, run_after=2025-11-23T07:20:00+00:00
[2025-11-23T07:21:08.216+0000] {processor.py:176} INFO - Processing /home/airflow/.local/lib/python3.7/site-packages/airflow/example_dags/example_sla_dag.py took 0.145 seconds
[2025-11-23T07:21:38.539+0000] {processor.py:154} INFO - Started process (PID=5588) to work on /home/airflow/.local/lib/python3.7/site-packages/airflow/example_dags/example_sla_dag.py
[2025-11-23T07:21:38.541+0000] {processor.py:756} INFO - Processing file /home/airflow/.local/lib/python3.7/site-packages/airflow/example_dags/example_sla_dag.py for tasks to queue
[2025-11-23T07:21:38.542+0000] {logging_mixin.py:120} INFO - [2025-11-23T07:21:38.542+0000] {dagbag.py:537} INFO - Filling up the DagBag from /home/airflow/.local/lib/python3.7/site-packages/airflow/example_dags/example_sla_dag.py
[2025-11-23T07:21:38.573+0000] {processor.py:766} INFO - DAG(s) dict_keys(['example_sla_dag']) retrieved from /home/airflow/.local/lib/python3.7/site-packages/airflow/example_dags/example_sla_dag.py
[2025-11-23T07:21:38.634+0000] {logging_mixin.py:120} INFO - [2025-11-23T07:21:38.633+0000] {dag.py:2585} INFO - Sync 1 DAGs
[2025-11-23T07:21:38.682+0000] {logging_mixin.py:120} INFO - [2025-11-23T07:21:38.681+0000] {dag.py:3340} INFO - Setting next_dagrun for example_sla_dag to 2025-11-23T07:18:00+00:00, run_after=2025-11-23T07:20:00+00:00
[2025-11-23T07:21:38.710+0000] {processor.py:176} INFO - Processing /home/airflow/.local/lib/python3.7/site-packages/airflow/example_dags/example_sla_dag.py took 0.177 seconds
[2025-11-23T07:22:09.053+0000] {processor.py:154} INFO - Started process (PID=5643) to work on /home/airflow/.local/lib/python3.7/site-packages/airflow/example_dags/example_sla_dag.py
[2025-11-23T07:22:09.055+0000] {processor.py:756} INFO - Processing file /home/airflow/.local/lib/python3.7/site-packages/airflow/example_dags/example_sla_dag.py for tasks to queue
[2025-11-23T07:22:09.057+0000] {logging_mixin.py:120} INFO - [2025-11-23T07:22:09.056+0000] {dagbag.py:537} INFO - Filling up the DagBag from /home/airflow/.local/lib/python3.7/site-packages/airflow/example_dags/example_sla_dag.py
[2025-11-23T07:22:09.101+0000] {processor.py:766} INFO - DAG(s) dict_keys(['example_sla_dag']) retrieved from /home/airflow/.local/lib/python3.7/site-packages/airflow/example_dags/example_sla_dag.py
[2025-11-23T07:22:09.191+0000] {logging_mixin.py:120} INFO - [2025-11-23T07:22:09.191+0000] {dag.py:2585} INFO - Sync 1 DAGs
[2025-11-23T07:22:09.248+0000] {logging_mixin.py:120} INFO - [2025-11-23T07:22:09.247+0000] {dag.py:3340} INFO - Setting next_dagrun for example_sla_dag to 2025-11-23T07:20:00+00:00, run_after=2025-11-23T07:22:00+00:00
[2025-11-23T07:22:09.283+0000] {processor.py:176} INFO - Processing /home/airflow/.local/lib/python3.7/site-packages/airflow/example_dags/example_sla_dag.py took 0.239 seconds
[2025-11-23T07:22:39.366+0000] {processor.py:154} INFO - Started process (PID=5708) to work on /home/airflow/.local/lib/python3.7/site-packages/airflow/example_dags/example_sla_dag.py
[2025-11-23T07:22:39.369+0000] {processor.py:756} INFO - Processing file /home/airflow/.local/lib/python3.7/site-packages/airflow/example_dags/example_sla_dag.py for tasks to queue
[2025-11-23T07:22:39.370+0000] {logging_mixin.py:120} INFO - [2025-11-23T07:22:39.370+0000] {dagbag.py:537} INFO - Filling up the DagBag from /home/airflow/.local/lib/python3.7/site-packages/airflow/example_dags/example_sla_dag.py
[2025-11-23T07:22:39.426+0000] {processor.py:766} INFO - DAG(s) dict_keys(['example_sla_dag']) retrieved from /home/airflow/.local/lib/python3.7/site-packages/airflow/example_dags/example_sla_dag.py
[2025-11-23T07:22:39.548+0000] {logging_mixin.py:120} INFO - [2025-11-23T07:22:39.548+0000] {dag.py:2585} INFO - Sync 1 DAGs
[2025-11-23T07:22:39.625+0000] {logging_mixin.py:120} INFO - [2025-11-23T07:22:39.625+0000] {dag.py:3340} INFO - Setting next_dagrun for example_sla_dag to 2025-11-23T07:20:00+00:00, run_after=2025-11-23T07:22:00+00:00
[2025-11-23T07:22:39.704+0000] {processor.py:176} INFO - Processing /home/airflow/.local/lib/python3.7/site-packages/airflow/example_dags/example_sla_dag.py took 0.342 seconds
[2025-11-23T07:23:09.989+0000] {processor.py:154} INFO - Started process (PID=5765) to work on /home/airflow/.local/lib/python3.7/site-packages/airflow/example_dags/example_sla_dag.py
[2025-11-23T07:23:09.990+0000] {processor.py:756} INFO - Processing file /home/airflow/.local/lib/python3.7/site-packages/airflow/example_dags/example_sla_dag.py for tasks to queue
[2025-11-23T07:23:09.992+0000] {logging_mixin.py:120} INFO - [2025-11-23T07:23:09.991+0000] {dagbag.py:537} INFO - Filling up the DagBag from /home/airflow/.local/lib/python3.7/site-packages/airflow/example_dags/example_sla_dag.py
[2025-11-23T07:23:10.026+0000] {processor.py:766} INFO - DAG(s) dict_keys(['example_sla_dag']) retrieved from /home/airflow/.local/lib/python3.7/site-packages/airflow/example_dags/example_sla_dag.py
[2025-11-23T07:23:10.092+0000] {logging_mixin.py:120} INFO - [2025-11-23T07:23:10.091+0000] {dag.py:2585} INFO - Sync 1 DAGs
[2025-11-23T07:23:10.165+0000] {logging_mixin.py:120} INFO - [2025-11-23T07:23:10.164+0000] {dag.py:3340} INFO - Setting next_dagrun for example_sla_dag to 2025-11-23T07:20:00+00:00, run_after=2025-11-23T07:22:00+00:00
[2025-11-23T07:23:10.327+0000] {processor.py:176} INFO - Processing /home/airflow/.local/lib/python3.7/site-packages/airflow/example_dags/example_sla_dag.py took 0.343 seconds
