[2025-11-23T06:35:15.417+0000] {processor.py:154} INFO - Started process (PID=108) to work on /home/airflow/.local/lib/python3.7/site-packages/airflow/example_dags/example_branch_datetime_operator.py
[2025-11-23T06:35:15.437+0000] {processor.py:756} INFO - Processing file /home/airflow/.local/lib/python3.7/site-packages/airflow/example_dags/example_branch_datetime_operator.py for tasks to queue
[2025-11-23T06:35:15.442+0000] {logging_mixin.py:120} INFO - [2025-11-23T06:35:15.441+0000] {dagbag.py:537} INFO - Filling up the DagBag from /home/airflow/.local/lib/python3.7/site-packages/airflow/example_dags/example_branch_datetime_operator.py
[2025-11-23T06:35:15.605+0000] {processor.py:766} INFO - DAG(s) dict_keys(['example_branch_datetime_operator', 'example_branch_datetime_operator_3', 'example_branch_datetime_operator_2']) retrieved from /home/airflow/.local/lib/python3.7/site-packages/airflow/example_dags/example_branch_datetime_operator.py
[2025-11-23T06:35:15.767+0000] {logging_mixin.py:120} INFO - [2025-11-23T06:35:15.765+0000] {dag.py:2585} INFO - Sync 3 DAGs
[2025-11-23T06:35:15.823+0000] {logging_mixin.py:120} INFO - [2025-11-23T06:35:15.823+0000] {dag.py:3340} INFO - Setting next_dagrun for example_branch_datetime_operator to 2025-11-22T00:00:00+00:00, run_after=2025-11-23T00:00:00+00:00
[2025-11-23T06:35:15.848+0000] {logging_mixin.py:120} INFO - [2025-11-23T06:35:15.848+0000] {dag.py:3340} INFO - Setting next_dagrun for example_branch_datetime_operator_2 to 2025-11-22T00:00:00+00:00, run_after=2025-11-23T00:00:00+00:00
[2025-11-23T06:35:15.869+0000] {logging_mixin.py:120} INFO - [2025-11-23T06:35:15.869+0000] {dag.py:3340} INFO - Setting next_dagrun for example_branch_datetime_operator_3 to 2025-11-22T00:00:00+00:00, run_after=2025-11-23T00:00:00+00:00
[2025-11-23T06:35:16.049+0000] {processor.py:176} INFO - Processing /home/airflow/.local/lib/python3.7/site-packages/airflow/example_dags/example_branch_datetime_operator.py took 0.636 seconds
[2025-11-23T06:35:46.393+0000] {processor.py:154} INFO - Started process (PID=165) to work on /home/airflow/.local/lib/python3.7/site-packages/airflow/example_dags/example_branch_datetime_operator.py
[2025-11-23T06:35:46.395+0000] {processor.py:756} INFO - Processing file /home/airflow/.local/lib/python3.7/site-packages/airflow/example_dags/example_branch_datetime_operator.py for tasks to queue
[2025-11-23T06:35:46.396+0000] {logging_mixin.py:120} INFO - [2025-11-23T06:35:46.396+0000] {dagbag.py:537} INFO - Filling up the DagBag from /home/airflow/.local/lib/python3.7/site-packages/airflow/example_dags/example_branch_datetime_operator.py
[2025-11-23T06:35:46.421+0000] {processor.py:766} INFO - DAG(s) dict_keys(['example_branch_datetime_operator_2', 'example_branch_datetime_operator', 'example_branch_datetime_operator_3']) retrieved from /home/airflow/.local/lib/python3.7/site-packages/airflow/example_dags/example_branch_datetime_operator.py
[2025-11-23T06:35:46.499+0000] {logging_mixin.py:120} INFO - [2025-11-23T06:35:46.499+0000] {dag.py:2585} INFO - Sync 3 DAGs
[2025-11-23T06:35:46.561+0000] {logging_mixin.py:120} INFO - [2025-11-23T06:35:46.561+0000] {dag.py:3340} INFO - Setting next_dagrun for example_branch_datetime_operator to 2025-11-22T00:00:00+00:00, run_after=2025-11-23T00:00:00+00:00
[2025-11-23T06:35:46.570+0000] {logging_mixin.py:120} INFO - [2025-11-23T06:35:46.570+0000] {dag.py:3340} INFO - Setting next_dagrun for example_branch_datetime_operator_2 to 2025-11-22T00:00:00+00:00, run_after=2025-11-23T00:00:00+00:00
[2025-11-23T06:35:46.574+0000] {logging_mixin.py:120} INFO - [2025-11-23T06:35:46.574+0000] {dag.py:3340} INFO - Setting next_dagrun for example_branch_datetime_operator_3 to 2025-11-22T00:00:00+00:00, run_after=2025-11-23T00:00:00+00:00
[2025-11-23T06:35:46.602+0000] {processor.py:176} INFO - Processing /home/airflow/.local/lib/python3.7/site-packages/airflow/example_dags/example_branch_datetime_operator.py took 0.214 seconds
[2025-11-23T06:36:16.723+0000] {processor.py:154} INFO - Started process (PID=231) to work on /home/airflow/.local/lib/python3.7/site-packages/airflow/example_dags/example_branch_datetime_operator.py
[2025-11-23T06:36:16.724+0000] {processor.py:756} INFO - Processing file /home/airflow/.local/lib/python3.7/site-packages/airflow/example_dags/example_branch_datetime_operator.py for tasks to queue
[2025-11-23T06:36:16.726+0000] {logging_mixin.py:120} INFO - [2025-11-23T06:36:16.726+0000] {dagbag.py:537} INFO - Filling up the DagBag from /home/airflow/.local/lib/python3.7/site-packages/airflow/example_dags/example_branch_datetime_operator.py
[2025-11-23T06:36:16.756+0000] {processor.py:766} INFO - DAG(s) dict_keys(['example_branch_datetime_operator', 'example_branch_datetime_operator_3', 'example_branch_datetime_operator_2']) retrieved from /home/airflow/.local/lib/python3.7/site-packages/airflow/example_dags/example_branch_datetime_operator.py
[2025-11-23T06:36:16.848+0000] {logging_mixin.py:120} INFO - [2025-11-23T06:36:16.848+0000] {dag.py:2585} INFO - Sync 3 DAGs
[2025-11-23T06:36:16.902+0000] {logging_mixin.py:120} INFO - [2025-11-23T06:36:16.900+0000] {dag.py:3340} INFO - Setting next_dagrun for example_branch_datetime_operator to 2025-11-22T00:00:00+00:00, run_after=2025-11-23T00:00:00+00:00
[2025-11-23T06:36:16.912+0000] {logging_mixin.py:120} INFO - [2025-11-23T06:36:16.912+0000] {dag.py:3340} INFO - Setting next_dagrun for example_branch_datetime_operator_2 to 2025-11-22T00:00:00+00:00, run_after=2025-11-23T00:00:00+00:00
[2025-11-23T06:36:16.917+0000] {logging_mixin.py:120} INFO - [2025-11-23T06:36:16.917+0000] {dag.py:3340} INFO - Setting next_dagrun for example_branch_datetime_operator_3 to 2025-11-22T00:00:00+00:00, run_after=2025-11-23T00:00:00+00:00
[2025-11-23T06:36:16.958+0000] {processor.py:176} INFO - Processing /home/airflow/.local/lib/python3.7/site-packages/airflow/example_dags/example_branch_datetime_operator.py took 0.240 seconds
[2025-11-23T06:36:47.686+0000] {processor.py:154} INFO - Started process (PID=286) to work on /home/airflow/.local/lib/python3.7/site-packages/airflow/example_dags/example_branch_datetime_operator.py
[2025-11-23T06:36:47.688+0000] {processor.py:756} INFO - Processing file /home/airflow/.local/lib/python3.7/site-packages/airflow/example_dags/example_branch_datetime_operator.py for tasks to queue
[2025-11-23T06:36:47.690+0000] {logging_mixin.py:120} INFO - [2025-11-23T06:36:47.690+0000] {dagbag.py:537} INFO - Filling up the DagBag from /home/airflow/.local/lib/python3.7/site-packages/airflow/example_dags/example_branch_datetime_operator.py
[2025-11-23T06:36:47.731+0000] {processor.py:766} INFO - DAG(s) dict_keys(['example_branch_datetime_operator', 'example_branch_datetime_operator_2', 'example_branch_datetime_operator_3']) retrieved from /home/airflow/.local/lib/python3.7/site-packages/airflow/example_dags/example_branch_datetime_operator.py
[2025-11-23T06:36:47.877+0000] {logging_mixin.py:120} INFO - [2025-11-23T06:36:47.877+0000] {dag.py:2585} INFO - Sync 3 DAGs
[2025-11-23T06:36:47.956+0000] {logging_mixin.py:120} INFO - [2025-11-23T06:36:47.954+0000] {dag.py:3340} INFO - Setting next_dagrun for example_branch_datetime_operator to 2025-11-22T00:00:00+00:00, run_after=2025-11-23T00:00:00+00:00
[2025-11-23T06:36:47.968+0000] {logging_mixin.py:120} INFO - [2025-11-23T06:36:47.967+0000] {dag.py:3340} INFO - Setting next_dagrun for example_branch_datetime_operator_2 to 2025-11-22T00:00:00+00:00, run_after=2025-11-23T00:00:00+00:00
[2025-11-23T06:36:47.978+0000] {logging_mixin.py:120} INFO - [2025-11-23T06:36:47.978+0000] {dag.py:3340} INFO - Setting next_dagrun for example_branch_datetime_operator_3 to 2025-11-22T00:00:00+00:00, run_after=2025-11-23T00:00:00+00:00
[2025-11-23T06:36:48.023+0000] {processor.py:176} INFO - Processing /home/airflow/.local/lib/python3.7/site-packages/airflow/example_dags/example_branch_datetime_operator.py took 0.345 seconds
[2025-11-23T06:37:18.196+0000] {processor.py:154} INFO - Started process (PID=342) to work on /home/airflow/.local/lib/python3.7/site-packages/airflow/example_dags/example_branch_datetime_operator.py
[2025-11-23T06:37:18.198+0000] {processor.py:756} INFO - Processing file /home/airflow/.local/lib/python3.7/site-packages/airflow/example_dags/example_branch_datetime_operator.py for tasks to queue
[2025-11-23T06:37:18.200+0000] {logging_mixin.py:120} INFO - [2025-11-23T06:37:18.199+0000] {dagbag.py:537} INFO - Filling up the DagBag from /home/airflow/.local/lib/python3.7/site-packages/airflow/example_dags/example_branch_datetime_operator.py
[2025-11-23T06:37:18.241+0000] {processor.py:766} INFO - DAG(s) dict_keys(['example_branch_datetime_operator_3', 'example_branch_datetime_operator_2', 'example_branch_datetime_operator']) retrieved from /home/airflow/.local/lib/python3.7/site-packages/airflow/example_dags/example_branch_datetime_operator.py
[2025-11-23T06:37:18.316+0000] {logging_mixin.py:120} INFO - [2025-11-23T06:37:18.316+0000] {dag.py:2585} INFO - Sync 3 DAGs
[2025-11-23T06:37:18.440+0000] {logging_mixin.py:120} INFO - [2025-11-23T06:37:18.439+0000] {dag.py:3340} INFO - Setting next_dagrun for example_branch_datetime_operator to 2025-11-22T00:00:00+00:00, run_after=2025-11-23T00:00:00+00:00
[2025-11-23T06:37:18.473+0000] {logging_mixin.py:120} INFO - [2025-11-23T06:37:18.473+0000] {dag.py:3340} INFO - Setting next_dagrun for example_branch_datetime_operator_2 to 2025-11-22T00:00:00+00:00, run_after=2025-11-23T00:00:00+00:00
[2025-11-23T06:37:18.500+0000] {logging_mixin.py:120} INFO - [2025-11-23T06:37:18.500+0000] {dag.py:3340} INFO - Setting next_dagrun for example_branch_datetime_operator_3 to 2025-11-22T00:00:00+00:00, run_after=2025-11-23T00:00:00+00:00
[2025-11-23T06:37:18.565+0000] {processor.py:176} INFO - Processing /home/airflow/.local/lib/python3.7/site-packages/airflow/example_dags/example_branch_datetime_operator.py took 0.389 seconds
[2025-11-23T06:37:49.272+0000] {processor.py:154} INFO - Started process (PID=407) to work on /home/airflow/.local/lib/python3.7/site-packages/airflow/example_dags/example_branch_datetime_operator.py
[2025-11-23T06:37:49.273+0000] {processor.py:756} INFO - Processing file /home/airflow/.local/lib/python3.7/site-packages/airflow/example_dags/example_branch_datetime_operator.py for tasks to queue
[2025-11-23T06:37:49.274+0000] {logging_mixin.py:120} INFO - [2025-11-23T06:37:49.274+0000] {dagbag.py:537} INFO - Filling up the DagBag from /home/airflow/.local/lib/python3.7/site-packages/airflow/example_dags/example_branch_datetime_operator.py
[2025-11-23T06:37:49.295+0000] {processor.py:766} INFO - DAG(s) dict_keys(['example_branch_datetime_operator', 'example_branch_datetime_operator_3', 'example_branch_datetime_operator_2']) retrieved from /home/airflow/.local/lib/python3.7/site-packages/airflow/example_dags/example_branch_datetime_operator.py
[2025-11-23T06:37:49.363+0000] {logging_mixin.py:120} INFO - [2025-11-23T06:37:49.363+0000] {dag.py:2585} INFO - Sync 3 DAGs
[2025-11-23T06:37:49.408+0000] {logging_mixin.py:120} INFO - [2025-11-23T06:37:49.407+0000] {dag.py:3340} INFO - Setting next_dagrun for example_branch_datetime_operator to 2025-11-22T00:00:00+00:00, run_after=2025-11-23T00:00:00+00:00
[2025-11-23T06:37:49.418+0000] {logging_mixin.py:120} INFO - [2025-11-23T06:37:49.418+0000] {dag.py:3340} INFO - Setting next_dagrun for example_branch_datetime_operator_2 to 2025-11-22T00:00:00+00:00, run_after=2025-11-23T00:00:00+00:00
[2025-11-23T06:37:49.423+0000] {logging_mixin.py:120} INFO - [2025-11-23T06:37:49.422+0000] {dag.py:3340} INFO - Setting next_dagrun for example_branch_datetime_operator_3 to 2025-11-22T00:00:00+00:00, run_after=2025-11-23T00:00:00+00:00
[2025-11-23T06:37:49.457+0000] {processor.py:176} INFO - Processing /home/airflow/.local/lib/python3.7/site-packages/airflow/example_dags/example_branch_datetime_operator.py took 0.189 seconds
[2025-11-23T06:38:21.045+0000] {processor.py:154} INFO - Started process (PID=468) to work on /home/airflow/.local/lib/python3.7/site-packages/airflow/example_dags/example_branch_datetime_operator.py
[2025-11-23T06:38:21.049+0000] {processor.py:756} INFO - Processing file /home/airflow/.local/lib/python3.7/site-packages/airflow/example_dags/example_branch_datetime_operator.py for tasks to queue
[2025-11-23T06:38:21.050+0000] {logging_mixin.py:120} INFO - [2025-11-23T06:38:21.050+0000] {dagbag.py:537} INFO - Filling up the DagBag from /home/airflow/.local/lib/python3.7/site-packages/airflow/example_dags/example_branch_datetime_operator.py
[2025-11-23T06:38:21.162+0000] {processor.py:766} INFO - DAG(s) dict_keys(['example_branch_datetime_operator', 'example_branch_datetime_operator_2', 'example_branch_datetime_operator_3']) retrieved from /home/airflow/.local/lib/python3.7/site-packages/airflow/example_dags/example_branch_datetime_operator.py
[2025-11-23T06:38:21.480+0000] {logging_mixin.py:120} INFO - [2025-11-23T06:38:21.480+0000] {dag.py:2585} INFO - Sync 3 DAGs
[2025-11-23T06:38:21.631+0000] {logging_mixin.py:120} INFO - [2025-11-23T06:38:21.631+0000] {dag.py:3340} INFO - Setting next_dagrun for example_branch_datetime_operator to 2025-11-22T00:00:00+00:00, run_after=2025-11-23T00:00:00+00:00
[2025-11-23T06:38:21.677+0000] {logging_mixin.py:120} INFO - [2025-11-23T06:38:21.676+0000] {dag.py:3340} INFO - Setting next_dagrun for example_branch_datetime_operator_2 to 2025-11-22T00:00:00+00:00, run_after=2025-11-23T00:00:00+00:00
[2025-11-23T06:38:21.695+0000] {logging_mixin.py:120} INFO - [2025-11-23T06:38:21.695+0000] {dag.py:3340} INFO - Setting next_dagrun for example_branch_datetime_operator_3 to 2025-11-22T00:00:00+00:00, run_after=2025-11-23T00:00:00+00:00
[2025-11-23T06:38:21.924+0000] {processor.py:176} INFO - Processing /home/airflow/.local/lib/python3.7/site-packages/airflow/example_dags/example_branch_datetime_operator.py took 0.887 seconds
[2025-11-23T06:38:52.512+0000] {processor.py:154} INFO - Started process (PID=518) to work on /home/airflow/.local/lib/python3.7/site-packages/airflow/example_dags/example_branch_datetime_operator.py
[2025-11-23T06:38:52.514+0000] {processor.py:756} INFO - Processing file /home/airflow/.local/lib/python3.7/site-packages/airflow/example_dags/example_branch_datetime_operator.py for tasks to queue
[2025-11-23T06:38:52.515+0000] {logging_mixin.py:120} INFO - [2025-11-23T06:38:52.515+0000] {dagbag.py:537} INFO - Filling up the DagBag from /home/airflow/.local/lib/python3.7/site-packages/airflow/example_dags/example_branch_datetime_operator.py
[2025-11-23T06:38:52.541+0000] {processor.py:766} INFO - DAG(s) dict_keys(['example_branch_datetime_operator_2', 'example_branch_datetime_operator_3', 'example_branch_datetime_operator']) retrieved from /home/airflow/.local/lib/python3.7/site-packages/airflow/example_dags/example_branch_datetime_operator.py
[2025-11-23T06:38:52.650+0000] {logging_mixin.py:120} INFO - [2025-11-23T06:38:52.650+0000] {dag.py:2585} INFO - Sync 3 DAGs
[2025-11-23T06:38:52.755+0000] {logging_mixin.py:120} INFO - [2025-11-23T06:38:52.755+0000] {dag.py:3340} INFO - Setting next_dagrun for example_branch_datetime_operator to 2025-11-22T00:00:00+00:00, run_after=2025-11-23T00:00:00+00:00
[2025-11-23T06:38:52.764+0000] {logging_mixin.py:120} INFO - [2025-11-23T06:38:52.764+0000] {dag.py:3340} INFO - Setting next_dagrun for example_branch_datetime_operator_2 to 2025-11-22T00:00:00+00:00, run_after=2025-11-23T00:00:00+00:00
[2025-11-23T06:38:52.771+0000] {logging_mixin.py:120} INFO - [2025-11-23T06:38:52.771+0000] {dag.py:3340} INFO - Setting next_dagrun for example_branch_datetime_operator_3 to 2025-11-22T00:00:00+00:00, run_after=2025-11-23T00:00:00+00:00
[2025-11-23T06:38:52.832+0000] {processor.py:176} INFO - Processing /home/airflow/.local/lib/python3.7/site-packages/airflow/example_dags/example_branch_datetime_operator.py took 0.325 seconds
[2025-11-23T06:39:23.026+0000] {processor.py:154} INFO - Started process (PID=582) to work on /home/airflow/.local/lib/python3.7/site-packages/airflow/example_dags/example_branch_datetime_operator.py
[2025-11-23T06:39:23.028+0000] {processor.py:756} INFO - Processing file /home/airflow/.local/lib/python3.7/site-packages/airflow/example_dags/example_branch_datetime_operator.py for tasks to queue
[2025-11-23T06:39:23.030+0000] {logging_mixin.py:120} INFO - [2025-11-23T06:39:23.029+0000] {dagbag.py:537} INFO - Filling up the DagBag from /home/airflow/.local/lib/python3.7/site-packages/airflow/example_dags/example_branch_datetime_operator.py
[2025-11-23T06:39:23.068+0000] {processor.py:766} INFO - DAG(s) dict_keys(['example_branch_datetime_operator_3', 'example_branch_datetime_operator_2', 'example_branch_datetime_operator']) retrieved from /home/airflow/.local/lib/python3.7/site-packages/airflow/example_dags/example_branch_datetime_operator.py
[2025-11-23T06:39:23.165+0000] {logging_mixin.py:120} INFO - [2025-11-23T06:39:23.165+0000] {dag.py:2585} INFO - Sync 3 DAGs
[2025-11-23T06:39:23.222+0000] {logging_mixin.py:120} INFO - [2025-11-23T06:39:23.222+0000] {dag.py:3340} INFO - Setting next_dagrun for example_branch_datetime_operator to 2025-11-22T00:00:00+00:00, run_after=2025-11-23T00:00:00+00:00
[2025-11-23T06:39:23.230+0000] {logging_mixin.py:120} INFO - [2025-11-23T06:39:23.230+0000] {dag.py:3340} INFO - Setting next_dagrun for example_branch_datetime_operator_2 to 2025-11-22T00:00:00+00:00, run_after=2025-11-23T00:00:00+00:00
[2025-11-23T06:39:23.237+0000] {logging_mixin.py:120} INFO - [2025-11-23T06:39:23.236+0000] {dag.py:3340} INFO - Setting next_dagrun for example_branch_datetime_operator_3 to 2025-11-22T00:00:00+00:00, run_after=2025-11-23T00:00:00+00:00
[2025-11-23T06:39:23.291+0000] {processor.py:176} INFO - Processing /home/airflow/.local/lib/python3.7/site-packages/airflow/example_dags/example_branch_datetime_operator.py took 0.276 seconds
[2025-11-23T06:39:53.540+0000] {processor.py:154} INFO - Started process (PID=638) to work on /home/airflow/.local/lib/python3.7/site-packages/airflow/example_dags/example_branch_datetime_operator.py
[2025-11-23T06:39:53.541+0000] {processor.py:756} INFO - Processing file /home/airflow/.local/lib/python3.7/site-packages/airflow/example_dags/example_branch_datetime_operator.py for tasks to queue
[2025-11-23T06:39:53.543+0000] {logging_mixin.py:120} INFO - [2025-11-23T06:39:53.543+0000] {dagbag.py:537} INFO - Filling up the DagBag from /home/airflow/.local/lib/python3.7/site-packages/airflow/example_dags/example_branch_datetime_operator.py
[2025-11-23T06:39:53.572+0000] {processor.py:766} INFO - DAG(s) dict_keys(['example_branch_datetime_operator_3', 'example_branch_datetime_operator', 'example_branch_datetime_operator_2']) retrieved from /home/airflow/.local/lib/python3.7/site-packages/airflow/example_dags/example_branch_datetime_operator.py
[2025-11-23T06:39:53.655+0000] {logging_mixin.py:120} INFO - [2025-11-23T06:39:53.654+0000] {dag.py:2585} INFO - Sync 3 DAGs
[2025-11-23T06:39:53.697+0000] {logging_mixin.py:120} INFO - [2025-11-23T06:39:53.697+0000] {dag.py:3340} INFO - Setting next_dagrun for example_branch_datetime_operator to 2025-11-22T00:00:00+00:00, run_after=2025-11-23T00:00:00+00:00
[2025-11-23T06:39:53.704+0000] {logging_mixin.py:120} INFO - [2025-11-23T06:39:53.704+0000] {dag.py:3340} INFO - Setting next_dagrun for example_branch_datetime_operator_2 to 2025-11-22T00:00:00+00:00, run_after=2025-11-23T00:00:00+00:00
[2025-11-23T06:39:53.707+0000] {logging_mixin.py:120} INFO - [2025-11-23T06:39:53.707+0000] {dag.py:3340} INFO - Setting next_dagrun for example_branch_datetime_operator_3 to 2025-11-22T00:00:00+00:00, run_after=2025-11-23T00:00:00+00:00
[2025-11-23T06:39:53.732+0000] {processor.py:176} INFO - Processing /home/airflow/.local/lib/python3.7/site-packages/airflow/example_dags/example_branch_datetime_operator.py took 0.197 seconds
[2025-11-23T06:40:23.815+0000] {processor.py:154} INFO - Started process (PID=696) to work on /home/airflow/.local/lib/python3.7/site-packages/airflow/example_dags/example_branch_datetime_operator.py
[2025-11-23T06:40:23.826+0000] {processor.py:756} INFO - Processing file /home/airflow/.local/lib/python3.7/site-packages/airflow/example_dags/example_branch_datetime_operator.py for tasks to queue
[2025-11-23T06:40:23.828+0000] {logging_mixin.py:120} INFO - [2025-11-23T06:40:23.828+0000] {dagbag.py:537} INFO - Filling up the DagBag from /home/airflow/.local/lib/python3.7/site-packages/airflow/example_dags/example_branch_datetime_operator.py
[2025-11-23T06:40:23.888+0000] {processor.py:766} INFO - DAG(s) dict_keys(['example_branch_datetime_operator', 'example_branch_datetime_operator_3', 'example_branch_datetime_operator_2']) retrieved from /home/airflow/.local/lib/python3.7/site-packages/airflow/example_dags/example_branch_datetime_operator.py
[2025-11-23T06:40:23.990+0000] {logging_mixin.py:120} INFO - [2025-11-23T06:40:23.990+0000] {dag.py:2585} INFO - Sync 3 DAGs
[2025-11-23T06:40:24.041+0000] {logging_mixin.py:120} INFO - [2025-11-23T06:40:24.040+0000] {dag.py:3340} INFO - Setting next_dagrun for example_branch_datetime_operator to 2025-11-22T00:00:00+00:00, run_after=2025-11-23T00:00:00+00:00
[2025-11-23T06:40:24.050+0000] {logging_mixin.py:120} INFO - [2025-11-23T06:40:24.050+0000] {dag.py:3340} INFO - Setting next_dagrun for example_branch_datetime_operator_2 to 2025-11-22T00:00:00+00:00, run_after=2025-11-23T00:00:00+00:00
[2025-11-23T06:40:24.056+0000] {logging_mixin.py:120} INFO - [2025-11-23T06:40:24.056+0000] {dag.py:3340} INFO - Setting next_dagrun for example_branch_datetime_operator_3 to 2025-11-22T00:00:00+00:00, run_after=2025-11-23T00:00:00+00:00
[2025-11-23T06:40:24.086+0000] {processor.py:176} INFO - Processing /home/airflow/.local/lib/python3.7/site-packages/airflow/example_dags/example_branch_datetime_operator.py took 0.278 seconds
[2025-11-23T06:40:55.030+0000] {processor.py:154} INFO - Started process (PID=761) to work on /home/airflow/.local/lib/python3.7/site-packages/airflow/example_dags/example_branch_datetime_operator.py
[2025-11-23T06:40:55.031+0000] {processor.py:756} INFO - Processing file /home/airflow/.local/lib/python3.7/site-packages/airflow/example_dags/example_branch_datetime_operator.py for tasks to queue
[2025-11-23T06:40:55.032+0000] {logging_mixin.py:120} INFO - [2025-11-23T06:40:55.032+0000] {dagbag.py:537} INFO - Filling up the DagBag from /home/airflow/.local/lib/python3.7/site-packages/airflow/example_dags/example_branch_datetime_operator.py
[2025-11-23T06:40:55.052+0000] {processor.py:766} INFO - DAG(s) dict_keys(['example_branch_datetime_operator_2', 'example_branch_datetime_operator', 'example_branch_datetime_operator_3']) retrieved from /home/airflow/.local/lib/python3.7/site-packages/airflow/example_dags/example_branch_datetime_operator.py
[2025-11-23T06:40:55.122+0000] {logging_mixin.py:120} INFO - [2025-11-23T06:40:55.122+0000] {dag.py:2585} INFO - Sync 3 DAGs
[2025-11-23T06:40:55.158+0000] {logging_mixin.py:120} INFO - [2025-11-23T06:40:55.157+0000] {dag.py:3340} INFO - Setting next_dagrun for example_branch_datetime_operator to 2025-11-22T00:00:00+00:00, run_after=2025-11-23T00:00:00+00:00
[2025-11-23T06:40:55.164+0000] {logging_mixin.py:120} INFO - [2025-11-23T06:40:55.164+0000] {dag.py:3340} INFO - Setting next_dagrun for example_branch_datetime_operator_2 to 2025-11-22T00:00:00+00:00, run_after=2025-11-23T00:00:00+00:00
[2025-11-23T06:40:55.168+0000] {logging_mixin.py:120} INFO - [2025-11-23T06:40:55.168+0000] {dag.py:3340} INFO - Setting next_dagrun for example_branch_datetime_operator_3 to 2025-11-22T00:00:00+00:00, run_after=2025-11-23T00:00:00+00:00
[2025-11-23T06:40:55.190+0000] {processor.py:176} INFO - Processing /home/airflow/.local/lib/python3.7/site-packages/airflow/example_dags/example_branch_datetime_operator.py took 0.164 seconds
[2025-11-23T06:41:25.886+0000] {processor.py:154} INFO - Started process (PID=816) to work on /home/airflow/.local/lib/python3.7/site-packages/airflow/example_dags/example_branch_datetime_operator.py
[2025-11-23T06:41:25.888+0000] {processor.py:756} INFO - Processing file /home/airflow/.local/lib/python3.7/site-packages/airflow/example_dags/example_branch_datetime_operator.py for tasks to queue
[2025-11-23T06:41:25.889+0000] {logging_mixin.py:120} INFO - [2025-11-23T06:41:25.889+0000] {dagbag.py:537} INFO - Filling up the DagBag from /home/airflow/.local/lib/python3.7/site-packages/airflow/example_dags/example_branch_datetime_operator.py
[2025-11-23T06:41:25.920+0000] {processor.py:766} INFO - DAG(s) dict_keys(['example_branch_datetime_operator', 'example_branch_datetime_operator_3', 'example_branch_datetime_operator_2']) retrieved from /home/airflow/.local/lib/python3.7/site-packages/airflow/example_dags/example_branch_datetime_operator.py
[2025-11-23T06:41:26.037+0000] {logging_mixin.py:120} INFO - [2025-11-23T06:41:26.037+0000] {dag.py:2585} INFO - Sync 3 DAGs
[2025-11-23T06:41:26.102+0000] {logging_mixin.py:120} INFO - [2025-11-23T06:41:26.102+0000] {dag.py:3340} INFO - Setting next_dagrun for example_branch_datetime_operator to 2025-11-22T00:00:00+00:00, run_after=2025-11-23T00:00:00+00:00
[2025-11-23T06:41:26.112+0000] {logging_mixin.py:120} INFO - [2025-11-23T06:41:26.112+0000] {dag.py:3340} INFO - Setting next_dagrun for example_branch_datetime_operator_2 to 2025-11-22T00:00:00+00:00, run_after=2025-11-23T00:00:00+00:00
[2025-11-23T06:41:26.119+0000] {logging_mixin.py:120} INFO - [2025-11-23T06:41:26.118+0000] {dag.py:3340} INFO - Setting next_dagrun for example_branch_datetime_operator_3 to 2025-11-22T00:00:00+00:00, run_after=2025-11-23T00:00:00+00:00
[2025-11-23T06:41:26.159+0000] {processor.py:176} INFO - Processing /home/airflow/.local/lib/python3.7/site-packages/airflow/example_dags/example_branch_datetime_operator.py took 0.278 seconds
[2025-11-23T06:41:56.340+0000] {processor.py:154} INFO - Started process (PID=881) to work on /home/airflow/.local/lib/python3.7/site-packages/airflow/example_dags/example_branch_datetime_operator.py
[2025-11-23T06:41:56.341+0000] {processor.py:756} INFO - Processing file /home/airflow/.local/lib/python3.7/site-packages/airflow/example_dags/example_branch_datetime_operator.py for tasks to queue
[2025-11-23T06:41:56.342+0000] {logging_mixin.py:120} INFO - [2025-11-23T06:41:56.342+0000] {dagbag.py:537} INFO - Filling up the DagBag from /home/airflow/.local/lib/python3.7/site-packages/airflow/example_dags/example_branch_datetime_operator.py
[2025-11-23T06:41:56.362+0000] {processor.py:766} INFO - DAG(s) dict_keys(['example_branch_datetime_operator', 'example_branch_datetime_operator_3', 'example_branch_datetime_operator_2']) retrieved from /home/airflow/.local/lib/python3.7/site-packages/airflow/example_dags/example_branch_datetime_operator.py
[2025-11-23T06:41:56.417+0000] {logging_mixin.py:120} INFO - [2025-11-23T06:41:56.417+0000] {dag.py:2585} INFO - Sync 3 DAGs
[2025-11-23T06:41:56.445+0000] {logging_mixin.py:120} INFO - [2025-11-23T06:41:56.445+0000] {dag.py:3340} INFO - Setting next_dagrun for example_branch_datetime_operator to 2025-11-22T00:00:00+00:00, run_after=2025-11-23T00:00:00+00:00
[2025-11-23T06:41:56.450+0000] {logging_mixin.py:120} INFO - [2025-11-23T06:41:56.450+0000] {dag.py:3340} INFO - Setting next_dagrun for example_branch_datetime_operator_2 to 2025-11-22T00:00:00+00:00, run_after=2025-11-23T00:00:00+00:00
[2025-11-23T06:41:56.454+0000] {logging_mixin.py:120} INFO - [2025-11-23T06:41:56.454+0000] {dag.py:3340} INFO - Setting next_dagrun for example_branch_datetime_operator_3 to 2025-11-22T00:00:00+00:00, run_after=2025-11-23T00:00:00+00:00
[2025-11-23T06:41:56.485+0000] {processor.py:176} INFO - Processing /home/airflow/.local/lib/python3.7/site-packages/airflow/example_dags/example_branch_datetime_operator.py took 0.149 seconds
[2025-11-23T06:42:26.673+0000] {processor.py:154} INFO - Started process (PID=938) to work on /home/airflow/.local/lib/python3.7/site-packages/airflow/example_dags/example_branch_datetime_operator.py
[2025-11-23T06:42:26.675+0000] {processor.py:756} INFO - Processing file /home/airflow/.local/lib/python3.7/site-packages/airflow/example_dags/example_branch_datetime_operator.py for tasks to queue
[2025-11-23T06:42:26.676+0000] {logging_mixin.py:120} INFO - [2025-11-23T06:42:26.675+0000] {dagbag.py:537} INFO - Filling up the DagBag from /home/airflow/.local/lib/python3.7/site-packages/airflow/example_dags/example_branch_datetime_operator.py
[2025-11-23T06:42:26.695+0000] {processor.py:766} INFO - DAG(s) dict_keys(['example_branch_datetime_operator_3', 'example_branch_datetime_operator_2', 'example_branch_datetime_operator']) retrieved from /home/airflow/.local/lib/python3.7/site-packages/airflow/example_dags/example_branch_datetime_operator.py
[2025-11-23T06:42:26.751+0000] {logging_mixin.py:120} INFO - [2025-11-23T06:42:26.750+0000] {dag.py:2585} INFO - Sync 3 DAGs
[2025-11-23T06:42:26.792+0000] {logging_mixin.py:120} INFO - [2025-11-23T06:42:26.792+0000] {dag.py:3340} INFO - Setting next_dagrun for example_branch_datetime_operator to 2025-11-22T00:00:00+00:00, run_after=2025-11-23T00:00:00+00:00
[2025-11-23T06:42:26.799+0000] {logging_mixin.py:120} INFO - [2025-11-23T06:42:26.799+0000] {dag.py:3340} INFO - Setting next_dagrun for example_branch_datetime_operator_2 to 2025-11-22T00:00:00+00:00, run_after=2025-11-23T00:00:00+00:00
[2025-11-23T06:42:26.803+0000] {logging_mixin.py:120} INFO - [2025-11-23T06:42:26.802+0000] {dag.py:3340} INFO - Setting next_dagrun for example_branch_datetime_operator_3 to 2025-11-22T00:00:00+00:00, run_after=2025-11-23T00:00:00+00:00
[2025-11-23T06:42:26.837+0000] {processor.py:176} INFO - Processing /home/airflow/.local/lib/python3.7/site-packages/airflow/example_dags/example_branch_datetime_operator.py took 0.168 seconds
[2025-11-23T06:42:57.171+0000] {processor.py:154} INFO - Started process (PID=1004) to work on /home/airflow/.local/lib/python3.7/site-packages/airflow/example_dags/example_branch_datetime_operator.py
[2025-11-23T06:42:57.172+0000] {processor.py:756} INFO - Processing file /home/airflow/.local/lib/python3.7/site-packages/airflow/example_dags/example_branch_datetime_operator.py for tasks to queue
[2025-11-23T06:42:57.173+0000] {logging_mixin.py:120} INFO - [2025-11-23T06:42:57.173+0000] {dagbag.py:537} INFO - Filling up the DagBag from /home/airflow/.local/lib/python3.7/site-packages/airflow/example_dags/example_branch_datetime_operator.py
[2025-11-23T06:42:57.195+0000] {processor.py:766} INFO - DAG(s) dict_keys(['example_branch_datetime_operator_3', 'example_branch_datetime_operator', 'example_branch_datetime_operator_2']) retrieved from /home/airflow/.local/lib/python3.7/site-packages/airflow/example_dags/example_branch_datetime_operator.py
[2025-11-23T06:42:57.262+0000] {logging_mixin.py:120} INFO - [2025-11-23T06:42:57.262+0000] {dag.py:2585} INFO - Sync 3 DAGs
[2025-11-23T06:42:57.297+0000] {logging_mixin.py:120} INFO - [2025-11-23T06:42:57.296+0000] {dag.py:3340} INFO - Setting next_dagrun for example_branch_datetime_operator to 2025-11-22T00:00:00+00:00, run_after=2025-11-23T00:00:00+00:00
[2025-11-23T06:42:57.303+0000] {logging_mixin.py:120} INFO - [2025-11-23T06:42:57.303+0000] {dag.py:3340} INFO - Setting next_dagrun for example_branch_datetime_operator_2 to 2025-11-22T00:00:00+00:00, run_after=2025-11-23T00:00:00+00:00
[2025-11-23T06:42:57.306+0000] {logging_mixin.py:120} INFO - [2025-11-23T06:42:57.306+0000] {dag.py:3340} INFO - Setting next_dagrun for example_branch_datetime_operator_3 to 2025-11-22T00:00:00+00:00, run_after=2025-11-23T00:00:00+00:00
[2025-11-23T06:42:57.331+0000] {processor.py:176} INFO - Processing /home/airflow/.local/lib/python3.7/site-packages/airflow/example_dags/example_branch_datetime_operator.py took 0.165 seconds
[2025-11-23T06:43:27.779+0000] {processor.py:154} INFO - Started process (PID=1070) to work on /home/airflow/.local/lib/python3.7/site-packages/airflow/example_dags/example_branch_datetime_operator.py
[2025-11-23T06:43:27.780+0000] {processor.py:756} INFO - Processing file /home/airflow/.local/lib/python3.7/site-packages/airflow/example_dags/example_branch_datetime_operator.py for tasks to queue
[2025-11-23T06:43:27.781+0000] {logging_mixin.py:120} INFO - [2025-11-23T06:43:27.781+0000] {dagbag.py:537} INFO - Filling up the DagBag from /home/airflow/.local/lib/python3.7/site-packages/airflow/example_dags/example_branch_datetime_operator.py
[2025-11-23T06:43:27.803+0000] {processor.py:766} INFO - DAG(s) dict_keys(['example_branch_datetime_operator', 'example_branch_datetime_operator_3', 'example_branch_datetime_operator_2']) retrieved from /home/airflow/.local/lib/python3.7/site-packages/airflow/example_dags/example_branch_datetime_operator.py
[2025-11-23T06:43:27.875+0000] {logging_mixin.py:120} INFO - [2025-11-23T06:43:27.875+0000] {dag.py:2585} INFO - Sync 3 DAGs
[2025-11-23T06:43:27.941+0000] {logging_mixin.py:120} INFO - [2025-11-23T06:43:27.940+0000] {dag.py:3340} INFO - Setting next_dagrun for example_branch_datetime_operator to 2025-11-22T00:00:00+00:00, run_after=2025-11-23T00:00:00+00:00
[2025-11-23T06:43:27.956+0000] {logging_mixin.py:120} INFO - [2025-11-23T06:43:27.956+0000] {dag.py:3340} INFO - Setting next_dagrun for example_branch_datetime_operator_2 to 2025-11-22T00:00:00+00:00, run_after=2025-11-23T00:00:00+00:00
[2025-11-23T06:43:27.965+0000] {logging_mixin.py:120} INFO - [2025-11-23T06:43:27.965+0000] {dag.py:3340} INFO - Setting next_dagrun for example_branch_datetime_operator_3 to 2025-11-22T00:00:00+00:00, run_after=2025-11-23T00:00:00+00:00
[2025-11-23T06:43:27.997+0000] {processor.py:176} INFO - Processing /home/airflow/.local/lib/python3.7/site-packages/airflow/example_dags/example_branch_datetime_operator.py took 0.221 seconds
[2025-11-23T06:43:58.133+0000] {processor.py:154} INFO - Started process (PID=1126) to work on /home/airflow/.local/lib/python3.7/site-packages/airflow/example_dags/example_branch_datetime_operator.py
[2025-11-23T06:43:58.137+0000] {processor.py:756} INFO - Processing file /home/airflow/.local/lib/python3.7/site-packages/airflow/example_dags/example_branch_datetime_operator.py for tasks to queue
[2025-11-23T06:43:58.140+0000] {logging_mixin.py:120} INFO - [2025-11-23T06:43:58.140+0000] {dagbag.py:537} INFO - Filling up the DagBag from /home/airflow/.local/lib/python3.7/site-packages/airflow/example_dags/example_branch_datetime_operator.py
[2025-11-23T06:43:58.172+0000] {processor.py:766} INFO - DAG(s) dict_keys(['example_branch_datetime_operator', 'example_branch_datetime_operator_3', 'example_branch_datetime_operator_2']) retrieved from /home/airflow/.local/lib/python3.7/site-packages/airflow/example_dags/example_branch_datetime_operator.py
[2025-11-23T06:43:58.256+0000] {logging_mixin.py:120} INFO - [2025-11-23T06:43:58.255+0000] {dag.py:2585} INFO - Sync 3 DAGs
[2025-11-23T06:43:58.309+0000] {logging_mixin.py:120} INFO - [2025-11-23T06:43:58.309+0000] {dag.py:3340} INFO - Setting next_dagrun for example_branch_datetime_operator to 2025-11-22T00:00:00+00:00, run_after=2025-11-23T00:00:00+00:00
[2025-11-23T06:43:58.315+0000] {logging_mixin.py:120} INFO - [2025-11-23T06:43:58.315+0000] {dag.py:3340} INFO - Setting next_dagrun for example_branch_datetime_operator_2 to 2025-11-22T00:00:00+00:00, run_after=2025-11-23T00:00:00+00:00
[2025-11-23T06:43:58.318+0000] {logging_mixin.py:120} INFO - [2025-11-23T06:43:58.318+0000] {dag.py:3340} INFO - Setting next_dagrun for example_branch_datetime_operator_3 to 2025-11-22T00:00:00+00:00, run_after=2025-11-23T00:00:00+00:00
[2025-11-23T06:43:58.349+0000] {processor.py:176} INFO - Processing /home/airflow/.local/lib/python3.7/site-packages/airflow/example_dags/example_branch_datetime_operator.py took 0.220 seconds
[2025-11-23T06:44:28.918+0000] {processor.py:154} INFO - Started process (PID=1190) to work on /home/airflow/.local/lib/python3.7/site-packages/airflow/example_dags/example_branch_datetime_operator.py
[2025-11-23T06:44:28.920+0000] {processor.py:756} INFO - Processing file /home/airflow/.local/lib/python3.7/site-packages/airflow/example_dags/example_branch_datetime_operator.py for tasks to queue
[2025-11-23T06:44:28.923+0000] {logging_mixin.py:120} INFO - [2025-11-23T06:44:28.923+0000] {dagbag.py:537} INFO - Filling up the DagBag from /home/airflow/.local/lib/python3.7/site-packages/airflow/example_dags/example_branch_datetime_operator.py
[2025-11-23T06:44:28.975+0000] {processor.py:766} INFO - DAG(s) dict_keys(['example_branch_datetime_operator_2', 'example_branch_datetime_operator', 'example_branch_datetime_operator_3']) retrieved from /home/airflow/.local/lib/python3.7/site-packages/airflow/example_dags/example_branch_datetime_operator.py
[2025-11-23T06:44:29.096+0000] {logging_mixin.py:120} INFO - [2025-11-23T06:44:29.095+0000] {dag.py:2585} INFO - Sync 3 DAGs
[2025-11-23T06:44:29.137+0000] {logging_mixin.py:120} INFO - [2025-11-23T06:44:29.137+0000] {dag.py:3340} INFO - Setting next_dagrun for example_branch_datetime_operator to 2025-11-22T00:00:00+00:00, run_after=2025-11-23T00:00:00+00:00
[2025-11-23T06:44:29.147+0000] {logging_mixin.py:120} INFO - [2025-11-23T06:44:29.146+0000] {dag.py:3340} INFO - Setting next_dagrun for example_branch_datetime_operator_2 to 2025-11-22T00:00:00+00:00, run_after=2025-11-23T00:00:00+00:00
[2025-11-23T06:44:29.152+0000] {logging_mixin.py:120} INFO - [2025-11-23T06:44:29.152+0000] {dag.py:3340} INFO - Setting next_dagrun for example_branch_datetime_operator_3 to 2025-11-22T00:00:00+00:00, run_after=2025-11-23T00:00:00+00:00
[2025-11-23T06:44:29.181+0000] {processor.py:176} INFO - Processing /home/airflow/.local/lib/python3.7/site-packages/airflow/example_dags/example_branch_datetime_operator.py took 0.271 seconds
[2025-11-23T06:44:59.354+0000] {processor.py:154} INFO - Started process (PID=1246) to work on /home/airflow/.local/lib/python3.7/site-packages/airflow/example_dags/example_branch_datetime_operator.py
[2025-11-23T06:44:59.356+0000] {processor.py:756} INFO - Processing file /home/airflow/.local/lib/python3.7/site-packages/airflow/example_dags/example_branch_datetime_operator.py for tasks to queue
[2025-11-23T06:44:59.358+0000] {logging_mixin.py:120} INFO - [2025-11-23T06:44:59.358+0000] {dagbag.py:537} INFO - Filling up the DagBag from /home/airflow/.local/lib/python3.7/site-packages/airflow/example_dags/example_branch_datetime_operator.py
[2025-11-23T06:44:59.396+0000] {processor.py:766} INFO - DAG(s) dict_keys(['example_branch_datetime_operator_3', 'example_branch_datetime_operator_2', 'example_branch_datetime_operator']) retrieved from /home/airflow/.local/lib/python3.7/site-packages/airflow/example_dags/example_branch_datetime_operator.py
[2025-11-23T06:44:59.528+0000] {logging_mixin.py:120} INFO - [2025-11-23T06:44:59.528+0000] {dag.py:2585} INFO - Sync 3 DAGs
[2025-11-23T06:44:59.621+0000] {logging_mixin.py:120} INFO - [2025-11-23T06:44:59.621+0000] {dag.py:3340} INFO - Setting next_dagrun for example_branch_datetime_operator to 2025-11-22T00:00:00+00:00, run_after=2025-11-23T00:00:00+00:00
[2025-11-23T06:44:59.632+0000] {logging_mixin.py:120} INFO - [2025-11-23T06:44:59.631+0000] {dag.py:3340} INFO - Setting next_dagrun for example_branch_datetime_operator_2 to 2025-11-22T00:00:00+00:00, run_after=2025-11-23T00:00:00+00:00
[2025-11-23T06:44:59.646+0000] {logging_mixin.py:120} INFO - [2025-11-23T06:44:59.646+0000] {dag.py:3340} INFO - Setting next_dagrun for example_branch_datetime_operator_3 to 2025-11-22T00:00:00+00:00, run_after=2025-11-23T00:00:00+00:00
[2025-11-23T06:44:59.711+0000] {processor.py:176} INFO - Processing /home/airflow/.local/lib/python3.7/site-packages/airflow/example_dags/example_branch_datetime_operator.py took 0.367 seconds
[2025-11-23T06:45:30.000+0000] {processor.py:154} INFO - Started process (PID=1310) to work on /home/airflow/.local/lib/python3.7/site-packages/airflow/example_dags/example_branch_datetime_operator.py
[2025-11-23T06:45:30.001+0000] {processor.py:756} INFO - Processing file /home/airflow/.local/lib/python3.7/site-packages/airflow/example_dags/example_branch_datetime_operator.py for tasks to queue
[2025-11-23T06:45:30.003+0000] {logging_mixin.py:120} INFO - [2025-11-23T06:45:30.002+0000] {dagbag.py:537} INFO - Filling up the DagBag from /home/airflow/.local/lib/python3.7/site-packages/airflow/example_dags/example_branch_datetime_operator.py
[2025-11-23T06:45:30.037+0000] {processor.py:766} INFO - DAG(s) dict_keys(['example_branch_datetime_operator_3', 'example_branch_datetime_operator', 'example_branch_datetime_operator_2']) retrieved from /home/airflow/.local/lib/python3.7/site-packages/airflow/example_dags/example_branch_datetime_operator.py
[2025-11-23T06:45:30.123+0000] {logging_mixin.py:120} INFO - [2025-11-23T06:45:30.123+0000] {dag.py:2585} INFO - Sync 3 DAGs
[2025-11-23T06:45:30.161+0000] {logging_mixin.py:120} INFO - [2025-11-23T06:45:30.160+0000] {dag.py:3340} INFO - Setting next_dagrun for example_branch_datetime_operator to 2025-11-22T00:00:00+00:00, run_after=2025-11-23T00:00:00+00:00
[2025-11-23T06:45:30.169+0000] {logging_mixin.py:120} INFO - [2025-11-23T06:45:30.169+0000] {dag.py:3340} INFO - Setting next_dagrun for example_branch_datetime_operator_2 to 2025-11-22T00:00:00+00:00, run_after=2025-11-23T00:00:00+00:00
[2025-11-23T06:45:30.174+0000] {logging_mixin.py:120} INFO - [2025-11-23T06:45:30.174+0000] {dag.py:3340} INFO - Setting next_dagrun for example_branch_datetime_operator_3 to 2025-11-22T00:00:00+00:00, run_after=2025-11-23T00:00:00+00:00
[2025-11-23T06:45:30.216+0000] {processor.py:176} INFO - Processing /home/airflow/.local/lib/python3.7/site-packages/airflow/example_dags/example_branch_datetime_operator.py took 0.220 seconds
[2025-11-23T06:46:00.322+0000] {processor.py:154} INFO - Started process (PID=1367) to work on /home/airflow/.local/lib/python3.7/site-packages/airflow/example_dags/example_branch_datetime_operator.py
[2025-11-23T06:46:00.324+0000] {processor.py:756} INFO - Processing file /home/airflow/.local/lib/python3.7/site-packages/airflow/example_dags/example_branch_datetime_operator.py for tasks to queue
[2025-11-23T06:46:00.325+0000] {logging_mixin.py:120} INFO - [2025-11-23T06:46:00.325+0000] {dagbag.py:537} INFO - Filling up the DagBag from /home/airflow/.local/lib/python3.7/site-packages/airflow/example_dags/example_branch_datetime_operator.py
[2025-11-23T06:46:00.358+0000] {processor.py:766} INFO - DAG(s) dict_keys(['example_branch_datetime_operator', 'example_branch_datetime_operator_2', 'example_branch_datetime_operator_3']) retrieved from /home/airflow/.local/lib/python3.7/site-packages/airflow/example_dags/example_branch_datetime_operator.py
[2025-11-23T06:46:00.442+0000] {logging_mixin.py:120} INFO - [2025-11-23T06:46:00.442+0000] {dag.py:2585} INFO - Sync 3 DAGs
[2025-11-23T06:46:00.485+0000] {logging_mixin.py:120} INFO - [2025-11-23T06:46:00.485+0000] {dag.py:3340} INFO - Setting next_dagrun for example_branch_datetime_operator to 2025-11-22T00:00:00+00:00, run_after=2025-11-23T00:00:00+00:00
[2025-11-23T06:46:00.493+0000] {logging_mixin.py:120} INFO - [2025-11-23T06:46:00.493+0000] {dag.py:3340} INFO - Setting next_dagrun for example_branch_datetime_operator_2 to 2025-11-22T00:00:00+00:00, run_after=2025-11-23T00:00:00+00:00
[2025-11-23T06:46:00.497+0000] {logging_mixin.py:120} INFO - [2025-11-23T06:46:00.497+0000] {dag.py:3340} INFO - Setting next_dagrun for example_branch_datetime_operator_3 to 2025-11-22T00:00:00+00:00, run_after=2025-11-23T00:00:00+00:00
[2025-11-23T06:46:00.526+0000] {processor.py:176} INFO - Processing /home/airflow/.local/lib/python3.7/site-packages/airflow/example_dags/example_branch_datetime_operator.py took 0.209 seconds
[2025-11-23T06:46:31.075+0000] {processor.py:154} INFO - Started process (PID=1431) to work on /home/airflow/.local/lib/python3.7/site-packages/airflow/example_dags/example_branch_datetime_operator.py
[2025-11-23T06:46:31.081+0000] {processor.py:756} INFO - Processing file /home/airflow/.local/lib/python3.7/site-packages/airflow/example_dags/example_branch_datetime_operator.py for tasks to queue
[2025-11-23T06:46:31.085+0000] {logging_mixin.py:120} INFO - [2025-11-23T06:46:31.084+0000] {dagbag.py:537} INFO - Filling up the DagBag from /home/airflow/.local/lib/python3.7/site-packages/airflow/example_dags/example_branch_datetime_operator.py
[2025-11-23T06:46:31.137+0000] {processor.py:766} INFO - DAG(s) dict_keys(['example_branch_datetime_operator', 'example_branch_datetime_operator_2', 'example_branch_datetime_operator_3']) retrieved from /home/airflow/.local/lib/python3.7/site-packages/airflow/example_dags/example_branch_datetime_operator.py
[2025-11-23T06:46:31.258+0000] {logging_mixin.py:120} INFO - [2025-11-23T06:46:31.258+0000] {dag.py:2585} INFO - Sync 3 DAGs
[2025-11-23T06:46:31.336+0000] {logging_mixin.py:120} INFO - [2025-11-23T06:46:31.335+0000] {dag.py:3340} INFO - Setting next_dagrun for example_branch_datetime_operator to 2025-11-22T00:00:00+00:00, run_after=2025-11-23T00:00:00+00:00
[2025-11-23T06:46:31.349+0000] {logging_mixin.py:120} INFO - [2025-11-23T06:46:31.349+0000] {dag.py:3340} INFO - Setting next_dagrun for example_branch_datetime_operator_2 to 2025-11-22T00:00:00+00:00, run_after=2025-11-23T00:00:00+00:00
[2025-11-23T06:46:31.356+0000] {logging_mixin.py:120} INFO - [2025-11-23T06:46:31.356+0000] {dag.py:3340} INFO - Setting next_dagrun for example_branch_datetime_operator_3 to 2025-11-22T00:00:00+00:00, run_after=2025-11-23T00:00:00+00:00
[2025-11-23T06:46:31.462+0000] {processor.py:176} INFO - Processing /home/airflow/.local/lib/python3.7/site-packages/airflow/example_dags/example_branch_datetime_operator.py took 0.394 seconds
[2025-11-23T06:47:02.154+0000] {processor.py:154} INFO - Started process (PID=1488) to work on /home/airflow/.local/lib/python3.7/site-packages/airflow/example_dags/example_branch_datetime_operator.py
[2025-11-23T06:47:02.156+0000] {processor.py:756} INFO - Processing file /home/airflow/.local/lib/python3.7/site-packages/airflow/example_dags/example_branch_datetime_operator.py for tasks to queue
[2025-11-23T06:47:02.157+0000] {logging_mixin.py:120} INFO - [2025-11-23T06:47:02.157+0000] {dagbag.py:537} INFO - Filling up the DagBag from /home/airflow/.local/lib/python3.7/site-packages/airflow/example_dags/example_branch_datetime_operator.py
[2025-11-23T06:47:02.186+0000] {processor.py:766} INFO - DAG(s) dict_keys(['example_branch_datetime_operator', 'example_branch_datetime_operator_3', 'example_branch_datetime_operator_2']) retrieved from /home/airflow/.local/lib/python3.7/site-packages/airflow/example_dags/example_branch_datetime_operator.py
[2025-11-23T06:47:02.255+0000] {logging_mixin.py:120} INFO - [2025-11-23T06:47:02.255+0000] {dag.py:2585} INFO - Sync 3 DAGs
[2025-11-23T06:47:02.299+0000] {logging_mixin.py:120} INFO - [2025-11-23T06:47:02.298+0000] {dag.py:3340} INFO - Setting next_dagrun for example_branch_datetime_operator to 2025-11-22T00:00:00+00:00, run_after=2025-11-23T00:00:00+00:00
[2025-11-23T06:47:02.308+0000] {logging_mixin.py:120} INFO - [2025-11-23T06:47:02.308+0000] {dag.py:3340} INFO - Setting next_dagrun for example_branch_datetime_operator_2 to 2025-11-22T00:00:00+00:00, run_after=2025-11-23T00:00:00+00:00
[2025-11-23T06:47:02.316+0000] {logging_mixin.py:120} INFO - [2025-11-23T06:47:02.315+0000] {dag.py:3340} INFO - Setting next_dagrun for example_branch_datetime_operator_3 to 2025-11-22T00:00:00+00:00, run_after=2025-11-23T00:00:00+00:00
[2025-11-23T06:47:02.353+0000] {processor.py:176} INFO - Processing /home/airflow/.local/lib/python3.7/site-packages/airflow/example_dags/example_branch_datetime_operator.py took 0.204 seconds
[2025-11-23T06:47:32.573+0000] {processor.py:154} INFO - Started process (PID=1544) to work on /home/airflow/.local/lib/python3.7/site-packages/airflow/example_dags/example_branch_datetime_operator.py
[2025-11-23T06:47:32.585+0000] {processor.py:756} INFO - Processing file /home/airflow/.local/lib/python3.7/site-packages/airflow/example_dags/example_branch_datetime_operator.py for tasks to queue
[2025-11-23T06:47:32.587+0000] {logging_mixin.py:120} INFO - [2025-11-23T06:47:32.587+0000] {dagbag.py:537} INFO - Filling up the DagBag from /home/airflow/.local/lib/python3.7/site-packages/airflow/example_dags/example_branch_datetime_operator.py
[2025-11-23T06:47:32.677+0000] {processor.py:766} INFO - DAG(s) dict_keys(['example_branch_datetime_operator_3', 'example_branch_datetime_operator', 'example_branch_datetime_operator_2']) retrieved from /home/airflow/.local/lib/python3.7/site-packages/airflow/example_dags/example_branch_datetime_operator.py
[2025-11-23T06:47:32.808+0000] {logging_mixin.py:120} INFO - [2025-11-23T06:47:32.808+0000] {dag.py:2585} INFO - Sync 3 DAGs
[2025-11-23T06:47:32.871+0000] {logging_mixin.py:120} INFO - [2025-11-23T06:47:32.871+0000] {dag.py:3340} INFO - Setting next_dagrun for example_branch_datetime_operator to 2025-11-22T00:00:00+00:00, run_after=2025-11-23T00:00:00+00:00
[2025-11-23T06:47:32.883+0000] {logging_mixin.py:120} INFO - [2025-11-23T06:47:32.883+0000] {dag.py:3340} INFO - Setting next_dagrun for example_branch_datetime_operator_2 to 2025-11-22T00:00:00+00:00, run_after=2025-11-23T00:00:00+00:00
[2025-11-23T06:47:32.892+0000] {logging_mixin.py:120} INFO - [2025-11-23T06:47:32.891+0000] {dag.py:3340} INFO - Setting next_dagrun for example_branch_datetime_operator_3 to 2025-11-22T00:00:00+00:00, run_after=2025-11-23T00:00:00+00:00
[2025-11-23T06:47:32.949+0000] {processor.py:176} INFO - Processing /home/airflow/.local/lib/python3.7/site-packages/airflow/example_dags/example_branch_datetime_operator.py took 0.387 seconds
[2025-11-23T06:48:03.074+0000] {processor.py:154} INFO - Started process (PID=1608) to work on /home/airflow/.local/lib/python3.7/site-packages/airflow/example_dags/example_branch_datetime_operator.py
[2025-11-23T06:48:03.076+0000] {processor.py:756} INFO - Processing file /home/airflow/.local/lib/python3.7/site-packages/airflow/example_dags/example_branch_datetime_operator.py for tasks to queue
[2025-11-23T06:48:03.077+0000] {logging_mixin.py:120} INFO - [2025-11-23T06:48:03.077+0000] {dagbag.py:537} INFO - Filling up the DagBag from /home/airflow/.local/lib/python3.7/site-packages/airflow/example_dags/example_branch_datetime_operator.py
[2025-11-23T06:48:03.115+0000] {processor.py:766} INFO - DAG(s) dict_keys(['example_branch_datetime_operator_2', 'example_branch_datetime_operator_3', 'example_branch_datetime_operator']) retrieved from /home/airflow/.local/lib/python3.7/site-packages/airflow/example_dags/example_branch_datetime_operator.py
[2025-11-23T06:48:03.196+0000] {logging_mixin.py:120} INFO - [2025-11-23T06:48:03.196+0000] {dag.py:2585} INFO - Sync 3 DAGs
[2025-11-23T06:48:03.229+0000] {logging_mixin.py:120} INFO - [2025-11-23T06:48:03.229+0000] {dag.py:3340} INFO - Setting next_dagrun for example_branch_datetime_operator to 2025-11-22T00:00:00+00:00, run_after=2025-11-23T00:00:00+00:00
[2025-11-23T06:48:03.238+0000] {logging_mixin.py:120} INFO - [2025-11-23T06:48:03.238+0000] {dag.py:3340} INFO - Setting next_dagrun for example_branch_datetime_operator_2 to 2025-11-22T00:00:00+00:00, run_after=2025-11-23T00:00:00+00:00
[2025-11-23T06:48:03.241+0000] {logging_mixin.py:120} INFO - [2025-11-23T06:48:03.241+0000] {dag.py:3340} INFO - Setting next_dagrun for example_branch_datetime_operator_3 to 2025-11-22T00:00:00+00:00, run_after=2025-11-23T00:00:00+00:00
[2025-11-23T06:48:03.271+0000] {processor.py:176} INFO - Processing /home/airflow/.local/lib/python3.7/site-packages/airflow/example_dags/example_branch_datetime_operator.py took 0.200 seconds
[2025-11-23T06:48:33.721+0000] {processor.py:154} INFO - Started process (PID=1665) to work on /home/airflow/.local/lib/python3.7/site-packages/airflow/example_dags/example_branch_datetime_operator.py
[2025-11-23T06:48:33.740+0000] {processor.py:756} INFO - Processing file /home/airflow/.local/lib/python3.7/site-packages/airflow/example_dags/example_branch_datetime_operator.py for tasks to queue
[2025-11-23T06:48:33.748+0000] {logging_mixin.py:120} INFO - [2025-11-23T06:48:33.748+0000] {dagbag.py:537} INFO - Filling up the DagBag from /home/airflow/.local/lib/python3.7/site-packages/airflow/example_dags/example_branch_datetime_operator.py
[2025-11-23T06:48:33.800+0000] {processor.py:766} INFO - DAG(s) dict_keys(['example_branch_datetime_operator', 'example_branch_datetime_operator_3', 'example_branch_datetime_operator_2']) retrieved from /home/airflow/.local/lib/python3.7/site-packages/airflow/example_dags/example_branch_datetime_operator.py
[2025-11-23T06:48:33.961+0000] {logging_mixin.py:120} INFO - [2025-11-23T06:48:33.961+0000] {dag.py:2585} INFO - Sync 3 DAGs
[2025-11-23T06:48:34.102+0000] {logging_mixin.py:120} INFO - [2025-11-23T06:48:34.101+0000] {dag.py:3340} INFO - Setting next_dagrun for example_branch_datetime_operator to 2025-11-22T00:00:00+00:00, run_after=2025-11-23T00:00:00+00:00
[2025-11-23T06:48:34.129+0000] {logging_mixin.py:120} INFO - [2025-11-23T06:48:34.129+0000] {dag.py:3340} INFO - Setting next_dagrun for example_branch_datetime_operator_2 to 2025-11-22T00:00:00+00:00, run_after=2025-11-23T00:00:00+00:00
[2025-11-23T06:48:34.143+0000] {logging_mixin.py:120} INFO - [2025-11-23T06:48:34.143+0000] {dag.py:3340} INFO - Setting next_dagrun for example_branch_datetime_operator_3 to 2025-11-22T00:00:00+00:00, run_after=2025-11-23T00:00:00+00:00
[2025-11-23T06:48:34.204+0000] {processor.py:176} INFO - Processing /home/airflow/.local/lib/python3.7/site-packages/airflow/example_dags/example_branch_datetime_operator.py took 0.494 seconds
[2025-11-23T06:49:05.216+0000] {processor.py:154} INFO - Started process (PID=1730) to work on /home/airflow/.local/lib/python3.7/site-packages/airflow/example_dags/example_branch_datetime_operator.py
[2025-11-23T06:49:05.265+0000] {processor.py:756} INFO - Processing file /home/airflow/.local/lib/python3.7/site-packages/airflow/example_dags/example_branch_datetime_operator.py for tasks to queue
[2025-11-23T06:49:05.350+0000] {logging_mixin.py:120} INFO - [2025-11-23T06:49:05.268+0000] {dagbag.py:537} INFO - Filling up the DagBag from /home/airflow/.local/lib/python3.7/site-packages/airflow/example_dags/example_branch_datetime_operator.py
[2025-11-23T06:49:05.594+0000] {processor.py:766} INFO - DAG(s) dict_keys(['example_branch_datetime_operator', 'example_branch_datetime_operator_2', 'example_branch_datetime_operator_3']) retrieved from /home/airflow/.local/lib/python3.7/site-packages/airflow/example_dags/example_branch_datetime_operator.py
[2025-11-23T06:49:06.235+0000] {logging_mixin.py:120} INFO - [2025-11-23T06:49:06.234+0000] {dag.py:2585} INFO - Sync 3 DAGs
[2025-11-23T06:49:06.383+0000] {logging_mixin.py:120} INFO - [2025-11-23T06:49:06.383+0000] {dag.py:3340} INFO - Setting next_dagrun for example_branch_datetime_operator to 2025-11-22T00:00:00+00:00, run_after=2025-11-23T00:00:00+00:00
[2025-11-23T06:49:06.433+0000] {logging_mixin.py:120} INFO - [2025-11-23T06:49:06.433+0000] {dag.py:3340} INFO - Setting next_dagrun for example_branch_datetime_operator_2 to 2025-11-22T00:00:00+00:00, run_after=2025-11-23T00:00:00+00:00
[2025-11-23T06:49:06.466+0000] {logging_mixin.py:120} INFO - [2025-11-23T06:49:06.466+0000] {dag.py:3340} INFO - Setting next_dagrun for example_branch_datetime_operator_3 to 2025-11-22T00:00:00+00:00, run_after=2025-11-23T00:00:00+00:00
[2025-11-23T06:49:06.569+0000] {processor.py:176} INFO - Processing /home/airflow/.local/lib/python3.7/site-packages/airflow/example_dags/example_branch_datetime_operator.py took 1.434 seconds
[2025-11-23T06:49:36.783+0000] {processor.py:154} INFO - Started process (PID=1787) to work on /home/airflow/.local/lib/python3.7/site-packages/airflow/example_dags/example_branch_datetime_operator.py
[2025-11-23T06:49:36.786+0000] {processor.py:756} INFO - Processing file /home/airflow/.local/lib/python3.7/site-packages/airflow/example_dags/example_branch_datetime_operator.py for tasks to queue
[2025-11-23T06:49:36.788+0000] {logging_mixin.py:120} INFO - [2025-11-23T06:49:36.788+0000] {dagbag.py:537} INFO - Filling up the DagBag from /home/airflow/.local/lib/python3.7/site-packages/airflow/example_dags/example_branch_datetime_operator.py
[2025-11-23T06:49:36.850+0000] {processor.py:766} INFO - DAG(s) dict_keys(['example_branch_datetime_operator', 'example_branch_datetime_operator_3', 'example_branch_datetime_operator_2']) retrieved from /home/airflow/.local/lib/python3.7/site-packages/airflow/example_dags/example_branch_datetime_operator.py
[2025-11-23T06:49:37.025+0000] {logging_mixin.py:120} INFO - [2025-11-23T06:49:37.024+0000] {dag.py:2585} INFO - Sync 3 DAGs
[2025-11-23T06:49:37.204+0000] {logging_mixin.py:120} INFO - [2025-11-23T06:49:37.204+0000] {dag.py:3340} INFO - Setting next_dagrun for example_branch_datetime_operator to 2025-11-22T00:00:00+00:00, run_after=2025-11-23T00:00:00+00:00
[2025-11-23T06:49:37.328+0000] {logging_mixin.py:120} INFO - [2025-11-23T06:49:37.328+0000] {dag.py:3340} INFO - Setting next_dagrun for example_branch_datetime_operator_2 to 2025-11-22T00:00:00+00:00, run_after=2025-11-23T00:00:00+00:00
[2025-11-23T06:49:37.379+0000] {logging_mixin.py:120} INFO - [2025-11-23T06:49:37.379+0000] {dag.py:3340} INFO - Setting next_dagrun for example_branch_datetime_operator_3 to 2025-11-22T00:00:00+00:00, run_after=2025-11-23T00:00:00+00:00
[2025-11-23T06:49:37.469+0000] {processor.py:176} INFO - Processing /home/airflow/.local/lib/python3.7/site-packages/airflow/example_dags/example_branch_datetime_operator.py took 0.695 seconds
[2025-11-23T06:50:08.962+0000] {processor.py:154} INFO - Started process (PID=1855) to work on /home/airflow/.local/lib/python3.7/site-packages/airflow/example_dags/example_branch_datetime_operator.py
[2025-11-23T06:50:08.965+0000] {processor.py:756} INFO - Processing file /home/airflow/.local/lib/python3.7/site-packages/airflow/example_dags/example_branch_datetime_operator.py for tasks to queue
[2025-11-23T06:50:08.967+0000] {logging_mixin.py:120} INFO - [2025-11-23T06:50:08.967+0000] {dagbag.py:537} INFO - Filling up the DagBag from /home/airflow/.local/lib/python3.7/site-packages/airflow/example_dags/example_branch_datetime_operator.py
[2025-11-23T06:50:09.076+0000] {processor.py:766} INFO - DAG(s) dict_keys(['example_branch_datetime_operator_2', 'example_branch_datetime_operator', 'example_branch_datetime_operator_3']) retrieved from /home/airflow/.local/lib/python3.7/site-packages/airflow/example_dags/example_branch_datetime_operator.py
[2025-11-23T06:50:09.242+0000] {logging_mixin.py:120} INFO - [2025-11-23T06:50:09.241+0000] {dag.py:2585} INFO - Sync 3 DAGs
[2025-11-23T06:50:09.285+0000] {logging_mixin.py:120} INFO - [2025-11-23T06:50:09.285+0000] {dag.py:3340} INFO - Setting next_dagrun for example_branch_datetime_operator to 2025-11-22T00:00:00+00:00, run_after=2025-11-23T00:00:00+00:00
[2025-11-23T06:50:09.294+0000] {logging_mixin.py:120} INFO - [2025-11-23T06:50:09.294+0000] {dag.py:3340} INFO - Setting next_dagrun for example_branch_datetime_operator_2 to 2025-11-22T00:00:00+00:00, run_after=2025-11-23T00:00:00+00:00
[2025-11-23T06:50:09.299+0000] {logging_mixin.py:120} INFO - [2025-11-23T06:50:09.298+0000] {dag.py:3340} INFO - Setting next_dagrun for example_branch_datetime_operator_3 to 2025-11-22T00:00:00+00:00, run_after=2025-11-23T00:00:00+00:00
[2025-11-23T06:50:09.334+0000] {processor.py:176} INFO - Processing /home/airflow/.local/lib/python3.7/site-packages/airflow/example_dags/example_branch_datetime_operator.py took 0.385 seconds
[2025-11-23T06:50:40.210+0000] {processor.py:154} INFO - Started process (PID=1911) to work on /home/airflow/.local/lib/python3.7/site-packages/airflow/example_dags/example_branch_datetime_operator.py
[2025-11-23T06:50:40.211+0000] {processor.py:756} INFO - Processing file /home/airflow/.local/lib/python3.7/site-packages/airflow/example_dags/example_branch_datetime_operator.py for tasks to queue
[2025-11-23T06:50:40.212+0000] {logging_mixin.py:120} INFO - [2025-11-23T06:50:40.212+0000] {dagbag.py:537} INFO - Filling up the DagBag from /home/airflow/.local/lib/python3.7/site-packages/airflow/example_dags/example_branch_datetime_operator.py
[2025-11-23T06:50:40.242+0000] {processor.py:766} INFO - DAG(s) dict_keys(['example_branch_datetime_operator', 'example_branch_datetime_operator_2', 'example_branch_datetime_operator_3']) retrieved from /home/airflow/.local/lib/python3.7/site-packages/airflow/example_dags/example_branch_datetime_operator.py
[2025-11-23T06:50:40.329+0000] {logging_mixin.py:120} INFO - [2025-11-23T06:50:40.329+0000] {dag.py:2585} INFO - Sync 3 DAGs
[2025-11-23T06:50:40.383+0000] {logging_mixin.py:120} INFO - [2025-11-23T06:50:40.383+0000] {dag.py:3340} INFO - Setting next_dagrun for example_branch_datetime_operator to 2025-11-22T00:00:00+00:00, run_after=2025-11-23T00:00:00+00:00
[2025-11-23T06:50:40.392+0000] {logging_mixin.py:120} INFO - [2025-11-23T06:50:40.392+0000] {dag.py:3340} INFO - Setting next_dagrun for example_branch_datetime_operator_2 to 2025-11-22T00:00:00+00:00, run_after=2025-11-23T00:00:00+00:00
[2025-11-23T06:50:40.396+0000] {logging_mixin.py:120} INFO - [2025-11-23T06:50:40.396+0000] {dag.py:3340} INFO - Setting next_dagrun for example_branch_datetime_operator_3 to 2025-11-22T00:00:00+00:00, run_after=2025-11-23T00:00:00+00:00
[2025-11-23T06:50:40.423+0000] {processor.py:176} INFO - Processing /home/airflow/.local/lib/python3.7/site-packages/airflow/example_dags/example_branch_datetime_operator.py took 0.218 seconds
[2025-11-23T06:51:11.137+0000] {processor.py:154} INFO - Started process (PID=1977) to work on /home/airflow/.local/lib/python3.7/site-packages/airflow/example_dags/example_branch_datetime_operator.py
[2025-11-23T06:51:11.139+0000] {processor.py:756} INFO - Processing file /home/airflow/.local/lib/python3.7/site-packages/airflow/example_dags/example_branch_datetime_operator.py for tasks to queue
[2025-11-23T06:51:11.141+0000] {logging_mixin.py:120} INFO - [2025-11-23T06:51:11.141+0000] {dagbag.py:537} INFO - Filling up the DagBag from /home/airflow/.local/lib/python3.7/site-packages/airflow/example_dags/example_branch_datetime_operator.py
[2025-11-23T06:51:11.180+0000] {processor.py:766} INFO - DAG(s) dict_keys(['example_branch_datetime_operator_3', 'example_branch_datetime_operator_2', 'example_branch_datetime_operator']) retrieved from /home/airflow/.local/lib/python3.7/site-packages/airflow/example_dags/example_branch_datetime_operator.py
[2025-11-23T06:51:11.289+0000] {logging_mixin.py:120} INFO - [2025-11-23T06:51:11.289+0000] {dag.py:2585} INFO - Sync 3 DAGs
[2025-11-23T06:51:11.404+0000] {logging_mixin.py:120} INFO - [2025-11-23T06:51:11.403+0000] {dag.py:3340} INFO - Setting next_dagrun for example_branch_datetime_operator to 2025-11-22T00:00:00+00:00, run_after=2025-11-23T00:00:00+00:00
[2025-11-23T06:51:11.431+0000] {logging_mixin.py:120} INFO - [2025-11-23T06:51:11.431+0000] {dag.py:3340} INFO - Setting next_dagrun for example_branch_datetime_operator_2 to 2025-11-22T00:00:00+00:00, run_after=2025-11-23T00:00:00+00:00
[2025-11-23T06:51:11.438+0000] {logging_mixin.py:120} INFO - [2025-11-23T06:51:11.437+0000] {dag.py:3340} INFO - Setting next_dagrun for example_branch_datetime_operator_3 to 2025-11-22T00:00:00+00:00, run_after=2025-11-23T00:00:00+00:00
[2025-11-23T06:51:11.516+0000] {processor.py:176} INFO - Processing /home/airflow/.local/lib/python3.7/site-packages/airflow/example_dags/example_branch_datetime_operator.py took 0.393 seconds
[2025-11-23T06:51:42.513+0000] {processor.py:154} INFO - Started process (PID=2034) to work on /home/airflow/.local/lib/python3.7/site-packages/airflow/example_dags/example_branch_datetime_operator.py
[2025-11-23T06:51:42.521+0000] {processor.py:756} INFO - Processing file /home/airflow/.local/lib/python3.7/site-packages/airflow/example_dags/example_branch_datetime_operator.py for tasks to queue
[2025-11-23T06:51:42.523+0000] {logging_mixin.py:120} INFO - [2025-11-23T06:51:42.522+0000] {dagbag.py:537} INFO - Filling up the DagBag from /home/airflow/.local/lib/python3.7/site-packages/airflow/example_dags/example_branch_datetime_operator.py
[2025-11-23T06:51:42.598+0000] {processor.py:766} INFO - DAG(s) dict_keys(['example_branch_datetime_operator_2', 'example_branch_datetime_operator', 'example_branch_datetime_operator_3']) retrieved from /home/airflow/.local/lib/python3.7/site-packages/airflow/example_dags/example_branch_datetime_operator.py
[2025-11-23T06:51:42.743+0000] {logging_mixin.py:120} INFO - [2025-11-23T06:51:42.742+0000] {dag.py:2585} INFO - Sync 3 DAGs
[2025-11-23T06:51:42.840+0000] {logging_mixin.py:120} INFO - [2025-11-23T06:51:42.839+0000] {dag.py:3340} INFO - Setting next_dagrun for example_branch_datetime_operator to 2025-11-22T00:00:00+00:00, run_after=2025-11-23T00:00:00+00:00
[2025-11-23T06:51:42.853+0000] {logging_mixin.py:120} INFO - [2025-11-23T06:51:42.853+0000] {dag.py:3340} INFO - Setting next_dagrun for example_branch_datetime_operator_2 to 2025-11-22T00:00:00+00:00, run_after=2025-11-23T00:00:00+00:00
[2025-11-23T06:51:42.862+0000] {logging_mixin.py:120} INFO - [2025-11-23T06:51:42.861+0000] {dag.py:3340} INFO - Setting next_dagrun for example_branch_datetime_operator_3 to 2025-11-22T00:00:00+00:00, run_after=2025-11-23T00:00:00+00:00
[2025-11-23T06:51:42.903+0000] {processor.py:176} INFO - Processing /home/airflow/.local/lib/python3.7/site-packages/airflow/example_dags/example_branch_datetime_operator.py took 0.432 seconds
[2025-11-23T06:52:13.379+0000] {processor.py:154} INFO - Started process (PID=2100) to work on /home/airflow/.local/lib/python3.7/site-packages/airflow/example_dags/example_branch_datetime_operator.py
[2025-11-23T06:52:13.381+0000] {processor.py:756} INFO - Processing file /home/airflow/.local/lib/python3.7/site-packages/airflow/example_dags/example_branch_datetime_operator.py for tasks to queue
[2025-11-23T06:52:13.383+0000] {logging_mixin.py:120} INFO - [2025-11-23T06:52:13.383+0000] {dagbag.py:537} INFO - Filling up the DagBag from /home/airflow/.local/lib/python3.7/site-packages/airflow/example_dags/example_branch_datetime_operator.py
[2025-11-23T06:52:13.427+0000] {processor.py:766} INFO - DAG(s) dict_keys(['example_branch_datetime_operator', 'example_branch_datetime_operator_2', 'example_branch_datetime_operator_3']) retrieved from /home/airflow/.local/lib/python3.7/site-packages/airflow/example_dags/example_branch_datetime_operator.py
[2025-11-23T06:52:13.519+0000] {logging_mixin.py:120} INFO - [2025-11-23T06:52:13.519+0000] {dag.py:2585} INFO - Sync 3 DAGs
[2025-11-23T06:52:13.566+0000] {logging_mixin.py:120} INFO - [2025-11-23T06:52:13.566+0000] {dag.py:3340} INFO - Setting next_dagrun for example_branch_datetime_operator to 2025-11-22T00:00:00+00:00, run_after=2025-11-23T00:00:00+00:00
[2025-11-23T06:52:13.581+0000] {logging_mixin.py:120} INFO - [2025-11-23T06:52:13.581+0000] {dag.py:3340} INFO - Setting next_dagrun for example_branch_datetime_operator_2 to 2025-11-22T00:00:00+00:00, run_after=2025-11-23T00:00:00+00:00
[2025-11-23T06:52:13.600+0000] {logging_mixin.py:120} INFO - [2025-11-23T06:52:13.600+0000] {dag.py:3340} INFO - Setting next_dagrun for example_branch_datetime_operator_3 to 2025-11-22T00:00:00+00:00, run_after=2025-11-23T00:00:00+00:00
[2025-11-23T06:52:13.690+0000] {processor.py:176} INFO - Processing /home/airflow/.local/lib/python3.7/site-packages/airflow/example_dags/example_branch_datetime_operator.py took 0.318 seconds
[2025-11-23T06:52:43.828+0000] {processor.py:154} INFO - Started process (PID=2156) to work on /home/airflow/.local/lib/python3.7/site-packages/airflow/example_dags/example_branch_datetime_operator.py
[2025-11-23T06:52:43.830+0000] {processor.py:756} INFO - Processing file /home/airflow/.local/lib/python3.7/site-packages/airflow/example_dags/example_branch_datetime_operator.py for tasks to queue
[2025-11-23T06:52:43.833+0000] {logging_mixin.py:120} INFO - [2025-11-23T06:52:43.832+0000] {dagbag.py:537} INFO - Filling up the DagBag from /home/airflow/.local/lib/python3.7/site-packages/airflow/example_dags/example_branch_datetime_operator.py
[2025-11-23T06:52:43.866+0000] {processor.py:766} INFO - DAG(s) dict_keys(['example_branch_datetime_operator', 'example_branch_datetime_operator_2', 'example_branch_datetime_operator_3']) retrieved from /home/airflow/.local/lib/python3.7/site-packages/airflow/example_dags/example_branch_datetime_operator.py
[2025-11-23T06:52:43.945+0000] {logging_mixin.py:120} INFO - [2025-11-23T06:52:43.945+0000] {dag.py:2585} INFO - Sync 3 DAGs
[2025-11-23T06:52:43.980+0000] {logging_mixin.py:120} INFO - [2025-11-23T06:52:43.980+0000] {dag.py:3340} INFO - Setting next_dagrun for example_branch_datetime_operator to 2025-11-22T00:00:00+00:00, run_after=2025-11-23T00:00:00+00:00
[2025-11-23T06:52:43.986+0000] {logging_mixin.py:120} INFO - [2025-11-23T06:52:43.986+0000] {dag.py:3340} INFO - Setting next_dagrun for example_branch_datetime_operator_2 to 2025-11-22T00:00:00+00:00, run_after=2025-11-23T00:00:00+00:00
[2025-11-23T06:52:43.992+0000] {logging_mixin.py:120} INFO - [2025-11-23T06:52:43.992+0000] {dag.py:3340} INFO - Setting next_dagrun for example_branch_datetime_operator_3 to 2025-11-22T00:00:00+00:00, run_after=2025-11-23T00:00:00+00:00
[2025-11-23T06:52:44.024+0000] {processor.py:176} INFO - Processing /home/airflow/.local/lib/python3.7/site-packages/airflow/example_dags/example_branch_datetime_operator.py took 0.202 seconds
[2025-11-23T06:53:14.424+0000] {processor.py:154} INFO - Started process (PID=2212) to work on /home/airflow/.local/lib/python3.7/site-packages/airflow/example_dags/example_branch_datetime_operator.py
[2025-11-23T06:53:14.432+0000] {processor.py:756} INFO - Processing file /home/airflow/.local/lib/python3.7/site-packages/airflow/example_dags/example_branch_datetime_operator.py for tasks to queue
[2025-11-23T06:53:14.439+0000] {logging_mixin.py:120} INFO - [2025-11-23T06:53:14.439+0000] {dagbag.py:537} INFO - Filling up the DagBag from /home/airflow/.local/lib/python3.7/site-packages/airflow/example_dags/example_branch_datetime_operator.py
[2025-11-23T06:53:14.547+0000] {processor.py:766} INFO - DAG(s) dict_keys(['example_branch_datetime_operator_3', 'example_branch_datetime_operator', 'example_branch_datetime_operator_2']) retrieved from /home/airflow/.local/lib/python3.7/site-packages/airflow/example_dags/example_branch_datetime_operator.py
[2025-11-23T06:53:14.885+0000] {logging_mixin.py:120} INFO - [2025-11-23T06:53:14.885+0000] {dag.py:2585} INFO - Sync 3 DAGs
[2025-11-23T06:53:14.995+0000] {logging_mixin.py:120} INFO - [2025-11-23T06:53:14.995+0000] {dag.py:3340} INFO - Setting next_dagrun for example_branch_datetime_operator to 2025-11-22T00:00:00+00:00, run_after=2025-11-23T00:00:00+00:00
[2025-11-23T06:53:15.005+0000] {logging_mixin.py:120} INFO - [2025-11-23T06:53:15.005+0000] {dag.py:3340} INFO - Setting next_dagrun for example_branch_datetime_operator_2 to 2025-11-22T00:00:00+00:00, run_after=2025-11-23T00:00:00+00:00
[2025-11-23T06:53:15.012+0000] {logging_mixin.py:120} INFO - [2025-11-23T06:53:15.011+0000] {dag.py:3340} INFO - Setting next_dagrun for example_branch_datetime_operator_3 to 2025-11-22T00:00:00+00:00, run_after=2025-11-23T00:00:00+00:00
[2025-11-23T06:53:15.101+0000] {processor.py:176} INFO - Processing /home/airflow/.local/lib/python3.7/site-packages/airflow/example_dags/example_branch_datetime_operator.py took 0.688 seconds
[2025-11-23T06:53:45.440+0000] {processor.py:154} INFO - Started process (PID=2276) to work on /home/airflow/.local/lib/python3.7/site-packages/airflow/example_dags/example_branch_datetime_operator.py
[2025-11-23T06:53:45.441+0000] {processor.py:756} INFO - Processing file /home/airflow/.local/lib/python3.7/site-packages/airflow/example_dags/example_branch_datetime_operator.py for tasks to queue
[2025-11-23T06:53:45.442+0000] {logging_mixin.py:120} INFO - [2025-11-23T06:53:45.442+0000] {dagbag.py:537} INFO - Filling up the DagBag from /home/airflow/.local/lib/python3.7/site-packages/airflow/example_dags/example_branch_datetime_operator.py
[2025-11-23T06:53:45.468+0000] {processor.py:766} INFO - DAG(s) dict_keys(['example_branch_datetime_operator_3', 'example_branch_datetime_operator_2', 'example_branch_datetime_operator']) retrieved from /home/airflow/.local/lib/python3.7/site-packages/airflow/example_dags/example_branch_datetime_operator.py
[2025-11-23T06:53:45.532+0000] {logging_mixin.py:120} INFO - [2025-11-23T06:53:45.531+0000] {dag.py:2585} INFO - Sync 3 DAGs
[2025-11-23T06:53:45.566+0000] {logging_mixin.py:120} INFO - [2025-11-23T06:53:45.566+0000] {dag.py:3340} INFO - Setting next_dagrun for example_branch_datetime_operator to 2025-11-22T00:00:00+00:00, run_after=2025-11-23T00:00:00+00:00
[2025-11-23T06:53:45.573+0000] {logging_mixin.py:120} INFO - [2025-11-23T06:53:45.573+0000] {dag.py:3340} INFO - Setting next_dagrun for example_branch_datetime_operator_2 to 2025-11-22T00:00:00+00:00, run_after=2025-11-23T00:00:00+00:00
[2025-11-23T06:53:45.577+0000] {logging_mixin.py:120} INFO - [2025-11-23T06:53:45.577+0000] {dag.py:3340} INFO - Setting next_dagrun for example_branch_datetime_operator_3 to 2025-11-22T00:00:00+00:00, run_after=2025-11-23T00:00:00+00:00
[2025-11-23T06:53:45.607+0000] {processor.py:176} INFO - Processing /home/airflow/.local/lib/python3.7/site-packages/airflow/example_dags/example_branch_datetime_operator.py took 0.171 seconds
[2025-11-23T06:54:15.782+0000] {processor.py:154} INFO - Started process (PID=2332) to work on /home/airflow/.local/lib/python3.7/site-packages/airflow/example_dags/example_branch_datetime_operator.py
[2025-11-23T06:54:15.784+0000] {processor.py:756} INFO - Processing file /home/airflow/.local/lib/python3.7/site-packages/airflow/example_dags/example_branch_datetime_operator.py for tasks to queue
[2025-11-23T06:54:15.786+0000] {logging_mixin.py:120} INFO - [2025-11-23T06:54:15.785+0000] {dagbag.py:537} INFO - Filling up the DagBag from /home/airflow/.local/lib/python3.7/site-packages/airflow/example_dags/example_branch_datetime_operator.py
[2025-11-23T06:54:15.810+0000] {processor.py:766} INFO - DAG(s) dict_keys(['example_branch_datetime_operator_3', 'example_branch_datetime_operator', 'example_branch_datetime_operator_2']) retrieved from /home/airflow/.local/lib/python3.7/site-packages/airflow/example_dags/example_branch_datetime_operator.py
[2025-11-23T06:54:15.877+0000] {logging_mixin.py:120} INFO - [2025-11-23T06:54:15.877+0000] {dag.py:2585} INFO - Sync 3 DAGs
[2025-11-23T06:54:15.911+0000] {logging_mixin.py:120} INFO - [2025-11-23T06:54:15.911+0000] {dag.py:3340} INFO - Setting next_dagrun for example_branch_datetime_operator to 2025-11-22T00:00:00+00:00, run_after=2025-11-23T00:00:00+00:00
[2025-11-23T06:54:15.917+0000] {logging_mixin.py:120} INFO - [2025-11-23T06:54:15.917+0000] {dag.py:3340} INFO - Setting next_dagrun for example_branch_datetime_operator_2 to 2025-11-22T00:00:00+00:00, run_after=2025-11-23T00:00:00+00:00
[2025-11-23T06:54:15.920+0000] {logging_mixin.py:120} INFO - [2025-11-23T06:54:15.920+0000] {dag.py:3340} INFO - Setting next_dagrun for example_branch_datetime_operator_3 to 2025-11-22T00:00:00+00:00, run_after=2025-11-23T00:00:00+00:00
[2025-11-23T06:54:15.949+0000] {processor.py:176} INFO - Processing /home/airflow/.local/lib/python3.7/site-packages/airflow/example_dags/example_branch_datetime_operator.py took 0.172 seconds
[2025-11-23T06:54:46.324+0000] {processor.py:154} INFO - Started process (PID=2397) to work on /home/airflow/.local/lib/python3.7/site-packages/airflow/example_dags/example_branch_datetime_operator.py
[2025-11-23T06:54:46.326+0000] {processor.py:756} INFO - Processing file /home/airflow/.local/lib/python3.7/site-packages/airflow/example_dags/example_branch_datetime_operator.py for tasks to queue
[2025-11-23T06:54:46.328+0000] {logging_mixin.py:120} INFO - [2025-11-23T06:54:46.327+0000] {dagbag.py:537} INFO - Filling up the DagBag from /home/airflow/.local/lib/python3.7/site-packages/airflow/example_dags/example_branch_datetime_operator.py
[2025-11-23T06:54:46.361+0000] {processor.py:766} INFO - DAG(s) dict_keys(['example_branch_datetime_operator_3', 'example_branch_datetime_operator_2', 'example_branch_datetime_operator']) retrieved from /home/airflow/.local/lib/python3.7/site-packages/airflow/example_dags/example_branch_datetime_operator.py
[2025-11-23T06:54:46.430+0000] {logging_mixin.py:120} INFO - [2025-11-23T06:54:46.429+0000] {dag.py:2585} INFO - Sync 3 DAGs
[2025-11-23T06:54:46.470+0000] {logging_mixin.py:120} INFO - [2025-11-23T06:54:46.470+0000] {dag.py:3340} INFO - Setting next_dagrun for example_branch_datetime_operator to 2025-11-22T00:00:00+00:00, run_after=2025-11-23T00:00:00+00:00
[2025-11-23T06:54:46.482+0000] {logging_mixin.py:120} INFO - [2025-11-23T06:54:46.479+0000] {dag.py:3340} INFO - Setting next_dagrun for example_branch_datetime_operator_2 to 2025-11-22T00:00:00+00:00, run_after=2025-11-23T00:00:00+00:00
[2025-11-23T06:54:46.489+0000] {logging_mixin.py:120} INFO - [2025-11-23T06:54:46.488+0000] {dag.py:3340} INFO - Setting next_dagrun for example_branch_datetime_operator_3 to 2025-11-22T00:00:00+00:00, run_after=2025-11-23T00:00:00+00:00
[2025-11-23T06:54:46.528+0000] {processor.py:176} INFO - Processing /home/airflow/.local/lib/python3.7/site-packages/airflow/example_dags/example_branch_datetime_operator.py took 0.211 seconds
[2025-11-23T06:55:16.612+0000] {processor.py:154} INFO - Started process (PID=2453) to work on /home/airflow/.local/lib/python3.7/site-packages/airflow/example_dags/example_branch_datetime_operator.py
[2025-11-23T06:55:16.614+0000] {processor.py:756} INFO - Processing file /home/airflow/.local/lib/python3.7/site-packages/airflow/example_dags/example_branch_datetime_operator.py for tasks to queue
[2025-11-23T06:55:16.616+0000] {logging_mixin.py:120} INFO - [2025-11-23T06:55:16.615+0000] {dagbag.py:537} INFO - Filling up the DagBag from /home/airflow/.local/lib/python3.7/site-packages/airflow/example_dags/example_branch_datetime_operator.py
[2025-11-23T06:55:16.637+0000] {processor.py:766} INFO - DAG(s) dict_keys(['example_branch_datetime_operator_2', 'example_branch_datetime_operator', 'example_branch_datetime_operator_3']) retrieved from /home/airflow/.local/lib/python3.7/site-packages/airflow/example_dags/example_branch_datetime_operator.py
[2025-11-23T06:55:16.701+0000] {logging_mixin.py:120} INFO - [2025-11-23T06:55:16.701+0000] {dag.py:2585} INFO - Sync 3 DAGs
[2025-11-23T06:55:16.738+0000] {logging_mixin.py:120} INFO - [2025-11-23T06:55:16.738+0000] {dag.py:3340} INFO - Setting next_dagrun for example_branch_datetime_operator to 2025-11-22T00:00:00+00:00, run_after=2025-11-23T00:00:00+00:00
[2025-11-23T06:55:16.745+0000] {logging_mixin.py:120} INFO - [2025-11-23T06:55:16.745+0000] {dag.py:3340} INFO - Setting next_dagrun for example_branch_datetime_operator_2 to 2025-11-22T00:00:00+00:00, run_after=2025-11-23T00:00:00+00:00
[2025-11-23T06:55:16.749+0000] {logging_mixin.py:120} INFO - [2025-11-23T06:55:16.749+0000] {dag.py:3340} INFO - Setting next_dagrun for example_branch_datetime_operator_3 to 2025-11-22T00:00:00+00:00, run_after=2025-11-23T00:00:00+00:00
[2025-11-23T06:55:16.776+0000] {processor.py:176} INFO - Processing /home/airflow/.local/lib/python3.7/site-packages/airflow/example_dags/example_branch_datetime_operator.py took 0.168 seconds
[2025-11-23T06:55:47.241+0000] {processor.py:154} INFO - Started process (PID=2519) to work on /home/airflow/.local/lib/python3.7/site-packages/airflow/example_dags/example_branch_datetime_operator.py
[2025-11-23T06:55:47.244+0000] {processor.py:756} INFO - Processing file /home/airflow/.local/lib/python3.7/site-packages/airflow/example_dags/example_branch_datetime_operator.py for tasks to queue
[2025-11-23T06:55:47.247+0000] {logging_mixin.py:120} INFO - [2025-11-23T06:55:47.247+0000] {dagbag.py:537} INFO - Filling up the DagBag from /home/airflow/.local/lib/python3.7/site-packages/airflow/example_dags/example_branch_datetime_operator.py
[2025-11-23T06:55:47.288+0000] {processor.py:766} INFO - DAG(s) dict_keys(['example_branch_datetime_operator_3', 'example_branch_datetime_operator', 'example_branch_datetime_operator_2']) retrieved from /home/airflow/.local/lib/python3.7/site-packages/airflow/example_dags/example_branch_datetime_operator.py
[2025-11-23T06:55:47.422+0000] {logging_mixin.py:120} INFO - [2025-11-23T06:55:47.421+0000] {dag.py:2585} INFO - Sync 3 DAGs
[2025-11-23T06:55:47.510+0000] {logging_mixin.py:120} INFO - [2025-11-23T06:55:47.509+0000] {dag.py:3340} INFO - Setting next_dagrun for example_branch_datetime_operator to 2025-11-22T00:00:00+00:00, run_after=2025-11-23T00:00:00+00:00
[2025-11-23T06:55:47.528+0000] {logging_mixin.py:120} INFO - [2025-11-23T06:55:47.528+0000] {dag.py:3340} INFO - Setting next_dagrun for example_branch_datetime_operator_2 to 2025-11-22T00:00:00+00:00, run_after=2025-11-23T00:00:00+00:00
[2025-11-23T06:55:47.538+0000] {logging_mixin.py:120} INFO - [2025-11-23T06:55:47.538+0000] {dag.py:3340} INFO - Setting next_dagrun for example_branch_datetime_operator_3 to 2025-11-22T00:00:00+00:00, run_after=2025-11-23T00:00:00+00:00
[2025-11-23T06:55:47.636+0000] {processor.py:176} INFO - Processing /home/airflow/.local/lib/python3.7/site-packages/airflow/example_dags/example_branch_datetime_operator.py took 0.402 seconds
[2025-11-23T06:56:18.283+0000] {processor.py:154} INFO - Started process (PID=2584) to work on /home/airflow/.local/lib/python3.7/site-packages/airflow/example_dags/example_branch_datetime_operator.py
[2025-11-23T06:56:18.285+0000] {processor.py:756} INFO - Processing file /home/airflow/.local/lib/python3.7/site-packages/airflow/example_dags/example_branch_datetime_operator.py for tasks to queue
[2025-11-23T06:56:18.287+0000] {logging_mixin.py:120} INFO - [2025-11-23T06:56:18.287+0000] {dagbag.py:537} INFO - Filling up the DagBag from /home/airflow/.local/lib/python3.7/site-packages/airflow/example_dags/example_branch_datetime_operator.py
[2025-11-23T06:56:18.366+0000] {processor.py:766} INFO - DAG(s) dict_keys(['example_branch_datetime_operator_3', 'example_branch_datetime_operator', 'example_branch_datetime_operator_2']) retrieved from /home/airflow/.local/lib/python3.7/site-packages/airflow/example_dags/example_branch_datetime_operator.py
[2025-11-23T06:56:18.578+0000] {logging_mixin.py:120} INFO - [2025-11-23T06:56:18.578+0000] {dag.py:2585} INFO - Sync 3 DAGs
[2025-11-23T06:56:18.707+0000] {logging_mixin.py:120} INFO - [2025-11-23T06:56:18.707+0000] {dag.py:3340} INFO - Setting next_dagrun for example_branch_datetime_operator to 2025-11-22T00:00:00+00:00, run_after=2025-11-23T00:00:00+00:00
[2025-11-23T06:56:18.735+0000] {logging_mixin.py:120} INFO - [2025-11-23T06:56:18.730+0000] {dag.py:3340} INFO - Setting next_dagrun for example_branch_datetime_operator_2 to 2025-11-22T00:00:00+00:00, run_after=2025-11-23T00:00:00+00:00
[2025-11-23T06:56:18.744+0000] {logging_mixin.py:120} INFO - [2025-11-23T06:56:18.744+0000] {dag.py:3340} INFO - Setting next_dagrun for example_branch_datetime_operator_3 to 2025-11-22T00:00:00+00:00, run_after=2025-11-23T00:00:00+00:00
[2025-11-23T06:56:18.809+0000] {processor.py:176} INFO - Processing /home/airflow/.local/lib/python3.7/site-packages/airflow/example_dags/example_branch_datetime_operator.py took 0.536 seconds
[2025-11-23T06:56:49.482+0000] {processor.py:154} INFO - Started process (PID=2640) to work on /home/airflow/.local/lib/python3.7/site-packages/airflow/example_dags/example_branch_datetime_operator.py
[2025-11-23T06:56:49.484+0000] {processor.py:756} INFO - Processing file /home/airflow/.local/lib/python3.7/site-packages/airflow/example_dags/example_branch_datetime_operator.py for tasks to queue
[2025-11-23T06:56:49.486+0000] {logging_mixin.py:120} INFO - [2025-11-23T06:56:49.486+0000] {dagbag.py:537} INFO - Filling up the DagBag from /home/airflow/.local/lib/python3.7/site-packages/airflow/example_dags/example_branch_datetime_operator.py
[2025-11-23T06:56:49.522+0000] {processor.py:766} INFO - DAG(s) dict_keys(['example_branch_datetime_operator', 'example_branch_datetime_operator_3', 'example_branch_datetime_operator_2']) retrieved from /home/airflow/.local/lib/python3.7/site-packages/airflow/example_dags/example_branch_datetime_operator.py
[2025-11-23T06:56:49.609+0000] {logging_mixin.py:120} INFO - [2025-11-23T06:56:49.609+0000] {dag.py:2585} INFO - Sync 3 DAGs
[2025-11-23T06:56:49.663+0000] {logging_mixin.py:120} INFO - [2025-11-23T06:56:49.662+0000] {dag.py:3340} INFO - Setting next_dagrun for example_branch_datetime_operator to 2025-11-22T00:00:00+00:00, run_after=2025-11-23T00:00:00+00:00
[2025-11-23T06:56:49.676+0000] {logging_mixin.py:120} INFO - [2025-11-23T06:56:49.676+0000] {dag.py:3340} INFO - Setting next_dagrun for example_branch_datetime_operator_2 to 2025-11-22T00:00:00+00:00, run_after=2025-11-23T00:00:00+00:00
[2025-11-23T06:56:49.683+0000] {logging_mixin.py:120} INFO - [2025-11-23T06:56:49.682+0000] {dag.py:3340} INFO - Setting next_dagrun for example_branch_datetime_operator_3 to 2025-11-22T00:00:00+00:00, run_after=2025-11-23T00:00:00+00:00
[2025-11-23T06:56:49.737+0000] {processor.py:176} INFO - Processing /home/airflow/.local/lib/python3.7/site-packages/airflow/example_dags/example_branch_datetime_operator.py took 0.262 seconds
[2025-11-23T06:57:20.569+0000] {processor.py:154} INFO - Started process (PID=2707) to work on /home/airflow/.local/lib/python3.7/site-packages/airflow/example_dags/example_branch_datetime_operator.py
[2025-11-23T06:57:20.570+0000] {processor.py:756} INFO - Processing file /home/airflow/.local/lib/python3.7/site-packages/airflow/example_dags/example_branch_datetime_operator.py for tasks to queue
[2025-11-23T06:57:20.571+0000] {logging_mixin.py:120} INFO - [2025-11-23T06:57:20.571+0000] {dagbag.py:537} INFO - Filling up the DagBag from /home/airflow/.local/lib/python3.7/site-packages/airflow/example_dags/example_branch_datetime_operator.py
[2025-11-23T06:57:20.608+0000] {processor.py:766} INFO - DAG(s) dict_keys(['example_branch_datetime_operator', 'example_branch_datetime_operator_2', 'example_branch_datetime_operator_3']) retrieved from /home/airflow/.local/lib/python3.7/site-packages/airflow/example_dags/example_branch_datetime_operator.py
[2025-11-23T06:57:20.697+0000] {logging_mixin.py:120} INFO - [2025-11-23T06:57:20.697+0000] {dag.py:2585} INFO - Sync 3 DAGs
[2025-11-23T06:57:20.740+0000] {logging_mixin.py:120} INFO - [2025-11-23T06:57:20.740+0000] {dag.py:3340} INFO - Setting next_dagrun for example_branch_datetime_operator to 2025-11-22T00:00:00+00:00, run_after=2025-11-23T00:00:00+00:00
[2025-11-23T06:57:20.750+0000] {logging_mixin.py:120} INFO - [2025-11-23T06:57:20.749+0000] {dag.py:3340} INFO - Setting next_dagrun for example_branch_datetime_operator_2 to 2025-11-22T00:00:00+00:00, run_after=2025-11-23T00:00:00+00:00
[2025-11-23T06:57:20.755+0000] {logging_mixin.py:120} INFO - [2025-11-23T06:57:20.755+0000] {dag.py:3340} INFO - Setting next_dagrun for example_branch_datetime_operator_3 to 2025-11-22T00:00:00+00:00, run_after=2025-11-23T00:00:00+00:00
[2025-11-23T06:57:20.793+0000] {processor.py:176} INFO - Processing /home/airflow/.local/lib/python3.7/site-packages/airflow/example_dags/example_branch_datetime_operator.py took 0.232 seconds
[2025-11-23T06:57:51.237+0000] {processor.py:154} INFO - Started process (PID=2763) to work on /home/airflow/.local/lib/python3.7/site-packages/airflow/example_dags/example_branch_datetime_operator.py
[2025-11-23T06:57:51.239+0000] {processor.py:756} INFO - Processing file /home/airflow/.local/lib/python3.7/site-packages/airflow/example_dags/example_branch_datetime_operator.py for tasks to queue
[2025-11-23T06:57:51.241+0000] {logging_mixin.py:120} INFO - [2025-11-23T06:57:51.241+0000] {dagbag.py:537} INFO - Filling up the DagBag from /home/airflow/.local/lib/python3.7/site-packages/airflow/example_dags/example_branch_datetime_operator.py
[2025-11-23T06:57:51.326+0000] {processor.py:766} INFO - DAG(s) dict_keys(['example_branch_datetime_operator_3', 'example_branch_datetime_operator_2', 'example_branch_datetime_operator']) retrieved from /home/airflow/.local/lib/python3.7/site-packages/airflow/example_dags/example_branch_datetime_operator.py
[2025-11-23T06:57:51.590+0000] {logging_mixin.py:120} INFO - [2025-11-23T06:57:51.589+0000] {dag.py:2585} INFO - Sync 3 DAGs
[2025-11-23T06:57:51.706+0000] {logging_mixin.py:120} INFO - [2025-11-23T06:57:51.705+0000] {dag.py:3340} INFO - Setting next_dagrun for example_branch_datetime_operator to 2025-11-22T00:00:00+00:00, run_after=2025-11-23T00:00:00+00:00
[2025-11-23T06:57:51.726+0000] {logging_mixin.py:120} INFO - [2025-11-23T06:57:51.725+0000] {dag.py:3340} INFO - Setting next_dagrun for example_branch_datetime_operator_2 to 2025-11-22T00:00:00+00:00, run_after=2025-11-23T00:00:00+00:00
[2025-11-23T06:57:51.745+0000] {logging_mixin.py:120} INFO - [2025-11-23T06:57:51.745+0000] {dag.py:3340} INFO - Setting next_dagrun for example_branch_datetime_operator_3 to 2025-11-22T00:00:00+00:00, run_after=2025-11-23T00:00:00+00:00
[2025-11-23T06:57:51.950+0000] {processor.py:176} INFO - Processing /home/airflow/.local/lib/python3.7/site-packages/airflow/example_dags/example_branch_datetime_operator.py took 0.730 seconds
[2025-11-23T06:58:22.752+0000] {processor.py:154} INFO - Started process (PID=2828) to work on /home/airflow/.local/lib/python3.7/site-packages/airflow/example_dags/example_branch_datetime_operator.py
[2025-11-23T06:58:22.754+0000] {processor.py:756} INFO - Processing file /home/airflow/.local/lib/python3.7/site-packages/airflow/example_dags/example_branch_datetime_operator.py for tasks to queue
[2025-11-23T06:58:22.755+0000] {logging_mixin.py:120} INFO - [2025-11-23T06:58:22.754+0000] {dagbag.py:537} INFO - Filling up the DagBag from /home/airflow/.local/lib/python3.7/site-packages/airflow/example_dags/example_branch_datetime_operator.py
[2025-11-23T06:58:22.785+0000] {processor.py:766} INFO - DAG(s) dict_keys(['example_branch_datetime_operator_3', 'example_branch_datetime_operator_2', 'example_branch_datetime_operator']) retrieved from /home/airflow/.local/lib/python3.7/site-packages/airflow/example_dags/example_branch_datetime_operator.py
[2025-11-23T06:58:22.873+0000] {logging_mixin.py:120} INFO - [2025-11-23T06:58:22.872+0000] {dag.py:2585} INFO - Sync 3 DAGs
[2025-11-23T06:58:22.916+0000] {logging_mixin.py:120} INFO - [2025-11-23T06:58:22.916+0000] {dag.py:3340} INFO - Setting next_dagrun for example_branch_datetime_operator to 2025-11-22T00:00:00+00:00, run_after=2025-11-23T00:00:00+00:00
[2025-11-23T06:58:22.923+0000] {logging_mixin.py:120} INFO - [2025-11-23T06:58:22.923+0000] {dag.py:3340} INFO - Setting next_dagrun for example_branch_datetime_operator_2 to 2025-11-22T00:00:00+00:00, run_after=2025-11-23T00:00:00+00:00
[2025-11-23T06:58:22.926+0000] {logging_mixin.py:120} INFO - [2025-11-23T06:58:22.926+0000] {dag.py:3340} INFO - Setting next_dagrun for example_branch_datetime_operator_3 to 2025-11-22T00:00:00+00:00, run_after=2025-11-23T00:00:00+00:00
[2025-11-23T06:58:22.956+0000] {processor.py:176} INFO - Processing /home/airflow/.local/lib/python3.7/site-packages/airflow/example_dags/example_branch_datetime_operator.py took 0.208 seconds
[2025-11-23T06:58:53.223+0000] {processor.py:154} INFO - Started process (PID=2884) to work on /home/airflow/.local/lib/python3.7/site-packages/airflow/example_dags/example_branch_datetime_operator.py
[2025-11-23T06:58:53.225+0000] {processor.py:756} INFO - Processing file /home/airflow/.local/lib/python3.7/site-packages/airflow/example_dags/example_branch_datetime_operator.py for tasks to queue
[2025-11-23T06:58:53.226+0000] {logging_mixin.py:120} INFO - [2025-11-23T06:58:53.226+0000] {dagbag.py:537} INFO - Filling up the DagBag from /home/airflow/.local/lib/python3.7/site-packages/airflow/example_dags/example_branch_datetime_operator.py
[2025-11-23T06:58:53.256+0000] {processor.py:766} INFO - DAG(s) dict_keys(['example_branch_datetime_operator', 'example_branch_datetime_operator_2', 'example_branch_datetime_operator_3']) retrieved from /home/airflow/.local/lib/python3.7/site-packages/airflow/example_dags/example_branch_datetime_operator.py
[2025-11-23T06:58:53.403+0000] {logging_mixin.py:120} INFO - [2025-11-23T06:58:53.402+0000] {dag.py:2585} INFO - Sync 3 DAGs
[2025-11-23T06:58:53.457+0000] {logging_mixin.py:120} INFO - [2025-11-23T06:58:53.457+0000] {dag.py:3340} INFO - Setting next_dagrun for example_branch_datetime_operator to 2025-11-22T00:00:00+00:00, run_after=2025-11-23T00:00:00+00:00
[2025-11-23T06:58:53.466+0000] {logging_mixin.py:120} INFO - [2025-11-23T06:58:53.466+0000] {dag.py:3340} INFO - Setting next_dagrun for example_branch_datetime_operator_2 to 2025-11-22T00:00:00+00:00, run_after=2025-11-23T00:00:00+00:00
[2025-11-23T06:58:53.471+0000] {logging_mixin.py:120} INFO - [2025-11-23T06:58:53.471+0000] {dag.py:3340} INFO - Setting next_dagrun for example_branch_datetime_operator_3 to 2025-11-22T00:00:00+00:00, run_after=2025-11-23T00:00:00+00:00
[2025-11-23T06:58:53.525+0000] {processor.py:176} INFO - Processing /home/airflow/.local/lib/python3.7/site-packages/airflow/example_dags/example_branch_datetime_operator.py took 0.306 seconds
[2025-11-23T06:59:23.669+0000] {processor.py:154} INFO - Started process (PID=2949) to work on /home/airflow/.local/lib/python3.7/site-packages/airflow/example_dags/example_branch_datetime_operator.py
[2025-11-23T06:59:23.671+0000] {processor.py:756} INFO - Processing file /home/airflow/.local/lib/python3.7/site-packages/airflow/example_dags/example_branch_datetime_operator.py for tasks to queue
[2025-11-23T06:59:23.673+0000] {logging_mixin.py:120} INFO - [2025-11-23T06:59:23.672+0000] {dagbag.py:537} INFO - Filling up the DagBag from /home/airflow/.local/lib/python3.7/site-packages/airflow/example_dags/example_branch_datetime_operator.py
[2025-11-23T06:59:23.699+0000] {processor.py:766} INFO - DAG(s) dict_keys(['example_branch_datetime_operator_2', 'example_branch_datetime_operator', 'example_branch_datetime_operator_3']) retrieved from /home/airflow/.local/lib/python3.7/site-packages/airflow/example_dags/example_branch_datetime_operator.py
[2025-11-23T06:59:23.776+0000] {logging_mixin.py:120} INFO - [2025-11-23T06:59:23.775+0000] {dag.py:2585} INFO - Sync 3 DAGs
[2025-11-23T06:59:23.818+0000] {logging_mixin.py:120} INFO - [2025-11-23T06:59:23.818+0000] {dag.py:3340} INFO - Setting next_dagrun for example_branch_datetime_operator to 2025-11-22T00:00:00+00:00, run_after=2025-11-23T00:00:00+00:00
[2025-11-23T06:59:23.830+0000] {logging_mixin.py:120} INFO - [2025-11-23T06:59:23.830+0000] {dag.py:3340} INFO - Setting next_dagrun for example_branch_datetime_operator_2 to 2025-11-22T00:00:00+00:00, run_after=2025-11-23T00:00:00+00:00
[2025-11-23T06:59:23.835+0000] {logging_mixin.py:120} INFO - [2025-11-23T06:59:23.835+0000] {dag.py:3340} INFO - Setting next_dagrun for example_branch_datetime_operator_3 to 2025-11-22T00:00:00+00:00, run_after=2025-11-23T00:00:00+00:00
[2025-11-23T06:59:23.877+0000] {processor.py:176} INFO - Processing /home/airflow/.local/lib/python3.7/site-packages/airflow/example_dags/example_branch_datetime_operator.py took 0.213 seconds
[2025-11-23T06:59:54.389+0000] {processor.py:154} INFO - Started process (PID=3006) to work on /home/airflow/.local/lib/python3.7/site-packages/airflow/example_dags/example_branch_datetime_operator.py
[2025-11-23T06:59:54.392+0000] {processor.py:756} INFO - Processing file /home/airflow/.local/lib/python3.7/site-packages/airflow/example_dags/example_branch_datetime_operator.py for tasks to queue
[2025-11-23T06:59:54.393+0000] {logging_mixin.py:120} INFO - [2025-11-23T06:59:54.393+0000] {dagbag.py:537} INFO - Filling up the DagBag from /home/airflow/.local/lib/python3.7/site-packages/airflow/example_dags/example_branch_datetime_operator.py
[2025-11-23T06:59:54.438+0000] {processor.py:766} INFO - DAG(s) dict_keys(['example_branch_datetime_operator_2', 'example_branch_datetime_operator', 'example_branch_datetime_operator_3']) retrieved from /home/airflow/.local/lib/python3.7/site-packages/airflow/example_dags/example_branch_datetime_operator.py
[2025-11-23T06:59:54.561+0000] {logging_mixin.py:120} INFO - [2025-11-23T06:59:54.561+0000] {dag.py:2585} INFO - Sync 3 DAGs
[2025-11-23T06:59:54.625+0000] {logging_mixin.py:120} INFO - [2025-11-23T06:59:54.625+0000] {dag.py:3340} INFO - Setting next_dagrun for example_branch_datetime_operator to 2025-11-22T00:00:00+00:00, run_after=2025-11-23T00:00:00+00:00
[2025-11-23T06:59:54.638+0000] {logging_mixin.py:120} INFO - [2025-11-23T06:59:54.637+0000] {dag.py:3340} INFO - Setting next_dagrun for example_branch_datetime_operator_2 to 2025-11-22T00:00:00+00:00, run_after=2025-11-23T00:00:00+00:00
[2025-11-23T06:59:54.643+0000] {logging_mixin.py:120} INFO - [2025-11-23T06:59:54.643+0000] {dag.py:3340} INFO - Setting next_dagrun for example_branch_datetime_operator_3 to 2025-11-22T00:00:00+00:00, run_after=2025-11-23T00:00:00+00:00
[2025-11-23T06:59:54.705+0000] {processor.py:176} INFO - Processing /home/airflow/.local/lib/python3.7/site-packages/airflow/example_dags/example_branch_datetime_operator.py took 0.322 seconds
[2025-11-23T07:00:24.894+0000] {processor.py:154} INFO - Started process (PID=3072) to work on /home/airflow/.local/lib/python3.7/site-packages/airflow/example_dags/example_branch_datetime_operator.py
[2025-11-23T07:00:24.896+0000] {processor.py:756} INFO - Processing file /home/airflow/.local/lib/python3.7/site-packages/airflow/example_dags/example_branch_datetime_operator.py for tasks to queue
[2025-11-23T07:00:24.899+0000] {logging_mixin.py:120} INFO - [2025-11-23T07:00:24.898+0000] {dagbag.py:537} INFO - Filling up the DagBag from /home/airflow/.local/lib/python3.7/site-packages/airflow/example_dags/example_branch_datetime_operator.py
[2025-11-23T07:00:24.935+0000] {processor.py:766} INFO - DAG(s) dict_keys(['example_branch_datetime_operator_2', 'example_branch_datetime_operator_3', 'example_branch_datetime_operator']) retrieved from /home/airflow/.local/lib/python3.7/site-packages/airflow/example_dags/example_branch_datetime_operator.py
[2025-11-23T07:00:25.028+0000] {logging_mixin.py:120} INFO - [2025-11-23T07:00:25.027+0000] {dag.py:2585} INFO - Sync 3 DAGs
[2025-11-23T07:00:25.076+0000] {logging_mixin.py:120} INFO - [2025-11-23T07:00:25.076+0000] {dag.py:3340} INFO - Setting next_dagrun for example_branch_datetime_operator to 2025-11-22T00:00:00+00:00, run_after=2025-11-23T00:00:00+00:00
[2025-11-23T07:00:25.083+0000] {logging_mixin.py:120} INFO - [2025-11-23T07:00:25.082+0000] {dag.py:3340} INFO - Setting next_dagrun for example_branch_datetime_operator_2 to 2025-11-22T00:00:00+00:00, run_after=2025-11-23T00:00:00+00:00
[2025-11-23T07:00:25.088+0000] {logging_mixin.py:120} INFO - [2025-11-23T07:00:25.087+0000] {dag.py:3340} INFO - Setting next_dagrun for example_branch_datetime_operator_3 to 2025-11-22T00:00:00+00:00, run_after=2025-11-23T00:00:00+00:00
[2025-11-23T07:00:25.130+0000] {processor.py:176} INFO - Processing /home/airflow/.local/lib/python3.7/site-packages/airflow/example_dags/example_branch_datetime_operator.py took 0.243 seconds
[2025-11-23T07:00:55.977+0000] {processor.py:154} INFO - Started process (PID=3138) to work on /home/airflow/.local/lib/python3.7/site-packages/airflow/example_dags/example_branch_datetime_operator.py
[2025-11-23T07:00:55.979+0000] {processor.py:756} INFO - Processing file /home/airflow/.local/lib/python3.7/site-packages/airflow/example_dags/example_branch_datetime_operator.py for tasks to queue
[2025-11-23T07:00:55.990+0000] {logging_mixin.py:120} INFO - [2025-11-23T07:00:55.990+0000] {dagbag.py:537} INFO - Filling up the DagBag from /home/airflow/.local/lib/python3.7/site-packages/airflow/example_dags/example_branch_datetime_operator.py
[2025-11-23T07:00:56.027+0000] {processor.py:766} INFO - DAG(s) dict_keys(['example_branch_datetime_operator', 'example_branch_datetime_operator_2', 'example_branch_datetime_operator_3']) retrieved from /home/airflow/.local/lib/python3.7/site-packages/airflow/example_dags/example_branch_datetime_operator.py
[2025-11-23T07:00:56.159+0000] {logging_mixin.py:120} INFO - [2025-11-23T07:00:56.158+0000] {dag.py:2585} INFO - Sync 3 DAGs
[2025-11-23T07:00:56.249+0000] {logging_mixin.py:120} INFO - [2025-11-23T07:00:56.249+0000] {dag.py:3340} INFO - Setting next_dagrun for example_branch_datetime_operator to 2025-11-22T00:00:00+00:00, run_after=2025-11-23T00:00:00+00:00
[2025-11-23T07:00:56.274+0000] {logging_mixin.py:120} INFO - [2025-11-23T07:00:56.273+0000] {dag.py:3340} INFO - Setting next_dagrun for example_branch_datetime_operator_2 to 2025-11-22T00:00:00+00:00, run_after=2025-11-23T00:00:00+00:00
[2025-11-23T07:00:56.283+0000] {logging_mixin.py:120} INFO - [2025-11-23T07:00:56.282+0000] {dag.py:3340} INFO - Setting next_dagrun for example_branch_datetime_operator_3 to 2025-11-22T00:00:00+00:00, run_after=2025-11-23T00:00:00+00:00
[2025-11-23T07:00:56.340+0000] {processor.py:176} INFO - Processing /home/airflow/.local/lib/python3.7/site-packages/airflow/example_dags/example_branch_datetime_operator.py took 0.376 seconds
[2025-11-23T07:01:26.683+0000] {processor.py:154} INFO - Started process (PID=3195) to work on /home/airflow/.local/lib/python3.7/site-packages/airflow/example_dags/example_branch_datetime_operator.py
[2025-11-23T07:01:26.693+0000] {processor.py:756} INFO - Processing file /home/airflow/.local/lib/python3.7/site-packages/airflow/example_dags/example_branch_datetime_operator.py for tasks to queue
[2025-11-23T07:01:26.696+0000] {logging_mixin.py:120} INFO - [2025-11-23T07:01:26.695+0000] {dagbag.py:537} INFO - Filling up the DagBag from /home/airflow/.local/lib/python3.7/site-packages/airflow/example_dags/example_branch_datetime_operator.py
[2025-11-23T07:01:26.738+0000] {processor.py:766} INFO - DAG(s) dict_keys(['example_branch_datetime_operator_3', 'example_branch_datetime_operator_2', 'example_branch_datetime_operator']) retrieved from /home/airflow/.local/lib/python3.7/site-packages/airflow/example_dags/example_branch_datetime_operator.py
[2025-11-23T07:01:26.848+0000] {logging_mixin.py:120} INFO - [2025-11-23T07:01:26.847+0000] {dag.py:2585} INFO - Sync 3 DAGs
[2025-11-23T07:01:26.973+0000] {logging_mixin.py:120} INFO - [2025-11-23T07:01:26.973+0000] {dag.py:3340} INFO - Setting next_dagrun for example_branch_datetime_operator to 2025-11-22T00:00:00+00:00, run_after=2025-11-23T00:00:00+00:00
[2025-11-23T07:01:26.991+0000] {logging_mixin.py:120} INFO - [2025-11-23T07:01:26.991+0000] {dag.py:3340} INFO - Setting next_dagrun for example_branch_datetime_operator_2 to 2025-11-22T00:00:00+00:00, run_after=2025-11-23T00:00:00+00:00
[2025-11-23T07:01:26.997+0000] {logging_mixin.py:120} INFO - [2025-11-23T07:01:26.997+0000] {dag.py:3340} INFO - Setting next_dagrun for example_branch_datetime_operator_3 to 2025-11-22T00:00:00+00:00, run_after=2025-11-23T00:00:00+00:00
[2025-11-23T07:01:27.044+0000] {processor.py:176} INFO - Processing /home/airflow/.local/lib/python3.7/site-packages/airflow/example_dags/example_branch_datetime_operator.py took 0.368 seconds
[2025-11-23T07:01:57.119+0000] {processor.py:154} INFO - Started process (PID=3260) to work on /home/airflow/.local/lib/python3.7/site-packages/airflow/example_dags/example_branch_datetime_operator.py
[2025-11-23T07:01:57.120+0000] {processor.py:756} INFO - Processing file /home/airflow/.local/lib/python3.7/site-packages/airflow/example_dags/example_branch_datetime_operator.py for tasks to queue
[2025-11-23T07:01:57.122+0000] {logging_mixin.py:120} INFO - [2025-11-23T07:01:57.121+0000] {dagbag.py:537} INFO - Filling up the DagBag from /home/airflow/.local/lib/python3.7/site-packages/airflow/example_dags/example_branch_datetime_operator.py
[2025-11-23T07:01:57.149+0000] {processor.py:766} INFO - DAG(s) dict_keys(['example_branch_datetime_operator', 'example_branch_datetime_operator_2', 'example_branch_datetime_operator_3']) retrieved from /home/airflow/.local/lib/python3.7/site-packages/airflow/example_dags/example_branch_datetime_operator.py
[2025-11-23T07:01:57.218+0000] {logging_mixin.py:120} INFO - [2025-11-23T07:01:57.218+0000] {dag.py:2585} INFO - Sync 3 DAGs
[2025-11-23T07:01:57.283+0000] {logging_mixin.py:120} INFO - [2025-11-23T07:01:57.283+0000] {dag.py:3340} INFO - Setting next_dagrun for example_branch_datetime_operator to 2025-11-22T00:00:00+00:00, run_after=2025-11-23T00:00:00+00:00
[2025-11-23T07:01:57.303+0000] {logging_mixin.py:120} INFO - [2025-11-23T07:01:57.303+0000] {dag.py:3340} INFO - Setting next_dagrun for example_branch_datetime_operator_2 to 2025-11-22T00:00:00+00:00, run_after=2025-11-23T00:00:00+00:00
[2025-11-23T07:01:57.319+0000] {logging_mixin.py:120} INFO - [2025-11-23T07:01:57.318+0000] {dag.py:3340} INFO - Setting next_dagrun for example_branch_datetime_operator_3 to 2025-11-22T00:00:00+00:00, run_after=2025-11-23T00:00:00+00:00
[2025-11-23T07:01:57.363+0000] {processor.py:176} INFO - Processing /home/airflow/.local/lib/python3.7/site-packages/airflow/example_dags/example_branch_datetime_operator.py took 0.249 seconds
[2025-11-23T07:02:27.937+0000] {processor.py:154} INFO - Started process (PID=3319) to work on /home/airflow/.local/lib/python3.7/site-packages/airflow/example_dags/example_branch_datetime_operator.py
[2025-11-23T07:02:27.939+0000] {processor.py:756} INFO - Processing file /home/airflow/.local/lib/python3.7/site-packages/airflow/example_dags/example_branch_datetime_operator.py for tasks to queue
[2025-11-23T07:02:27.941+0000] {logging_mixin.py:120} INFO - [2025-11-23T07:02:27.940+0000] {dagbag.py:537} INFO - Filling up the DagBag from /home/airflow/.local/lib/python3.7/site-packages/airflow/example_dags/example_branch_datetime_operator.py
[2025-11-23T07:02:27.972+0000] {processor.py:766} INFO - DAG(s) dict_keys(['example_branch_datetime_operator', 'example_branch_datetime_operator_3', 'example_branch_datetime_operator_2']) retrieved from /home/airflow/.local/lib/python3.7/site-packages/airflow/example_dags/example_branch_datetime_operator.py
[2025-11-23T07:02:28.046+0000] {logging_mixin.py:120} INFO - [2025-11-23T07:02:28.045+0000] {dag.py:2585} INFO - Sync 3 DAGs
[2025-11-23T07:02:28.081+0000] {logging_mixin.py:120} INFO - [2025-11-23T07:02:28.080+0000] {dag.py:3340} INFO - Setting next_dagrun for example_branch_datetime_operator to 2025-11-22T00:00:00+00:00, run_after=2025-11-23T00:00:00+00:00
[2025-11-23T07:02:28.088+0000] {logging_mixin.py:120} INFO - [2025-11-23T07:02:28.087+0000] {dag.py:3340} INFO - Setting next_dagrun for example_branch_datetime_operator_2 to 2025-11-22T00:00:00+00:00, run_after=2025-11-23T00:00:00+00:00
[2025-11-23T07:02:28.091+0000] {logging_mixin.py:120} INFO - [2025-11-23T07:02:28.091+0000] {dag.py:3340} INFO - Setting next_dagrun for example_branch_datetime_operator_3 to 2025-11-22T00:00:00+00:00, run_after=2025-11-23T00:00:00+00:00
[2025-11-23T07:02:28.120+0000] {processor.py:176} INFO - Processing /home/airflow/.local/lib/python3.7/site-packages/airflow/example_dags/example_branch_datetime_operator.py took 0.189 seconds
[2025-11-23T07:02:58.218+0000] {processor.py:154} INFO - Started process (PID=3385) to work on /home/airflow/.local/lib/python3.7/site-packages/airflow/example_dags/example_branch_datetime_operator.py
[2025-11-23T07:02:58.220+0000] {processor.py:756} INFO - Processing file /home/airflow/.local/lib/python3.7/site-packages/airflow/example_dags/example_branch_datetime_operator.py for tasks to queue
[2025-11-23T07:02:58.222+0000] {logging_mixin.py:120} INFO - [2025-11-23T07:02:58.221+0000] {dagbag.py:537} INFO - Filling up the DagBag from /home/airflow/.local/lib/python3.7/site-packages/airflow/example_dags/example_branch_datetime_operator.py
[2025-11-23T07:02:58.253+0000] {processor.py:766} INFO - DAG(s) dict_keys(['example_branch_datetime_operator', 'example_branch_datetime_operator_2', 'example_branch_datetime_operator_3']) retrieved from /home/airflow/.local/lib/python3.7/site-packages/airflow/example_dags/example_branch_datetime_operator.py
[2025-11-23T07:02:58.335+0000] {logging_mixin.py:120} INFO - [2025-11-23T07:02:58.334+0000] {dag.py:2585} INFO - Sync 3 DAGs
[2025-11-23T07:02:58.373+0000] {logging_mixin.py:120} INFO - [2025-11-23T07:02:58.372+0000] {dag.py:3340} INFO - Setting next_dagrun for example_branch_datetime_operator to 2025-11-22T00:00:00+00:00, run_after=2025-11-23T00:00:00+00:00
[2025-11-23T07:02:58.382+0000] {logging_mixin.py:120} INFO - [2025-11-23T07:02:58.382+0000] {dag.py:3340} INFO - Setting next_dagrun for example_branch_datetime_operator_2 to 2025-11-22T00:00:00+00:00, run_after=2025-11-23T00:00:00+00:00
[2025-11-23T07:02:58.388+0000] {logging_mixin.py:120} INFO - [2025-11-23T07:02:58.387+0000] {dag.py:3340} INFO - Setting next_dagrun for example_branch_datetime_operator_3 to 2025-11-22T00:00:00+00:00, run_after=2025-11-23T00:00:00+00:00
[2025-11-23T07:02:58.422+0000] {processor.py:176} INFO - Processing /home/airflow/.local/lib/python3.7/site-packages/airflow/example_dags/example_branch_datetime_operator.py took 0.209 seconds
[2025-11-23T07:03:29.936+0000] {processor.py:154} INFO - Started process (PID=3441) to work on /home/airflow/.local/lib/python3.7/site-packages/airflow/example_dags/example_branch_datetime_operator.py
[2025-11-23T07:03:29.941+0000] {processor.py:756} INFO - Processing file /home/airflow/.local/lib/python3.7/site-packages/airflow/example_dags/example_branch_datetime_operator.py for tasks to queue
[2025-11-23T07:03:29.945+0000] {logging_mixin.py:120} INFO - [2025-11-23T07:03:29.944+0000] {dagbag.py:537} INFO - Filling up the DagBag from /home/airflow/.local/lib/python3.7/site-packages/airflow/example_dags/example_branch_datetime_operator.py
[2025-11-23T07:03:30.004+0000] {processor.py:766} INFO - DAG(s) dict_keys(['example_branch_datetime_operator_3', 'example_branch_datetime_operator_2', 'example_branch_datetime_operator']) retrieved from /home/airflow/.local/lib/python3.7/site-packages/airflow/example_dags/example_branch_datetime_operator.py
[2025-11-23T07:03:30.170+0000] {logging_mixin.py:120} INFO - [2025-11-23T07:03:30.169+0000] {dag.py:2585} INFO - Sync 3 DAGs
[2025-11-23T07:03:30.236+0000] {logging_mixin.py:120} INFO - [2025-11-23T07:03:30.236+0000] {dag.py:3340} INFO - Setting next_dagrun for example_branch_datetime_operator to 2025-11-22T00:00:00+00:00, run_after=2025-11-23T00:00:00+00:00
[2025-11-23T07:03:30.249+0000] {logging_mixin.py:120} INFO - [2025-11-23T07:03:30.249+0000] {dag.py:3340} INFO - Setting next_dagrun for example_branch_datetime_operator_2 to 2025-11-22T00:00:00+00:00, run_after=2025-11-23T00:00:00+00:00
[2025-11-23T07:03:30.255+0000] {logging_mixin.py:120} INFO - [2025-11-23T07:03:30.255+0000] {dag.py:3340} INFO - Setting next_dagrun for example_branch_datetime_operator_3 to 2025-11-22T00:00:00+00:00, run_after=2025-11-23T00:00:00+00:00
[2025-11-23T07:03:30.304+0000] {processor.py:176} INFO - Processing /home/airflow/.local/lib/python3.7/site-packages/airflow/example_dags/example_branch_datetime_operator.py took 0.378 seconds
[2025-11-23T07:04:00.622+0000] {processor.py:154} INFO - Started process (PID=3508) to work on /home/airflow/.local/lib/python3.7/site-packages/airflow/example_dags/example_branch_datetime_operator.py
[2025-11-23T07:04:00.624+0000] {processor.py:756} INFO - Processing file /home/airflow/.local/lib/python3.7/site-packages/airflow/example_dags/example_branch_datetime_operator.py for tasks to queue
[2025-11-23T07:04:00.626+0000] {logging_mixin.py:120} INFO - [2025-11-23T07:04:00.626+0000] {dagbag.py:537} INFO - Filling up the DagBag from /home/airflow/.local/lib/python3.7/site-packages/airflow/example_dags/example_branch_datetime_operator.py
[2025-11-23T07:04:00.656+0000] {processor.py:766} INFO - DAG(s) dict_keys(['example_branch_datetime_operator', 'example_branch_datetime_operator_3', 'example_branch_datetime_operator_2']) retrieved from /home/airflow/.local/lib/python3.7/site-packages/airflow/example_dags/example_branch_datetime_operator.py
[2025-11-23T07:04:00.764+0000] {logging_mixin.py:120} INFO - [2025-11-23T07:04:00.764+0000] {dag.py:2585} INFO - Sync 3 DAGs
[2025-11-23T07:04:00.818+0000] {logging_mixin.py:120} INFO - [2025-11-23T07:04:00.817+0000] {dag.py:3340} INFO - Setting next_dagrun for example_branch_datetime_operator to 2025-11-22T00:00:00+00:00, run_after=2025-11-23T00:00:00+00:00
[2025-11-23T07:04:00.827+0000] {logging_mixin.py:120} INFO - [2025-11-23T07:04:00.827+0000] {dag.py:3340} INFO - Setting next_dagrun for example_branch_datetime_operator_2 to 2025-11-22T00:00:00+00:00, run_after=2025-11-23T00:00:00+00:00
[2025-11-23T07:04:00.832+0000] {logging_mixin.py:120} INFO - [2025-11-23T07:04:00.832+0000] {dag.py:3340} INFO - Setting next_dagrun for example_branch_datetime_operator_3 to 2025-11-22T00:00:00+00:00, run_after=2025-11-23T00:00:00+00:00
[2025-11-23T07:04:00.868+0000] {processor.py:176} INFO - Processing /home/airflow/.local/lib/python3.7/site-packages/airflow/example_dags/example_branch_datetime_operator.py took 0.251 seconds
[2025-11-23T07:04:31.351+0000] {processor.py:154} INFO - Started process (PID=3571) to work on /home/airflow/.local/lib/python3.7/site-packages/airflow/example_dags/example_branch_datetime_operator.py
[2025-11-23T07:04:31.352+0000] {processor.py:756} INFO - Processing file /home/airflow/.local/lib/python3.7/site-packages/airflow/example_dags/example_branch_datetime_operator.py for tasks to queue
[2025-11-23T07:04:31.353+0000] {logging_mixin.py:120} INFO - [2025-11-23T07:04:31.353+0000] {dagbag.py:537} INFO - Filling up the DagBag from /home/airflow/.local/lib/python3.7/site-packages/airflow/example_dags/example_branch_datetime_operator.py
[2025-11-23T07:04:31.381+0000] {processor.py:766} INFO - DAG(s) dict_keys(['example_branch_datetime_operator', 'example_branch_datetime_operator_2', 'example_branch_datetime_operator_3']) retrieved from /home/airflow/.local/lib/python3.7/site-packages/airflow/example_dags/example_branch_datetime_operator.py
[2025-11-23T07:04:31.468+0000] {logging_mixin.py:120} INFO - [2025-11-23T07:04:31.467+0000] {dag.py:2585} INFO - Sync 3 DAGs
[2025-11-23T07:04:31.541+0000] {logging_mixin.py:120} INFO - [2025-11-23T07:04:31.541+0000] {dag.py:3340} INFO - Setting next_dagrun for example_branch_datetime_operator to 2025-11-22T00:00:00+00:00, run_after=2025-11-23T00:00:00+00:00
[2025-11-23T07:04:31.550+0000] {logging_mixin.py:120} INFO - [2025-11-23T07:04:31.550+0000] {dag.py:3340} INFO - Setting next_dagrun for example_branch_datetime_operator_2 to 2025-11-22T00:00:00+00:00, run_after=2025-11-23T00:00:00+00:00
[2025-11-23T07:04:31.553+0000] {logging_mixin.py:120} INFO - [2025-11-23T07:04:31.553+0000] {dag.py:3340} INFO - Setting next_dagrun for example_branch_datetime_operator_3 to 2025-11-22T00:00:00+00:00, run_after=2025-11-23T00:00:00+00:00
[2025-11-23T07:04:31.582+0000] {processor.py:176} INFO - Processing /home/airflow/.local/lib/python3.7/site-packages/airflow/example_dags/example_branch_datetime_operator.py took 0.236 seconds
[2025-11-23T07:05:02.822+0000] {processor.py:154} INFO - Started process (PID=3633) to work on /home/airflow/.local/lib/python3.7/site-packages/airflow/example_dags/example_branch_datetime_operator.py
[2025-11-23T07:05:02.824+0000] {processor.py:756} INFO - Processing file /home/airflow/.local/lib/python3.7/site-packages/airflow/example_dags/example_branch_datetime_operator.py for tasks to queue
[2025-11-23T07:05:02.826+0000] {logging_mixin.py:120} INFO - [2025-11-23T07:05:02.825+0000] {dagbag.py:537} INFO - Filling up the DagBag from /home/airflow/.local/lib/python3.7/site-packages/airflow/example_dags/example_branch_datetime_operator.py
[2025-11-23T07:05:02.856+0000] {processor.py:766} INFO - DAG(s) dict_keys(['example_branch_datetime_operator_2', 'example_branch_datetime_operator', 'example_branch_datetime_operator_3']) retrieved from /home/airflow/.local/lib/python3.7/site-packages/airflow/example_dags/example_branch_datetime_operator.py
[2025-11-23T07:05:02.931+0000] {logging_mixin.py:120} INFO - [2025-11-23T07:05:02.931+0000] {dag.py:2585} INFO - Sync 3 DAGs
[2025-11-23T07:05:03.032+0000] {logging_mixin.py:120} INFO - [2025-11-23T07:05:03.031+0000] {dag.py:3340} INFO - Setting next_dagrun for example_branch_datetime_operator to 2025-11-22T00:00:00+00:00, run_after=2025-11-23T00:00:00+00:00
[2025-11-23T07:05:03.051+0000] {logging_mixin.py:120} INFO - [2025-11-23T07:05:03.050+0000] {dag.py:3340} INFO - Setting next_dagrun for example_branch_datetime_operator_2 to 2025-11-22T00:00:00+00:00, run_after=2025-11-23T00:00:00+00:00
[2025-11-23T07:05:03.056+0000] {logging_mixin.py:120} INFO - [2025-11-23T07:05:03.056+0000] {dag.py:3340} INFO - Setting next_dagrun for example_branch_datetime_operator_3 to 2025-11-22T00:00:00+00:00, run_after=2025-11-23T00:00:00+00:00
[2025-11-23T07:05:03.111+0000] {processor.py:176} INFO - Processing /home/airflow/.local/lib/python3.7/site-packages/airflow/example_dags/example_branch_datetime_operator.py took 0.299 seconds
[2025-11-23T07:05:36.040+0000] {processor.py:154} INFO - Started process (PID=3700) to work on /home/airflow/.local/lib/python3.7/site-packages/airflow/example_dags/example_branch_datetime_operator.py
[2025-11-23T07:05:36.042+0000] {processor.py:756} INFO - Processing file /home/airflow/.local/lib/python3.7/site-packages/airflow/example_dags/example_branch_datetime_operator.py for tasks to queue
[2025-11-23T07:05:36.044+0000] {logging_mixin.py:120} INFO - [2025-11-23T07:05:36.044+0000] {dagbag.py:537} INFO - Filling up the DagBag from /home/airflow/.local/lib/python3.7/site-packages/airflow/example_dags/example_branch_datetime_operator.py
[2025-11-23T07:05:36.076+0000] {processor.py:766} INFO - DAG(s) dict_keys(['example_branch_datetime_operator_3', 'example_branch_datetime_operator_2', 'example_branch_datetime_operator']) retrieved from /home/airflow/.local/lib/python3.7/site-packages/airflow/example_dags/example_branch_datetime_operator.py
[2025-11-23T07:05:36.150+0000] {logging_mixin.py:120} INFO - [2025-11-23T07:05:36.150+0000] {dag.py:2585} INFO - Sync 3 DAGs
[2025-11-23T07:05:36.184+0000] {logging_mixin.py:120} INFO - [2025-11-23T07:05:36.184+0000] {dag.py:3340} INFO - Setting next_dagrun for example_branch_datetime_operator to 2025-11-22T00:00:00+00:00, run_after=2025-11-23T00:00:00+00:00
[2025-11-23T07:05:36.190+0000] {logging_mixin.py:120} INFO - [2025-11-23T07:05:36.190+0000] {dag.py:3340} INFO - Setting next_dagrun for example_branch_datetime_operator_2 to 2025-11-22T00:00:00+00:00, run_after=2025-11-23T00:00:00+00:00
[2025-11-23T07:05:36.193+0000] {logging_mixin.py:120} INFO - [2025-11-23T07:05:36.193+0000] {dag.py:3340} INFO - Setting next_dagrun for example_branch_datetime_operator_3 to 2025-11-22T00:00:00+00:00, run_after=2025-11-23T00:00:00+00:00
[2025-11-23T07:05:36.232+0000] {processor.py:176} INFO - Processing /home/airflow/.local/lib/python3.7/site-packages/airflow/example_dags/example_branch_datetime_operator.py took 0.197 seconds
[2025-11-23T07:06:07.477+0000] {processor.py:154} INFO - Started process (PID=3757) to work on /home/airflow/.local/lib/python3.7/site-packages/airflow/example_dags/example_branch_datetime_operator.py
[2025-11-23T07:06:07.478+0000] {processor.py:756} INFO - Processing file /home/airflow/.local/lib/python3.7/site-packages/airflow/example_dags/example_branch_datetime_operator.py for tasks to queue
[2025-11-23T07:06:07.480+0000] {logging_mixin.py:120} INFO - [2025-11-23T07:06:07.480+0000] {dagbag.py:537} INFO - Filling up the DagBag from /home/airflow/.local/lib/python3.7/site-packages/airflow/example_dags/example_branch_datetime_operator.py
[2025-11-23T07:06:07.518+0000] {processor.py:766} INFO - DAG(s) dict_keys(['example_branch_datetime_operator_2', 'example_branch_datetime_operator', 'example_branch_datetime_operator_3']) retrieved from /home/airflow/.local/lib/python3.7/site-packages/airflow/example_dags/example_branch_datetime_operator.py
[2025-11-23T07:06:07.634+0000] {logging_mixin.py:120} INFO - [2025-11-23T07:06:07.634+0000] {dag.py:2585} INFO - Sync 3 DAGs
[2025-11-23T07:06:07.698+0000] {logging_mixin.py:120} INFO - [2025-11-23T07:06:07.698+0000] {dag.py:3340} INFO - Setting next_dagrun for example_branch_datetime_operator to 2025-11-22T00:00:00+00:00, run_after=2025-11-23T00:00:00+00:00
[2025-11-23T07:06:07.704+0000] {logging_mixin.py:120} INFO - [2025-11-23T07:06:07.704+0000] {dag.py:3340} INFO - Setting next_dagrun for example_branch_datetime_operator_2 to 2025-11-22T00:00:00+00:00, run_after=2025-11-23T00:00:00+00:00
[2025-11-23T07:06:07.710+0000] {logging_mixin.py:120} INFO - [2025-11-23T07:06:07.709+0000] {dag.py:3340} INFO - Setting next_dagrun for example_branch_datetime_operator_3 to 2025-11-22T00:00:00+00:00, run_after=2025-11-23T00:00:00+00:00
[2025-11-23T07:06:07.753+0000] {processor.py:176} INFO - Processing /home/airflow/.local/lib/python3.7/site-packages/airflow/example_dags/example_branch_datetime_operator.py took 0.283 seconds
[2025-11-23T07:06:38.309+0000] {processor.py:154} INFO - Started process (PID=3814) to work on /home/airflow/.local/lib/python3.7/site-packages/airflow/example_dags/example_branch_datetime_operator.py
[2025-11-23T07:06:38.311+0000] {processor.py:756} INFO - Processing file /home/airflow/.local/lib/python3.7/site-packages/airflow/example_dags/example_branch_datetime_operator.py for tasks to queue
[2025-11-23T07:06:38.313+0000] {logging_mixin.py:120} INFO - [2025-11-23T07:06:38.313+0000] {dagbag.py:537} INFO - Filling up the DagBag from /home/airflow/.local/lib/python3.7/site-packages/airflow/example_dags/example_branch_datetime_operator.py
[2025-11-23T07:06:38.353+0000] {processor.py:766} INFO - DAG(s) dict_keys(['example_branch_datetime_operator_2', 'example_branch_datetime_operator', 'example_branch_datetime_operator_3']) retrieved from /home/airflow/.local/lib/python3.7/site-packages/airflow/example_dags/example_branch_datetime_operator.py
[2025-11-23T07:06:38.485+0000] {logging_mixin.py:120} INFO - [2025-11-23T07:06:38.483+0000] {dag.py:2585} INFO - Sync 3 DAGs
[2025-11-23T07:06:38.538+0000] {logging_mixin.py:120} INFO - [2025-11-23T07:06:38.538+0000] {dag.py:3340} INFO - Setting next_dagrun for example_branch_datetime_operator to 2025-11-22T00:00:00+00:00, run_after=2025-11-23T00:00:00+00:00
[2025-11-23T07:06:38.554+0000] {logging_mixin.py:120} INFO - [2025-11-23T07:06:38.553+0000] {dag.py:3340} INFO - Setting next_dagrun for example_branch_datetime_operator_2 to 2025-11-22T00:00:00+00:00, run_after=2025-11-23T00:00:00+00:00
[2025-11-23T07:06:38.562+0000] {logging_mixin.py:120} INFO - [2025-11-23T07:06:38.562+0000] {dag.py:3340} INFO - Setting next_dagrun for example_branch_datetime_operator_3 to 2025-11-22T00:00:00+00:00, run_after=2025-11-23T00:00:00+00:00
[2025-11-23T07:06:38.618+0000] {processor.py:176} INFO - Processing /home/airflow/.local/lib/python3.7/site-packages/airflow/example_dags/example_branch_datetime_operator.py took 0.316 seconds
[2025-11-23T07:07:10.985+0000] {processor.py:154} INFO - Started process (PID=3881) to work on /home/airflow/.local/lib/python3.7/site-packages/airflow/example_dags/example_branch_datetime_operator.py
[2025-11-23T07:07:10.986+0000] {processor.py:756} INFO - Processing file /home/airflow/.local/lib/python3.7/site-packages/airflow/example_dags/example_branch_datetime_operator.py for tasks to queue
[2025-11-23T07:07:10.988+0000] {logging_mixin.py:120} INFO - [2025-11-23T07:07:10.988+0000] {dagbag.py:537} INFO - Filling up the DagBag from /home/airflow/.local/lib/python3.7/site-packages/airflow/example_dags/example_branch_datetime_operator.py
[2025-11-23T07:07:11.025+0000] {processor.py:766} INFO - DAG(s) dict_keys(['example_branch_datetime_operator_2', 'example_branch_datetime_operator', 'example_branch_datetime_operator_3']) retrieved from /home/airflow/.local/lib/python3.7/site-packages/airflow/example_dags/example_branch_datetime_operator.py
[2025-11-23T07:07:11.142+0000] {logging_mixin.py:120} INFO - [2025-11-23T07:07:11.142+0000] {dag.py:2585} INFO - Sync 3 DAGs
[2025-11-23T07:07:11.184+0000] {logging_mixin.py:120} INFO - [2025-11-23T07:07:11.184+0000] {dag.py:3340} INFO - Setting next_dagrun for example_branch_datetime_operator to 2025-11-22T00:00:00+00:00, run_after=2025-11-23T00:00:00+00:00
[2025-11-23T07:07:11.191+0000] {logging_mixin.py:120} INFO - [2025-11-23T07:07:11.191+0000] {dag.py:3340} INFO - Setting next_dagrun for example_branch_datetime_operator_2 to 2025-11-22T00:00:00+00:00, run_after=2025-11-23T00:00:00+00:00
[2025-11-23T07:07:11.196+0000] {logging_mixin.py:120} INFO - [2025-11-23T07:07:11.196+0000] {dag.py:3340} INFO - Setting next_dagrun for example_branch_datetime_operator_3 to 2025-11-22T00:00:00+00:00, run_after=2025-11-23T00:00:00+00:00
[2025-11-23T07:07:11.247+0000] {processor.py:176} INFO - Processing /home/airflow/.local/lib/python3.7/site-packages/airflow/example_dags/example_branch_datetime_operator.py took 0.270 seconds
[2025-11-23T07:07:41.837+0000] {processor.py:154} INFO - Started process (PID=3939) to work on /home/airflow/.local/lib/python3.7/site-packages/airflow/example_dags/example_branch_datetime_operator.py
[2025-11-23T07:07:41.839+0000] {processor.py:756} INFO - Processing file /home/airflow/.local/lib/python3.7/site-packages/airflow/example_dags/example_branch_datetime_operator.py for tasks to queue
[2025-11-23T07:07:41.841+0000] {logging_mixin.py:120} INFO - [2025-11-23T07:07:41.840+0000] {dagbag.py:537} INFO - Filling up the DagBag from /home/airflow/.local/lib/python3.7/site-packages/airflow/example_dags/example_branch_datetime_operator.py
[2025-11-23T07:07:41.885+0000] {processor.py:766} INFO - DAG(s) dict_keys(['example_branch_datetime_operator_2', 'example_branch_datetime_operator_3', 'example_branch_datetime_operator']) retrieved from /home/airflow/.local/lib/python3.7/site-packages/airflow/example_dags/example_branch_datetime_operator.py
[2025-11-23T07:07:42.005+0000] {logging_mixin.py:120} INFO - [2025-11-23T07:07:42.005+0000] {dag.py:2585} INFO - Sync 3 DAGs
[2025-11-23T07:07:42.068+0000] {logging_mixin.py:120} INFO - [2025-11-23T07:07:42.068+0000] {dag.py:3340} INFO - Setting next_dagrun for example_branch_datetime_operator to 2025-11-22T00:00:00+00:00, run_after=2025-11-23T00:00:00+00:00
[2025-11-23T07:07:42.074+0000] {logging_mixin.py:120} INFO - [2025-11-23T07:07:42.074+0000] {dag.py:3340} INFO - Setting next_dagrun for example_branch_datetime_operator_2 to 2025-11-22T00:00:00+00:00, run_after=2025-11-23T00:00:00+00:00
[2025-11-23T07:07:42.077+0000] {logging_mixin.py:120} INFO - [2025-11-23T07:07:42.077+0000] {dag.py:3340} INFO - Setting next_dagrun for example_branch_datetime_operator_3 to 2025-11-22T00:00:00+00:00, run_after=2025-11-23T00:00:00+00:00
[2025-11-23T07:07:42.118+0000] {processor.py:176} INFO - Processing /home/airflow/.local/lib/python3.7/site-packages/airflow/example_dags/example_branch_datetime_operator.py took 0.287 seconds
[2025-11-23T07:08:13.704+0000] {processor.py:154} INFO - Started process (PID=4008) to work on /home/airflow/.local/lib/python3.7/site-packages/airflow/example_dags/example_branch_datetime_operator.py
[2025-11-23T07:08:13.706+0000] {processor.py:756} INFO - Processing file /home/airflow/.local/lib/python3.7/site-packages/airflow/example_dags/example_branch_datetime_operator.py for tasks to queue
[2025-11-23T07:08:13.708+0000] {logging_mixin.py:120} INFO - [2025-11-23T07:08:13.707+0000] {dagbag.py:537} INFO - Filling up the DagBag from /home/airflow/.local/lib/python3.7/site-packages/airflow/example_dags/example_branch_datetime_operator.py
[2025-11-23T07:08:13.745+0000] {processor.py:766} INFO - DAG(s) dict_keys(['example_branch_datetime_operator_2', 'example_branch_datetime_operator_3', 'example_branch_datetime_operator']) retrieved from /home/airflow/.local/lib/python3.7/site-packages/airflow/example_dags/example_branch_datetime_operator.py
[2025-11-23T07:08:13.862+0000] {logging_mixin.py:120} INFO - [2025-11-23T07:08:13.862+0000] {dag.py:2585} INFO - Sync 3 DAGs
[2025-11-23T07:08:13.909+0000] {logging_mixin.py:120} INFO - [2025-11-23T07:08:13.909+0000] {dag.py:3340} INFO - Setting next_dagrun for example_branch_datetime_operator to 2025-11-22T00:00:00+00:00, run_after=2025-11-23T00:00:00+00:00
[2025-11-23T07:08:13.918+0000] {logging_mixin.py:120} INFO - [2025-11-23T07:08:13.918+0000] {dag.py:3340} INFO - Setting next_dagrun for example_branch_datetime_operator_2 to 2025-11-22T00:00:00+00:00, run_after=2025-11-23T00:00:00+00:00
[2025-11-23T07:08:13.924+0000] {logging_mixin.py:120} INFO - [2025-11-23T07:08:13.923+0000] {dag.py:3340} INFO - Setting next_dagrun for example_branch_datetime_operator_3 to 2025-11-22T00:00:00+00:00, run_after=2025-11-23T00:00:00+00:00
[2025-11-23T07:08:13.960+0000] {processor.py:176} INFO - Processing /home/airflow/.local/lib/python3.7/site-packages/airflow/example_dags/example_branch_datetime_operator.py took 0.265 seconds
[2025-11-23T07:08:44.563+0000] {processor.py:154} INFO - Started process (PID=4074) to work on /home/airflow/.local/lib/python3.7/site-packages/airflow/example_dags/example_branch_datetime_operator.py
[2025-11-23T07:08:44.565+0000] {processor.py:756} INFO - Processing file /home/airflow/.local/lib/python3.7/site-packages/airflow/example_dags/example_branch_datetime_operator.py for tasks to queue
[2025-11-23T07:08:44.566+0000] {logging_mixin.py:120} INFO - [2025-11-23T07:08:44.566+0000] {dagbag.py:537} INFO - Filling up the DagBag from /home/airflow/.local/lib/python3.7/site-packages/airflow/example_dags/example_branch_datetime_operator.py
[2025-11-23T07:08:44.597+0000] {processor.py:766} INFO - DAG(s) dict_keys(['example_branch_datetime_operator', 'example_branch_datetime_operator_3', 'example_branch_datetime_operator_2']) retrieved from /home/airflow/.local/lib/python3.7/site-packages/airflow/example_dags/example_branch_datetime_operator.py
[2025-11-23T07:08:44.684+0000] {logging_mixin.py:120} INFO - [2025-11-23T07:08:44.684+0000] {dag.py:2585} INFO - Sync 3 DAGs
[2025-11-23T07:08:44.728+0000] {logging_mixin.py:120} INFO - [2025-11-23T07:08:44.728+0000] {dag.py:3340} INFO - Setting next_dagrun for example_branch_datetime_operator to 2025-11-22T00:00:00+00:00, run_after=2025-11-23T00:00:00+00:00
[2025-11-23T07:08:44.736+0000] {logging_mixin.py:120} INFO - [2025-11-23T07:08:44.735+0000] {dag.py:3340} INFO - Setting next_dagrun for example_branch_datetime_operator_2 to 2025-11-22T00:00:00+00:00, run_after=2025-11-23T00:00:00+00:00
[2025-11-23T07:08:44.741+0000] {logging_mixin.py:120} INFO - [2025-11-23T07:08:44.740+0000] {dag.py:3340} INFO - Setting next_dagrun for example_branch_datetime_operator_3 to 2025-11-22T00:00:00+00:00, run_after=2025-11-23T00:00:00+00:00
[2025-11-23T07:08:44.768+0000] {processor.py:176} INFO - Processing /home/airflow/.local/lib/python3.7/site-packages/airflow/example_dags/example_branch_datetime_operator.py took 0.210 seconds
[2025-11-23T07:09:15.322+0000] {processor.py:154} INFO - Started process (PID=4131) to work on /home/airflow/.local/lib/python3.7/site-packages/airflow/example_dags/example_branch_datetime_operator.py
[2025-11-23T07:09:15.323+0000] {processor.py:756} INFO - Processing file /home/airflow/.local/lib/python3.7/site-packages/airflow/example_dags/example_branch_datetime_operator.py for tasks to queue
[2025-11-23T07:09:15.324+0000] {logging_mixin.py:120} INFO - [2025-11-23T07:09:15.324+0000] {dagbag.py:537} INFO - Filling up the DagBag from /home/airflow/.local/lib/python3.7/site-packages/airflow/example_dags/example_branch_datetime_operator.py
[2025-11-23T07:09:15.344+0000] {processor.py:766} INFO - DAG(s) dict_keys(['example_branch_datetime_operator_3', 'example_branch_datetime_operator_2', 'example_branch_datetime_operator']) retrieved from /home/airflow/.local/lib/python3.7/site-packages/airflow/example_dags/example_branch_datetime_operator.py
[2025-11-23T07:09:15.409+0000] {logging_mixin.py:120} INFO - [2025-11-23T07:09:15.409+0000] {dag.py:2585} INFO - Sync 3 DAGs
[2025-11-23T07:09:15.446+0000] {logging_mixin.py:120} INFO - [2025-11-23T07:09:15.446+0000] {dag.py:3340} INFO - Setting next_dagrun for example_branch_datetime_operator to 2025-11-22T00:00:00+00:00, run_after=2025-11-23T00:00:00+00:00
[2025-11-23T07:09:15.453+0000] {logging_mixin.py:120} INFO - [2025-11-23T07:09:15.453+0000] {dag.py:3340} INFO - Setting next_dagrun for example_branch_datetime_operator_2 to 2025-11-22T00:00:00+00:00, run_after=2025-11-23T00:00:00+00:00
[2025-11-23T07:09:15.457+0000] {logging_mixin.py:120} INFO - [2025-11-23T07:09:15.457+0000] {dag.py:3340} INFO - Setting next_dagrun for example_branch_datetime_operator_3 to 2025-11-22T00:00:00+00:00, run_after=2025-11-23T00:00:00+00:00
[2025-11-23T07:09:15.487+0000] {processor.py:176} INFO - Processing /home/airflow/.local/lib/python3.7/site-packages/airflow/example_dags/example_branch_datetime_operator.py took 0.169 seconds
[2025-11-23T07:09:47.807+0000] {processor.py:154} INFO - Started process (PID=4196) to work on /home/airflow/.local/lib/python3.7/site-packages/airflow/example_dags/example_branch_datetime_operator.py
[2025-11-23T07:09:47.819+0000] {processor.py:756} INFO - Processing file /home/airflow/.local/lib/python3.7/site-packages/airflow/example_dags/example_branch_datetime_operator.py for tasks to queue
[2025-11-23T07:09:47.836+0000] {logging_mixin.py:120} INFO - [2025-11-23T07:09:47.835+0000] {dagbag.py:537} INFO - Filling up the DagBag from /home/airflow/.local/lib/python3.7/site-packages/airflow/example_dags/example_branch_datetime_operator.py
[2025-11-23T07:09:47.883+0000] {processor.py:766} INFO - DAG(s) dict_keys(['example_branch_datetime_operator_2', 'example_branch_datetime_operator_3', 'example_branch_datetime_operator']) retrieved from /home/airflow/.local/lib/python3.7/site-packages/airflow/example_dags/example_branch_datetime_operator.py
[2025-11-23T07:09:47.973+0000] {logging_mixin.py:120} INFO - [2025-11-23T07:09:47.973+0000] {dag.py:2585} INFO - Sync 3 DAGs
[2025-11-23T07:09:48.021+0000] {logging_mixin.py:120} INFO - [2025-11-23T07:09:48.021+0000] {dag.py:3340} INFO - Setting next_dagrun for example_branch_datetime_operator to 2025-11-22T00:00:00+00:00, run_after=2025-11-23T00:00:00+00:00
[2025-11-23T07:09:48.033+0000] {logging_mixin.py:120} INFO - [2025-11-23T07:09:48.033+0000] {dag.py:3340} INFO - Setting next_dagrun for example_branch_datetime_operator_2 to 2025-11-22T00:00:00+00:00, run_after=2025-11-23T00:00:00+00:00
[2025-11-23T07:09:48.038+0000] {logging_mixin.py:120} INFO - [2025-11-23T07:09:48.038+0000] {dag.py:3340} INFO - Setting next_dagrun for example_branch_datetime_operator_3 to 2025-11-22T00:00:00+00:00, run_after=2025-11-23T00:00:00+00:00
[2025-11-23T07:09:48.147+0000] {processor.py:176} INFO - Processing /home/airflow/.local/lib/python3.7/site-packages/airflow/example_dags/example_branch_datetime_operator.py took 0.358 seconds
[2025-11-23T07:10:18.942+0000] {processor.py:154} INFO - Started process (PID=4252) to work on /home/airflow/.local/lib/python3.7/site-packages/airflow/example_dags/example_branch_datetime_operator.py
[2025-11-23T07:10:18.949+0000] {processor.py:756} INFO - Processing file /home/airflow/.local/lib/python3.7/site-packages/airflow/example_dags/example_branch_datetime_operator.py for tasks to queue
[2025-11-23T07:10:18.962+0000] {logging_mixin.py:120} INFO - [2025-11-23T07:10:18.962+0000] {dagbag.py:537} INFO - Filling up the DagBag from /home/airflow/.local/lib/python3.7/site-packages/airflow/example_dags/example_branch_datetime_operator.py
[2025-11-23T07:10:19.004+0000] {processor.py:766} INFO - DAG(s) dict_keys(['example_branch_datetime_operator', 'example_branch_datetime_operator_2', 'example_branch_datetime_operator_3']) retrieved from /home/airflow/.local/lib/python3.7/site-packages/airflow/example_dags/example_branch_datetime_operator.py
[2025-11-23T07:10:19.103+0000] {logging_mixin.py:120} INFO - [2025-11-23T07:10:19.103+0000] {dag.py:2585} INFO - Sync 3 DAGs
[2025-11-23T07:10:19.143+0000] {logging_mixin.py:120} INFO - [2025-11-23T07:10:19.143+0000] {dag.py:3340} INFO - Setting next_dagrun for example_branch_datetime_operator to 2025-11-22T00:00:00+00:00, run_after=2025-11-23T00:00:00+00:00
[2025-11-23T07:10:19.151+0000] {logging_mixin.py:120} INFO - [2025-11-23T07:10:19.150+0000] {dag.py:3340} INFO - Setting next_dagrun for example_branch_datetime_operator_2 to 2025-11-22T00:00:00+00:00, run_after=2025-11-23T00:00:00+00:00
[2025-11-23T07:10:19.155+0000] {logging_mixin.py:120} INFO - [2025-11-23T07:10:19.155+0000] {dag.py:3340} INFO - Setting next_dagrun for example_branch_datetime_operator_3 to 2025-11-22T00:00:00+00:00, run_after=2025-11-23T00:00:00+00:00
[2025-11-23T07:10:19.191+0000] {processor.py:176} INFO - Processing /home/airflow/.local/lib/python3.7/site-packages/airflow/example_dags/example_branch_datetime_operator.py took 0.254 seconds
[2025-11-23T07:10:50.084+0000] {processor.py:154} INFO - Started process (PID=4308) to work on /home/airflow/.local/lib/python3.7/site-packages/airflow/example_dags/example_branch_datetime_operator.py
[2025-11-23T07:10:50.094+0000] {processor.py:756} INFO - Processing file /home/airflow/.local/lib/python3.7/site-packages/airflow/example_dags/example_branch_datetime_operator.py for tasks to queue
[2025-11-23T07:10:50.096+0000] {logging_mixin.py:120} INFO - [2025-11-23T07:10:50.095+0000] {dagbag.py:537} INFO - Filling up the DagBag from /home/airflow/.local/lib/python3.7/site-packages/airflow/example_dags/example_branch_datetime_operator.py
[2025-11-23T07:10:50.190+0000] {processor.py:766} INFO - DAG(s) dict_keys(['example_branch_datetime_operator', 'example_branch_datetime_operator_3', 'example_branch_datetime_operator_2']) retrieved from /home/airflow/.local/lib/python3.7/site-packages/airflow/example_dags/example_branch_datetime_operator.py
[2025-11-23T07:10:50.331+0000] {logging_mixin.py:120} INFO - [2025-11-23T07:10:50.331+0000] {dag.py:2585} INFO - Sync 3 DAGs
[2025-11-23T07:10:50.416+0000] {logging_mixin.py:120} INFO - [2025-11-23T07:10:50.415+0000] {dag.py:3340} INFO - Setting next_dagrun for example_branch_datetime_operator to 2025-11-22T00:00:00+00:00, run_after=2025-11-23T00:00:00+00:00
[2025-11-23T07:10:50.427+0000] {logging_mixin.py:120} INFO - [2025-11-23T07:10:50.427+0000] {dag.py:3340} INFO - Setting next_dagrun for example_branch_datetime_operator_2 to 2025-11-22T00:00:00+00:00, run_after=2025-11-23T00:00:00+00:00
[2025-11-23T07:10:50.437+0000] {logging_mixin.py:120} INFO - [2025-11-23T07:10:50.435+0000] {dag.py:3340} INFO - Setting next_dagrun for example_branch_datetime_operator_3 to 2025-11-22T00:00:00+00:00, run_after=2025-11-23T00:00:00+00:00
[2025-11-23T07:10:50.549+0000] {processor.py:176} INFO - Processing /home/airflow/.local/lib/python3.7/site-packages/airflow/example_dags/example_branch_datetime_operator.py took 0.537 seconds
[2025-11-23T07:11:21.112+0000] {processor.py:154} INFO - Started process (PID=4372) to work on /home/airflow/.local/lib/python3.7/site-packages/airflow/example_dags/example_branch_datetime_operator.py
[2025-11-23T07:11:21.114+0000] {processor.py:756} INFO - Processing file /home/airflow/.local/lib/python3.7/site-packages/airflow/example_dags/example_branch_datetime_operator.py for tasks to queue
[2025-11-23T07:11:21.115+0000] {logging_mixin.py:120} INFO - [2025-11-23T07:11:21.115+0000] {dagbag.py:537} INFO - Filling up the DagBag from /home/airflow/.local/lib/python3.7/site-packages/airflow/example_dags/example_branch_datetime_operator.py
[2025-11-23T07:11:21.161+0000] {processor.py:766} INFO - DAG(s) dict_keys(['example_branch_datetime_operator_2', 'example_branch_datetime_operator', 'example_branch_datetime_operator_3']) retrieved from /home/airflow/.local/lib/python3.7/site-packages/airflow/example_dags/example_branch_datetime_operator.py
[2025-11-23T07:11:21.300+0000] {logging_mixin.py:120} INFO - [2025-11-23T07:11:21.299+0000] {dag.py:2585} INFO - Sync 3 DAGs
[2025-11-23T07:11:21.387+0000] {logging_mixin.py:120} INFO - [2025-11-23T07:11:21.387+0000] {dag.py:3340} INFO - Setting next_dagrun for example_branch_datetime_operator to 2025-11-22T00:00:00+00:00, run_after=2025-11-23T00:00:00+00:00
[2025-11-23T07:11:21.406+0000] {logging_mixin.py:120} INFO - [2025-11-23T07:11:21.405+0000] {dag.py:3340} INFO - Setting next_dagrun for example_branch_datetime_operator_2 to 2025-11-22T00:00:00+00:00, run_after=2025-11-23T00:00:00+00:00
[2025-11-23T07:11:21.421+0000] {logging_mixin.py:120} INFO - [2025-11-23T07:11:21.420+0000] {dag.py:3340} INFO - Setting next_dagrun for example_branch_datetime_operator_3 to 2025-11-22T00:00:00+00:00, run_after=2025-11-23T00:00:00+00:00
[2025-11-23T07:11:21.492+0000] {processor.py:176} INFO - Processing /home/airflow/.local/lib/python3.7/site-packages/airflow/example_dags/example_branch_datetime_operator.py took 0.386 seconds
[2025-11-23T07:11:51.771+0000] {processor.py:154} INFO - Started process (PID=4429) to work on /home/airflow/.local/lib/python3.7/site-packages/airflow/example_dags/example_branch_datetime_operator.py
[2025-11-23T07:11:51.773+0000] {processor.py:756} INFO - Processing file /home/airflow/.local/lib/python3.7/site-packages/airflow/example_dags/example_branch_datetime_operator.py for tasks to queue
[2025-11-23T07:11:51.774+0000] {logging_mixin.py:120} INFO - [2025-11-23T07:11:51.774+0000] {dagbag.py:537} INFO - Filling up the DagBag from /home/airflow/.local/lib/python3.7/site-packages/airflow/example_dags/example_branch_datetime_operator.py
[2025-11-23T07:11:51.801+0000] {processor.py:766} INFO - DAG(s) dict_keys(['example_branch_datetime_operator_3', 'example_branch_datetime_operator', 'example_branch_datetime_operator_2']) retrieved from /home/airflow/.local/lib/python3.7/site-packages/airflow/example_dags/example_branch_datetime_operator.py
[2025-11-23T07:11:51.882+0000] {logging_mixin.py:120} INFO - [2025-11-23T07:11:51.882+0000] {dag.py:2585} INFO - Sync 3 DAGs
[2025-11-23T07:11:51.934+0000] {logging_mixin.py:120} INFO - [2025-11-23T07:11:51.934+0000] {dag.py:3340} INFO - Setting next_dagrun for example_branch_datetime_operator to 2025-11-22T00:00:00+00:00, run_after=2025-11-23T00:00:00+00:00
[2025-11-23T07:11:51.945+0000] {logging_mixin.py:120} INFO - [2025-11-23T07:11:51.945+0000] {dag.py:3340} INFO - Setting next_dagrun for example_branch_datetime_operator_2 to 2025-11-22T00:00:00+00:00, run_after=2025-11-23T00:00:00+00:00
[2025-11-23T07:11:51.959+0000] {logging_mixin.py:120} INFO - [2025-11-23T07:11:51.956+0000] {dag.py:3340} INFO - Setting next_dagrun for example_branch_datetime_operator_3 to 2025-11-22T00:00:00+00:00, run_after=2025-11-23T00:00:00+00:00
[2025-11-23T07:11:52.010+0000] {processor.py:176} INFO - Processing /home/airflow/.local/lib/python3.7/site-packages/airflow/example_dags/example_branch_datetime_operator.py took 0.246 seconds
[2025-11-23T07:12:23.765+0000] {processor.py:154} INFO - Started process (PID=4493) to work on /home/airflow/.local/lib/python3.7/site-packages/airflow/example_dags/example_branch_datetime_operator.py
[2025-11-23T07:12:23.768+0000] {processor.py:756} INFO - Processing file /home/airflow/.local/lib/python3.7/site-packages/airflow/example_dags/example_branch_datetime_operator.py for tasks to queue
[2025-11-23T07:12:23.772+0000] {logging_mixin.py:120} INFO - [2025-11-23T07:12:23.771+0000] {dagbag.py:537} INFO - Filling up the DagBag from /home/airflow/.local/lib/python3.7/site-packages/airflow/example_dags/example_branch_datetime_operator.py
[2025-11-23T07:12:23.829+0000] {processor.py:766} INFO - DAG(s) dict_keys(['example_branch_datetime_operator_2', 'example_branch_datetime_operator_3', 'example_branch_datetime_operator']) retrieved from /home/airflow/.local/lib/python3.7/site-packages/airflow/example_dags/example_branch_datetime_operator.py
[2025-11-23T07:12:23.919+0000] {logging_mixin.py:120} INFO - [2025-11-23T07:12:23.919+0000] {dag.py:2585} INFO - Sync 3 DAGs
[2025-11-23T07:12:23.965+0000] {logging_mixin.py:120} INFO - [2025-11-23T07:12:23.965+0000] {dag.py:3340} INFO - Setting next_dagrun for example_branch_datetime_operator to 2025-11-22T00:00:00+00:00, run_after=2025-11-23T00:00:00+00:00
[2025-11-23T07:12:23.972+0000] {logging_mixin.py:120} INFO - [2025-11-23T07:12:23.972+0000] {dag.py:3340} INFO - Setting next_dagrun for example_branch_datetime_operator_2 to 2025-11-22T00:00:00+00:00, run_after=2025-11-23T00:00:00+00:00
[2025-11-23T07:12:23.975+0000] {logging_mixin.py:120} INFO - [2025-11-23T07:12:23.975+0000] {dag.py:3340} INFO - Setting next_dagrun for example_branch_datetime_operator_3 to 2025-11-22T00:00:00+00:00, run_after=2025-11-23T00:00:00+00:00
[2025-11-23T07:12:24.018+0000] {processor.py:176} INFO - Processing /home/airflow/.local/lib/python3.7/site-packages/airflow/example_dags/example_branch_datetime_operator.py took 0.259 seconds
[2025-11-23T07:12:54.136+0000] {processor.py:154} INFO - Started process (PID=4549) to work on /home/airflow/.local/lib/python3.7/site-packages/airflow/example_dags/example_branch_datetime_operator.py
[2025-11-23T07:12:54.138+0000] {processor.py:756} INFO - Processing file /home/airflow/.local/lib/python3.7/site-packages/airflow/example_dags/example_branch_datetime_operator.py for tasks to queue
[2025-11-23T07:12:54.140+0000] {logging_mixin.py:120} INFO - [2025-11-23T07:12:54.140+0000] {dagbag.py:537} INFO - Filling up the DagBag from /home/airflow/.local/lib/python3.7/site-packages/airflow/example_dags/example_branch_datetime_operator.py
[2025-11-23T07:12:54.194+0000] {processor.py:766} INFO - DAG(s) dict_keys(['example_branch_datetime_operator_3', 'example_branch_datetime_operator', 'example_branch_datetime_operator_2']) retrieved from /home/airflow/.local/lib/python3.7/site-packages/airflow/example_dags/example_branch_datetime_operator.py
[2025-11-23T07:12:54.352+0000] {logging_mixin.py:120} INFO - [2025-11-23T07:12:54.344+0000] {dag.py:2585} INFO - Sync 3 DAGs
[2025-11-23T07:12:54.408+0000] {logging_mixin.py:120} INFO - [2025-11-23T07:12:54.408+0000] {dag.py:3340} INFO - Setting next_dagrun for example_branch_datetime_operator to 2025-11-22T00:00:00+00:00, run_after=2025-11-23T00:00:00+00:00
[2025-11-23T07:12:54.417+0000] {logging_mixin.py:120} INFO - [2025-11-23T07:12:54.416+0000] {dag.py:3340} INFO - Setting next_dagrun for example_branch_datetime_operator_2 to 2025-11-22T00:00:00+00:00, run_after=2025-11-23T00:00:00+00:00
[2025-11-23T07:12:54.421+0000] {logging_mixin.py:120} INFO - [2025-11-23T07:12:54.421+0000] {dag.py:3340} INFO - Setting next_dagrun for example_branch_datetime_operator_3 to 2025-11-22T00:00:00+00:00, run_after=2025-11-23T00:00:00+00:00
[2025-11-23T07:12:54.455+0000] {processor.py:176} INFO - Processing /home/airflow/.local/lib/python3.7/site-packages/airflow/example_dags/example_branch_datetime_operator.py took 0.353 seconds
[2025-11-23T07:13:24.636+0000] {processor.py:154} INFO - Started process (PID=4614) to work on /home/airflow/.local/lib/python3.7/site-packages/airflow/example_dags/example_branch_datetime_operator.py
[2025-11-23T07:13:24.637+0000] {processor.py:756} INFO - Processing file /home/airflow/.local/lib/python3.7/site-packages/airflow/example_dags/example_branch_datetime_operator.py for tasks to queue
[2025-11-23T07:13:24.639+0000] {logging_mixin.py:120} INFO - [2025-11-23T07:13:24.638+0000] {dagbag.py:537} INFO - Filling up the DagBag from /home/airflow/.local/lib/python3.7/site-packages/airflow/example_dags/example_branch_datetime_operator.py
[2025-11-23T07:13:24.674+0000] {processor.py:766} INFO - DAG(s) dict_keys(['example_branch_datetime_operator_3', 'example_branch_datetime_operator', 'example_branch_datetime_operator_2']) retrieved from /home/airflow/.local/lib/python3.7/site-packages/airflow/example_dags/example_branch_datetime_operator.py
[2025-11-23T07:13:24.746+0000] {logging_mixin.py:120} INFO - [2025-11-23T07:13:24.746+0000] {dag.py:2585} INFO - Sync 3 DAGs
[2025-11-23T07:13:24.784+0000] {logging_mixin.py:120} INFO - [2025-11-23T07:13:24.783+0000] {dag.py:3340} INFO - Setting next_dagrun for example_branch_datetime_operator to 2025-11-22T00:00:00+00:00, run_after=2025-11-23T00:00:00+00:00
[2025-11-23T07:13:24.798+0000] {logging_mixin.py:120} INFO - [2025-11-23T07:13:24.798+0000] {dag.py:3340} INFO - Setting next_dagrun for example_branch_datetime_operator_2 to 2025-11-22T00:00:00+00:00, run_after=2025-11-23T00:00:00+00:00
[2025-11-23T07:13:24.802+0000] {logging_mixin.py:120} INFO - [2025-11-23T07:13:24.802+0000] {dag.py:3340} INFO - Setting next_dagrun for example_branch_datetime_operator_3 to 2025-11-22T00:00:00+00:00, run_after=2025-11-23T00:00:00+00:00
[2025-11-23T07:13:24.848+0000] {processor.py:176} INFO - Processing /home/airflow/.local/lib/python3.7/site-packages/airflow/example_dags/example_branch_datetime_operator.py took 0.219 seconds
[2025-11-23T07:13:55.369+0000] {processor.py:154} INFO - Started process (PID=4671) to work on /home/airflow/.local/lib/python3.7/site-packages/airflow/example_dags/example_branch_datetime_operator.py
[2025-11-23T07:13:55.377+0000] {processor.py:756} INFO - Processing file /home/airflow/.local/lib/python3.7/site-packages/airflow/example_dags/example_branch_datetime_operator.py for tasks to queue
[2025-11-23T07:13:55.381+0000] {logging_mixin.py:120} INFO - [2025-11-23T07:13:55.380+0000] {dagbag.py:537} INFO - Filling up the DagBag from /home/airflow/.local/lib/python3.7/site-packages/airflow/example_dags/example_branch_datetime_operator.py
[2025-11-23T07:13:55.463+0000] {processor.py:766} INFO - DAG(s) dict_keys(['example_branch_datetime_operator_2', 'example_branch_datetime_operator_3', 'example_branch_datetime_operator']) retrieved from /home/airflow/.local/lib/python3.7/site-packages/airflow/example_dags/example_branch_datetime_operator.py
[2025-11-23T07:13:55.677+0000] {logging_mixin.py:120} INFO - [2025-11-23T07:13:55.677+0000] {dag.py:2585} INFO - Sync 3 DAGs
[2025-11-23T07:13:55.818+0000] {logging_mixin.py:120} INFO - [2025-11-23T07:13:55.816+0000] {dag.py:3340} INFO - Setting next_dagrun for example_branch_datetime_operator to 2025-11-22T00:00:00+00:00, run_after=2025-11-23T00:00:00+00:00
[2025-11-23T07:13:55.830+0000] {logging_mixin.py:120} INFO - [2025-11-23T07:13:55.830+0000] {dag.py:3340} INFO - Setting next_dagrun for example_branch_datetime_operator_2 to 2025-11-22T00:00:00+00:00, run_after=2025-11-23T00:00:00+00:00
[2025-11-23T07:13:55.841+0000] {logging_mixin.py:120} INFO - [2025-11-23T07:13:55.841+0000] {dag.py:3340} INFO - Setting next_dagrun for example_branch_datetime_operator_3 to 2025-11-22T00:00:00+00:00, run_after=2025-11-23T00:00:00+00:00
[2025-11-23T07:13:55.891+0000] {processor.py:176} INFO - Processing /home/airflow/.local/lib/python3.7/site-packages/airflow/example_dags/example_branch_datetime_operator.py took 0.539 seconds
[2025-11-23T07:14:26.804+0000] {processor.py:154} INFO - Started process (PID=4737) to work on /home/airflow/.local/lib/python3.7/site-packages/airflow/example_dags/example_branch_datetime_operator.py
[2025-11-23T07:14:26.806+0000] {processor.py:756} INFO - Processing file /home/airflow/.local/lib/python3.7/site-packages/airflow/example_dags/example_branch_datetime_operator.py for tasks to queue
[2025-11-23T07:14:26.808+0000] {logging_mixin.py:120} INFO - [2025-11-23T07:14:26.807+0000] {dagbag.py:537} INFO - Filling up the DagBag from /home/airflow/.local/lib/python3.7/site-packages/airflow/example_dags/example_branch_datetime_operator.py
[2025-11-23T07:14:26.843+0000] {processor.py:766} INFO - DAG(s) dict_keys(['example_branch_datetime_operator_3', 'example_branch_datetime_operator_2', 'example_branch_datetime_operator']) retrieved from /home/airflow/.local/lib/python3.7/site-packages/airflow/example_dags/example_branch_datetime_operator.py
[2025-11-23T07:14:26.908+0000] {logging_mixin.py:120} INFO - [2025-11-23T07:14:26.908+0000] {dag.py:2585} INFO - Sync 3 DAGs
[2025-11-23T07:14:26.940+0000] {logging_mixin.py:120} INFO - [2025-11-23T07:14:26.940+0000] {dag.py:3340} INFO - Setting next_dagrun for example_branch_datetime_operator to 2025-11-22T00:00:00+00:00, run_after=2025-11-23T00:00:00+00:00
[2025-11-23T07:14:26.946+0000] {logging_mixin.py:120} INFO - [2025-11-23T07:14:26.946+0000] {dag.py:3340} INFO - Setting next_dagrun for example_branch_datetime_operator_2 to 2025-11-22T00:00:00+00:00, run_after=2025-11-23T00:00:00+00:00
[2025-11-23T07:14:26.949+0000] {logging_mixin.py:120} INFO - [2025-11-23T07:14:26.949+0000] {dag.py:3340} INFO - Setting next_dagrun for example_branch_datetime_operator_3 to 2025-11-22T00:00:00+00:00, run_after=2025-11-23T00:00:00+00:00
[2025-11-23T07:14:26.981+0000] {processor.py:176} INFO - Processing /home/airflow/.local/lib/python3.7/site-packages/airflow/example_dags/example_branch_datetime_operator.py took 0.183 seconds
[2025-11-23T07:14:57.237+0000] {processor.py:154} INFO - Started process (PID=4804) to work on /home/airflow/.local/lib/python3.7/site-packages/airflow/example_dags/example_branch_datetime_operator.py
[2025-11-23T07:14:57.238+0000] {processor.py:756} INFO - Processing file /home/airflow/.local/lib/python3.7/site-packages/airflow/example_dags/example_branch_datetime_operator.py for tasks to queue
[2025-11-23T07:14:57.240+0000] {logging_mixin.py:120} INFO - [2025-11-23T07:14:57.239+0000] {dagbag.py:537} INFO - Filling up the DagBag from /home/airflow/.local/lib/python3.7/site-packages/airflow/example_dags/example_branch_datetime_operator.py
[2025-11-23T07:14:57.272+0000] {processor.py:766} INFO - DAG(s) dict_keys(['example_branch_datetime_operator_3', 'example_branch_datetime_operator_2', 'example_branch_datetime_operator']) retrieved from /home/airflow/.local/lib/python3.7/site-packages/airflow/example_dags/example_branch_datetime_operator.py
[2025-11-23T07:14:57.374+0000] {logging_mixin.py:120} INFO - [2025-11-23T07:14:57.374+0000] {dag.py:2585} INFO - Sync 3 DAGs
[2025-11-23T07:14:57.417+0000] {logging_mixin.py:120} INFO - [2025-11-23T07:14:57.416+0000] {dag.py:3340} INFO - Setting next_dagrun for example_branch_datetime_operator to 2025-11-22T00:00:00+00:00, run_after=2025-11-23T00:00:00+00:00
[2025-11-23T07:14:57.429+0000] {logging_mixin.py:120} INFO - [2025-11-23T07:14:57.429+0000] {dag.py:3340} INFO - Setting next_dagrun for example_branch_datetime_operator_2 to 2025-11-22T00:00:00+00:00, run_after=2025-11-23T00:00:00+00:00
[2025-11-23T07:14:57.445+0000] {logging_mixin.py:120} INFO - [2025-11-23T07:14:57.445+0000] {dag.py:3340} INFO - Setting next_dagrun for example_branch_datetime_operator_3 to 2025-11-22T00:00:00+00:00, run_after=2025-11-23T00:00:00+00:00
[2025-11-23T07:14:57.499+0000] {processor.py:176} INFO - Processing /home/airflow/.local/lib/python3.7/site-packages/airflow/example_dags/example_branch_datetime_operator.py took 0.265 seconds
[2025-11-23T07:15:27.984+0000] {processor.py:154} INFO - Started process (PID=4862) to work on /home/airflow/.local/lib/python3.7/site-packages/airflow/example_dags/example_branch_datetime_operator.py
[2025-11-23T07:15:27.985+0000] {processor.py:756} INFO - Processing file /home/airflow/.local/lib/python3.7/site-packages/airflow/example_dags/example_branch_datetime_operator.py for tasks to queue
[2025-11-23T07:15:27.987+0000] {logging_mixin.py:120} INFO - [2025-11-23T07:15:27.987+0000] {dagbag.py:537} INFO - Filling up the DagBag from /home/airflow/.local/lib/python3.7/site-packages/airflow/example_dags/example_branch_datetime_operator.py
[2025-11-23T07:15:28.016+0000] {processor.py:766} INFO - DAG(s) dict_keys(['example_branch_datetime_operator_2', 'example_branch_datetime_operator', 'example_branch_datetime_operator_3']) retrieved from /home/airflow/.local/lib/python3.7/site-packages/airflow/example_dags/example_branch_datetime_operator.py
[2025-11-23T07:15:28.091+0000] {logging_mixin.py:120} INFO - [2025-11-23T07:15:28.091+0000] {dag.py:2585} INFO - Sync 3 DAGs
[2025-11-23T07:15:28.133+0000] {logging_mixin.py:120} INFO - [2025-11-23T07:15:28.132+0000] {dag.py:3340} INFO - Setting next_dagrun for example_branch_datetime_operator to 2025-11-22T00:00:00+00:00, run_after=2025-11-23T00:00:00+00:00
[2025-11-23T07:15:28.147+0000] {logging_mixin.py:120} INFO - [2025-11-23T07:15:28.147+0000] {dag.py:3340} INFO - Setting next_dagrun for example_branch_datetime_operator_2 to 2025-11-22T00:00:00+00:00, run_after=2025-11-23T00:00:00+00:00
[2025-11-23T07:15:28.151+0000] {logging_mixin.py:120} INFO - [2025-11-23T07:15:28.151+0000] {dag.py:3340} INFO - Setting next_dagrun for example_branch_datetime_operator_3 to 2025-11-22T00:00:00+00:00, run_after=2025-11-23T00:00:00+00:00
[2025-11-23T07:15:28.194+0000] {processor.py:176} INFO - Processing /home/airflow/.local/lib/python3.7/site-packages/airflow/example_dags/example_branch_datetime_operator.py took 0.215 seconds
[2025-11-23T07:15:58.330+0000] {processor.py:154} INFO - Started process (PID=4920) to work on /home/airflow/.local/lib/python3.7/site-packages/airflow/example_dags/example_branch_datetime_operator.py
[2025-11-23T07:15:58.331+0000] {processor.py:756} INFO - Processing file /home/airflow/.local/lib/python3.7/site-packages/airflow/example_dags/example_branch_datetime_operator.py for tasks to queue
[2025-11-23T07:15:58.332+0000] {logging_mixin.py:120} INFO - [2025-11-23T07:15:58.332+0000] {dagbag.py:537} INFO - Filling up the DagBag from /home/airflow/.local/lib/python3.7/site-packages/airflow/example_dags/example_branch_datetime_operator.py
[2025-11-23T07:15:58.364+0000] {processor.py:766} INFO - DAG(s) dict_keys(['example_branch_datetime_operator_3', 'example_branch_datetime_operator', 'example_branch_datetime_operator_2']) retrieved from /home/airflow/.local/lib/python3.7/site-packages/airflow/example_dags/example_branch_datetime_operator.py
[2025-11-23T07:15:58.437+0000] {logging_mixin.py:120} INFO - [2025-11-23T07:15:58.437+0000] {dag.py:2585} INFO - Sync 3 DAGs
[2025-11-23T07:15:58.473+0000] {logging_mixin.py:120} INFO - [2025-11-23T07:15:58.473+0000] {dag.py:3340} INFO - Setting next_dagrun for example_branch_datetime_operator to 2025-11-22T00:00:00+00:00, run_after=2025-11-23T00:00:00+00:00
[2025-11-23T07:15:58.483+0000] {logging_mixin.py:120} INFO - [2025-11-23T07:15:58.483+0000] {dag.py:3340} INFO - Setting next_dagrun for example_branch_datetime_operator_2 to 2025-11-22T00:00:00+00:00, run_after=2025-11-23T00:00:00+00:00
[2025-11-23T07:15:58.488+0000] {logging_mixin.py:120} INFO - [2025-11-23T07:15:58.488+0000] {dag.py:3340} INFO - Setting next_dagrun for example_branch_datetime_operator_3 to 2025-11-22T00:00:00+00:00, run_after=2025-11-23T00:00:00+00:00
[2025-11-23T07:15:58.522+0000] {processor.py:176} INFO - Processing /home/airflow/.local/lib/python3.7/site-packages/airflow/example_dags/example_branch_datetime_operator.py took 0.200 seconds
[2025-11-23T07:16:29.090+0000] {processor.py:154} INFO - Started process (PID=4987) to work on /home/airflow/.local/lib/python3.7/site-packages/airflow/example_dags/example_branch_datetime_operator.py
[2025-11-23T07:16:29.092+0000] {processor.py:756} INFO - Processing file /home/airflow/.local/lib/python3.7/site-packages/airflow/example_dags/example_branch_datetime_operator.py for tasks to queue
[2025-11-23T07:16:29.093+0000] {logging_mixin.py:120} INFO - [2025-11-23T07:16:29.093+0000] {dagbag.py:537} INFO - Filling up the DagBag from /home/airflow/.local/lib/python3.7/site-packages/airflow/example_dags/example_branch_datetime_operator.py
[2025-11-23T07:16:29.115+0000] {processor.py:766} INFO - DAG(s) dict_keys(['example_branch_datetime_operator_3', 'example_branch_datetime_operator_2', 'example_branch_datetime_operator']) retrieved from /home/airflow/.local/lib/python3.7/site-packages/airflow/example_dags/example_branch_datetime_operator.py
[2025-11-23T07:16:29.185+0000] {logging_mixin.py:120} INFO - [2025-11-23T07:16:29.185+0000] {dag.py:2585} INFO - Sync 3 DAGs
[2025-11-23T07:16:29.230+0000] {logging_mixin.py:120} INFO - [2025-11-23T07:16:29.229+0000] {dag.py:3340} INFO - Setting next_dagrun for example_branch_datetime_operator to 2025-11-22T00:00:00+00:00, run_after=2025-11-23T00:00:00+00:00
[2025-11-23T07:16:29.243+0000] {logging_mixin.py:120} INFO - [2025-11-23T07:16:29.242+0000] {dag.py:3340} INFO - Setting next_dagrun for example_branch_datetime_operator_2 to 2025-11-22T00:00:00+00:00, run_after=2025-11-23T00:00:00+00:00
[2025-11-23T07:16:29.252+0000] {logging_mixin.py:120} INFO - [2025-11-23T07:16:29.251+0000] {dag.py:3340} INFO - Setting next_dagrun for example_branch_datetime_operator_3 to 2025-11-22T00:00:00+00:00, run_after=2025-11-23T00:00:00+00:00
[2025-11-23T07:16:29.346+0000] {processor.py:176} INFO - Processing /home/airflow/.local/lib/python3.7/site-packages/airflow/example_dags/example_branch_datetime_operator.py took 0.260 seconds
[2025-11-23T07:17:00.456+0000] {processor.py:154} INFO - Started process (PID=5054) to work on /home/airflow/.local/lib/python3.7/site-packages/airflow/example_dags/example_branch_datetime_operator.py
[2025-11-23T07:17:00.457+0000] {processor.py:756} INFO - Processing file /home/airflow/.local/lib/python3.7/site-packages/airflow/example_dags/example_branch_datetime_operator.py for tasks to queue
[2025-11-23T07:17:00.470+0000] {logging_mixin.py:120} INFO - [2025-11-23T07:17:00.465+0000] {dagbag.py:537} INFO - Filling up the DagBag from /home/airflow/.local/lib/python3.7/site-packages/airflow/example_dags/example_branch_datetime_operator.py
[2025-11-23T07:17:00.541+0000] {processor.py:766} INFO - DAG(s) dict_keys(['example_branch_datetime_operator_3', 'example_branch_datetime_operator_2', 'example_branch_datetime_operator']) retrieved from /home/airflow/.local/lib/python3.7/site-packages/airflow/example_dags/example_branch_datetime_operator.py
[2025-11-23T07:17:00.704+0000] {logging_mixin.py:120} INFO - [2025-11-23T07:17:00.704+0000] {dag.py:2585} INFO - Sync 3 DAGs
[2025-11-23T07:17:00.777+0000] {logging_mixin.py:120} INFO - [2025-11-23T07:17:00.777+0000] {dag.py:3340} INFO - Setting next_dagrun for example_branch_datetime_operator to 2025-11-22T00:00:00+00:00, run_after=2025-11-23T00:00:00+00:00
[2025-11-23T07:17:00.796+0000] {logging_mixin.py:120} INFO - [2025-11-23T07:17:00.793+0000] {dag.py:3340} INFO - Setting next_dagrun for example_branch_datetime_operator_2 to 2025-11-22T00:00:00+00:00, run_after=2025-11-23T00:00:00+00:00
[2025-11-23T07:17:00.809+0000] {logging_mixin.py:120} INFO - [2025-11-23T07:17:00.808+0000] {dag.py:3340} INFO - Setting next_dagrun for example_branch_datetime_operator_3 to 2025-11-22T00:00:00+00:00, run_after=2025-11-23T00:00:00+00:00
[2025-11-23T07:17:00.869+0000] {processor.py:176} INFO - Processing /home/airflow/.local/lib/python3.7/site-packages/airflow/example_dags/example_branch_datetime_operator.py took 0.442 seconds
[2025-11-23T07:17:36.319+0000] {processor.py:154} INFO - Started process (PID=5113) to work on /home/airflow/.local/lib/python3.7/site-packages/airflow/example_dags/example_branch_datetime_operator.py
[2025-11-23T07:17:36.323+0000] {processor.py:756} INFO - Processing file /home/airflow/.local/lib/python3.7/site-packages/airflow/example_dags/example_branch_datetime_operator.py for tasks to queue
[2025-11-23T07:17:36.325+0000] {logging_mixin.py:120} INFO - [2025-11-23T07:17:36.325+0000] {dagbag.py:537} INFO - Filling up the DagBag from /home/airflow/.local/lib/python3.7/site-packages/airflow/example_dags/example_branch_datetime_operator.py
[2025-11-23T07:17:36.395+0000] {processor.py:766} INFO - DAG(s) dict_keys(['example_branch_datetime_operator_2', 'example_branch_datetime_operator', 'example_branch_datetime_operator_3']) retrieved from /home/airflow/.local/lib/python3.7/site-packages/airflow/example_dags/example_branch_datetime_operator.py
[2025-11-23T07:17:36.734+0000] {logging_mixin.py:120} INFO - [2025-11-23T07:17:36.733+0000] {dag.py:2585} INFO - Sync 3 DAGs
[2025-11-23T07:17:36.886+0000] {logging_mixin.py:120} INFO - [2025-11-23T07:17:36.878+0000] {dag.py:3340} INFO - Setting next_dagrun for example_branch_datetime_operator to 2025-11-22T00:00:00+00:00, run_after=2025-11-23T00:00:00+00:00
[2025-11-23T07:17:36.907+0000] {logging_mixin.py:120} INFO - [2025-11-23T07:17:36.904+0000] {dag.py:3340} INFO - Setting next_dagrun for example_branch_datetime_operator_2 to 2025-11-22T00:00:00+00:00, run_after=2025-11-23T00:00:00+00:00
[2025-11-23T07:17:36.919+0000] {logging_mixin.py:120} INFO - [2025-11-23T07:17:36.919+0000] {dag.py:3340} INFO - Setting next_dagrun for example_branch_datetime_operator_3 to 2025-11-22T00:00:00+00:00, run_after=2025-11-23T00:00:00+00:00
[2025-11-23T07:17:37.086+0000] {processor.py:176} INFO - Processing /home/airflow/.local/lib/python3.7/site-packages/airflow/example_dags/example_branch_datetime_operator.py took 0.777 seconds
[2025-11-23T07:18:08.019+0000] {processor.py:154} INFO - Started process (PID=5171) to work on /home/airflow/.local/lib/python3.7/site-packages/airflow/example_dags/example_branch_datetime_operator.py
[2025-11-23T07:18:08.033+0000] {processor.py:756} INFO - Processing file /home/airflow/.local/lib/python3.7/site-packages/airflow/example_dags/example_branch_datetime_operator.py for tasks to queue
[2025-11-23T07:18:08.035+0000] {logging_mixin.py:120} INFO - [2025-11-23T07:18:08.034+0000] {dagbag.py:537} INFO - Filling up the DagBag from /home/airflow/.local/lib/python3.7/site-packages/airflow/example_dags/example_branch_datetime_operator.py
[2025-11-23T07:18:08.162+0000] {processor.py:766} INFO - DAG(s) dict_keys(['example_branch_datetime_operator_3', 'example_branch_datetime_operator_2', 'example_branch_datetime_operator']) retrieved from /home/airflow/.local/lib/python3.7/site-packages/airflow/example_dags/example_branch_datetime_operator.py
[2025-11-23T07:18:08.511+0000] {logging_mixin.py:120} INFO - [2025-11-23T07:18:08.511+0000] {dag.py:2585} INFO - Sync 3 DAGs
[2025-11-23T07:18:08.641+0000] {logging_mixin.py:120} INFO - [2025-11-23T07:18:08.640+0000] {dag.py:3340} INFO - Setting next_dagrun for example_branch_datetime_operator to 2025-11-22T00:00:00+00:00, run_after=2025-11-23T00:00:00+00:00
[2025-11-23T07:18:08.658+0000] {logging_mixin.py:120} INFO - [2025-11-23T07:18:08.658+0000] {dag.py:3340} INFO - Setting next_dagrun for example_branch_datetime_operator_2 to 2025-11-22T00:00:00+00:00, run_after=2025-11-23T00:00:00+00:00
[2025-11-23T07:18:08.669+0000] {logging_mixin.py:120} INFO - [2025-11-23T07:18:08.669+0000] {dag.py:3340} INFO - Setting next_dagrun for example_branch_datetime_operator_3 to 2025-11-22T00:00:00+00:00, run_after=2025-11-23T00:00:00+00:00
[2025-11-23T07:18:08.797+0000] {processor.py:176} INFO - Processing /home/airflow/.local/lib/python3.7/site-packages/airflow/example_dags/example_branch_datetime_operator.py took 0.804 seconds
[2025-11-23T07:18:38.988+0000] {processor.py:154} INFO - Started process (PID=5229) to work on /home/airflow/.local/lib/python3.7/site-packages/airflow/example_dags/example_branch_datetime_operator.py
[2025-11-23T07:18:38.989+0000] {processor.py:756} INFO - Processing file /home/airflow/.local/lib/python3.7/site-packages/airflow/example_dags/example_branch_datetime_operator.py for tasks to queue
[2025-11-23T07:18:38.990+0000] {logging_mixin.py:120} INFO - [2025-11-23T07:18:38.990+0000] {dagbag.py:537} INFO - Filling up the DagBag from /home/airflow/.local/lib/python3.7/site-packages/airflow/example_dags/example_branch_datetime_operator.py
[2025-11-23T07:18:39.018+0000] {processor.py:766} INFO - DAG(s) dict_keys(['example_branch_datetime_operator_3', 'example_branch_datetime_operator', 'example_branch_datetime_operator_2']) retrieved from /home/airflow/.local/lib/python3.7/site-packages/airflow/example_dags/example_branch_datetime_operator.py
[2025-11-23T07:18:39.101+0000] {logging_mixin.py:120} INFO - [2025-11-23T07:18:39.101+0000] {dag.py:2585} INFO - Sync 3 DAGs
[2025-11-23T07:18:39.134+0000] {logging_mixin.py:120} INFO - [2025-11-23T07:18:39.133+0000] {dag.py:3340} INFO - Setting next_dagrun for example_branch_datetime_operator to 2025-11-22T00:00:00+00:00, run_after=2025-11-23T00:00:00+00:00
[2025-11-23T07:18:39.139+0000] {logging_mixin.py:120} INFO - [2025-11-23T07:18:39.139+0000] {dag.py:3340} INFO - Setting next_dagrun for example_branch_datetime_operator_2 to 2025-11-22T00:00:00+00:00, run_after=2025-11-23T00:00:00+00:00
[2025-11-23T07:18:39.143+0000] {logging_mixin.py:120} INFO - [2025-11-23T07:18:39.142+0000] {dag.py:3340} INFO - Setting next_dagrun for example_branch_datetime_operator_3 to 2025-11-22T00:00:00+00:00, run_after=2025-11-23T00:00:00+00:00
[2025-11-23T07:18:39.169+0000] {processor.py:176} INFO - Processing /home/airflow/.local/lib/python3.7/site-packages/airflow/example_dags/example_branch_datetime_operator.py took 0.187 seconds
[2025-11-23T07:19:11.599+0000] {processor.py:154} INFO - Started process (PID=5295) to work on /home/airflow/.local/lib/python3.7/site-packages/airflow/example_dags/example_branch_datetime_operator.py
[2025-11-23T07:19:11.602+0000] {processor.py:756} INFO - Processing file /home/airflow/.local/lib/python3.7/site-packages/airflow/example_dags/example_branch_datetime_operator.py for tasks to queue
[2025-11-23T07:19:11.604+0000] {logging_mixin.py:120} INFO - [2025-11-23T07:19:11.604+0000] {dagbag.py:537} INFO - Filling up the DagBag from /home/airflow/.local/lib/python3.7/site-packages/airflow/example_dags/example_branch_datetime_operator.py
[2025-11-23T07:19:11.702+0000] {processor.py:766} INFO - DAG(s) dict_keys(['example_branch_datetime_operator', 'example_branch_datetime_operator_2', 'example_branch_datetime_operator_3']) retrieved from /home/airflow/.local/lib/python3.7/site-packages/airflow/example_dags/example_branch_datetime_operator.py
[2025-11-23T07:19:11.934+0000] {logging_mixin.py:120} INFO - [2025-11-23T07:19:11.934+0000] {dag.py:2585} INFO - Sync 3 DAGs
[2025-11-23T07:19:12.045+0000] {logging_mixin.py:120} INFO - [2025-11-23T07:19:12.039+0000] {dag.py:3340} INFO - Setting next_dagrun for example_branch_datetime_operator to 2025-11-22T00:00:00+00:00, run_after=2025-11-23T00:00:00+00:00
[2025-11-23T07:19:12.070+0000] {logging_mixin.py:120} INFO - [2025-11-23T07:19:12.070+0000] {dag.py:3340} INFO - Setting next_dagrun for example_branch_datetime_operator_2 to 2025-11-22T00:00:00+00:00, run_after=2025-11-23T00:00:00+00:00
[2025-11-23T07:19:12.096+0000] {logging_mixin.py:120} INFO - [2025-11-23T07:19:12.096+0000] {dag.py:3340} INFO - Setting next_dagrun for example_branch_datetime_operator_3 to 2025-11-22T00:00:00+00:00, run_after=2025-11-23T00:00:00+00:00
[2025-11-23T07:19:12.196+0000] {processor.py:176} INFO - Processing /home/airflow/.local/lib/python3.7/site-packages/airflow/example_dags/example_branch_datetime_operator.py took 0.609 seconds
[2025-11-23T07:19:42.420+0000] {processor.py:154} INFO - Started process (PID=5355) to work on /home/airflow/.local/lib/python3.7/site-packages/airflow/example_dags/example_branch_datetime_operator.py
[2025-11-23T07:19:42.428+0000] {processor.py:756} INFO - Processing file /home/airflow/.local/lib/python3.7/site-packages/airflow/example_dags/example_branch_datetime_operator.py for tasks to queue
[2025-11-23T07:19:42.431+0000] {logging_mixin.py:120} INFO - [2025-11-23T07:19:42.430+0000] {dagbag.py:537} INFO - Filling up the DagBag from /home/airflow/.local/lib/python3.7/site-packages/airflow/example_dags/example_branch_datetime_operator.py
[2025-11-23T07:19:42.482+0000] {processor.py:766} INFO - DAG(s) dict_keys(['example_branch_datetime_operator_2', 'example_branch_datetime_operator_3', 'example_branch_datetime_operator']) retrieved from /home/airflow/.local/lib/python3.7/site-packages/airflow/example_dags/example_branch_datetime_operator.py
[2025-11-23T07:19:42.596+0000] {logging_mixin.py:120} INFO - [2025-11-23T07:19:42.596+0000] {dag.py:2585} INFO - Sync 3 DAGs
[2025-11-23T07:19:42.716+0000] {logging_mixin.py:120} INFO - [2025-11-23T07:19:42.715+0000] {dag.py:3340} INFO - Setting next_dagrun for example_branch_datetime_operator to 2025-11-22T00:00:00+00:00, run_after=2025-11-23T00:00:00+00:00
[2025-11-23T07:19:42.745+0000] {logging_mixin.py:120} INFO - [2025-11-23T07:19:42.744+0000] {dag.py:3340} INFO - Setting next_dagrun for example_branch_datetime_operator_2 to 2025-11-22T00:00:00+00:00, run_after=2025-11-23T00:00:00+00:00
[2025-11-23T07:19:42.754+0000] {logging_mixin.py:120} INFO - [2025-11-23T07:19:42.753+0000] {dag.py:3340} INFO - Setting next_dagrun for example_branch_datetime_operator_3 to 2025-11-22T00:00:00+00:00, run_after=2025-11-23T00:00:00+00:00
[2025-11-23T07:19:42.823+0000] {processor.py:176} INFO - Processing /home/airflow/.local/lib/python3.7/site-packages/airflow/example_dags/example_branch_datetime_operator.py took 0.410 seconds
[2025-11-23T07:20:13.440+0000] {processor.py:154} INFO - Started process (PID=5413) to work on /home/airflow/.local/lib/python3.7/site-packages/airflow/example_dags/example_branch_datetime_operator.py
[2025-11-23T07:20:13.442+0000] {processor.py:756} INFO - Processing file /home/airflow/.local/lib/python3.7/site-packages/airflow/example_dags/example_branch_datetime_operator.py for tasks to queue
[2025-11-23T07:20:13.443+0000] {logging_mixin.py:120} INFO - [2025-11-23T07:20:13.443+0000] {dagbag.py:537} INFO - Filling up the DagBag from /home/airflow/.local/lib/python3.7/site-packages/airflow/example_dags/example_branch_datetime_operator.py
[2025-11-23T07:20:13.502+0000] {processor.py:766} INFO - DAG(s) dict_keys(['example_branch_datetime_operator', 'example_branch_datetime_operator_3', 'example_branch_datetime_operator_2']) retrieved from /home/airflow/.local/lib/python3.7/site-packages/airflow/example_dags/example_branch_datetime_operator.py
[2025-11-23T07:20:13.631+0000] {logging_mixin.py:120} INFO - [2025-11-23T07:20:13.630+0000] {dag.py:2585} INFO - Sync 3 DAGs
[2025-11-23T07:20:13.667+0000] {logging_mixin.py:120} INFO - [2025-11-23T07:20:13.667+0000] {dag.py:3340} INFO - Setting next_dagrun for example_branch_datetime_operator to 2025-11-22T00:00:00+00:00, run_after=2025-11-23T00:00:00+00:00
[2025-11-23T07:20:13.677+0000] {logging_mixin.py:120} INFO - [2025-11-23T07:20:13.676+0000] {dag.py:3340} INFO - Setting next_dagrun for example_branch_datetime_operator_2 to 2025-11-22T00:00:00+00:00, run_after=2025-11-23T00:00:00+00:00
[2025-11-23T07:20:13.680+0000] {logging_mixin.py:120} INFO - [2025-11-23T07:20:13.680+0000] {dag.py:3340} INFO - Setting next_dagrun for example_branch_datetime_operator_3 to 2025-11-22T00:00:00+00:00, run_after=2025-11-23T00:00:00+00:00
[2025-11-23T07:20:13.713+0000] {processor.py:176} INFO - Processing /home/airflow/.local/lib/python3.7/site-packages/airflow/example_dags/example_branch_datetime_operator.py took 0.282 seconds
[2025-11-23T07:20:44.094+0000] {processor.py:154} INFO - Started process (PID=5472) to work on /home/airflow/.local/lib/python3.7/site-packages/airflow/example_dags/example_branch_datetime_operator.py
[2025-11-23T07:20:44.095+0000] {processor.py:756} INFO - Processing file /home/airflow/.local/lib/python3.7/site-packages/airflow/example_dags/example_branch_datetime_operator.py for tasks to queue
[2025-11-23T07:20:44.096+0000] {logging_mixin.py:120} INFO - [2025-11-23T07:20:44.096+0000] {dagbag.py:537} INFO - Filling up the DagBag from /home/airflow/.local/lib/python3.7/site-packages/airflow/example_dags/example_branch_datetime_operator.py
[2025-11-23T07:20:44.131+0000] {processor.py:766} INFO - DAG(s) dict_keys(['example_branch_datetime_operator_2', 'example_branch_datetime_operator_3', 'example_branch_datetime_operator']) retrieved from /home/airflow/.local/lib/python3.7/site-packages/airflow/example_dags/example_branch_datetime_operator.py
[2025-11-23T07:20:44.214+0000] {logging_mixin.py:120} INFO - [2025-11-23T07:20:44.214+0000] {dag.py:2585} INFO - Sync 3 DAGs
[2025-11-23T07:20:44.256+0000] {logging_mixin.py:120} INFO - [2025-11-23T07:20:44.256+0000] {dag.py:3340} INFO - Setting next_dagrun for example_branch_datetime_operator to 2025-11-22T00:00:00+00:00, run_after=2025-11-23T00:00:00+00:00
[2025-11-23T07:20:44.262+0000] {logging_mixin.py:120} INFO - [2025-11-23T07:20:44.262+0000] {dag.py:3340} INFO - Setting next_dagrun for example_branch_datetime_operator_2 to 2025-11-22T00:00:00+00:00, run_after=2025-11-23T00:00:00+00:00
[2025-11-23T07:20:44.265+0000] {logging_mixin.py:120} INFO - [2025-11-23T07:20:44.265+0000] {dag.py:3340} INFO - Setting next_dagrun for example_branch_datetime_operator_3 to 2025-11-22T00:00:00+00:00, run_after=2025-11-23T00:00:00+00:00
[2025-11-23T07:20:44.295+0000] {processor.py:176} INFO - Processing /home/airflow/.local/lib/python3.7/site-packages/airflow/example_dags/example_branch_datetime_operator.py took 0.205 seconds
[2025-11-23T07:21:14.337+0000] {processor.py:154} INFO - Started process (PID=5540) to work on /home/airflow/.local/lib/python3.7/site-packages/airflow/example_dags/example_branch_datetime_operator.py
[2025-11-23T07:21:14.339+0000] {processor.py:756} INFO - Processing file /home/airflow/.local/lib/python3.7/site-packages/airflow/example_dags/example_branch_datetime_operator.py for tasks to queue
[2025-11-23T07:21:14.351+0000] {logging_mixin.py:120} INFO - [2025-11-23T07:21:14.349+0000] {dagbag.py:537} INFO - Filling up the DagBag from /home/airflow/.local/lib/python3.7/site-packages/airflow/example_dags/example_branch_datetime_operator.py
[2025-11-23T07:21:14.380+0000] {processor.py:766} INFO - DAG(s) dict_keys(['example_branch_datetime_operator_3', 'example_branch_datetime_operator_2', 'example_branch_datetime_operator']) retrieved from /home/airflow/.local/lib/python3.7/site-packages/airflow/example_dags/example_branch_datetime_operator.py
[2025-11-23T07:21:14.453+0000] {logging_mixin.py:120} INFO - [2025-11-23T07:21:14.453+0000] {dag.py:2585} INFO - Sync 3 DAGs
[2025-11-23T07:21:14.503+0000] {logging_mixin.py:120} INFO - [2025-11-23T07:21:14.503+0000] {dag.py:3340} INFO - Setting next_dagrun for example_branch_datetime_operator to 2025-11-22T00:00:00+00:00, run_after=2025-11-23T00:00:00+00:00
[2025-11-23T07:21:14.512+0000] {logging_mixin.py:120} INFO - [2025-11-23T07:21:14.512+0000] {dag.py:3340} INFO - Setting next_dagrun for example_branch_datetime_operator_2 to 2025-11-22T00:00:00+00:00, run_after=2025-11-23T00:00:00+00:00
[2025-11-23T07:21:14.519+0000] {logging_mixin.py:120} INFO - [2025-11-23T07:21:14.518+0000] {dag.py:3340} INFO - Setting next_dagrun for example_branch_datetime_operator_3 to 2025-11-22T00:00:00+00:00, run_after=2025-11-23T00:00:00+00:00
[2025-11-23T07:21:14.546+0000] {processor.py:176} INFO - Processing /home/airflow/.local/lib/python3.7/site-packages/airflow/example_dags/example_branch_datetime_operator.py took 0.215 seconds
[2025-11-23T07:21:45.417+0000] {processor.py:154} INFO - Started process (PID=5597) to work on /home/airflow/.local/lib/python3.7/site-packages/airflow/example_dags/example_branch_datetime_operator.py
[2025-11-23T07:21:45.419+0000] {processor.py:756} INFO - Processing file /home/airflow/.local/lib/python3.7/site-packages/airflow/example_dags/example_branch_datetime_operator.py for tasks to queue
[2025-11-23T07:21:45.432+0000] {logging_mixin.py:120} INFO - [2025-11-23T07:21:45.431+0000] {dagbag.py:537} INFO - Filling up the DagBag from /home/airflow/.local/lib/python3.7/site-packages/airflow/example_dags/example_branch_datetime_operator.py
[2025-11-23T07:21:45.549+0000] {processor.py:766} INFO - DAG(s) dict_keys(['example_branch_datetime_operator_2', 'example_branch_datetime_operator', 'example_branch_datetime_operator_3']) retrieved from /home/airflow/.local/lib/python3.7/site-packages/airflow/example_dags/example_branch_datetime_operator.py
[2025-11-23T07:21:45.704+0000] {logging_mixin.py:120} INFO - [2025-11-23T07:21:45.704+0000] {dag.py:2585} INFO - Sync 3 DAGs
[2025-11-23T07:21:45.754+0000] {logging_mixin.py:120} INFO - [2025-11-23T07:21:45.754+0000] {dag.py:3340} INFO - Setting next_dagrun for example_branch_datetime_operator to 2025-11-22T00:00:00+00:00, run_after=2025-11-23T00:00:00+00:00
[2025-11-23T07:21:45.762+0000] {logging_mixin.py:120} INFO - [2025-11-23T07:21:45.762+0000] {dag.py:3340} INFO - Setting next_dagrun for example_branch_datetime_operator_2 to 2025-11-22T00:00:00+00:00, run_after=2025-11-23T00:00:00+00:00
[2025-11-23T07:21:45.773+0000] {logging_mixin.py:120} INFO - [2025-11-23T07:21:45.771+0000] {dag.py:3340} INFO - Setting next_dagrun for example_branch_datetime_operator_3 to 2025-11-22T00:00:00+00:00, run_after=2025-11-23T00:00:00+00:00
[2025-11-23T07:21:45.819+0000] {processor.py:176} INFO - Processing /home/airflow/.local/lib/python3.7/site-packages/airflow/example_dags/example_branch_datetime_operator.py took 0.443 seconds
[2025-11-23T07:22:15.922+0000] {processor.py:154} INFO - Started process (PID=5663) to work on /home/airflow/.local/lib/python3.7/site-packages/airflow/example_dags/example_branch_datetime_operator.py
[2025-11-23T07:22:15.926+0000] {processor.py:756} INFO - Processing file /home/airflow/.local/lib/python3.7/site-packages/airflow/example_dags/example_branch_datetime_operator.py for tasks to queue
[2025-11-23T07:22:15.934+0000] {logging_mixin.py:120} INFO - [2025-11-23T07:22:15.934+0000] {dagbag.py:537} INFO - Filling up the DagBag from /home/airflow/.local/lib/python3.7/site-packages/airflow/example_dags/example_branch_datetime_operator.py
[2025-11-23T07:22:15.983+0000] {processor.py:766} INFO - DAG(s) dict_keys(['example_branch_datetime_operator_3', 'example_branch_datetime_operator', 'example_branch_datetime_operator_2']) retrieved from /home/airflow/.local/lib/python3.7/site-packages/airflow/example_dags/example_branch_datetime_operator.py
[2025-11-23T07:22:16.059+0000] {logging_mixin.py:120} INFO - [2025-11-23T07:22:16.059+0000] {dag.py:2585} INFO - Sync 3 DAGs
[2025-11-23T07:22:16.110+0000] {logging_mixin.py:120} INFO - [2025-11-23T07:22:16.110+0000] {dag.py:3340} INFO - Setting next_dagrun for example_branch_datetime_operator to 2025-11-22T00:00:00+00:00, run_after=2025-11-23T00:00:00+00:00
[2025-11-23T07:22:16.130+0000] {logging_mixin.py:120} INFO - [2025-11-23T07:22:16.130+0000] {dag.py:3340} INFO - Setting next_dagrun for example_branch_datetime_operator_2 to 2025-11-22T00:00:00+00:00, run_after=2025-11-23T00:00:00+00:00
[2025-11-23T07:22:16.140+0000] {logging_mixin.py:120} INFO - [2025-11-23T07:22:16.140+0000] {dag.py:3340} INFO - Setting next_dagrun for example_branch_datetime_operator_3 to 2025-11-22T00:00:00+00:00, run_after=2025-11-23T00:00:00+00:00
[2025-11-23T07:22:16.175+0000] {processor.py:176} INFO - Processing /home/airflow/.local/lib/python3.7/site-packages/airflow/example_dags/example_branch_datetime_operator.py took 0.260 seconds
[2025-11-23T07:22:46.984+0000] {processor.py:154} INFO - Started process (PID=5720) to work on /home/airflow/.local/lib/python3.7/site-packages/airflow/example_dags/example_branch_datetime_operator.py
[2025-11-23T07:22:46.986+0000] {processor.py:756} INFO - Processing file /home/airflow/.local/lib/python3.7/site-packages/airflow/example_dags/example_branch_datetime_operator.py for tasks to queue
[2025-11-23T07:22:46.988+0000] {logging_mixin.py:120} INFO - [2025-11-23T07:22:46.987+0000] {dagbag.py:537} INFO - Filling up the DagBag from /home/airflow/.local/lib/python3.7/site-packages/airflow/example_dags/example_branch_datetime_operator.py
[2025-11-23T07:22:47.017+0000] {processor.py:766} INFO - DAG(s) dict_keys(['example_branch_datetime_operator', 'example_branch_datetime_operator_2', 'example_branch_datetime_operator_3']) retrieved from /home/airflow/.local/lib/python3.7/site-packages/airflow/example_dags/example_branch_datetime_operator.py
[2025-11-23T07:22:47.090+0000] {logging_mixin.py:120} INFO - [2025-11-23T07:22:47.089+0000] {dag.py:2585} INFO - Sync 3 DAGs
[2025-11-23T07:22:47.136+0000] {logging_mixin.py:120} INFO - [2025-11-23T07:22:47.136+0000] {dag.py:3340} INFO - Setting next_dagrun for example_branch_datetime_operator to 2025-11-22T00:00:00+00:00, run_after=2025-11-23T00:00:00+00:00
[2025-11-23T07:22:47.142+0000] {logging_mixin.py:120} INFO - [2025-11-23T07:22:47.142+0000] {dag.py:3340} INFO - Setting next_dagrun for example_branch_datetime_operator_2 to 2025-11-22T00:00:00+00:00, run_after=2025-11-23T00:00:00+00:00
[2025-11-23T07:22:47.146+0000] {logging_mixin.py:120} INFO - [2025-11-23T07:22:47.145+0000] {dag.py:3340} INFO - Setting next_dagrun for example_branch_datetime_operator_3 to 2025-11-22T00:00:00+00:00, run_after=2025-11-23T00:00:00+00:00
[2025-11-23T07:22:47.171+0000] {processor.py:176} INFO - Processing /home/airflow/.local/lib/python3.7/site-packages/airflow/example_dags/example_branch_datetime_operator.py took 0.191 seconds
[2025-11-23T07:23:17.431+0000] {processor.py:154} INFO - Started process (PID=5786) to work on /home/airflow/.local/lib/python3.7/site-packages/airflow/example_dags/example_branch_datetime_operator.py
[2025-11-23T07:23:17.438+0000] {processor.py:756} INFO - Processing file /home/airflow/.local/lib/python3.7/site-packages/airflow/example_dags/example_branch_datetime_operator.py for tasks to queue
[2025-11-23T07:23:17.440+0000] {logging_mixin.py:120} INFO - [2025-11-23T07:23:17.440+0000] {dagbag.py:537} INFO - Filling up the DagBag from /home/airflow/.local/lib/python3.7/site-packages/airflow/example_dags/example_branch_datetime_operator.py
[2025-11-23T07:23:17.479+0000] {processor.py:766} INFO - DAG(s) dict_keys(['example_branch_datetime_operator', 'example_branch_datetime_operator_3', 'example_branch_datetime_operator_2']) retrieved from /home/airflow/.local/lib/python3.7/site-packages/airflow/example_dags/example_branch_datetime_operator.py
[2025-11-23T07:23:17.583+0000] {logging_mixin.py:120} INFO - [2025-11-23T07:23:17.582+0000] {dag.py:2585} INFO - Sync 3 DAGs
[2025-11-23T07:23:17.645+0000] {logging_mixin.py:120} INFO - [2025-11-23T07:23:17.645+0000] {dag.py:3340} INFO - Setting next_dagrun for example_branch_datetime_operator to 2025-11-22T00:00:00+00:00, run_after=2025-11-23T00:00:00+00:00
[2025-11-23T07:23:17.661+0000] {logging_mixin.py:120} INFO - [2025-11-23T07:23:17.661+0000] {dag.py:3340} INFO - Setting next_dagrun for example_branch_datetime_operator_2 to 2025-11-22T00:00:00+00:00, run_after=2025-11-23T00:00:00+00:00
[2025-11-23T07:23:17.671+0000] {logging_mixin.py:120} INFO - [2025-11-23T07:23:17.669+0000] {dag.py:3340} INFO - Setting next_dagrun for example_branch_datetime_operator_3 to 2025-11-22T00:00:00+00:00, run_after=2025-11-23T00:00:00+00:00
[2025-11-23T07:23:17.712+0000] {processor.py:176} INFO - Processing /home/airflow/.local/lib/python3.7/site-packages/airflow/example_dags/example_branch_datetime_operator.py took 0.297 seconds
