[2025-11-23T06:34:49.059+0000] {processor.py:154} INFO - Started process (PID=82) to work on /home/airflow/.local/lib/python3.7/site-packages/airflow/example_dags/tutorial_dag.py
[2025-11-23T06:34:49.081+0000] {processor.py:756} INFO - Processing file /home/airflow/.local/lib/python3.7/site-packages/airflow/example_dags/tutorial_dag.py for tasks to queue
[2025-11-23T06:34:49.127+0000] {logging_mixin.py:120} INFO - [2025-11-23T06:34:49.117+0000] {dagbag.py:537} INFO - Filling up the DagBag from /home/airflow/.local/lib/python3.7/site-packages/airflow/example_dags/tutorial_dag.py
[2025-11-23T06:34:49.881+0000] {processor.py:766} INFO - DAG(s) dict_keys(['tutorial_dag']) retrieved from /home/airflow/.local/lib/python3.7/site-packages/airflow/example_dags/tutorial_dag.py
[2025-11-23T06:34:50.555+0000] {logging_mixin.py:120} INFO - [2025-11-23T06:34:50.554+0000] {dag.py:2585} INFO - Sync 1 DAGs
[2025-11-23T06:34:50.778+0000] {logging_mixin.py:120} INFO - [2025-11-23T06:34:50.777+0000] {dag.py:3340} INFO - Setting next_dagrun for tutorial_dag to None, run_after=None
[2025-11-23T06:34:50.926+0000] {processor.py:176} INFO - Processing /home/airflow/.local/lib/python3.7/site-packages/airflow/example_dags/tutorial_dag.py took 2.229 seconds
[2025-11-23T06:35:26.540+0000] {processor.py:154} INFO - Started process (PID=139) to work on /home/airflow/.local/lib/python3.7/site-packages/airflow/example_dags/tutorial_dag.py
[2025-11-23T06:35:26.542+0000] {processor.py:756} INFO - Processing file /home/airflow/.local/lib/python3.7/site-packages/airflow/example_dags/tutorial_dag.py for tasks to queue
[2025-11-23T06:35:26.546+0000] {logging_mixin.py:120} INFO - [2025-11-23T06:35:26.545+0000] {dagbag.py:537} INFO - Filling up the DagBag from /home/airflow/.local/lib/python3.7/site-packages/airflow/example_dags/tutorial_dag.py
[2025-11-23T06:35:26.621+0000] {processor.py:766} INFO - DAG(s) dict_keys(['tutorial_dag']) retrieved from /home/airflow/.local/lib/python3.7/site-packages/airflow/example_dags/tutorial_dag.py
[2025-11-23T06:35:26.840+0000] {logging_mixin.py:120} INFO - [2025-11-23T06:35:26.838+0000] {dag.py:2585} INFO - Sync 1 DAGs
[2025-11-23T06:35:26.972+0000] {logging_mixin.py:120} INFO - [2025-11-23T06:35:26.971+0000] {dag.py:3340} INFO - Setting next_dagrun for tutorial_dag to None, run_after=None
[2025-11-23T06:35:27.047+0000] {processor.py:176} INFO - Processing /home/airflow/.local/lib/python3.7/site-packages/airflow/example_dags/tutorial_dag.py took 0.514 seconds
[2025-11-23T06:35:57.185+0000] {processor.py:154} INFO - Started process (PID=196) to work on /home/airflow/.local/lib/python3.7/site-packages/airflow/example_dags/tutorial_dag.py
[2025-11-23T06:35:57.187+0000] {processor.py:756} INFO - Processing file /home/airflow/.local/lib/python3.7/site-packages/airflow/example_dags/tutorial_dag.py for tasks to queue
[2025-11-23T06:35:57.189+0000] {logging_mixin.py:120} INFO - [2025-11-23T06:35:57.188+0000] {dagbag.py:537} INFO - Filling up the DagBag from /home/airflow/.local/lib/python3.7/site-packages/airflow/example_dags/tutorial_dag.py
[2025-11-23T06:35:57.227+0000] {processor.py:766} INFO - DAG(s) dict_keys(['tutorial_dag']) retrieved from /home/airflow/.local/lib/python3.7/site-packages/airflow/example_dags/tutorial_dag.py
[2025-11-23T06:35:57.294+0000] {logging_mixin.py:120} INFO - [2025-11-23T06:35:57.294+0000] {dag.py:2585} INFO - Sync 1 DAGs
[2025-11-23T06:35:57.343+0000] {logging_mixin.py:120} INFO - [2025-11-23T06:35:57.343+0000] {dag.py:3340} INFO - Setting next_dagrun for tutorial_dag to None, run_after=None
[2025-11-23T06:35:57.374+0000] {processor.py:176} INFO - Processing /home/airflow/.local/lib/python3.7/site-packages/airflow/example_dags/tutorial_dag.py took 0.204 seconds
[2025-11-23T06:36:27.753+0000] {processor.py:154} INFO - Started process (PID=252) to work on /home/airflow/.local/lib/python3.7/site-packages/airflow/example_dags/tutorial_dag.py
[2025-11-23T06:36:27.755+0000] {processor.py:756} INFO - Processing file /home/airflow/.local/lib/python3.7/site-packages/airflow/example_dags/tutorial_dag.py for tasks to queue
[2025-11-23T06:36:27.758+0000] {logging_mixin.py:120} INFO - [2025-11-23T06:36:27.758+0000] {dagbag.py:537} INFO - Filling up the DagBag from /home/airflow/.local/lib/python3.7/site-packages/airflow/example_dags/tutorial_dag.py
[2025-11-23T06:36:27.779+0000] {processor.py:766} INFO - DAG(s) dict_keys(['tutorial_dag']) retrieved from /home/airflow/.local/lib/python3.7/site-packages/airflow/example_dags/tutorial_dag.py
[2025-11-23T06:36:27.904+0000] {logging_mixin.py:120} INFO - [2025-11-23T06:36:27.903+0000] {dag.py:2585} INFO - Sync 1 DAGs
[2025-11-23T06:36:27.960+0000] {logging_mixin.py:120} INFO - [2025-11-23T06:36:27.960+0000] {dag.py:3340} INFO - Setting next_dagrun for tutorial_dag to None, run_after=None
[2025-11-23T06:36:28.011+0000] {processor.py:176} INFO - Processing /home/airflow/.local/lib/python3.7/site-packages/airflow/example_dags/tutorial_dag.py took 0.263 seconds
[2025-11-23T06:36:58.090+0000] {processor.py:154} INFO - Started process (PID=315) to work on /home/airflow/.local/lib/python3.7/site-packages/airflow/example_dags/tutorial_dag.py
[2025-11-23T06:36:58.091+0000] {processor.py:756} INFO - Processing file /home/airflow/.local/lib/python3.7/site-packages/airflow/example_dags/tutorial_dag.py for tasks to queue
[2025-11-23T06:36:58.093+0000] {logging_mixin.py:120} INFO - [2025-11-23T06:36:58.092+0000] {dagbag.py:537} INFO - Filling up the DagBag from /home/airflow/.local/lib/python3.7/site-packages/airflow/example_dags/tutorial_dag.py
[2025-11-23T06:36:58.109+0000] {processor.py:766} INFO - DAG(s) dict_keys(['tutorial_dag']) retrieved from /home/airflow/.local/lib/python3.7/site-packages/airflow/example_dags/tutorial_dag.py
[2025-11-23T06:36:58.171+0000] {logging_mixin.py:120} INFO - [2025-11-23T06:36:58.171+0000] {dag.py:2585} INFO - Sync 1 DAGs
[2025-11-23T06:36:58.215+0000] {logging_mixin.py:120} INFO - [2025-11-23T06:36:58.215+0000] {dag.py:3340} INFO - Setting next_dagrun for tutorial_dag to None, run_after=None
[2025-11-23T06:36:58.246+0000] {processor.py:176} INFO - Processing /home/airflow/.local/lib/python3.7/site-packages/airflow/example_dags/tutorial_dag.py took 0.160 seconds
[2025-11-23T06:37:29.100+0000] {processor.py:154} INFO - Started process (PID=372) to work on /home/airflow/.local/lib/python3.7/site-packages/airflow/example_dags/tutorial_dag.py
[2025-11-23T06:37:29.102+0000] {processor.py:756} INFO - Processing file /home/airflow/.local/lib/python3.7/site-packages/airflow/example_dags/tutorial_dag.py for tasks to queue
[2025-11-23T06:37:29.103+0000] {logging_mixin.py:120} INFO - [2025-11-23T06:37:29.103+0000] {dagbag.py:537} INFO - Filling up the DagBag from /home/airflow/.local/lib/python3.7/site-packages/airflow/example_dags/tutorial_dag.py
[2025-11-23T06:37:29.123+0000] {processor.py:766} INFO - DAG(s) dict_keys(['tutorial_dag']) retrieved from /home/airflow/.local/lib/python3.7/site-packages/airflow/example_dags/tutorial_dag.py
[2025-11-23T06:37:29.174+0000] {logging_mixin.py:120} INFO - [2025-11-23T06:37:29.174+0000] {dag.py:2585} INFO - Sync 1 DAGs
[2025-11-23T06:37:29.200+0000] {logging_mixin.py:120} INFO - [2025-11-23T06:37:29.200+0000] {dag.py:3340} INFO - Setting next_dagrun for tutorial_dag to None, run_after=None
[2025-11-23T06:37:29.231+0000] {processor.py:176} INFO - Processing /home/airflow/.local/lib/python3.7/site-packages/airflow/example_dags/tutorial_dag.py took 0.135 seconds
[2025-11-23T06:37:59.566+0000] {processor.py:154} INFO - Started process (PID=437) to work on /home/airflow/.local/lib/python3.7/site-packages/airflow/example_dags/tutorial_dag.py
[2025-11-23T06:37:59.568+0000] {processor.py:756} INFO - Processing file /home/airflow/.local/lib/python3.7/site-packages/airflow/example_dags/tutorial_dag.py for tasks to queue
[2025-11-23T06:37:59.569+0000] {logging_mixin.py:120} INFO - [2025-11-23T06:37:59.569+0000] {dagbag.py:537} INFO - Filling up the DagBag from /home/airflow/.local/lib/python3.7/site-packages/airflow/example_dags/tutorial_dag.py
[2025-11-23T06:37:59.589+0000] {processor.py:766} INFO - DAG(s) dict_keys(['tutorial_dag']) retrieved from /home/airflow/.local/lib/python3.7/site-packages/airflow/example_dags/tutorial_dag.py
[2025-11-23T06:37:59.646+0000] {logging_mixin.py:120} INFO - [2025-11-23T06:37:59.646+0000] {dag.py:2585} INFO - Sync 1 DAGs
[2025-11-23T06:37:59.675+0000] {logging_mixin.py:120} INFO - [2025-11-23T06:37:59.675+0000] {dag.py:3340} INFO - Setting next_dagrun for tutorial_dag to None, run_after=None
[2025-11-23T06:37:59.701+0000] {processor.py:176} INFO - Processing /home/airflow/.local/lib/python3.7/site-packages/airflow/example_dags/tutorial_dag.py took 0.141 seconds
[2025-11-23T06:38:31.767+0000] {processor.py:154} INFO - Started process (PID=492) to work on /home/airflow/.local/lib/python3.7/site-packages/airflow/example_dags/tutorial_dag.py
[2025-11-23T06:38:31.769+0000] {processor.py:756} INFO - Processing file /home/airflow/.local/lib/python3.7/site-packages/airflow/example_dags/tutorial_dag.py for tasks to queue
[2025-11-23T06:38:31.771+0000] {logging_mixin.py:120} INFO - [2025-11-23T06:38:31.771+0000] {dagbag.py:537} INFO - Filling up the DagBag from /home/airflow/.local/lib/python3.7/site-packages/airflow/example_dags/tutorial_dag.py
[2025-11-23T06:38:31.800+0000] {processor.py:766} INFO - DAG(s) dict_keys(['tutorial_dag']) retrieved from /home/airflow/.local/lib/python3.7/site-packages/airflow/example_dags/tutorial_dag.py
[2025-11-23T06:38:31.857+0000] {logging_mixin.py:120} INFO - [2025-11-23T06:38:31.856+0000] {dag.py:2585} INFO - Sync 1 DAGs
[2025-11-23T06:38:31.895+0000] {logging_mixin.py:120} INFO - [2025-11-23T06:38:31.895+0000] {dag.py:3340} INFO - Setting next_dagrun for tutorial_dag to None, run_after=None
[2025-11-23T06:38:31.928+0000] {processor.py:176} INFO - Processing /home/airflow/.local/lib/python3.7/site-packages/airflow/example_dags/tutorial_dag.py took 0.167 seconds
[2025-11-23T06:39:02.099+0000] {processor.py:154} INFO - Started process (PID=548) to work on /home/airflow/.local/lib/python3.7/site-packages/airflow/example_dags/tutorial_dag.py
[2025-11-23T06:39:02.108+0000] {processor.py:756} INFO - Processing file /home/airflow/.local/lib/python3.7/site-packages/airflow/example_dags/tutorial_dag.py for tasks to queue
[2025-11-23T06:39:02.111+0000] {logging_mixin.py:120} INFO - [2025-11-23T06:39:02.110+0000] {dagbag.py:537} INFO - Filling up the DagBag from /home/airflow/.local/lib/python3.7/site-packages/airflow/example_dags/tutorial_dag.py
[2025-11-23T06:39:02.154+0000] {processor.py:766} INFO - DAG(s) dict_keys(['tutorial_dag']) retrieved from /home/airflow/.local/lib/python3.7/site-packages/airflow/example_dags/tutorial_dag.py
[2025-11-23T06:39:02.210+0000] {logging_mixin.py:120} INFO - [2025-11-23T06:39:02.210+0000] {dag.py:2585} INFO - Sync 1 DAGs
[2025-11-23T06:39:02.242+0000] {logging_mixin.py:120} INFO - [2025-11-23T06:39:02.242+0000] {dag.py:3340} INFO - Setting next_dagrun for tutorial_dag to None, run_after=None
[2025-11-23T06:39:02.272+0000] {processor.py:176} INFO - Processing /home/airflow/.local/lib/python3.7/site-packages/airflow/example_dags/tutorial_dag.py took 0.180 seconds
[2025-11-23T06:39:36.181+0000] {processor.py:154} INFO - Started process (PID=612) to work on /home/airflow/.local/lib/python3.7/site-packages/airflow/example_dags/tutorial_dag.py
[2025-11-23T06:39:36.185+0000] {processor.py:756} INFO - Processing file /home/airflow/.local/lib/python3.7/site-packages/airflow/example_dags/tutorial_dag.py for tasks to queue
[2025-11-23T06:39:36.190+0000] {logging_mixin.py:120} INFO - [2025-11-23T06:39:36.190+0000] {dagbag.py:537} INFO - Filling up the DagBag from /home/airflow/.local/lib/python3.7/site-packages/airflow/example_dags/tutorial_dag.py
[2025-11-23T06:39:36.222+0000] {processor.py:766} INFO - DAG(s) dict_keys(['tutorial_dag']) retrieved from /home/airflow/.local/lib/python3.7/site-packages/airflow/example_dags/tutorial_dag.py
[2025-11-23T06:39:36.341+0000] {logging_mixin.py:120} INFO - [2025-11-23T06:39:36.340+0000] {dag.py:2585} INFO - Sync 1 DAGs
[2025-11-23T06:39:36.407+0000] {logging_mixin.py:120} INFO - [2025-11-23T06:39:36.407+0000] {dag.py:3340} INFO - Setting next_dagrun for tutorial_dag to None, run_after=None
[2025-11-23T06:39:36.528+0000] {processor.py:176} INFO - Processing /home/airflow/.local/lib/python3.7/site-packages/airflow/example_dags/tutorial_dag.py took 0.358 seconds
[2025-11-23T06:40:06.966+0000] {processor.py:154} INFO - Started process (PID=668) to work on /home/airflow/.local/lib/python3.7/site-packages/airflow/example_dags/tutorial_dag.py
[2025-11-23T06:40:06.968+0000] {processor.py:756} INFO - Processing file /home/airflow/.local/lib/python3.7/site-packages/airflow/example_dags/tutorial_dag.py for tasks to queue
[2025-11-23T06:40:06.969+0000] {logging_mixin.py:120} INFO - [2025-11-23T06:40:06.969+0000] {dagbag.py:537} INFO - Filling up the DagBag from /home/airflow/.local/lib/python3.7/site-packages/airflow/example_dags/tutorial_dag.py
[2025-11-23T06:40:06.989+0000] {processor.py:766} INFO - DAG(s) dict_keys(['tutorial_dag']) retrieved from /home/airflow/.local/lib/python3.7/site-packages/airflow/example_dags/tutorial_dag.py
[2025-11-23T06:40:07.052+0000] {logging_mixin.py:120} INFO - [2025-11-23T06:40:07.051+0000] {dag.py:2585} INFO - Sync 1 DAGs
[2025-11-23T06:40:07.086+0000] {logging_mixin.py:120} INFO - [2025-11-23T06:40:07.086+0000] {dag.py:3340} INFO - Setting next_dagrun for tutorial_dag to None, run_after=None
[2025-11-23T06:40:07.111+0000] {processor.py:176} INFO - Processing /home/airflow/.local/lib/python3.7/site-packages/airflow/example_dags/tutorial_dag.py took 0.149 seconds
[2025-11-23T06:40:38.307+0000] {processor.py:154} INFO - Started process (PID=733) to work on /home/airflow/.local/lib/python3.7/site-packages/airflow/example_dags/tutorial_dag.py
[2025-11-23T06:40:38.315+0000] {processor.py:756} INFO - Processing file /home/airflow/.local/lib/python3.7/site-packages/airflow/example_dags/tutorial_dag.py for tasks to queue
[2025-11-23T06:40:38.316+0000] {logging_mixin.py:120} INFO - [2025-11-23T06:40:38.316+0000] {dagbag.py:537} INFO - Filling up the DagBag from /home/airflow/.local/lib/python3.7/site-packages/airflow/example_dags/tutorial_dag.py
[2025-11-23T06:40:38.370+0000] {processor.py:766} INFO - DAG(s) dict_keys(['tutorial_dag']) retrieved from /home/airflow/.local/lib/python3.7/site-packages/airflow/example_dags/tutorial_dag.py
[2025-11-23T06:40:38.662+0000] {logging_mixin.py:120} INFO - [2025-11-23T06:40:38.662+0000] {dag.py:2585} INFO - Sync 1 DAGs
[2025-11-23T06:40:38.739+0000] {logging_mixin.py:120} INFO - [2025-11-23T06:40:38.739+0000] {dag.py:3340} INFO - Setting next_dagrun for tutorial_dag to None, run_after=None
[2025-11-23T06:40:38.781+0000] {processor.py:176} INFO - Processing /home/airflow/.local/lib/python3.7/site-packages/airflow/example_dags/tutorial_dag.py took 0.484 seconds
[2025-11-23T06:41:09.087+0000] {processor.py:154} INFO - Started process (PID=788) to work on /home/airflow/.local/lib/python3.7/site-packages/airflow/example_dags/tutorial_dag.py
[2025-11-23T06:41:09.088+0000] {processor.py:756} INFO - Processing file /home/airflow/.local/lib/python3.7/site-packages/airflow/example_dags/tutorial_dag.py for tasks to queue
[2025-11-23T06:41:09.090+0000] {logging_mixin.py:120} INFO - [2025-11-23T06:41:09.090+0000] {dagbag.py:537} INFO - Filling up the DagBag from /home/airflow/.local/lib/python3.7/site-packages/airflow/example_dags/tutorial_dag.py
[2025-11-23T06:41:09.124+0000] {processor.py:766} INFO - DAG(s) dict_keys(['tutorial_dag']) retrieved from /home/airflow/.local/lib/python3.7/site-packages/airflow/example_dags/tutorial_dag.py
[2025-11-23T06:41:09.209+0000] {logging_mixin.py:120} INFO - [2025-11-23T06:41:09.209+0000] {dag.py:2585} INFO - Sync 1 DAGs
[2025-11-23T06:41:09.254+0000] {logging_mixin.py:120} INFO - [2025-11-23T06:41:09.254+0000] {dag.py:3340} INFO - Setting next_dagrun for tutorial_dag to None, run_after=None
[2025-11-23T06:41:09.291+0000] {processor.py:176} INFO - Processing /home/airflow/.local/lib/python3.7/site-packages/airflow/example_dags/tutorial_dag.py took 0.211 seconds
[2025-11-23T06:41:39.341+0000] {processor.py:154} INFO - Started process (PID=844) to work on /home/airflow/.local/lib/python3.7/site-packages/airflow/example_dags/tutorial_dag.py
[2025-11-23T06:41:39.342+0000] {processor.py:756} INFO - Processing file /home/airflow/.local/lib/python3.7/site-packages/airflow/example_dags/tutorial_dag.py for tasks to queue
[2025-11-23T06:41:39.343+0000] {logging_mixin.py:120} INFO - [2025-11-23T06:41:39.343+0000] {dagbag.py:537} INFO - Filling up the DagBag from /home/airflow/.local/lib/python3.7/site-packages/airflow/example_dags/tutorial_dag.py
[2025-11-23T06:41:39.368+0000] {processor.py:766} INFO - DAG(s) dict_keys(['tutorial_dag']) retrieved from /home/airflow/.local/lib/python3.7/site-packages/airflow/example_dags/tutorial_dag.py
[2025-11-23T06:41:39.436+0000] {logging_mixin.py:120} INFO - [2025-11-23T06:41:39.436+0000] {dag.py:2585} INFO - Sync 1 DAGs
[2025-11-23T06:41:39.465+0000] {logging_mixin.py:120} INFO - [2025-11-23T06:41:39.465+0000] {dag.py:3340} INFO - Setting next_dagrun for tutorial_dag to None, run_after=None
[2025-11-23T06:41:39.495+0000] {processor.py:176} INFO - Processing /home/airflow/.local/lib/python3.7/site-packages/airflow/example_dags/tutorial_dag.py took 0.160 seconds
[2025-11-23T06:42:10.445+0000] {processor.py:154} INFO - Started process (PID=909) to work on /home/airflow/.local/lib/python3.7/site-packages/airflow/example_dags/tutorial_dag.py
[2025-11-23T06:42:10.450+0000] {processor.py:756} INFO - Processing file /home/airflow/.local/lib/python3.7/site-packages/airflow/example_dags/tutorial_dag.py for tasks to queue
[2025-11-23T06:42:10.452+0000] {logging_mixin.py:120} INFO - [2025-11-23T06:42:10.452+0000] {dagbag.py:537} INFO - Filling up the DagBag from /home/airflow/.local/lib/python3.7/site-packages/airflow/example_dags/tutorial_dag.py
[2025-11-23T06:42:10.491+0000] {processor.py:766} INFO - DAG(s) dict_keys(['tutorial_dag']) retrieved from /home/airflow/.local/lib/python3.7/site-packages/airflow/example_dags/tutorial_dag.py
[2025-11-23T06:42:10.564+0000] {logging_mixin.py:120} INFO - [2025-11-23T06:42:10.563+0000] {dag.py:2585} INFO - Sync 1 DAGs
[2025-11-23T06:42:10.598+0000] {logging_mixin.py:120} INFO - [2025-11-23T06:42:10.598+0000] {dag.py:3340} INFO - Setting next_dagrun for tutorial_dag to None, run_after=None
[2025-11-23T06:42:10.640+0000] {processor.py:176} INFO - Processing /home/airflow/.local/lib/python3.7/site-packages/airflow/example_dags/tutorial_dag.py took 0.202 seconds
[2025-11-23T06:42:41.314+0000] {processor.py:154} INFO - Started process (PID=975) to work on /home/airflow/.local/lib/python3.7/site-packages/airflow/example_dags/tutorial_dag.py
[2025-11-23T06:42:41.315+0000] {processor.py:756} INFO - Processing file /home/airflow/.local/lib/python3.7/site-packages/airflow/example_dags/tutorial_dag.py for tasks to queue
[2025-11-23T06:42:41.317+0000] {logging_mixin.py:120} INFO - [2025-11-23T06:42:41.317+0000] {dagbag.py:537} INFO - Filling up the DagBag from /home/airflow/.local/lib/python3.7/site-packages/airflow/example_dags/tutorial_dag.py
[2025-11-23T06:42:41.343+0000] {processor.py:766} INFO - DAG(s) dict_keys(['tutorial_dag']) retrieved from /home/airflow/.local/lib/python3.7/site-packages/airflow/example_dags/tutorial_dag.py
[2025-11-23T06:42:41.411+0000] {logging_mixin.py:120} INFO - [2025-11-23T06:42:41.410+0000] {dag.py:2585} INFO - Sync 1 DAGs
[2025-11-23T06:42:41.454+0000] {logging_mixin.py:120} INFO - [2025-11-23T06:42:41.454+0000] {dag.py:3340} INFO - Setting next_dagrun for tutorial_dag to None, run_after=None
[2025-11-23T06:42:41.500+0000] {processor.py:176} INFO - Processing /home/airflow/.local/lib/python3.7/site-packages/airflow/example_dags/tutorial_dag.py took 0.191 seconds
[2025-11-23T06:43:11.888+0000] {processor.py:154} INFO - Started process (PID=1032) to work on /home/airflow/.local/lib/python3.7/site-packages/airflow/example_dags/tutorial_dag.py
[2025-11-23T06:43:11.890+0000] {processor.py:756} INFO - Processing file /home/airflow/.local/lib/python3.7/site-packages/airflow/example_dags/tutorial_dag.py for tasks to queue
[2025-11-23T06:43:11.891+0000] {logging_mixin.py:120} INFO - [2025-11-23T06:43:11.891+0000] {dagbag.py:537} INFO - Filling up the DagBag from /home/airflow/.local/lib/python3.7/site-packages/airflow/example_dags/tutorial_dag.py
[2025-11-23T06:43:11.917+0000] {processor.py:766} INFO - DAG(s) dict_keys(['tutorial_dag']) retrieved from /home/airflow/.local/lib/python3.7/site-packages/airflow/example_dags/tutorial_dag.py
[2025-11-23T06:43:11.985+0000] {logging_mixin.py:120} INFO - [2025-11-23T06:43:11.984+0000] {dag.py:2585} INFO - Sync 1 DAGs
[2025-11-23T06:43:12.031+0000] {logging_mixin.py:120} INFO - [2025-11-23T06:43:12.031+0000] {dag.py:3340} INFO - Setting next_dagrun for tutorial_dag to None, run_after=None
[2025-11-23T06:43:12.070+0000] {processor.py:176} INFO - Processing /home/airflow/.local/lib/python3.7/site-packages/airflow/example_dags/tutorial_dag.py took 0.187 seconds
[2025-11-23T06:43:42.964+0000] {processor.py:154} INFO - Started process (PID=1098) to work on /home/airflow/.local/lib/python3.7/site-packages/airflow/example_dags/tutorial_dag.py
[2025-11-23T06:43:42.966+0000] {processor.py:756} INFO - Processing file /home/airflow/.local/lib/python3.7/site-packages/airflow/example_dags/tutorial_dag.py for tasks to queue
[2025-11-23T06:43:42.969+0000] {logging_mixin.py:120} INFO - [2025-11-23T06:43:42.969+0000] {dagbag.py:537} INFO - Filling up the DagBag from /home/airflow/.local/lib/python3.7/site-packages/airflow/example_dags/tutorial_dag.py
[2025-11-23T06:43:42.992+0000] {processor.py:766} INFO - DAG(s) dict_keys(['tutorial_dag']) retrieved from /home/airflow/.local/lib/python3.7/site-packages/airflow/example_dags/tutorial_dag.py
[2025-11-23T06:43:43.085+0000] {logging_mixin.py:120} INFO - [2025-11-23T06:43:43.085+0000] {dag.py:2585} INFO - Sync 1 DAGs
[2025-11-23T06:43:43.137+0000] {logging_mixin.py:120} INFO - [2025-11-23T06:43:43.137+0000] {dag.py:3340} INFO - Setting next_dagrun for tutorial_dag to None, run_after=None
[2025-11-23T06:43:43.171+0000] {processor.py:176} INFO - Processing /home/airflow/.local/lib/python3.7/site-packages/airflow/example_dags/tutorial_dag.py took 0.214 seconds
[2025-11-23T06:44:13.947+0000] {processor.py:154} INFO - Started process (PID=1163) to work on /home/airflow/.local/lib/python3.7/site-packages/airflow/example_dags/tutorial_dag.py
[2025-11-23T06:44:13.949+0000] {processor.py:756} INFO - Processing file /home/airflow/.local/lib/python3.7/site-packages/airflow/example_dags/tutorial_dag.py for tasks to queue
[2025-11-23T06:44:13.950+0000] {logging_mixin.py:120} INFO - [2025-11-23T06:44:13.950+0000] {dagbag.py:537} INFO - Filling up the DagBag from /home/airflow/.local/lib/python3.7/site-packages/airflow/example_dags/tutorial_dag.py
[2025-11-23T06:44:13.970+0000] {processor.py:766} INFO - DAG(s) dict_keys(['tutorial_dag']) retrieved from /home/airflow/.local/lib/python3.7/site-packages/airflow/example_dags/tutorial_dag.py
[2025-11-23T06:44:14.066+0000] {logging_mixin.py:120} INFO - [2025-11-23T06:44:14.066+0000] {dag.py:2585} INFO - Sync 1 DAGs
[2025-11-23T06:44:14.127+0000] {logging_mixin.py:120} INFO - [2025-11-23T06:44:14.127+0000] {dag.py:3340} INFO - Setting next_dagrun for tutorial_dag to None, run_after=None
[2025-11-23T06:44:14.180+0000] {processor.py:176} INFO - Processing /home/airflow/.local/lib/python3.7/site-packages/airflow/example_dags/tutorial_dag.py took 0.238 seconds
[2025-11-23T06:44:44.710+0000] {processor.py:154} INFO - Started process (PID=1218) to work on /home/airflow/.local/lib/python3.7/site-packages/airflow/example_dags/tutorial_dag.py
[2025-11-23T06:44:44.712+0000] {processor.py:756} INFO - Processing file /home/airflow/.local/lib/python3.7/site-packages/airflow/example_dags/tutorial_dag.py for tasks to queue
[2025-11-23T06:44:44.714+0000] {logging_mixin.py:120} INFO - [2025-11-23T06:44:44.713+0000] {dagbag.py:537} INFO - Filling up the DagBag from /home/airflow/.local/lib/python3.7/site-packages/airflow/example_dags/tutorial_dag.py
[2025-11-23T06:44:44.756+0000] {processor.py:766} INFO - DAG(s) dict_keys(['tutorial_dag']) retrieved from /home/airflow/.local/lib/python3.7/site-packages/airflow/example_dags/tutorial_dag.py
[2025-11-23T06:44:44.884+0000] {logging_mixin.py:120} INFO - [2025-11-23T06:44:44.884+0000] {dag.py:2585} INFO - Sync 1 DAGs
[2025-11-23T06:44:44.946+0000] {logging_mixin.py:120} INFO - [2025-11-23T06:44:44.946+0000] {dag.py:3340} INFO - Setting next_dagrun for tutorial_dag to None, run_after=None
[2025-11-23T06:44:45.022+0000] {processor.py:176} INFO - Processing /home/airflow/.local/lib/python3.7/site-packages/airflow/example_dags/tutorial_dag.py took 0.320 seconds
[2025-11-23T06:45:15.806+0000] {processor.py:154} INFO - Started process (PID=1273) to work on /home/airflow/.local/lib/python3.7/site-packages/airflow/example_dags/tutorial_dag.py
[2025-11-23T06:45:15.808+0000] {processor.py:756} INFO - Processing file /home/airflow/.local/lib/python3.7/site-packages/airflow/example_dags/tutorial_dag.py for tasks to queue
[2025-11-23T06:45:15.810+0000] {logging_mixin.py:120} INFO - [2025-11-23T06:45:15.810+0000] {dagbag.py:537} INFO - Filling up the DagBag from /home/airflow/.local/lib/python3.7/site-packages/airflow/example_dags/tutorial_dag.py
[2025-11-23T06:45:15.845+0000] {processor.py:766} INFO - DAG(s) dict_keys(['tutorial_dag']) retrieved from /home/airflow/.local/lib/python3.7/site-packages/airflow/example_dags/tutorial_dag.py
[2025-11-23T06:45:15.986+0000] {logging_mixin.py:120} INFO - [2025-11-23T06:45:15.985+0000] {dag.py:2585} INFO - Sync 1 DAGs
[2025-11-23T06:45:16.045+0000] {logging_mixin.py:120} INFO - [2025-11-23T06:45:16.045+0000] {dag.py:3340} INFO - Setting next_dagrun for tutorial_dag to None, run_after=None
[2025-11-23T06:45:16.073+0000] {processor.py:176} INFO - Processing /home/airflow/.local/lib/python3.7/site-packages/airflow/example_dags/tutorial_dag.py took 0.275 seconds
[2025-11-23T06:45:46.143+0000] {processor.py:154} INFO - Started process (PID=1337) to work on /home/airflow/.local/lib/python3.7/site-packages/airflow/example_dags/tutorial_dag.py
[2025-11-23T06:45:46.144+0000] {processor.py:756} INFO - Processing file /home/airflow/.local/lib/python3.7/site-packages/airflow/example_dags/tutorial_dag.py for tasks to queue
[2025-11-23T06:45:46.145+0000] {logging_mixin.py:120} INFO - [2025-11-23T06:45:46.145+0000] {dagbag.py:537} INFO - Filling up the DagBag from /home/airflow/.local/lib/python3.7/site-packages/airflow/example_dags/tutorial_dag.py
[2025-11-23T06:45:46.161+0000] {processor.py:766} INFO - DAG(s) dict_keys(['tutorial_dag']) retrieved from /home/airflow/.local/lib/python3.7/site-packages/airflow/example_dags/tutorial_dag.py
[2025-11-23T06:45:46.210+0000] {logging_mixin.py:120} INFO - [2025-11-23T06:45:46.210+0000] {dag.py:2585} INFO - Sync 1 DAGs
[2025-11-23T06:45:46.238+0000] {logging_mixin.py:120} INFO - [2025-11-23T06:45:46.238+0000] {dag.py:3340} INFO - Setting next_dagrun for tutorial_dag to None, run_after=None
[2025-11-23T06:45:46.276+0000] {processor.py:176} INFO - Processing /home/airflow/.local/lib/python3.7/site-packages/airflow/example_dags/tutorial_dag.py took 0.138 seconds
[2025-11-23T06:46:17.058+0000] {processor.py:154} INFO - Started process (PID=1394) to work on /home/airflow/.local/lib/python3.7/site-packages/airflow/example_dags/tutorial_dag.py
[2025-11-23T06:46:17.061+0000] {processor.py:756} INFO - Processing file /home/airflow/.local/lib/python3.7/site-packages/airflow/example_dags/tutorial_dag.py for tasks to queue
[2025-11-23T06:46:17.062+0000] {logging_mixin.py:120} INFO - [2025-11-23T06:46:17.062+0000] {dagbag.py:537} INFO - Filling up the DagBag from /home/airflow/.local/lib/python3.7/site-packages/airflow/example_dags/tutorial_dag.py
[2025-11-23T06:46:17.090+0000] {processor.py:766} INFO - DAG(s) dict_keys(['tutorial_dag']) retrieved from /home/airflow/.local/lib/python3.7/site-packages/airflow/example_dags/tutorial_dag.py
[2025-11-23T06:46:17.149+0000] {logging_mixin.py:120} INFO - [2025-11-23T06:46:17.149+0000] {dag.py:2585} INFO - Sync 1 DAGs
[2025-11-23T06:46:17.184+0000] {logging_mixin.py:120} INFO - [2025-11-23T06:46:17.184+0000] {dag.py:3340} INFO - Setting next_dagrun for tutorial_dag to None, run_after=None
[2025-11-23T06:46:17.231+0000] {processor.py:176} INFO - Processing /home/airflow/.local/lib/python3.7/site-packages/airflow/example_dags/tutorial_dag.py took 0.178 seconds
[2025-11-23T06:46:47.418+0000] {processor.py:154} INFO - Started process (PID=1458) to work on /home/airflow/.local/lib/python3.7/site-packages/airflow/example_dags/tutorial_dag.py
[2025-11-23T06:46:47.421+0000] {processor.py:756} INFO - Processing file /home/airflow/.local/lib/python3.7/site-packages/airflow/example_dags/tutorial_dag.py for tasks to queue
[2025-11-23T06:46:47.425+0000] {logging_mixin.py:120} INFO - [2025-11-23T06:46:47.425+0000] {dagbag.py:537} INFO - Filling up the DagBag from /home/airflow/.local/lib/python3.7/site-packages/airflow/example_dags/tutorial_dag.py
[2025-11-23T06:46:47.458+0000] {processor.py:766} INFO - DAG(s) dict_keys(['tutorial_dag']) retrieved from /home/airflow/.local/lib/python3.7/site-packages/airflow/example_dags/tutorial_dag.py
[2025-11-23T06:46:47.523+0000] {logging_mixin.py:120} INFO - [2025-11-23T06:46:47.522+0000] {dag.py:2585} INFO - Sync 1 DAGs
[2025-11-23T06:46:47.553+0000] {logging_mixin.py:120} INFO - [2025-11-23T06:46:47.553+0000] {dag.py:3340} INFO - Setting next_dagrun for tutorial_dag to None, run_after=None
[2025-11-23T06:46:47.591+0000] {processor.py:176} INFO - Processing /home/airflow/.local/lib/python3.7/site-packages/airflow/example_dags/tutorial_dag.py took 0.179 seconds
[2025-11-23T06:47:18.238+0000] {processor.py:154} INFO - Started process (PID=1515) to work on /home/airflow/.local/lib/python3.7/site-packages/airflow/example_dags/tutorial_dag.py
[2025-11-23T06:47:18.240+0000] {processor.py:756} INFO - Processing file /home/airflow/.local/lib/python3.7/site-packages/airflow/example_dags/tutorial_dag.py for tasks to queue
[2025-11-23T06:47:18.242+0000] {logging_mixin.py:120} INFO - [2025-11-23T06:47:18.242+0000] {dagbag.py:537} INFO - Filling up the DagBag from /home/airflow/.local/lib/python3.7/site-packages/airflow/example_dags/tutorial_dag.py
[2025-11-23T06:47:18.279+0000] {processor.py:766} INFO - DAG(s) dict_keys(['tutorial_dag']) retrieved from /home/airflow/.local/lib/python3.7/site-packages/airflow/example_dags/tutorial_dag.py
[2025-11-23T06:47:18.508+0000] {logging_mixin.py:120} INFO - [2025-11-23T06:47:18.508+0000] {dag.py:2585} INFO - Sync 1 DAGs
[2025-11-23T06:47:18.709+0000] {logging_mixin.py:120} INFO - [2025-11-23T06:47:18.708+0000] {dag.py:3340} INFO - Setting next_dagrun for tutorial_dag to None, run_after=None
[2025-11-23T06:47:18.874+0000] {processor.py:176} INFO - Processing /home/airflow/.local/lib/python3.7/site-packages/airflow/example_dags/tutorial_dag.py took 0.650 seconds
[2025-11-23T06:47:49.365+0000] {processor.py:154} INFO - Started process (PID=1579) to work on /home/airflow/.local/lib/python3.7/site-packages/airflow/example_dags/tutorial_dag.py
[2025-11-23T06:47:49.367+0000] {processor.py:756} INFO - Processing file /home/airflow/.local/lib/python3.7/site-packages/airflow/example_dags/tutorial_dag.py for tasks to queue
[2025-11-23T06:47:49.372+0000] {logging_mixin.py:120} INFO - [2025-11-23T06:47:49.369+0000] {dagbag.py:537} INFO - Filling up the DagBag from /home/airflow/.local/lib/python3.7/site-packages/airflow/example_dags/tutorial_dag.py
[2025-11-23T06:47:49.412+0000] {processor.py:766} INFO - DAG(s) dict_keys(['tutorial_dag']) retrieved from /home/airflow/.local/lib/python3.7/site-packages/airflow/example_dags/tutorial_dag.py
[2025-11-23T06:47:49.511+0000] {logging_mixin.py:120} INFO - [2025-11-23T06:47:49.511+0000] {dag.py:2585} INFO - Sync 1 DAGs
[2025-11-23T06:47:49.555+0000] {logging_mixin.py:120} INFO - [2025-11-23T06:47:49.555+0000] {dag.py:3340} INFO - Setting next_dagrun for tutorial_dag to None, run_after=None
[2025-11-23T06:47:49.603+0000] {processor.py:176} INFO - Processing /home/airflow/.local/lib/python3.7/site-packages/airflow/example_dags/tutorial_dag.py took 0.245 seconds
[2025-11-23T06:48:19.699+0000] {processor.py:154} INFO - Started process (PID=1636) to work on /home/airflow/.local/lib/python3.7/site-packages/airflow/example_dags/tutorial_dag.py
[2025-11-23T06:48:19.700+0000] {processor.py:756} INFO - Processing file /home/airflow/.local/lib/python3.7/site-packages/airflow/example_dags/tutorial_dag.py for tasks to queue
[2025-11-23T06:48:19.702+0000] {logging_mixin.py:120} INFO - [2025-11-23T06:48:19.701+0000] {dagbag.py:537} INFO - Filling up the DagBag from /home/airflow/.local/lib/python3.7/site-packages/airflow/example_dags/tutorial_dag.py
[2025-11-23T06:48:19.729+0000] {processor.py:766} INFO - DAG(s) dict_keys(['tutorial_dag']) retrieved from /home/airflow/.local/lib/python3.7/site-packages/airflow/example_dags/tutorial_dag.py
[2025-11-23T06:48:19.800+0000] {logging_mixin.py:120} INFO - [2025-11-23T06:48:19.800+0000] {dag.py:2585} INFO - Sync 1 DAGs
[2025-11-23T06:48:19.843+0000] {logging_mixin.py:120} INFO - [2025-11-23T06:48:19.842+0000] {dag.py:3340} INFO - Setting next_dagrun for tutorial_dag to None, run_after=None
[2025-11-23T06:48:19.882+0000] {processor.py:176} INFO - Processing /home/airflow/.local/lib/python3.7/site-packages/airflow/example_dags/tutorial_dag.py took 0.191 seconds
[2025-11-23T06:48:51.187+0000] {processor.py:154} INFO - Started process (PID=1701) to work on /home/airflow/.local/lib/python3.7/site-packages/airflow/example_dags/tutorial_dag.py
[2025-11-23T06:48:51.189+0000] {processor.py:756} INFO - Processing file /home/airflow/.local/lib/python3.7/site-packages/airflow/example_dags/tutorial_dag.py for tasks to queue
[2025-11-23T06:48:51.191+0000] {logging_mixin.py:120} INFO - [2025-11-23T06:48:51.190+0000] {dagbag.py:537} INFO - Filling up the DagBag from /home/airflow/.local/lib/python3.7/site-packages/airflow/example_dags/tutorial_dag.py
[2025-11-23T06:48:51.218+0000] {processor.py:766} INFO - DAG(s) dict_keys(['tutorial_dag']) retrieved from /home/airflow/.local/lib/python3.7/site-packages/airflow/example_dags/tutorial_dag.py
[2025-11-23T06:48:51.310+0000] {logging_mixin.py:120} INFO - [2025-11-23T06:48:51.310+0000] {dag.py:2585} INFO - Sync 1 DAGs
[2025-11-23T06:48:51.410+0000] {logging_mixin.py:120} INFO - [2025-11-23T06:48:51.410+0000] {dag.py:3340} INFO - Setting next_dagrun for tutorial_dag to None, run_after=None
[2025-11-23T06:48:51.482+0000] {processor.py:176} INFO - Processing /home/airflow/.local/lib/python3.7/site-packages/airflow/example_dags/tutorial_dag.py took 0.301 seconds
[2025-11-23T06:49:22.397+0000] {processor.py:154} INFO - Started process (PID=1757) to work on /home/airflow/.local/lib/python3.7/site-packages/airflow/example_dags/tutorial_dag.py
[2025-11-23T06:49:22.399+0000] {processor.py:756} INFO - Processing file /home/airflow/.local/lib/python3.7/site-packages/airflow/example_dags/tutorial_dag.py for tasks to queue
[2025-11-23T06:49:22.401+0000] {logging_mixin.py:120} INFO - [2025-11-23T06:49:22.400+0000] {dagbag.py:537} INFO - Filling up the DagBag from /home/airflow/.local/lib/python3.7/site-packages/airflow/example_dags/tutorial_dag.py
[2025-11-23T06:49:22.432+0000] {processor.py:766} INFO - DAG(s) dict_keys(['tutorial_dag']) retrieved from /home/airflow/.local/lib/python3.7/site-packages/airflow/example_dags/tutorial_dag.py
[2025-11-23T06:49:22.550+0000] {logging_mixin.py:120} INFO - [2025-11-23T06:49:22.549+0000] {dag.py:2585} INFO - Sync 1 DAGs
[2025-11-23T06:49:22.610+0000] {logging_mixin.py:120} INFO - [2025-11-23T06:49:22.610+0000] {dag.py:3340} INFO - Setting next_dagrun for tutorial_dag to None, run_after=None
[2025-11-23T06:49:22.670+0000] {processor.py:176} INFO - Processing /home/airflow/.local/lib/python3.7/site-packages/airflow/example_dags/tutorial_dag.py took 0.283 seconds
[2025-11-23T06:49:53.632+0000] {processor.py:154} INFO - Started process (PID=1813) to work on /home/airflow/.local/lib/python3.7/site-packages/airflow/example_dags/tutorial_dag.py
[2025-11-23T06:49:53.634+0000] {processor.py:756} INFO - Processing file /home/airflow/.local/lib/python3.7/site-packages/airflow/example_dags/tutorial_dag.py for tasks to queue
[2025-11-23T06:49:53.635+0000] {logging_mixin.py:120} INFO - [2025-11-23T06:49:53.635+0000] {dagbag.py:537} INFO - Filling up the DagBag from /home/airflow/.local/lib/python3.7/site-packages/airflow/example_dags/tutorial_dag.py
[2025-11-23T06:49:53.660+0000] {processor.py:766} INFO - DAG(s) dict_keys(['tutorial_dag']) retrieved from /home/airflow/.local/lib/python3.7/site-packages/airflow/example_dags/tutorial_dag.py
[2025-11-23T06:49:53.742+0000] {logging_mixin.py:120} INFO - [2025-11-23T06:49:53.741+0000] {dag.py:2585} INFO - Sync 1 DAGs
[2025-11-23T06:49:53.787+0000] {logging_mixin.py:120} INFO - [2025-11-23T06:49:53.786+0000] {dag.py:3340} INFO - Setting next_dagrun for tutorial_dag to None, run_after=None
[2025-11-23T06:49:53.838+0000] {processor.py:176} INFO - Processing /home/airflow/.local/lib/python3.7/site-packages/airflow/example_dags/tutorial_dag.py took 0.213 seconds
[2025-11-23T06:50:24.599+0000] {processor.py:154} INFO - Started process (PID=1878) to work on /home/airflow/.local/lib/python3.7/site-packages/airflow/example_dags/tutorial_dag.py
[2025-11-23T06:50:24.600+0000] {processor.py:756} INFO - Processing file /home/airflow/.local/lib/python3.7/site-packages/airflow/example_dags/tutorial_dag.py for tasks to queue
[2025-11-23T06:50:24.610+0000] {logging_mixin.py:120} INFO - [2025-11-23T06:50:24.609+0000] {dagbag.py:537} INFO - Filling up the DagBag from /home/airflow/.local/lib/python3.7/site-packages/airflow/example_dags/tutorial_dag.py
[2025-11-23T06:50:24.646+0000] {processor.py:766} INFO - DAG(s) dict_keys(['tutorial_dag']) retrieved from /home/airflow/.local/lib/python3.7/site-packages/airflow/example_dags/tutorial_dag.py
[2025-11-23T06:50:24.768+0000] {logging_mixin.py:120} INFO - [2025-11-23T06:50:24.755+0000] {dag.py:2585} INFO - Sync 1 DAGs
[2025-11-23T06:50:24.854+0000] {logging_mixin.py:120} INFO - [2025-11-23T06:50:24.854+0000] {dag.py:3340} INFO - Setting next_dagrun for tutorial_dag to None, run_after=None
[2025-11-23T06:50:24.924+0000] {processor.py:176} INFO - Processing /home/airflow/.local/lib/python3.7/site-packages/airflow/example_dags/tutorial_dag.py took 0.331 seconds
[2025-11-23T06:50:55.793+0000] {processor.py:154} INFO - Started process (PID=1936) to work on /home/airflow/.local/lib/python3.7/site-packages/airflow/example_dags/tutorial_dag.py
[2025-11-23T06:50:55.794+0000] {processor.py:756} INFO - Processing file /home/airflow/.local/lib/python3.7/site-packages/airflow/example_dags/tutorial_dag.py for tasks to queue
[2025-11-23T06:50:55.796+0000] {logging_mixin.py:120} INFO - [2025-11-23T06:50:55.795+0000] {dagbag.py:537} INFO - Filling up the DagBag from /home/airflow/.local/lib/python3.7/site-packages/airflow/example_dags/tutorial_dag.py
[2025-11-23T06:50:55.814+0000] {processor.py:766} INFO - DAG(s) dict_keys(['tutorial_dag']) retrieved from /home/airflow/.local/lib/python3.7/site-packages/airflow/example_dags/tutorial_dag.py
[2025-11-23T06:50:55.893+0000] {logging_mixin.py:120} INFO - [2025-11-23T06:50:55.892+0000] {dag.py:2585} INFO - Sync 1 DAGs
[2025-11-23T06:50:55.951+0000] {logging_mixin.py:120} INFO - [2025-11-23T06:50:55.951+0000] {dag.py:3340} INFO - Setting next_dagrun for tutorial_dag to None, run_after=None
[2025-11-23T06:50:55.991+0000] {processor.py:176} INFO - Processing /home/airflow/.local/lib/python3.7/site-packages/airflow/example_dags/tutorial_dag.py took 0.207 seconds
[2025-11-23T06:51:29.024+0000] {processor.py:154} INFO - Started process (PID=2002) to work on /home/airflow/.local/lib/python3.7/site-packages/airflow/example_dags/tutorial_dag.py
[2025-11-23T06:51:29.034+0000] {processor.py:756} INFO - Processing file /home/airflow/.local/lib/python3.7/site-packages/airflow/example_dags/tutorial_dag.py for tasks to queue
[2025-11-23T06:51:29.037+0000] {logging_mixin.py:120} INFO - [2025-11-23T06:51:29.037+0000] {dagbag.py:537} INFO - Filling up the DagBag from /home/airflow/.local/lib/python3.7/site-packages/airflow/example_dags/tutorial_dag.py
[2025-11-23T06:51:29.147+0000] {processor.py:766} INFO - DAG(s) dict_keys(['tutorial_dag']) retrieved from /home/airflow/.local/lib/python3.7/site-packages/airflow/example_dags/tutorial_dag.py
[2025-11-23T06:51:29.271+0000] {logging_mixin.py:120} INFO - [2025-11-23T06:51:29.270+0000] {dag.py:2585} INFO - Sync 1 DAGs
[2025-11-23T06:51:29.332+0000] {logging_mixin.py:120} INFO - [2025-11-23T06:51:29.332+0000] {dag.py:3340} INFO - Setting next_dagrun for tutorial_dag to None, run_after=None
[2025-11-23T06:51:29.370+0000] {processor.py:176} INFO - Processing /home/airflow/.local/lib/python3.7/site-packages/airflow/example_dags/tutorial_dag.py took 0.381 seconds
[2025-11-23T06:51:59.869+0000] {processor.py:154} INFO - Started process (PID=2067) to work on /home/airflow/.local/lib/python3.7/site-packages/airflow/example_dags/tutorial_dag.py
[2025-11-23T06:51:59.873+0000] {processor.py:756} INFO - Processing file /home/airflow/.local/lib/python3.7/site-packages/airflow/example_dags/tutorial_dag.py for tasks to queue
[2025-11-23T06:51:59.875+0000] {logging_mixin.py:120} INFO - [2025-11-23T06:51:59.874+0000] {dagbag.py:537} INFO - Filling up the DagBag from /home/airflow/.local/lib/python3.7/site-packages/airflow/example_dags/tutorial_dag.py
[2025-11-23T06:51:59.912+0000] {processor.py:766} INFO - DAG(s) dict_keys(['tutorial_dag']) retrieved from /home/airflow/.local/lib/python3.7/site-packages/airflow/example_dags/tutorial_dag.py
[2025-11-23T06:52:00.033+0000] {logging_mixin.py:120} INFO - [2025-11-23T06:52:00.033+0000] {dag.py:2585} INFO - Sync 1 DAGs
[2025-11-23T06:52:00.108+0000] {logging_mixin.py:120} INFO - [2025-11-23T06:52:00.108+0000] {dag.py:3340} INFO - Setting next_dagrun for tutorial_dag to None, run_after=None
[2025-11-23T06:52:00.152+0000] {processor.py:176} INFO - Processing /home/airflow/.local/lib/python3.7/site-packages/airflow/example_dags/tutorial_dag.py took 0.298 seconds
[2025-11-23T06:52:30.308+0000] {processor.py:154} INFO - Started process (PID=2124) to work on /home/airflow/.local/lib/python3.7/site-packages/airflow/example_dags/tutorial_dag.py
[2025-11-23T06:52:30.310+0000] {processor.py:756} INFO - Processing file /home/airflow/.local/lib/python3.7/site-packages/airflow/example_dags/tutorial_dag.py for tasks to queue
[2025-11-23T06:52:30.311+0000] {logging_mixin.py:120} INFO - [2025-11-23T06:52:30.311+0000] {dagbag.py:537} INFO - Filling up the DagBag from /home/airflow/.local/lib/python3.7/site-packages/airflow/example_dags/tutorial_dag.py
[2025-11-23T06:52:30.332+0000] {processor.py:766} INFO - DAG(s) dict_keys(['tutorial_dag']) retrieved from /home/airflow/.local/lib/python3.7/site-packages/airflow/example_dags/tutorial_dag.py
[2025-11-23T06:52:30.390+0000] {logging_mixin.py:120} INFO - [2025-11-23T06:52:30.390+0000] {dag.py:2585} INFO - Sync 1 DAGs
[2025-11-23T06:52:30.421+0000] {logging_mixin.py:120} INFO - [2025-11-23T06:52:30.421+0000] {dag.py:3340} INFO - Setting next_dagrun for tutorial_dag to None, run_after=None
[2025-11-23T06:52:30.469+0000] {processor.py:176} INFO - Processing /home/airflow/.local/lib/python3.7/site-packages/airflow/example_dags/tutorial_dag.py took 0.165 seconds
[2025-11-23T06:53:02.111+0000] {processor.py:154} INFO - Started process (PID=2189) to work on /home/airflow/.local/lib/python3.7/site-packages/airflow/example_dags/tutorial_dag.py
[2025-11-23T06:53:02.123+0000] {processor.py:756} INFO - Processing file /home/airflow/.local/lib/python3.7/site-packages/airflow/example_dags/tutorial_dag.py for tasks to queue
[2025-11-23T06:53:02.133+0000] {logging_mixin.py:120} INFO - [2025-11-23T06:53:02.133+0000] {dagbag.py:537} INFO - Filling up the DagBag from /home/airflow/.local/lib/python3.7/site-packages/airflow/example_dags/tutorial_dag.py
[2025-11-23T06:53:02.202+0000] {processor.py:766} INFO - DAG(s) dict_keys(['tutorial_dag']) retrieved from /home/airflow/.local/lib/python3.7/site-packages/airflow/example_dags/tutorial_dag.py
[2025-11-23T06:53:02.420+0000] {logging_mixin.py:120} INFO - [2025-11-23T06:53:02.420+0000] {dag.py:2585} INFO - Sync 1 DAGs
[2025-11-23T06:53:02.506+0000] {logging_mixin.py:120} INFO - [2025-11-23T06:53:02.506+0000] {dag.py:3340} INFO - Setting next_dagrun for tutorial_dag to None, run_after=None
[2025-11-23T06:53:02.557+0000] {processor.py:176} INFO - Processing /home/airflow/.local/lib/python3.7/site-packages/airflow/example_dags/tutorial_dag.py took 0.452 seconds
[2025-11-23T06:53:32.839+0000] {processor.py:154} INFO - Started process (PID=2244) to work on /home/airflow/.local/lib/python3.7/site-packages/airflow/example_dags/tutorial_dag.py
[2025-11-23T06:53:32.841+0000] {processor.py:756} INFO - Processing file /home/airflow/.local/lib/python3.7/site-packages/airflow/example_dags/tutorial_dag.py for tasks to queue
[2025-11-23T06:53:32.842+0000] {logging_mixin.py:120} INFO - [2025-11-23T06:53:32.842+0000] {dagbag.py:537} INFO - Filling up the DagBag from /home/airflow/.local/lib/python3.7/site-packages/airflow/example_dags/tutorial_dag.py
[2025-11-23T06:53:32.868+0000] {processor.py:766} INFO - DAG(s) dict_keys(['tutorial_dag']) retrieved from /home/airflow/.local/lib/python3.7/site-packages/airflow/example_dags/tutorial_dag.py
[2025-11-23T06:53:32.934+0000] {logging_mixin.py:120} INFO - [2025-11-23T06:53:32.933+0000] {dag.py:2585} INFO - Sync 1 DAGs
[2025-11-23T06:53:32.990+0000] {logging_mixin.py:120} INFO - [2025-11-23T06:53:32.990+0000] {dag.py:3340} INFO - Setting next_dagrun for tutorial_dag to None, run_after=None
[2025-11-23T06:53:33.030+0000] {processor.py:176} INFO - Processing /home/airflow/.local/lib/python3.7/site-packages/airflow/example_dags/tutorial_dag.py took 0.195 seconds
[2025-11-23T06:54:03.409+0000] {processor.py:154} INFO - Started process (PID=2300) to work on /home/airflow/.local/lib/python3.7/site-packages/airflow/example_dags/tutorial_dag.py
[2025-11-23T06:54:03.410+0000] {processor.py:756} INFO - Processing file /home/airflow/.local/lib/python3.7/site-packages/airflow/example_dags/tutorial_dag.py for tasks to queue
[2025-11-23T06:54:03.411+0000] {logging_mixin.py:120} INFO - [2025-11-23T06:54:03.411+0000] {dagbag.py:537} INFO - Filling up the DagBag from /home/airflow/.local/lib/python3.7/site-packages/airflow/example_dags/tutorial_dag.py
[2025-11-23T06:54:03.429+0000] {processor.py:766} INFO - DAG(s) dict_keys(['tutorial_dag']) retrieved from /home/airflow/.local/lib/python3.7/site-packages/airflow/example_dags/tutorial_dag.py
[2025-11-23T06:54:03.503+0000] {logging_mixin.py:120} INFO - [2025-11-23T06:54:03.503+0000] {dag.py:2585} INFO - Sync 1 DAGs
[2025-11-23T06:54:03.555+0000] {logging_mixin.py:120} INFO - [2025-11-23T06:54:03.554+0000] {dag.py:3340} INFO - Setting next_dagrun for tutorial_dag to None, run_after=None
[2025-11-23T06:54:03.581+0000] {processor.py:176} INFO - Processing /home/airflow/.local/lib/python3.7/site-packages/airflow/example_dags/tutorial_dag.py took 0.176 seconds
[2025-11-23T06:54:33.847+0000] {processor.py:154} INFO - Started process (PID=2365) to work on /home/airflow/.local/lib/python3.7/site-packages/airflow/example_dags/tutorial_dag.py
[2025-11-23T06:54:33.848+0000] {processor.py:756} INFO - Processing file /home/airflow/.local/lib/python3.7/site-packages/airflow/example_dags/tutorial_dag.py for tasks to queue
[2025-11-23T06:54:33.849+0000] {logging_mixin.py:120} INFO - [2025-11-23T06:54:33.849+0000] {dagbag.py:537} INFO - Filling up the DagBag from /home/airflow/.local/lib/python3.7/site-packages/airflow/example_dags/tutorial_dag.py
[2025-11-23T06:54:33.873+0000] {processor.py:766} INFO - DAG(s) dict_keys(['tutorial_dag']) retrieved from /home/airflow/.local/lib/python3.7/site-packages/airflow/example_dags/tutorial_dag.py
[2025-11-23T06:54:33.935+0000] {logging_mixin.py:120} INFO - [2025-11-23T06:54:33.935+0000] {dag.py:2585} INFO - Sync 1 DAGs
[2025-11-23T06:54:33.981+0000] {logging_mixin.py:120} INFO - [2025-11-23T06:54:33.980+0000] {dag.py:3340} INFO - Setting next_dagrun for tutorial_dag to None, run_after=None
[2025-11-23T06:54:34.023+0000] {processor.py:176} INFO - Processing /home/airflow/.local/lib/python3.7/site-packages/airflow/example_dags/tutorial_dag.py took 0.182 seconds
[2025-11-23T06:55:04.501+0000] {processor.py:154} INFO - Started process (PID=2428) to work on /home/airflow/.local/lib/python3.7/site-packages/airflow/example_dags/tutorial_dag.py
[2025-11-23T06:55:04.506+0000] {processor.py:756} INFO - Processing file /home/airflow/.local/lib/python3.7/site-packages/airflow/example_dags/tutorial_dag.py for tasks to queue
[2025-11-23T06:55:04.509+0000] {logging_mixin.py:120} INFO - [2025-11-23T06:55:04.508+0000] {dagbag.py:537} INFO - Filling up the DagBag from /home/airflow/.local/lib/python3.7/site-packages/airflow/example_dags/tutorial_dag.py
[2025-11-23T06:55:04.549+0000] {processor.py:766} INFO - DAG(s) dict_keys(['tutorial_dag']) retrieved from /home/airflow/.local/lib/python3.7/site-packages/airflow/example_dags/tutorial_dag.py
[2025-11-23T06:55:04.625+0000] {logging_mixin.py:120} INFO - [2025-11-23T06:55:04.625+0000] {dag.py:2585} INFO - Sync 1 DAGs
[2025-11-23T06:55:04.672+0000] {logging_mixin.py:120} INFO - [2025-11-23T06:55:04.672+0000] {dag.py:3340} INFO - Setting next_dagrun for tutorial_dag to None, run_after=None
[2025-11-23T06:55:04.735+0000] {processor.py:176} INFO - Processing /home/airflow/.local/lib/python3.7/site-packages/airflow/example_dags/tutorial_dag.py took 0.243 seconds
[2025-11-23T06:55:35.274+0000] {processor.py:154} INFO - Started process (PID=2486) to work on /home/airflow/.local/lib/python3.7/site-packages/airflow/example_dags/tutorial_dag.py
[2025-11-23T06:55:35.280+0000] {processor.py:756} INFO - Processing file /home/airflow/.local/lib/python3.7/site-packages/airflow/example_dags/tutorial_dag.py for tasks to queue
[2025-11-23T06:55:35.282+0000] {logging_mixin.py:120} INFO - [2025-11-23T06:55:35.282+0000] {dagbag.py:537} INFO - Filling up the DagBag from /home/airflow/.local/lib/python3.7/site-packages/airflow/example_dags/tutorial_dag.py
[2025-11-23T06:55:35.331+0000] {processor.py:766} INFO - DAG(s) dict_keys(['tutorial_dag']) retrieved from /home/airflow/.local/lib/python3.7/site-packages/airflow/example_dags/tutorial_dag.py
[2025-11-23T06:55:35.430+0000] {logging_mixin.py:120} INFO - [2025-11-23T06:55:35.430+0000] {dag.py:2585} INFO - Sync 1 DAGs
[2025-11-23T06:55:35.490+0000] {logging_mixin.py:120} INFO - [2025-11-23T06:55:35.489+0000] {dag.py:3340} INFO - Setting next_dagrun for tutorial_dag to None, run_after=None
[2025-11-23T06:55:35.573+0000] {processor.py:176} INFO - Processing /home/airflow/.local/lib/python3.7/site-packages/airflow/example_dags/tutorial_dag.py took 0.305 seconds
[2025-11-23T06:56:05.968+0000] {processor.py:154} INFO - Started process (PID=2552) to work on /home/airflow/.local/lib/python3.7/site-packages/airflow/example_dags/tutorial_dag.py
[2025-11-23T06:56:05.970+0000] {processor.py:756} INFO - Processing file /home/airflow/.local/lib/python3.7/site-packages/airflow/example_dags/tutorial_dag.py for tasks to queue
[2025-11-23T06:56:05.972+0000] {logging_mixin.py:120} INFO - [2025-11-23T06:56:05.972+0000] {dagbag.py:537} INFO - Filling up the DagBag from /home/airflow/.local/lib/python3.7/site-packages/airflow/example_dags/tutorial_dag.py
[2025-11-23T06:56:05.998+0000] {processor.py:766} INFO - DAG(s) dict_keys(['tutorial_dag']) retrieved from /home/airflow/.local/lib/python3.7/site-packages/airflow/example_dags/tutorial_dag.py
[2025-11-23T06:56:06.085+0000] {logging_mixin.py:120} INFO - [2025-11-23T06:56:06.085+0000] {dag.py:2585} INFO - Sync 1 DAGs
[2025-11-23T06:56:06.139+0000] {logging_mixin.py:120} INFO - [2025-11-23T06:56:06.139+0000] {dag.py:3340} INFO - Setting next_dagrun for tutorial_dag to None, run_after=None
[2025-11-23T06:56:06.196+0000] {processor.py:176} INFO - Processing /home/airflow/.local/lib/python3.7/site-packages/airflow/example_dags/tutorial_dag.py took 0.234 seconds
[2025-11-23T06:56:36.940+0000] {processor.py:154} INFO - Started process (PID=2608) to work on /home/airflow/.local/lib/python3.7/site-packages/airflow/example_dags/tutorial_dag.py
[2025-11-23T06:56:36.943+0000] {processor.py:756} INFO - Processing file /home/airflow/.local/lib/python3.7/site-packages/airflow/example_dags/tutorial_dag.py for tasks to queue
[2025-11-23T06:56:36.946+0000] {logging_mixin.py:120} INFO - [2025-11-23T06:56:36.945+0000] {dagbag.py:537} INFO - Filling up the DagBag from /home/airflow/.local/lib/python3.7/site-packages/airflow/example_dags/tutorial_dag.py
[2025-11-23T06:56:36.967+0000] {processor.py:766} INFO - DAG(s) dict_keys(['tutorial_dag']) retrieved from /home/airflow/.local/lib/python3.7/site-packages/airflow/example_dags/tutorial_dag.py
[2025-11-23T06:56:37.058+0000] {logging_mixin.py:120} INFO - [2025-11-23T06:56:37.058+0000] {dag.py:2585} INFO - Sync 1 DAGs
[2025-11-23T06:56:37.109+0000] {logging_mixin.py:120} INFO - [2025-11-23T06:56:37.109+0000] {dag.py:3340} INFO - Setting next_dagrun for tutorial_dag to None, run_after=None
[2025-11-23T06:56:37.167+0000] {processor.py:176} INFO - Processing /home/airflow/.local/lib/python3.7/site-packages/airflow/example_dags/tutorial_dag.py took 0.232 seconds
[2025-11-23T06:57:07.750+0000] {processor.py:154} INFO - Started process (PID=2674) to work on /home/airflow/.local/lib/python3.7/site-packages/airflow/example_dags/tutorial_dag.py
[2025-11-23T06:57:07.751+0000] {processor.py:756} INFO - Processing file /home/airflow/.local/lib/python3.7/site-packages/airflow/example_dags/tutorial_dag.py for tasks to queue
[2025-11-23T06:57:07.753+0000] {logging_mixin.py:120} INFO - [2025-11-23T06:57:07.753+0000] {dagbag.py:537} INFO - Filling up the DagBag from /home/airflow/.local/lib/python3.7/site-packages/airflow/example_dags/tutorial_dag.py
[2025-11-23T06:57:07.782+0000] {processor.py:766} INFO - DAG(s) dict_keys(['tutorial_dag']) retrieved from /home/airflow/.local/lib/python3.7/site-packages/airflow/example_dags/tutorial_dag.py
[2025-11-23T06:57:07.863+0000] {logging_mixin.py:120} INFO - [2025-11-23T06:57:07.863+0000] {dag.py:2585} INFO - Sync 1 DAGs
[2025-11-23T06:57:07.898+0000] {logging_mixin.py:120} INFO - [2025-11-23T06:57:07.898+0000] {dag.py:3340} INFO - Setting next_dagrun for tutorial_dag to None, run_after=None
[2025-11-23T06:57:07.927+0000] {processor.py:176} INFO - Processing /home/airflow/.local/lib/python3.7/site-packages/airflow/example_dags/tutorial_dag.py took 0.183 seconds
[2025-11-23T06:57:39.356+0000] {processor.py:154} INFO - Started process (PID=2731) to work on /home/airflow/.local/lib/python3.7/site-packages/airflow/example_dags/tutorial_dag.py
[2025-11-23T06:57:39.358+0000] {processor.py:756} INFO - Processing file /home/airflow/.local/lib/python3.7/site-packages/airflow/example_dags/tutorial_dag.py for tasks to queue
[2025-11-23T06:57:39.359+0000] {logging_mixin.py:120} INFO - [2025-11-23T06:57:39.359+0000] {dagbag.py:537} INFO - Filling up the DagBag from /home/airflow/.local/lib/python3.7/site-packages/airflow/example_dags/tutorial_dag.py
[2025-11-23T06:57:39.389+0000] {processor.py:766} INFO - DAG(s) dict_keys(['tutorial_dag']) retrieved from /home/airflow/.local/lib/python3.7/site-packages/airflow/example_dags/tutorial_dag.py
[2025-11-23T06:57:39.490+0000] {logging_mixin.py:120} INFO - [2025-11-23T06:57:39.490+0000] {dag.py:2585} INFO - Sync 1 DAGs
[2025-11-23T06:57:39.525+0000] {logging_mixin.py:120} INFO - [2025-11-23T06:57:39.525+0000] {dag.py:3340} INFO - Setting next_dagrun for tutorial_dag to None, run_after=None
[2025-11-23T06:57:39.558+0000] {processor.py:176} INFO - Processing /home/airflow/.local/lib/python3.7/site-packages/airflow/example_dags/tutorial_dag.py took 0.213 seconds
[2025-11-23T06:58:10.108+0000] {processor.py:154} INFO - Started process (PID=2796) to work on /home/airflow/.local/lib/python3.7/site-packages/airflow/example_dags/tutorial_dag.py
[2025-11-23T06:58:10.109+0000] {processor.py:756} INFO - Processing file /home/airflow/.local/lib/python3.7/site-packages/airflow/example_dags/tutorial_dag.py for tasks to queue
[2025-11-23T06:58:10.110+0000] {logging_mixin.py:120} INFO - [2025-11-23T06:58:10.110+0000] {dagbag.py:537} INFO - Filling up the DagBag from /home/airflow/.local/lib/python3.7/site-packages/airflow/example_dags/tutorial_dag.py
[2025-11-23T06:58:10.138+0000] {processor.py:766} INFO - DAG(s) dict_keys(['tutorial_dag']) retrieved from /home/airflow/.local/lib/python3.7/site-packages/airflow/example_dags/tutorial_dag.py
[2025-11-23T06:58:10.206+0000] {logging_mixin.py:120} INFO - [2025-11-23T06:58:10.206+0000] {dag.py:2585} INFO - Sync 1 DAGs
[2025-11-23T06:58:10.244+0000] {logging_mixin.py:120} INFO - [2025-11-23T06:58:10.244+0000] {dag.py:3340} INFO - Setting next_dagrun for tutorial_dag to None, run_after=None
[2025-11-23T06:58:10.285+0000] {processor.py:176} INFO - Processing /home/airflow/.local/lib/python3.7/site-packages/airflow/example_dags/tutorial_dag.py took 0.183 seconds
[2025-11-23T06:58:41.760+0000] {processor.py:154} INFO - Started process (PID=2859) to work on /home/airflow/.local/lib/python3.7/site-packages/airflow/example_dags/tutorial_dag.py
[2025-11-23T06:58:41.762+0000] {processor.py:756} INFO - Processing file /home/airflow/.local/lib/python3.7/site-packages/airflow/example_dags/tutorial_dag.py for tasks to queue
[2025-11-23T06:58:41.764+0000] {logging_mixin.py:120} INFO - [2025-11-23T06:58:41.764+0000] {dagbag.py:537} INFO - Filling up the DagBag from /home/airflow/.local/lib/python3.7/site-packages/airflow/example_dags/tutorial_dag.py
[2025-11-23T06:58:41.788+0000] {processor.py:766} INFO - DAG(s) dict_keys(['tutorial_dag']) retrieved from /home/airflow/.local/lib/python3.7/site-packages/airflow/example_dags/tutorial_dag.py
[2025-11-23T06:58:41.996+0000] {logging_mixin.py:120} INFO - [2025-11-23T06:58:41.996+0000] {dag.py:2585} INFO - Sync 1 DAGs
[2025-11-23T06:58:42.064+0000] {logging_mixin.py:120} INFO - [2025-11-23T06:58:42.063+0000] {dag.py:3340} INFO - Setting next_dagrun for tutorial_dag to None, run_after=None
[2025-11-23T06:58:42.126+0000] {processor.py:176} INFO - Processing /home/airflow/.local/lib/python3.7/site-packages/airflow/example_dags/tutorial_dag.py took 0.371 seconds
[2025-11-23T06:59:12.356+0000] {processor.py:154} INFO - Started process (PID=2917) to work on /home/airflow/.local/lib/python3.7/site-packages/airflow/example_dags/tutorial_dag.py
[2025-11-23T06:59:12.358+0000] {processor.py:756} INFO - Processing file /home/airflow/.local/lib/python3.7/site-packages/airflow/example_dags/tutorial_dag.py for tasks to queue
[2025-11-23T06:59:12.360+0000] {logging_mixin.py:120} INFO - [2025-11-23T06:59:12.360+0000] {dagbag.py:537} INFO - Filling up the DagBag from /home/airflow/.local/lib/python3.7/site-packages/airflow/example_dags/tutorial_dag.py
[2025-11-23T06:59:12.381+0000] {processor.py:766} INFO - DAG(s) dict_keys(['tutorial_dag']) retrieved from /home/airflow/.local/lib/python3.7/site-packages/airflow/example_dags/tutorial_dag.py
[2025-11-23T06:59:12.447+0000] {logging_mixin.py:120} INFO - [2025-11-23T06:59:12.447+0000] {dag.py:2585} INFO - Sync 1 DAGs
[2025-11-23T06:59:12.508+0000] {logging_mixin.py:120} INFO - [2025-11-23T06:59:12.508+0000] {dag.py:3340} INFO - Setting next_dagrun for tutorial_dag to None, run_after=None
[2025-11-23T06:59:12.558+0000] {processor.py:176} INFO - Processing /home/airflow/.local/lib/python3.7/site-packages/airflow/example_dags/tutorial_dag.py took 0.206 seconds
[2025-11-23T06:59:43.578+0000] {processor.py:154} INFO - Started process (PID=2983) to work on /home/airflow/.local/lib/python3.7/site-packages/airflow/example_dags/tutorial_dag.py
[2025-11-23T06:59:43.579+0000] {processor.py:756} INFO - Processing file /home/airflow/.local/lib/python3.7/site-packages/airflow/example_dags/tutorial_dag.py for tasks to queue
[2025-11-23T06:59:43.581+0000] {logging_mixin.py:120} INFO - [2025-11-23T06:59:43.580+0000] {dagbag.py:537} INFO - Filling up the DagBag from /home/airflow/.local/lib/python3.7/site-packages/airflow/example_dags/tutorial_dag.py
[2025-11-23T06:59:43.609+0000] {processor.py:766} INFO - DAG(s) dict_keys(['tutorial_dag']) retrieved from /home/airflow/.local/lib/python3.7/site-packages/airflow/example_dags/tutorial_dag.py
[2025-11-23T06:59:43.742+0000] {logging_mixin.py:120} INFO - [2025-11-23T06:59:43.741+0000] {dag.py:2585} INFO - Sync 1 DAGs
[2025-11-23T06:59:43.792+0000] {logging_mixin.py:120} INFO - [2025-11-23T06:59:43.792+0000] {dag.py:3340} INFO - Setting next_dagrun for tutorial_dag to None, run_after=None
[2025-11-23T06:59:43.830+0000] {processor.py:176} INFO - Processing /home/airflow/.local/lib/python3.7/site-packages/airflow/example_dags/tutorial_dag.py took 0.257 seconds
[2025-11-23T07:00:14.615+0000] {processor.py:154} INFO - Started process (PID=3040) to work on /home/airflow/.local/lib/python3.7/site-packages/airflow/example_dags/tutorial_dag.py
[2025-11-23T07:00:14.617+0000] {processor.py:756} INFO - Processing file /home/airflow/.local/lib/python3.7/site-packages/airflow/example_dags/tutorial_dag.py for tasks to queue
[2025-11-23T07:00:14.619+0000] {logging_mixin.py:120} INFO - [2025-11-23T07:00:14.618+0000] {dagbag.py:537} INFO - Filling up the DagBag from /home/airflow/.local/lib/python3.7/site-packages/airflow/example_dags/tutorial_dag.py
[2025-11-23T07:00:14.657+0000] {processor.py:766} INFO - DAG(s) dict_keys(['tutorial_dag']) retrieved from /home/airflow/.local/lib/python3.7/site-packages/airflow/example_dags/tutorial_dag.py
[2025-11-23T07:00:14.777+0000] {logging_mixin.py:120} INFO - [2025-11-23T07:00:14.777+0000] {dag.py:2585} INFO - Sync 1 DAGs
[2025-11-23T07:00:14.834+0000] {logging_mixin.py:120} INFO - [2025-11-23T07:00:14.833+0000] {dag.py:3340} INFO - Setting next_dagrun for tutorial_dag to None, run_after=None
[2025-11-23T07:00:14.874+0000] {processor.py:176} INFO - Processing /home/airflow/.local/lib/python3.7/site-packages/airflow/example_dags/tutorial_dag.py took 0.265 seconds
[2025-11-23T07:00:45.798+0000] {processor.py:154} INFO - Started process (PID=3105) to work on /home/airflow/.local/lib/python3.7/site-packages/airflow/example_dags/tutorial_dag.py
[2025-11-23T07:00:45.800+0000] {processor.py:756} INFO - Processing file /home/airflow/.local/lib/python3.7/site-packages/airflow/example_dags/tutorial_dag.py for tasks to queue
[2025-11-23T07:00:45.801+0000] {logging_mixin.py:120} INFO - [2025-11-23T07:00:45.801+0000] {dagbag.py:537} INFO - Filling up the DagBag from /home/airflow/.local/lib/python3.7/site-packages/airflow/example_dags/tutorial_dag.py
[2025-11-23T07:00:45.818+0000] {processor.py:766} INFO - DAG(s) dict_keys(['tutorial_dag']) retrieved from /home/airflow/.local/lib/python3.7/site-packages/airflow/example_dags/tutorial_dag.py
[2025-11-23T07:00:45.884+0000] {logging_mixin.py:120} INFO - [2025-11-23T07:00:45.883+0000] {dag.py:2585} INFO - Sync 1 DAGs
[2025-11-23T07:00:45.930+0000] {logging_mixin.py:120} INFO - [2025-11-23T07:00:45.930+0000] {dag.py:3340} INFO - Setting next_dagrun for tutorial_dag to None, run_after=None
[2025-11-23T07:00:45.983+0000] {processor.py:176} INFO - Processing /home/airflow/.local/lib/python3.7/site-packages/airflow/example_dags/tutorial_dag.py took 0.192 seconds
[2025-11-23T07:01:16.432+0000] {processor.py:154} INFO - Started process (PID=3163) to work on /home/airflow/.local/lib/python3.7/site-packages/airflow/example_dags/tutorial_dag.py
[2025-11-23T07:01:16.434+0000] {processor.py:756} INFO - Processing file /home/airflow/.local/lib/python3.7/site-packages/airflow/example_dags/tutorial_dag.py for tasks to queue
[2025-11-23T07:01:16.435+0000] {logging_mixin.py:120} INFO - [2025-11-23T07:01:16.435+0000] {dagbag.py:537} INFO - Filling up the DagBag from /home/airflow/.local/lib/python3.7/site-packages/airflow/example_dags/tutorial_dag.py
[2025-11-23T07:01:16.458+0000] {processor.py:766} INFO - DAG(s) dict_keys(['tutorial_dag']) retrieved from /home/airflow/.local/lib/python3.7/site-packages/airflow/example_dags/tutorial_dag.py
[2025-11-23T07:01:16.530+0000] {logging_mixin.py:120} INFO - [2025-11-23T07:01:16.529+0000] {dag.py:2585} INFO - Sync 1 DAGs
[2025-11-23T07:01:16.565+0000] {logging_mixin.py:120} INFO - [2025-11-23T07:01:16.564+0000] {dag.py:3340} INFO - Setting next_dagrun for tutorial_dag to None, run_after=None
[2025-11-23T07:01:16.598+0000] {processor.py:176} INFO - Processing /home/airflow/.local/lib/python3.7/site-packages/airflow/example_dags/tutorial_dag.py took 0.171 seconds
[2025-11-23T07:01:47.394+0000] {processor.py:154} INFO - Started process (PID=3228) to work on /home/airflow/.local/lib/python3.7/site-packages/airflow/example_dags/tutorial_dag.py
[2025-11-23T07:01:47.396+0000] {processor.py:756} INFO - Processing file /home/airflow/.local/lib/python3.7/site-packages/airflow/example_dags/tutorial_dag.py for tasks to queue
[2025-11-23T07:01:47.398+0000] {logging_mixin.py:120} INFO - [2025-11-23T07:01:47.397+0000] {dagbag.py:537} INFO - Filling up the DagBag from /home/airflow/.local/lib/python3.7/site-packages/airflow/example_dags/tutorial_dag.py
[2025-11-23T07:01:47.441+0000] {processor.py:766} INFO - DAG(s) dict_keys(['tutorial_dag']) retrieved from /home/airflow/.local/lib/python3.7/site-packages/airflow/example_dags/tutorial_dag.py
[2025-11-23T07:01:47.610+0000] {logging_mixin.py:120} INFO - [2025-11-23T07:01:47.610+0000] {dag.py:2585} INFO - Sync 1 DAGs
[2025-11-23T07:01:47.654+0000] {logging_mixin.py:120} INFO - [2025-11-23T07:01:47.654+0000] {dag.py:3340} INFO - Setting next_dagrun for tutorial_dag to None, run_after=None
[2025-11-23T07:01:47.701+0000] {processor.py:176} INFO - Processing /home/airflow/.local/lib/python3.7/site-packages/airflow/example_dags/tutorial_dag.py took 0.312 seconds
[2025-11-23T07:02:17.864+0000] {processor.py:154} INFO - Started process (PID=3287) to work on /home/airflow/.local/lib/python3.7/site-packages/airflow/example_dags/tutorial_dag.py
[2025-11-23T07:02:17.867+0000] {processor.py:756} INFO - Processing file /home/airflow/.local/lib/python3.7/site-packages/airflow/example_dags/tutorial_dag.py for tasks to queue
[2025-11-23T07:02:17.869+0000] {logging_mixin.py:120} INFO - [2025-11-23T07:02:17.869+0000] {dagbag.py:537} INFO - Filling up the DagBag from /home/airflow/.local/lib/python3.7/site-packages/airflow/example_dags/tutorial_dag.py
[2025-11-23T07:02:17.890+0000] {processor.py:766} INFO - DAG(s) dict_keys(['tutorial_dag']) retrieved from /home/airflow/.local/lib/python3.7/site-packages/airflow/example_dags/tutorial_dag.py
[2025-11-23T07:02:17.993+0000] {logging_mixin.py:120} INFO - [2025-11-23T07:02:17.993+0000] {dag.py:2585} INFO - Sync 1 DAGs
[2025-11-23T07:02:18.049+0000] {logging_mixin.py:120} INFO - [2025-11-23T07:02:18.049+0000] {dag.py:3340} INFO - Setting next_dagrun for tutorial_dag to None, run_after=None
[2025-11-23T07:02:18.091+0000] {processor.py:176} INFO - Processing /home/airflow/.local/lib/python3.7/site-packages/airflow/example_dags/tutorial_dag.py took 0.234 seconds
[2025-11-23T07:02:48.467+0000] {processor.py:154} INFO - Started process (PID=3353) to work on /home/airflow/.local/lib/python3.7/site-packages/airflow/example_dags/tutorial_dag.py
[2025-11-23T07:02:48.469+0000] {processor.py:756} INFO - Processing file /home/airflow/.local/lib/python3.7/site-packages/airflow/example_dags/tutorial_dag.py for tasks to queue
[2025-11-23T07:02:48.470+0000] {logging_mixin.py:120} INFO - [2025-11-23T07:02:48.470+0000] {dagbag.py:537} INFO - Filling up the DagBag from /home/airflow/.local/lib/python3.7/site-packages/airflow/example_dags/tutorial_dag.py
[2025-11-23T07:02:48.495+0000] {processor.py:766} INFO - DAG(s) dict_keys(['tutorial_dag']) retrieved from /home/airflow/.local/lib/python3.7/site-packages/airflow/example_dags/tutorial_dag.py
[2025-11-23T07:02:48.574+0000] {logging_mixin.py:120} INFO - [2025-11-23T07:02:48.573+0000] {dag.py:2585} INFO - Sync 1 DAGs
[2025-11-23T07:02:48.632+0000] {logging_mixin.py:120} INFO - [2025-11-23T07:02:48.632+0000] {dag.py:3340} INFO - Setting next_dagrun for tutorial_dag to None, run_after=None
[2025-11-23T07:02:48.720+0000] {processor.py:176} INFO - Processing /home/airflow/.local/lib/python3.7/site-packages/airflow/example_dags/tutorial_dag.py took 0.259 seconds
[2025-11-23T07:03:20.250+0000] {processor.py:154} INFO - Started process (PID=3418) to work on /home/airflow/.local/lib/python3.7/site-packages/airflow/example_dags/tutorial_dag.py
[2025-11-23T07:03:20.252+0000] {processor.py:756} INFO - Processing file /home/airflow/.local/lib/python3.7/site-packages/airflow/example_dags/tutorial_dag.py for tasks to queue
[2025-11-23T07:03:20.254+0000] {logging_mixin.py:120} INFO - [2025-11-23T07:03:20.254+0000] {dagbag.py:537} INFO - Filling up the DagBag from /home/airflow/.local/lib/python3.7/site-packages/airflow/example_dags/tutorial_dag.py
[2025-11-23T07:03:20.288+0000] {processor.py:766} INFO - DAG(s) dict_keys(['tutorial_dag']) retrieved from /home/airflow/.local/lib/python3.7/site-packages/airflow/example_dags/tutorial_dag.py
[2025-11-23T07:03:20.391+0000] {logging_mixin.py:120} INFO - [2025-11-23T07:03:20.390+0000] {dag.py:2585} INFO - Sync 1 DAGs
[2025-11-23T07:03:20.450+0000] {logging_mixin.py:120} INFO - [2025-11-23T07:03:20.450+0000] {dag.py:3340} INFO - Setting next_dagrun for tutorial_dag to None, run_after=None
[2025-11-23T07:03:20.507+0000] {processor.py:176} INFO - Processing /home/airflow/.local/lib/python3.7/site-packages/airflow/example_dags/tutorial_dag.py took 0.263 seconds
[2025-11-23T07:03:50.812+0000] {processor.py:154} INFO - Started process (PID=3475) to work on /home/airflow/.local/lib/python3.7/site-packages/airflow/example_dags/tutorial_dag.py
[2025-11-23T07:03:50.814+0000] {processor.py:756} INFO - Processing file /home/airflow/.local/lib/python3.7/site-packages/airflow/example_dags/tutorial_dag.py for tasks to queue
[2025-11-23T07:03:50.815+0000] {logging_mixin.py:120} INFO - [2025-11-23T07:03:50.815+0000] {dagbag.py:537} INFO - Filling up the DagBag from /home/airflow/.local/lib/python3.7/site-packages/airflow/example_dags/tutorial_dag.py
[2025-11-23T07:03:50.836+0000] {processor.py:766} INFO - DAG(s) dict_keys(['tutorial_dag']) retrieved from /home/airflow/.local/lib/python3.7/site-packages/airflow/example_dags/tutorial_dag.py
[2025-11-23T07:03:50.909+0000] {logging_mixin.py:120} INFO - [2025-11-23T07:03:50.909+0000] {dag.py:2585} INFO - Sync 1 DAGs
[2025-11-23T07:03:50.965+0000] {logging_mixin.py:120} INFO - [2025-11-23T07:03:50.965+0000] {dag.py:3340} INFO - Setting next_dagrun for tutorial_dag to None, run_after=None
[2025-11-23T07:03:50.993+0000] {processor.py:176} INFO - Processing /home/airflow/.local/lib/python3.7/site-packages/airflow/example_dags/tutorial_dag.py took 0.186 seconds
[2025-11-23T07:04:21.870+0000] {processor.py:154} INFO - Started process (PID=3541) to work on /home/airflow/.local/lib/python3.7/site-packages/airflow/example_dags/tutorial_dag.py
[2025-11-23T07:04:21.872+0000] {processor.py:756} INFO - Processing file /home/airflow/.local/lib/python3.7/site-packages/airflow/example_dags/tutorial_dag.py for tasks to queue
[2025-11-23T07:04:21.873+0000] {logging_mixin.py:120} INFO - [2025-11-23T07:04:21.873+0000] {dagbag.py:537} INFO - Filling up the DagBag from /home/airflow/.local/lib/python3.7/site-packages/airflow/example_dags/tutorial_dag.py
[2025-11-23T07:04:21.890+0000] {processor.py:766} INFO - DAG(s) dict_keys(['tutorial_dag']) retrieved from /home/airflow/.local/lib/python3.7/site-packages/airflow/example_dags/tutorial_dag.py
[2025-11-23T07:04:21.956+0000] {logging_mixin.py:120} INFO - [2025-11-23T07:04:21.955+0000] {dag.py:2585} INFO - Sync 1 DAGs
[2025-11-23T07:04:21.992+0000] {logging_mixin.py:120} INFO - [2025-11-23T07:04:21.991+0000] {dag.py:3340} INFO - Setting next_dagrun for tutorial_dag to None, run_after=None
[2025-11-23T07:04:22.031+0000] {processor.py:176} INFO - Processing /home/airflow/.local/lib/python3.7/site-packages/airflow/example_dags/tutorial_dag.py took 0.167 seconds
[2025-11-23T07:04:53.238+0000] {processor.py:154} INFO - Started process (PID=3597) to work on /home/airflow/.local/lib/python3.7/site-packages/airflow/example_dags/tutorial_dag.py
[2025-11-23T07:04:53.240+0000] {processor.py:756} INFO - Processing file /home/airflow/.local/lib/python3.7/site-packages/airflow/example_dags/tutorial_dag.py for tasks to queue
[2025-11-23T07:04:53.243+0000] {logging_mixin.py:120} INFO - [2025-11-23T07:04:53.242+0000] {dagbag.py:537} INFO - Filling up the DagBag from /home/airflow/.local/lib/python3.7/site-packages/airflow/example_dags/tutorial_dag.py
[2025-11-23T07:04:53.273+0000] {processor.py:766} INFO - DAG(s) dict_keys(['tutorial_dag']) retrieved from /home/airflow/.local/lib/python3.7/site-packages/airflow/example_dags/tutorial_dag.py
[2025-11-23T07:04:53.373+0000] {logging_mixin.py:120} INFO - [2025-11-23T07:04:53.373+0000] {dag.py:2585} INFO - Sync 1 DAGs
[2025-11-23T07:04:53.461+0000] {logging_mixin.py:120} INFO - [2025-11-23T07:04:53.460+0000] {dag.py:3340} INFO - Setting next_dagrun for tutorial_dag to None, run_after=None
[2025-11-23T07:04:53.522+0000] {processor.py:176} INFO - Processing /home/airflow/.local/lib/python3.7/site-packages/airflow/example_dags/tutorial_dag.py took 0.290 seconds
[2025-11-23T07:05:26.276+0000] {processor.py:154} INFO - Started process (PID=3663) to work on /home/airflow/.local/lib/python3.7/site-packages/airflow/example_dags/tutorial_dag.py
[2025-11-23T07:05:26.278+0000] {processor.py:756} INFO - Processing file /home/airflow/.local/lib/python3.7/site-packages/airflow/example_dags/tutorial_dag.py for tasks to queue
[2025-11-23T07:05:26.279+0000] {logging_mixin.py:120} INFO - [2025-11-23T07:05:26.279+0000] {dagbag.py:537} INFO - Filling up the DagBag from /home/airflow/.local/lib/python3.7/site-packages/airflow/example_dags/tutorial_dag.py
[2025-11-23T07:05:26.306+0000] {processor.py:766} INFO - DAG(s) dict_keys(['tutorial_dag']) retrieved from /home/airflow/.local/lib/python3.7/site-packages/airflow/example_dags/tutorial_dag.py
[2025-11-23T07:05:26.446+0000] {logging_mixin.py:120} INFO - [2025-11-23T07:05:26.446+0000] {dag.py:2585} INFO - Sync 1 DAGs
[2025-11-23T07:05:26.516+0000] {logging_mixin.py:120} INFO - [2025-11-23T07:05:26.515+0000] {dag.py:3340} INFO - Setting next_dagrun for tutorial_dag to None, run_after=None
[2025-11-23T07:05:26.568+0000] {processor.py:176} INFO - Processing /home/airflow/.local/lib/python3.7/site-packages/airflow/example_dags/tutorial_dag.py took 0.299 seconds
[2025-11-23T07:05:57.389+0000] {processor.py:154} INFO - Started process (PID=3720) to work on /home/airflow/.local/lib/python3.7/site-packages/airflow/example_dags/tutorial_dag.py
[2025-11-23T07:05:57.392+0000] {processor.py:756} INFO - Processing file /home/airflow/.local/lib/python3.7/site-packages/airflow/example_dags/tutorial_dag.py for tasks to queue
[2025-11-23T07:05:57.395+0000] {logging_mixin.py:120} INFO - [2025-11-23T07:05:57.393+0000] {dagbag.py:537} INFO - Filling up the DagBag from /home/airflow/.local/lib/python3.7/site-packages/airflow/example_dags/tutorial_dag.py
[2025-11-23T07:05:57.442+0000] {processor.py:766} INFO - DAG(s) dict_keys(['tutorial_dag']) retrieved from /home/airflow/.local/lib/python3.7/site-packages/airflow/example_dags/tutorial_dag.py
[2025-11-23T07:05:57.606+0000] {logging_mixin.py:120} INFO - [2025-11-23T07:05:57.605+0000] {dag.py:2585} INFO - Sync 1 DAGs
[2025-11-23T07:05:57.721+0000] {logging_mixin.py:120} INFO - [2025-11-23T07:05:57.720+0000] {dag.py:3340} INFO - Setting next_dagrun for tutorial_dag to None, run_after=None
[2025-11-23T07:05:57.844+0000] {processor.py:176} INFO - Processing /home/airflow/.local/lib/python3.7/site-packages/airflow/example_dags/tutorial_dag.py took 0.463 seconds
[2025-11-23T07:06:28.533+0000] {processor.py:154} INFO - Started process (PID=3786) to work on /home/airflow/.local/lib/python3.7/site-packages/airflow/example_dags/tutorial_dag.py
[2025-11-23T07:06:28.536+0000] {processor.py:756} INFO - Processing file /home/airflow/.local/lib/python3.7/site-packages/airflow/example_dags/tutorial_dag.py for tasks to queue
[2025-11-23T07:06:28.538+0000] {logging_mixin.py:120} INFO - [2025-11-23T07:06:28.538+0000] {dagbag.py:537} INFO - Filling up the DagBag from /home/airflow/.local/lib/python3.7/site-packages/airflow/example_dags/tutorial_dag.py
[2025-11-23T07:06:28.576+0000] {processor.py:766} INFO - DAG(s) dict_keys(['tutorial_dag']) retrieved from /home/airflow/.local/lib/python3.7/site-packages/airflow/example_dags/tutorial_dag.py
[2025-11-23T07:06:28.722+0000] {logging_mixin.py:120} INFO - [2025-11-23T07:06:28.721+0000] {dag.py:2585} INFO - Sync 1 DAGs
[2025-11-23T07:06:28.804+0000] {logging_mixin.py:120} INFO - [2025-11-23T07:06:28.803+0000] {dag.py:3340} INFO - Setting next_dagrun for tutorial_dag to None, run_after=None
[2025-11-23T07:06:28.873+0000] {processor.py:176} INFO - Processing /home/airflow/.local/lib/python3.7/site-packages/airflow/example_dags/tutorial_dag.py took 0.347 seconds
[2025-11-23T07:06:59.083+0000] {processor.py:154} INFO - Started process (PID=3844) to work on /home/airflow/.local/lib/python3.7/site-packages/airflow/example_dags/tutorial_dag.py
[2025-11-23T07:06:59.085+0000] {processor.py:756} INFO - Processing file /home/airflow/.local/lib/python3.7/site-packages/airflow/example_dags/tutorial_dag.py for tasks to queue
[2025-11-23T07:06:59.088+0000] {logging_mixin.py:120} INFO - [2025-11-23T07:06:59.088+0000] {dagbag.py:537} INFO - Filling up the DagBag from /home/airflow/.local/lib/python3.7/site-packages/airflow/example_dags/tutorial_dag.py
[2025-11-23T07:06:59.113+0000] {processor.py:766} INFO - DAG(s) dict_keys(['tutorial_dag']) retrieved from /home/airflow/.local/lib/python3.7/site-packages/airflow/example_dags/tutorial_dag.py
[2025-11-23T07:06:59.196+0000] {logging_mixin.py:120} INFO - [2025-11-23T07:06:59.196+0000] {dag.py:2585} INFO - Sync 1 DAGs
[2025-11-23T07:06:59.236+0000] {logging_mixin.py:120} INFO - [2025-11-23T07:06:59.236+0000] {dag.py:3340} INFO - Setting next_dagrun for tutorial_dag to None, run_after=None
[2025-11-23T07:06:59.279+0000] {processor.py:176} INFO - Processing /home/airflow/.local/lib/python3.7/site-packages/airflow/example_dags/tutorial_dag.py took 0.204 seconds
[2025-11-23T07:07:30.351+0000] {processor.py:154} INFO - Started process (PID=3901) to work on /home/airflow/.local/lib/python3.7/site-packages/airflow/example_dags/tutorial_dag.py
[2025-11-23T07:07:30.356+0000] {processor.py:756} INFO - Processing file /home/airflow/.local/lib/python3.7/site-packages/airflow/example_dags/tutorial_dag.py for tasks to queue
[2025-11-23T07:07:30.357+0000] {logging_mixin.py:120} INFO - [2025-11-23T07:07:30.357+0000] {dagbag.py:537} INFO - Filling up the DagBag from /home/airflow/.local/lib/python3.7/site-packages/airflow/example_dags/tutorial_dag.py
[2025-11-23T07:07:30.387+0000] {processor.py:766} INFO - DAG(s) dict_keys(['tutorial_dag']) retrieved from /home/airflow/.local/lib/python3.7/site-packages/airflow/example_dags/tutorial_dag.py
[2025-11-23T07:07:30.469+0000] {logging_mixin.py:120} INFO - [2025-11-23T07:07:30.468+0000] {dag.py:2585} INFO - Sync 1 DAGs
[2025-11-23T07:07:30.518+0000] {logging_mixin.py:120} INFO - [2025-11-23T07:07:30.518+0000] {dag.py:3340} INFO - Setting next_dagrun for tutorial_dag to None, run_after=None
[2025-11-23T07:07:30.565+0000] {processor.py:176} INFO - Processing /home/airflow/.local/lib/python3.7/site-packages/airflow/example_dags/tutorial_dag.py took 0.220 seconds
[2025-11-23T07:08:01.005+0000] {processor.py:154} INFO - Started process (PID=3968) to work on /home/airflow/.local/lib/python3.7/site-packages/airflow/example_dags/tutorial_dag.py
[2025-11-23T07:08:01.013+0000] {processor.py:756} INFO - Processing file /home/airflow/.local/lib/python3.7/site-packages/airflow/example_dags/tutorial_dag.py for tasks to queue
[2025-11-23T07:08:01.015+0000] {logging_mixin.py:120} INFO - [2025-11-23T07:08:01.015+0000] {dagbag.py:537} INFO - Filling up the DagBag from /home/airflow/.local/lib/python3.7/site-packages/airflow/example_dags/tutorial_dag.py
[2025-11-23T07:08:01.082+0000] {processor.py:766} INFO - DAG(s) dict_keys(['tutorial_dag']) retrieved from /home/airflow/.local/lib/python3.7/site-packages/airflow/example_dags/tutorial_dag.py
[2025-11-23T07:08:01.205+0000] {logging_mixin.py:120} INFO - [2025-11-23T07:08:01.204+0000] {dag.py:2585} INFO - Sync 1 DAGs
[2025-11-23T07:08:01.294+0000] {logging_mixin.py:120} INFO - [2025-11-23T07:08:01.294+0000] {dag.py:3340} INFO - Setting next_dagrun for tutorial_dag to None, run_after=None
[2025-11-23T07:08:01.438+0000] {processor.py:176} INFO - Processing /home/airflow/.local/lib/python3.7/site-packages/airflow/example_dags/tutorial_dag.py took 0.440 seconds
[2025-11-23T07:08:32.095+0000] {processor.py:154} INFO - Started process (PID=4033) to work on /home/airflow/.local/lib/python3.7/site-packages/airflow/example_dags/tutorial_dag.py
[2025-11-23T07:08:32.100+0000] {processor.py:756} INFO - Processing file /home/airflow/.local/lib/python3.7/site-packages/airflow/example_dags/tutorial_dag.py for tasks to queue
[2025-11-23T07:08:32.110+0000] {logging_mixin.py:120} INFO - [2025-11-23T07:08:32.109+0000] {dagbag.py:537} INFO - Filling up the DagBag from /home/airflow/.local/lib/python3.7/site-packages/airflow/example_dags/tutorial_dag.py
[2025-11-23T07:08:32.146+0000] {processor.py:766} INFO - DAG(s) dict_keys(['tutorial_dag']) retrieved from /home/airflow/.local/lib/python3.7/site-packages/airflow/example_dags/tutorial_dag.py
[2025-11-23T07:08:32.230+0000] {logging_mixin.py:120} INFO - [2025-11-23T07:08:32.229+0000] {dag.py:2585} INFO - Sync 1 DAGs
[2025-11-23T07:08:32.331+0000] {logging_mixin.py:120} INFO - [2025-11-23T07:08:32.331+0000] {dag.py:3340} INFO - Setting next_dagrun for tutorial_dag to None, run_after=None
[2025-11-23T07:08:32.398+0000] {processor.py:176} INFO - Processing /home/airflow/.local/lib/python3.7/site-packages/airflow/example_dags/tutorial_dag.py took 0.320 seconds
[2025-11-23T07:09:02.730+0000] {processor.py:154} INFO - Started process (PID=4090) to work on /home/airflow/.local/lib/python3.7/site-packages/airflow/example_dags/tutorial_dag.py
[2025-11-23T07:09:02.742+0000] {processor.py:756} INFO - Processing file /home/airflow/.local/lib/python3.7/site-packages/airflow/example_dags/tutorial_dag.py for tasks to queue
[2025-11-23T07:09:02.743+0000] {logging_mixin.py:120} INFO - [2025-11-23T07:09:02.743+0000] {dagbag.py:537} INFO - Filling up the DagBag from /home/airflow/.local/lib/python3.7/site-packages/airflow/example_dags/tutorial_dag.py
[2025-11-23T07:09:02.763+0000] {processor.py:766} INFO - DAG(s) dict_keys(['tutorial_dag']) retrieved from /home/airflow/.local/lib/python3.7/site-packages/airflow/example_dags/tutorial_dag.py
[2025-11-23T07:09:02.838+0000] {logging_mixin.py:120} INFO - [2025-11-23T07:09:02.838+0000] {dag.py:2585} INFO - Sync 1 DAGs
[2025-11-23T07:09:02.890+0000] {logging_mixin.py:120} INFO - [2025-11-23T07:09:02.889+0000] {dag.py:3340} INFO - Setting next_dagrun for tutorial_dag to None, run_after=None
[2025-11-23T07:09:02.930+0000] {processor.py:176} INFO - Processing /home/airflow/.local/lib/python3.7/site-packages/airflow/example_dags/tutorial_dag.py took 0.205 seconds
[2025-11-23T07:09:33.521+0000] {processor.py:154} INFO - Started process (PID=4155) to work on /home/airflow/.local/lib/python3.7/site-packages/airflow/example_dags/tutorial_dag.py
[2025-11-23T07:09:33.568+0000] {processor.py:756} INFO - Processing file /home/airflow/.local/lib/python3.7/site-packages/airflow/example_dags/tutorial_dag.py for tasks to queue
[2025-11-23T07:09:33.572+0000] {logging_mixin.py:120} INFO - [2025-11-23T07:09:33.571+0000] {dagbag.py:537} INFO - Filling up the DagBag from /home/airflow/.local/lib/python3.7/site-packages/airflow/example_dags/tutorial_dag.py
[2025-11-23T07:09:33.690+0000] {processor.py:766} INFO - DAG(s) dict_keys(['tutorial_dag']) retrieved from /home/airflow/.local/lib/python3.7/site-packages/airflow/example_dags/tutorial_dag.py
[2025-11-23T07:09:33.776+0000] {logging_mixin.py:120} INFO - [2025-11-23T07:09:33.775+0000] {dag.py:2585} INFO - Sync 1 DAGs
[2025-11-23T07:09:33.824+0000] {logging_mixin.py:120} INFO - [2025-11-23T07:09:33.824+0000] {dag.py:3340} INFO - Setting next_dagrun for tutorial_dag to None, run_after=None
[2025-11-23T07:09:33.876+0000] {processor.py:176} INFO - Processing /home/airflow/.local/lib/python3.7/site-packages/airflow/example_dags/tutorial_dag.py took 0.374 seconds
[2025-11-23T07:10:04.065+0000] {processor.py:154} INFO - Started process (PID=4212) to work on /home/airflow/.local/lib/python3.7/site-packages/airflow/example_dags/tutorial_dag.py
[2025-11-23T07:10:04.067+0000] {processor.py:756} INFO - Processing file /home/airflow/.local/lib/python3.7/site-packages/airflow/example_dags/tutorial_dag.py for tasks to queue
[2025-11-23T07:10:04.069+0000] {logging_mixin.py:120} INFO - [2025-11-23T07:10:04.069+0000] {dagbag.py:537} INFO - Filling up the DagBag from /home/airflow/.local/lib/python3.7/site-packages/airflow/example_dags/tutorial_dag.py
[2025-11-23T07:10:04.091+0000] {processor.py:766} INFO - DAG(s) dict_keys(['tutorial_dag']) retrieved from /home/airflow/.local/lib/python3.7/site-packages/airflow/example_dags/tutorial_dag.py
[2025-11-23T07:10:04.197+0000] {logging_mixin.py:120} INFO - [2025-11-23T07:10:04.197+0000] {dag.py:2585} INFO - Sync 1 DAGs
[2025-11-23T07:10:04.238+0000] {logging_mixin.py:120} INFO - [2025-11-23T07:10:04.238+0000] {dag.py:3340} INFO - Setting next_dagrun for tutorial_dag to None, run_after=None
[2025-11-23T07:10:04.267+0000] {processor.py:176} INFO - Processing /home/airflow/.local/lib/python3.7/site-packages/airflow/example_dags/tutorial_dag.py took 0.206 seconds
[2025-11-23T07:10:35.194+0000] {processor.py:154} INFO - Started process (PID=4266) to work on /home/airflow/.local/lib/python3.7/site-packages/airflow/example_dags/tutorial_dag.py
[2025-11-23T07:10:35.196+0000] {processor.py:756} INFO - Processing file /home/airflow/.local/lib/python3.7/site-packages/airflow/example_dags/tutorial_dag.py for tasks to queue
[2025-11-23T07:10:35.218+0000] {logging_mixin.py:120} INFO - [2025-11-23T07:10:35.218+0000] {dagbag.py:537} INFO - Filling up the DagBag from /home/airflow/.local/lib/python3.7/site-packages/airflow/example_dags/tutorial_dag.py
[2025-11-23T07:10:35.323+0000] {processor.py:766} INFO - DAG(s) dict_keys(['tutorial_dag']) retrieved from /home/airflow/.local/lib/python3.7/site-packages/airflow/example_dags/tutorial_dag.py
[2025-11-23T07:10:35.584+0000] {logging_mixin.py:120} INFO - [2025-11-23T07:10:35.584+0000] {dag.py:2585} INFO - Sync 1 DAGs
[2025-11-23T07:10:35.686+0000] {logging_mixin.py:120} INFO - [2025-11-23T07:10:35.686+0000] {dag.py:3340} INFO - Setting next_dagrun for tutorial_dag to None, run_after=None
[2025-11-23T07:10:35.788+0000] {processor.py:176} INFO - Processing /home/airflow/.local/lib/python3.7/site-packages/airflow/example_dags/tutorial_dag.py took 0.681 seconds
[2025-11-23T07:11:06.185+0000] {processor.py:154} INFO - Started process (PID=4330) to work on /home/airflow/.local/lib/python3.7/site-packages/airflow/example_dags/tutorial_dag.py
[2025-11-23T07:11:06.187+0000] {processor.py:756} INFO - Processing file /home/airflow/.local/lib/python3.7/site-packages/airflow/example_dags/tutorial_dag.py for tasks to queue
[2025-11-23T07:11:06.188+0000] {logging_mixin.py:120} INFO - [2025-11-23T07:11:06.188+0000] {dagbag.py:537} INFO - Filling up the DagBag from /home/airflow/.local/lib/python3.7/site-packages/airflow/example_dags/tutorial_dag.py
[2025-11-23T07:11:06.207+0000] {processor.py:766} INFO - DAG(s) dict_keys(['tutorial_dag']) retrieved from /home/airflow/.local/lib/python3.7/site-packages/airflow/example_dags/tutorial_dag.py
[2025-11-23T07:11:06.273+0000] {logging_mixin.py:120} INFO - [2025-11-23T07:11:06.273+0000] {dag.py:2585} INFO - Sync 1 DAGs
[2025-11-23T07:11:06.310+0000] {logging_mixin.py:120} INFO - [2025-11-23T07:11:06.310+0000] {dag.py:3340} INFO - Setting next_dagrun for tutorial_dag to None, run_after=None
[2025-11-23T07:11:06.342+0000] {processor.py:176} INFO - Processing /home/airflow/.local/lib/python3.7/site-packages/airflow/example_dags/tutorial_dag.py took 0.160 seconds
[2025-11-23T07:11:37.191+0000] {processor.py:154} INFO - Started process (PID=4387) to work on /home/airflow/.local/lib/python3.7/site-packages/airflow/example_dags/tutorial_dag.py
[2025-11-23T07:11:37.193+0000] {processor.py:756} INFO - Processing file /home/airflow/.local/lib/python3.7/site-packages/airflow/example_dags/tutorial_dag.py for tasks to queue
[2025-11-23T07:11:37.196+0000] {logging_mixin.py:120} INFO - [2025-11-23T07:11:37.196+0000] {dagbag.py:537} INFO - Filling up the DagBag from /home/airflow/.local/lib/python3.7/site-packages/airflow/example_dags/tutorial_dag.py
[2025-11-23T07:11:37.276+0000] {processor.py:766} INFO - DAG(s) dict_keys(['tutorial_dag']) retrieved from /home/airflow/.local/lib/python3.7/site-packages/airflow/example_dags/tutorial_dag.py
[2025-11-23T07:11:37.380+0000] {logging_mixin.py:120} INFO - [2025-11-23T07:11:37.379+0000] {dag.py:2585} INFO - Sync 1 DAGs
[2025-11-23T07:11:37.417+0000] {logging_mixin.py:120} INFO - [2025-11-23T07:11:37.417+0000] {dag.py:3340} INFO - Setting next_dagrun for tutorial_dag to None, run_after=None
[2025-11-23T07:11:37.480+0000] {processor.py:176} INFO - Processing /home/airflow/.local/lib/python3.7/site-packages/airflow/example_dags/tutorial_dag.py took 0.293 seconds
[2025-11-23T07:12:07.663+0000] {processor.py:154} INFO - Started process (PID=4451) to work on /home/airflow/.local/lib/python3.7/site-packages/airflow/example_dags/tutorial_dag.py
[2025-11-23T07:12:07.665+0000] {processor.py:756} INFO - Processing file /home/airflow/.local/lib/python3.7/site-packages/airflow/example_dags/tutorial_dag.py for tasks to queue
[2025-11-23T07:12:07.666+0000] {logging_mixin.py:120} INFO - [2025-11-23T07:12:07.666+0000] {dagbag.py:537} INFO - Filling up the DagBag from /home/airflow/.local/lib/python3.7/site-packages/airflow/example_dags/tutorial_dag.py
[2025-11-23T07:12:07.722+0000] {processor.py:766} INFO - DAG(s) dict_keys(['tutorial_dag']) retrieved from /home/airflow/.local/lib/python3.7/site-packages/airflow/example_dags/tutorial_dag.py
[2025-11-23T07:12:07.851+0000] {logging_mixin.py:120} INFO - [2025-11-23T07:12:07.851+0000] {dag.py:2585} INFO - Sync 1 DAGs
[2025-11-23T07:12:07.900+0000] {logging_mixin.py:120} INFO - [2025-11-23T07:12:07.900+0000] {dag.py:3340} INFO - Setting next_dagrun for tutorial_dag to None, run_after=None
[2025-11-23T07:12:07.936+0000] {processor.py:176} INFO - Processing /home/airflow/.local/lib/python3.7/site-packages/airflow/example_dags/tutorial_dag.py took 0.287 seconds
[2025-11-23T07:12:38.706+0000] {processor.py:154} INFO - Started process (PID=4508) to work on /home/airflow/.local/lib/python3.7/site-packages/airflow/example_dags/tutorial_dag.py
[2025-11-23T07:12:38.708+0000] {processor.py:756} INFO - Processing file /home/airflow/.local/lib/python3.7/site-packages/airflow/example_dags/tutorial_dag.py for tasks to queue
[2025-11-23T07:12:38.709+0000] {logging_mixin.py:120} INFO - [2025-11-23T07:12:38.709+0000] {dagbag.py:537} INFO - Filling up the DagBag from /home/airflow/.local/lib/python3.7/site-packages/airflow/example_dags/tutorial_dag.py
[2025-11-23T07:12:38.738+0000] {processor.py:766} INFO - DAG(s) dict_keys(['tutorial_dag']) retrieved from /home/airflow/.local/lib/python3.7/site-packages/airflow/example_dags/tutorial_dag.py
[2025-11-23T07:12:38.854+0000] {logging_mixin.py:120} INFO - [2025-11-23T07:12:38.854+0000] {dag.py:2585} INFO - Sync 1 DAGs
[2025-11-23T07:12:38.957+0000] {logging_mixin.py:120} INFO - [2025-11-23T07:12:38.957+0000] {dag.py:3340} INFO - Setting next_dagrun for tutorial_dag to None, run_after=None
[2025-11-23T07:12:39.013+0000] {processor.py:176} INFO - Processing /home/airflow/.local/lib/python3.7/site-packages/airflow/example_dags/tutorial_dag.py took 0.311 seconds
[2025-11-23T07:13:09.291+0000] {processor.py:154} INFO - Started process (PID=4574) to work on /home/airflow/.local/lib/python3.7/site-packages/airflow/example_dags/tutorial_dag.py
[2025-11-23T07:13:09.293+0000] {processor.py:756} INFO - Processing file /home/airflow/.local/lib/python3.7/site-packages/airflow/example_dags/tutorial_dag.py for tasks to queue
[2025-11-23T07:13:09.295+0000] {logging_mixin.py:120} INFO - [2025-11-23T07:13:09.294+0000] {dagbag.py:537} INFO - Filling up the DagBag from /home/airflow/.local/lib/python3.7/site-packages/airflow/example_dags/tutorial_dag.py
[2025-11-23T07:13:09.322+0000] {processor.py:766} INFO - DAG(s) dict_keys(['tutorial_dag']) retrieved from /home/airflow/.local/lib/python3.7/site-packages/airflow/example_dags/tutorial_dag.py
[2025-11-23T07:13:09.444+0000] {logging_mixin.py:120} INFO - [2025-11-23T07:13:09.444+0000] {dag.py:2585} INFO - Sync 1 DAGs
[2025-11-23T07:13:09.492+0000] {logging_mixin.py:120} INFO - [2025-11-23T07:13:09.492+0000] {dag.py:3340} INFO - Setting next_dagrun for tutorial_dag to None, run_after=None
[2025-11-23T07:13:09.529+0000] {processor.py:176} INFO - Processing /home/airflow/.local/lib/python3.7/site-packages/airflow/example_dags/tutorial_dag.py took 0.243 seconds
[2025-11-23T07:13:39.626+0000] {processor.py:154} INFO - Started process (PID=4631) to work on /home/airflow/.local/lib/python3.7/site-packages/airflow/example_dags/tutorial_dag.py
[2025-11-23T07:13:39.628+0000] {processor.py:756} INFO - Processing file /home/airflow/.local/lib/python3.7/site-packages/airflow/example_dags/tutorial_dag.py for tasks to queue
[2025-11-23T07:13:39.629+0000] {logging_mixin.py:120} INFO - [2025-11-23T07:13:39.629+0000] {dagbag.py:537} INFO - Filling up the DagBag from /home/airflow/.local/lib/python3.7/site-packages/airflow/example_dags/tutorial_dag.py
[2025-11-23T07:13:39.647+0000] {processor.py:766} INFO - DAG(s) dict_keys(['tutorial_dag']) retrieved from /home/airflow/.local/lib/python3.7/site-packages/airflow/example_dags/tutorial_dag.py
[2025-11-23T07:13:39.711+0000] {logging_mixin.py:120} INFO - [2025-11-23T07:13:39.710+0000] {dag.py:2585} INFO - Sync 1 DAGs
[2025-11-23T07:13:39.741+0000] {logging_mixin.py:120} INFO - [2025-11-23T07:13:39.741+0000] {dag.py:3340} INFO - Setting next_dagrun for tutorial_dag to None, run_after=None
[2025-11-23T07:13:39.784+0000] {processor.py:176} INFO - Processing /home/airflow/.local/lib/python3.7/site-packages/airflow/example_dags/tutorial_dag.py took 0.164 seconds
[2025-11-23T07:14:10.199+0000] {processor.py:154} INFO - Started process (PID=4697) to work on /home/airflow/.local/lib/python3.7/site-packages/airflow/example_dags/tutorial_dag.py
[2025-11-23T07:14:10.201+0000] {processor.py:756} INFO - Processing file /home/airflow/.local/lib/python3.7/site-packages/airflow/example_dags/tutorial_dag.py for tasks to queue
[2025-11-23T07:14:10.203+0000] {logging_mixin.py:120} INFO - [2025-11-23T07:14:10.202+0000] {dagbag.py:537} INFO - Filling up the DagBag from /home/airflow/.local/lib/python3.7/site-packages/airflow/example_dags/tutorial_dag.py
[2025-11-23T07:14:10.232+0000] {processor.py:766} INFO - DAG(s) dict_keys(['tutorial_dag']) retrieved from /home/airflow/.local/lib/python3.7/site-packages/airflow/example_dags/tutorial_dag.py
[2025-11-23T07:14:10.441+0000] {logging_mixin.py:120} INFO - [2025-11-23T07:14:10.441+0000] {dag.py:2585} INFO - Sync 1 DAGs
[2025-11-23T07:14:10.502+0000] {logging_mixin.py:120} INFO - [2025-11-23T07:14:10.501+0000] {dag.py:3340} INFO - Setting next_dagrun for tutorial_dag to None, run_after=None
[2025-11-23T07:14:10.567+0000] {processor.py:176} INFO - Processing /home/airflow/.local/lib/python3.7/site-packages/airflow/example_dags/tutorial_dag.py took 0.374 seconds
[2025-11-23T07:14:40.800+0000] {processor.py:154} INFO - Started process (PID=4755) to work on /home/airflow/.local/lib/python3.7/site-packages/airflow/example_dags/tutorial_dag.py
[2025-11-23T07:14:40.802+0000] {processor.py:756} INFO - Processing file /home/airflow/.local/lib/python3.7/site-packages/airflow/example_dags/tutorial_dag.py for tasks to queue
[2025-11-23T07:14:40.803+0000] {logging_mixin.py:120} INFO - [2025-11-23T07:14:40.803+0000] {dagbag.py:537} INFO - Filling up the DagBag from /home/airflow/.local/lib/python3.7/site-packages/airflow/example_dags/tutorial_dag.py
[2025-11-23T07:14:40.824+0000] {processor.py:766} INFO - DAG(s) dict_keys(['tutorial_dag']) retrieved from /home/airflow/.local/lib/python3.7/site-packages/airflow/example_dags/tutorial_dag.py
[2025-11-23T07:14:40.905+0000] {logging_mixin.py:120} INFO - [2025-11-23T07:14:40.905+0000] {dag.py:2585} INFO - Sync 1 DAGs
[2025-11-23T07:14:40.973+0000] {logging_mixin.py:120} INFO - [2025-11-23T07:14:40.972+0000] {dag.py:3340} INFO - Setting next_dagrun for tutorial_dag to None, run_after=None
[2025-11-23T07:14:41.011+0000] {processor.py:176} INFO - Processing /home/airflow/.local/lib/python3.7/site-packages/airflow/example_dags/tutorial_dag.py took 0.217 seconds
[2025-11-23T07:15:11.433+0000] {processor.py:154} INFO - Started process (PID=4822) to work on /home/airflow/.local/lib/python3.7/site-packages/airflow/example_dags/tutorial_dag.py
[2025-11-23T07:15:11.435+0000] {processor.py:756} INFO - Processing file /home/airflow/.local/lib/python3.7/site-packages/airflow/example_dags/tutorial_dag.py for tasks to queue
[2025-11-23T07:15:11.437+0000] {logging_mixin.py:120} INFO - [2025-11-23T07:15:11.436+0000] {dagbag.py:537} INFO - Filling up the DagBag from /home/airflow/.local/lib/python3.7/site-packages/airflow/example_dags/tutorial_dag.py
[2025-11-23T07:15:11.462+0000] {processor.py:766} INFO - DAG(s) dict_keys(['tutorial_dag']) retrieved from /home/airflow/.local/lib/python3.7/site-packages/airflow/example_dags/tutorial_dag.py
[2025-11-23T07:15:11.547+0000] {logging_mixin.py:120} INFO - [2025-11-23T07:15:11.546+0000] {dag.py:2585} INFO - Sync 1 DAGs
[2025-11-23T07:15:11.592+0000] {logging_mixin.py:120} INFO - [2025-11-23T07:15:11.592+0000] {dag.py:3340} INFO - Setting next_dagrun for tutorial_dag to None, run_after=None
[2025-11-23T07:15:11.641+0000] {processor.py:176} INFO - Processing /home/airflow/.local/lib/python3.7/site-packages/airflow/example_dags/tutorial_dag.py took 0.213 seconds
[2025-11-23T07:15:42.203+0000] {processor.py:154} INFO - Started process (PID=4880) to work on /home/airflow/.local/lib/python3.7/site-packages/airflow/example_dags/tutorial_dag.py
[2025-11-23T07:15:42.209+0000] {processor.py:756} INFO - Processing file /home/airflow/.local/lib/python3.7/site-packages/airflow/example_dags/tutorial_dag.py for tasks to queue
[2025-11-23T07:15:42.218+0000] {logging_mixin.py:120} INFO - [2025-11-23T07:15:42.217+0000] {dagbag.py:537} INFO - Filling up the DagBag from /home/airflow/.local/lib/python3.7/site-packages/airflow/example_dags/tutorial_dag.py
[2025-11-23T07:15:42.277+0000] {processor.py:766} INFO - DAG(s) dict_keys(['tutorial_dag']) retrieved from /home/airflow/.local/lib/python3.7/site-packages/airflow/example_dags/tutorial_dag.py
[2025-11-23T07:15:42.425+0000] {logging_mixin.py:120} INFO - [2025-11-23T07:15:42.425+0000] {dag.py:2585} INFO - Sync 1 DAGs
[2025-11-23T07:15:42.557+0000] {logging_mixin.py:120} INFO - [2025-11-23T07:15:42.556+0000] {dag.py:3340} INFO - Setting next_dagrun for tutorial_dag to None, run_after=None
[2025-11-23T07:15:42.720+0000] {processor.py:176} INFO - Processing /home/airflow/.local/lib/python3.7/site-packages/airflow/example_dags/tutorial_dag.py took 0.539 seconds
[2025-11-23T07:16:13.139+0000] {processor.py:154} INFO - Started process (PID=4947) to work on /home/airflow/.local/lib/python3.7/site-packages/airflow/example_dags/tutorial_dag.py
[2025-11-23T07:16:13.141+0000] {processor.py:756} INFO - Processing file /home/airflow/.local/lib/python3.7/site-packages/airflow/example_dags/tutorial_dag.py for tasks to queue
[2025-11-23T07:16:13.142+0000] {logging_mixin.py:120} INFO - [2025-11-23T07:16:13.142+0000] {dagbag.py:537} INFO - Filling up the DagBag from /home/airflow/.local/lib/python3.7/site-packages/airflow/example_dags/tutorial_dag.py
[2025-11-23T07:16:13.171+0000] {processor.py:766} INFO - DAG(s) dict_keys(['tutorial_dag']) retrieved from /home/airflow/.local/lib/python3.7/site-packages/airflow/example_dags/tutorial_dag.py
[2025-11-23T07:16:13.280+0000] {logging_mixin.py:120} INFO - [2025-11-23T07:16:13.280+0000] {dag.py:2585} INFO - Sync 1 DAGs
[2025-11-23T07:16:13.385+0000] {logging_mixin.py:120} INFO - [2025-11-23T07:16:13.384+0000] {dag.py:3340} INFO - Setting next_dagrun for tutorial_dag to None, run_after=None
[2025-11-23T07:16:13.487+0000] {processor.py:176} INFO - Processing /home/airflow/.local/lib/python3.7/site-packages/airflow/example_dags/tutorial_dag.py took 0.353 seconds
[2025-11-23T07:16:44.543+0000] {processor.py:154} INFO - Started process (PID=5005) to work on /home/airflow/.local/lib/python3.7/site-packages/airflow/example_dags/tutorial_dag.py
[2025-11-23T07:16:44.564+0000] {processor.py:756} INFO - Processing file /home/airflow/.local/lib/python3.7/site-packages/airflow/example_dags/tutorial_dag.py for tasks to queue
[2025-11-23T07:16:44.567+0000] {logging_mixin.py:120} INFO - [2025-11-23T07:16:44.566+0000] {dagbag.py:537} INFO - Filling up the DagBag from /home/airflow/.local/lib/python3.7/site-packages/airflow/example_dags/tutorial_dag.py
[2025-11-23T07:16:44.603+0000] {processor.py:766} INFO - DAG(s) dict_keys(['tutorial_dag']) retrieved from /home/airflow/.local/lib/python3.7/site-packages/airflow/example_dags/tutorial_dag.py
[2025-11-23T07:16:45.103+0000] {logging_mixin.py:120} INFO - [2025-11-23T07:16:45.103+0000] {dag.py:2585} INFO - Sync 1 DAGs
[2025-11-23T07:16:45.240+0000] {logging_mixin.py:120} INFO - [2025-11-23T07:16:45.239+0000] {dag.py:3340} INFO - Setting next_dagrun for tutorial_dag to None, run_after=None
[2025-11-23T07:16:45.378+0000] {processor.py:176} INFO - Processing /home/airflow/.local/lib/python3.7/site-packages/airflow/example_dags/tutorial_dag.py took 0.874 seconds
[2025-11-23T07:17:15.503+0000] {processor.py:154} INFO - Started process (PID=5073) to work on /home/airflow/.local/lib/python3.7/site-packages/airflow/example_dags/tutorial_dag.py
[2025-11-23T07:17:15.504+0000] {processor.py:756} INFO - Processing file /home/airflow/.local/lib/python3.7/site-packages/airflow/example_dags/tutorial_dag.py for tasks to queue
[2025-11-23T07:17:15.506+0000] {logging_mixin.py:120} INFO - [2025-11-23T07:17:15.505+0000] {dagbag.py:537} INFO - Filling up the DagBag from /home/airflow/.local/lib/python3.7/site-packages/airflow/example_dags/tutorial_dag.py
[2025-11-23T07:17:15.530+0000] {processor.py:766} INFO - DAG(s) dict_keys(['tutorial_dag']) retrieved from /home/airflow/.local/lib/python3.7/site-packages/airflow/example_dags/tutorial_dag.py
[2025-11-23T07:17:15.615+0000] {logging_mixin.py:120} INFO - [2025-11-23T07:17:15.614+0000] {dag.py:2585} INFO - Sync 1 DAGs
[2025-11-23T07:17:15.710+0000] {logging_mixin.py:120} INFO - [2025-11-23T07:17:15.709+0000] {dag.py:3340} INFO - Setting next_dagrun for tutorial_dag to None, run_after=None
[2025-11-23T07:17:15.760+0000] {processor.py:176} INFO - Processing /home/airflow/.local/lib/python3.7/site-packages/airflow/example_dags/tutorial_dag.py took 0.261 seconds
[2025-11-23T07:17:46.229+0000] {processor.py:154} INFO - Started process (PID=5131) to work on /home/airflow/.local/lib/python3.7/site-packages/airflow/example_dags/tutorial_dag.py
[2025-11-23T07:17:46.231+0000] {processor.py:756} INFO - Processing file /home/airflow/.local/lib/python3.7/site-packages/airflow/example_dags/tutorial_dag.py for tasks to queue
[2025-11-23T07:17:46.233+0000] {logging_mixin.py:120} INFO - [2025-11-23T07:17:46.233+0000] {dagbag.py:537} INFO - Filling up the DagBag from /home/airflow/.local/lib/python3.7/site-packages/airflow/example_dags/tutorial_dag.py
[2025-11-23T07:17:46.291+0000] {processor.py:766} INFO - DAG(s) dict_keys(['tutorial_dag']) retrieved from /home/airflow/.local/lib/python3.7/site-packages/airflow/example_dags/tutorial_dag.py
[2025-11-23T07:17:46.448+0000] {logging_mixin.py:120} INFO - [2025-11-23T07:17:46.448+0000] {dag.py:2585} INFO - Sync 1 DAGs
[2025-11-23T07:17:46.523+0000] {logging_mixin.py:120} INFO - [2025-11-23T07:17:46.523+0000] {dag.py:3340} INFO - Setting next_dagrun for tutorial_dag to None, run_after=None
[2025-11-23T07:17:46.585+0000] {processor.py:176} INFO - Processing /home/airflow/.local/lib/python3.7/site-packages/airflow/example_dags/tutorial_dag.py took 0.368 seconds
[2025-11-23T07:18:17.846+0000] {processor.py:154} INFO - Started process (PID=5189) to work on /home/airflow/.local/lib/python3.7/site-packages/airflow/example_dags/tutorial_dag.py
[2025-11-23T07:18:17.862+0000] {processor.py:756} INFO - Processing file /home/airflow/.local/lib/python3.7/site-packages/airflow/example_dags/tutorial_dag.py for tasks to queue
[2025-11-23T07:18:17.880+0000] {logging_mixin.py:120} INFO - [2025-11-23T07:18:17.879+0000] {dagbag.py:537} INFO - Filling up the DagBag from /home/airflow/.local/lib/python3.7/site-packages/airflow/example_dags/tutorial_dag.py
[2025-11-23T07:18:17.950+0000] {processor.py:766} INFO - DAG(s) dict_keys(['tutorial_dag']) retrieved from /home/airflow/.local/lib/python3.7/site-packages/airflow/example_dags/tutorial_dag.py
[2025-11-23T07:18:18.145+0000] {logging_mixin.py:120} INFO - [2025-11-23T07:18:18.144+0000] {dag.py:2585} INFO - Sync 1 DAGs
[2025-11-23T07:18:18.205+0000] {logging_mixin.py:120} INFO - [2025-11-23T07:18:18.205+0000] {dag.py:3340} INFO - Setting next_dagrun for tutorial_dag to None, run_after=None
[2025-11-23T07:18:18.296+0000] {processor.py:176} INFO - Processing /home/airflow/.local/lib/python3.7/site-packages/airflow/example_dags/tutorial_dag.py took 0.457 seconds
[2025-11-23T07:18:48.417+0000] {processor.py:154} INFO - Started process (PID=5246) to work on /home/airflow/.local/lib/python3.7/site-packages/airflow/example_dags/tutorial_dag.py
[2025-11-23T07:18:48.419+0000] {processor.py:756} INFO - Processing file /home/airflow/.local/lib/python3.7/site-packages/airflow/example_dags/tutorial_dag.py for tasks to queue
[2025-11-23T07:18:48.421+0000] {logging_mixin.py:120} INFO - [2025-11-23T07:18:48.420+0000] {dagbag.py:537} INFO - Filling up the DagBag from /home/airflow/.local/lib/python3.7/site-packages/airflow/example_dags/tutorial_dag.py
[2025-11-23T07:18:48.443+0000] {processor.py:766} INFO - DAG(s) dict_keys(['tutorial_dag']) retrieved from /home/airflow/.local/lib/python3.7/site-packages/airflow/example_dags/tutorial_dag.py
[2025-11-23T07:18:48.569+0000] {logging_mixin.py:120} INFO - [2025-11-23T07:18:48.568+0000] {dag.py:2585} INFO - Sync 1 DAGs
[2025-11-23T07:18:48.650+0000] {logging_mixin.py:120} INFO - [2025-11-23T07:18:48.650+0000] {dag.py:3340} INFO - Setting next_dagrun for tutorial_dag to None, run_after=None
[2025-11-23T07:18:48.706+0000] {processor.py:176} INFO - Processing /home/airflow/.local/lib/python3.7/site-packages/airflow/example_dags/tutorial_dag.py took 0.295 seconds
[2025-11-23T07:19:18.832+0000] {processor.py:154} INFO - Started process (PID=5305) to work on /home/airflow/.local/lib/python3.7/site-packages/airflow/example_dags/tutorial_dag.py
[2025-11-23T07:19:18.834+0000] {processor.py:756} INFO - Processing file /home/airflow/.local/lib/python3.7/site-packages/airflow/example_dags/tutorial_dag.py for tasks to queue
[2025-11-23T07:19:18.836+0000] {logging_mixin.py:120} INFO - [2025-11-23T07:19:18.836+0000] {dagbag.py:537} INFO - Filling up the DagBag from /home/airflow/.local/lib/python3.7/site-packages/airflow/example_dags/tutorial_dag.py
[2025-11-23T07:19:18.861+0000] {processor.py:766} INFO - DAG(s) dict_keys(['tutorial_dag']) retrieved from /home/airflow/.local/lib/python3.7/site-packages/airflow/example_dags/tutorial_dag.py
[2025-11-23T07:19:18.917+0000] {logging_mixin.py:120} INFO - [2025-11-23T07:19:18.917+0000] {dag.py:2585} INFO - Sync 1 DAGs
[2025-11-23T07:19:18.945+0000] {logging_mixin.py:120} INFO - [2025-11-23T07:19:18.945+0000] {dag.py:3340} INFO - Setting next_dagrun for tutorial_dag to None, run_after=None
[2025-11-23T07:19:18.977+0000] {processor.py:176} INFO - Processing /home/airflow/.local/lib/python3.7/site-packages/airflow/example_dags/tutorial_dag.py took 0.152 seconds
[2025-11-23T07:19:49.541+0000] {processor.py:154} INFO - Started process (PID=5363) to work on /home/airflow/.local/lib/python3.7/site-packages/airflow/example_dags/tutorial_dag.py
[2025-11-23T07:19:49.542+0000] {processor.py:756} INFO - Processing file /home/airflow/.local/lib/python3.7/site-packages/airflow/example_dags/tutorial_dag.py for tasks to queue
[2025-11-23T07:19:49.544+0000] {logging_mixin.py:120} INFO - [2025-11-23T07:19:49.544+0000] {dagbag.py:537} INFO - Filling up the DagBag from /home/airflow/.local/lib/python3.7/site-packages/airflow/example_dags/tutorial_dag.py
[2025-11-23T07:19:49.578+0000] {processor.py:766} INFO - DAG(s) dict_keys(['tutorial_dag']) retrieved from /home/airflow/.local/lib/python3.7/site-packages/airflow/example_dags/tutorial_dag.py
[2025-11-23T07:19:49.676+0000] {logging_mixin.py:120} INFO - [2025-11-23T07:19:49.676+0000] {dag.py:2585} INFO - Sync 1 DAGs
[2025-11-23T07:19:49.710+0000] {logging_mixin.py:120} INFO - [2025-11-23T07:19:49.710+0000] {dag.py:3340} INFO - Setting next_dagrun for tutorial_dag to None, run_after=None
[2025-11-23T07:19:49.743+0000] {processor.py:176} INFO - Processing /home/airflow/.local/lib/python3.7/site-packages/airflow/example_dags/tutorial_dag.py took 0.207 seconds
[2025-11-23T07:20:20.324+0000] {processor.py:154} INFO - Started process (PID=5430) to work on /home/airflow/.local/lib/python3.7/site-packages/airflow/example_dags/tutorial_dag.py
[2025-11-23T07:20:20.328+0000] {processor.py:756} INFO - Processing file /home/airflow/.local/lib/python3.7/site-packages/airflow/example_dags/tutorial_dag.py for tasks to queue
[2025-11-23T07:20:20.333+0000] {logging_mixin.py:120} INFO - [2025-11-23T07:20:20.333+0000] {dagbag.py:537} INFO - Filling up the DagBag from /home/airflow/.local/lib/python3.7/site-packages/airflow/example_dags/tutorial_dag.py
[2025-11-23T07:20:20.448+0000] {processor.py:766} INFO - DAG(s) dict_keys(['tutorial_dag']) retrieved from /home/airflow/.local/lib/python3.7/site-packages/airflow/example_dags/tutorial_dag.py
[2025-11-23T07:20:20.589+0000] {logging_mixin.py:120} INFO - [2025-11-23T07:20:20.589+0000] {dag.py:2585} INFO - Sync 1 DAGs
[2025-11-23T07:20:20.649+0000] {logging_mixin.py:120} INFO - [2025-11-23T07:20:20.646+0000] {dag.py:3340} INFO - Setting next_dagrun for tutorial_dag to None, run_after=None
[2025-11-23T07:20:20.700+0000] {processor.py:176} INFO - Processing /home/airflow/.local/lib/python3.7/site-packages/airflow/example_dags/tutorial_dag.py took 0.393 seconds
[2025-11-23T07:20:51.378+0000] {processor.py:154} INFO - Started process (PID=5488) to work on /home/airflow/.local/lib/python3.7/site-packages/airflow/example_dags/tutorial_dag.py
[2025-11-23T07:20:51.383+0000] {processor.py:756} INFO - Processing file /home/airflow/.local/lib/python3.7/site-packages/airflow/example_dags/tutorial_dag.py for tasks to queue
[2025-11-23T07:20:51.388+0000] {logging_mixin.py:120} INFO - [2025-11-23T07:20:51.387+0000] {dagbag.py:537} INFO - Filling up the DagBag from /home/airflow/.local/lib/python3.7/site-packages/airflow/example_dags/tutorial_dag.py
[2025-11-23T07:20:51.472+0000] {processor.py:766} INFO - DAG(s) dict_keys(['tutorial_dag']) retrieved from /home/airflow/.local/lib/python3.7/site-packages/airflow/example_dags/tutorial_dag.py
[2025-11-23T07:20:51.671+0000] {logging_mixin.py:120} INFO - [2025-11-23T07:20:51.670+0000] {dag.py:2585} INFO - Sync 1 DAGs
[2025-11-23T07:20:51.812+0000] {logging_mixin.py:120} INFO - [2025-11-23T07:20:51.811+0000] {dag.py:3340} INFO - Setting next_dagrun for tutorial_dag to None, run_after=None
[2025-11-23T07:20:51.987+0000] {processor.py:176} INFO - Processing /home/airflow/.local/lib/python3.7/site-packages/airflow/example_dags/tutorial_dag.py took 0.616 seconds
[2025-11-23T07:21:22.586+0000] {processor.py:154} INFO - Started process (PID=5553) to work on /home/airflow/.local/lib/python3.7/site-packages/airflow/example_dags/tutorial_dag.py
[2025-11-23T07:21:22.588+0000] {processor.py:756} INFO - Processing file /home/airflow/.local/lib/python3.7/site-packages/airflow/example_dags/tutorial_dag.py for tasks to queue
[2025-11-23T07:21:22.599+0000] {logging_mixin.py:120} INFO - [2025-11-23T07:21:22.590+0000] {dagbag.py:537} INFO - Filling up the DagBag from /home/airflow/.local/lib/python3.7/site-packages/airflow/example_dags/tutorial_dag.py
[2025-11-23T07:21:22.688+0000] {processor.py:766} INFO - DAG(s) dict_keys(['tutorial_dag']) retrieved from /home/airflow/.local/lib/python3.7/site-packages/airflow/example_dags/tutorial_dag.py
[2025-11-23T07:21:22.835+0000] {logging_mixin.py:120} INFO - [2025-11-23T07:21:22.835+0000] {dag.py:2585} INFO - Sync 1 DAGs
[2025-11-23T07:21:22.935+0000] {logging_mixin.py:120} INFO - [2025-11-23T07:21:22.934+0000] {dag.py:3340} INFO - Setting next_dagrun for tutorial_dag to None, run_after=None
[2025-11-23T07:21:22.998+0000] {processor.py:176} INFO - Processing /home/airflow/.local/lib/python3.7/site-packages/airflow/example_dags/tutorial_dag.py took 0.418 seconds
[2025-11-23T07:21:53.909+0000] {processor.py:154} INFO - Started process (PID=5614) to work on /home/airflow/.local/lib/python3.7/site-packages/airflow/example_dags/tutorial_dag.py
[2025-11-23T07:21:53.911+0000] {processor.py:756} INFO - Processing file /home/airflow/.local/lib/python3.7/site-packages/airflow/example_dags/tutorial_dag.py for tasks to queue
[2025-11-23T07:21:53.913+0000] {logging_mixin.py:120} INFO - [2025-11-23T07:21:53.913+0000] {dagbag.py:537} INFO - Filling up the DagBag from /home/airflow/.local/lib/python3.7/site-packages/airflow/example_dags/tutorial_dag.py
[2025-11-23T07:21:53.936+0000] {processor.py:766} INFO - DAG(s) dict_keys(['tutorial_dag']) retrieved from /home/airflow/.local/lib/python3.7/site-packages/airflow/example_dags/tutorial_dag.py
[2025-11-23T07:21:54.008+0000] {logging_mixin.py:120} INFO - [2025-11-23T07:21:54.008+0000] {dag.py:2585} INFO - Sync 1 DAGs
[2025-11-23T07:21:54.051+0000] {logging_mixin.py:120} INFO - [2025-11-23T07:21:54.050+0000] {dag.py:3340} INFO - Setting next_dagrun for tutorial_dag to None, run_after=None
[2025-11-23T07:21:54.083+0000] {processor.py:176} INFO - Processing /home/airflow/.local/lib/python3.7/site-packages/airflow/example_dags/tutorial_dag.py took 0.180 seconds
[2025-11-23T07:22:24.136+0000] {processor.py:154} INFO - Started process (PID=5679) to work on /home/airflow/.local/lib/python3.7/site-packages/airflow/example_dags/tutorial_dag.py
[2025-11-23T07:22:24.137+0000] {processor.py:756} INFO - Processing file /home/airflow/.local/lib/python3.7/site-packages/airflow/example_dags/tutorial_dag.py for tasks to queue
[2025-11-23T07:22:24.139+0000] {logging_mixin.py:120} INFO - [2025-11-23T07:22:24.139+0000] {dagbag.py:537} INFO - Filling up the DagBag from /home/airflow/.local/lib/python3.7/site-packages/airflow/example_dags/tutorial_dag.py
[2025-11-23T07:22:24.168+0000] {processor.py:766} INFO - DAG(s) dict_keys(['tutorial_dag']) retrieved from /home/airflow/.local/lib/python3.7/site-packages/airflow/example_dags/tutorial_dag.py
[2025-11-23T07:22:24.295+0000] {logging_mixin.py:120} INFO - [2025-11-23T07:22:24.295+0000] {dag.py:2585} INFO - Sync 1 DAGs
[2025-11-23T07:22:24.411+0000] {logging_mixin.py:120} INFO - [2025-11-23T07:22:24.411+0000] {dag.py:3340} INFO - Setting next_dagrun for tutorial_dag to None, run_after=None
[2025-11-23T07:22:24.483+0000] {processor.py:176} INFO - Processing /home/airflow/.local/lib/python3.7/site-packages/airflow/example_dags/tutorial_dag.py took 0.353 seconds
[2025-11-23T07:22:54.774+0000] {processor.py:154} INFO - Started process (PID=5736) to work on /home/airflow/.local/lib/python3.7/site-packages/airflow/example_dags/tutorial_dag.py
[2025-11-23T07:22:54.776+0000] {processor.py:756} INFO - Processing file /home/airflow/.local/lib/python3.7/site-packages/airflow/example_dags/tutorial_dag.py for tasks to queue
[2025-11-23T07:22:54.777+0000] {logging_mixin.py:120} INFO - [2025-11-23T07:22:54.777+0000] {dagbag.py:537} INFO - Filling up the DagBag from /home/airflow/.local/lib/python3.7/site-packages/airflow/example_dags/tutorial_dag.py
[2025-11-23T07:22:54.799+0000] {processor.py:766} INFO - DAG(s) dict_keys(['tutorial_dag']) retrieved from /home/airflow/.local/lib/python3.7/site-packages/airflow/example_dags/tutorial_dag.py
[2025-11-23T07:22:54.895+0000] {logging_mixin.py:120} INFO - [2025-11-23T07:22:54.894+0000] {dag.py:2585} INFO - Sync 1 DAGs
[2025-11-23T07:22:54.941+0000] {logging_mixin.py:120} INFO - [2025-11-23T07:22:54.941+0000] {dag.py:3340} INFO - Setting next_dagrun for tutorial_dag to None, run_after=None
[2025-11-23T07:22:54.983+0000] {processor.py:176} INFO - Processing /home/airflow/.local/lib/python3.7/site-packages/airflow/example_dags/tutorial_dag.py took 0.213 seconds
[2025-11-23T07:23:25.839+0000] {processor.py:154} INFO - Started process (PID=5794) to work on /home/airflow/.local/lib/python3.7/site-packages/airflow/example_dags/tutorial_dag.py
[2025-11-23T07:23:25.841+0000] {processor.py:756} INFO - Processing file /home/airflow/.local/lib/python3.7/site-packages/airflow/example_dags/tutorial_dag.py for tasks to queue
[2025-11-23T07:23:25.844+0000] {logging_mixin.py:120} INFO - [2025-11-23T07:23:25.844+0000] {dagbag.py:537} INFO - Filling up the DagBag from /home/airflow/.local/lib/python3.7/site-packages/airflow/example_dags/tutorial_dag.py
[2025-11-23T07:23:25.875+0000] {processor.py:766} INFO - DAG(s) dict_keys(['tutorial_dag']) retrieved from /home/airflow/.local/lib/python3.7/site-packages/airflow/example_dags/tutorial_dag.py
[2025-11-23T07:23:25.962+0000] {logging_mixin.py:120} INFO - [2025-11-23T07:23:25.962+0000] {dag.py:2585} INFO - Sync 1 DAGs
[2025-11-23T07:23:26.032+0000] {logging_mixin.py:120} INFO - [2025-11-23T07:23:26.031+0000] {dag.py:3340} INFO - Setting next_dagrun for tutorial_dag to None, run_after=None
[2025-11-23T07:23:26.084+0000] {processor.py:176} INFO - Processing /home/airflow/.local/lib/python3.7/site-packages/airflow/example_dags/tutorial_dag.py took 0.253 seconds
