[2025-11-22T08:53:14.553+0000] {processor.py:154} INFO - Started process (PID=66) to work on /home/airflow/.local/lib/python3.7/site-packages/airflow/example_dags/example_branch_operator.py
[2025-11-22T08:53:14.558+0000] {processor.py:756} INFO - Processing file /home/airflow/.local/lib/python3.7/site-packages/airflow/example_dags/example_branch_operator.py for tasks to queue
[2025-11-22T08:53:14.560+0000] {logging_mixin.py:120} INFO - [2025-11-22T08:53:14.560+0000] {dagbag.py:537} INFO - Filling up the DagBag from /home/airflow/.local/lib/python3.7/site-packages/airflow/example_dags/example_branch_operator.py
[2025-11-22T08:53:14.610+0000] {processor.py:766} INFO - DAG(s) dict_keys(['example_branch_operator']) retrieved from /home/airflow/.local/lib/python3.7/site-packages/airflow/example_dags/example_branch_operator.py
[2025-11-22T08:53:15.116+0000] {logging_mixin.py:120} INFO - [2025-11-22T08:53:15.115+0000] {dag.py:2585} INFO - Sync 1 DAGs
[2025-11-22T08:53:15.524+0000] {logging_mixin.py:120} INFO - [2025-11-22T08:53:15.524+0000] {dag.py:3340} INFO - Setting next_dagrun for example_branch_operator to 2025-11-21T00:00:00+00:00, run_after=2025-11-22T00:00:00+00:00
[2025-11-22T08:53:15.831+0000] {processor.py:176} INFO - Processing /home/airflow/.local/lib/python3.7/site-packages/airflow/example_dags/example_branch_operator.py took 1.290 seconds
[2025-11-22T08:54:12.570+0000] {processor.py:154} INFO - Started process (PID=128) to work on /home/airflow/.local/lib/python3.7/site-packages/airflow/example_dags/example_branch_operator.py
[2025-11-22T08:54:12.582+0000] {processor.py:756} INFO - Processing file /home/airflow/.local/lib/python3.7/site-packages/airflow/example_dags/example_branch_operator.py for tasks to queue
[2025-11-22T08:54:12.594+0000] {logging_mixin.py:120} INFO - [2025-11-22T08:54:12.591+0000] {dagbag.py:537} INFO - Filling up the DagBag from /home/airflow/.local/lib/python3.7/site-packages/airflow/example_dags/example_branch_operator.py
[2025-11-22T08:54:12.860+0000] {processor.py:766} INFO - DAG(s) dict_keys(['example_branch_operator']) retrieved from /home/airflow/.local/lib/python3.7/site-packages/airflow/example_dags/example_branch_operator.py
[2025-11-22T08:54:13.201+0000] {logging_mixin.py:120} INFO - [2025-11-22T08:54:13.201+0000] {dag.py:2585} INFO - Sync 1 DAGs
[2025-11-22T08:54:13.338+0000] {logging_mixin.py:120} INFO - [2025-11-22T08:54:13.338+0000] {dag.py:3340} INFO - Setting next_dagrun for example_branch_operator to 2025-11-21T00:00:00+00:00, run_after=2025-11-22T00:00:00+00:00
[2025-11-22T08:54:13.493+0000] {processor.py:176} INFO - Processing /home/airflow/.local/lib/python3.7/site-packages/airflow/example_dags/example_branch_operator.py took 0.918 seconds
[2025-11-22T08:54:43.645+0000] {processor.py:154} INFO - Started process (PID=182) to work on /home/airflow/.local/lib/python3.7/site-packages/airflow/example_dags/example_branch_operator.py
[2025-11-22T08:54:43.646+0000] {processor.py:756} INFO - Processing file /home/airflow/.local/lib/python3.7/site-packages/airflow/example_dags/example_branch_operator.py for tasks to queue
[2025-11-22T08:54:43.647+0000] {logging_mixin.py:120} INFO - [2025-11-22T08:54:43.647+0000] {dagbag.py:537} INFO - Filling up the DagBag from /home/airflow/.local/lib/python3.7/site-packages/airflow/example_dags/example_branch_operator.py
[2025-11-22T08:54:43.671+0000] {processor.py:766} INFO - DAG(s) dict_keys(['example_branch_operator']) retrieved from /home/airflow/.local/lib/python3.7/site-packages/airflow/example_dags/example_branch_operator.py
[2025-11-22T08:54:43.720+0000] {logging_mixin.py:120} INFO - [2025-11-22T08:54:43.720+0000] {dag.py:2585} INFO - Sync 1 DAGs
[2025-11-22T08:54:43.750+0000] {logging_mixin.py:120} INFO - [2025-11-22T08:54:43.750+0000] {dag.py:3340} INFO - Setting next_dagrun for example_branch_operator to 2025-11-21T00:00:00+00:00, run_after=2025-11-22T00:00:00+00:00
[2025-11-22T08:54:43.774+0000] {processor.py:176} INFO - Processing /home/airflow/.local/lib/python3.7/site-packages/airflow/example_dags/example_branch_operator.py took 0.133 seconds
[2025-11-22T08:55:17.745+0000] {processor.py:154} INFO - Started process (PID=235) to work on /home/airflow/.local/lib/python3.7/site-packages/airflow/example_dags/example_branch_operator.py
[2025-11-22T08:55:17.750+0000] {processor.py:756} INFO - Processing file /home/airflow/.local/lib/python3.7/site-packages/airflow/example_dags/example_branch_operator.py for tasks to queue
[2025-11-22T08:55:17.753+0000] {logging_mixin.py:120} INFO - [2025-11-22T08:55:17.752+0000] {dagbag.py:537} INFO - Filling up the DagBag from /home/airflow/.local/lib/python3.7/site-packages/airflow/example_dags/example_branch_operator.py
[2025-11-22T08:55:17.790+0000] {processor.py:766} INFO - DAG(s) dict_keys(['example_branch_operator']) retrieved from /home/airflow/.local/lib/python3.7/site-packages/airflow/example_dags/example_branch_operator.py
[2025-11-22T08:55:17.874+0000] {logging_mixin.py:120} INFO - [2025-11-22T08:55:17.874+0000] {dag.py:2585} INFO - Sync 1 DAGs
[2025-11-22T08:55:17.938+0000] {logging_mixin.py:120} INFO - [2025-11-22T08:55:17.938+0000] {dag.py:3340} INFO - Setting next_dagrun for example_branch_operator to 2025-11-21T00:00:00+00:00, run_after=2025-11-22T00:00:00+00:00
[2025-11-22T08:55:18.033+0000] {processor.py:176} INFO - Processing /home/airflow/.local/lib/python3.7/site-packages/airflow/example_dags/example_branch_operator.py took 0.303 seconds
[2025-11-22T08:55:49.015+0000] {processor.py:154} INFO - Started process (PID=289) to work on /home/airflow/.local/lib/python3.7/site-packages/airflow/example_dags/example_branch_operator.py
[2025-11-22T08:55:49.017+0000] {processor.py:756} INFO - Processing file /home/airflow/.local/lib/python3.7/site-packages/airflow/example_dags/example_branch_operator.py for tasks to queue
[2025-11-22T08:55:49.019+0000] {logging_mixin.py:120} INFO - [2025-11-22T08:55:49.019+0000] {dagbag.py:537} INFO - Filling up the DagBag from /home/airflow/.local/lib/python3.7/site-packages/airflow/example_dags/example_branch_operator.py
[2025-11-22T08:55:49.097+0000] {processor.py:766} INFO - DAG(s) dict_keys(['example_branch_operator']) retrieved from /home/airflow/.local/lib/python3.7/site-packages/airflow/example_dags/example_branch_operator.py
[2025-11-22T08:55:49.264+0000] {logging_mixin.py:120} INFO - [2025-11-22T08:55:49.264+0000] {dag.py:2585} INFO - Sync 1 DAGs
[2025-11-22T08:55:49.364+0000] {logging_mixin.py:120} INFO - [2025-11-22T08:55:49.364+0000] {dag.py:3340} INFO - Setting next_dagrun for example_branch_operator to 2025-11-21T00:00:00+00:00, run_after=2025-11-22T00:00:00+00:00
[2025-11-22T08:55:49.424+0000] {processor.py:176} INFO - Processing /home/airflow/.local/lib/python3.7/site-packages/airflow/example_dags/example_branch_operator.py took 0.418 seconds
[2025-11-22T08:56:20.358+0000] {processor.py:154} INFO - Started process (PID=343) to work on /home/airflow/.local/lib/python3.7/site-packages/airflow/example_dags/example_branch_operator.py
[2025-11-22T08:56:20.360+0000] {processor.py:756} INFO - Processing file /home/airflow/.local/lib/python3.7/site-packages/airflow/example_dags/example_branch_operator.py for tasks to queue
[2025-11-22T08:56:20.362+0000] {logging_mixin.py:120} INFO - [2025-11-22T08:56:20.361+0000] {dagbag.py:537} INFO - Filling up the DagBag from /home/airflow/.local/lib/python3.7/site-packages/airflow/example_dags/example_branch_operator.py
[2025-11-22T08:56:20.402+0000] {processor.py:766} INFO - DAG(s) dict_keys(['example_branch_operator']) retrieved from /home/airflow/.local/lib/python3.7/site-packages/airflow/example_dags/example_branch_operator.py
[2025-11-22T08:56:20.498+0000] {logging_mixin.py:120} INFO - [2025-11-22T08:56:20.497+0000] {dag.py:2585} INFO - Sync 1 DAGs
[2025-11-22T08:56:20.559+0000] {logging_mixin.py:120} INFO - [2025-11-22T08:56:20.559+0000] {dag.py:3340} INFO - Setting next_dagrun for example_branch_operator to 2025-11-21T00:00:00+00:00, run_after=2025-11-22T00:00:00+00:00
[2025-11-22T08:56:20.617+0000] {processor.py:176} INFO - Processing /home/airflow/.local/lib/python3.7/site-packages/airflow/example_dags/example_branch_operator.py took 0.264 seconds
[2025-11-22T08:56:51.733+0000] {processor.py:154} INFO - Started process (PID=406) to work on /home/airflow/.local/lib/python3.7/site-packages/airflow/example_dags/example_branch_operator.py
[2025-11-22T08:56:51.735+0000] {processor.py:756} INFO - Processing file /home/airflow/.local/lib/python3.7/site-packages/airflow/example_dags/example_branch_operator.py for tasks to queue
[2025-11-22T08:56:51.737+0000] {logging_mixin.py:120} INFO - [2025-11-22T08:56:51.736+0000] {dagbag.py:537} INFO - Filling up the DagBag from /home/airflow/.local/lib/python3.7/site-packages/airflow/example_dags/example_branch_operator.py
[2025-11-22T08:56:51.802+0000] {processor.py:766} INFO - DAG(s) dict_keys(['example_branch_operator']) retrieved from /home/airflow/.local/lib/python3.7/site-packages/airflow/example_dags/example_branch_operator.py
[2025-11-22T08:56:51.917+0000] {logging_mixin.py:120} INFO - [2025-11-22T08:56:51.916+0000] {dag.py:2585} INFO - Sync 1 DAGs
[2025-11-22T08:56:51.979+0000] {logging_mixin.py:120} INFO - [2025-11-22T08:56:51.978+0000] {dag.py:3340} INFO - Setting next_dagrun for example_branch_operator to 2025-11-21T00:00:00+00:00, run_after=2025-11-22T00:00:00+00:00
[2025-11-22T08:56:52.030+0000] {processor.py:176} INFO - Processing /home/airflow/.local/lib/python3.7/site-packages/airflow/example_dags/example_branch_operator.py took 0.312 seconds
[2025-11-22T08:57:22.769+0000] {processor.py:154} INFO - Started process (PID=460) to work on /home/airflow/.local/lib/python3.7/site-packages/airflow/example_dags/example_branch_operator.py
[2025-11-22T08:57:22.770+0000] {processor.py:756} INFO - Processing file /home/airflow/.local/lib/python3.7/site-packages/airflow/example_dags/example_branch_operator.py for tasks to queue
[2025-11-22T08:57:22.772+0000] {logging_mixin.py:120} INFO - [2025-11-22T08:57:22.772+0000] {dagbag.py:537} INFO - Filling up the DagBag from /home/airflow/.local/lib/python3.7/site-packages/airflow/example_dags/example_branch_operator.py
[2025-11-22T08:57:22.795+0000] {processor.py:766} INFO - DAG(s) dict_keys(['example_branch_operator']) retrieved from /home/airflow/.local/lib/python3.7/site-packages/airflow/example_dags/example_branch_operator.py
[2025-11-22T08:57:22.848+0000] {logging_mixin.py:120} INFO - [2025-11-22T08:57:22.848+0000] {dag.py:2585} INFO - Sync 1 DAGs
[2025-11-22T08:57:22.881+0000] {logging_mixin.py:120} INFO - [2025-11-22T08:57:22.881+0000] {dag.py:3340} INFO - Setting next_dagrun for example_branch_operator to 2025-11-21T00:00:00+00:00, run_after=2025-11-22T00:00:00+00:00
[2025-11-22T08:57:22.906+0000] {processor.py:176} INFO - Processing /home/airflow/.local/lib/python3.7/site-packages/airflow/example_dags/example_branch_operator.py took 0.142 seconds
[2025-11-22T08:57:53.631+0000] {processor.py:154} INFO - Started process (PID=523) to work on /home/airflow/.local/lib/python3.7/site-packages/airflow/example_dags/example_branch_operator.py
[2025-11-22T08:57:53.634+0000] {processor.py:756} INFO - Processing file /home/airflow/.local/lib/python3.7/site-packages/airflow/example_dags/example_branch_operator.py for tasks to queue
[2025-11-22T08:57:53.636+0000] {logging_mixin.py:120} INFO - [2025-11-22T08:57:53.636+0000] {dagbag.py:537} INFO - Filling up the DagBag from /home/airflow/.local/lib/python3.7/site-packages/airflow/example_dags/example_branch_operator.py
[2025-11-22T08:57:53.703+0000] {processor.py:766} INFO - DAG(s) dict_keys(['example_branch_operator']) retrieved from /home/airflow/.local/lib/python3.7/site-packages/airflow/example_dags/example_branch_operator.py
[2025-11-22T08:57:53.795+0000] {logging_mixin.py:120} INFO - [2025-11-22T08:57:53.794+0000] {dag.py:2585} INFO - Sync 1 DAGs
[2025-11-22T08:57:53.825+0000] {logging_mixin.py:120} INFO - [2025-11-22T08:57:53.825+0000] {dag.py:3340} INFO - Setting next_dagrun for example_branch_operator to 2025-11-21T00:00:00+00:00, run_after=2025-11-22T00:00:00+00:00
[2025-11-22T08:57:53.857+0000] {processor.py:176} INFO - Processing /home/airflow/.local/lib/python3.7/site-packages/airflow/example_dags/example_branch_operator.py took 0.235 seconds
[2025-11-22T08:58:24.843+0000] {processor.py:154} INFO - Started process (PID=577) to work on /home/airflow/.local/lib/python3.7/site-packages/airflow/example_dags/example_branch_operator.py
[2025-11-22T08:58:24.844+0000] {processor.py:756} INFO - Processing file /home/airflow/.local/lib/python3.7/site-packages/airflow/example_dags/example_branch_operator.py for tasks to queue
[2025-11-22T08:58:24.846+0000] {logging_mixin.py:120} INFO - [2025-11-22T08:58:24.846+0000] {dagbag.py:537} INFO - Filling up the DagBag from /home/airflow/.local/lib/python3.7/site-packages/airflow/example_dags/example_branch_operator.py
[2025-11-22T08:58:24.865+0000] {processor.py:766} INFO - DAG(s) dict_keys(['example_branch_operator']) retrieved from /home/airflow/.local/lib/python3.7/site-packages/airflow/example_dags/example_branch_operator.py
[2025-11-22T08:58:24.912+0000] {logging_mixin.py:120} INFO - [2025-11-22T08:58:24.912+0000] {dag.py:2585} INFO - Sync 1 DAGs
[2025-11-22T08:58:24.942+0000] {logging_mixin.py:120} INFO - [2025-11-22T08:58:24.942+0000] {dag.py:3340} INFO - Setting next_dagrun for example_branch_operator to 2025-11-21T00:00:00+00:00, run_after=2025-11-22T00:00:00+00:00
[2025-11-22T08:58:24.973+0000] {processor.py:176} INFO - Processing /home/airflow/.local/lib/python3.7/site-packages/airflow/example_dags/example_branch_operator.py took 0.134 seconds
[2025-11-22T08:58:55.297+0000] {processor.py:154} INFO - Started process (PID=641) to work on /home/airflow/.local/lib/python3.7/site-packages/airflow/example_dags/example_branch_operator.py
[2025-11-22T08:58:55.306+0000] {processor.py:756} INFO - Processing file /home/airflow/.local/lib/python3.7/site-packages/airflow/example_dags/example_branch_operator.py for tasks to queue
[2025-11-22T08:58:55.307+0000] {logging_mixin.py:120} INFO - [2025-11-22T08:58:55.307+0000] {dagbag.py:537} INFO - Filling up the DagBag from /home/airflow/.local/lib/python3.7/site-packages/airflow/example_dags/example_branch_operator.py
[2025-11-22T08:58:55.339+0000] {processor.py:766} INFO - DAG(s) dict_keys(['example_branch_operator']) retrieved from /home/airflow/.local/lib/python3.7/site-packages/airflow/example_dags/example_branch_operator.py
[2025-11-22T08:58:55.397+0000] {logging_mixin.py:120} INFO - [2025-11-22T08:58:55.397+0000] {dag.py:2585} INFO - Sync 1 DAGs
[2025-11-22T08:58:55.429+0000] {logging_mixin.py:120} INFO - [2025-11-22T08:58:55.429+0000] {dag.py:3340} INFO - Setting next_dagrun for example_branch_operator to 2025-11-21T00:00:00+00:00, run_after=2025-11-22T00:00:00+00:00
[2025-11-22T08:58:55.456+0000] {processor.py:176} INFO - Processing /home/airflow/.local/lib/python3.7/site-packages/airflow/example_dags/example_branch_operator.py took 0.168 seconds
[2025-11-22T08:59:26.208+0000] {processor.py:154} INFO - Started process (PID=702) to work on /home/airflow/.local/lib/python3.7/site-packages/airflow/example_dags/example_branch_operator.py
[2025-11-22T08:59:26.213+0000] {processor.py:756} INFO - Processing file /home/airflow/.local/lib/python3.7/site-packages/airflow/example_dags/example_branch_operator.py for tasks to queue
[2025-11-22T08:59:26.214+0000] {logging_mixin.py:120} INFO - [2025-11-22T08:59:26.214+0000] {dagbag.py:537} INFO - Filling up the DagBag from /home/airflow/.local/lib/python3.7/site-packages/airflow/example_dags/example_branch_operator.py
[2025-11-22T08:59:26.252+0000] {processor.py:766} INFO - DAG(s) dict_keys(['example_branch_operator']) retrieved from /home/airflow/.local/lib/python3.7/site-packages/airflow/example_dags/example_branch_operator.py
[2025-11-22T08:59:26.345+0000] {logging_mixin.py:120} INFO - [2025-11-22T08:59:26.344+0000] {dag.py:2585} INFO - Sync 1 DAGs
[2025-11-22T08:59:26.453+0000] {logging_mixin.py:120} INFO - [2025-11-22T08:59:26.452+0000] {dag.py:3340} INFO - Setting next_dagrun for example_branch_operator to 2025-11-21T00:00:00+00:00, run_after=2025-11-22T00:00:00+00:00
[2025-11-22T08:59:26.503+0000] {processor.py:176} INFO - Processing /home/airflow/.local/lib/python3.7/site-packages/airflow/example_dags/example_branch_operator.py took 0.311 seconds
[2025-11-22T08:59:56.613+0000] {processor.py:154} INFO - Started process (PID=758) to work on /home/airflow/.local/lib/python3.7/site-packages/airflow/example_dags/example_branch_operator.py
[2025-11-22T08:59:56.616+0000] {processor.py:756} INFO - Processing file /home/airflow/.local/lib/python3.7/site-packages/airflow/example_dags/example_branch_operator.py for tasks to queue
[2025-11-22T08:59:56.617+0000] {logging_mixin.py:120} INFO - [2025-11-22T08:59:56.617+0000] {dagbag.py:537} INFO - Filling up the DagBag from /home/airflow/.local/lib/python3.7/site-packages/airflow/example_dags/example_branch_operator.py
[2025-11-22T08:59:56.642+0000] {processor.py:766} INFO - DAG(s) dict_keys(['example_branch_operator']) retrieved from /home/airflow/.local/lib/python3.7/site-packages/airflow/example_dags/example_branch_operator.py
[2025-11-22T08:59:56.699+0000] {logging_mixin.py:120} INFO - [2025-11-22T08:59:56.699+0000] {dag.py:2585} INFO - Sync 1 DAGs
[2025-11-22T08:59:56.730+0000] {logging_mixin.py:120} INFO - [2025-11-22T08:59:56.730+0000] {dag.py:3340} INFO - Setting next_dagrun for example_branch_operator to 2025-11-21T00:00:00+00:00, run_after=2025-11-22T00:00:00+00:00
[2025-11-22T08:59:56.760+0000] {processor.py:176} INFO - Processing /home/airflow/.local/lib/python3.7/site-packages/airflow/example_dags/example_branch_operator.py took 0.153 seconds
[2025-11-22T09:00:30.941+0000] {processor.py:154} INFO - Started process (PID=822) to work on /home/airflow/.local/lib/python3.7/site-packages/airflow/example_dags/example_branch_operator.py
[2025-11-22T09:00:30.943+0000] {processor.py:756} INFO - Processing file /home/airflow/.local/lib/python3.7/site-packages/airflow/example_dags/example_branch_operator.py for tasks to queue
[2025-11-22T09:00:30.947+0000] {logging_mixin.py:120} INFO - [2025-11-22T09:00:30.947+0000] {dagbag.py:537} INFO - Filling up the DagBag from /home/airflow/.local/lib/python3.7/site-packages/airflow/example_dags/example_branch_operator.py
[2025-11-22T09:00:31.100+0000] {processor.py:766} INFO - DAG(s) dict_keys(['example_branch_operator']) retrieved from /home/airflow/.local/lib/python3.7/site-packages/airflow/example_dags/example_branch_operator.py
[2025-11-22T09:00:31.329+0000] {logging_mixin.py:120} INFO - [2025-11-22T09:00:31.329+0000] {dag.py:2585} INFO - Sync 1 DAGs
[2025-11-22T09:00:31.516+0000] {logging_mixin.py:120} INFO - [2025-11-22T09:00:31.516+0000] {dag.py:3340} INFO - Setting next_dagrun for example_branch_operator to 2025-11-21T00:00:00+00:00, run_after=2025-11-22T00:00:00+00:00
[2025-11-22T09:00:31.642+0000] {processor.py:176} INFO - Processing /home/airflow/.local/lib/python3.7/site-packages/airflow/example_dags/example_branch_operator.py took 0.719 seconds
[2025-11-22T09:01:02.613+0000] {processor.py:154} INFO - Started process (PID=876) to work on /home/airflow/.local/lib/python3.7/site-packages/airflow/example_dags/example_branch_operator.py
[2025-11-22T09:01:02.615+0000] {processor.py:756} INFO - Processing file /home/airflow/.local/lib/python3.7/site-packages/airflow/example_dags/example_branch_operator.py for tasks to queue
[2025-11-22T09:01:02.617+0000] {logging_mixin.py:120} INFO - [2025-11-22T09:01:02.617+0000] {dagbag.py:537} INFO - Filling up the DagBag from /home/airflow/.local/lib/python3.7/site-packages/airflow/example_dags/example_branch_operator.py
[2025-11-22T09:01:02.652+0000] {processor.py:766} INFO - DAG(s) dict_keys(['example_branch_operator']) retrieved from /home/airflow/.local/lib/python3.7/site-packages/airflow/example_dags/example_branch_operator.py
[2025-11-22T09:01:02.712+0000] {logging_mixin.py:120} INFO - [2025-11-22T09:01:02.712+0000] {dag.py:2585} INFO - Sync 1 DAGs
[2025-11-22T09:01:02.747+0000] {logging_mixin.py:120} INFO - [2025-11-22T09:01:02.747+0000] {dag.py:3340} INFO - Setting next_dagrun for example_branch_operator to 2025-11-21T00:00:00+00:00, run_after=2025-11-22T00:00:00+00:00
[2025-11-22T09:01:02.783+0000] {processor.py:176} INFO - Processing /home/airflow/.local/lib/python3.7/site-packages/airflow/example_dags/example_branch_operator.py took 0.176 seconds
[2025-11-22T09:01:33.337+0000] {processor.py:154} INFO - Started process (PID=929) to work on /home/airflow/.local/lib/python3.7/site-packages/airflow/example_dags/example_branch_operator.py
[2025-11-22T09:01:33.340+0000] {processor.py:756} INFO - Processing file /home/airflow/.local/lib/python3.7/site-packages/airflow/example_dags/example_branch_operator.py for tasks to queue
[2025-11-22T09:01:33.342+0000] {logging_mixin.py:120} INFO - [2025-11-22T09:01:33.342+0000] {dagbag.py:537} INFO - Filling up the DagBag from /home/airflow/.local/lib/python3.7/site-packages/airflow/example_dags/example_branch_operator.py
[2025-11-22T09:01:33.370+0000] {processor.py:766} INFO - DAG(s) dict_keys(['example_branch_operator']) retrieved from /home/airflow/.local/lib/python3.7/site-packages/airflow/example_dags/example_branch_operator.py
[2025-11-22T09:01:33.433+0000] {logging_mixin.py:120} INFO - [2025-11-22T09:01:33.433+0000] {dag.py:2585} INFO - Sync 1 DAGs
[2025-11-22T09:01:33.479+0000] {logging_mixin.py:120} INFO - [2025-11-22T09:01:33.479+0000] {dag.py:3340} INFO - Setting next_dagrun for example_branch_operator to 2025-11-21T00:00:00+00:00, run_after=2025-11-22T00:00:00+00:00
[2025-11-22T09:01:33.512+0000] {processor.py:176} INFO - Processing /home/airflow/.local/lib/python3.7/site-packages/airflow/example_dags/example_branch_operator.py took 0.179 seconds
[2025-11-22T09:02:04.000+0000] {processor.py:154} INFO - Started process (PID=992) to work on /home/airflow/.local/lib/python3.7/site-packages/airflow/example_dags/example_branch_operator.py
[2025-11-22T09:02:04.001+0000] {processor.py:756} INFO - Processing file /home/airflow/.local/lib/python3.7/site-packages/airflow/example_dags/example_branch_operator.py for tasks to queue
[2025-11-22T09:02:04.003+0000] {logging_mixin.py:120} INFO - [2025-11-22T09:02:04.002+0000] {dagbag.py:537} INFO - Filling up the DagBag from /home/airflow/.local/lib/python3.7/site-packages/airflow/example_dags/example_branch_operator.py
[2025-11-22T09:02:04.023+0000] {processor.py:766} INFO - DAG(s) dict_keys(['example_branch_operator']) retrieved from /home/airflow/.local/lib/python3.7/site-packages/airflow/example_dags/example_branch_operator.py
[2025-11-22T09:02:04.076+0000] {logging_mixin.py:120} INFO - [2025-11-22T09:02:04.076+0000] {dag.py:2585} INFO - Sync 1 DAGs
[2025-11-22T09:02:04.123+0000] {logging_mixin.py:120} INFO - [2025-11-22T09:02:04.115+0000] {dag.py:3340} INFO - Setting next_dagrun for example_branch_operator to 2025-11-21T00:00:00+00:00, run_after=2025-11-22T00:00:00+00:00
[2025-11-22T09:02:04.241+0000] {processor.py:176} INFO - Processing /home/airflow/.local/lib/python3.7/site-packages/airflow/example_dags/example_branch_operator.py took 0.245 seconds
[2025-11-22T09:02:35.006+0000] {processor.py:154} INFO - Started process (PID=1054) to work on /home/airflow/.local/lib/python3.7/site-packages/airflow/example_dags/example_branch_operator.py
[2025-11-22T09:02:35.008+0000] {processor.py:756} INFO - Processing file /home/airflow/.local/lib/python3.7/site-packages/airflow/example_dags/example_branch_operator.py for tasks to queue
[2025-11-22T09:02:35.009+0000] {logging_mixin.py:120} INFO - [2025-11-22T09:02:35.009+0000] {dagbag.py:537} INFO - Filling up the DagBag from /home/airflow/.local/lib/python3.7/site-packages/airflow/example_dags/example_branch_operator.py
[2025-11-22T09:02:35.045+0000] {processor.py:766} INFO - DAG(s) dict_keys(['example_branch_operator']) retrieved from /home/airflow/.local/lib/python3.7/site-packages/airflow/example_dags/example_branch_operator.py
[2025-11-22T09:02:35.136+0000] {logging_mixin.py:120} INFO - [2025-11-22T09:02:35.136+0000] {dag.py:2585} INFO - Sync 1 DAGs
[2025-11-22T09:02:35.271+0000] {logging_mixin.py:120} INFO - [2025-11-22T09:02:35.271+0000] {dag.py:3340} INFO - Setting next_dagrun for example_branch_operator to 2025-11-21T00:00:00+00:00, run_after=2025-11-22T00:00:00+00:00
[2025-11-22T09:02:35.436+0000] {processor.py:176} INFO - Processing /home/airflow/.local/lib/python3.7/site-packages/airflow/example_dags/example_branch_operator.py took 0.439 seconds
[2025-11-22T09:03:05.698+0000] {processor.py:154} INFO - Started process (PID=1108) to work on /home/airflow/.local/lib/python3.7/site-packages/airflow/example_dags/example_branch_operator.py
[2025-11-22T09:03:05.699+0000] {processor.py:756} INFO - Processing file /home/airflow/.local/lib/python3.7/site-packages/airflow/example_dags/example_branch_operator.py for tasks to queue
[2025-11-22T09:03:05.701+0000] {logging_mixin.py:120} INFO - [2025-11-22T09:03:05.700+0000] {dagbag.py:537} INFO - Filling up the DagBag from /home/airflow/.local/lib/python3.7/site-packages/airflow/example_dags/example_branch_operator.py
[2025-11-22T09:03:05.720+0000] {processor.py:766} INFO - DAG(s) dict_keys(['example_branch_operator']) retrieved from /home/airflow/.local/lib/python3.7/site-packages/airflow/example_dags/example_branch_operator.py
[2025-11-22T09:03:05.783+0000] {logging_mixin.py:120} INFO - [2025-11-22T09:03:05.783+0000] {dag.py:2585} INFO - Sync 1 DAGs
[2025-11-22T09:03:05.817+0000] {logging_mixin.py:120} INFO - [2025-11-22T09:03:05.817+0000] {dag.py:3340} INFO - Setting next_dagrun for example_branch_operator to 2025-11-21T00:00:00+00:00, run_after=2025-11-22T00:00:00+00:00
[2025-11-22T09:03:05.848+0000] {processor.py:176} INFO - Processing /home/airflow/.local/lib/python3.7/site-packages/airflow/example_dags/example_branch_operator.py took 0.154 seconds
[2025-11-22T09:03:37.675+0000] {processor.py:154} INFO - Started process (PID=1170) to work on /home/airflow/.local/lib/python3.7/site-packages/airflow/example_dags/example_branch_operator.py
[2025-11-22T09:03:37.706+0000] {processor.py:756} INFO - Processing file /home/airflow/.local/lib/python3.7/site-packages/airflow/example_dags/example_branch_operator.py for tasks to queue
[2025-11-22T09:03:37.751+0000] {logging_mixin.py:120} INFO - [2025-11-22T09:03:37.751+0000] {dagbag.py:537} INFO - Filling up the DagBag from /home/airflow/.local/lib/python3.7/site-packages/airflow/example_dags/example_branch_operator.py
[2025-11-22T09:03:37.928+0000] {processor.py:766} INFO - DAG(s) dict_keys(['example_branch_operator']) retrieved from /home/airflow/.local/lib/python3.7/site-packages/airflow/example_dags/example_branch_operator.py
[2025-11-22T09:03:38.260+0000] {logging_mixin.py:120} INFO - [2025-11-22T09:03:38.259+0000] {dag.py:2585} INFO - Sync 1 DAGs
[2025-11-22T09:03:38.454+0000] {logging_mixin.py:120} INFO - [2025-11-22T09:03:38.454+0000] {dag.py:3340} INFO - Setting next_dagrun for example_branch_operator to 2025-11-21T00:00:00+00:00, run_after=2025-11-22T00:00:00+00:00
[2025-11-22T09:03:38.654+0000] {processor.py:176} INFO - Processing /home/airflow/.local/lib/python3.7/site-packages/airflow/example_dags/example_branch_operator.py took 1.014 seconds
[2025-11-22T09:04:09.483+0000] {processor.py:154} INFO - Started process (PID=1224) to work on /home/airflow/.local/lib/python3.7/site-packages/airflow/example_dags/example_branch_operator.py
[2025-11-22T09:04:09.485+0000] {processor.py:756} INFO - Processing file /home/airflow/.local/lib/python3.7/site-packages/airflow/example_dags/example_branch_operator.py for tasks to queue
[2025-11-22T09:04:09.487+0000] {logging_mixin.py:120} INFO - [2025-11-22T09:04:09.486+0000] {dagbag.py:537} INFO - Filling up the DagBag from /home/airflow/.local/lib/python3.7/site-packages/airflow/example_dags/example_branch_operator.py
[2025-11-22T09:04:09.531+0000] {processor.py:766} INFO - DAG(s) dict_keys(['example_branch_operator']) retrieved from /home/airflow/.local/lib/python3.7/site-packages/airflow/example_dags/example_branch_operator.py
[2025-11-22T09:04:09.627+0000] {logging_mixin.py:120} INFO - [2025-11-22T09:04:09.627+0000] {dag.py:2585} INFO - Sync 1 DAGs
[2025-11-22T09:04:09.696+0000] {logging_mixin.py:120} INFO - [2025-11-22T09:04:09.696+0000] {dag.py:3340} INFO - Setting next_dagrun for example_branch_operator to 2025-11-21T00:00:00+00:00, run_after=2025-11-22T00:00:00+00:00
[2025-11-22T09:04:09.734+0000] {processor.py:176} INFO - Processing /home/airflow/.local/lib/python3.7/site-packages/airflow/example_dags/example_branch_operator.py took 0.256 seconds
[2025-11-22T09:04:40.333+0000] {processor.py:154} INFO - Started process (PID=1279) to work on /home/airflow/.local/lib/python3.7/site-packages/airflow/example_dags/example_branch_operator.py
[2025-11-22T09:04:40.335+0000] {processor.py:756} INFO - Processing file /home/airflow/.local/lib/python3.7/site-packages/airflow/example_dags/example_branch_operator.py for tasks to queue
[2025-11-22T09:04:40.336+0000] {logging_mixin.py:120} INFO - [2025-11-22T09:04:40.336+0000] {dagbag.py:537} INFO - Filling up the DagBag from /home/airflow/.local/lib/python3.7/site-packages/airflow/example_dags/example_branch_operator.py
[2025-11-22T09:04:40.364+0000] {processor.py:766} INFO - DAG(s) dict_keys(['example_branch_operator']) retrieved from /home/airflow/.local/lib/python3.7/site-packages/airflow/example_dags/example_branch_operator.py
[2025-11-22T09:04:40.428+0000] {logging_mixin.py:120} INFO - [2025-11-22T09:04:40.428+0000] {dag.py:2585} INFO - Sync 1 DAGs
[2025-11-22T09:04:40.468+0000] {logging_mixin.py:120} INFO - [2025-11-22T09:04:40.467+0000] {dag.py:3340} INFO - Setting next_dagrun for example_branch_operator to 2025-11-21T00:00:00+00:00, run_after=2025-11-22T00:00:00+00:00
[2025-11-22T09:04:40.500+0000] {processor.py:176} INFO - Processing /home/airflow/.local/lib/python3.7/site-packages/airflow/example_dags/example_branch_operator.py took 0.172 seconds
[2025-11-22T09:05:10.837+0000] {processor.py:154} INFO - Started process (PID=1343) to work on /home/airflow/.local/lib/python3.7/site-packages/airflow/example_dags/example_branch_operator.py
[2025-11-22T09:05:10.838+0000] {processor.py:756} INFO - Processing file /home/airflow/.local/lib/python3.7/site-packages/airflow/example_dags/example_branch_operator.py for tasks to queue
[2025-11-22T09:05:10.840+0000] {logging_mixin.py:120} INFO - [2025-11-22T09:05:10.839+0000] {dagbag.py:537} INFO - Filling up the DagBag from /home/airflow/.local/lib/python3.7/site-packages/airflow/example_dags/example_branch_operator.py
[2025-11-22T09:05:10.860+0000] {processor.py:766} INFO - DAG(s) dict_keys(['example_branch_operator']) retrieved from /home/airflow/.local/lib/python3.7/site-packages/airflow/example_dags/example_branch_operator.py
[2025-11-22T09:05:10.914+0000] {logging_mixin.py:120} INFO - [2025-11-22T09:05:10.914+0000] {dag.py:2585} INFO - Sync 1 DAGs
[2025-11-22T09:05:10.951+0000] {logging_mixin.py:120} INFO - [2025-11-22T09:05:10.951+0000] {dag.py:3340} INFO - Setting next_dagrun for example_branch_operator to 2025-11-21T00:00:00+00:00, run_after=2025-11-22T00:00:00+00:00
[2025-11-22T09:05:10.986+0000] {processor.py:176} INFO - Processing /home/airflow/.local/lib/python3.7/site-packages/airflow/example_dags/example_branch_operator.py took 0.153 seconds
[2025-11-22T09:05:41.485+0000] {processor.py:154} INFO - Started process (PID=1396) to work on /home/airflow/.local/lib/python3.7/site-packages/airflow/example_dags/example_branch_operator.py
[2025-11-22T09:05:41.487+0000] {processor.py:756} INFO - Processing file /home/airflow/.local/lib/python3.7/site-packages/airflow/example_dags/example_branch_operator.py for tasks to queue
[2025-11-22T09:05:41.488+0000] {logging_mixin.py:120} INFO - [2025-11-22T09:05:41.488+0000] {dagbag.py:537} INFO - Filling up the DagBag from /home/airflow/.local/lib/python3.7/site-packages/airflow/example_dags/example_branch_operator.py
[2025-11-22T09:05:41.516+0000] {processor.py:766} INFO - DAG(s) dict_keys(['example_branch_operator']) retrieved from /home/airflow/.local/lib/python3.7/site-packages/airflow/example_dags/example_branch_operator.py
[2025-11-22T09:05:41.578+0000] {logging_mixin.py:120} INFO - [2025-11-22T09:05:41.578+0000] {dag.py:2585} INFO - Sync 1 DAGs
[2025-11-22T09:05:41.619+0000] {logging_mixin.py:120} INFO - [2025-11-22T09:05:41.619+0000] {dag.py:3340} INFO - Setting next_dagrun for example_branch_operator to 2025-11-21T00:00:00+00:00, run_after=2025-11-22T00:00:00+00:00
[2025-11-22T09:05:41.650+0000] {processor.py:176} INFO - Processing /home/airflow/.local/lib/python3.7/site-packages/airflow/example_dags/example_branch_operator.py took 0.169 seconds
[2025-11-22T09:06:11.829+0000] {processor.py:154} INFO - Started process (PID=1459) to work on /home/airflow/.local/lib/python3.7/site-packages/airflow/example_dags/example_branch_operator.py
[2025-11-22T09:06:11.831+0000] {processor.py:756} INFO - Processing file /home/airflow/.local/lib/python3.7/site-packages/airflow/example_dags/example_branch_operator.py for tasks to queue
[2025-11-22T09:06:11.832+0000] {logging_mixin.py:120} INFO - [2025-11-22T09:06:11.831+0000] {dagbag.py:537} INFO - Filling up the DagBag from /home/airflow/.local/lib/python3.7/site-packages/airflow/example_dags/example_branch_operator.py
[2025-11-22T09:06:11.855+0000] {processor.py:766} INFO - DAG(s) dict_keys(['example_branch_operator']) retrieved from /home/airflow/.local/lib/python3.7/site-packages/airflow/example_dags/example_branch_operator.py
[2025-11-22T09:06:11.934+0000] {logging_mixin.py:120} INFO - [2025-11-22T09:06:11.934+0000] {dag.py:2585} INFO - Sync 1 DAGs
[2025-11-22T09:06:11.982+0000] {logging_mixin.py:120} INFO - [2025-11-22T09:06:11.982+0000] {dag.py:3340} INFO - Setting next_dagrun for example_branch_operator to 2025-11-21T00:00:00+00:00, run_after=2025-11-22T00:00:00+00:00
[2025-11-22T09:06:12.018+0000] {processor.py:176} INFO - Processing /home/airflow/.local/lib/python3.7/site-packages/airflow/example_dags/example_branch_operator.py took 0.194 seconds
[2025-11-22T09:06:42.614+0000] {processor.py:154} INFO - Started process (PID=1513) to work on /home/airflow/.local/lib/python3.7/site-packages/airflow/example_dags/example_branch_operator.py
[2025-11-22T09:06:42.615+0000] {processor.py:756} INFO - Processing file /home/airflow/.local/lib/python3.7/site-packages/airflow/example_dags/example_branch_operator.py for tasks to queue
[2025-11-22T09:06:42.616+0000] {logging_mixin.py:120} INFO - [2025-11-22T09:06:42.616+0000] {dagbag.py:537} INFO - Filling up the DagBag from /home/airflow/.local/lib/python3.7/site-packages/airflow/example_dags/example_branch_operator.py
[2025-11-22T09:06:42.643+0000] {processor.py:766} INFO - DAG(s) dict_keys(['example_branch_operator']) retrieved from /home/airflow/.local/lib/python3.7/site-packages/airflow/example_dags/example_branch_operator.py
[2025-11-22T09:06:42.718+0000] {logging_mixin.py:120} INFO - [2025-11-22T09:06:42.718+0000] {dag.py:2585} INFO - Sync 1 DAGs
[2025-11-22T09:06:42.782+0000] {logging_mixin.py:120} INFO - [2025-11-22T09:06:42.781+0000] {dag.py:3340} INFO - Setting next_dagrun for example_branch_operator to 2025-11-21T00:00:00+00:00, run_after=2025-11-22T00:00:00+00:00
[2025-11-22T09:06:42.840+0000] {processor.py:176} INFO - Processing /home/airflow/.local/lib/python3.7/site-packages/airflow/example_dags/example_branch_operator.py took 0.229 seconds
[2025-11-22T09:07:13.209+0000] {processor.py:154} INFO - Started process (PID=1575) to work on /home/airflow/.local/lib/python3.7/site-packages/airflow/example_dags/example_branch_operator.py
[2025-11-22T09:07:13.211+0000] {processor.py:756} INFO - Processing file /home/airflow/.local/lib/python3.7/site-packages/airflow/example_dags/example_branch_operator.py for tasks to queue
[2025-11-22T09:07:13.213+0000] {logging_mixin.py:120} INFO - [2025-11-22T09:07:13.212+0000] {dagbag.py:537} INFO - Filling up the DagBag from /home/airflow/.local/lib/python3.7/site-packages/airflow/example_dags/example_branch_operator.py
[2025-11-22T09:07:13.246+0000] {processor.py:766} INFO - DAG(s) dict_keys(['example_branch_operator']) retrieved from /home/airflow/.local/lib/python3.7/site-packages/airflow/example_dags/example_branch_operator.py
[2025-11-22T09:07:13.305+0000] {logging_mixin.py:120} INFO - [2025-11-22T09:07:13.305+0000] {dag.py:2585} INFO - Sync 1 DAGs
[2025-11-22T09:07:13.335+0000] {logging_mixin.py:120} INFO - [2025-11-22T09:07:13.334+0000] {dag.py:3340} INFO - Setting next_dagrun for example_branch_operator to 2025-11-21T00:00:00+00:00, run_after=2025-11-22T00:00:00+00:00
[2025-11-22T09:07:13.379+0000] {processor.py:176} INFO - Processing /home/airflow/.local/lib/python3.7/site-packages/airflow/example_dags/example_branch_operator.py took 0.177 seconds
[2025-11-22T09:07:43.597+0000] {processor.py:154} INFO - Started process (PID=1629) to work on /home/airflow/.local/lib/python3.7/site-packages/airflow/example_dags/example_branch_operator.py
[2025-11-22T09:07:43.598+0000] {processor.py:756} INFO - Processing file /home/airflow/.local/lib/python3.7/site-packages/airflow/example_dags/example_branch_operator.py for tasks to queue
[2025-11-22T09:07:43.600+0000] {logging_mixin.py:120} INFO - [2025-11-22T09:07:43.599+0000] {dagbag.py:537} INFO - Filling up the DagBag from /home/airflow/.local/lib/python3.7/site-packages/airflow/example_dags/example_branch_operator.py
[2025-11-22T09:07:43.622+0000] {processor.py:766} INFO - DAG(s) dict_keys(['example_branch_operator']) retrieved from /home/airflow/.local/lib/python3.7/site-packages/airflow/example_dags/example_branch_operator.py
[2025-11-22T09:07:43.681+0000] {logging_mixin.py:120} INFO - [2025-11-22T09:07:43.681+0000] {dag.py:2585} INFO - Sync 1 DAGs
[2025-11-22T09:07:43.722+0000] {logging_mixin.py:120} INFO - [2025-11-22T09:07:43.722+0000] {dag.py:3340} INFO - Setting next_dagrun for example_branch_operator to 2025-11-21T00:00:00+00:00, run_after=2025-11-22T00:00:00+00:00
[2025-11-22T09:07:43.757+0000] {processor.py:176} INFO - Processing /home/airflow/.local/lib/python3.7/site-packages/airflow/example_dags/example_branch_operator.py took 0.166 seconds
[2025-11-22T09:08:14.538+0000] {processor.py:154} INFO - Started process (PID=1693) to work on /home/airflow/.local/lib/python3.7/site-packages/airflow/example_dags/example_branch_operator.py
[2025-11-22T09:08:14.539+0000] {processor.py:756} INFO - Processing file /home/airflow/.local/lib/python3.7/site-packages/airflow/example_dags/example_branch_operator.py for tasks to queue
[2025-11-22T09:08:14.541+0000] {logging_mixin.py:120} INFO - [2025-11-22T09:08:14.540+0000] {dagbag.py:537} INFO - Filling up the DagBag from /home/airflow/.local/lib/python3.7/site-packages/airflow/example_dags/example_branch_operator.py
[2025-11-22T09:08:14.571+0000] {processor.py:766} INFO - DAG(s) dict_keys(['example_branch_operator']) retrieved from /home/airflow/.local/lib/python3.7/site-packages/airflow/example_dags/example_branch_operator.py
[2025-11-22T09:08:14.620+0000] {logging_mixin.py:120} INFO - [2025-11-22T09:08:14.620+0000] {dag.py:2585} INFO - Sync 1 DAGs
[2025-11-22T09:08:14.652+0000] {logging_mixin.py:120} INFO - [2025-11-22T09:08:14.652+0000] {dag.py:3340} INFO - Setting next_dagrun for example_branch_operator to 2025-11-21T00:00:00+00:00, run_after=2025-11-22T00:00:00+00:00
[2025-11-22T09:08:14.679+0000] {processor.py:176} INFO - Processing /home/airflow/.local/lib/python3.7/site-packages/airflow/example_dags/example_branch_operator.py took 0.144 seconds
[2025-11-22T09:12:31.537+0000] {processor.py:154} INFO - Started process (PID=84) to work on /home/airflow/.local/lib/python3.7/site-packages/airflow/example_dags/example_branch_operator.py
[2025-11-22T09:12:31.539+0000] {processor.py:756} INFO - Processing file /home/airflow/.local/lib/python3.7/site-packages/airflow/example_dags/example_branch_operator.py for tasks to queue
[2025-11-22T09:12:31.551+0000] {logging_mixin.py:120} INFO - [2025-11-22T09:12:31.551+0000] {dagbag.py:537} INFO - Filling up the DagBag from /home/airflow/.local/lib/python3.7/site-packages/airflow/example_dags/example_branch_operator.py
[2025-11-22T09:12:31.638+0000] {processor.py:766} INFO - DAG(s) dict_keys(['example_branch_operator']) retrieved from /home/airflow/.local/lib/python3.7/site-packages/airflow/example_dags/example_branch_operator.py
[2025-11-22T09:12:31.928+0000] {logging_mixin.py:120} INFO - [2025-11-22T09:12:31.928+0000] {dag.py:2585} INFO - Sync 1 DAGs
[2025-11-22T09:12:32.183+0000] {logging_mixin.py:120} INFO - [2025-11-22T09:12:32.183+0000] {dag.py:3340} INFO - Setting next_dagrun for example_branch_operator to 2025-11-21T00:00:00+00:00, run_after=2025-11-22T00:00:00+00:00
[2025-11-22T09:12:32.306+0000] {processor.py:176} INFO - Processing /home/airflow/.local/lib/python3.7/site-packages/airflow/example_dags/example_branch_operator.py took 0.798 seconds
[2025-11-22T09:13:02.824+0000] {processor.py:154} INFO - Started process (PID=139) to work on /home/airflow/.local/lib/python3.7/site-packages/airflow/example_dags/example_branch_operator.py
[2025-11-22T09:13:02.833+0000] {processor.py:756} INFO - Processing file /home/airflow/.local/lib/python3.7/site-packages/airflow/example_dags/example_branch_operator.py for tasks to queue
[2025-11-22T09:13:02.836+0000] {logging_mixin.py:120} INFO - [2025-11-22T09:13:02.835+0000] {dagbag.py:537} INFO - Filling up the DagBag from /home/airflow/.local/lib/python3.7/site-packages/airflow/example_dags/example_branch_operator.py
[2025-11-22T09:13:02.906+0000] {processor.py:766} INFO - DAG(s) dict_keys(['example_branch_operator']) retrieved from /home/airflow/.local/lib/python3.7/site-packages/airflow/example_dags/example_branch_operator.py
[2025-11-22T09:13:03.099+0000] {logging_mixin.py:120} INFO - [2025-11-22T09:13:03.098+0000] {dag.py:2585} INFO - Sync 1 DAGs
[2025-11-22T09:13:03.152+0000] {logging_mixin.py:120} INFO - [2025-11-22T09:13:03.152+0000] {dag.py:3340} INFO - Setting next_dagrun for example_branch_operator to 2025-11-21T00:00:00+00:00, run_after=2025-11-22T00:00:00+00:00
[2025-11-22T09:13:03.190+0000] {processor.py:176} INFO - Processing /home/airflow/.local/lib/python3.7/site-packages/airflow/example_dags/example_branch_operator.py took 0.374 seconds
[2025-11-22T09:13:34.110+0000] {processor.py:154} INFO - Started process (PID=194) to work on /home/airflow/.local/lib/python3.7/site-packages/airflow/example_dags/example_branch_operator.py
[2025-11-22T09:13:34.112+0000] {processor.py:756} INFO - Processing file /home/airflow/.local/lib/python3.7/site-packages/airflow/example_dags/example_branch_operator.py for tasks to queue
[2025-11-22T09:13:34.114+0000] {logging_mixin.py:120} INFO - [2025-11-22T09:13:34.114+0000] {dagbag.py:537} INFO - Filling up the DagBag from /home/airflow/.local/lib/python3.7/site-packages/airflow/example_dags/example_branch_operator.py
[2025-11-22T09:13:34.161+0000] {processor.py:766} INFO - DAG(s) dict_keys(['example_branch_operator']) retrieved from /home/airflow/.local/lib/python3.7/site-packages/airflow/example_dags/example_branch_operator.py
[2025-11-22T09:13:34.273+0000] {logging_mixin.py:120} INFO - [2025-11-22T09:13:34.272+0000] {dag.py:2585} INFO - Sync 1 DAGs
[2025-11-22T09:13:34.349+0000] {logging_mixin.py:120} INFO - [2025-11-22T09:13:34.349+0000] {dag.py:3340} INFO - Setting next_dagrun for example_branch_operator to 2025-11-21T00:00:00+00:00, run_after=2025-11-22T00:00:00+00:00
[2025-11-22T09:13:34.434+0000] {processor.py:176} INFO - Processing /home/airflow/.local/lib/python3.7/site-packages/airflow/example_dags/example_branch_operator.py took 0.330 seconds
[2025-11-22T09:14:15.459+0000] {processor.py:154} INFO - Started process (PID=251) to work on /home/airflow/.local/lib/python3.7/site-packages/airflow/example_dags/example_branch_operator.py
[2025-11-22T09:14:15.462+0000] {processor.py:756} INFO - Processing file /home/airflow/.local/lib/python3.7/site-packages/airflow/example_dags/example_branch_operator.py for tasks to queue
[2025-11-22T09:14:15.463+0000] {logging_mixin.py:120} INFO - [2025-11-22T09:14:15.463+0000] {dagbag.py:537} INFO - Filling up the DagBag from /home/airflow/.local/lib/python3.7/site-packages/airflow/example_dags/example_branch_operator.py
[2025-11-22T09:14:15.501+0000] {processor.py:766} INFO - DAG(s) dict_keys(['example_branch_operator']) retrieved from /home/airflow/.local/lib/python3.7/site-packages/airflow/example_dags/example_branch_operator.py
[2025-11-22T09:14:15.580+0000] {logging_mixin.py:120} INFO - [2025-11-22T09:14:15.580+0000] {dag.py:2585} INFO - Sync 1 DAGs
[2025-11-22T09:14:15.621+0000] {logging_mixin.py:120} INFO - [2025-11-22T09:14:15.621+0000] {dag.py:3340} INFO - Setting next_dagrun for example_branch_operator to 2025-11-21T00:00:00+00:00, run_after=2025-11-22T00:00:00+00:00
[2025-11-22T09:14:15.651+0000] {processor.py:176} INFO - Processing /home/airflow/.local/lib/python3.7/site-packages/airflow/example_dags/example_branch_operator.py took 0.198 seconds
[2025-11-22T09:14:47.535+0000] {processor.py:154} INFO - Started process (PID=307) to work on /home/airflow/.local/lib/python3.7/site-packages/airflow/example_dags/example_branch_operator.py
[2025-11-22T09:14:47.540+0000] {processor.py:756} INFO - Processing file /home/airflow/.local/lib/python3.7/site-packages/airflow/example_dags/example_branch_operator.py for tasks to queue
[2025-11-22T09:14:47.550+0000] {logging_mixin.py:120} INFO - [2025-11-22T09:14:47.550+0000] {dagbag.py:537} INFO - Filling up the DagBag from /home/airflow/.local/lib/python3.7/site-packages/airflow/example_dags/example_branch_operator.py
[2025-11-22T09:14:47.619+0000] {processor.py:766} INFO - DAG(s) dict_keys(['example_branch_operator']) retrieved from /home/airflow/.local/lib/python3.7/site-packages/airflow/example_dags/example_branch_operator.py
[2025-11-22T09:14:47.774+0000] {logging_mixin.py:120} INFO - [2025-11-22T09:14:47.773+0000] {dag.py:2585} INFO - Sync 1 DAGs
[2025-11-22T09:14:47.875+0000] {logging_mixin.py:120} INFO - [2025-11-22T09:14:47.874+0000] {dag.py:3340} INFO - Setting next_dagrun for example_branch_operator to 2025-11-21T00:00:00+00:00, run_after=2025-11-22T00:00:00+00:00
[2025-11-22T09:14:47.991+0000] {processor.py:176} INFO - Processing /home/airflow/.local/lib/python3.7/site-packages/airflow/example_dags/example_branch_operator.py took 0.461 seconds
[2025-11-22T09:15:18.638+0000] {processor.py:154} INFO - Started process (PID=371) to work on /home/airflow/.local/lib/python3.7/site-packages/airflow/example_dags/example_branch_operator.py
[2025-11-22T09:15:18.648+0000] {processor.py:756} INFO - Processing file /home/airflow/.local/lib/python3.7/site-packages/airflow/example_dags/example_branch_operator.py for tasks to queue
[2025-11-22T09:15:18.650+0000] {logging_mixin.py:120} INFO - [2025-11-22T09:15:18.650+0000] {dagbag.py:537} INFO - Filling up the DagBag from /home/airflow/.local/lib/python3.7/site-packages/airflow/example_dags/example_branch_operator.py
[2025-11-22T09:15:18.710+0000] {processor.py:766} INFO - DAG(s) dict_keys(['example_branch_operator']) retrieved from /home/airflow/.local/lib/python3.7/site-packages/airflow/example_dags/example_branch_operator.py
[2025-11-22T09:15:18.806+0000] {logging_mixin.py:120} INFO - [2025-11-22T09:15:18.806+0000] {dag.py:2585} INFO - Sync 1 DAGs
[2025-11-22T09:15:18.877+0000] {logging_mixin.py:120} INFO - [2025-11-22T09:15:18.877+0000] {dag.py:3340} INFO - Setting next_dagrun for example_branch_operator to 2025-11-21T00:00:00+00:00, run_after=2025-11-22T00:00:00+00:00
[2025-11-22T09:15:18.922+0000] {processor.py:176} INFO - Processing /home/airflow/.local/lib/python3.7/site-packages/airflow/example_dags/example_branch_operator.py took 0.318 seconds
[2025-11-22T09:15:49.256+0000] {processor.py:154} INFO - Started process (PID=426) to work on /home/airflow/.local/lib/python3.7/site-packages/airflow/example_dags/example_branch_operator.py
[2025-11-22T09:15:49.258+0000] {processor.py:756} INFO - Processing file /home/airflow/.local/lib/python3.7/site-packages/airflow/example_dags/example_branch_operator.py for tasks to queue
[2025-11-22T09:15:49.264+0000] {logging_mixin.py:120} INFO - [2025-11-22T09:15:49.263+0000] {dagbag.py:537} INFO - Filling up the DagBag from /home/airflow/.local/lib/python3.7/site-packages/airflow/example_dags/example_branch_operator.py
[2025-11-22T09:15:49.309+0000] {processor.py:766} INFO - DAG(s) dict_keys(['example_branch_operator']) retrieved from /home/airflow/.local/lib/python3.7/site-packages/airflow/example_dags/example_branch_operator.py
[2025-11-22T09:15:49.624+0000] {logging_mixin.py:120} INFO - [2025-11-22T09:15:49.624+0000] {dag.py:2585} INFO - Sync 1 DAGs
[2025-11-22T09:15:49.746+0000] {logging_mixin.py:120} INFO - [2025-11-22T09:15:49.745+0000] {dag.py:3340} INFO - Setting next_dagrun for example_branch_operator to 2025-11-21T00:00:00+00:00, run_after=2025-11-22T00:00:00+00:00
[2025-11-22T09:15:49.850+0000] {processor.py:176} INFO - Processing /home/airflow/.local/lib/python3.7/site-packages/airflow/example_dags/example_branch_operator.py took 0.603 seconds
[2025-11-22T09:29:46.097+0000] {processor.py:154} INFO - Started process (PID=90) to work on /home/airflow/.local/lib/python3.7/site-packages/airflow/example_dags/example_branch_operator.py
[2025-11-22T09:29:46.130+0000] {processor.py:756} INFO - Processing file /home/airflow/.local/lib/python3.7/site-packages/airflow/example_dags/example_branch_operator.py for tasks to queue
[2025-11-22T09:29:46.147+0000] {logging_mixin.py:120} INFO - [2025-11-22T09:29:46.147+0000] {dagbag.py:537} INFO - Filling up the DagBag from /home/airflow/.local/lib/python3.7/site-packages/airflow/example_dags/example_branch_operator.py
[2025-11-22T09:29:46.497+0000] {processor.py:766} INFO - DAG(s) dict_keys(['example_branch_operator']) retrieved from /home/airflow/.local/lib/python3.7/site-packages/airflow/example_dags/example_branch_operator.py
[2025-11-22T09:29:47.319+0000] {logging_mixin.py:120} INFO - [2025-11-22T09:29:47.319+0000] {dag.py:2585} INFO - Sync 1 DAGs
[2025-11-22T09:29:48.006+0000] {logging_mixin.py:120} INFO - [2025-11-22T09:29:48.006+0000] {dag.py:3340} INFO - Setting next_dagrun for example_branch_operator to 2025-11-21T00:00:00+00:00, run_after=2025-11-22T00:00:00+00:00
[2025-11-22T09:29:48.226+0000] {processor.py:176} INFO - Processing /home/airflow/.local/lib/python3.7/site-packages/airflow/example_dags/example_branch_operator.py took 2.270 seconds
[2025-11-22T09:30:59.235+0000] {processor.py:154} INFO - Started process (PID=157) to work on /home/airflow/.local/lib/python3.7/site-packages/airflow/example_dags/example_branch_operator.py
[2025-11-22T09:30:59.327+0000] {processor.py:756} INFO - Processing file /home/airflow/.local/lib/python3.7/site-packages/airflow/example_dags/example_branch_operator.py for tasks to queue
[2025-11-22T09:30:59.330+0000] {logging_mixin.py:120} INFO - [2025-11-22T09:30:59.329+0000] {dagbag.py:537} INFO - Filling up the DagBag from /home/airflow/.local/lib/python3.7/site-packages/airflow/example_dags/example_branch_operator.py
[2025-11-22T09:31:00.020+0000] {processor.py:766} INFO - DAG(s) dict_keys(['example_branch_operator']) retrieved from /home/airflow/.local/lib/python3.7/site-packages/airflow/example_dags/example_branch_operator.py
[2025-11-22T09:31:04.370+0000] {logging_mixin.py:120} INFO - [2025-11-22T09:31:04.369+0000] {dag.py:2585} INFO - Sync 1 DAGs
[2025-11-22T09:31:06.672+0000] {logging_mixin.py:120} INFO - [2025-11-22T09:31:06.672+0000] {dag.py:3340} INFO - Setting next_dagrun for example_branch_operator to 2025-11-21T00:00:00+00:00, run_after=2025-11-22T00:00:00+00:00
[2025-11-22T09:31:08.006+0000] {processor.py:176} INFO - Processing /home/airflow/.local/lib/python3.7/site-packages/airflow/example_dags/example_branch_operator.py took 8.790 seconds
[2025-11-22T09:35:53.066+0000] {processor.py:154} INFO - Started process (PID=314) to work on /home/airflow/.local/lib/python3.7/site-packages/airflow/example_dags/example_branch_operator.py
[2025-11-22T09:35:53.120+0000] {processor.py:756} INFO - Processing file /home/airflow/.local/lib/python3.7/site-packages/airflow/example_dags/example_branch_operator.py for tasks to queue
[2025-11-22T09:35:53.123+0000] {logging_mixin.py:120} INFO - [2025-11-22T09:35:53.123+0000] {dagbag.py:537} INFO - Filling up the DagBag from /home/airflow/.local/lib/python3.7/site-packages/airflow/example_dags/example_branch_operator.py
[2025-11-22T09:35:55.264+0000] {processor.py:766} INFO - DAG(s) dict_keys(['example_branch_operator']) retrieved from /home/airflow/.local/lib/python3.7/site-packages/airflow/example_dags/example_branch_operator.py
[2025-11-22T09:35:58.871+0000] {logging_mixin.py:120} INFO - [2025-11-22T09:35:58.871+0000] {dag.py:2585} INFO - Sync 1 DAGs
[2025-11-22T09:36:00.748+0000] {logging_mixin.py:120} INFO - [2025-11-22T09:36:00.747+0000] {dag.py:3340} INFO - Setting next_dagrun for example_branch_operator to 2025-11-21T00:00:00+00:00, run_after=2025-11-22T00:00:00+00:00
[2025-11-22T09:36:02.227+0000] {processor.py:176} INFO - Processing /home/airflow/.local/lib/python3.7/site-packages/airflow/example_dags/example_branch_operator.py took 9.279 seconds
[2025-11-22T09:37:59.260+0000] {processor.py:154} INFO - Started process (PID=396) to work on /home/airflow/.local/lib/python3.7/site-packages/airflow/example_dags/example_branch_operator.py
[2025-11-22T09:37:59.314+0000] {processor.py:756} INFO - Processing file /home/airflow/.local/lib/python3.7/site-packages/airflow/example_dags/example_branch_operator.py for tasks to queue
[2025-11-22T09:37:59.436+0000] {logging_mixin.py:120} INFO - [2025-11-22T09:37:59.436+0000] {dagbag.py:537} INFO - Filling up the DagBag from /home/airflow/.local/lib/python3.7/site-packages/airflow/example_dags/example_branch_operator.py
[2025-11-22T09:38:00.411+0000] {processor.py:766} INFO - DAG(s) dict_keys(['example_branch_operator']) retrieved from /home/airflow/.local/lib/python3.7/site-packages/airflow/example_dags/example_branch_operator.py
[2025-11-22T09:38:02.121+0000] {logging_mixin.py:120} INFO - [2025-11-22T09:38:02.121+0000] {dag.py:2585} INFO - Sync 1 DAGs
[2025-11-22T09:38:02.956+0000] {logging_mixin.py:120} INFO - [2025-11-22T09:38:02.955+0000] {dag.py:3340} INFO - Setting next_dagrun for example_branch_operator to 2025-11-21T00:00:00+00:00, run_after=2025-11-22T00:00:00+00:00
[2025-11-22T09:38:03.409+0000] {processor.py:176} INFO - Processing /home/airflow/.local/lib/python3.7/site-packages/airflow/example_dags/example_branch_operator.py took 4.168 seconds
[2025-11-22T09:41:04.339+0000] {processor.py:154} INFO - Started process (PID=519) to work on /home/airflow/.local/lib/python3.7/site-packages/airflow/example_dags/example_branch_operator.py
[2025-11-22T09:41:04.381+0000] {processor.py:756} INFO - Processing file /home/airflow/.local/lib/python3.7/site-packages/airflow/example_dags/example_branch_operator.py for tasks to queue
[2025-11-22T09:41:04.413+0000] {logging_mixin.py:120} INFO - [2025-11-22T09:41:04.412+0000] {dagbag.py:537} INFO - Filling up the DagBag from /home/airflow/.local/lib/python3.7/site-packages/airflow/example_dags/example_branch_operator.py
[2025-11-22T09:41:05.101+0000] {processor.py:766} INFO - DAG(s) dict_keys(['example_branch_operator']) retrieved from /home/airflow/.local/lib/python3.7/site-packages/airflow/example_dags/example_branch_operator.py
[2025-11-22T09:41:05.989+0000] {logging_mixin.py:120} INFO - [2025-11-22T09:41:05.989+0000] {dag.py:2585} INFO - Sync 1 DAGs
[2025-11-22T09:41:06.457+0000] {logging_mixin.py:120} INFO - [2025-11-22T09:41:06.456+0000] {dag.py:3340} INFO - Setting next_dagrun for example_branch_operator to 2025-11-21T00:00:00+00:00, run_after=2025-11-22T00:00:00+00:00
[2025-11-22T09:41:07.355+0000] {processor.py:176} INFO - Processing /home/airflow/.local/lib/python3.7/site-packages/airflow/example_dags/example_branch_operator.py took 3.324 seconds
[2025-11-22T09:41:39.424+0000] {processor.py:154} INFO - Started process (PID=572) to work on /home/airflow/.local/lib/python3.7/site-packages/airflow/example_dags/example_branch_operator.py
[2025-11-22T09:41:39.426+0000] {processor.py:756} INFO - Processing file /home/airflow/.local/lib/python3.7/site-packages/airflow/example_dags/example_branch_operator.py for tasks to queue
[2025-11-22T09:41:39.433+0000] {logging_mixin.py:120} INFO - [2025-11-22T09:41:39.433+0000] {dagbag.py:537} INFO - Filling up the DagBag from /home/airflow/.local/lib/python3.7/site-packages/airflow/example_dags/example_branch_operator.py
[2025-11-22T09:41:39.483+0000] {processor.py:766} INFO - DAG(s) dict_keys(['example_branch_operator']) retrieved from /home/airflow/.local/lib/python3.7/site-packages/airflow/example_dags/example_branch_operator.py
[2025-11-22T09:41:39.588+0000] {logging_mixin.py:120} INFO - [2025-11-22T09:41:39.588+0000] {dag.py:2585} INFO - Sync 1 DAGs
[2025-11-22T09:41:39.654+0000] {logging_mixin.py:120} INFO - [2025-11-22T09:41:39.654+0000] {dag.py:3340} INFO - Setting next_dagrun for example_branch_operator to 2025-11-21T00:00:00+00:00, run_after=2025-11-22T00:00:00+00:00
[2025-11-22T09:41:39.700+0000] {processor.py:176} INFO - Processing /home/airflow/.local/lib/python3.7/site-packages/airflow/example_dags/example_branch_operator.py took 0.286 seconds
[2025-11-22T09:42:11.710+0000] {processor.py:154} INFO - Started process (PID=626) to work on /home/airflow/.local/lib/python3.7/site-packages/airflow/example_dags/example_branch_operator.py
[2025-11-22T09:42:11.712+0000] {processor.py:756} INFO - Processing file /home/airflow/.local/lib/python3.7/site-packages/airflow/example_dags/example_branch_operator.py for tasks to queue
[2025-11-22T09:42:11.725+0000] {logging_mixin.py:120} INFO - [2025-11-22T09:42:11.724+0000] {dagbag.py:537} INFO - Filling up the DagBag from /home/airflow/.local/lib/python3.7/site-packages/airflow/example_dags/example_branch_operator.py
[2025-11-22T09:42:11.845+0000] {processor.py:766} INFO - DAG(s) dict_keys(['example_branch_operator']) retrieved from /home/airflow/.local/lib/python3.7/site-packages/airflow/example_dags/example_branch_operator.py
[2025-11-22T09:42:12.054+0000] {logging_mixin.py:120} INFO - [2025-11-22T09:42:12.054+0000] {dag.py:2585} INFO - Sync 1 DAGs
[2025-11-22T09:42:12.186+0000] {logging_mixin.py:120} INFO - [2025-11-22T09:42:12.185+0000] {dag.py:3340} INFO - Setting next_dagrun for example_branch_operator to 2025-11-21T00:00:00+00:00, run_after=2025-11-22T00:00:00+00:00
[2025-11-22T09:42:12.287+0000] {processor.py:176} INFO - Processing /home/airflow/.local/lib/python3.7/site-packages/airflow/example_dags/example_branch_operator.py took 0.595 seconds
[2025-11-22T09:42:42.965+0000] {processor.py:154} INFO - Started process (PID=681) to work on /home/airflow/.local/lib/python3.7/site-packages/airflow/example_dags/example_branch_operator.py
[2025-11-22T09:42:42.968+0000] {processor.py:756} INFO - Processing file /home/airflow/.local/lib/python3.7/site-packages/airflow/example_dags/example_branch_operator.py for tasks to queue
[2025-11-22T09:42:42.977+0000] {logging_mixin.py:120} INFO - [2025-11-22T09:42:42.976+0000] {dagbag.py:537} INFO - Filling up the DagBag from /home/airflow/.local/lib/python3.7/site-packages/airflow/example_dags/example_branch_operator.py
[2025-11-22T09:42:43.025+0000] {processor.py:766} INFO - DAG(s) dict_keys(['example_branch_operator']) retrieved from /home/airflow/.local/lib/python3.7/site-packages/airflow/example_dags/example_branch_operator.py
[2025-11-22T09:42:43.122+0000] {logging_mixin.py:120} INFO - [2025-11-22T09:42:43.122+0000] {dag.py:2585} INFO - Sync 1 DAGs
[2025-11-22T09:42:43.221+0000] {logging_mixin.py:120} INFO - [2025-11-22T09:42:43.220+0000] {dag.py:3340} INFO - Setting next_dagrun for example_branch_operator to 2025-11-21T00:00:00+00:00, run_after=2025-11-22T00:00:00+00:00
[2025-11-22T09:42:43.299+0000] {processor.py:176} INFO - Processing /home/airflow/.local/lib/python3.7/site-packages/airflow/example_dags/example_branch_operator.py took 0.341 seconds
[2025-11-22T09:43:13.471+0000] {processor.py:154} INFO - Started process (PID=745) to work on /home/airflow/.local/lib/python3.7/site-packages/airflow/example_dags/example_branch_operator.py
[2025-11-22T09:43:13.474+0000] {processor.py:756} INFO - Processing file /home/airflow/.local/lib/python3.7/site-packages/airflow/example_dags/example_branch_operator.py for tasks to queue
[2025-11-22T09:43:13.476+0000] {logging_mixin.py:120} INFO - [2025-11-22T09:43:13.475+0000] {dagbag.py:537} INFO - Filling up the DagBag from /home/airflow/.local/lib/python3.7/site-packages/airflow/example_dags/example_branch_operator.py
[2025-11-22T09:43:13.512+0000] {processor.py:766} INFO - DAG(s) dict_keys(['example_branch_operator']) retrieved from /home/airflow/.local/lib/python3.7/site-packages/airflow/example_dags/example_branch_operator.py
[2025-11-22T09:43:13.609+0000] {logging_mixin.py:120} INFO - [2025-11-22T09:43:13.609+0000] {dag.py:2585} INFO - Sync 1 DAGs
[2025-11-22T09:43:13.675+0000] {logging_mixin.py:120} INFO - [2025-11-22T09:43:13.675+0000] {dag.py:3340} INFO - Setting next_dagrun for example_branch_operator to 2025-11-21T00:00:00+00:00, run_after=2025-11-22T00:00:00+00:00
[2025-11-22T09:43:13.725+0000] {processor.py:176} INFO - Processing /home/airflow/.local/lib/python3.7/site-packages/airflow/example_dags/example_branch_operator.py took 0.263 seconds
[2025-11-22T09:43:43.805+0000] {processor.py:154} INFO - Started process (PID=799) to work on /home/airflow/.local/lib/python3.7/site-packages/airflow/example_dags/example_branch_operator.py
[2025-11-22T09:43:43.806+0000] {processor.py:756} INFO - Processing file /home/airflow/.local/lib/python3.7/site-packages/airflow/example_dags/example_branch_operator.py for tasks to queue
[2025-11-22T09:43:43.808+0000] {logging_mixin.py:120} INFO - [2025-11-22T09:43:43.807+0000] {dagbag.py:537} INFO - Filling up the DagBag from /home/airflow/.local/lib/python3.7/site-packages/airflow/example_dags/example_branch_operator.py
[2025-11-22T09:43:43.830+0000] {processor.py:766} INFO - DAG(s) dict_keys(['example_branch_operator']) retrieved from /home/airflow/.local/lib/python3.7/site-packages/airflow/example_dags/example_branch_operator.py
[2025-11-22T09:43:43.891+0000] {logging_mixin.py:120} INFO - [2025-11-22T09:43:43.891+0000] {dag.py:2585} INFO - Sync 1 DAGs
[2025-11-22T09:43:43.932+0000] {logging_mixin.py:120} INFO - [2025-11-22T09:43:43.932+0000] {dag.py:3340} INFO - Setting next_dagrun for example_branch_operator to 2025-11-21T00:00:00+00:00, run_after=2025-11-22T00:00:00+00:00
[2025-11-22T09:43:43.961+0000] {processor.py:176} INFO - Processing /home/airflow/.local/lib/python3.7/site-packages/airflow/example_dags/example_branch_operator.py took 0.160 seconds
[2025-11-22T09:44:14.232+0000] {processor.py:154} INFO - Started process (PID=853) to work on /home/airflow/.local/lib/python3.7/site-packages/airflow/example_dags/example_branch_operator.py
[2025-11-22T09:44:14.234+0000] {processor.py:756} INFO - Processing file /home/airflow/.local/lib/python3.7/site-packages/airflow/example_dags/example_branch_operator.py for tasks to queue
[2025-11-22T09:44:14.236+0000] {logging_mixin.py:120} INFO - [2025-11-22T09:44:14.236+0000] {dagbag.py:537} INFO - Filling up the DagBag from /home/airflow/.local/lib/python3.7/site-packages/airflow/example_dags/example_branch_operator.py
[2025-11-22T09:44:14.269+0000] {processor.py:766} INFO - DAG(s) dict_keys(['example_branch_operator']) retrieved from /home/airflow/.local/lib/python3.7/site-packages/airflow/example_dags/example_branch_operator.py
[2025-11-22T09:44:14.365+0000] {logging_mixin.py:120} INFO - [2025-11-22T09:44:14.364+0000] {dag.py:2585} INFO - Sync 1 DAGs
[2025-11-22T09:44:14.432+0000] {logging_mixin.py:120} INFO - [2025-11-22T09:44:14.431+0000] {dag.py:3340} INFO - Setting next_dagrun for example_branch_operator to 2025-11-21T00:00:00+00:00, run_after=2025-11-22T00:00:00+00:00
[2025-11-22T09:44:14.489+0000] {processor.py:176} INFO - Processing /home/airflow/.local/lib/python3.7/site-packages/airflow/example_dags/example_branch_operator.py took 0.264 seconds
[2025-11-22T09:44:51.617+0000] {processor.py:154} INFO - Started process (PID=918) to work on /home/airflow/.local/lib/python3.7/site-packages/airflow/example_dags/example_branch_operator.py
[2025-11-22T09:44:51.634+0000] {processor.py:756} INFO - Processing file /home/airflow/.local/lib/python3.7/site-packages/airflow/example_dags/example_branch_operator.py for tasks to queue
[2025-11-22T09:44:51.660+0000] {logging_mixin.py:120} INFO - [2025-11-22T09:44:51.659+0000] {dagbag.py:537} INFO - Filling up the DagBag from /home/airflow/.local/lib/python3.7/site-packages/airflow/example_dags/example_branch_operator.py
[2025-11-22T09:44:51.914+0000] {processor.py:766} INFO - DAG(s) dict_keys(['example_branch_operator']) retrieved from /home/airflow/.local/lib/python3.7/site-packages/airflow/example_dags/example_branch_operator.py
[2025-11-22T09:44:52.356+0000] {logging_mixin.py:120} INFO - [2025-11-22T09:44:52.355+0000] {dag.py:2585} INFO - Sync 1 DAGs
[2025-11-22T09:44:52.643+0000] {logging_mixin.py:120} INFO - [2025-11-22T09:44:52.642+0000] {dag.py:3340} INFO - Setting next_dagrun for example_branch_operator to 2025-11-21T00:00:00+00:00, run_after=2025-11-22T00:00:00+00:00
[2025-11-22T09:44:52.911+0000] {processor.py:176} INFO - Processing /home/airflow/.local/lib/python3.7/site-packages/airflow/example_dags/example_branch_operator.py took 1.326 seconds
[2025-11-22T09:45:23.232+0000] {processor.py:154} INFO - Started process (PID=973) to work on /home/airflow/.local/lib/python3.7/site-packages/airflow/example_dags/example_branch_operator.py
[2025-11-22T09:45:23.235+0000] {processor.py:756} INFO - Processing file /home/airflow/.local/lib/python3.7/site-packages/airflow/example_dags/example_branch_operator.py for tasks to queue
[2025-11-22T09:45:23.237+0000] {logging_mixin.py:120} INFO - [2025-11-22T09:45:23.237+0000] {dagbag.py:537} INFO - Filling up the DagBag from /home/airflow/.local/lib/python3.7/site-packages/airflow/example_dags/example_branch_operator.py
[2025-11-22T09:45:23.265+0000] {processor.py:766} INFO - DAG(s) dict_keys(['example_branch_operator']) retrieved from /home/airflow/.local/lib/python3.7/site-packages/airflow/example_dags/example_branch_operator.py
[2025-11-22T09:45:23.372+0000] {logging_mixin.py:120} INFO - [2025-11-22T09:45:23.371+0000] {dag.py:2585} INFO - Sync 1 DAGs
[2025-11-22T09:45:23.431+0000] {logging_mixin.py:120} INFO - [2025-11-22T09:45:23.431+0000] {dag.py:3340} INFO - Setting next_dagrun for example_branch_operator to 2025-11-21T00:00:00+00:00, run_after=2025-11-22T00:00:00+00:00
[2025-11-22T09:45:23.479+0000] {processor.py:176} INFO - Processing /home/airflow/.local/lib/python3.7/site-packages/airflow/example_dags/example_branch_operator.py took 0.254 seconds
[2025-11-22T09:45:53.634+0000] {processor.py:154} INFO - Started process (PID=1027) to work on /home/airflow/.local/lib/python3.7/site-packages/airflow/example_dags/example_branch_operator.py
[2025-11-22T09:45:53.643+0000] {processor.py:756} INFO - Processing file /home/airflow/.local/lib/python3.7/site-packages/airflow/example_dags/example_branch_operator.py for tasks to queue
[2025-11-22T09:45:53.645+0000] {logging_mixin.py:120} INFO - [2025-11-22T09:45:53.645+0000] {dagbag.py:537} INFO - Filling up the DagBag from /home/airflow/.local/lib/python3.7/site-packages/airflow/example_dags/example_branch_operator.py
[2025-11-22T09:45:53.703+0000] {processor.py:766} INFO - DAG(s) dict_keys(['example_branch_operator']) retrieved from /home/airflow/.local/lib/python3.7/site-packages/airflow/example_dags/example_branch_operator.py
[2025-11-22T09:45:53.787+0000] {logging_mixin.py:120} INFO - [2025-11-22T09:45:53.787+0000] {dag.py:2585} INFO - Sync 1 DAGs
[2025-11-22T09:45:53.833+0000] {logging_mixin.py:120} INFO - [2025-11-22T09:45:53.833+0000] {dag.py:3340} INFO - Setting next_dagrun for example_branch_operator to 2025-11-21T00:00:00+00:00, run_after=2025-11-22T00:00:00+00:00
[2025-11-22T09:45:53.872+0000] {processor.py:176} INFO - Processing /home/airflow/.local/lib/python3.7/site-packages/airflow/example_dags/example_branch_operator.py took 0.246 seconds
[2025-11-22T09:46:24.179+0000] {processor.py:154} INFO - Started process (PID=1082) to work on /home/airflow/.local/lib/python3.7/site-packages/airflow/example_dags/example_branch_operator.py
[2025-11-22T09:46:24.182+0000] {processor.py:756} INFO - Processing file /home/airflow/.local/lib/python3.7/site-packages/airflow/example_dags/example_branch_operator.py for tasks to queue
[2025-11-22T09:46:24.186+0000] {logging_mixin.py:120} INFO - [2025-11-22T09:46:24.186+0000] {dagbag.py:537} INFO - Filling up the DagBag from /home/airflow/.local/lib/python3.7/site-packages/airflow/example_dags/example_branch_operator.py
[2025-11-22T09:46:24.220+0000] {processor.py:766} INFO - DAG(s) dict_keys(['example_branch_operator']) retrieved from /home/airflow/.local/lib/python3.7/site-packages/airflow/example_dags/example_branch_operator.py
[2025-11-22T09:46:24.363+0000] {logging_mixin.py:120} INFO - [2025-11-22T09:46:24.362+0000] {dag.py:2585} INFO - Sync 1 DAGs
[2025-11-22T09:46:24.436+0000] {logging_mixin.py:120} INFO - [2025-11-22T09:46:24.436+0000] {dag.py:3340} INFO - Setting next_dagrun for example_branch_operator to 2025-11-21T00:00:00+00:00, run_after=2025-11-22T00:00:00+00:00
[2025-11-22T09:46:24.490+0000] {processor.py:176} INFO - Processing /home/airflow/.local/lib/python3.7/site-packages/airflow/example_dags/example_branch_operator.py took 0.317 seconds
[2025-11-22T09:46:55.130+0000] {processor.py:154} INFO - Started process (PID=1137) to work on /home/airflow/.local/lib/python3.7/site-packages/airflow/example_dags/example_branch_operator.py
[2025-11-22T09:46:55.131+0000] {processor.py:756} INFO - Processing file /home/airflow/.local/lib/python3.7/site-packages/airflow/example_dags/example_branch_operator.py for tasks to queue
[2025-11-22T09:46:55.133+0000] {logging_mixin.py:120} INFO - [2025-11-22T09:46:55.133+0000] {dagbag.py:537} INFO - Filling up the DagBag from /home/airflow/.local/lib/python3.7/site-packages/airflow/example_dags/example_branch_operator.py
[2025-11-22T09:46:55.158+0000] {processor.py:766} INFO - DAG(s) dict_keys(['example_branch_operator']) retrieved from /home/airflow/.local/lib/python3.7/site-packages/airflow/example_dags/example_branch_operator.py
[2025-11-22T09:46:55.227+0000] {logging_mixin.py:120} INFO - [2025-11-22T09:46:55.227+0000] {dag.py:2585} INFO - Sync 1 DAGs
[2025-11-22T09:46:55.271+0000] {logging_mixin.py:120} INFO - [2025-11-22T09:46:55.271+0000] {dag.py:3340} INFO - Setting next_dagrun for example_branch_operator to 2025-11-21T00:00:00+00:00, run_after=2025-11-22T00:00:00+00:00
[2025-11-22T09:46:55.315+0000] {processor.py:176} INFO - Processing /home/airflow/.local/lib/python3.7/site-packages/airflow/example_dags/example_branch_operator.py took 0.192 seconds
[2025-11-22T09:47:26.091+0000] {processor.py:154} INFO - Started process (PID=1202) to work on /home/airflow/.local/lib/python3.7/site-packages/airflow/example_dags/example_branch_operator.py
[2025-11-22T09:47:26.094+0000] {processor.py:756} INFO - Processing file /home/airflow/.local/lib/python3.7/site-packages/airflow/example_dags/example_branch_operator.py for tasks to queue
[2025-11-22T09:47:26.096+0000] {logging_mixin.py:120} INFO - [2025-11-22T09:47:26.096+0000] {dagbag.py:537} INFO - Filling up the DagBag from /home/airflow/.local/lib/python3.7/site-packages/airflow/example_dags/example_branch_operator.py
[2025-11-22T09:47:26.138+0000] {processor.py:766} INFO - DAG(s) dict_keys(['example_branch_operator']) retrieved from /home/airflow/.local/lib/python3.7/site-packages/airflow/example_dags/example_branch_operator.py
[2025-11-22T09:47:26.239+0000] {logging_mixin.py:120} INFO - [2025-11-22T09:47:26.238+0000] {dag.py:2585} INFO - Sync 1 DAGs
[2025-11-22T09:47:26.297+0000] {logging_mixin.py:120} INFO - [2025-11-22T09:47:26.297+0000] {dag.py:3340} INFO - Setting next_dagrun for example_branch_operator to 2025-11-21T00:00:00+00:00, run_after=2025-11-22T00:00:00+00:00
[2025-11-22T09:47:26.337+0000] {processor.py:176} INFO - Processing /home/airflow/.local/lib/python3.7/site-packages/airflow/example_dags/example_branch_operator.py took 0.253 seconds
[2025-11-22T09:47:56.733+0000] {processor.py:154} INFO - Started process (PID=1258) to work on /home/airflow/.local/lib/python3.7/site-packages/airflow/example_dags/example_branch_operator.py
[2025-11-22T09:47:56.734+0000] {processor.py:756} INFO - Processing file /home/airflow/.local/lib/python3.7/site-packages/airflow/example_dags/example_branch_operator.py for tasks to queue
[2025-11-22T09:47:56.736+0000] {logging_mixin.py:120} INFO - [2025-11-22T09:47:56.736+0000] {dagbag.py:537} INFO - Filling up the DagBag from /home/airflow/.local/lib/python3.7/site-packages/airflow/example_dags/example_branch_operator.py
[2025-11-22T09:47:56.761+0000] {processor.py:766} INFO - DAG(s) dict_keys(['example_branch_operator']) retrieved from /home/airflow/.local/lib/python3.7/site-packages/airflow/example_dags/example_branch_operator.py
[2025-11-22T09:47:56.839+0000] {logging_mixin.py:120} INFO - [2025-11-22T09:47:56.839+0000] {dag.py:2585} INFO - Sync 1 DAGs
[2025-11-22T09:47:56.884+0000] {logging_mixin.py:120} INFO - [2025-11-22T09:47:56.884+0000] {dag.py:3340} INFO - Setting next_dagrun for example_branch_operator to 2025-11-21T00:00:00+00:00, run_after=2025-11-22T00:00:00+00:00
[2025-11-22T09:47:56.942+0000] {processor.py:176} INFO - Processing /home/airflow/.local/lib/python3.7/site-packages/airflow/example_dags/example_branch_operator.py took 0.214 seconds
[2025-11-22T09:48:27.284+0000] {processor.py:154} INFO - Started process (PID=1322) to work on /home/airflow/.local/lib/python3.7/site-packages/airflow/example_dags/example_branch_operator.py
[2025-11-22T09:48:27.286+0000] {processor.py:756} INFO - Processing file /home/airflow/.local/lib/python3.7/site-packages/airflow/example_dags/example_branch_operator.py for tasks to queue
[2025-11-22T09:48:27.288+0000] {logging_mixin.py:120} INFO - [2025-11-22T09:48:27.288+0000] {dagbag.py:537} INFO - Filling up the DagBag from /home/airflow/.local/lib/python3.7/site-packages/airflow/example_dags/example_branch_operator.py
[2025-11-22T09:48:27.345+0000] {processor.py:766} INFO - DAG(s) dict_keys(['example_branch_operator']) retrieved from /home/airflow/.local/lib/python3.7/site-packages/airflow/example_dags/example_branch_operator.py
[2025-11-22T09:48:27.453+0000] {logging_mixin.py:120} INFO - [2025-11-22T09:48:27.453+0000] {dag.py:2585} INFO - Sync 1 DAGs
[2025-11-22T09:48:27.533+0000] {logging_mixin.py:120} INFO - [2025-11-22T09:48:27.532+0000] {dag.py:3340} INFO - Setting next_dagrun for example_branch_operator to 2025-11-21T00:00:00+00:00, run_after=2025-11-22T00:00:00+00:00
[2025-11-22T09:48:27.615+0000] {processor.py:176} INFO - Processing /home/airflow/.local/lib/python3.7/site-packages/airflow/example_dags/example_branch_operator.py took 0.348 seconds
[2025-11-22T09:48:58.078+0000] {processor.py:154} INFO - Started process (PID=1377) to work on /home/airflow/.local/lib/python3.7/site-packages/airflow/example_dags/example_branch_operator.py
[2025-11-22T09:48:58.080+0000] {processor.py:756} INFO - Processing file /home/airflow/.local/lib/python3.7/site-packages/airflow/example_dags/example_branch_operator.py for tasks to queue
[2025-11-22T09:48:58.082+0000] {logging_mixin.py:120} INFO - [2025-11-22T09:48:58.082+0000] {dagbag.py:537} INFO - Filling up the DagBag from /home/airflow/.local/lib/python3.7/site-packages/airflow/example_dags/example_branch_operator.py
[2025-11-22T09:48:58.112+0000] {processor.py:766} INFO - DAG(s) dict_keys(['example_branch_operator']) retrieved from /home/airflow/.local/lib/python3.7/site-packages/airflow/example_dags/example_branch_operator.py
[2025-11-22T09:48:58.181+0000] {logging_mixin.py:120} INFO - [2025-11-22T09:48:58.181+0000] {dag.py:2585} INFO - Sync 1 DAGs
[2025-11-22T09:48:58.221+0000] {logging_mixin.py:120} INFO - [2025-11-22T09:48:58.221+0000] {dag.py:3340} INFO - Setting next_dagrun for example_branch_operator to 2025-11-21T00:00:00+00:00, run_after=2025-11-22T00:00:00+00:00
[2025-11-22T09:48:58.264+0000] {processor.py:176} INFO - Processing /home/airflow/.local/lib/python3.7/site-packages/airflow/example_dags/example_branch_operator.py took 0.191 seconds
[2025-11-22T09:49:28.584+0000] {processor.py:154} INFO - Started process (PID=1441) to work on /home/airflow/.local/lib/python3.7/site-packages/airflow/example_dags/example_branch_operator.py
[2025-11-22T09:49:28.587+0000] {processor.py:756} INFO - Processing file /home/airflow/.local/lib/python3.7/site-packages/airflow/example_dags/example_branch_operator.py for tasks to queue
[2025-11-22T09:49:28.589+0000] {logging_mixin.py:120} INFO - [2025-11-22T09:49:28.589+0000] {dagbag.py:537} INFO - Filling up the DagBag from /home/airflow/.local/lib/python3.7/site-packages/airflow/example_dags/example_branch_operator.py
[2025-11-22T09:49:28.620+0000] {processor.py:766} INFO - DAG(s) dict_keys(['example_branch_operator']) retrieved from /home/airflow/.local/lib/python3.7/site-packages/airflow/example_dags/example_branch_operator.py
[2025-11-22T09:49:28.696+0000] {logging_mixin.py:120} INFO - [2025-11-22T09:49:28.695+0000] {dag.py:2585} INFO - Sync 1 DAGs
[2025-11-22T09:49:28.744+0000] {logging_mixin.py:120} INFO - [2025-11-22T09:49:28.744+0000] {dag.py:3340} INFO - Setting next_dagrun for example_branch_operator to 2025-11-21T00:00:00+00:00, run_after=2025-11-22T00:00:00+00:00
[2025-11-22T09:49:28.785+0000] {processor.py:176} INFO - Processing /home/airflow/.local/lib/python3.7/site-packages/airflow/example_dags/example_branch_operator.py took 0.207 seconds
[2025-11-22T09:49:59.168+0000] {processor.py:154} INFO - Started process (PID=1497) to work on /home/airflow/.local/lib/python3.7/site-packages/airflow/example_dags/example_branch_operator.py
[2025-11-22T09:49:59.170+0000] {processor.py:756} INFO - Processing file /home/airflow/.local/lib/python3.7/site-packages/airflow/example_dags/example_branch_operator.py for tasks to queue
[2025-11-22T09:49:59.171+0000] {logging_mixin.py:120} INFO - [2025-11-22T09:49:59.171+0000] {dagbag.py:537} INFO - Filling up the DagBag from /home/airflow/.local/lib/python3.7/site-packages/airflow/example_dags/example_branch_operator.py
[2025-11-22T09:49:59.199+0000] {processor.py:766} INFO - DAG(s) dict_keys(['example_branch_operator']) retrieved from /home/airflow/.local/lib/python3.7/site-packages/airflow/example_dags/example_branch_operator.py
[2025-11-22T09:49:59.268+0000] {logging_mixin.py:120} INFO - [2025-11-22T09:49:59.267+0000] {dag.py:2585} INFO - Sync 1 DAGs
[2025-11-22T09:49:59.316+0000] {logging_mixin.py:120} INFO - [2025-11-22T09:49:59.315+0000] {dag.py:3340} INFO - Setting next_dagrun for example_branch_operator to 2025-11-21T00:00:00+00:00, run_after=2025-11-22T00:00:00+00:00
[2025-11-22T09:49:59.352+0000] {processor.py:176} INFO - Processing /home/airflow/.local/lib/python3.7/site-packages/airflow/example_dags/example_branch_operator.py took 0.189 seconds
[2025-11-22T09:50:29.801+0000] {processor.py:154} INFO - Started process (PID=1561) to work on /home/airflow/.local/lib/python3.7/site-packages/airflow/example_dags/example_branch_operator.py
[2025-11-22T09:50:29.803+0000] {processor.py:756} INFO - Processing file /home/airflow/.local/lib/python3.7/site-packages/airflow/example_dags/example_branch_operator.py for tasks to queue
[2025-11-22T09:50:29.804+0000] {logging_mixin.py:120} INFO - [2025-11-22T09:50:29.804+0000] {dagbag.py:537} INFO - Filling up the DagBag from /home/airflow/.local/lib/python3.7/site-packages/airflow/example_dags/example_branch_operator.py
[2025-11-22T09:50:29.832+0000] {processor.py:766} INFO - DAG(s) dict_keys(['example_branch_operator']) retrieved from /home/airflow/.local/lib/python3.7/site-packages/airflow/example_dags/example_branch_operator.py
[2025-11-22T09:50:29.896+0000] {logging_mixin.py:120} INFO - [2025-11-22T09:50:29.896+0000] {dag.py:2585} INFO - Sync 1 DAGs
[2025-11-22T09:50:29.944+0000] {logging_mixin.py:120} INFO - [2025-11-22T09:50:29.943+0000] {dag.py:3340} INFO - Setting next_dagrun for example_branch_operator to 2025-11-21T00:00:00+00:00, run_after=2025-11-22T00:00:00+00:00
[2025-11-22T09:50:29.981+0000] {processor.py:176} INFO - Processing /home/airflow/.local/lib/python3.7/site-packages/airflow/example_dags/example_branch_operator.py took 0.187 seconds
[2025-11-22T09:51:00.128+0000] {processor.py:154} INFO - Started process (PID=1624) to work on /home/airflow/.local/lib/python3.7/site-packages/airflow/example_dags/example_branch_operator.py
[2025-11-22T09:51:00.131+0000] {processor.py:756} INFO - Processing file /home/airflow/.local/lib/python3.7/site-packages/airflow/example_dags/example_branch_operator.py for tasks to queue
[2025-11-22T09:51:00.133+0000] {logging_mixin.py:120} INFO - [2025-11-22T09:51:00.133+0000] {dagbag.py:537} INFO - Filling up the DagBag from /home/airflow/.local/lib/python3.7/site-packages/airflow/example_dags/example_branch_operator.py
[2025-11-22T09:51:00.176+0000] {processor.py:766} INFO - DAG(s) dict_keys(['example_branch_operator']) retrieved from /home/airflow/.local/lib/python3.7/site-packages/airflow/example_dags/example_branch_operator.py
[2025-11-22T09:51:00.254+0000] {logging_mixin.py:120} INFO - [2025-11-22T09:51:00.254+0000] {dag.py:2585} INFO - Sync 1 DAGs
[2025-11-22T09:51:00.308+0000] {logging_mixin.py:120} INFO - [2025-11-22T09:51:00.308+0000] {dag.py:3340} INFO - Setting next_dagrun for example_branch_operator to 2025-11-21T00:00:00+00:00, run_after=2025-11-22T00:00:00+00:00
[2025-11-22T09:51:00.351+0000] {processor.py:176} INFO - Processing /home/airflow/.local/lib/python3.7/site-packages/airflow/example_dags/example_branch_operator.py took 0.229 seconds
[2025-11-22T09:51:30.631+0000] {processor.py:154} INFO - Started process (PID=1679) to work on /home/airflow/.local/lib/python3.7/site-packages/airflow/example_dags/example_branch_operator.py
[2025-11-22T09:51:30.633+0000] {processor.py:756} INFO - Processing file /home/airflow/.local/lib/python3.7/site-packages/airflow/example_dags/example_branch_operator.py for tasks to queue
[2025-11-22T09:51:30.635+0000] {logging_mixin.py:120} INFO - [2025-11-22T09:51:30.634+0000] {dagbag.py:537} INFO - Filling up the DagBag from /home/airflow/.local/lib/python3.7/site-packages/airflow/example_dags/example_branch_operator.py
[2025-11-22T09:51:30.658+0000] {processor.py:766} INFO - DAG(s) dict_keys(['example_branch_operator']) retrieved from /home/airflow/.local/lib/python3.7/site-packages/airflow/example_dags/example_branch_operator.py
[2025-11-22T09:51:30.726+0000] {logging_mixin.py:120} INFO - [2025-11-22T09:51:30.726+0000] {dag.py:2585} INFO - Sync 1 DAGs
[2025-11-22T09:51:30.771+0000] {logging_mixin.py:120} INFO - [2025-11-22T09:51:30.770+0000] {dag.py:3340} INFO - Setting next_dagrun for example_branch_operator to 2025-11-21T00:00:00+00:00, run_after=2025-11-22T00:00:00+00:00
[2025-11-22T09:51:30.810+0000] {processor.py:176} INFO - Processing /home/airflow/.local/lib/python3.7/site-packages/airflow/example_dags/example_branch_operator.py took 0.185 seconds
[2025-11-22T09:52:01.011+0000] {processor.py:154} INFO - Started process (PID=1742) to work on /home/airflow/.local/lib/python3.7/site-packages/airflow/example_dags/example_branch_operator.py
[2025-11-22T09:52:01.013+0000] {processor.py:756} INFO - Processing file /home/airflow/.local/lib/python3.7/site-packages/airflow/example_dags/example_branch_operator.py for tasks to queue
[2025-11-22T09:52:01.015+0000] {logging_mixin.py:120} INFO - [2025-11-22T09:52:01.014+0000] {dagbag.py:537} INFO - Filling up the DagBag from /home/airflow/.local/lib/python3.7/site-packages/airflow/example_dags/example_branch_operator.py
[2025-11-22T09:52:01.052+0000] {processor.py:766} INFO - DAG(s) dict_keys(['example_branch_operator']) retrieved from /home/airflow/.local/lib/python3.7/site-packages/airflow/example_dags/example_branch_operator.py
[2025-11-22T09:52:01.115+0000] {logging_mixin.py:120} INFO - [2025-11-22T09:52:01.115+0000] {dag.py:2585} INFO - Sync 1 DAGs
[2025-11-22T09:52:01.152+0000] {logging_mixin.py:120} INFO - [2025-11-22T09:52:01.152+0000] {dag.py:3340} INFO - Setting next_dagrun for example_branch_operator to 2025-11-21T00:00:00+00:00, run_after=2025-11-22T00:00:00+00:00
[2025-11-22T09:52:01.186+0000] {processor.py:176} INFO - Processing /home/airflow/.local/lib/python3.7/site-packages/airflow/example_dags/example_branch_operator.py took 0.181 seconds
[2025-11-22T09:52:31.414+0000] {processor.py:154} INFO - Started process (PID=1797) to work on /home/airflow/.local/lib/python3.7/site-packages/airflow/example_dags/example_branch_operator.py
[2025-11-22T09:52:31.416+0000] {processor.py:756} INFO - Processing file /home/airflow/.local/lib/python3.7/site-packages/airflow/example_dags/example_branch_operator.py for tasks to queue
[2025-11-22T09:52:31.419+0000] {logging_mixin.py:120} INFO - [2025-11-22T09:52:31.419+0000] {dagbag.py:537} INFO - Filling up the DagBag from /home/airflow/.local/lib/python3.7/site-packages/airflow/example_dags/example_branch_operator.py
[2025-11-22T09:52:31.486+0000] {processor.py:766} INFO - DAG(s) dict_keys(['example_branch_operator']) retrieved from /home/airflow/.local/lib/python3.7/site-packages/airflow/example_dags/example_branch_operator.py
[2025-11-22T09:52:31.604+0000] {logging_mixin.py:120} INFO - [2025-11-22T09:52:31.604+0000] {dag.py:2585} INFO - Sync 1 DAGs
[2025-11-22T09:52:31.655+0000] {logging_mixin.py:120} INFO - [2025-11-22T09:52:31.655+0000] {dag.py:3340} INFO - Setting next_dagrun for example_branch_operator to 2025-11-21T00:00:00+00:00, run_after=2025-11-22T00:00:00+00:00
[2025-11-22T09:52:31.694+0000] {processor.py:176} INFO - Processing /home/airflow/.local/lib/python3.7/site-packages/airflow/example_dags/example_branch_operator.py took 0.289 seconds
[2025-11-22T09:53:02.447+0000] {processor.py:154} INFO - Started process (PID=1860) to work on /home/airflow/.local/lib/python3.7/site-packages/airflow/example_dags/example_branch_operator.py
[2025-11-22T09:53:02.449+0000] {processor.py:756} INFO - Processing file /home/airflow/.local/lib/python3.7/site-packages/airflow/example_dags/example_branch_operator.py for tasks to queue
[2025-11-22T09:53:02.450+0000] {logging_mixin.py:120} INFO - [2025-11-22T09:53:02.450+0000] {dagbag.py:537} INFO - Filling up the DagBag from /home/airflow/.local/lib/python3.7/site-packages/airflow/example_dags/example_branch_operator.py
[2025-11-22T09:53:02.482+0000] {processor.py:766} INFO - DAG(s) dict_keys(['example_branch_operator']) retrieved from /home/airflow/.local/lib/python3.7/site-packages/airflow/example_dags/example_branch_operator.py
[2025-11-22T09:53:02.560+0000] {logging_mixin.py:120} INFO - [2025-11-22T09:53:02.560+0000] {dag.py:2585} INFO - Sync 1 DAGs
[2025-11-22T09:53:02.615+0000] {logging_mixin.py:120} INFO - [2025-11-22T09:53:02.614+0000] {dag.py:3340} INFO - Setting next_dagrun for example_branch_operator to 2025-11-21T00:00:00+00:00, run_after=2025-11-22T00:00:00+00:00
[2025-11-22T09:53:02.653+0000] {processor.py:176} INFO - Processing /home/airflow/.local/lib/python3.7/site-packages/airflow/example_dags/example_branch_operator.py took 0.211 seconds
[2025-11-22T09:53:33.200+0000] {processor.py:154} INFO - Started process (PID=1915) to work on /home/airflow/.local/lib/python3.7/site-packages/airflow/example_dags/example_branch_operator.py
[2025-11-22T09:53:33.201+0000] {processor.py:756} INFO - Processing file /home/airflow/.local/lib/python3.7/site-packages/airflow/example_dags/example_branch_operator.py for tasks to queue
[2025-11-22T09:53:33.203+0000] {logging_mixin.py:120} INFO - [2025-11-22T09:53:33.202+0000] {dagbag.py:537} INFO - Filling up the DagBag from /home/airflow/.local/lib/python3.7/site-packages/airflow/example_dags/example_branch_operator.py
[2025-11-22T09:53:33.234+0000] {processor.py:766} INFO - DAG(s) dict_keys(['example_branch_operator']) retrieved from /home/airflow/.local/lib/python3.7/site-packages/airflow/example_dags/example_branch_operator.py
[2025-11-22T09:53:33.318+0000] {logging_mixin.py:120} INFO - [2025-11-22T09:53:33.318+0000] {dag.py:2585} INFO - Sync 1 DAGs
[2025-11-22T09:53:33.379+0000] {logging_mixin.py:120} INFO - [2025-11-22T09:53:33.379+0000] {dag.py:3340} INFO - Setting next_dagrun for example_branch_operator to 2025-11-21T00:00:00+00:00, run_after=2025-11-22T00:00:00+00:00
[2025-11-22T09:53:33.422+0000] {processor.py:176} INFO - Processing /home/airflow/.local/lib/python3.7/site-packages/airflow/example_dags/example_branch_operator.py took 0.227 seconds
[2025-11-22T09:54:04.283+0000] {processor.py:154} INFO - Started process (PID=1979) to work on /home/airflow/.local/lib/python3.7/site-packages/airflow/example_dags/example_branch_operator.py
[2025-11-22T09:54:04.285+0000] {processor.py:756} INFO - Processing file /home/airflow/.local/lib/python3.7/site-packages/airflow/example_dags/example_branch_operator.py for tasks to queue
[2025-11-22T09:54:04.286+0000] {logging_mixin.py:120} INFO - [2025-11-22T09:54:04.286+0000] {dagbag.py:537} INFO - Filling up the DagBag from /home/airflow/.local/lib/python3.7/site-packages/airflow/example_dags/example_branch_operator.py
[2025-11-22T09:54:04.312+0000] {processor.py:766} INFO - DAG(s) dict_keys(['example_branch_operator']) retrieved from /home/airflow/.local/lib/python3.7/site-packages/airflow/example_dags/example_branch_operator.py
[2025-11-22T09:54:04.380+0000] {logging_mixin.py:120} INFO - [2025-11-22T09:54:04.380+0000] {dag.py:2585} INFO - Sync 1 DAGs
[2025-11-22T09:54:04.436+0000] {logging_mixin.py:120} INFO - [2025-11-22T09:54:04.436+0000] {dag.py:3340} INFO - Setting next_dagrun for example_branch_operator to 2025-11-21T00:00:00+00:00, run_after=2025-11-22T00:00:00+00:00
[2025-11-22T09:54:04.477+0000] {processor.py:176} INFO - Processing /home/airflow/.local/lib/python3.7/site-packages/airflow/example_dags/example_branch_operator.py took 0.199 seconds
[2025-11-22T09:54:35.052+0000] {processor.py:154} INFO - Started process (PID=2032) to work on /home/airflow/.local/lib/python3.7/site-packages/airflow/example_dags/example_branch_operator.py
[2025-11-22T09:54:35.054+0000] {processor.py:756} INFO - Processing file /home/airflow/.local/lib/python3.7/site-packages/airflow/example_dags/example_branch_operator.py for tasks to queue
[2025-11-22T09:54:35.056+0000] {logging_mixin.py:120} INFO - [2025-11-22T09:54:35.056+0000] {dagbag.py:537} INFO - Filling up the DagBag from /home/airflow/.local/lib/python3.7/site-packages/airflow/example_dags/example_branch_operator.py
[2025-11-22T09:54:35.098+0000] {processor.py:766} INFO - DAG(s) dict_keys(['example_branch_operator']) retrieved from /home/airflow/.local/lib/python3.7/site-packages/airflow/example_dags/example_branch_operator.py
[2025-11-22T09:54:35.210+0000] {logging_mixin.py:120} INFO - [2025-11-22T09:54:35.209+0000] {dag.py:2585} INFO - Sync 1 DAGs
[2025-11-22T09:54:35.261+0000] {logging_mixin.py:120} INFO - [2025-11-22T09:54:35.261+0000] {dag.py:3340} INFO - Setting next_dagrun for example_branch_operator to 2025-11-21T00:00:00+00:00, run_after=2025-11-22T00:00:00+00:00
[2025-11-22T09:54:35.301+0000] {processor.py:176} INFO - Processing /home/airflow/.local/lib/python3.7/site-packages/airflow/example_dags/example_branch_operator.py took 0.254 seconds
[2025-11-22T09:55:05.432+0000] {processor.py:154} INFO - Started process (PID=2097) to work on /home/airflow/.local/lib/python3.7/site-packages/airflow/example_dags/example_branch_operator.py
[2025-11-22T09:55:05.434+0000] {processor.py:756} INFO - Processing file /home/airflow/.local/lib/python3.7/site-packages/airflow/example_dags/example_branch_operator.py for tasks to queue
[2025-11-22T09:55:05.436+0000] {logging_mixin.py:120} INFO - [2025-11-22T09:55:05.435+0000] {dagbag.py:537} INFO - Filling up the DagBag from /home/airflow/.local/lib/python3.7/site-packages/airflow/example_dags/example_branch_operator.py
[2025-11-22T09:55:05.476+0000] {processor.py:766} INFO - DAG(s) dict_keys(['example_branch_operator']) retrieved from /home/airflow/.local/lib/python3.7/site-packages/airflow/example_dags/example_branch_operator.py
[2025-11-22T09:55:05.570+0000] {logging_mixin.py:120} INFO - [2025-11-22T09:55:05.570+0000] {dag.py:2585} INFO - Sync 1 DAGs
[2025-11-22T09:55:05.622+0000] {logging_mixin.py:120} INFO - [2025-11-22T09:55:05.622+0000] {dag.py:3340} INFO - Setting next_dagrun for example_branch_operator to 2025-11-21T00:00:00+00:00, run_after=2025-11-22T00:00:00+00:00
[2025-11-22T09:55:05.666+0000] {processor.py:176} INFO - Processing /home/airflow/.local/lib/python3.7/site-packages/airflow/example_dags/example_branch_operator.py took 0.242 seconds
[2025-11-22T09:55:36.385+0000] {processor.py:154} INFO - Started process (PID=2152) to work on /home/airflow/.local/lib/python3.7/site-packages/airflow/example_dags/example_branch_operator.py
[2025-11-22T09:55:36.387+0000] {processor.py:756} INFO - Processing file /home/airflow/.local/lib/python3.7/site-packages/airflow/example_dags/example_branch_operator.py for tasks to queue
[2025-11-22T09:55:36.388+0000] {logging_mixin.py:120} INFO - [2025-11-22T09:55:36.388+0000] {dagbag.py:537} INFO - Filling up the DagBag from /home/airflow/.local/lib/python3.7/site-packages/airflow/example_dags/example_branch_operator.py
[2025-11-22T09:55:36.422+0000] {processor.py:766} INFO - DAG(s) dict_keys(['example_branch_operator']) retrieved from /home/airflow/.local/lib/python3.7/site-packages/airflow/example_dags/example_branch_operator.py
[2025-11-22T09:55:36.489+0000] {logging_mixin.py:120} INFO - [2025-11-22T09:55:36.489+0000] {dag.py:2585} INFO - Sync 1 DAGs
[2025-11-22T09:55:36.534+0000] {logging_mixin.py:120} INFO - [2025-11-22T09:55:36.534+0000] {dag.py:3340} INFO - Setting next_dagrun for example_branch_operator to 2025-11-21T00:00:00+00:00, run_after=2025-11-22T00:00:00+00:00
[2025-11-22T09:55:36.579+0000] {processor.py:176} INFO - Processing /home/airflow/.local/lib/python3.7/site-packages/airflow/example_dags/example_branch_operator.py took 0.200 seconds
[2025-11-22T09:56:07.181+0000] {processor.py:154} INFO - Started process (PID=2216) to work on /home/airflow/.local/lib/python3.7/site-packages/airflow/example_dags/example_branch_operator.py
[2025-11-22T09:56:07.183+0000] {processor.py:756} INFO - Processing file /home/airflow/.local/lib/python3.7/site-packages/airflow/example_dags/example_branch_operator.py for tasks to queue
[2025-11-22T09:56:07.184+0000] {logging_mixin.py:120} INFO - [2025-11-22T09:56:07.184+0000] {dagbag.py:537} INFO - Filling up the DagBag from /home/airflow/.local/lib/python3.7/site-packages/airflow/example_dags/example_branch_operator.py
[2025-11-22T09:56:07.219+0000] {processor.py:766} INFO - DAG(s) dict_keys(['example_branch_operator']) retrieved from /home/airflow/.local/lib/python3.7/site-packages/airflow/example_dags/example_branch_operator.py
[2025-11-22T09:56:07.309+0000] {logging_mixin.py:120} INFO - [2025-11-22T09:56:07.309+0000] {dag.py:2585} INFO - Sync 1 DAGs
[2025-11-22T09:56:07.398+0000] {logging_mixin.py:120} INFO - [2025-11-22T09:56:07.398+0000] {dag.py:3340} INFO - Setting next_dagrun for example_branch_operator to 2025-11-21T00:00:00+00:00, run_after=2025-11-22T00:00:00+00:00
[2025-11-22T09:56:07.441+0000] {processor.py:176} INFO - Processing /home/airflow/.local/lib/python3.7/site-packages/airflow/example_dags/example_branch_operator.py took 0.266 seconds
[2025-11-22T09:56:37.513+0000] {processor.py:154} INFO - Started process (PID=2278) to work on /home/airflow/.local/lib/python3.7/site-packages/airflow/example_dags/example_branch_operator.py
[2025-11-22T09:56:37.515+0000] {processor.py:756} INFO - Processing file /home/airflow/.local/lib/python3.7/site-packages/airflow/example_dags/example_branch_operator.py for tasks to queue
[2025-11-22T09:56:37.518+0000] {logging_mixin.py:120} INFO - [2025-11-22T09:56:37.518+0000] {dagbag.py:537} INFO - Filling up the DagBag from /home/airflow/.local/lib/python3.7/site-packages/airflow/example_dags/example_branch_operator.py
[2025-11-22T09:56:37.566+0000] {processor.py:766} INFO - DAG(s) dict_keys(['example_branch_operator']) retrieved from /home/airflow/.local/lib/python3.7/site-packages/airflow/example_dags/example_branch_operator.py
[2025-11-22T09:56:37.655+0000] {logging_mixin.py:120} INFO - [2025-11-22T09:56:37.655+0000] {dag.py:2585} INFO - Sync 1 DAGs
[2025-11-22T09:56:37.703+0000] {logging_mixin.py:120} INFO - [2025-11-22T09:56:37.703+0000] {dag.py:3340} INFO - Setting next_dagrun for example_branch_operator to 2025-11-21T00:00:00+00:00, run_after=2025-11-22T00:00:00+00:00
[2025-11-22T09:56:37.746+0000] {processor.py:176} INFO - Processing /home/airflow/.local/lib/python3.7/site-packages/airflow/example_dags/example_branch_operator.py took 0.242 seconds
[2025-11-22T09:57:07.998+0000] {processor.py:154} INFO - Started process (PID=2335) to work on /home/airflow/.local/lib/python3.7/site-packages/airflow/example_dags/example_branch_operator.py
[2025-11-22T09:57:08.000+0000] {processor.py:756} INFO - Processing file /home/airflow/.local/lib/python3.7/site-packages/airflow/example_dags/example_branch_operator.py for tasks to queue
[2025-11-22T09:57:08.002+0000] {logging_mixin.py:120} INFO - [2025-11-22T09:57:08.002+0000] {dagbag.py:537} INFO - Filling up the DagBag from /home/airflow/.local/lib/python3.7/site-packages/airflow/example_dags/example_branch_operator.py
[2025-11-22T09:57:08.035+0000] {processor.py:766} INFO - DAG(s) dict_keys(['example_branch_operator']) retrieved from /home/airflow/.local/lib/python3.7/site-packages/airflow/example_dags/example_branch_operator.py
[2025-11-22T09:57:08.114+0000] {logging_mixin.py:120} INFO - [2025-11-22T09:57:08.114+0000] {dag.py:2585} INFO - Sync 1 DAGs
[2025-11-22T09:57:08.158+0000] {logging_mixin.py:120} INFO - [2025-11-22T09:57:08.158+0000] {dag.py:3340} INFO - Setting next_dagrun for example_branch_operator to 2025-11-21T00:00:00+00:00, run_after=2025-11-22T00:00:00+00:00
[2025-11-22T09:57:08.200+0000] {processor.py:176} INFO - Processing /home/airflow/.local/lib/python3.7/site-packages/airflow/example_dags/example_branch_operator.py took 0.210 seconds
[2025-11-22T09:57:38.872+0000] {processor.py:154} INFO - Started process (PID=2399) to work on /home/airflow/.local/lib/python3.7/site-packages/airflow/example_dags/example_branch_operator.py
[2025-11-22T09:57:38.875+0000] {processor.py:756} INFO - Processing file /home/airflow/.local/lib/python3.7/site-packages/airflow/example_dags/example_branch_operator.py for tasks to queue
[2025-11-22T09:57:38.880+0000] {logging_mixin.py:120} INFO - [2025-11-22T09:57:38.879+0000] {dagbag.py:537} INFO - Filling up the DagBag from /home/airflow/.local/lib/python3.7/site-packages/airflow/example_dags/example_branch_operator.py
[2025-11-22T09:57:38.911+0000] {processor.py:766} INFO - DAG(s) dict_keys(['example_branch_operator']) retrieved from /home/airflow/.local/lib/python3.7/site-packages/airflow/example_dags/example_branch_operator.py
[2025-11-22T09:57:39.011+0000] {logging_mixin.py:120} INFO - [2025-11-22T09:57:39.011+0000] {dag.py:2585} INFO - Sync 1 DAGs
[2025-11-22T09:57:39.052+0000] {logging_mixin.py:120} INFO - [2025-11-22T09:57:39.052+0000] {dag.py:3340} INFO - Setting next_dagrun for example_branch_operator to 2025-11-21T00:00:00+00:00, run_after=2025-11-22T00:00:00+00:00
[2025-11-22T09:57:39.096+0000] {processor.py:176} INFO - Processing /home/airflow/.local/lib/python3.7/site-packages/airflow/example_dags/example_branch_operator.py took 0.235 seconds
[2025-11-22T09:58:09.288+0000] {processor.py:154} INFO - Started process (PID=2454) to work on /home/airflow/.local/lib/python3.7/site-packages/airflow/example_dags/example_branch_operator.py
[2025-11-22T09:58:09.290+0000] {processor.py:756} INFO - Processing file /home/airflow/.local/lib/python3.7/site-packages/airflow/example_dags/example_branch_operator.py for tasks to queue
[2025-11-22T09:58:09.291+0000] {logging_mixin.py:120} INFO - [2025-11-22T09:58:09.291+0000] {dagbag.py:537} INFO - Filling up the DagBag from /home/airflow/.local/lib/python3.7/site-packages/airflow/example_dags/example_branch_operator.py
[2025-11-22T09:58:09.329+0000] {processor.py:766} INFO - DAG(s) dict_keys(['example_branch_operator']) retrieved from /home/airflow/.local/lib/python3.7/site-packages/airflow/example_dags/example_branch_operator.py
[2025-11-22T09:58:09.428+0000] {logging_mixin.py:120} INFO - [2025-11-22T09:58:09.428+0000] {dag.py:2585} INFO - Sync 1 DAGs
[2025-11-22T09:58:09.476+0000] {logging_mixin.py:120} INFO - [2025-11-22T09:58:09.476+0000] {dag.py:3340} INFO - Setting next_dagrun for example_branch_operator to 2025-11-21T00:00:00+00:00, run_after=2025-11-22T00:00:00+00:00
[2025-11-22T09:58:09.512+0000] {processor.py:176} INFO - Processing /home/airflow/.local/lib/python3.7/site-packages/airflow/example_dags/example_branch_operator.py took 0.230 seconds
[2025-11-22T09:58:40.210+0000] {processor.py:154} INFO - Started process (PID=2518) to work on /home/airflow/.local/lib/python3.7/site-packages/airflow/example_dags/example_branch_operator.py
[2025-11-22T09:58:40.212+0000] {processor.py:756} INFO - Processing file /home/airflow/.local/lib/python3.7/site-packages/airflow/example_dags/example_branch_operator.py for tasks to queue
[2025-11-22T09:58:40.214+0000] {logging_mixin.py:120} INFO - [2025-11-22T09:58:40.214+0000] {dagbag.py:537} INFO - Filling up the DagBag from /home/airflow/.local/lib/python3.7/site-packages/airflow/example_dags/example_branch_operator.py
[2025-11-22T09:58:40.259+0000] {processor.py:766} INFO - DAG(s) dict_keys(['example_branch_operator']) retrieved from /home/airflow/.local/lib/python3.7/site-packages/airflow/example_dags/example_branch_operator.py
[2025-11-22T09:58:40.338+0000] {logging_mixin.py:120} INFO - [2025-11-22T09:58:40.337+0000] {dag.py:2585} INFO - Sync 1 DAGs
[2025-11-22T09:58:40.379+0000] {logging_mixin.py:120} INFO - [2025-11-22T09:58:40.379+0000] {dag.py:3340} INFO - Setting next_dagrun for example_branch_operator to 2025-11-21T00:00:00+00:00, run_after=2025-11-22T00:00:00+00:00
[2025-11-22T09:58:40.417+0000] {processor.py:176} INFO - Processing /home/airflow/.local/lib/python3.7/site-packages/airflow/example_dags/example_branch_operator.py took 0.213 seconds
[2025-11-22T09:59:11.249+0000] {processor.py:154} INFO - Started process (PID=2574) to work on /home/airflow/.local/lib/python3.7/site-packages/airflow/example_dags/example_branch_operator.py
[2025-11-22T09:59:11.252+0000] {processor.py:756} INFO - Processing file /home/airflow/.local/lib/python3.7/site-packages/airflow/example_dags/example_branch_operator.py for tasks to queue
[2025-11-22T09:59:11.254+0000] {logging_mixin.py:120} INFO - [2025-11-22T09:59:11.253+0000] {dagbag.py:537} INFO - Filling up the DagBag from /home/airflow/.local/lib/python3.7/site-packages/airflow/example_dags/example_branch_operator.py
[2025-11-22T09:59:11.302+0000] {processor.py:766} INFO - DAG(s) dict_keys(['example_branch_operator']) retrieved from /home/airflow/.local/lib/python3.7/site-packages/airflow/example_dags/example_branch_operator.py
[2025-11-22T09:59:11.383+0000] {logging_mixin.py:120} INFO - [2025-11-22T09:59:11.382+0000] {dag.py:2585} INFO - Sync 1 DAGs
[2025-11-22T09:59:11.429+0000] {logging_mixin.py:120} INFO - [2025-11-22T09:59:11.429+0000] {dag.py:3340} INFO - Setting next_dagrun for example_branch_operator to 2025-11-21T00:00:00+00:00, run_after=2025-11-22T00:00:00+00:00
[2025-11-22T09:59:11.471+0000] {processor.py:176} INFO - Processing /home/airflow/.local/lib/python3.7/site-packages/airflow/example_dags/example_branch_operator.py took 0.228 seconds
[2025-11-22T09:59:41.683+0000] {processor.py:154} INFO - Started process (PID=2639) to work on /home/airflow/.local/lib/python3.7/site-packages/airflow/example_dags/example_branch_operator.py
[2025-11-22T09:59:41.685+0000] {processor.py:756} INFO - Processing file /home/airflow/.local/lib/python3.7/site-packages/airflow/example_dags/example_branch_operator.py for tasks to queue
[2025-11-22T09:59:41.688+0000] {logging_mixin.py:120} INFO - [2025-11-22T09:59:41.687+0000] {dagbag.py:537} INFO - Filling up the DagBag from /home/airflow/.local/lib/python3.7/site-packages/airflow/example_dags/example_branch_operator.py
[2025-11-22T09:59:41.730+0000] {processor.py:766} INFO - DAG(s) dict_keys(['example_branch_operator']) retrieved from /home/airflow/.local/lib/python3.7/site-packages/airflow/example_dags/example_branch_operator.py
[2025-11-22T09:59:41.840+0000] {logging_mixin.py:120} INFO - [2025-11-22T09:59:41.839+0000] {dag.py:2585} INFO - Sync 1 DAGs
[2025-11-22T09:59:41.891+0000] {logging_mixin.py:120} INFO - [2025-11-22T09:59:41.891+0000] {dag.py:3340} INFO - Setting next_dagrun for example_branch_operator to 2025-11-21T00:00:00+00:00, run_after=2025-11-22T00:00:00+00:00
[2025-11-22T09:59:41.926+0000] {processor.py:176} INFO - Processing /home/airflow/.local/lib/python3.7/site-packages/airflow/example_dags/example_branch_operator.py took 0.249 seconds
[2025-11-22T10:00:12.131+0000] {processor.py:154} INFO - Started process (PID=2695) to work on /home/airflow/.local/lib/python3.7/site-packages/airflow/example_dags/example_branch_operator.py
[2025-11-22T10:00:12.134+0000] {processor.py:756} INFO - Processing file /home/airflow/.local/lib/python3.7/site-packages/airflow/example_dags/example_branch_operator.py for tasks to queue
[2025-11-22T10:00:12.136+0000] {logging_mixin.py:120} INFO - [2025-11-22T10:00:12.136+0000] {dagbag.py:537} INFO - Filling up the DagBag from /home/airflow/.local/lib/python3.7/site-packages/airflow/example_dags/example_branch_operator.py
[2025-11-22T10:00:12.177+0000] {processor.py:766} INFO - DAG(s) dict_keys(['example_branch_operator']) retrieved from /home/airflow/.local/lib/python3.7/site-packages/airflow/example_dags/example_branch_operator.py
[2025-11-22T10:00:12.261+0000] {logging_mixin.py:120} INFO - [2025-11-22T10:00:12.260+0000] {dag.py:2585} INFO - Sync 1 DAGs
[2025-11-22T10:00:12.295+0000] {logging_mixin.py:120} INFO - [2025-11-22T10:00:12.295+0000] {dag.py:3340} INFO - Setting next_dagrun for example_branch_operator to 2025-11-21T00:00:00+00:00, run_after=2025-11-22T00:00:00+00:00
[2025-11-22T10:00:12.338+0000] {processor.py:176} INFO - Processing /home/airflow/.local/lib/python3.7/site-packages/airflow/example_dags/example_branch_operator.py took 0.214 seconds
[2025-11-22T10:00:42.427+0000] {processor.py:154} INFO - Started process (PID=2759) to work on /home/airflow/.local/lib/python3.7/site-packages/airflow/example_dags/example_branch_operator.py
[2025-11-22T10:00:42.429+0000] {processor.py:756} INFO - Processing file /home/airflow/.local/lib/python3.7/site-packages/airflow/example_dags/example_branch_operator.py for tasks to queue
[2025-11-22T10:00:42.431+0000] {logging_mixin.py:120} INFO - [2025-11-22T10:00:42.430+0000] {dagbag.py:537} INFO - Filling up the DagBag from /home/airflow/.local/lib/python3.7/site-packages/airflow/example_dags/example_branch_operator.py
[2025-11-22T10:00:42.461+0000] {processor.py:766} INFO - DAG(s) dict_keys(['example_branch_operator']) retrieved from /home/airflow/.local/lib/python3.7/site-packages/airflow/example_dags/example_branch_operator.py
[2025-11-22T10:00:42.544+0000] {logging_mixin.py:120} INFO - [2025-11-22T10:00:42.544+0000] {dag.py:2585} INFO - Sync 1 DAGs
[2025-11-22T10:00:42.598+0000] {logging_mixin.py:120} INFO - [2025-11-22T10:00:42.597+0000] {dag.py:3340} INFO - Setting next_dagrun for example_branch_operator to 2025-11-21T00:00:00+00:00, run_after=2025-11-22T00:00:00+00:00
[2025-11-22T10:00:42.635+0000] {processor.py:176} INFO - Processing /home/airflow/.local/lib/python3.7/site-packages/airflow/example_dags/example_branch_operator.py took 0.215 seconds
[2025-11-22T10:01:12.999+0000] {processor.py:154} INFO - Started process (PID=2823) to work on /home/airflow/.local/lib/python3.7/site-packages/airflow/example_dags/example_branch_operator.py
[2025-11-22T10:01:13.001+0000] {processor.py:756} INFO - Processing file /home/airflow/.local/lib/python3.7/site-packages/airflow/example_dags/example_branch_operator.py for tasks to queue
[2025-11-22T10:01:13.003+0000] {logging_mixin.py:120} INFO - [2025-11-22T10:01:13.002+0000] {dagbag.py:537} INFO - Filling up the DagBag from /home/airflow/.local/lib/python3.7/site-packages/airflow/example_dags/example_branch_operator.py
[2025-11-22T10:01:13.044+0000] {processor.py:766} INFO - DAG(s) dict_keys(['example_branch_operator']) retrieved from /home/airflow/.local/lib/python3.7/site-packages/airflow/example_dags/example_branch_operator.py
[2025-11-22T10:01:13.111+0000] {logging_mixin.py:120} INFO - [2025-11-22T10:01:13.111+0000] {dag.py:2585} INFO - Sync 1 DAGs
[2025-11-22T10:01:13.163+0000] {logging_mixin.py:120} INFO - [2025-11-22T10:01:13.163+0000] {dag.py:3340} INFO - Setting next_dagrun for example_branch_operator to 2025-11-21T00:00:00+00:00, run_after=2025-11-22T00:00:00+00:00
[2025-11-22T10:01:13.198+0000] {processor.py:176} INFO - Processing /home/airflow/.local/lib/python3.7/site-packages/airflow/example_dags/example_branch_operator.py took 0.208 seconds
[2025-11-22T10:01:43.527+0000] {processor.py:154} INFO - Started process (PID=2878) to work on /home/airflow/.local/lib/python3.7/site-packages/airflow/example_dags/example_branch_operator.py
[2025-11-22T10:01:43.529+0000] {processor.py:756} INFO - Processing file /home/airflow/.local/lib/python3.7/site-packages/airflow/example_dags/example_branch_operator.py for tasks to queue
[2025-11-22T10:01:43.531+0000] {logging_mixin.py:120} INFO - [2025-11-22T10:01:43.531+0000] {dagbag.py:537} INFO - Filling up the DagBag from /home/airflow/.local/lib/python3.7/site-packages/airflow/example_dags/example_branch_operator.py
[2025-11-22T10:01:43.567+0000] {processor.py:766} INFO - DAG(s) dict_keys(['example_branch_operator']) retrieved from /home/airflow/.local/lib/python3.7/site-packages/airflow/example_dags/example_branch_operator.py
[2025-11-22T10:01:43.640+0000] {logging_mixin.py:120} INFO - [2025-11-22T10:01:43.640+0000] {dag.py:2585} INFO - Sync 1 DAGs
[2025-11-22T10:01:43.677+0000] {logging_mixin.py:120} INFO - [2025-11-22T10:01:43.677+0000] {dag.py:3340} INFO - Setting next_dagrun for example_branch_operator to 2025-11-21T00:00:00+00:00, run_after=2025-11-22T00:00:00+00:00
[2025-11-22T10:01:43.721+0000] {processor.py:176} INFO - Processing /home/airflow/.local/lib/python3.7/site-packages/airflow/example_dags/example_branch_operator.py took 0.198 seconds
[2025-11-22T10:02:13.884+0000] {processor.py:154} INFO - Started process (PID=2942) to work on /home/airflow/.local/lib/python3.7/site-packages/airflow/example_dags/example_branch_operator.py
[2025-11-22T10:02:13.885+0000] {processor.py:756} INFO - Processing file /home/airflow/.local/lib/python3.7/site-packages/airflow/example_dags/example_branch_operator.py for tasks to queue
[2025-11-22T10:02:13.887+0000] {logging_mixin.py:120} INFO - [2025-11-22T10:02:13.887+0000] {dagbag.py:537} INFO - Filling up the DagBag from /home/airflow/.local/lib/python3.7/site-packages/airflow/example_dags/example_branch_operator.py
[2025-11-22T10:02:13.920+0000] {processor.py:766} INFO - DAG(s) dict_keys(['example_branch_operator']) retrieved from /home/airflow/.local/lib/python3.7/site-packages/airflow/example_dags/example_branch_operator.py
[2025-11-22T10:02:13.992+0000] {logging_mixin.py:120} INFO - [2025-11-22T10:02:13.991+0000] {dag.py:2585} INFO - Sync 1 DAGs
[2025-11-22T10:02:14.029+0000] {logging_mixin.py:120} INFO - [2025-11-22T10:02:14.029+0000] {dag.py:3340} INFO - Setting next_dagrun for example_branch_operator to 2025-11-21T00:00:00+00:00, run_after=2025-11-22T00:00:00+00:00
[2025-11-22T10:02:14.091+0000] {processor.py:176} INFO - Processing /home/airflow/.local/lib/python3.7/site-packages/airflow/example_dags/example_branch_operator.py took 0.212 seconds
[2025-11-22T10:02:44.894+0000] {processor.py:154} INFO - Started process (PID=2997) to work on /home/airflow/.local/lib/python3.7/site-packages/airflow/example_dags/example_branch_operator.py
[2025-11-22T10:02:44.896+0000] {processor.py:756} INFO - Processing file /home/airflow/.local/lib/python3.7/site-packages/airflow/example_dags/example_branch_operator.py for tasks to queue
[2025-11-22T10:02:44.898+0000] {logging_mixin.py:120} INFO - [2025-11-22T10:02:44.898+0000] {dagbag.py:537} INFO - Filling up the DagBag from /home/airflow/.local/lib/python3.7/site-packages/airflow/example_dags/example_branch_operator.py
[2025-11-22T10:02:44.926+0000] {processor.py:766} INFO - DAG(s) dict_keys(['example_branch_operator']) retrieved from /home/airflow/.local/lib/python3.7/site-packages/airflow/example_dags/example_branch_operator.py
[2025-11-22T10:02:44.997+0000] {logging_mixin.py:120} INFO - [2025-11-22T10:02:44.996+0000] {dag.py:2585} INFO - Sync 1 DAGs
[2025-11-22T10:02:45.037+0000] {logging_mixin.py:120} INFO - [2025-11-22T10:02:45.037+0000] {dag.py:3340} INFO - Setting next_dagrun for example_branch_operator to 2025-11-21T00:00:00+00:00, run_after=2025-11-22T00:00:00+00:00
[2025-11-22T10:02:45.071+0000] {processor.py:176} INFO - Processing /home/airflow/.local/lib/python3.7/site-packages/airflow/example_dags/example_branch_operator.py took 0.183 seconds
[2025-11-22T10:03:15.181+0000] {processor.py:154} INFO - Started process (PID=3061) to work on /home/airflow/.local/lib/python3.7/site-packages/airflow/example_dags/example_branch_operator.py
[2025-11-22T10:03:15.183+0000] {processor.py:756} INFO - Processing file /home/airflow/.local/lib/python3.7/site-packages/airflow/example_dags/example_branch_operator.py for tasks to queue
[2025-11-22T10:03:15.187+0000] {logging_mixin.py:120} INFO - [2025-11-22T10:03:15.186+0000] {dagbag.py:537} INFO - Filling up the DagBag from /home/airflow/.local/lib/python3.7/site-packages/airflow/example_dags/example_branch_operator.py
[2025-11-22T10:03:15.218+0000] {processor.py:766} INFO - DAG(s) dict_keys(['example_branch_operator']) retrieved from /home/airflow/.local/lib/python3.7/site-packages/airflow/example_dags/example_branch_operator.py
[2025-11-22T10:03:15.287+0000] {logging_mixin.py:120} INFO - [2025-11-22T10:03:15.287+0000] {dag.py:2585} INFO - Sync 1 DAGs
[2025-11-22T10:03:15.325+0000] {logging_mixin.py:120} INFO - [2025-11-22T10:03:15.324+0000] {dag.py:3340} INFO - Setting next_dagrun for example_branch_operator to 2025-11-21T00:00:00+00:00, run_after=2025-11-22T00:00:00+00:00
[2025-11-22T10:03:15.373+0000] {processor.py:176} INFO - Processing /home/airflow/.local/lib/python3.7/site-packages/airflow/example_dags/example_branch_operator.py took 0.199 seconds
[2025-11-22T10:03:45.930+0000] {processor.py:154} INFO - Started process (PID=3125) to work on /home/airflow/.local/lib/python3.7/site-packages/airflow/example_dags/example_branch_operator.py
[2025-11-22T10:03:45.933+0000] {processor.py:756} INFO - Processing file /home/airflow/.local/lib/python3.7/site-packages/airflow/example_dags/example_branch_operator.py for tasks to queue
[2025-11-22T10:03:45.938+0000] {logging_mixin.py:120} INFO - [2025-11-22T10:03:45.938+0000] {dagbag.py:537} INFO - Filling up the DagBag from /home/airflow/.local/lib/python3.7/site-packages/airflow/example_dags/example_branch_operator.py
[2025-11-22T10:03:45.974+0000] {processor.py:766} INFO - DAG(s) dict_keys(['example_branch_operator']) retrieved from /home/airflow/.local/lib/python3.7/site-packages/airflow/example_dags/example_branch_operator.py
[2025-11-22T10:03:46.042+0000] {logging_mixin.py:120} INFO - [2025-11-22T10:03:46.042+0000] {dag.py:2585} INFO - Sync 1 DAGs
[2025-11-22T10:03:46.083+0000] {logging_mixin.py:120} INFO - [2025-11-22T10:03:46.083+0000] {dag.py:3340} INFO - Setting next_dagrun for example_branch_operator to 2025-11-21T00:00:00+00:00, run_after=2025-11-22T00:00:00+00:00
[2025-11-22T10:03:46.123+0000] {processor.py:176} INFO - Processing /home/airflow/.local/lib/python3.7/site-packages/airflow/example_dags/example_branch_operator.py took 0.203 seconds
[2025-11-22T10:04:16.374+0000] {processor.py:154} INFO - Started process (PID=3180) to work on /home/airflow/.local/lib/python3.7/site-packages/airflow/example_dags/example_branch_operator.py
[2025-11-22T10:04:16.375+0000] {processor.py:756} INFO - Processing file /home/airflow/.local/lib/python3.7/site-packages/airflow/example_dags/example_branch_operator.py for tasks to queue
[2025-11-22T10:04:16.377+0000] {logging_mixin.py:120} INFO - [2025-11-22T10:04:16.377+0000] {dagbag.py:537} INFO - Filling up the DagBag from /home/airflow/.local/lib/python3.7/site-packages/airflow/example_dags/example_branch_operator.py
[2025-11-22T10:04:16.400+0000] {processor.py:766} INFO - DAG(s) dict_keys(['example_branch_operator']) retrieved from /home/airflow/.local/lib/python3.7/site-packages/airflow/example_dags/example_branch_operator.py
[2025-11-22T10:04:16.459+0000] {logging_mixin.py:120} INFO - [2025-11-22T10:04:16.459+0000] {dag.py:2585} INFO - Sync 1 DAGs
[2025-11-22T10:04:16.486+0000] {logging_mixin.py:120} INFO - [2025-11-22T10:04:16.486+0000] {dag.py:3340} INFO - Setting next_dagrun for example_branch_operator to 2025-11-21T00:00:00+00:00, run_after=2025-11-22T00:00:00+00:00
[2025-11-22T10:04:16.514+0000] {processor.py:176} INFO - Processing /home/airflow/.local/lib/python3.7/site-packages/airflow/example_dags/example_branch_operator.py took 0.146 seconds
[2025-11-22T10:04:46.787+0000] {processor.py:154} INFO - Started process (PID=3244) to work on /home/airflow/.local/lib/python3.7/site-packages/airflow/example_dags/example_branch_operator.py
[2025-11-22T10:04:46.789+0000] {processor.py:756} INFO - Processing file /home/airflow/.local/lib/python3.7/site-packages/airflow/example_dags/example_branch_operator.py for tasks to queue
[2025-11-22T10:04:46.790+0000] {logging_mixin.py:120} INFO - [2025-11-22T10:04:46.790+0000] {dagbag.py:537} INFO - Filling up the DagBag from /home/airflow/.local/lib/python3.7/site-packages/airflow/example_dags/example_branch_operator.py
[2025-11-22T10:04:46.814+0000] {processor.py:766} INFO - DAG(s) dict_keys(['example_branch_operator']) retrieved from /home/airflow/.local/lib/python3.7/site-packages/airflow/example_dags/example_branch_operator.py
[2025-11-22T10:04:46.867+0000] {logging_mixin.py:120} INFO - [2025-11-22T10:04:46.867+0000] {dag.py:2585} INFO - Sync 1 DAGs
[2025-11-22T10:04:46.895+0000] {logging_mixin.py:120} INFO - [2025-11-22T10:04:46.895+0000] {dag.py:3340} INFO - Setting next_dagrun for example_branch_operator to 2025-11-21T00:00:00+00:00, run_after=2025-11-22T00:00:00+00:00
[2025-11-22T10:04:46.925+0000] {processor.py:176} INFO - Processing /home/airflow/.local/lib/python3.7/site-packages/airflow/example_dags/example_branch_operator.py took 0.144 seconds
[2025-11-22T10:05:17.370+0000] {processor.py:154} INFO - Started process (PID=3298) to work on /home/airflow/.local/lib/python3.7/site-packages/airflow/example_dags/example_branch_operator.py
[2025-11-22T10:05:17.373+0000] {processor.py:756} INFO - Processing file /home/airflow/.local/lib/python3.7/site-packages/airflow/example_dags/example_branch_operator.py for tasks to queue
[2025-11-22T10:05:17.375+0000] {logging_mixin.py:120} INFO - [2025-11-22T10:05:17.375+0000] {dagbag.py:537} INFO - Filling up the DagBag from /home/airflow/.local/lib/python3.7/site-packages/airflow/example_dags/example_branch_operator.py
[2025-11-22T10:05:17.409+0000] {processor.py:766} INFO - DAG(s) dict_keys(['example_branch_operator']) retrieved from /home/airflow/.local/lib/python3.7/site-packages/airflow/example_dags/example_branch_operator.py
[2025-11-22T10:05:17.472+0000] {logging_mixin.py:120} INFO - [2025-11-22T10:05:17.472+0000] {dag.py:2585} INFO - Sync 1 DAGs
[2025-11-22T10:05:17.522+0000] {logging_mixin.py:120} INFO - [2025-11-22T10:05:17.522+0000] {dag.py:3340} INFO - Setting next_dagrun for example_branch_operator to 2025-11-21T00:00:00+00:00, run_after=2025-11-22T00:00:00+00:00
[2025-11-22T10:05:17.561+0000] {processor.py:176} INFO - Processing /home/airflow/.local/lib/python3.7/site-packages/airflow/example_dags/example_branch_operator.py took 0.197 seconds
[2025-11-22T10:05:48.094+0000] {processor.py:154} INFO - Started process (PID=3362) to work on /home/airflow/.local/lib/python3.7/site-packages/airflow/example_dags/example_branch_operator.py
[2025-11-22T10:05:48.096+0000] {processor.py:756} INFO - Processing file /home/airflow/.local/lib/python3.7/site-packages/airflow/example_dags/example_branch_operator.py for tasks to queue
[2025-11-22T10:05:48.098+0000] {logging_mixin.py:120} INFO - [2025-11-22T10:05:48.097+0000] {dagbag.py:537} INFO - Filling up the DagBag from /home/airflow/.local/lib/python3.7/site-packages/airflow/example_dags/example_branch_operator.py
[2025-11-22T10:05:48.122+0000] {processor.py:766} INFO - DAG(s) dict_keys(['example_branch_operator']) retrieved from /home/airflow/.local/lib/python3.7/site-packages/airflow/example_dags/example_branch_operator.py
[2025-11-22T10:05:48.176+0000] {logging_mixin.py:120} INFO - [2025-11-22T10:05:48.176+0000] {dag.py:2585} INFO - Sync 1 DAGs
[2025-11-22T10:05:48.212+0000] {logging_mixin.py:120} INFO - [2025-11-22T10:05:48.212+0000] {dag.py:3340} INFO - Setting next_dagrun for example_branch_operator to 2025-11-21T00:00:00+00:00, run_after=2025-11-22T00:00:00+00:00
[2025-11-22T10:05:48.244+0000] {processor.py:176} INFO - Processing /home/airflow/.local/lib/python3.7/site-packages/airflow/example_dags/example_branch_operator.py took 0.155 seconds
[2025-11-22T10:06:18.688+0000] {processor.py:154} INFO - Started process (PID=3417) to work on /home/airflow/.local/lib/python3.7/site-packages/airflow/example_dags/example_branch_operator.py
[2025-11-22T10:06:18.689+0000] {processor.py:756} INFO - Processing file /home/airflow/.local/lib/python3.7/site-packages/airflow/example_dags/example_branch_operator.py for tasks to queue
[2025-11-22T10:06:18.691+0000] {logging_mixin.py:120} INFO - [2025-11-22T10:06:18.691+0000] {dagbag.py:537} INFO - Filling up the DagBag from /home/airflow/.local/lib/python3.7/site-packages/airflow/example_dags/example_branch_operator.py
[2025-11-22T10:06:18.714+0000] {processor.py:766} INFO - DAG(s) dict_keys(['example_branch_operator']) retrieved from /home/airflow/.local/lib/python3.7/site-packages/airflow/example_dags/example_branch_operator.py
[2025-11-22T10:06:18.773+0000] {logging_mixin.py:120} INFO - [2025-11-22T10:06:18.773+0000] {dag.py:2585} INFO - Sync 1 DAGs
[2025-11-22T10:06:18.801+0000] {logging_mixin.py:120} INFO - [2025-11-22T10:06:18.801+0000] {dag.py:3340} INFO - Setting next_dagrun for example_branch_operator to 2025-11-21T00:00:00+00:00, run_after=2025-11-22T00:00:00+00:00
[2025-11-22T10:06:18.826+0000] {processor.py:176} INFO - Processing /home/airflow/.local/lib/python3.7/site-packages/airflow/example_dags/example_branch_operator.py took 0.146 seconds
[2025-11-22T10:06:49.833+0000] {processor.py:154} INFO - Started process (PID=3482) to work on /home/airflow/.local/lib/python3.7/site-packages/airflow/example_dags/example_branch_operator.py
[2025-11-22T10:06:49.835+0000] {processor.py:756} INFO - Processing file /home/airflow/.local/lib/python3.7/site-packages/airflow/example_dags/example_branch_operator.py for tasks to queue
[2025-11-22T10:06:49.837+0000] {logging_mixin.py:120} INFO - [2025-11-22T10:06:49.836+0000] {dagbag.py:537} INFO - Filling up the DagBag from /home/airflow/.local/lib/python3.7/site-packages/airflow/example_dags/example_branch_operator.py
[2025-11-22T10:06:49.871+0000] {processor.py:766} INFO - DAG(s) dict_keys(['example_branch_operator']) retrieved from /home/airflow/.local/lib/python3.7/site-packages/airflow/example_dags/example_branch_operator.py
[2025-11-22T10:06:49.931+0000] {logging_mixin.py:120} INFO - [2025-11-22T10:06:49.931+0000] {dag.py:2585} INFO - Sync 1 DAGs
[2025-11-22T10:06:49.976+0000] {logging_mixin.py:120} INFO - [2025-11-22T10:06:49.976+0000] {dag.py:3340} INFO - Setting next_dagrun for example_branch_operator to 2025-11-21T00:00:00+00:00, run_after=2025-11-22T00:00:00+00:00
[2025-11-22T10:06:50.015+0000] {processor.py:176} INFO - Processing /home/airflow/.local/lib/python3.7/site-packages/airflow/example_dags/example_branch_operator.py took 0.190 seconds
[2025-11-22T10:07:20.103+0000] {processor.py:154} INFO - Started process (PID=3537) to work on /home/airflow/.local/lib/python3.7/site-packages/airflow/example_dags/example_branch_operator.py
[2025-11-22T10:07:20.105+0000] {processor.py:756} INFO - Processing file /home/airflow/.local/lib/python3.7/site-packages/airflow/example_dags/example_branch_operator.py for tasks to queue
[2025-11-22T10:07:20.106+0000] {logging_mixin.py:120} INFO - [2025-11-22T10:07:20.106+0000] {dagbag.py:537} INFO - Filling up the DagBag from /home/airflow/.local/lib/python3.7/site-packages/airflow/example_dags/example_branch_operator.py
[2025-11-22T10:07:20.139+0000] {processor.py:766} INFO - DAG(s) dict_keys(['example_branch_operator']) retrieved from /home/airflow/.local/lib/python3.7/site-packages/airflow/example_dags/example_branch_operator.py
[2025-11-22T10:07:20.210+0000] {logging_mixin.py:120} INFO - [2025-11-22T10:07:20.209+0000] {dag.py:2585} INFO - Sync 1 DAGs
[2025-11-22T10:07:20.258+0000] {logging_mixin.py:120} INFO - [2025-11-22T10:07:20.258+0000] {dag.py:3340} INFO - Setting next_dagrun for example_branch_operator to 2025-11-21T00:00:00+00:00, run_after=2025-11-22T00:00:00+00:00
[2025-11-22T10:07:20.303+0000] {processor.py:176} INFO - Processing /home/airflow/.local/lib/python3.7/site-packages/airflow/example_dags/example_branch_operator.py took 0.206 seconds
[2025-11-22T10:07:50.820+0000] {processor.py:154} INFO - Started process (PID=3602) to work on /home/airflow/.local/lib/python3.7/site-packages/airflow/example_dags/example_branch_operator.py
[2025-11-22T10:07:50.822+0000] {processor.py:756} INFO - Processing file /home/airflow/.local/lib/python3.7/site-packages/airflow/example_dags/example_branch_operator.py for tasks to queue
[2025-11-22T10:07:50.824+0000] {logging_mixin.py:120} INFO - [2025-11-22T10:07:50.824+0000] {dagbag.py:537} INFO - Filling up the DagBag from /home/airflow/.local/lib/python3.7/site-packages/airflow/example_dags/example_branch_operator.py
[2025-11-22T10:07:50.856+0000] {processor.py:766} INFO - DAG(s) dict_keys(['example_branch_operator']) retrieved from /home/airflow/.local/lib/python3.7/site-packages/airflow/example_dags/example_branch_operator.py
[2025-11-22T10:07:50.928+0000] {logging_mixin.py:120} INFO - [2025-11-22T10:07:50.927+0000] {dag.py:2585} INFO - Sync 1 DAGs
[2025-11-22T10:07:50.965+0000] {logging_mixin.py:120} INFO - [2025-11-22T10:07:50.965+0000] {dag.py:3340} INFO - Setting next_dagrun for example_branch_operator to 2025-11-21T00:00:00+00:00, run_after=2025-11-22T00:00:00+00:00
[2025-11-22T10:07:50.999+0000] {processor.py:176} INFO - Processing /home/airflow/.local/lib/python3.7/site-packages/airflow/example_dags/example_branch_operator.py took 0.183 seconds
[2025-11-22T10:08:21.429+0000] {processor.py:154} INFO - Started process (PID=3667) to work on /home/airflow/.local/lib/python3.7/site-packages/airflow/example_dags/example_branch_operator.py
[2025-11-22T10:08:21.431+0000] {processor.py:756} INFO - Processing file /home/airflow/.local/lib/python3.7/site-packages/airflow/example_dags/example_branch_operator.py for tasks to queue
[2025-11-22T10:08:21.433+0000] {logging_mixin.py:120} INFO - [2025-11-22T10:08:21.433+0000] {dagbag.py:537} INFO - Filling up the DagBag from /home/airflow/.local/lib/python3.7/site-packages/airflow/example_dags/example_branch_operator.py
[2025-11-22T10:08:21.471+0000] {processor.py:766} INFO - DAG(s) dict_keys(['example_branch_operator']) retrieved from /home/airflow/.local/lib/python3.7/site-packages/airflow/example_dags/example_branch_operator.py
[2025-11-22T10:08:21.542+0000] {logging_mixin.py:120} INFO - [2025-11-22T10:08:21.542+0000] {dag.py:2585} INFO - Sync 1 DAGs
[2025-11-22T10:08:21.588+0000] {logging_mixin.py:120} INFO - [2025-11-22T10:08:21.588+0000] {dag.py:3340} INFO - Setting next_dagrun for example_branch_operator to 2025-11-21T00:00:00+00:00, run_after=2025-11-22T00:00:00+00:00
[2025-11-22T10:08:21.628+0000] {processor.py:176} INFO - Processing /home/airflow/.local/lib/python3.7/site-packages/airflow/example_dags/example_branch_operator.py took 0.204 seconds
[2025-11-22T10:08:51.878+0000] {processor.py:154} INFO - Started process (PID=3722) to work on /home/airflow/.local/lib/python3.7/site-packages/airflow/example_dags/example_branch_operator.py
[2025-11-22T10:08:51.880+0000] {processor.py:756} INFO - Processing file /home/airflow/.local/lib/python3.7/site-packages/airflow/example_dags/example_branch_operator.py for tasks to queue
[2025-11-22T10:08:51.882+0000] {logging_mixin.py:120} INFO - [2025-11-22T10:08:51.882+0000] {dagbag.py:537} INFO - Filling up the DagBag from /home/airflow/.local/lib/python3.7/site-packages/airflow/example_dags/example_branch_operator.py
[2025-11-22T10:08:51.906+0000] {processor.py:766} INFO - DAG(s) dict_keys(['example_branch_operator']) retrieved from /home/airflow/.local/lib/python3.7/site-packages/airflow/example_dags/example_branch_operator.py
[2025-11-22T10:08:51.975+0000] {logging_mixin.py:120} INFO - [2025-11-22T10:08:51.975+0000] {dag.py:2585} INFO - Sync 1 DAGs
[2025-11-22T10:08:52.007+0000] {logging_mixin.py:120} INFO - [2025-11-22T10:08:52.007+0000] {dag.py:3340} INFO - Setting next_dagrun for example_branch_operator to 2025-11-21T00:00:00+00:00, run_after=2025-11-22T00:00:00+00:00
[2025-11-22T10:08:52.042+0000] {processor.py:176} INFO - Processing /home/airflow/.local/lib/python3.7/site-packages/airflow/example_dags/example_branch_operator.py took 0.169 seconds
[2025-11-22T10:09:22.236+0000] {processor.py:154} INFO - Started process (PID=3786) to work on /home/airflow/.local/lib/python3.7/site-packages/airflow/example_dags/example_branch_operator.py
[2025-11-22T10:09:22.239+0000] {processor.py:756} INFO - Processing file /home/airflow/.local/lib/python3.7/site-packages/airflow/example_dags/example_branch_operator.py for tasks to queue
[2025-11-22T10:09:22.241+0000] {logging_mixin.py:120} INFO - [2025-11-22T10:09:22.240+0000] {dagbag.py:537} INFO - Filling up the DagBag from /home/airflow/.local/lib/python3.7/site-packages/airflow/example_dags/example_branch_operator.py
[2025-11-22T10:09:22.293+0000] {processor.py:766} INFO - DAG(s) dict_keys(['example_branch_operator']) retrieved from /home/airflow/.local/lib/python3.7/site-packages/airflow/example_dags/example_branch_operator.py
[2025-11-22T10:09:22.388+0000] {logging_mixin.py:120} INFO - [2025-11-22T10:09:22.388+0000] {dag.py:2585} INFO - Sync 1 DAGs
[2025-11-22T10:09:22.447+0000] {logging_mixin.py:120} INFO - [2025-11-22T10:09:22.447+0000] {dag.py:3340} INFO - Setting next_dagrun for example_branch_operator to 2025-11-21T00:00:00+00:00, run_after=2025-11-22T00:00:00+00:00
[2025-11-22T10:09:22.484+0000] {processor.py:176} INFO - Processing /home/airflow/.local/lib/python3.7/site-packages/airflow/example_dags/example_branch_operator.py took 0.254 seconds
[2025-11-22T10:09:52.906+0000] {processor.py:154} INFO - Started process (PID=3850) to work on /home/airflow/.local/lib/python3.7/site-packages/airflow/example_dags/example_branch_operator.py
[2025-11-22T10:09:52.909+0000] {processor.py:756} INFO - Processing file /home/airflow/.local/lib/python3.7/site-packages/airflow/example_dags/example_branch_operator.py for tasks to queue
[2025-11-22T10:09:52.911+0000] {logging_mixin.py:120} INFO - [2025-11-22T10:09:52.911+0000] {dagbag.py:537} INFO - Filling up the DagBag from /home/airflow/.local/lib/python3.7/site-packages/airflow/example_dags/example_branch_operator.py
[2025-11-22T10:09:52.948+0000] {processor.py:766} INFO - DAG(s) dict_keys(['example_branch_operator']) retrieved from /home/airflow/.local/lib/python3.7/site-packages/airflow/example_dags/example_branch_operator.py
[2025-11-22T10:09:53.024+0000] {logging_mixin.py:120} INFO - [2025-11-22T10:09:53.023+0000] {dag.py:2585} INFO - Sync 1 DAGs
[2025-11-22T10:09:53.078+0000] {logging_mixin.py:120} INFO - [2025-11-22T10:09:53.077+0000] {dag.py:3340} INFO - Setting next_dagrun for example_branch_operator to 2025-11-21T00:00:00+00:00, run_after=2025-11-22T00:00:00+00:00
[2025-11-22T10:09:53.119+0000] {processor.py:176} INFO - Processing /home/airflow/.local/lib/python3.7/site-packages/airflow/example_dags/example_branch_operator.py took 0.225 seconds
[2025-11-22T10:10:23.247+0000] {processor.py:154} INFO - Started process (PID=3905) to work on /home/airflow/.local/lib/python3.7/site-packages/airflow/example_dags/example_branch_operator.py
[2025-11-22T10:10:23.248+0000] {processor.py:756} INFO - Processing file /home/airflow/.local/lib/python3.7/site-packages/airflow/example_dags/example_branch_operator.py for tasks to queue
[2025-11-22T10:10:23.250+0000] {logging_mixin.py:120} INFO - [2025-11-22T10:10:23.249+0000] {dagbag.py:537} INFO - Filling up the DagBag from /home/airflow/.local/lib/python3.7/site-packages/airflow/example_dags/example_branch_operator.py
[2025-11-22T10:10:23.282+0000] {processor.py:766} INFO - DAG(s) dict_keys(['example_branch_operator']) retrieved from /home/airflow/.local/lib/python3.7/site-packages/airflow/example_dags/example_branch_operator.py
[2025-11-22T10:10:23.358+0000] {logging_mixin.py:120} INFO - [2025-11-22T10:10:23.358+0000] {dag.py:2585} INFO - Sync 1 DAGs
[2025-11-22T10:10:23.410+0000] {logging_mixin.py:120} INFO - [2025-11-22T10:10:23.409+0000] {dag.py:3340} INFO - Setting next_dagrun for example_branch_operator to 2025-11-21T00:00:00+00:00, run_after=2025-11-22T00:00:00+00:00
[2025-11-22T10:10:23.459+0000] {processor.py:176} INFO - Processing /home/airflow/.local/lib/python3.7/site-packages/airflow/example_dags/example_branch_operator.py took 0.221 seconds
[2025-11-22T10:10:53.695+0000] {processor.py:154} INFO - Started process (PID=3968) to work on /home/airflow/.local/lib/python3.7/site-packages/airflow/example_dags/example_branch_operator.py
[2025-11-22T10:10:53.697+0000] {processor.py:756} INFO - Processing file /home/airflow/.local/lib/python3.7/site-packages/airflow/example_dags/example_branch_operator.py for tasks to queue
[2025-11-22T10:10:53.699+0000] {logging_mixin.py:120} INFO - [2025-11-22T10:10:53.698+0000] {dagbag.py:537} INFO - Filling up the DagBag from /home/airflow/.local/lib/python3.7/site-packages/airflow/example_dags/example_branch_operator.py
[2025-11-22T10:10:53.721+0000] {processor.py:766} INFO - DAG(s) dict_keys(['example_branch_operator']) retrieved from /home/airflow/.local/lib/python3.7/site-packages/airflow/example_dags/example_branch_operator.py
[2025-11-22T10:10:53.776+0000] {logging_mixin.py:120} INFO - [2025-11-22T10:10:53.776+0000] {dag.py:2585} INFO - Sync 1 DAGs
[2025-11-22T10:10:53.805+0000] {logging_mixin.py:120} INFO - [2025-11-22T10:10:53.805+0000] {dag.py:3340} INFO - Setting next_dagrun for example_branch_operator to 2025-11-21T00:00:00+00:00, run_after=2025-11-22T00:00:00+00:00
[2025-11-22T10:10:53.835+0000] {processor.py:176} INFO - Processing /home/airflow/.local/lib/python3.7/site-packages/airflow/example_dags/example_branch_operator.py took 0.145 seconds
[2025-11-22T10:11:24.362+0000] {processor.py:154} INFO - Started process (PID=4022) to work on /home/airflow/.local/lib/python3.7/site-packages/airflow/example_dags/example_branch_operator.py
[2025-11-22T10:11:24.364+0000] {processor.py:756} INFO - Processing file /home/airflow/.local/lib/python3.7/site-packages/airflow/example_dags/example_branch_operator.py for tasks to queue
[2025-11-22T10:11:24.366+0000] {logging_mixin.py:120} INFO - [2025-11-22T10:11:24.366+0000] {dagbag.py:537} INFO - Filling up the DagBag from /home/airflow/.local/lib/python3.7/site-packages/airflow/example_dags/example_branch_operator.py
[2025-11-22T10:11:24.406+0000] {processor.py:766} INFO - DAG(s) dict_keys(['example_branch_operator']) retrieved from /home/airflow/.local/lib/python3.7/site-packages/airflow/example_dags/example_branch_operator.py
[2025-11-22T10:11:24.483+0000] {logging_mixin.py:120} INFO - [2025-11-22T10:11:24.483+0000] {dag.py:2585} INFO - Sync 1 DAGs
[2025-11-22T10:11:24.554+0000] {logging_mixin.py:120} INFO - [2025-11-22T10:11:24.554+0000] {dag.py:3340} INFO - Setting next_dagrun for example_branch_operator to 2025-11-21T00:00:00+00:00, run_after=2025-11-22T00:00:00+00:00
[2025-11-22T10:11:24.614+0000] {processor.py:176} INFO - Processing /home/airflow/.local/lib/python3.7/site-packages/airflow/example_dags/example_branch_operator.py took 0.260 seconds
[2025-11-22T10:11:55.134+0000] {processor.py:154} INFO - Started process (PID=4086) to work on /home/airflow/.local/lib/python3.7/site-packages/airflow/example_dags/example_branch_operator.py
[2025-11-22T10:11:55.135+0000] {processor.py:756} INFO - Processing file /home/airflow/.local/lib/python3.7/site-packages/airflow/example_dags/example_branch_operator.py for tasks to queue
[2025-11-22T10:11:55.137+0000] {logging_mixin.py:120} INFO - [2025-11-22T10:11:55.137+0000] {dagbag.py:537} INFO - Filling up the DagBag from /home/airflow/.local/lib/python3.7/site-packages/airflow/example_dags/example_branch_operator.py
[2025-11-22T10:11:55.168+0000] {processor.py:766} INFO - DAG(s) dict_keys(['example_branch_operator']) retrieved from /home/airflow/.local/lib/python3.7/site-packages/airflow/example_dags/example_branch_operator.py
[2025-11-22T10:11:55.233+0000] {logging_mixin.py:120} INFO - [2025-11-22T10:11:55.233+0000] {dag.py:2585} INFO - Sync 1 DAGs
[2025-11-22T10:11:55.265+0000] {logging_mixin.py:120} INFO - [2025-11-22T10:11:55.265+0000] {dag.py:3340} INFO - Setting next_dagrun for example_branch_operator to 2025-11-21T00:00:00+00:00, run_after=2025-11-22T00:00:00+00:00
[2025-11-22T10:11:55.290+0000] {processor.py:176} INFO - Processing /home/airflow/.local/lib/python3.7/site-packages/airflow/example_dags/example_branch_operator.py took 0.162 seconds
[2025-11-22T10:12:25.770+0000] {processor.py:154} INFO - Started process (PID=4140) to work on /home/airflow/.local/lib/python3.7/site-packages/airflow/example_dags/example_branch_operator.py
[2025-11-22T10:12:25.772+0000] {processor.py:756} INFO - Processing file /home/airflow/.local/lib/python3.7/site-packages/airflow/example_dags/example_branch_operator.py for tasks to queue
[2025-11-22T10:12:25.774+0000] {logging_mixin.py:120} INFO - [2025-11-22T10:12:25.774+0000] {dagbag.py:537} INFO - Filling up the DagBag from /home/airflow/.local/lib/python3.7/site-packages/airflow/example_dags/example_branch_operator.py
[2025-11-22T10:12:25.804+0000] {processor.py:766} INFO - DAG(s) dict_keys(['example_branch_operator']) retrieved from /home/airflow/.local/lib/python3.7/site-packages/airflow/example_dags/example_branch_operator.py
[2025-11-22T10:12:25.869+0000] {logging_mixin.py:120} INFO - [2025-11-22T10:12:25.869+0000] {dag.py:2585} INFO - Sync 1 DAGs
[2025-11-22T10:12:25.922+0000] {logging_mixin.py:120} INFO - [2025-11-22T10:12:25.922+0000] {dag.py:3340} INFO - Setting next_dagrun for example_branch_operator to 2025-11-21T00:00:00+00:00, run_after=2025-11-22T00:00:00+00:00
[2025-11-22T10:12:25.981+0000] {processor.py:176} INFO - Processing /home/airflow/.local/lib/python3.7/site-packages/airflow/example_dags/example_branch_operator.py took 0.217 seconds
[2025-11-22T10:12:56.414+0000] {processor.py:154} INFO - Started process (PID=4204) to work on /home/airflow/.local/lib/python3.7/site-packages/airflow/example_dags/example_branch_operator.py
[2025-11-22T10:12:56.416+0000] {processor.py:756} INFO - Processing file /home/airflow/.local/lib/python3.7/site-packages/airflow/example_dags/example_branch_operator.py for tasks to queue
[2025-11-22T10:12:56.418+0000] {logging_mixin.py:120} INFO - [2025-11-22T10:12:56.418+0000] {dagbag.py:537} INFO - Filling up the DagBag from /home/airflow/.local/lib/python3.7/site-packages/airflow/example_dags/example_branch_operator.py
[2025-11-22T10:12:56.448+0000] {processor.py:766} INFO - DAG(s) dict_keys(['example_branch_operator']) retrieved from /home/airflow/.local/lib/python3.7/site-packages/airflow/example_dags/example_branch_operator.py
[2025-11-22T10:12:56.511+0000] {logging_mixin.py:120} INFO - [2025-11-22T10:12:56.511+0000] {dag.py:2585} INFO - Sync 1 DAGs
[2025-11-22T10:12:56.568+0000] {logging_mixin.py:120} INFO - [2025-11-22T10:12:56.567+0000] {dag.py:3340} INFO - Setting next_dagrun for example_branch_operator to 2025-11-21T00:00:00+00:00, run_after=2025-11-22T00:00:00+00:00
[2025-11-22T10:12:56.608+0000] {processor.py:176} INFO - Processing /home/airflow/.local/lib/python3.7/site-packages/airflow/example_dags/example_branch_operator.py took 0.200 seconds
[2025-11-22T10:13:27.203+0000] {processor.py:154} INFO - Started process (PID=4268) to work on /home/airflow/.local/lib/python3.7/site-packages/airflow/example_dags/example_branch_operator.py
[2025-11-22T10:13:27.205+0000] {processor.py:756} INFO - Processing file /home/airflow/.local/lib/python3.7/site-packages/airflow/example_dags/example_branch_operator.py for tasks to queue
[2025-11-22T10:13:27.207+0000] {logging_mixin.py:120} INFO - [2025-11-22T10:13:27.206+0000] {dagbag.py:537} INFO - Filling up the DagBag from /home/airflow/.local/lib/python3.7/site-packages/airflow/example_dags/example_branch_operator.py
[2025-11-22T10:13:27.233+0000] {processor.py:766} INFO - DAG(s) dict_keys(['example_branch_operator']) retrieved from /home/airflow/.local/lib/python3.7/site-packages/airflow/example_dags/example_branch_operator.py
[2025-11-22T10:13:27.300+0000] {logging_mixin.py:120} INFO - [2025-11-22T10:13:27.299+0000] {dag.py:2585} INFO - Sync 1 DAGs
[2025-11-22T10:13:27.336+0000] {logging_mixin.py:120} INFO - [2025-11-22T10:13:27.336+0000] {dag.py:3340} INFO - Setting next_dagrun for example_branch_operator to 2025-11-21T00:00:00+00:00, run_after=2025-11-22T00:00:00+00:00
[2025-11-22T10:13:27.379+0000] {processor.py:176} INFO - Processing /home/airflow/.local/lib/python3.7/site-packages/airflow/example_dags/example_branch_operator.py took 0.181 seconds
[2025-11-22T10:13:58.059+0000] {processor.py:154} INFO - Started process (PID=4323) to work on /home/airflow/.local/lib/python3.7/site-packages/airflow/example_dags/example_branch_operator.py
[2025-11-22T10:13:58.061+0000] {processor.py:756} INFO - Processing file /home/airflow/.local/lib/python3.7/site-packages/airflow/example_dags/example_branch_operator.py for tasks to queue
[2025-11-22T10:13:58.063+0000] {logging_mixin.py:120} INFO - [2025-11-22T10:13:58.063+0000] {dagbag.py:537} INFO - Filling up the DagBag from /home/airflow/.local/lib/python3.7/site-packages/airflow/example_dags/example_branch_operator.py
[2025-11-22T10:13:58.087+0000] {processor.py:766} INFO - DAG(s) dict_keys(['example_branch_operator']) retrieved from /home/airflow/.local/lib/python3.7/site-packages/airflow/example_dags/example_branch_operator.py
[2025-11-22T10:13:58.157+0000] {logging_mixin.py:120} INFO - [2025-11-22T10:13:58.156+0000] {dag.py:2585} INFO - Sync 1 DAGs
[2025-11-22T10:13:58.212+0000] {logging_mixin.py:120} INFO - [2025-11-22T10:13:58.212+0000] {dag.py:3340} INFO - Setting next_dagrun for example_branch_operator to 2025-11-21T00:00:00+00:00, run_after=2025-11-22T00:00:00+00:00
[2025-11-22T10:13:58.250+0000] {processor.py:176} INFO - Processing /home/airflow/.local/lib/python3.7/site-packages/airflow/example_dags/example_branch_operator.py took 0.196 seconds
[2025-11-22T10:14:28.628+0000] {processor.py:154} INFO - Started process (PID=4387) to work on /home/airflow/.local/lib/python3.7/site-packages/airflow/example_dags/example_branch_operator.py
[2025-11-22T10:14:28.630+0000] {processor.py:756} INFO - Processing file /home/airflow/.local/lib/python3.7/site-packages/airflow/example_dags/example_branch_operator.py for tasks to queue
[2025-11-22T10:14:28.632+0000] {logging_mixin.py:120} INFO - [2025-11-22T10:14:28.632+0000] {dagbag.py:537} INFO - Filling up the DagBag from /home/airflow/.local/lib/python3.7/site-packages/airflow/example_dags/example_branch_operator.py
[2025-11-22T10:14:28.668+0000] {processor.py:766} INFO - DAG(s) dict_keys(['example_branch_operator']) retrieved from /home/airflow/.local/lib/python3.7/site-packages/airflow/example_dags/example_branch_operator.py
[2025-11-22T10:14:28.751+0000] {logging_mixin.py:120} INFO - [2025-11-22T10:14:28.751+0000] {dag.py:2585} INFO - Sync 1 DAGs
[2025-11-22T10:14:28.799+0000] {logging_mixin.py:120} INFO - [2025-11-22T10:14:28.799+0000] {dag.py:3340} INFO - Setting next_dagrun for example_branch_operator to 2025-11-21T00:00:00+00:00, run_after=2025-11-22T00:00:00+00:00
[2025-11-22T10:14:28.837+0000] {processor.py:176} INFO - Processing /home/airflow/.local/lib/python3.7/site-packages/airflow/example_dags/example_branch_operator.py took 0.215 seconds
[2025-11-22T10:14:58.976+0000] {processor.py:154} INFO - Started process (PID=4449) to work on /home/airflow/.local/lib/python3.7/site-packages/airflow/example_dags/example_branch_operator.py
[2025-11-22T10:14:58.978+0000] {processor.py:756} INFO - Processing file /home/airflow/.local/lib/python3.7/site-packages/airflow/example_dags/example_branch_operator.py for tasks to queue
[2025-11-22T10:14:58.980+0000] {logging_mixin.py:120} INFO - [2025-11-22T10:14:58.980+0000] {dagbag.py:537} INFO - Filling up the DagBag from /home/airflow/.local/lib/python3.7/site-packages/airflow/example_dags/example_branch_operator.py
[2025-11-22T10:14:59.016+0000] {processor.py:766} INFO - DAG(s) dict_keys(['example_branch_operator']) retrieved from /home/airflow/.local/lib/python3.7/site-packages/airflow/example_dags/example_branch_operator.py
[2025-11-22T10:14:59.098+0000] {logging_mixin.py:120} INFO - [2025-11-22T10:14:59.098+0000] {dag.py:2585} INFO - Sync 1 DAGs
[2025-11-22T10:14:59.148+0000] {logging_mixin.py:120} INFO - [2025-11-22T10:14:59.148+0000] {dag.py:3340} INFO - Setting next_dagrun for example_branch_operator to 2025-11-21T00:00:00+00:00, run_after=2025-11-22T00:00:00+00:00
[2025-11-22T10:14:59.196+0000] {processor.py:176} INFO - Processing /home/airflow/.local/lib/python3.7/site-packages/airflow/example_dags/example_branch_operator.py took 0.228 seconds
[2025-11-22T10:15:29.612+0000] {processor.py:154} INFO - Started process (PID=4506) to work on /home/airflow/.local/lib/python3.7/site-packages/airflow/example_dags/example_branch_operator.py
[2025-11-22T10:15:29.614+0000] {processor.py:756} INFO - Processing file /home/airflow/.local/lib/python3.7/site-packages/airflow/example_dags/example_branch_operator.py for tasks to queue
[2025-11-22T10:15:29.617+0000] {logging_mixin.py:120} INFO - [2025-11-22T10:15:29.616+0000] {dagbag.py:537} INFO - Filling up the DagBag from /home/airflow/.local/lib/python3.7/site-packages/airflow/example_dags/example_branch_operator.py
[2025-11-22T10:15:29.648+0000] {processor.py:766} INFO - DAG(s) dict_keys(['example_branch_operator']) retrieved from /home/airflow/.local/lib/python3.7/site-packages/airflow/example_dags/example_branch_operator.py
[2025-11-22T10:15:29.747+0000] {logging_mixin.py:120} INFO - [2025-11-22T10:15:29.746+0000] {dag.py:2585} INFO - Sync 1 DAGs
[2025-11-22T10:15:29.809+0000] {logging_mixin.py:120} INFO - [2025-11-22T10:15:29.809+0000] {dag.py:3340} INFO - Setting next_dagrun for example_branch_operator to 2025-11-21T00:00:00+00:00, run_after=2025-11-22T00:00:00+00:00
[2025-11-22T10:15:29.849+0000] {processor.py:176} INFO - Processing /home/airflow/.local/lib/python3.7/site-packages/airflow/example_dags/example_branch_operator.py took 0.244 seconds
[2025-11-22T10:16:00.148+0000] {processor.py:154} INFO - Started process (PID=4570) to work on /home/airflow/.local/lib/python3.7/site-packages/airflow/example_dags/example_branch_operator.py
[2025-11-22T10:16:00.149+0000] {processor.py:756} INFO - Processing file /home/airflow/.local/lib/python3.7/site-packages/airflow/example_dags/example_branch_operator.py for tasks to queue
[2025-11-22T10:16:00.151+0000] {logging_mixin.py:120} INFO - [2025-11-22T10:16:00.150+0000] {dagbag.py:537} INFO - Filling up the DagBag from /home/airflow/.local/lib/python3.7/site-packages/airflow/example_dags/example_branch_operator.py
[2025-11-22T10:16:00.178+0000] {processor.py:766} INFO - DAG(s) dict_keys(['example_branch_operator']) retrieved from /home/airflow/.local/lib/python3.7/site-packages/airflow/example_dags/example_branch_operator.py
[2025-11-22T10:16:00.258+0000] {logging_mixin.py:120} INFO - [2025-11-22T10:16:00.257+0000] {dag.py:2585} INFO - Sync 1 DAGs
[2025-11-22T10:16:00.299+0000] {logging_mixin.py:120} INFO - [2025-11-22T10:16:00.299+0000] {dag.py:3340} INFO - Setting next_dagrun for example_branch_operator to 2025-11-21T00:00:00+00:00, run_after=2025-11-22T00:00:00+00:00
[2025-11-22T10:16:00.339+0000] {processor.py:176} INFO - Processing /home/airflow/.local/lib/python3.7/site-packages/airflow/example_dags/example_branch_operator.py took 0.197 seconds
[2025-11-22T10:16:30.437+0000] {processor.py:154} INFO - Started process (PID=4625) to work on /home/airflow/.local/lib/python3.7/site-packages/airflow/example_dags/example_branch_operator.py
[2025-11-22T10:16:30.439+0000] {processor.py:756} INFO - Processing file /home/airflow/.local/lib/python3.7/site-packages/airflow/example_dags/example_branch_operator.py for tasks to queue
[2025-11-22T10:16:30.441+0000] {logging_mixin.py:120} INFO - [2025-11-22T10:16:30.441+0000] {dagbag.py:537} INFO - Filling up the DagBag from /home/airflow/.local/lib/python3.7/site-packages/airflow/example_dags/example_branch_operator.py
[2025-11-22T10:16:30.482+0000] {processor.py:766} INFO - DAG(s) dict_keys(['example_branch_operator']) retrieved from /home/airflow/.local/lib/python3.7/site-packages/airflow/example_dags/example_branch_operator.py
[2025-11-22T10:16:30.566+0000] {logging_mixin.py:120} INFO - [2025-11-22T10:16:30.566+0000] {dag.py:2585} INFO - Sync 1 DAGs
[2025-11-22T10:16:30.612+0000] {logging_mixin.py:120} INFO - [2025-11-22T10:16:30.612+0000] {dag.py:3340} INFO - Setting next_dagrun for example_branch_operator to 2025-11-21T00:00:00+00:00, run_after=2025-11-22T00:00:00+00:00
[2025-11-22T10:16:30.651+0000] {processor.py:176} INFO - Processing /home/airflow/.local/lib/python3.7/site-packages/airflow/example_dags/example_branch_operator.py took 0.218 seconds
[2025-11-22T10:17:01.205+0000] {processor.py:154} INFO - Started process (PID=4689) to work on /home/airflow/.local/lib/python3.7/site-packages/airflow/example_dags/example_branch_operator.py
[2025-11-22T10:17:01.206+0000] {processor.py:756} INFO - Processing file /home/airflow/.local/lib/python3.7/site-packages/airflow/example_dags/example_branch_operator.py for tasks to queue
[2025-11-22T10:17:01.210+0000] {logging_mixin.py:120} INFO - [2025-11-22T10:17:01.210+0000] {dagbag.py:537} INFO - Filling up the DagBag from /home/airflow/.local/lib/python3.7/site-packages/airflow/example_dags/example_branch_operator.py
[2025-11-22T10:17:01.243+0000] {processor.py:766} INFO - DAG(s) dict_keys(['example_branch_operator']) retrieved from /home/airflow/.local/lib/python3.7/site-packages/airflow/example_dags/example_branch_operator.py
[2025-11-22T10:17:01.326+0000] {logging_mixin.py:120} INFO - [2025-11-22T10:17:01.326+0000] {dag.py:2585} INFO - Sync 1 DAGs
[2025-11-22T10:17:01.371+0000] {logging_mixin.py:120} INFO - [2025-11-22T10:17:01.371+0000] {dag.py:3340} INFO - Setting next_dagrun for example_branch_operator to 2025-11-21T00:00:00+00:00, run_after=2025-11-22T00:00:00+00:00
[2025-11-22T10:17:01.408+0000] {processor.py:176} INFO - Processing /home/airflow/.local/lib/python3.7/site-packages/airflow/example_dags/example_branch_operator.py took 0.209 seconds
[2025-11-22T10:17:31.689+0000] {processor.py:154} INFO - Started process (PID=4752) to work on /home/airflow/.local/lib/python3.7/site-packages/airflow/example_dags/example_branch_operator.py
[2025-11-22T10:17:31.699+0000] {processor.py:756} INFO - Processing file /home/airflow/.local/lib/python3.7/site-packages/airflow/example_dags/example_branch_operator.py for tasks to queue
[2025-11-22T10:17:31.702+0000] {logging_mixin.py:120} INFO - [2025-11-22T10:17:31.702+0000] {dagbag.py:537} INFO - Filling up the DagBag from /home/airflow/.local/lib/python3.7/site-packages/airflow/example_dags/example_branch_operator.py
[2025-11-22T10:17:31.736+0000] {processor.py:766} INFO - DAG(s) dict_keys(['example_branch_operator']) retrieved from /home/airflow/.local/lib/python3.7/site-packages/airflow/example_dags/example_branch_operator.py
[2025-11-22T10:17:31.817+0000] {logging_mixin.py:120} INFO - [2025-11-22T10:17:31.816+0000] {dag.py:2585} INFO - Sync 1 DAGs
[2025-11-22T10:17:31.882+0000] {logging_mixin.py:120} INFO - [2025-11-22T10:17:31.881+0000] {dag.py:3340} INFO - Setting next_dagrun for example_branch_operator to 2025-11-21T00:00:00+00:00, run_after=2025-11-22T00:00:00+00:00
[2025-11-22T10:17:31.921+0000] {processor.py:176} INFO - Processing /home/airflow/.local/lib/python3.7/site-packages/airflow/example_dags/example_branch_operator.py took 0.239 seconds
[2025-11-22T10:18:02.125+0000] {processor.py:154} INFO - Started process (PID=4807) to work on /home/airflow/.local/lib/python3.7/site-packages/airflow/example_dags/example_branch_operator.py
[2025-11-22T10:18:02.128+0000] {processor.py:756} INFO - Processing file /home/airflow/.local/lib/python3.7/site-packages/airflow/example_dags/example_branch_operator.py for tasks to queue
[2025-11-22T10:18:02.132+0000] {logging_mixin.py:120} INFO - [2025-11-22T10:18:02.131+0000] {dagbag.py:537} INFO - Filling up the DagBag from /home/airflow/.local/lib/python3.7/site-packages/airflow/example_dags/example_branch_operator.py
[2025-11-22T10:18:02.181+0000] {processor.py:766} INFO - DAG(s) dict_keys(['example_branch_operator']) retrieved from /home/airflow/.local/lib/python3.7/site-packages/airflow/example_dags/example_branch_operator.py
[2025-11-22T10:18:02.284+0000] {logging_mixin.py:120} INFO - [2025-11-22T10:18:02.284+0000] {dag.py:2585} INFO - Sync 1 DAGs
[2025-11-22T10:18:02.326+0000] {logging_mixin.py:120} INFO - [2025-11-22T10:18:02.326+0000] {dag.py:3340} INFO - Setting next_dagrun for example_branch_operator to 2025-11-21T00:00:00+00:00, run_after=2025-11-22T00:00:00+00:00
[2025-11-22T10:18:02.364+0000] {processor.py:176} INFO - Processing /home/airflow/.local/lib/python3.7/site-packages/airflow/example_dags/example_branch_operator.py took 0.249 seconds
[2025-11-22T10:18:32.890+0000] {processor.py:154} INFO - Started process (PID=4870) to work on /home/airflow/.local/lib/python3.7/site-packages/airflow/example_dags/example_branch_operator.py
[2025-11-22T10:18:32.893+0000] {processor.py:756} INFO - Processing file /home/airflow/.local/lib/python3.7/site-packages/airflow/example_dags/example_branch_operator.py for tasks to queue
[2025-11-22T10:18:32.895+0000] {logging_mixin.py:120} INFO - [2025-11-22T10:18:32.895+0000] {dagbag.py:537} INFO - Filling up the DagBag from /home/airflow/.local/lib/python3.7/site-packages/airflow/example_dags/example_branch_operator.py
[2025-11-22T10:18:32.932+0000] {processor.py:766} INFO - DAG(s) dict_keys(['example_branch_operator']) retrieved from /home/airflow/.local/lib/python3.7/site-packages/airflow/example_dags/example_branch_operator.py
[2025-11-22T10:18:33.007+0000] {logging_mixin.py:120} INFO - [2025-11-22T10:18:33.006+0000] {dag.py:2585} INFO - Sync 1 DAGs
[2025-11-22T10:18:33.046+0000] {logging_mixin.py:120} INFO - [2025-11-22T10:18:33.045+0000] {dag.py:3340} INFO - Setting next_dagrun for example_branch_operator to 2025-11-21T00:00:00+00:00, run_after=2025-11-22T00:00:00+00:00
[2025-11-22T10:18:33.084+0000] {processor.py:176} INFO - Processing /home/airflow/.local/lib/python3.7/site-packages/airflow/example_dags/example_branch_operator.py took 0.205 seconds
[2025-11-22T10:19:03.817+0000] {processor.py:154} INFO - Started process (PID=4925) to work on /home/airflow/.local/lib/python3.7/site-packages/airflow/example_dags/example_branch_operator.py
[2025-11-22T10:19:03.819+0000] {processor.py:756} INFO - Processing file /home/airflow/.local/lib/python3.7/site-packages/airflow/example_dags/example_branch_operator.py for tasks to queue
[2025-11-22T10:19:03.821+0000] {logging_mixin.py:120} INFO - [2025-11-22T10:19:03.820+0000] {dagbag.py:537} INFO - Filling up the DagBag from /home/airflow/.local/lib/python3.7/site-packages/airflow/example_dags/example_branch_operator.py
[2025-11-22T10:19:03.853+0000] {processor.py:766} INFO - DAG(s) dict_keys(['example_branch_operator']) retrieved from /home/airflow/.local/lib/python3.7/site-packages/airflow/example_dags/example_branch_operator.py
[2025-11-22T10:19:03.930+0000] {logging_mixin.py:120} INFO - [2025-11-22T10:19:03.930+0000] {dag.py:2585} INFO - Sync 1 DAGs
[2025-11-22T10:19:03.985+0000] {logging_mixin.py:120} INFO - [2025-11-22T10:19:03.985+0000] {dag.py:3340} INFO - Setting next_dagrun for example_branch_operator to 2025-11-21T00:00:00+00:00, run_after=2025-11-22T00:00:00+00:00
[2025-11-22T10:19:04.024+0000] {processor.py:176} INFO - Processing /home/airflow/.local/lib/python3.7/site-packages/airflow/example_dags/example_branch_operator.py took 0.215 seconds
[2025-11-22T10:19:34.378+0000] {processor.py:154} INFO - Started process (PID=4989) to work on /home/airflow/.local/lib/python3.7/site-packages/airflow/example_dags/example_branch_operator.py
[2025-11-22T10:19:34.380+0000] {processor.py:756} INFO - Processing file /home/airflow/.local/lib/python3.7/site-packages/airflow/example_dags/example_branch_operator.py for tasks to queue
[2025-11-22T10:19:34.381+0000] {logging_mixin.py:120} INFO - [2025-11-22T10:19:34.381+0000] {dagbag.py:537} INFO - Filling up the DagBag from /home/airflow/.local/lib/python3.7/site-packages/airflow/example_dags/example_branch_operator.py
[2025-11-22T10:19:34.409+0000] {processor.py:766} INFO - DAG(s) dict_keys(['example_branch_operator']) retrieved from /home/airflow/.local/lib/python3.7/site-packages/airflow/example_dags/example_branch_operator.py
[2025-11-22T10:19:34.480+0000] {logging_mixin.py:120} INFO - [2025-11-22T10:19:34.480+0000] {dag.py:2585} INFO - Sync 1 DAGs
[2025-11-22T10:19:34.520+0000] {logging_mixin.py:120} INFO - [2025-11-22T10:19:34.520+0000] {dag.py:3340} INFO - Setting next_dagrun for example_branch_operator to 2025-11-21T00:00:00+00:00, run_after=2025-11-22T00:00:00+00:00
[2025-11-22T10:19:34.567+0000] {processor.py:176} INFO - Processing /home/airflow/.local/lib/python3.7/site-packages/airflow/example_dags/example_branch_operator.py took 0.198 seconds
[2025-11-22T10:20:05.293+0000] {processor.py:154} INFO - Started process (PID=5044) to work on /home/airflow/.local/lib/python3.7/site-packages/airflow/example_dags/example_branch_operator.py
[2025-11-22T10:20:05.295+0000] {processor.py:756} INFO - Processing file /home/airflow/.local/lib/python3.7/site-packages/airflow/example_dags/example_branch_operator.py for tasks to queue
[2025-11-22T10:20:05.297+0000] {logging_mixin.py:120} INFO - [2025-11-22T10:20:05.296+0000] {dagbag.py:537} INFO - Filling up the DagBag from /home/airflow/.local/lib/python3.7/site-packages/airflow/example_dags/example_branch_operator.py
[2025-11-22T10:20:05.325+0000] {processor.py:766} INFO - DAG(s) dict_keys(['example_branch_operator']) retrieved from /home/airflow/.local/lib/python3.7/site-packages/airflow/example_dags/example_branch_operator.py
[2025-11-22T10:20:05.409+0000] {logging_mixin.py:120} INFO - [2025-11-22T10:20:05.409+0000] {dag.py:2585} INFO - Sync 1 DAGs
[2025-11-22T10:20:05.457+0000] {logging_mixin.py:120} INFO - [2025-11-22T10:20:05.457+0000] {dag.py:3340} INFO - Setting next_dagrun for example_branch_operator to 2025-11-21T00:00:00+00:00, run_after=2025-11-22T00:00:00+00:00
[2025-11-22T10:20:05.498+0000] {processor.py:176} INFO - Processing /home/airflow/.local/lib/python3.7/site-packages/airflow/example_dags/example_branch_operator.py took 0.209 seconds
[2025-11-22T10:20:35.929+0000] {processor.py:154} INFO - Started process (PID=5107) to work on /home/airflow/.local/lib/python3.7/site-packages/airflow/example_dags/example_branch_operator.py
[2025-11-22T10:20:35.931+0000] {processor.py:756} INFO - Processing file /home/airflow/.local/lib/python3.7/site-packages/airflow/example_dags/example_branch_operator.py for tasks to queue
[2025-11-22T10:20:35.933+0000] {logging_mixin.py:120} INFO - [2025-11-22T10:20:35.933+0000] {dagbag.py:537} INFO - Filling up the DagBag from /home/airflow/.local/lib/python3.7/site-packages/airflow/example_dags/example_branch_operator.py
[2025-11-22T10:20:35.968+0000] {processor.py:766} INFO - DAG(s) dict_keys(['example_branch_operator']) retrieved from /home/airflow/.local/lib/python3.7/site-packages/airflow/example_dags/example_branch_operator.py
[2025-11-22T10:20:36.037+0000] {logging_mixin.py:120} INFO - [2025-11-22T10:20:36.037+0000] {dag.py:2585} INFO - Sync 1 DAGs
[2025-11-22T10:20:36.093+0000] {logging_mixin.py:120} INFO - [2025-11-22T10:20:36.092+0000] {dag.py:3340} INFO - Setting next_dagrun for example_branch_operator to 2025-11-21T00:00:00+00:00, run_after=2025-11-22T00:00:00+00:00
[2025-11-22T10:20:36.128+0000] {processor.py:176} INFO - Processing /home/airflow/.local/lib/python3.7/site-packages/airflow/example_dags/example_branch_operator.py took 0.206 seconds
[2025-11-22T10:21:07.072+0000] {processor.py:154} INFO - Started process (PID=5171) to work on /home/airflow/.local/lib/python3.7/site-packages/airflow/example_dags/example_branch_operator.py
[2025-11-22T10:21:07.076+0000] {processor.py:756} INFO - Processing file /home/airflow/.local/lib/python3.7/site-packages/airflow/example_dags/example_branch_operator.py for tasks to queue
[2025-11-22T10:21:07.078+0000] {logging_mixin.py:120} INFO - [2025-11-22T10:21:07.078+0000] {dagbag.py:537} INFO - Filling up the DagBag from /home/airflow/.local/lib/python3.7/site-packages/airflow/example_dags/example_branch_operator.py
[2025-11-22T10:21:07.118+0000] {processor.py:766} INFO - DAG(s) dict_keys(['example_branch_operator']) retrieved from /home/airflow/.local/lib/python3.7/site-packages/airflow/example_dags/example_branch_operator.py
[2025-11-22T10:21:07.196+0000] {logging_mixin.py:120} INFO - [2025-11-22T10:21:07.196+0000] {dag.py:2585} INFO - Sync 1 DAGs
[2025-11-22T10:21:07.244+0000] {logging_mixin.py:120} INFO - [2025-11-22T10:21:07.244+0000] {dag.py:3340} INFO - Setting next_dagrun for example_branch_operator to 2025-11-21T00:00:00+00:00, run_after=2025-11-22T00:00:00+00:00
[2025-11-22T10:21:07.285+0000] {processor.py:176} INFO - Processing /home/airflow/.local/lib/python3.7/site-packages/airflow/example_dags/example_branch_operator.py took 0.220 seconds
[2025-11-22T10:21:37.345+0000] {processor.py:154} INFO - Started process (PID=5225) to work on /home/airflow/.local/lib/python3.7/site-packages/airflow/example_dags/example_branch_operator.py
[2025-11-22T10:21:37.347+0000] {processor.py:756} INFO - Processing file /home/airflow/.local/lib/python3.7/site-packages/airflow/example_dags/example_branch_operator.py for tasks to queue
[2025-11-22T10:21:37.349+0000] {logging_mixin.py:120} INFO - [2025-11-22T10:21:37.349+0000] {dagbag.py:537} INFO - Filling up the DagBag from /home/airflow/.local/lib/python3.7/site-packages/airflow/example_dags/example_branch_operator.py
[2025-11-22T10:21:37.394+0000] {processor.py:766} INFO - DAG(s) dict_keys(['example_branch_operator']) retrieved from /home/airflow/.local/lib/python3.7/site-packages/airflow/example_dags/example_branch_operator.py
[2025-11-22T10:21:37.488+0000] {logging_mixin.py:120} INFO - [2025-11-22T10:21:37.488+0000] {dag.py:2585} INFO - Sync 1 DAGs
[2025-11-22T10:21:37.543+0000] {logging_mixin.py:120} INFO - [2025-11-22T10:21:37.543+0000] {dag.py:3340} INFO - Setting next_dagrun for example_branch_operator to 2025-11-21T00:00:00+00:00, run_after=2025-11-22T00:00:00+00:00
[2025-11-22T10:21:37.586+0000] {processor.py:176} INFO - Processing /home/airflow/.local/lib/python3.7/site-packages/airflow/example_dags/example_branch_operator.py took 0.246 seconds
[2025-11-22T10:22:08.733+0000] {processor.py:154} INFO - Started process (PID=5291) to work on /home/airflow/.local/lib/python3.7/site-packages/airflow/example_dags/example_branch_operator.py
[2025-11-22T10:22:08.735+0000] {processor.py:756} INFO - Processing file /home/airflow/.local/lib/python3.7/site-packages/airflow/example_dags/example_branch_operator.py for tasks to queue
[2025-11-22T10:22:08.737+0000] {logging_mixin.py:120} INFO - [2025-11-22T10:22:08.737+0000] {dagbag.py:537} INFO - Filling up the DagBag from /home/airflow/.local/lib/python3.7/site-packages/airflow/example_dags/example_branch_operator.py
[2025-11-22T10:22:08.768+0000] {processor.py:766} INFO - DAG(s) dict_keys(['example_branch_operator']) retrieved from /home/airflow/.local/lib/python3.7/site-packages/airflow/example_dags/example_branch_operator.py
[2025-11-22T10:22:08.852+0000] {logging_mixin.py:120} INFO - [2025-11-22T10:22:08.852+0000] {dag.py:2585} INFO - Sync 1 DAGs
[2025-11-22T10:22:08.902+0000] {logging_mixin.py:120} INFO - [2025-11-22T10:22:08.901+0000] {dag.py:3340} INFO - Setting next_dagrun for example_branch_operator to 2025-11-21T00:00:00+00:00, run_after=2025-11-22T00:00:00+00:00
[2025-11-22T10:22:08.937+0000] {processor.py:176} INFO - Processing /home/airflow/.local/lib/python3.7/site-packages/airflow/example_dags/example_branch_operator.py took 0.210 seconds
[2025-11-22T10:22:39.231+0000] {processor.py:154} INFO - Started process (PID=5346) to work on /home/airflow/.local/lib/python3.7/site-packages/airflow/example_dags/example_branch_operator.py
[2025-11-22T10:22:39.233+0000] {processor.py:756} INFO - Processing file /home/airflow/.local/lib/python3.7/site-packages/airflow/example_dags/example_branch_operator.py for tasks to queue
[2025-11-22T10:22:39.234+0000] {logging_mixin.py:120} INFO - [2025-11-22T10:22:39.234+0000] {dagbag.py:537} INFO - Filling up the DagBag from /home/airflow/.local/lib/python3.7/site-packages/airflow/example_dags/example_branch_operator.py
[2025-11-22T10:22:39.278+0000] {processor.py:766} INFO - DAG(s) dict_keys(['example_branch_operator']) retrieved from /home/airflow/.local/lib/python3.7/site-packages/airflow/example_dags/example_branch_operator.py
[2025-11-22T10:22:39.354+0000] {logging_mixin.py:120} INFO - [2025-11-22T10:22:39.354+0000] {dag.py:2585} INFO - Sync 1 DAGs
[2025-11-22T10:22:39.404+0000] {logging_mixin.py:120} INFO - [2025-11-22T10:22:39.404+0000] {dag.py:3340} INFO - Setting next_dagrun for example_branch_operator to 2025-11-21T00:00:00+00:00, run_after=2025-11-22T00:00:00+00:00
[2025-11-22T10:22:39.446+0000] {processor.py:176} INFO - Processing /home/airflow/.local/lib/python3.7/site-packages/airflow/example_dags/example_branch_operator.py took 0.223 seconds
[2025-11-22T10:23:09.892+0000] {processor.py:154} INFO - Started process (PID=5410) to work on /home/airflow/.local/lib/python3.7/site-packages/airflow/example_dags/example_branch_operator.py
[2025-11-22T10:23:09.895+0000] {processor.py:756} INFO - Processing file /home/airflow/.local/lib/python3.7/site-packages/airflow/example_dags/example_branch_operator.py for tasks to queue
[2025-11-22T10:23:09.896+0000] {logging_mixin.py:120} INFO - [2025-11-22T10:23:09.896+0000] {dagbag.py:537} INFO - Filling up the DagBag from /home/airflow/.local/lib/python3.7/site-packages/airflow/example_dags/example_branch_operator.py
[2025-11-22T10:23:09.924+0000] {processor.py:766} INFO - DAG(s) dict_keys(['example_branch_operator']) retrieved from /home/airflow/.local/lib/python3.7/site-packages/airflow/example_dags/example_branch_operator.py
[2025-11-22T10:23:09.997+0000] {logging_mixin.py:120} INFO - [2025-11-22T10:23:09.997+0000] {dag.py:2585} INFO - Sync 1 DAGs
[2025-11-22T10:23:10.047+0000] {logging_mixin.py:120} INFO - [2025-11-22T10:23:10.047+0000] {dag.py:3340} INFO - Setting next_dagrun for example_branch_operator to 2025-11-21T00:00:00+00:00, run_after=2025-11-22T00:00:00+00:00
[2025-11-22T10:23:10.090+0000] {processor.py:176} INFO - Processing /home/airflow/.local/lib/python3.7/site-packages/airflow/example_dags/example_branch_operator.py took 0.204 seconds
[2025-11-22T10:23:40.677+0000] {processor.py:154} INFO - Started process (PID=5474) to work on /home/airflow/.local/lib/python3.7/site-packages/airflow/example_dags/example_branch_operator.py
[2025-11-22T10:23:40.679+0000] {processor.py:756} INFO - Processing file /home/airflow/.local/lib/python3.7/site-packages/airflow/example_dags/example_branch_operator.py for tasks to queue
[2025-11-22T10:23:40.681+0000] {logging_mixin.py:120} INFO - [2025-11-22T10:23:40.681+0000] {dagbag.py:537} INFO - Filling up the DagBag from /home/airflow/.local/lib/python3.7/site-packages/airflow/example_dags/example_branch_operator.py
[2025-11-22T10:23:40.709+0000] {processor.py:766} INFO - DAG(s) dict_keys(['example_branch_operator']) retrieved from /home/airflow/.local/lib/python3.7/site-packages/airflow/example_dags/example_branch_operator.py
[2025-11-22T10:23:40.776+0000] {logging_mixin.py:120} INFO - [2025-11-22T10:23:40.776+0000] {dag.py:2585} INFO - Sync 1 DAGs
[2025-11-22T10:23:40.818+0000] {logging_mixin.py:120} INFO - [2025-11-22T10:23:40.818+0000] {dag.py:3340} INFO - Setting next_dagrun for example_branch_operator to 2025-11-21T00:00:00+00:00, run_after=2025-11-22T00:00:00+00:00
[2025-11-22T10:23:40.860+0000] {processor.py:176} INFO - Processing /home/airflow/.local/lib/python3.7/site-packages/airflow/example_dags/example_branch_operator.py took 0.188 seconds
[2025-11-22T10:24:11.787+0000] {processor.py:154} INFO - Started process (PID=5529) to work on /home/airflow/.local/lib/python3.7/site-packages/airflow/example_dags/example_branch_operator.py
[2025-11-22T10:24:11.789+0000] {processor.py:756} INFO - Processing file /home/airflow/.local/lib/python3.7/site-packages/airflow/example_dags/example_branch_operator.py for tasks to queue
[2025-11-22T10:24:11.791+0000] {logging_mixin.py:120} INFO - [2025-11-22T10:24:11.791+0000] {dagbag.py:537} INFO - Filling up the DagBag from /home/airflow/.local/lib/python3.7/site-packages/airflow/example_dags/example_branch_operator.py
[2025-11-22T10:24:11.822+0000] {processor.py:766} INFO - DAG(s) dict_keys(['example_branch_operator']) retrieved from /home/airflow/.local/lib/python3.7/site-packages/airflow/example_dags/example_branch_operator.py
[2025-11-22T10:24:11.895+0000] {logging_mixin.py:120} INFO - [2025-11-22T10:24:11.895+0000] {dag.py:2585} INFO - Sync 1 DAGs
[2025-11-22T10:24:11.937+0000] {logging_mixin.py:120} INFO - [2025-11-22T10:24:11.937+0000] {dag.py:3340} INFO - Setting next_dagrun for example_branch_operator to 2025-11-21T00:00:00+00:00, run_after=2025-11-22T00:00:00+00:00
[2025-11-22T10:24:11.983+0000] {processor.py:176} INFO - Processing /home/airflow/.local/lib/python3.7/site-packages/airflow/example_dags/example_branch_operator.py took 0.202 seconds
[2025-11-22T10:24:42.845+0000] {processor.py:154} INFO - Started process (PID=5593) to work on /home/airflow/.local/lib/python3.7/site-packages/airflow/example_dags/example_branch_operator.py
[2025-11-22T10:24:42.847+0000] {processor.py:756} INFO - Processing file /home/airflow/.local/lib/python3.7/site-packages/airflow/example_dags/example_branch_operator.py for tasks to queue
[2025-11-22T10:24:42.850+0000] {logging_mixin.py:120} INFO - [2025-11-22T10:24:42.849+0000] {dagbag.py:537} INFO - Filling up the DagBag from /home/airflow/.local/lib/python3.7/site-packages/airflow/example_dags/example_branch_operator.py
[2025-11-22T10:24:42.889+0000] {processor.py:766} INFO - DAG(s) dict_keys(['example_branch_operator']) retrieved from /home/airflow/.local/lib/python3.7/site-packages/airflow/example_dags/example_branch_operator.py
[2025-11-22T10:24:42.985+0000] {logging_mixin.py:120} INFO - [2025-11-22T10:24:42.985+0000] {dag.py:2585} INFO - Sync 1 DAGs
[2025-11-22T10:24:43.029+0000] {logging_mixin.py:120} INFO - [2025-11-22T10:24:43.029+0000] {dag.py:3340} INFO - Setting next_dagrun for example_branch_operator to 2025-11-21T00:00:00+00:00, run_after=2025-11-22T00:00:00+00:00
[2025-11-22T10:24:43.072+0000] {processor.py:176} INFO - Processing /home/airflow/.local/lib/python3.7/site-packages/airflow/example_dags/example_branch_operator.py took 0.233 seconds
[2025-11-22T10:25:13.233+0000] {processor.py:154} INFO - Started process (PID=5656) to work on /home/airflow/.local/lib/python3.7/site-packages/airflow/example_dags/example_branch_operator.py
[2025-11-22T10:25:13.236+0000] {processor.py:756} INFO - Processing file /home/airflow/.local/lib/python3.7/site-packages/airflow/example_dags/example_branch_operator.py for tasks to queue
[2025-11-22T10:25:13.238+0000] {logging_mixin.py:120} INFO - [2025-11-22T10:25:13.237+0000] {dagbag.py:537} INFO - Filling up the DagBag from /home/airflow/.local/lib/python3.7/site-packages/airflow/example_dags/example_branch_operator.py
[2025-11-22T10:25:13.278+0000] {processor.py:766} INFO - DAG(s) dict_keys(['example_branch_operator']) retrieved from /home/airflow/.local/lib/python3.7/site-packages/airflow/example_dags/example_branch_operator.py
[2025-11-22T10:25:13.353+0000] {logging_mixin.py:120} INFO - [2025-11-22T10:25:13.352+0000] {dag.py:2585} INFO - Sync 1 DAGs
[2025-11-22T10:25:13.394+0000] {logging_mixin.py:120} INFO - [2025-11-22T10:25:13.393+0000] {dag.py:3340} INFO - Setting next_dagrun for example_branch_operator to 2025-11-21T00:00:00+00:00, run_after=2025-11-22T00:00:00+00:00
[2025-11-22T10:25:13.429+0000] {processor.py:176} INFO - Processing /home/airflow/.local/lib/python3.7/site-packages/airflow/example_dags/example_branch_operator.py took 0.201 seconds
[2025-11-22T10:25:44.098+0000] {processor.py:154} INFO - Started process (PID=5711) to work on /home/airflow/.local/lib/python3.7/site-packages/airflow/example_dags/example_branch_operator.py
[2025-11-22T10:25:44.101+0000] {processor.py:756} INFO - Processing file /home/airflow/.local/lib/python3.7/site-packages/airflow/example_dags/example_branch_operator.py for tasks to queue
[2025-11-22T10:25:44.102+0000] {logging_mixin.py:120} INFO - [2025-11-22T10:25:44.102+0000] {dagbag.py:537} INFO - Filling up the DagBag from /home/airflow/.local/lib/python3.7/site-packages/airflow/example_dags/example_branch_operator.py
[2025-11-22T10:25:44.133+0000] {processor.py:766} INFO - DAG(s) dict_keys(['example_branch_operator']) retrieved from /home/airflow/.local/lib/python3.7/site-packages/airflow/example_dags/example_branch_operator.py
[2025-11-22T10:25:44.204+0000] {logging_mixin.py:120} INFO - [2025-11-22T10:25:44.204+0000] {dag.py:2585} INFO - Sync 1 DAGs
[2025-11-22T10:25:44.251+0000] {logging_mixin.py:120} INFO - [2025-11-22T10:25:44.251+0000] {dag.py:3340} INFO - Setting next_dagrun for example_branch_operator to 2025-11-21T00:00:00+00:00, run_after=2025-11-22T00:00:00+00:00
[2025-11-22T10:25:44.286+0000] {processor.py:176} INFO - Processing /home/airflow/.local/lib/python3.7/site-packages/airflow/example_dags/example_branch_operator.py took 0.193 seconds
[2025-11-22T10:26:14.747+0000] {processor.py:154} INFO - Started process (PID=5775) to work on /home/airflow/.local/lib/python3.7/site-packages/airflow/example_dags/example_branch_operator.py
[2025-11-22T10:26:14.749+0000] {processor.py:756} INFO - Processing file /home/airflow/.local/lib/python3.7/site-packages/airflow/example_dags/example_branch_operator.py for tasks to queue
[2025-11-22T10:26:14.752+0000] {logging_mixin.py:120} INFO - [2025-11-22T10:26:14.751+0000] {dagbag.py:537} INFO - Filling up the DagBag from /home/airflow/.local/lib/python3.7/site-packages/airflow/example_dags/example_branch_operator.py
[2025-11-22T10:26:14.779+0000] {processor.py:766} INFO - DAG(s) dict_keys(['example_branch_operator']) retrieved from /home/airflow/.local/lib/python3.7/site-packages/airflow/example_dags/example_branch_operator.py
[2025-11-22T10:26:14.858+0000] {logging_mixin.py:120} INFO - [2025-11-22T10:26:14.858+0000] {dag.py:2585} INFO - Sync 1 DAGs
[2025-11-22T10:26:14.899+0000] {logging_mixin.py:120} INFO - [2025-11-22T10:26:14.898+0000] {dag.py:3340} INFO - Setting next_dagrun for example_branch_operator to 2025-11-21T00:00:00+00:00, run_after=2025-11-22T00:00:00+00:00
[2025-11-22T10:26:14.937+0000] {processor.py:176} INFO - Processing /home/airflow/.local/lib/python3.7/site-packages/airflow/example_dags/example_branch_operator.py took 0.198 seconds
[2025-11-22T10:26:45.280+0000] {processor.py:154} INFO - Started process (PID=5832) to work on /home/airflow/.local/lib/python3.7/site-packages/airflow/example_dags/example_branch_operator.py
[2025-11-22T10:26:45.283+0000] {processor.py:756} INFO - Processing file /home/airflow/.local/lib/python3.7/site-packages/airflow/example_dags/example_branch_operator.py for tasks to queue
[2025-11-22T10:26:45.285+0000] {logging_mixin.py:120} INFO - [2025-11-22T10:26:45.285+0000] {dagbag.py:537} INFO - Filling up the DagBag from /home/airflow/.local/lib/python3.7/site-packages/airflow/example_dags/example_branch_operator.py
[2025-11-22T10:26:45.328+0000] {processor.py:766} INFO - DAG(s) dict_keys(['example_branch_operator']) retrieved from /home/airflow/.local/lib/python3.7/site-packages/airflow/example_dags/example_branch_operator.py
[2025-11-22T10:26:45.428+0000] {logging_mixin.py:120} INFO - [2025-11-22T10:26:45.428+0000] {dag.py:2585} INFO - Sync 1 DAGs
[2025-11-22T10:26:45.492+0000] {logging_mixin.py:120} INFO - [2025-11-22T10:26:45.492+0000] {dag.py:3340} INFO - Setting next_dagrun for example_branch_operator to 2025-11-21T00:00:00+00:00, run_after=2025-11-22T00:00:00+00:00
[2025-11-22T10:26:45.558+0000] {processor.py:176} INFO - Processing /home/airflow/.local/lib/python3.7/site-packages/airflow/example_dags/example_branch_operator.py took 0.289 seconds
[2025-11-22T10:27:15.756+0000] {processor.py:154} INFO - Started process (PID=5895) to work on /home/airflow/.local/lib/python3.7/site-packages/airflow/example_dags/example_branch_operator.py
[2025-11-22T10:27:15.759+0000] {processor.py:756} INFO - Processing file /home/airflow/.local/lib/python3.7/site-packages/airflow/example_dags/example_branch_operator.py for tasks to queue
[2025-11-22T10:27:15.761+0000] {logging_mixin.py:120} INFO - [2025-11-22T10:27:15.760+0000] {dagbag.py:537} INFO - Filling up the DagBag from /home/airflow/.local/lib/python3.7/site-packages/airflow/example_dags/example_branch_operator.py
[2025-11-22T10:27:15.791+0000] {processor.py:766} INFO - DAG(s) dict_keys(['example_branch_operator']) retrieved from /home/airflow/.local/lib/python3.7/site-packages/airflow/example_dags/example_branch_operator.py
[2025-11-22T10:27:15.865+0000] {logging_mixin.py:120} INFO - [2025-11-22T10:27:15.865+0000] {dag.py:2585} INFO - Sync 1 DAGs
[2025-11-22T10:27:15.915+0000] {logging_mixin.py:120} INFO - [2025-11-22T10:27:15.915+0000] {dag.py:3340} INFO - Setting next_dagrun for example_branch_operator to 2025-11-21T00:00:00+00:00, run_after=2025-11-22T00:00:00+00:00
[2025-11-22T10:27:15.957+0000] {processor.py:176} INFO - Processing /home/airflow/.local/lib/python3.7/site-packages/airflow/example_dags/example_branch_operator.py took 0.208 seconds
[2025-11-22T10:27:46.587+0000] {processor.py:154} INFO - Started process (PID=5950) to work on /home/airflow/.local/lib/python3.7/site-packages/airflow/example_dags/example_branch_operator.py
[2025-11-22T10:27:46.591+0000] {processor.py:756} INFO - Processing file /home/airflow/.local/lib/python3.7/site-packages/airflow/example_dags/example_branch_operator.py for tasks to queue
[2025-11-22T10:27:46.593+0000] {logging_mixin.py:120} INFO - [2025-11-22T10:27:46.593+0000] {dagbag.py:537} INFO - Filling up the DagBag from /home/airflow/.local/lib/python3.7/site-packages/airflow/example_dags/example_branch_operator.py
[2025-11-22T10:27:46.645+0000] {processor.py:766} INFO - DAG(s) dict_keys(['example_branch_operator']) retrieved from /home/airflow/.local/lib/python3.7/site-packages/airflow/example_dags/example_branch_operator.py
[2025-11-22T10:27:46.745+0000] {logging_mixin.py:120} INFO - [2025-11-22T10:27:46.745+0000] {dag.py:2585} INFO - Sync 1 DAGs
[2025-11-22T10:27:46.788+0000] {logging_mixin.py:120} INFO - [2025-11-22T10:27:46.787+0000] {dag.py:3340} INFO - Setting next_dagrun for example_branch_operator to 2025-11-21T00:00:00+00:00, run_after=2025-11-22T00:00:00+00:00
[2025-11-22T10:27:46.823+0000] {processor.py:176} INFO - Processing /home/airflow/.local/lib/python3.7/site-packages/airflow/example_dags/example_branch_operator.py took 0.243 seconds
[2025-11-22T10:28:17.022+0000] {processor.py:154} INFO - Started process (PID=6014) to work on /home/airflow/.local/lib/python3.7/site-packages/airflow/example_dags/example_branch_operator.py
[2025-11-22T10:28:17.024+0000] {processor.py:756} INFO - Processing file /home/airflow/.local/lib/python3.7/site-packages/airflow/example_dags/example_branch_operator.py for tasks to queue
[2025-11-22T10:28:17.025+0000] {logging_mixin.py:120} INFO - [2025-11-22T10:28:17.025+0000] {dagbag.py:537} INFO - Filling up the DagBag from /home/airflow/.local/lib/python3.7/site-packages/airflow/example_dags/example_branch_operator.py
[2025-11-22T10:28:17.060+0000] {processor.py:766} INFO - DAG(s) dict_keys(['example_branch_operator']) retrieved from /home/airflow/.local/lib/python3.7/site-packages/airflow/example_dags/example_branch_operator.py
[2025-11-22T10:28:17.141+0000] {logging_mixin.py:120} INFO - [2025-11-22T10:28:17.141+0000] {dag.py:2585} INFO - Sync 1 DAGs
[2025-11-22T10:28:17.183+0000] {logging_mixin.py:120} INFO - [2025-11-22T10:28:17.183+0000] {dag.py:3340} INFO - Setting next_dagrun for example_branch_operator to 2025-11-21T00:00:00+00:00, run_after=2025-11-22T00:00:00+00:00
[2025-11-22T10:28:17.225+0000] {processor.py:176} INFO - Processing /home/airflow/.local/lib/python3.7/site-packages/airflow/example_dags/example_branch_operator.py took 0.208 seconds
[2025-11-22T10:28:47.446+0000] {processor.py:154} INFO - Started process (PID=6077) to work on /home/airflow/.local/lib/python3.7/site-packages/airflow/example_dags/example_branch_operator.py
[2025-11-22T10:28:47.448+0000] {processor.py:756} INFO - Processing file /home/airflow/.local/lib/python3.7/site-packages/airflow/example_dags/example_branch_operator.py for tasks to queue
[2025-11-22T10:28:47.450+0000] {logging_mixin.py:120} INFO - [2025-11-22T10:28:47.449+0000] {dagbag.py:537} INFO - Filling up the DagBag from /home/airflow/.local/lib/python3.7/site-packages/airflow/example_dags/example_branch_operator.py
[2025-11-22T10:28:47.480+0000] {processor.py:766} INFO - DAG(s) dict_keys(['example_branch_operator']) retrieved from /home/airflow/.local/lib/python3.7/site-packages/airflow/example_dags/example_branch_operator.py
[2025-11-22T10:28:47.545+0000] {logging_mixin.py:120} INFO - [2025-11-22T10:28:47.544+0000] {dag.py:2585} INFO - Sync 1 DAGs
[2025-11-22T10:28:47.604+0000] {logging_mixin.py:120} INFO - [2025-11-22T10:28:47.604+0000] {dag.py:3340} INFO - Setting next_dagrun for example_branch_operator to 2025-11-21T00:00:00+00:00, run_after=2025-11-22T00:00:00+00:00
[2025-11-22T10:28:47.647+0000] {processor.py:176} INFO - Processing /home/airflow/.local/lib/python3.7/site-packages/airflow/example_dags/example_branch_operator.py took 0.206 seconds
[2025-11-22T10:29:18.200+0000] {processor.py:154} INFO - Started process (PID=6132) to work on /home/airflow/.local/lib/python3.7/site-packages/airflow/example_dags/example_branch_operator.py
[2025-11-22T10:29:18.211+0000] {processor.py:756} INFO - Processing file /home/airflow/.local/lib/python3.7/site-packages/airflow/example_dags/example_branch_operator.py for tasks to queue
[2025-11-22T10:29:18.213+0000] {logging_mixin.py:120} INFO - [2025-11-22T10:29:18.213+0000] {dagbag.py:537} INFO - Filling up the DagBag from /home/airflow/.local/lib/python3.7/site-packages/airflow/example_dags/example_branch_operator.py
[2025-11-22T10:29:18.300+0000] {processor.py:766} INFO - DAG(s) dict_keys(['example_branch_operator']) retrieved from /home/airflow/.local/lib/python3.7/site-packages/airflow/example_dags/example_branch_operator.py
[2025-11-22T10:29:18.414+0000] {logging_mixin.py:120} INFO - [2025-11-22T10:29:18.413+0000] {dag.py:2585} INFO - Sync 1 DAGs
[2025-11-22T10:29:18.486+0000] {logging_mixin.py:120} INFO - [2025-11-22T10:29:18.485+0000] {dag.py:3340} INFO - Setting next_dagrun for example_branch_operator to 2025-11-21T00:00:00+00:00, run_after=2025-11-22T00:00:00+00:00
[2025-11-22T10:29:18.552+0000] {processor.py:176} INFO - Processing /home/airflow/.local/lib/python3.7/site-packages/airflow/example_dags/example_branch_operator.py took 0.358 seconds
[2025-11-22T10:29:49.031+0000] {processor.py:154} INFO - Started process (PID=6195) to work on /home/airflow/.local/lib/python3.7/site-packages/airflow/example_dags/example_branch_operator.py
[2025-11-22T10:29:49.033+0000] {processor.py:756} INFO - Processing file /home/airflow/.local/lib/python3.7/site-packages/airflow/example_dags/example_branch_operator.py for tasks to queue
[2025-11-22T10:29:49.035+0000] {logging_mixin.py:120} INFO - [2025-11-22T10:29:49.035+0000] {dagbag.py:537} INFO - Filling up the DagBag from /home/airflow/.local/lib/python3.7/site-packages/airflow/example_dags/example_branch_operator.py
[2025-11-22T10:29:49.076+0000] {processor.py:766} INFO - DAG(s) dict_keys(['example_branch_operator']) retrieved from /home/airflow/.local/lib/python3.7/site-packages/airflow/example_dags/example_branch_operator.py
[2025-11-22T10:29:49.241+0000] {logging_mixin.py:120} INFO - [2025-11-22T10:29:49.240+0000] {dag.py:2585} INFO - Sync 1 DAGs
[2025-11-22T10:29:49.289+0000] {logging_mixin.py:120} INFO - [2025-11-22T10:29:49.289+0000] {dag.py:3340} INFO - Setting next_dagrun for example_branch_operator to 2025-11-21T00:00:00+00:00, run_after=2025-11-22T00:00:00+00:00
[2025-11-22T10:29:49.329+0000] {processor.py:176} INFO - Processing /home/airflow/.local/lib/python3.7/site-packages/airflow/example_dags/example_branch_operator.py took 0.308 seconds
[2025-11-22T10:30:19.527+0000] {processor.py:154} INFO - Started process (PID=6250) to work on /home/airflow/.local/lib/python3.7/site-packages/airflow/example_dags/example_branch_operator.py
[2025-11-22T10:30:19.534+0000] {processor.py:756} INFO - Processing file /home/airflow/.local/lib/python3.7/site-packages/airflow/example_dags/example_branch_operator.py for tasks to queue
[2025-11-22T10:30:19.537+0000] {logging_mixin.py:120} INFO - [2025-11-22T10:30:19.537+0000] {dagbag.py:537} INFO - Filling up the DagBag from /home/airflow/.local/lib/python3.7/site-packages/airflow/example_dags/example_branch_operator.py
[2025-11-22T10:30:19.586+0000] {processor.py:766} INFO - DAG(s) dict_keys(['example_branch_operator']) retrieved from /home/airflow/.local/lib/python3.7/site-packages/airflow/example_dags/example_branch_operator.py
[2025-11-22T10:30:19.694+0000] {logging_mixin.py:120} INFO - [2025-11-22T10:30:19.694+0000] {dag.py:2585} INFO - Sync 1 DAGs
[2025-11-22T10:30:19.762+0000] {logging_mixin.py:120} INFO - [2025-11-22T10:30:19.762+0000] {dag.py:3340} INFO - Setting next_dagrun for example_branch_operator to 2025-11-21T00:00:00+00:00, run_after=2025-11-22T00:00:00+00:00
[2025-11-22T10:30:19.829+0000] {processor.py:176} INFO - Processing /home/airflow/.local/lib/python3.7/site-packages/airflow/example_dags/example_branch_operator.py took 0.307 seconds
[2025-11-22T10:30:50.411+0000] {processor.py:154} INFO - Started process (PID=6316) to work on /home/airflow/.local/lib/python3.7/site-packages/airflow/example_dags/example_branch_operator.py
[2025-11-22T10:30:50.415+0000] {processor.py:756} INFO - Processing file /home/airflow/.local/lib/python3.7/site-packages/airflow/example_dags/example_branch_operator.py for tasks to queue
[2025-11-22T10:30:50.416+0000] {logging_mixin.py:120} INFO - [2025-11-22T10:30:50.416+0000] {dagbag.py:537} INFO - Filling up the DagBag from /home/airflow/.local/lib/python3.7/site-packages/airflow/example_dags/example_branch_operator.py
[2025-11-22T10:30:50.449+0000] {processor.py:766} INFO - DAG(s) dict_keys(['example_branch_operator']) retrieved from /home/airflow/.local/lib/python3.7/site-packages/airflow/example_dags/example_branch_operator.py
[2025-11-22T10:30:50.531+0000] {logging_mixin.py:120} INFO - [2025-11-22T10:30:50.531+0000] {dag.py:2585} INFO - Sync 1 DAGs
[2025-11-22T10:30:50.588+0000] {logging_mixin.py:120} INFO - [2025-11-22T10:30:50.588+0000] {dag.py:3340} INFO - Setting next_dagrun for example_branch_operator to 2025-11-21T00:00:00+00:00, run_after=2025-11-22T00:00:00+00:00
[2025-11-22T10:30:50.630+0000] {processor.py:176} INFO - Processing /home/airflow/.local/lib/python3.7/site-packages/airflow/example_dags/example_branch_operator.py took 0.224 seconds
[2025-11-22T10:31:21.062+0000] {processor.py:154} INFO - Started process (PID=6379) to work on /home/airflow/.local/lib/python3.7/site-packages/airflow/example_dags/example_branch_operator.py
[2025-11-22T10:31:21.064+0000] {processor.py:756} INFO - Processing file /home/airflow/.local/lib/python3.7/site-packages/airflow/example_dags/example_branch_operator.py for tasks to queue
[2025-11-22T10:31:21.066+0000] {logging_mixin.py:120} INFO - [2025-11-22T10:31:21.066+0000] {dagbag.py:537} INFO - Filling up the DagBag from /home/airflow/.local/lib/python3.7/site-packages/airflow/example_dags/example_branch_operator.py
[2025-11-22T10:31:21.104+0000] {processor.py:766} INFO - DAG(s) dict_keys(['example_branch_operator']) retrieved from /home/airflow/.local/lib/python3.7/site-packages/airflow/example_dags/example_branch_operator.py
[2025-11-22T10:31:21.189+0000] {logging_mixin.py:120} INFO - [2025-11-22T10:31:21.189+0000] {dag.py:2585} INFO - Sync 1 DAGs
[2025-11-22T10:31:21.245+0000] {logging_mixin.py:120} INFO - [2025-11-22T10:31:21.245+0000] {dag.py:3340} INFO - Setting next_dagrun for example_branch_operator to 2025-11-21T00:00:00+00:00, run_after=2025-11-22T00:00:00+00:00
[2025-11-22T10:31:21.294+0000] {processor.py:176} INFO - Processing /home/airflow/.local/lib/python3.7/site-packages/airflow/example_dags/example_branch_operator.py took 0.241 seconds
[2025-11-22T10:31:51.613+0000] {processor.py:154} INFO - Started process (PID=6434) to work on /home/airflow/.local/lib/python3.7/site-packages/airflow/example_dags/example_branch_operator.py
[2025-11-22T10:31:51.615+0000] {processor.py:756} INFO - Processing file /home/airflow/.local/lib/python3.7/site-packages/airflow/example_dags/example_branch_operator.py for tasks to queue
[2025-11-22T10:31:51.617+0000] {logging_mixin.py:120} INFO - [2025-11-22T10:31:51.617+0000] {dagbag.py:537} INFO - Filling up the DagBag from /home/airflow/.local/lib/python3.7/site-packages/airflow/example_dags/example_branch_operator.py
[2025-11-22T10:31:51.656+0000] {processor.py:766} INFO - DAG(s) dict_keys(['example_branch_operator']) retrieved from /home/airflow/.local/lib/python3.7/site-packages/airflow/example_dags/example_branch_operator.py
[2025-11-22T10:31:51.742+0000] {logging_mixin.py:120} INFO - [2025-11-22T10:31:51.742+0000] {dag.py:2585} INFO - Sync 1 DAGs
[2025-11-22T10:31:51.800+0000] {logging_mixin.py:120} INFO - [2025-11-22T10:31:51.799+0000] {dag.py:3340} INFO - Setting next_dagrun for example_branch_operator to 2025-11-21T00:00:00+00:00, run_after=2025-11-22T00:00:00+00:00
[2025-11-22T10:31:51.844+0000] {processor.py:176} INFO - Processing /home/airflow/.local/lib/python3.7/site-packages/airflow/example_dags/example_branch_operator.py took 0.237 seconds
[2025-11-22T10:32:22.233+0000] {processor.py:154} INFO - Started process (PID=6498) to work on /home/airflow/.local/lib/python3.7/site-packages/airflow/example_dags/example_branch_operator.py
[2025-11-22T10:32:22.236+0000] {processor.py:756} INFO - Processing file /home/airflow/.local/lib/python3.7/site-packages/airflow/example_dags/example_branch_operator.py for tasks to queue
[2025-11-22T10:32:22.238+0000] {logging_mixin.py:120} INFO - [2025-11-22T10:32:22.238+0000] {dagbag.py:537} INFO - Filling up the DagBag from /home/airflow/.local/lib/python3.7/site-packages/airflow/example_dags/example_branch_operator.py
[2025-11-22T10:32:22.272+0000] {processor.py:766} INFO - DAG(s) dict_keys(['example_branch_operator']) retrieved from /home/airflow/.local/lib/python3.7/site-packages/airflow/example_dags/example_branch_operator.py
[2025-11-22T10:32:22.354+0000] {logging_mixin.py:120} INFO - [2025-11-22T10:32:22.354+0000] {dag.py:2585} INFO - Sync 1 DAGs
[2025-11-22T10:32:22.405+0000] {logging_mixin.py:120} INFO - [2025-11-22T10:32:22.404+0000] {dag.py:3340} INFO - Setting next_dagrun for example_branch_operator to 2025-11-21T00:00:00+00:00, run_after=2025-11-22T00:00:00+00:00
[2025-11-22T10:32:22.446+0000] {processor.py:176} INFO - Processing /home/airflow/.local/lib/python3.7/site-packages/airflow/example_dags/example_branch_operator.py took 0.218 seconds
[2025-11-22T10:32:52.688+0000] {processor.py:154} INFO - Started process (PID=6553) to work on /home/airflow/.local/lib/python3.7/site-packages/airflow/example_dags/example_branch_operator.py
[2025-11-22T10:32:52.690+0000] {processor.py:756} INFO - Processing file /home/airflow/.local/lib/python3.7/site-packages/airflow/example_dags/example_branch_operator.py for tasks to queue
[2025-11-22T10:32:52.691+0000] {logging_mixin.py:120} INFO - [2025-11-22T10:32:52.691+0000] {dagbag.py:537} INFO - Filling up the DagBag from /home/airflow/.local/lib/python3.7/site-packages/airflow/example_dags/example_branch_operator.py
[2025-11-22T10:32:52.718+0000] {processor.py:766} INFO - DAG(s) dict_keys(['example_branch_operator']) retrieved from /home/airflow/.local/lib/python3.7/site-packages/airflow/example_dags/example_branch_operator.py
[2025-11-22T10:32:52.811+0000] {logging_mixin.py:120} INFO - [2025-11-22T10:32:52.811+0000] {dag.py:2585} INFO - Sync 1 DAGs
[2025-11-22T10:32:52.885+0000] {logging_mixin.py:120} INFO - [2025-11-22T10:32:52.884+0000] {dag.py:3340} INFO - Setting next_dagrun for example_branch_operator to 2025-11-21T00:00:00+00:00, run_after=2025-11-22T00:00:00+00:00
[2025-11-22T10:32:52.936+0000] {processor.py:176} INFO - Processing /home/airflow/.local/lib/python3.7/site-packages/airflow/example_dags/example_branch_operator.py took 0.255 seconds
[2025-11-22T10:33:23.532+0000] {processor.py:154} INFO - Started process (PID=6617) to work on /home/airflow/.local/lib/python3.7/site-packages/airflow/example_dags/example_branch_operator.py
[2025-11-22T10:33:23.534+0000] {processor.py:756} INFO - Processing file /home/airflow/.local/lib/python3.7/site-packages/airflow/example_dags/example_branch_operator.py for tasks to queue
[2025-11-22T10:33:23.536+0000] {logging_mixin.py:120} INFO - [2025-11-22T10:33:23.536+0000] {dagbag.py:537} INFO - Filling up the DagBag from /home/airflow/.local/lib/python3.7/site-packages/airflow/example_dags/example_branch_operator.py
[2025-11-22T10:33:23.585+0000] {processor.py:766} INFO - DAG(s) dict_keys(['example_branch_operator']) retrieved from /home/airflow/.local/lib/python3.7/site-packages/airflow/example_dags/example_branch_operator.py
[2025-11-22T10:33:23.657+0000] {logging_mixin.py:120} INFO - [2025-11-22T10:33:23.656+0000] {dag.py:2585} INFO - Sync 1 DAGs
[2025-11-22T10:33:23.702+0000] {logging_mixin.py:120} INFO - [2025-11-22T10:33:23.702+0000] {dag.py:3340} INFO - Setting next_dagrun for example_branch_operator to 2025-11-21T00:00:00+00:00, run_after=2025-11-22T00:00:00+00:00
[2025-11-22T10:33:23.743+0000] {processor.py:176} INFO - Processing /home/airflow/.local/lib/python3.7/site-packages/airflow/example_dags/example_branch_operator.py took 0.217 seconds
[2025-11-22T10:33:54.229+0000] {processor.py:154} INFO - Started process (PID=6672) to work on /home/airflow/.local/lib/python3.7/site-packages/airflow/example_dags/example_branch_operator.py
[2025-11-22T10:33:54.231+0000] {processor.py:756} INFO - Processing file /home/airflow/.local/lib/python3.7/site-packages/airflow/example_dags/example_branch_operator.py for tasks to queue
[2025-11-22T10:33:54.232+0000] {logging_mixin.py:120} INFO - [2025-11-22T10:33:54.232+0000] {dagbag.py:537} INFO - Filling up the DagBag from /home/airflow/.local/lib/python3.7/site-packages/airflow/example_dags/example_branch_operator.py
[2025-11-22T10:33:54.264+0000] {processor.py:766} INFO - DAG(s) dict_keys(['example_branch_operator']) retrieved from /home/airflow/.local/lib/python3.7/site-packages/airflow/example_dags/example_branch_operator.py
[2025-11-22T10:33:54.335+0000] {logging_mixin.py:120} INFO - [2025-11-22T10:33:54.335+0000] {dag.py:2585} INFO - Sync 1 DAGs
[2025-11-22T10:33:54.382+0000] {logging_mixin.py:120} INFO - [2025-11-22T10:33:54.382+0000] {dag.py:3340} INFO - Setting next_dagrun for example_branch_operator to 2025-11-21T00:00:00+00:00, run_after=2025-11-22T00:00:00+00:00
[2025-11-22T10:33:54.419+0000] {processor.py:176} INFO - Processing /home/airflow/.local/lib/python3.7/site-packages/airflow/example_dags/example_branch_operator.py took 0.196 seconds
[2025-11-22T10:34:24.675+0000] {processor.py:154} INFO - Started process (PID=6736) to work on /home/airflow/.local/lib/python3.7/site-packages/airflow/example_dags/example_branch_operator.py
[2025-11-22T10:34:24.677+0000] {processor.py:756} INFO - Processing file /home/airflow/.local/lib/python3.7/site-packages/airflow/example_dags/example_branch_operator.py for tasks to queue
[2025-11-22T10:34:24.678+0000] {logging_mixin.py:120} INFO - [2025-11-22T10:34:24.678+0000] {dagbag.py:537} INFO - Filling up the DagBag from /home/airflow/.local/lib/python3.7/site-packages/airflow/example_dags/example_branch_operator.py
[2025-11-22T10:34:24.710+0000] {processor.py:766} INFO - DAG(s) dict_keys(['example_branch_operator']) retrieved from /home/airflow/.local/lib/python3.7/site-packages/airflow/example_dags/example_branch_operator.py
[2025-11-22T10:34:24.786+0000] {logging_mixin.py:120} INFO - [2025-11-22T10:34:24.786+0000] {dag.py:2585} INFO - Sync 1 DAGs
[2025-11-22T10:34:24.824+0000] {logging_mixin.py:120} INFO - [2025-11-22T10:34:24.824+0000] {dag.py:3340} INFO - Setting next_dagrun for example_branch_operator to 2025-11-21T00:00:00+00:00, run_after=2025-11-22T00:00:00+00:00
[2025-11-22T10:34:24.864+0000] {processor.py:176} INFO - Processing /home/airflow/.local/lib/python3.7/site-packages/airflow/example_dags/example_branch_operator.py took 0.196 seconds
[2025-11-22T10:34:55.238+0000] {processor.py:154} INFO - Started process (PID=6798) to work on /home/airflow/.local/lib/python3.7/site-packages/airflow/example_dags/example_branch_operator.py
[2025-11-22T10:34:55.240+0000] {processor.py:756} INFO - Processing file /home/airflow/.local/lib/python3.7/site-packages/airflow/example_dags/example_branch_operator.py for tasks to queue
[2025-11-22T10:34:55.243+0000] {logging_mixin.py:120} INFO - [2025-11-22T10:34:55.242+0000] {dagbag.py:537} INFO - Filling up the DagBag from /home/airflow/.local/lib/python3.7/site-packages/airflow/example_dags/example_branch_operator.py
[2025-11-22T10:34:55.273+0000] {processor.py:766} INFO - DAG(s) dict_keys(['example_branch_operator']) retrieved from /home/airflow/.local/lib/python3.7/site-packages/airflow/example_dags/example_branch_operator.py
[2025-11-22T10:34:55.351+0000] {logging_mixin.py:120} INFO - [2025-11-22T10:34:55.350+0000] {dag.py:2585} INFO - Sync 1 DAGs
[2025-11-22T10:34:55.405+0000] {logging_mixin.py:120} INFO - [2025-11-22T10:34:55.404+0000] {dag.py:3340} INFO - Setting next_dagrun for example_branch_operator to 2025-11-21T00:00:00+00:00, run_after=2025-11-22T00:00:00+00:00
[2025-11-22T10:34:55.446+0000] {processor.py:176} INFO - Processing /home/airflow/.local/lib/python3.7/site-packages/airflow/example_dags/example_branch_operator.py took 0.216 seconds
[2025-11-22T10:35:25.850+0000] {processor.py:154} INFO - Started process (PID=6854) to work on /home/airflow/.local/lib/python3.7/site-packages/airflow/example_dags/example_branch_operator.py
[2025-11-22T10:35:25.852+0000] {processor.py:756} INFO - Processing file /home/airflow/.local/lib/python3.7/site-packages/airflow/example_dags/example_branch_operator.py for tasks to queue
[2025-11-22T10:35:25.853+0000] {logging_mixin.py:120} INFO - [2025-11-22T10:35:25.853+0000] {dagbag.py:537} INFO - Filling up the DagBag from /home/airflow/.local/lib/python3.7/site-packages/airflow/example_dags/example_branch_operator.py
[2025-11-22T10:35:25.882+0000] {processor.py:766} INFO - DAG(s) dict_keys(['example_branch_operator']) retrieved from /home/airflow/.local/lib/python3.7/site-packages/airflow/example_dags/example_branch_operator.py
[2025-11-22T10:35:25.971+0000] {logging_mixin.py:120} INFO - [2025-11-22T10:35:25.971+0000] {dag.py:2585} INFO - Sync 1 DAGs
[2025-11-22T10:35:26.014+0000] {logging_mixin.py:120} INFO - [2025-11-22T10:35:26.014+0000] {dag.py:3340} INFO - Setting next_dagrun for example_branch_operator to 2025-11-21T00:00:00+00:00, run_after=2025-11-22T00:00:00+00:00
[2025-11-22T10:35:26.051+0000] {processor.py:176} INFO - Processing /home/airflow/.local/lib/python3.7/site-packages/airflow/example_dags/example_branch_operator.py took 0.208 seconds
[2025-11-22T10:35:56.951+0000] {processor.py:154} INFO - Started process (PID=6918) to work on /home/airflow/.local/lib/python3.7/site-packages/airflow/example_dags/example_branch_operator.py
[2025-11-22T10:35:56.953+0000] {processor.py:756} INFO - Processing file /home/airflow/.local/lib/python3.7/site-packages/airflow/example_dags/example_branch_operator.py for tasks to queue
[2025-11-22T10:35:56.955+0000] {logging_mixin.py:120} INFO - [2025-11-22T10:35:56.954+0000] {dagbag.py:537} INFO - Filling up the DagBag from /home/airflow/.local/lib/python3.7/site-packages/airflow/example_dags/example_branch_operator.py
[2025-11-22T10:35:57.004+0000] {processor.py:766} INFO - DAG(s) dict_keys(['example_branch_operator']) retrieved from /home/airflow/.local/lib/python3.7/site-packages/airflow/example_dags/example_branch_operator.py
[2025-11-22T10:35:57.089+0000] {logging_mixin.py:120} INFO - [2025-11-22T10:35:57.088+0000] {dag.py:2585} INFO - Sync 1 DAGs
[2025-11-22T10:35:57.136+0000] {logging_mixin.py:120} INFO - [2025-11-22T10:35:57.135+0000] {dag.py:3340} INFO - Setting next_dagrun for example_branch_operator to 2025-11-21T00:00:00+00:00, run_after=2025-11-22T00:00:00+00:00
[2025-11-22T10:35:57.169+0000] {processor.py:176} INFO - Processing /home/airflow/.local/lib/python3.7/site-packages/airflow/example_dags/example_branch_operator.py took 0.223 seconds
[2025-11-22T10:36:27.864+0000] {processor.py:154} INFO - Started process (PID=6973) to work on /home/airflow/.local/lib/python3.7/site-packages/airflow/example_dags/example_branch_operator.py
[2025-11-22T10:36:27.865+0000] {processor.py:756} INFO - Processing file /home/airflow/.local/lib/python3.7/site-packages/airflow/example_dags/example_branch_operator.py for tasks to queue
[2025-11-22T10:36:27.867+0000] {logging_mixin.py:120} INFO - [2025-11-22T10:36:27.867+0000] {dagbag.py:537} INFO - Filling up the DagBag from /home/airflow/.local/lib/python3.7/site-packages/airflow/example_dags/example_branch_operator.py
[2025-11-22T10:36:27.899+0000] {processor.py:766} INFO - DAG(s) dict_keys(['example_branch_operator']) retrieved from /home/airflow/.local/lib/python3.7/site-packages/airflow/example_dags/example_branch_operator.py
[2025-11-22T10:36:27.964+0000] {logging_mixin.py:120} INFO - [2025-11-22T10:36:27.964+0000] {dag.py:2585} INFO - Sync 1 DAGs
[2025-11-22T10:36:28.002+0000] {logging_mixin.py:120} INFO - [2025-11-22T10:36:28.002+0000] {dag.py:3340} INFO - Setting next_dagrun for example_branch_operator to 2025-11-21T00:00:00+00:00, run_after=2025-11-22T00:00:00+00:00
[2025-11-22T10:36:28.037+0000] {processor.py:176} INFO - Processing /home/airflow/.local/lib/python3.7/site-packages/airflow/example_dags/example_branch_operator.py took 0.179 seconds
[2025-11-22T10:36:58.342+0000] {processor.py:154} INFO - Started process (PID=7037) to work on /home/airflow/.local/lib/python3.7/site-packages/airflow/example_dags/example_branch_operator.py
[2025-11-22T10:36:58.343+0000] {processor.py:756} INFO - Processing file /home/airflow/.local/lib/python3.7/site-packages/airflow/example_dags/example_branch_operator.py for tasks to queue
[2025-11-22T10:36:58.345+0000] {logging_mixin.py:120} INFO - [2025-11-22T10:36:58.344+0000] {dagbag.py:537} INFO - Filling up the DagBag from /home/airflow/.local/lib/python3.7/site-packages/airflow/example_dags/example_branch_operator.py
[2025-11-22T10:36:58.378+0000] {processor.py:766} INFO - DAG(s) dict_keys(['example_branch_operator']) retrieved from /home/airflow/.local/lib/python3.7/site-packages/airflow/example_dags/example_branch_operator.py
[2025-11-22T10:36:58.457+0000] {logging_mixin.py:120} INFO - [2025-11-22T10:36:58.457+0000] {dag.py:2585} INFO - Sync 1 DAGs
[2025-11-22T10:36:58.499+0000] {logging_mixin.py:120} INFO - [2025-11-22T10:36:58.499+0000] {dag.py:3340} INFO - Setting next_dagrun for example_branch_operator to 2025-11-21T00:00:00+00:00, run_after=2025-11-22T00:00:00+00:00
[2025-11-22T10:36:58.539+0000] {processor.py:176} INFO - Processing /home/airflow/.local/lib/python3.7/site-packages/airflow/example_dags/example_branch_operator.py took 0.202 seconds
[2025-11-22T10:44:47.195+0000] {processor.py:154} INFO - Started process (PID=7101) to work on /home/airflow/.local/lib/python3.7/site-packages/airflow/example_dags/example_branch_operator.py
[2025-11-22T10:44:47.218+0000] {processor.py:756} INFO - Processing file /home/airflow/.local/lib/python3.7/site-packages/airflow/example_dags/example_branch_operator.py for tasks to queue
[2025-11-22T10:44:47.220+0000] {logging_mixin.py:120} INFO - [2025-11-22T10:44:47.220+0000] {dagbag.py:537} INFO - Filling up the DagBag from /home/airflow/.local/lib/python3.7/site-packages/airflow/example_dags/example_branch_operator.py
[2025-11-22T10:44:47.449+0000] {processor.py:766} INFO - DAG(s) dict_keys(['example_branch_operator']) retrieved from /home/airflow/.local/lib/python3.7/site-packages/airflow/example_dags/example_branch_operator.py
[2025-11-22T10:44:47.765+0000] {logging_mixin.py:120} INFO - [2025-11-22T10:44:47.765+0000] {dag.py:2585} INFO - Sync 1 DAGs
[2025-11-22T10:44:47.923+0000] {logging_mixin.py:120} INFO - [2025-11-22T10:44:47.922+0000] {dag.py:3340} INFO - Setting next_dagrun for example_branch_operator to 2025-11-21T00:00:00+00:00, run_after=2025-11-22T00:00:00+00:00
[2025-11-22T10:44:48.011+0000] {processor.py:176} INFO - Processing /home/airflow/.local/lib/python3.7/site-packages/airflow/example_dags/example_branch_operator.py took 0.836 seconds
[2025-11-22T10:45:18.483+0000] {processor.py:154} INFO - Started process (PID=7156) to work on /home/airflow/.local/lib/python3.7/site-packages/airflow/example_dags/example_branch_operator.py
[2025-11-22T10:45:18.495+0000] {processor.py:756} INFO - Processing file /home/airflow/.local/lib/python3.7/site-packages/airflow/example_dags/example_branch_operator.py for tasks to queue
[2025-11-22T10:45:18.498+0000] {logging_mixin.py:120} INFO - [2025-11-22T10:45:18.497+0000] {dagbag.py:537} INFO - Filling up the DagBag from /home/airflow/.local/lib/python3.7/site-packages/airflow/example_dags/example_branch_operator.py
[2025-11-22T10:45:18.606+0000] {processor.py:766} INFO - DAG(s) dict_keys(['example_branch_operator']) retrieved from /home/airflow/.local/lib/python3.7/site-packages/airflow/example_dags/example_branch_operator.py
[2025-11-22T10:45:18.895+0000] {logging_mixin.py:120} INFO - [2025-11-22T10:45:18.890+0000] {dag.py:2585} INFO - Sync 1 DAGs
[2025-11-22T10:45:19.152+0000] {logging_mixin.py:120} INFO - [2025-11-22T10:45:19.152+0000] {dag.py:3340} INFO - Setting next_dagrun for example_branch_operator to 2025-11-21T00:00:00+00:00, run_after=2025-11-22T00:00:00+00:00
[2025-11-22T10:45:19.363+0000] {processor.py:176} INFO - Processing /home/airflow/.local/lib/python3.7/site-packages/airflow/example_dags/example_branch_operator.py took 0.888 seconds
[2025-11-22T10:45:49.580+0000] {processor.py:154} INFO - Started process (PID=7211) to work on /home/airflow/.local/lib/python3.7/site-packages/airflow/example_dags/example_branch_operator.py
[2025-11-22T10:45:49.582+0000] {processor.py:756} INFO - Processing file /home/airflow/.local/lib/python3.7/site-packages/airflow/example_dags/example_branch_operator.py for tasks to queue
[2025-11-22T10:45:49.584+0000] {logging_mixin.py:120} INFO - [2025-11-22T10:45:49.584+0000] {dagbag.py:537} INFO - Filling up the DagBag from /home/airflow/.local/lib/python3.7/site-packages/airflow/example_dags/example_branch_operator.py
[2025-11-22T10:45:49.670+0000] {processor.py:766} INFO - DAG(s) dict_keys(['example_branch_operator']) retrieved from /home/airflow/.local/lib/python3.7/site-packages/airflow/example_dags/example_branch_operator.py
[2025-11-22T10:45:49.967+0000] {logging_mixin.py:120} INFO - [2025-11-22T10:45:49.967+0000] {dag.py:2585} INFO - Sync 1 DAGs
[2025-11-22T10:45:50.082+0000] {logging_mixin.py:120} INFO - [2025-11-22T10:45:50.082+0000] {dag.py:3340} INFO - Setting next_dagrun for example_branch_operator to 2025-11-21T00:00:00+00:00, run_after=2025-11-22T00:00:00+00:00
[2025-11-22T10:45:50.133+0000] {processor.py:176} INFO - Processing /home/airflow/.local/lib/python3.7/site-packages/airflow/example_dags/example_branch_operator.py took 0.566 seconds
[2025-11-22T10:46:20.447+0000] {processor.py:154} INFO - Started process (PID=7271) to work on /home/airflow/.local/lib/python3.7/site-packages/airflow/example_dags/example_branch_operator.py
[2025-11-22T10:46:20.460+0000] {processor.py:756} INFO - Processing file /home/airflow/.local/lib/python3.7/site-packages/airflow/example_dags/example_branch_operator.py for tasks to queue
[2025-11-22T10:46:20.470+0000] {logging_mixin.py:120} INFO - [2025-11-22T10:46:20.468+0000] {dagbag.py:537} INFO - Filling up the DagBag from /home/airflow/.local/lib/python3.7/site-packages/airflow/example_dags/example_branch_operator.py
[2025-11-22T10:46:20.669+0000] {processor.py:766} INFO - DAG(s) dict_keys(['example_branch_operator']) retrieved from /home/airflow/.local/lib/python3.7/site-packages/airflow/example_dags/example_branch_operator.py
[2025-11-22T10:46:20.969+0000] {logging_mixin.py:120} INFO - [2025-11-22T10:46:20.968+0000] {dag.py:2585} INFO - Sync 1 DAGs
[2025-11-22T10:46:21.073+0000] {logging_mixin.py:120} INFO - [2025-11-22T10:46:21.072+0000] {dag.py:3340} INFO - Setting next_dagrun for example_branch_operator to 2025-11-21T00:00:00+00:00, run_after=2025-11-22T00:00:00+00:00
[2025-11-22T10:46:21.122+0000] {processor.py:176} INFO - Processing /home/airflow/.local/lib/python3.7/site-packages/airflow/example_dags/example_branch_operator.py took 0.706 seconds
[2025-11-22T10:46:52.051+0000] {processor.py:154} INFO - Started process (PID=7328) to work on /home/airflow/.local/lib/python3.7/site-packages/airflow/example_dags/example_branch_operator.py
[2025-11-22T10:46:52.056+0000] {processor.py:756} INFO - Processing file /home/airflow/.local/lib/python3.7/site-packages/airflow/example_dags/example_branch_operator.py for tasks to queue
[2025-11-22T10:46:52.058+0000] {logging_mixin.py:120} INFO - [2025-11-22T10:46:52.058+0000] {dagbag.py:537} INFO - Filling up the DagBag from /home/airflow/.local/lib/python3.7/site-packages/airflow/example_dags/example_branch_operator.py
[2025-11-22T10:46:52.109+0000] {processor.py:766} INFO - DAG(s) dict_keys(['example_branch_operator']) retrieved from /home/airflow/.local/lib/python3.7/site-packages/airflow/example_dags/example_branch_operator.py
[2025-11-22T10:46:52.232+0000] {logging_mixin.py:120} INFO - [2025-11-22T10:46:52.232+0000] {dag.py:2585} INFO - Sync 1 DAGs
[2025-11-22T10:46:52.336+0000] {logging_mixin.py:120} INFO - [2025-11-22T10:46:52.336+0000] {dag.py:3340} INFO - Setting next_dagrun for example_branch_operator to 2025-11-21T00:00:00+00:00, run_after=2025-11-22T00:00:00+00:00
[2025-11-22T10:46:52.395+0000] {processor.py:176} INFO - Processing /home/airflow/.local/lib/python3.7/site-packages/airflow/example_dags/example_branch_operator.py took 0.349 seconds
[2025-11-22T10:47:22.534+0000] {processor.py:154} INFO - Started process (PID=7383) to work on /home/airflow/.local/lib/python3.7/site-packages/airflow/example_dags/example_branch_operator.py
[2025-11-22T10:47:22.535+0000] {processor.py:756} INFO - Processing file /home/airflow/.local/lib/python3.7/site-packages/airflow/example_dags/example_branch_operator.py for tasks to queue
[2025-11-22T10:47:22.538+0000] {logging_mixin.py:120} INFO - [2025-11-22T10:47:22.538+0000] {dagbag.py:537} INFO - Filling up the DagBag from /home/airflow/.local/lib/python3.7/site-packages/airflow/example_dags/example_branch_operator.py
[2025-11-22T10:47:22.592+0000] {processor.py:766} INFO - DAG(s) dict_keys(['example_branch_operator']) retrieved from /home/airflow/.local/lib/python3.7/site-packages/airflow/example_dags/example_branch_operator.py
[2025-11-22T10:47:22.699+0000] {logging_mixin.py:120} INFO - [2025-11-22T10:47:22.699+0000] {dag.py:2585} INFO - Sync 1 DAGs
[2025-11-22T10:47:22.756+0000] {logging_mixin.py:120} INFO - [2025-11-22T10:47:22.756+0000] {dag.py:3340} INFO - Setting next_dagrun for example_branch_operator to 2025-11-21T00:00:00+00:00, run_after=2025-11-22T00:00:00+00:00
[2025-11-22T10:47:22.794+0000] {processor.py:176} INFO - Processing /home/airflow/.local/lib/python3.7/site-packages/airflow/example_dags/example_branch_operator.py took 0.264 seconds
[2025-11-22T10:47:53.012+0000] {processor.py:154} INFO - Started process (PID=7438) to work on /home/airflow/.local/lib/python3.7/site-packages/airflow/example_dags/example_branch_operator.py
[2025-11-22T10:47:53.014+0000] {processor.py:756} INFO - Processing file /home/airflow/.local/lib/python3.7/site-packages/airflow/example_dags/example_branch_operator.py for tasks to queue
[2025-11-22T10:47:53.016+0000] {logging_mixin.py:120} INFO - [2025-11-22T10:47:53.016+0000] {dagbag.py:537} INFO - Filling up the DagBag from /home/airflow/.local/lib/python3.7/site-packages/airflow/example_dags/example_branch_operator.py
[2025-11-22T10:47:53.057+0000] {processor.py:766} INFO - DAG(s) dict_keys(['example_branch_operator']) retrieved from /home/airflow/.local/lib/python3.7/site-packages/airflow/example_dags/example_branch_operator.py
[2025-11-22T10:47:53.123+0000] {logging_mixin.py:120} INFO - [2025-11-22T10:47:53.122+0000] {dag.py:2585} INFO - Sync 1 DAGs
[2025-11-22T10:47:53.179+0000] {logging_mixin.py:120} INFO - [2025-11-22T10:47:53.179+0000] {dag.py:3340} INFO - Setting next_dagrun for example_branch_operator to 2025-11-21T00:00:00+00:00, run_after=2025-11-22T00:00:00+00:00
[2025-11-22T10:47:53.227+0000] {processor.py:176} INFO - Processing /home/airflow/.local/lib/python3.7/site-packages/airflow/example_dags/example_branch_operator.py took 0.220 seconds
[2025-11-22T10:48:23.668+0000] {processor.py:154} INFO - Started process (PID=7504) to work on /home/airflow/.local/lib/python3.7/site-packages/airflow/example_dags/example_branch_operator.py
[2025-11-22T10:48:23.672+0000] {processor.py:756} INFO - Processing file /home/airflow/.local/lib/python3.7/site-packages/airflow/example_dags/example_branch_operator.py for tasks to queue
[2025-11-22T10:48:23.674+0000] {logging_mixin.py:120} INFO - [2025-11-22T10:48:23.673+0000] {dagbag.py:537} INFO - Filling up the DagBag from /home/airflow/.local/lib/python3.7/site-packages/airflow/example_dags/example_branch_operator.py
[2025-11-22T10:48:23.734+0000] {processor.py:766} INFO - DAG(s) dict_keys(['example_branch_operator']) retrieved from /home/airflow/.local/lib/python3.7/site-packages/airflow/example_dags/example_branch_operator.py
[2025-11-22T10:48:23.858+0000] {logging_mixin.py:120} INFO - [2025-11-22T10:48:23.857+0000] {dag.py:2585} INFO - Sync 1 DAGs
[2025-11-22T10:48:23.933+0000] {logging_mixin.py:120} INFO - [2025-11-22T10:48:23.932+0000] {dag.py:3340} INFO - Setting next_dagrun for example_branch_operator to 2025-11-21T00:00:00+00:00, run_after=2025-11-22T00:00:00+00:00
[2025-11-22T10:48:23.995+0000] {processor.py:176} INFO - Processing /home/airflow/.local/lib/python3.7/site-packages/airflow/example_dags/example_branch_operator.py took 0.338 seconds
[2025-11-22T12:14:00.364+0000] {processor.py:154} INFO - Started process (PID=68) to work on /home/airflow/.local/lib/python3.7/site-packages/airflow/example_dags/example_branch_operator.py
[2025-11-22T12:14:00.373+0000] {processor.py:756} INFO - Processing file /home/airflow/.local/lib/python3.7/site-packages/airflow/example_dags/example_branch_operator.py for tasks to queue
[2025-11-22T12:14:00.383+0000] {logging_mixin.py:120} INFO - [2025-11-22T12:14:00.383+0000] {dagbag.py:537} INFO - Filling up the DagBag from /home/airflow/.local/lib/python3.7/site-packages/airflow/example_dags/example_branch_operator.py
[2025-11-22T12:14:00.462+0000] {processor.py:766} INFO - DAG(s) dict_keys(['example_branch_operator']) retrieved from /home/airflow/.local/lib/python3.7/site-packages/airflow/example_dags/example_branch_operator.py
[2025-11-22T12:14:00.723+0000] {logging_mixin.py:120} INFO - [2025-11-22T12:14:00.723+0000] {dag.py:2585} INFO - Sync 1 DAGs
[2025-11-22T12:14:00.903+0000] {logging_mixin.py:120} INFO - [2025-11-22T12:14:00.903+0000] {dag.py:3340} INFO - Setting next_dagrun for example_branch_operator to 2025-11-21T00:00:00+00:00, run_after=2025-11-22T00:00:00+00:00
[2025-11-22T12:14:00.990+0000] {processor.py:176} INFO - Processing /home/airflow/.local/lib/python3.7/site-packages/airflow/example_dags/example_branch_operator.py took 0.655 seconds
[2025-11-22T12:14:49.327+0000] {processor.py:154} INFO - Started process (PID=130) to work on /home/airflow/.local/lib/python3.7/site-packages/airflow/example_dags/example_branch_operator.py
[2025-11-22T12:14:49.331+0000] {processor.py:756} INFO - Processing file /home/airflow/.local/lib/python3.7/site-packages/airflow/example_dags/example_branch_operator.py for tasks to queue
[2025-11-22T12:14:49.336+0000] {logging_mixin.py:120} INFO - [2025-11-22T12:14:49.335+0000] {dagbag.py:537} INFO - Filling up the DagBag from /home/airflow/.local/lib/python3.7/site-packages/airflow/example_dags/example_branch_operator.py
[2025-11-22T12:14:49.504+0000] {processor.py:766} INFO - DAG(s) dict_keys(['example_branch_operator']) retrieved from /home/airflow/.local/lib/python3.7/site-packages/airflow/example_dags/example_branch_operator.py
[2025-11-22T12:14:49.819+0000] {logging_mixin.py:120} INFO - [2025-11-22T12:14:49.819+0000] {dag.py:2585} INFO - Sync 1 DAGs
[2025-11-22T12:14:50.161+0000] {logging_mixin.py:120} INFO - [2025-11-22T12:14:50.161+0000] {dag.py:3340} INFO - Setting next_dagrun for example_branch_operator to 2025-11-21T00:00:00+00:00, run_after=2025-11-22T00:00:00+00:00
[2025-11-22T12:14:50.391+0000] {processor.py:176} INFO - Processing /home/airflow/.local/lib/python3.7/site-packages/airflow/example_dags/example_branch_operator.py took 1.101 seconds
[2025-11-22T12:15:20.721+0000] {processor.py:154} INFO - Started process (PID=179) to work on /home/airflow/.local/lib/python3.7/site-packages/airflow/example_dags/example_branch_operator.py
[2025-11-22T12:15:20.726+0000] {processor.py:756} INFO - Processing file /home/airflow/.local/lib/python3.7/site-packages/airflow/example_dags/example_branch_operator.py for tasks to queue
[2025-11-22T12:15:20.729+0000] {logging_mixin.py:120} INFO - [2025-11-22T12:15:20.728+0000] {dagbag.py:537} INFO - Filling up the DagBag from /home/airflow/.local/lib/python3.7/site-packages/airflow/example_dags/example_branch_operator.py
[2025-11-22T12:15:20.818+0000] {processor.py:766} INFO - DAG(s) dict_keys(['example_branch_operator']) retrieved from /home/airflow/.local/lib/python3.7/site-packages/airflow/example_dags/example_branch_operator.py
[2025-11-22T12:15:20.978+0000] {logging_mixin.py:120} INFO - [2025-11-22T12:15:20.977+0000] {dag.py:2585} INFO - Sync 1 DAGs
[2025-11-22T12:15:21.058+0000] {logging_mixin.py:120} INFO - [2025-11-22T12:15:21.058+0000] {dag.py:3340} INFO - Setting next_dagrun for example_branch_operator to 2025-11-21T00:00:00+00:00, run_after=2025-11-22T00:00:00+00:00
[2025-11-22T12:15:21.606+0000] {processor.py:176} INFO - Processing /home/airflow/.local/lib/python3.7/site-packages/airflow/example_dags/example_branch_operator.py took 0.891 seconds
[2025-11-22T12:15:51.775+0000] {processor.py:154} INFO - Started process (PID=234) to work on /home/airflow/.local/lib/python3.7/site-packages/airflow/example_dags/example_branch_operator.py
[2025-11-22T12:15:51.777+0000] {processor.py:756} INFO - Processing file /home/airflow/.local/lib/python3.7/site-packages/airflow/example_dags/example_branch_operator.py for tasks to queue
[2025-11-22T12:15:51.778+0000] {logging_mixin.py:120} INFO - [2025-11-22T12:15:51.778+0000] {dagbag.py:537} INFO - Filling up the DagBag from /home/airflow/.local/lib/python3.7/site-packages/airflow/example_dags/example_branch_operator.py
[2025-11-22T12:15:51.808+0000] {processor.py:766} INFO - DAG(s) dict_keys(['example_branch_operator']) retrieved from /home/airflow/.local/lib/python3.7/site-packages/airflow/example_dags/example_branch_operator.py
[2025-11-22T12:15:51.870+0000] {logging_mixin.py:120} INFO - [2025-11-22T12:15:51.869+0000] {dag.py:2585} INFO - Sync 1 DAGs
[2025-11-22T12:15:51.902+0000] {logging_mixin.py:120} INFO - [2025-11-22T12:15:51.902+0000] {dag.py:3340} INFO - Setting next_dagrun for example_branch_operator to 2025-11-21T00:00:00+00:00, run_after=2025-11-22T00:00:00+00:00
[2025-11-22T12:15:51.930+0000] {processor.py:176} INFO - Processing /home/airflow/.local/lib/python3.7/site-packages/airflow/example_dags/example_branch_operator.py took 0.159 seconds
[2025-11-22T12:16:23.650+0000] {processor.py:154} INFO - Started process (PID=297) to work on /home/airflow/.local/lib/python3.7/site-packages/airflow/example_dags/example_branch_operator.py
[2025-11-22T12:16:23.658+0000] {processor.py:756} INFO - Processing file /home/airflow/.local/lib/python3.7/site-packages/airflow/example_dags/example_branch_operator.py for tasks to queue
[2025-11-22T12:16:23.661+0000] {logging_mixin.py:120} INFO - [2025-11-22T12:16:23.661+0000] {dagbag.py:537} INFO - Filling up the DagBag from /home/airflow/.local/lib/python3.7/site-packages/airflow/example_dags/example_branch_operator.py
[2025-11-22T12:16:23.780+0000] {processor.py:766} INFO - DAG(s) dict_keys(['example_branch_operator']) retrieved from /home/airflow/.local/lib/python3.7/site-packages/airflow/example_dags/example_branch_operator.py
[2025-11-22T12:16:24.046+0000] {logging_mixin.py:120} INFO - [2025-11-22T12:16:24.045+0000] {dag.py:2585} INFO - Sync 1 DAGs
[2025-11-22T12:16:24.142+0000] {logging_mixin.py:120} INFO - [2025-11-22T12:16:24.142+0000] {dag.py:3340} INFO - Setting next_dagrun for example_branch_operator to 2025-11-21T00:00:00+00:00, run_after=2025-11-22T00:00:00+00:00
[2025-11-22T12:16:24.233+0000] {processor.py:176} INFO - Processing /home/airflow/.local/lib/python3.7/site-packages/airflow/example_dags/example_branch_operator.py took 0.599 seconds
[2025-11-22T12:16:54.429+0000] {processor.py:154} INFO - Started process (PID=351) to work on /home/airflow/.local/lib/python3.7/site-packages/airflow/example_dags/example_branch_operator.py
[2025-11-22T12:16:54.431+0000] {processor.py:756} INFO - Processing file /home/airflow/.local/lib/python3.7/site-packages/airflow/example_dags/example_branch_operator.py for tasks to queue
[2025-11-22T12:16:54.432+0000] {logging_mixin.py:120} INFO - [2025-11-22T12:16:54.432+0000] {dagbag.py:537} INFO - Filling up the DagBag from /home/airflow/.local/lib/python3.7/site-packages/airflow/example_dags/example_branch_operator.py
[2025-11-22T12:16:54.463+0000] {processor.py:766} INFO - DAG(s) dict_keys(['example_branch_operator']) retrieved from /home/airflow/.local/lib/python3.7/site-packages/airflow/example_dags/example_branch_operator.py
[2025-11-22T12:16:54.527+0000] {logging_mixin.py:120} INFO - [2025-11-22T12:16:54.527+0000] {dag.py:2585} INFO - Sync 1 DAGs
[2025-11-22T12:16:54.565+0000] {logging_mixin.py:120} INFO - [2025-11-22T12:16:54.565+0000] {dag.py:3340} INFO - Setting next_dagrun for example_branch_operator to 2025-11-21T00:00:00+00:00, run_after=2025-11-22T00:00:00+00:00
[2025-11-22T12:16:54.600+0000] {processor.py:176} INFO - Processing /home/airflow/.local/lib/python3.7/site-packages/airflow/example_dags/example_branch_operator.py took 0.175 seconds
[2025-11-22T12:17:24.721+0000] {processor.py:154} INFO - Started process (PID=407) to work on /home/airflow/.local/lib/python3.7/site-packages/airflow/example_dags/example_branch_operator.py
[2025-11-22T12:17:24.723+0000] {processor.py:756} INFO - Processing file /home/airflow/.local/lib/python3.7/site-packages/airflow/example_dags/example_branch_operator.py for tasks to queue
[2025-11-22T12:17:24.725+0000] {logging_mixin.py:120} INFO - [2025-11-22T12:17:24.725+0000] {dagbag.py:537} INFO - Filling up the DagBag from /home/airflow/.local/lib/python3.7/site-packages/airflow/example_dags/example_branch_operator.py
[2025-11-22T12:17:24.760+0000] {processor.py:766} INFO - DAG(s) dict_keys(['example_branch_operator']) retrieved from /home/airflow/.local/lib/python3.7/site-packages/airflow/example_dags/example_branch_operator.py
[2025-11-22T12:17:24.848+0000] {logging_mixin.py:120} INFO - [2025-11-22T12:17:24.848+0000] {dag.py:2585} INFO - Sync 1 DAGs
[2025-11-22T12:17:24.930+0000] {logging_mixin.py:120} INFO - [2025-11-22T12:17:24.930+0000] {dag.py:3340} INFO - Setting next_dagrun for example_branch_operator to 2025-11-21T00:00:00+00:00, run_after=2025-11-22T00:00:00+00:00
[2025-11-22T12:17:24.981+0000] {processor.py:176} INFO - Processing /home/airflow/.local/lib/python3.7/site-packages/airflow/example_dags/example_branch_operator.py took 0.265 seconds
[2025-11-22T12:17:55.147+0000] {processor.py:154} INFO - Started process (PID=472) to work on /home/airflow/.local/lib/python3.7/site-packages/airflow/example_dags/example_branch_operator.py
[2025-11-22T12:17:55.148+0000] {processor.py:756} INFO - Processing file /home/airflow/.local/lib/python3.7/site-packages/airflow/example_dags/example_branch_operator.py for tasks to queue
[2025-11-22T12:17:55.149+0000] {logging_mixin.py:120} INFO - [2025-11-22T12:17:55.149+0000] {dagbag.py:537} INFO - Filling up the DagBag from /home/airflow/.local/lib/python3.7/site-packages/airflow/example_dags/example_branch_operator.py
[2025-11-22T12:17:55.174+0000] {processor.py:766} INFO - DAG(s) dict_keys(['example_branch_operator']) retrieved from /home/airflow/.local/lib/python3.7/site-packages/airflow/example_dags/example_branch_operator.py
[2025-11-22T12:17:55.256+0000] {logging_mixin.py:120} INFO - [2025-11-22T12:17:55.255+0000] {dag.py:2585} INFO - Sync 1 DAGs
[2025-11-22T12:17:55.324+0000] {logging_mixin.py:120} INFO - [2025-11-22T12:17:55.323+0000] {dag.py:3340} INFO - Setting next_dagrun for example_branch_operator to 2025-11-21T00:00:00+00:00, run_after=2025-11-22T00:00:00+00:00
[2025-11-22T12:17:55.349+0000] {processor.py:176} INFO - Processing /home/airflow/.local/lib/python3.7/site-packages/airflow/example_dags/example_branch_operator.py took 0.206 seconds
[2025-11-22T12:18:26.466+0000] {processor.py:154} INFO - Started process (PID=527) to work on /home/airflow/.local/lib/python3.7/site-packages/airflow/example_dags/example_branch_operator.py
[2025-11-22T12:18:26.471+0000] {processor.py:756} INFO - Processing file /home/airflow/.local/lib/python3.7/site-packages/airflow/example_dags/example_branch_operator.py for tasks to queue
[2025-11-22T12:18:26.473+0000] {logging_mixin.py:120} INFO - [2025-11-22T12:18:26.473+0000] {dagbag.py:537} INFO - Filling up the DagBag from /home/airflow/.local/lib/python3.7/site-packages/airflow/example_dags/example_branch_operator.py
[2025-11-22T12:18:26.503+0000] {processor.py:766} INFO - DAG(s) dict_keys(['example_branch_operator']) retrieved from /home/airflow/.local/lib/python3.7/site-packages/airflow/example_dags/example_branch_operator.py
[2025-11-22T12:18:26.603+0000] {logging_mixin.py:120} INFO - [2025-11-22T12:18:26.603+0000] {dag.py:2585} INFO - Sync 1 DAGs
[2025-11-22T12:18:26.656+0000] {logging_mixin.py:120} INFO - [2025-11-22T12:18:26.656+0000] {dag.py:3340} INFO - Setting next_dagrun for example_branch_operator to 2025-11-21T00:00:00+00:00, run_after=2025-11-22T00:00:00+00:00
[2025-11-22T12:18:26.699+0000] {processor.py:176} INFO - Processing /home/airflow/.local/lib/python3.7/site-packages/airflow/example_dags/example_branch_operator.py took 0.236 seconds
[2025-11-22T12:18:57.700+0000] {processor.py:154} INFO - Started process (PID=590) to work on /home/airflow/.local/lib/python3.7/site-packages/airflow/example_dags/example_branch_operator.py
[2025-11-22T12:18:57.702+0000] {processor.py:756} INFO - Processing file /home/airflow/.local/lib/python3.7/site-packages/airflow/example_dags/example_branch_operator.py for tasks to queue
[2025-11-22T12:18:57.703+0000] {logging_mixin.py:120} INFO - [2025-11-22T12:18:57.703+0000] {dagbag.py:537} INFO - Filling up the DagBag from /home/airflow/.local/lib/python3.7/site-packages/airflow/example_dags/example_branch_operator.py
[2025-11-22T12:18:57.738+0000] {processor.py:766} INFO - DAG(s) dict_keys(['example_branch_operator']) retrieved from /home/airflow/.local/lib/python3.7/site-packages/airflow/example_dags/example_branch_operator.py
[2025-11-22T12:18:57.808+0000] {logging_mixin.py:120} INFO - [2025-11-22T12:18:57.807+0000] {dag.py:2585} INFO - Sync 1 DAGs
[2025-11-22T12:18:57.894+0000] {logging_mixin.py:120} INFO - [2025-11-22T12:18:57.894+0000] {dag.py:3340} INFO - Setting next_dagrun for example_branch_operator to 2025-11-21T00:00:00+00:00, run_after=2025-11-22T00:00:00+00:00
[2025-11-22T12:18:57.926+0000] {processor.py:176} INFO - Processing /home/airflow/.local/lib/python3.7/site-packages/airflow/example_dags/example_branch_operator.py took 0.233 seconds
[2025-11-22T12:19:28.810+0000] {processor.py:154} INFO - Started process (PID=651) to work on /home/airflow/.local/lib/python3.7/site-packages/airflow/example_dags/example_branch_operator.py
[2025-11-22T12:19:28.812+0000] {processor.py:756} INFO - Processing file /home/airflow/.local/lib/python3.7/site-packages/airflow/example_dags/example_branch_operator.py for tasks to queue
[2025-11-22T12:19:28.817+0000] {logging_mixin.py:120} INFO - [2025-11-22T12:19:28.816+0000] {dagbag.py:537} INFO - Filling up the DagBag from /home/airflow/.local/lib/python3.7/site-packages/airflow/example_dags/example_branch_operator.py
[2025-11-22T12:19:28.861+0000] {processor.py:766} INFO - DAG(s) dict_keys(['example_branch_operator']) retrieved from /home/airflow/.local/lib/python3.7/site-packages/airflow/example_dags/example_branch_operator.py
[2025-11-22T12:19:28.947+0000] {logging_mixin.py:120} INFO - [2025-11-22T12:19:28.947+0000] {dag.py:2585} INFO - Sync 1 DAGs
[2025-11-22T12:19:28.994+0000] {logging_mixin.py:120} INFO - [2025-11-22T12:19:28.994+0000] {dag.py:3340} INFO - Setting next_dagrun for example_branch_operator to 2025-11-21T00:00:00+00:00, run_after=2025-11-22T00:00:00+00:00
[2025-11-22T12:19:29.028+0000] {processor.py:176} INFO - Processing /home/airflow/.local/lib/python3.7/site-packages/airflow/example_dags/example_branch_operator.py took 0.233 seconds
[2025-11-22T12:19:59.679+0000] {processor.py:154} INFO - Started process (PID=707) to work on /home/airflow/.local/lib/python3.7/site-packages/airflow/example_dags/example_branch_operator.py
[2025-11-22T12:19:59.681+0000] {processor.py:756} INFO - Processing file /home/airflow/.local/lib/python3.7/site-packages/airflow/example_dags/example_branch_operator.py for tasks to queue
[2025-11-22T12:19:59.682+0000] {logging_mixin.py:120} INFO - [2025-11-22T12:19:59.682+0000] {dagbag.py:537} INFO - Filling up the DagBag from /home/airflow/.local/lib/python3.7/site-packages/airflow/example_dags/example_branch_operator.py
[2025-11-22T12:19:59.733+0000] {processor.py:766} INFO - DAG(s) dict_keys(['example_branch_operator']) retrieved from /home/airflow/.local/lib/python3.7/site-packages/airflow/example_dags/example_branch_operator.py
[2025-11-22T12:19:59.787+0000] {logging_mixin.py:120} INFO - [2025-11-22T12:19:59.787+0000] {dag.py:2585} INFO - Sync 1 DAGs
[2025-11-22T12:19:59.819+0000] {logging_mixin.py:120} INFO - [2025-11-22T12:19:59.819+0000] {dag.py:3340} INFO - Setting next_dagrun for example_branch_operator to 2025-11-21T00:00:00+00:00, run_after=2025-11-22T00:00:00+00:00
[2025-11-22T12:19:59.844+0000] {processor.py:176} INFO - Processing /home/airflow/.local/lib/python3.7/site-packages/airflow/example_dags/example_branch_operator.py took 0.175 seconds
[2025-11-22T12:20:30.167+0000] {processor.py:154} INFO - Started process (PID=762) to work on /home/airflow/.local/lib/python3.7/site-packages/airflow/example_dags/example_branch_operator.py
[2025-11-22T12:20:30.168+0000] {processor.py:756} INFO - Processing file /home/airflow/.local/lib/python3.7/site-packages/airflow/example_dags/example_branch_operator.py for tasks to queue
[2025-11-22T12:20:30.170+0000] {logging_mixin.py:120} INFO - [2025-11-22T12:20:30.170+0000] {dagbag.py:537} INFO - Filling up the DagBag from /home/airflow/.local/lib/python3.7/site-packages/airflow/example_dags/example_branch_operator.py
[2025-11-22T12:20:30.192+0000] {processor.py:766} INFO - DAG(s) dict_keys(['example_branch_operator']) retrieved from /home/airflow/.local/lib/python3.7/site-packages/airflow/example_dags/example_branch_operator.py
[2025-11-22T12:20:30.246+0000] {logging_mixin.py:120} INFO - [2025-11-22T12:20:30.246+0000] {dag.py:2585} INFO - Sync 1 DAGs
[2025-11-22T12:20:30.280+0000] {logging_mixin.py:120} INFO - [2025-11-22T12:20:30.280+0000] {dag.py:3340} INFO - Setting next_dagrun for example_branch_operator to 2025-11-21T00:00:00+00:00, run_after=2025-11-22T00:00:00+00:00
[2025-11-22T12:20:30.311+0000] {processor.py:176} INFO - Processing /home/airflow/.local/lib/python3.7/site-packages/airflow/example_dags/example_branch_operator.py took 0.149 seconds
[2025-11-22T12:21:00.957+0000] {processor.py:154} INFO - Started process (PID=826) to work on /home/airflow/.local/lib/python3.7/site-packages/airflow/example_dags/example_branch_operator.py
[2025-11-22T12:21:00.958+0000] {processor.py:756} INFO - Processing file /home/airflow/.local/lib/python3.7/site-packages/airflow/example_dags/example_branch_operator.py for tasks to queue
[2025-11-22T12:21:00.960+0000] {logging_mixin.py:120} INFO - [2025-11-22T12:21:00.959+0000] {dagbag.py:537} INFO - Filling up the DagBag from /home/airflow/.local/lib/python3.7/site-packages/airflow/example_dags/example_branch_operator.py
[2025-11-22T12:21:00.989+0000] {processor.py:766} INFO - DAG(s) dict_keys(['example_branch_operator']) retrieved from /home/airflow/.local/lib/python3.7/site-packages/airflow/example_dags/example_branch_operator.py
[2025-11-22T12:21:01.121+0000] {logging_mixin.py:120} INFO - [2025-11-22T12:21:01.120+0000] {dag.py:2585} INFO - Sync 1 DAGs
[2025-11-22T12:21:01.181+0000] {logging_mixin.py:120} INFO - [2025-11-22T12:21:01.180+0000] {dag.py:3340} INFO - Setting next_dagrun for example_branch_operator to 2025-11-21T00:00:00+00:00, run_after=2025-11-22T00:00:00+00:00
[2025-11-22T12:21:01.254+0000] {processor.py:176} INFO - Processing /home/airflow/.local/lib/python3.7/site-packages/airflow/example_dags/example_branch_operator.py took 0.303 seconds
[2025-11-22T12:21:32.241+0000] {processor.py:154} INFO - Started process (PID=888) to work on /home/airflow/.local/lib/python3.7/site-packages/airflow/example_dags/example_branch_operator.py
[2025-11-22T12:21:32.243+0000] {processor.py:756} INFO - Processing file /home/airflow/.local/lib/python3.7/site-packages/airflow/example_dags/example_branch_operator.py for tasks to queue
[2025-11-22T12:21:32.245+0000] {logging_mixin.py:120} INFO - [2025-11-22T12:21:32.245+0000] {dagbag.py:537} INFO - Filling up the DagBag from /home/airflow/.local/lib/python3.7/site-packages/airflow/example_dags/example_branch_operator.py
[2025-11-22T12:21:32.292+0000] {processor.py:766} INFO - DAG(s) dict_keys(['example_branch_operator']) retrieved from /home/airflow/.local/lib/python3.7/site-packages/airflow/example_dags/example_branch_operator.py
[2025-11-22T12:21:32.398+0000] {logging_mixin.py:120} INFO - [2025-11-22T12:21:32.397+0000] {dag.py:2585} INFO - Sync 1 DAGs
[2025-11-22T12:21:32.470+0000] {logging_mixin.py:120} INFO - [2025-11-22T12:21:32.469+0000] {dag.py:3340} INFO - Setting next_dagrun for example_branch_operator to 2025-11-21T00:00:00+00:00, run_after=2025-11-22T00:00:00+00:00
[2025-11-22T12:21:32.552+0000] {processor.py:176} INFO - Processing /home/airflow/.local/lib/python3.7/site-packages/airflow/example_dags/example_branch_operator.py took 0.317 seconds
[2025-11-22T12:22:02.768+0000] {processor.py:154} INFO - Started process (PID=945) to work on /home/airflow/.local/lib/python3.7/site-packages/airflow/example_dags/example_branch_operator.py
[2025-11-22T12:22:02.770+0000] {processor.py:756} INFO - Processing file /home/airflow/.local/lib/python3.7/site-packages/airflow/example_dags/example_branch_operator.py for tasks to queue
[2025-11-22T12:22:02.771+0000] {logging_mixin.py:120} INFO - [2025-11-22T12:22:02.770+0000] {dagbag.py:537} INFO - Filling up the DagBag from /home/airflow/.local/lib/python3.7/site-packages/airflow/example_dags/example_branch_operator.py
[2025-11-22T12:22:02.792+0000] {processor.py:766} INFO - DAG(s) dict_keys(['example_branch_operator']) retrieved from /home/airflow/.local/lib/python3.7/site-packages/airflow/example_dags/example_branch_operator.py
[2025-11-22T12:22:02.901+0000] {logging_mixin.py:120} INFO - [2025-11-22T12:22:02.901+0000] {dag.py:2585} INFO - Sync 1 DAGs
[2025-11-22T12:22:03.011+0000] {logging_mixin.py:120} INFO - [2025-11-22T12:22:03.010+0000] {dag.py:3340} INFO - Setting next_dagrun for example_branch_operator to 2025-11-21T00:00:00+00:00, run_after=2025-11-22T00:00:00+00:00
[2025-11-22T12:22:03.039+0000] {processor.py:176} INFO - Processing /home/airflow/.local/lib/python3.7/site-packages/airflow/example_dags/example_branch_operator.py took 0.274 seconds
[2025-11-22T12:22:33.505+0000] {processor.py:154} INFO - Started process (PID=1007) to work on /home/airflow/.local/lib/python3.7/site-packages/airflow/example_dags/example_branch_operator.py
[2025-11-22T12:22:33.511+0000] {processor.py:756} INFO - Processing file /home/airflow/.local/lib/python3.7/site-packages/airflow/example_dags/example_branch_operator.py for tasks to queue
[2025-11-22T12:22:33.514+0000] {logging_mixin.py:120} INFO - [2025-11-22T12:22:33.514+0000] {dagbag.py:537} INFO - Filling up the DagBag from /home/airflow/.local/lib/python3.7/site-packages/airflow/example_dags/example_branch_operator.py
[2025-11-22T12:22:33.576+0000] {processor.py:766} INFO - DAG(s) dict_keys(['example_branch_operator']) retrieved from /home/airflow/.local/lib/python3.7/site-packages/airflow/example_dags/example_branch_operator.py
[2025-11-22T12:22:33.650+0000] {logging_mixin.py:120} INFO - [2025-11-22T12:22:33.650+0000] {dag.py:2585} INFO - Sync 1 DAGs
[2025-11-22T12:22:33.702+0000] {logging_mixin.py:120} INFO - [2025-11-22T12:22:33.701+0000] {dag.py:3340} INFO - Setting next_dagrun for example_branch_operator to 2025-11-21T00:00:00+00:00, run_after=2025-11-22T00:00:00+00:00
[2025-11-22T12:22:33.765+0000] {processor.py:176} INFO - Processing /home/airflow/.local/lib/python3.7/site-packages/airflow/example_dags/example_branch_operator.py took 0.269 seconds
[2025-11-22T12:23:04.174+0000] {processor.py:154} INFO - Started process (PID=1063) to work on /home/airflow/.local/lib/python3.7/site-packages/airflow/example_dags/example_branch_operator.py
[2025-11-22T12:23:04.176+0000] {processor.py:756} INFO - Processing file /home/airflow/.local/lib/python3.7/site-packages/airflow/example_dags/example_branch_operator.py for tasks to queue
[2025-11-22T12:23:04.177+0000] {logging_mixin.py:120} INFO - [2025-11-22T12:23:04.177+0000] {dagbag.py:537} INFO - Filling up the DagBag from /home/airflow/.local/lib/python3.7/site-packages/airflow/example_dags/example_branch_operator.py
[2025-11-22T12:23:04.219+0000] {processor.py:766} INFO - DAG(s) dict_keys(['example_branch_operator']) retrieved from /home/airflow/.local/lib/python3.7/site-packages/airflow/example_dags/example_branch_operator.py
[2025-11-22T12:23:04.357+0000] {logging_mixin.py:120} INFO - [2025-11-22T12:23:04.357+0000] {dag.py:2585} INFO - Sync 1 DAGs
[2025-11-22T12:23:04.484+0000] {logging_mixin.py:120} INFO - [2025-11-22T12:23:04.483+0000] {dag.py:3340} INFO - Setting next_dagrun for example_branch_operator to 2025-11-21T00:00:00+00:00, run_after=2025-11-22T00:00:00+00:00
[2025-11-22T12:23:04.557+0000] {processor.py:176} INFO - Processing /home/airflow/.local/lib/python3.7/site-packages/airflow/example_dags/example_branch_operator.py took 0.387 seconds
[2025-11-22T12:23:36.147+0000] {processor.py:154} INFO - Started process (PID=1126) to work on /home/airflow/.local/lib/python3.7/site-packages/airflow/example_dags/example_branch_operator.py
[2025-11-22T12:23:36.149+0000] {processor.py:756} INFO - Processing file /home/airflow/.local/lib/python3.7/site-packages/airflow/example_dags/example_branch_operator.py for tasks to queue
[2025-11-22T12:23:36.150+0000] {logging_mixin.py:120} INFO - [2025-11-22T12:23:36.150+0000] {dagbag.py:537} INFO - Filling up the DagBag from /home/airflow/.local/lib/python3.7/site-packages/airflow/example_dags/example_branch_operator.py
[2025-11-22T12:23:36.196+0000] {processor.py:766} INFO - DAG(s) dict_keys(['example_branch_operator']) retrieved from /home/airflow/.local/lib/python3.7/site-packages/airflow/example_dags/example_branch_operator.py
[2025-11-22T12:23:36.373+0000] {logging_mixin.py:120} INFO - [2025-11-22T12:23:36.373+0000] {dag.py:2585} INFO - Sync 1 DAGs
[2025-11-22T12:23:36.498+0000] {logging_mixin.py:120} INFO - [2025-11-22T12:23:36.498+0000] {dag.py:3340} INFO - Setting next_dagrun for example_branch_operator to 2025-11-21T00:00:00+00:00, run_after=2025-11-22T00:00:00+00:00
[2025-11-22T12:23:36.564+0000] {processor.py:176} INFO - Processing /home/airflow/.local/lib/python3.7/site-packages/airflow/example_dags/example_branch_operator.py took 0.429 seconds
[2025-11-22T12:24:06.851+0000] {processor.py:154} INFO - Started process (PID=1181) to work on /home/airflow/.local/lib/python3.7/site-packages/airflow/example_dags/example_branch_operator.py
[2025-11-22T12:24:06.853+0000] {processor.py:756} INFO - Processing file /home/airflow/.local/lib/python3.7/site-packages/airflow/example_dags/example_branch_operator.py for tasks to queue
[2025-11-22T12:24:06.855+0000] {logging_mixin.py:120} INFO - [2025-11-22T12:24:06.854+0000] {dagbag.py:537} INFO - Filling up the DagBag from /home/airflow/.local/lib/python3.7/site-packages/airflow/example_dags/example_branch_operator.py
[2025-11-22T12:24:06.888+0000] {processor.py:766} INFO - DAG(s) dict_keys(['example_branch_operator']) retrieved from /home/airflow/.local/lib/python3.7/site-packages/airflow/example_dags/example_branch_operator.py
[2025-11-22T12:24:06.975+0000] {logging_mixin.py:120} INFO - [2025-11-22T12:24:06.974+0000] {dag.py:2585} INFO - Sync 1 DAGs
[2025-11-22T12:24:07.041+0000] {logging_mixin.py:120} INFO - [2025-11-22T12:24:07.040+0000] {dag.py:3340} INFO - Setting next_dagrun for example_branch_operator to 2025-11-21T00:00:00+00:00, run_after=2025-11-22T00:00:00+00:00
[2025-11-22T12:24:07.085+0000] {processor.py:176} INFO - Processing /home/airflow/.local/lib/python3.7/site-packages/airflow/example_dags/example_branch_operator.py took 0.238 seconds
[2025-11-22T12:24:38.111+0000] {processor.py:154} INFO - Started process (PID=1244) to work on /home/airflow/.local/lib/python3.7/site-packages/airflow/example_dags/example_branch_operator.py
[2025-11-22T12:24:38.114+0000] {processor.py:756} INFO - Processing file /home/airflow/.local/lib/python3.7/site-packages/airflow/example_dags/example_branch_operator.py for tasks to queue
[2025-11-22T12:24:38.116+0000] {logging_mixin.py:120} INFO - [2025-11-22T12:24:38.115+0000] {dagbag.py:537} INFO - Filling up the DagBag from /home/airflow/.local/lib/python3.7/site-packages/airflow/example_dags/example_branch_operator.py
[2025-11-22T12:24:38.160+0000] {processor.py:766} INFO - DAG(s) dict_keys(['example_branch_operator']) retrieved from /home/airflow/.local/lib/python3.7/site-packages/airflow/example_dags/example_branch_operator.py
[2025-11-22T12:24:38.295+0000] {logging_mixin.py:120} INFO - [2025-11-22T12:24:38.294+0000] {dag.py:2585} INFO - Sync 1 DAGs
[2025-11-22T12:24:38.352+0000] {logging_mixin.py:120} INFO - [2025-11-22T12:24:38.351+0000] {dag.py:3340} INFO - Setting next_dagrun for example_branch_operator to 2025-11-21T00:00:00+00:00, run_after=2025-11-22T00:00:00+00:00
[2025-11-22T12:24:38.394+0000] {processor.py:176} INFO - Processing /home/airflow/.local/lib/python3.7/site-packages/airflow/example_dags/example_branch_operator.py took 0.288 seconds
[2025-11-22T12:25:08.657+0000] {processor.py:154} INFO - Started process (PID=1299) to work on /home/airflow/.local/lib/python3.7/site-packages/airflow/example_dags/example_branch_operator.py
[2025-11-22T12:25:08.659+0000] {processor.py:756} INFO - Processing file /home/airflow/.local/lib/python3.7/site-packages/airflow/example_dags/example_branch_operator.py for tasks to queue
[2025-11-22T12:25:08.660+0000] {logging_mixin.py:120} INFO - [2025-11-22T12:25:08.660+0000] {dagbag.py:537} INFO - Filling up the DagBag from /home/airflow/.local/lib/python3.7/site-packages/airflow/example_dags/example_branch_operator.py
[2025-11-22T12:25:08.685+0000] {processor.py:766} INFO - DAG(s) dict_keys(['example_branch_operator']) retrieved from /home/airflow/.local/lib/python3.7/site-packages/airflow/example_dags/example_branch_operator.py
[2025-11-22T12:25:08.751+0000] {logging_mixin.py:120} INFO - [2025-11-22T12:25:08.751+0000] {dag.py:2585} INFO - Sync 1 DAGs
[2025-11-22T12:25:08.788+0000] {logging_mixin.py:120} INFO - [2025-11-22T12:25:08.787+0000] {dag.py:3340} INFO - Setting next_dagrun for example_branch_operator to 2025-11-21T00:00:00+00:00, run_after=2025-11-22T00:00:00+00:00
[2025-11-22T12:25:08.818+0000] {processor.py:176} INFO - Processing /home/airflow/.local/lib/python3.7/site-packages/airflow/example_dags/example_branch_operator.py took 0.165 seconds
[2025-11-22T12:25:39.603+0000] {processor.py:154} INFO - Started process (PID=1364) to work on /home/airflow/.local/lib/python3.7/site-packages/airflow/example_dags/example_branch_operator.py
[2025-11-22T12:25:39.605+0000] {processor.py:756} INFO - Processing file /home/airflow/.local/lib/python3.7/site-packages/airflow/example_dags/example_branch_operator.py for tasks to queue
[2025-11-22T12:25:39.619+0000] {logging_mixin.py:120} INFO - [2025-11-22T12:25:39.619+0000] {dagbag.py:537} INFO - Filling up the DagBag from /home/airflow/.local/lib/python3.7/site-packages/airflow/example_dags/example_branch_operator.py
[2025-11-22T12:25:39.663+0000] {processor.py:766} INFO - DAG(s) dict_keys(['example_branch_operator']) retrieved from /home/airflow/.local/lib/python3.7/site-packages/airflow/example_dags/example_branch_operator.py
[2025-11-22T12:25:39.778+0000] {logging_mixin.py:120} INFO - [2025-11-22T12:25:39.777+0000] {dag.py:2585} INFO - Sync 1 DAGs
[2025-11-22T12:25:39.854+0000] {logging_mixin.py:120} INFO - [2025-11-22T12:25:39.854+0000] {dag.py:3340} INFO - Setting next_dagrun for example_branch_operator to 2025-11-21T00:00:00+00:00, run_after=2025-11-22T00:00:00+00:00
[2025-11-22T12:25:39.960+0000] {processor.py:176} INFO - Processing /home/airflow/.local/lib/python3.7/site-packages/airflow/example_dags/example_branch_operator.py took 0.363 seconds
[2025-11-22T12:26:10.762+0000] {processor.py:154} INFO - Started process (PID=1418) to work on /home/airflow/.local/lib/python3.7/site-packages/airflow/example_dags/example_branch_operator.py
[2025-11-22T12:26:10.764+0000] {processor.py:756} INFO - Processing file /home/airflow/.local/lib/python3.7/site-packages/airflow/example_dags/example_branch_operator.py for tasks to queue
[2025-11-22T12:26:10.765+0000] {logging_mixin.py:120} INFO - [2025-11-22T12:26:10.765+0000] {dagbag.py:537} INFO - Filling up the DagBag from /home/airflow/.local/lib/python3.7/site-packages/airflow/example_dags/example_branch_operator.py
[2025-11-22T12:26:10.807+0000] {processor.py:766} INFO - DAG(s) dict_keys(['example_branch_operator']) retrieved from /home/airflow/.local/lib/python3.7/site-packages/airflow/example_dags/example_branch_operator.py
[2025-11-22T12:26:10.894+0000] {logging_mixin.py:120} INFO - [2025-11-22T12:26:10.893+0000] {dag.py:2585} INFO - Sync 1 DAGs
[2025-11-22T12:26:10.935+0000] {logging_mixin.py:120} INFO - [2025-11-22T12:26:10.935+0000] {dag.py:3340} INFO - Setting next_dagrun for example_branch_operator to 2025-11-21T00:00:00+00:00, run_after=2025-11-22T00:00:00+00:00
[2025-11-22T12:26:10.972+0000] {processor.py:176} INFO - Processing /home/airflow/.local/lib/python3.7/site-packages/airflow/example_dags/example_branch_operator.py took 0.222 seconds
[2025-11-22T12:26:41.240+0000] {processor.py:154} INFO - Started process (PID=1479) to work on /home/airflow/.local/lib/python3.7/site-packages/airflow/example_dags/example_branch_operator.py
[2025-11-22T12:26:41.242+0000] {processor.py:756} INFO - Processing file /home/airflow/.local/lib/python3.7/site-packages/airflow/example_dags/example_branch_operator.py for tasks to queue
[2025-11-22T12:26:41.243+0000] {logging_mixin.py:120} INFO - [2025-11-22T12:26:41.243+0000] {dagbag.py:537} INFO - Filling up the DagBag from /home/airflow/.local/lib/python3.7/site-packages/airflow/example_dags/example_branch_operator.py
[2025-11-22T12:26:41.276+0000] {processor.py:766} INFO - DAG(s) dict_keys(['example_branch_operator']) retrieved from /home/airflow/.local/lib/python3.7/site-packages/airflow/example_dags/example_branch_operator.py
[2025-11-22T12:26:41.375+0000] {logging_mixin.py:120} INFO - [2025-11-22T12:26:41.375+0000] {dag.py:2585} INFO - Sync 1 DAGs
[2025-11-22T12:26:41.470+0000] {logging_mixin.py:120} INFO - [2025-11-22T12:26:41.470+0000] {dag.py:3340} INFO - Setting next_dagrun for example_branch_operator to 2025-11-21T00:00:00+00:00, run_after=2025-11-22T00:00:00+00:00
[2025-11-22T12:26:41.522+0000] {processor.py:176} INFO - Processing /home/airflow/.local/lib/python3.7/site-packages/airflow/example_dags/example_branch_operator.py took 0.293 seconds
[2025-11-22T12:27:12.253+0000] {processor.py:154} INFO - Started process (PID=1535) to work on /home/airflow/.local/lib/python3.7/site-packages/airflow/example_dags/example_branch_operator.py
[2025-11-22T12:27:12.255+0000] {processor.py:756} INFO - Processing file /home/airflow/.local/lib/python3.7/site-packages/airflow/example_dags/example_branch_operator.py for tasks to queue
[2025-11-22T12:27:12.256+0000] {logging_mixin.py:120} INFO - [2025-11-22T12:27:12.256+0000] {dagbag.py:537} INFO - Filling up the DagBag from /home/airflow/.local/lib/python3.7/site-packages/airflow/example_dags/example_branch_operator.py
[2025-11-22T12:27:12.283+0000] {processor.py:766} INFO - DAG(s) dict_keys(['example_branch_operator']) retrieved from /home/airflow/.local/lib/python3.7/site-packages/airflow/example_dags/example_branch_operator.py
[2025-11-22T12:27:12.337+0000] {logging_mixin.py:120} INFO - [2025-11-22T12:27:12.336+0000] {dag.py:2585} INFO - Sync 1 DAGs
[2025-11-22T12:27:12.368+0000] {logging_mixin.py:120} INFO - [2025-11-22T12:27:12.368+0000] {dag.py:3340} INFO - Setting next_dagrun for example_branch_operator to 2025-11-21T00:00:00+00:00, run_after=2025-11-22T00:00:00+00:00
[2025-11-22T12:27:12.401+0000] {processor.py:176} INFO - Processing /home/airflow/.local/lib/python3.7/site-packages/airflow/example_dags/example_branch_operator.py took 0.153 seconds
[2025-11-22T12:27:42.748+0000] {processor.py:154} INFO - Started process (PID=1589) to work on /home/airflow/.local/lib/python3.7/site-packages/airflow/example_dags/example_branch_operator.py
[2025-11-22T12:27:42.749+0000] {processor.py:756} INFO - Processing file /home/airflow/.local/lib/python3.7/site-packages/airflow/example_dags/example_branch_operator.py for tasks to queue
[2025-11-22T12:27:42.750+0000] {logging_mixin.py:120} INFO - [2025-11-22T12:27:42.750+0000] {dagbag.py:537} INFO - Filling up the DagBag from /home/airflow/.local/lib/python3.7/site-packages/airflow/example_dags/example_branch_operator.py
[2025-11-22T12:27:42.770+0000] {processor.py:766} INFO - DAG(s) dict_keys(['example_branch_operator']) retrieved from /home/airflow/.local/lib/python3.7/site-packages/airflow/example_dags/example_branch_operator.py
[2025-11-22T12:27:42.823+0000] {logging_mixin.py:120} INFO - [2025-11-22T12:27:42.822+0000] {dag.py:2585} INFO - Sync 1 DAGs
[2025-11-22T12:27:42.850+0000] {logging_mixin.py:120} INFO - [2025-11-22T12:27:42.850+0000] {dag.py:3340} INFO - Setting next_dagrun for example_branch_operator to 2025-11-21T00:00:00+00:00, run_after=2025-11-22T00:00:00+00:00
[2025-11-22T12:27:42.879+0000] {processor.py:176} INFO - Processing /home/airflow/.local/lib/python3.7/site-packages/airflow/example_dags/example_branch_operator.py took 0.135 seconds
[2025-11-22T12:28:13.160+0000] {processor.py:154} INFO - Started process (PID=1653) to work on /home/airflow/.local/lib/python3.7/site-packages/airflow/example_dags/example_branch_operator.py
[2025-11-22T12:28:13.162+0000] {processor.py:756} INFO - Processing file /home/airflow/.local/lib/python3.7/site-packages/airflow/example_dags/example_branch_operator.py for tasks to queue
[2025-11-22T12:28:13.163+0000] {logging_mixin.py:120} INFO - [2025-11-22T12:28:13.163+0000] {dagbag.py:537} INFO - Filling up the DagBag from /home/airflow/.local/lib/python3.7/site-packages/airflow/example_dags/example_branch_operator.py
[2025-11-22T12:28:13.198+0000] {processor.py:766} INFO - DAG(s) dict_keys(['example_branch_operator']) retrieved from /home/airflow/.local/lib/python3.7/site-packages/airflow/example_dags/example_branch_operator.py
[2025-11-22T12:28:13.273+0000] {logging_mixin.py:120} INFO - [2025-11-22T12:28:13.272+0000] {dag.py:2585} INFO - Sync 1 DAGs
[2025-11-22T12:28:13.330+0000] {logging_mixin.py:120} INFO - [2025-11-22T12:28:13.330+0000] {dag.py:3340} INFO - Setting next_dagrun for example_branch_operator to 2025-11-21T00:00:00+00:00, run_after=2025-11-22T00:00:00+00:00
[2025-11-22T12:28:13.383+0000] {processor.py:176} INFO - Processing /home/airflow/.local/lib/python3.7/site-packages/airflow/example_dags/example_branch_operator.py took 0.226 seconds
[2025-11-22T12:28:43.948+0000] {processor.py:154} INFO - Started process (PID=1707) to work on /home/airflow/.local/lib/python3.7/site-packages/airflow/example_dags/example_branch_operator.py
[2025-11-22T12:28:43.950+0000] {processor.py:756} INFO - Processing file /home/airflow/.local/lib/python3.7/site-packages/airflow/example_dags/example_branch_operator.py for tasks to queue
[2025-11-22T12:28:43.953+0000] {logging_mixin.py:120} INFO - [2025-11-22T12:28:43.952+0000] {dagbag.py:537} INFO - Filling up the DagBag from /home/airflow/.local/lib/python3.7/site-packages/airflow/example_dags/example_branch_operator.py
[2025-11-22T12:28:43.981+0000] {processor.py:766} INFO - DAG(s) dict_keys(['example_branch_operator']) retrieved from /home/airflow/.local/lib/python3.7/site-packages/airflow/example_dags/example_branch_operator.py
[2025-11-22T12:28:44.080+0000] {logging_mixin.py:120} INFO - [2025-11-22T12:28:44.080+0000] {dag.py:2585} INFO - Sync 1 DAGs
[2025-11-22T12:28:44.131+0000] {logging_mixin.py:120} INFO - [2025-11-22T12:28:44.131+0000] {dag.py:3340} INFO - Setting next_dagrun for example_branch_operator to 2025-11-21T00:00:00+00:00, run_after=2025-11-22T00:00:00+00:00
[2025-11-22T12:28:44.170+0000] {processor.py:176} INFO - Processing /home/airflow/.local/lib/python3.7/site-packages/airflow/example_dags/example_branch_operator.py took 0.226 seconds
[2025-11-22T12:29:14.892+0000] {processor.py:154} INFO - Started process (PID=1771) to work on /home/airflow/.local/lib/python3.7/site-packages/airflow/example_dags/example_branch_operator.py
[2025-11-22T12:29:14.902+0000] {processor.py:756} INFO - Processing file /home/airflow/.local/lib/python3.7/site-packages/airflow/example_dags/example_branch_operator.py for tasks to queue
[2025-11-22T12:29:14.904+0000] {logging_mixin.py:120} INFO - [2025-11-22T12:29:14.904+0000] {dagbag.py:537} INFO - Filling up the DagBag from /home/airflow/.local/lib/python3.7/site-packages/airflow/example_dags/example_branch_operator.py
[2025-11-22T12:29:14.952+0000] {processor.py:766} INFO - DAG(s) dict_keys(['example_branch_operator']) retrieved from /home/airflow/.local/lib/python3.7/site-packages/airflow/example_dags/example_branch_operator.py
[2025-11-22T12:29:15.060+0000] {logging_mixin.py:120} INFO - [2025-11-22T12:29:15.060+0000] {dag.py:2585} INFO - Sync 1 DAGs
[2025-11-22T12:29:15.121+0000] {logging_mixin.py:120} INFO - [2025-11-22T12:29:15.121+0000] {dag.py:3340} INFO - Setting next_dagrun for example_branch_operator to 2025-11-21T00:00:00+00:00, run_after=2025-11-22T00:00:00+00:00
[2025-11-22T12:29:15.163+0000] {processor.py:176} INFO - Processing /home/airflow/.local/lib/python3.7/site-packages/airflow/example_dags/example_branch_operator.py took 0.280 seconds
[2025-11-22T12:29:45.543+0000] {processor.py:154} INFO - Started process (PID=1826) to work on /home/airflow/.local/lib/python3.7/site-packages/airflow/example_dags/example_branch_operator.py
[2025-11-22T12:29:45.544+0000] {processor.py:756} INFO - Processing file /home/airflow/.local/lib/python3.7/site-packages/airflow/example_dags/example_branch_operator.py for tasks to queue
[2025-11-22T12:29:45.546+0000] {logging_mixin.py:120} INFO - [2025-11-22T12:29:45.546+0000] {dagbag.py:537} INFO - Filling up the DagBag from /home/airflow/.local/lib/python3.7/site-packages/airflow/example_dags/example_branch_operator.py
[2025-11-22T12:29:45.574+0000] {processor.py:766} INFO - DAG(s) dict_keys(['example_branch_operator']) retrieved from /home/airflow/.local/lib/python3.7/site-packages/airflow/example_dags/example_branch_operator.py
[2025-11-22T12:29:45.633+0000] {logging_mixin.py:120} INFO - [2025-11-22T12:29:45.633+0000] {dag.py:2585} INFO - Sync 1 DAGs
[2025-11-22T12:29:45.679+0000] {logging_mixin.py:120} INFO - [2025-11-22T12:29:45.679+0000] {dag.py:3340} INFO - Setting next_dagrun for example_branch_operator to 2025-11-21T00:00:00+00:00, run_after=2025-11-22T00:00:00+00:00
[2025-11-22T12:29:45.708+0000] {processor.py:176} INFO - Processing /home/airflow/.local/lib/python3.7/site-packages/airflow/example_dags/example_branch_operator.py took 0.171 seconds
[2025-11-22T12:30:16.423+0000] {processor.py:154} INFO - Started process (PID=1890) to work on /home/airflow/.local/lib/python3.7/site-packages/airflow/example_dags/example_branch_operator.py
[2025-11-22T12:30:16.425+0000] {processor.py:756} INFO - Processing file /home/airflow/.local/lib/python3.7/site-packages/airflow/example_dags/example_branch_operator.py for tasks to queue
[2025-11-22T12:30:16.427+0000] {logging_mixin.py:120} INFO - [2025-11-22T12:30:16.426+0000] {dagbag.py:537} INFO - Filling up the DagBag from /home/airflow/.local/lib/python3.7/site-packages/airflow/example_dags/example_branch_operator.py
[2025-11-22T12:30:16.477+0000] {processor.py:766} INFO - DAG(s) dict_keys(['example_branch_operator']) retrieved from /home/airflow/.local/lib/python3.7/site-packages/airflow/example_dags/example_branch_operator.py
[2025-11-22T12:30:16.568+0000] {logging_mixin.py:120} INFO - [2025-11-22T12:30:16.567+0000] {dag.py:2585} INFO - Sync 1 DAGs
[2025-11-22T12:30:16.679+0000] {logging_mixin.py:120} INFO - [2025-11-22T12:30:16.679+0000] {dag.py:3340} INFO - Setting next_dagrun for example_branch_operator to 2025-11-21T00:00:00+00:00, run_after=2025-11-22T00:00:00+00:00
[2025-11-22T12:30:16.712+0000] {processor.py:176} INFO - Processing /home/airflow/.local/lib/python3.7/site-packages/airflow/example_dags/example_branch_operator.py took 0.294 seconds
[2025-11-22T12:30:47.062+0000] {processor.py:154} INFO - Started process (PID=1945) to work on /home/airflow/.local/lib/python3.7/site-packages/airflow/example_dags/example_branch_operator.py
[2025-11-22T12:30:47.064+0000] {processor.py:756} INFO - Processing file /home/airflow/.local/lib/python3.7/site-packages/airflow/example_dags/example_branch_operator.py for tasks to queue
[2025-11-22T12:30:47.065+0000] {logging_mixin.py:120} INFO - [2025-11-22T12:30:47.065+0000] {dagbag.py:537} INFO - Filling up the DagBag from /home/airflow/.local/lib/python3.7/site-packages/airflow/example_dags/example_branch_operator.py
[2025-11-22T12:30:47.089+0000] {processor.py:766} INFO - DAG(s) dict_keys(['example_branch_operator']) retrieved from /home/airflow/.local/lib/python3.7/site-packages/airflow/example_dags/example_branch_operator.py
[2025-11-22T12:30:47.137+0000] {logging_mixin.py:120} INFO - [2025-11-22T12:30:47.137+0000] {dag.py:2585} INFO - Sync 1 DAGs
[2025-11-22T12:30:47.168+0000] {logging_mixin.py:120} INFO - [2025-11-22T12:30:47.168+0000] {dag.py:3340} INFO - Setting next_dagrun for example_branch_operator to 2025-11-21T00:00:00+00:00, run_after=2025-11-22T00:00:00+00:00
[2025-11-22T12:30:47.192+0000] {processor.py:176} INFO - Processing /home/airflow/.local/lib/python3.7/site-packages/airflow/example_dags/example_branch_operator.py took 0.135 seconds
[2025-11-22T12:31:18.636+0000] {processor.py:154} INFO - Started process (PID=2010) to work on /home/airflow/.local/lib/python3.7/site-packages/airflow/example_dags/example_branch_operator.py
[2025-11-22T12:31:18.637+0000] {processor.py:756} INFO - Processing file /home/airflow/.local/lib/python3.7/site-packages/airflow/example_dags/example_branch_operator.py for tasks to queue
[2025-11-22T12:31:18.639+0000] {logging_mixin.py:120} INFO - [2025-11-22T12:31:18.639+0000] {dagbag.py:537} INFO - Filling up the DagBag from /home/airflow/.local/lib/python3.7/site-packages/airflow/example_dags/example_branch_operator.py
[2025-11-22T12:31:18.667+0000] {processor.py:766} INFO - DAG(s) dict_keys(['example_branch_operator']) retrieved from /home/airflow/.local/lib/python3.7/site-packages/airflow/example_dags/example_branch_operator.py
[2025-11-22T12:31:18.722+0000] {logging_mixin.py:120} INFO - [2025-11-22T12:31:18.722+0000] {dag.py:2585} INFO - Sync 1 DAGs
[2025-11-22T12:31:18.767+0000] {logging_mixin.py:120} INFO - [2025-11-22T12:31:18.767+0000] {dag.py:3340} INFO - Setting next_dagrun for example_branch_operator to 2025-11-21T00:00:00+00:00, run_after=2025-11-22T00:00:00+00:00
[2025-11-22T12:31:18.800+0000] {processor.py:176} INFO - Processing /home/airflow/.local/lib/python3.7/site-packages/airflow/example_dags/example_branch_operator.py took 0.168 seconds
[2025-11-22T12:31:49.465+0000] {processor.py:154} INFO - Started process (PID=2066) to work on /home/airflow/.local/lib/python3.7/site-packages/airflow/example_dags/example_branch_operator.py
[2025-11-22T12:31:49.466+0000] {processor.py:756} INFO - Processing file /home/airflow/.local/lib/python3.7/site-packages/airflow/example_dags/example_branch_operator.py for tasks to queue
[2025-11-22T12:31:49.467+0000] {logging_mixin.py:120} INFO - [2025-11-22T12:31:49.467+0000] {dagbag.py:537} INFO - Filling up the DagBag from /home/airflow/.local/lib/python3.7/site-packages/airflow/example_dags/example_branch_operator.py
[2025-11-22T12:31:49.490+0000] {processor.py:766} INFO - DAG(s) dict_keys(['example_branch_operator']) retrieved from /home/airflow/.local/lib/python3.7/site-packages/airflow/example_dags/example_branch_operator.py
[2025-11-22T12:31:49.554+0000] {logging_mixin.py:120} INFO - [2025-11-22T12:31:49.554+0000] {dag.py:2585} INFO - Sync 1 DAGs
[2025-11-22T12:31:49.592+0000] {logging_mixin.py:120} INFO - [2025-11-22T12:31:49.592+0000] {dag.py:3340} INFO - Setting next_dagrun for example_branch_operator to 2025-11-21T00:00:00+00:00, run_after=2025-11-22T00:00:00+00:00
[2025-11-22T12:31:49.618+0000] {processor.py:176} INFO - Processing /home/airflow/.local/lib/python3.7/site-packages/airflow/example_dags/example_branch_operator.py took 0.159 seconds
[2025-11-22T12:32:20.728+0000] {processor.py:154} INFO - Started process (PID=2129) to work on /home/airflow/.local/lib/python3.7/site-packages/airflow/example_dags/example_branch_operator.py
[2025-11-22T12:32:20.730+0000] {processor.py:756} INFO - Processing file /home/airflow/.local/lib/python3.7/site-packages/airflow/example_dags/example_branch_operator.py for tasks to queue
[2025-11-22T12:32:20.733+0000] {logging_mixin.py:120} INFO - [2025-11-22T12:32:20.732+0000] {dagbag.py:537} INFO - Filling up the DagBag from /home/airflow/.local/lib/python3.7/site-packages/airflow/example_dags/example_branch_operator.py
[2025-11-22T12:32:20.768+0000] {processor.py:766} INFO - DAG(s) dict_keys(['example_branch_operator']) retrieved from /home/airflow/.local/lib/python3.7/site-packages/airflow/example_dags/example_branch_operator.py
[2025-11-22T12:32:20.832+0000] {logging_mixin.py:120} INFO - [2025-11-22T12:32:20.832+0000] {dag.py:2585} INFO - Sync 1 DAGs
[2025-11-22T12:32:20.877+0000] {logging_mixin.py:120} INFO - [2025-11-22T12:32:20.877+0000] {dag.py:3340} INFO - Setting next_dagrun for example_branch_operator to 2025-11-21T00:00:00+00:00, run_after=2025-11-22T00:00:00+00:00
[2025-11-22T12:32:20.913+0000] {processor.py:176} INFO - Processing /home/airflow/.local/lib/python3.7/site-packages/airflow/example_dags/example_branch_operator.py took 0.190 seconds
[2025-11-22T12:32:51.770+0000] {processor.py:154} INFO - Started process (PID=2184) to work on /home/airflow/.local/lib/python3.7/site-packages/airflow/example_dags/example_branch_operator.py
[2025-11-22T12:32:51.771+0000] {processor.py:756} INFO - Processing file /home/airflow/.local/lib/python3.7/site-packages/airflow/example_dags/example_branch_operator.py for tasks to queue
[2025-11-22T12:32:51.772+0000] {logging_mixin.py:120} INFO - [2025-11-22T12:32:51.772+0000] {dagbag.py:537} INFO - Filling up the DagBag from /home/airflow/.local/lib/python3.7/site-packages/airflow/example_dags/example_branch_operator.py
[2025-11-22T12:32:51.797+0000] {processor.py:766} INFO - DAG(s) dict_keys(['example_branch_operator']) retrieved from /home/airflow/.local/lib/python3.7/site-packages/airflow/example_dags/example_branch_operator.py
[2025-11-22T12:32:51.851+0000] {logging_mixin.py:120} INFO - [2025-11-22T12:32:51.851+0000] {dag.py:2585} INFO - Sync 1 DAGs
[2025-11-22T12:32:51.880+0000] {logging_mixin.py:120} INFO - [2025-11-22T12:32:51.880+0000] {dag.py:3340} INFO - Setting next_dagrun for example_branch_operator to 2025-11-21T00:00:00+00:00, run_after=2025-11-22T00:00:00+00:00
[2025-11-22T12:32:51.912+0000] {processor.py:176} INFO - Processing /home/airflow/.local/lib/python3.7/site-packages/airflow/example_dags/example_branch_operator.py took 0.147 seconds
[2025-11-22T12:33:22.555+0000] {processor.py:154} INFO - Started process (PID=2248) to work on /home/airflow/.local/lib/python3.7/site-packages/airflow/example_dags/example_branch_operator.py
[2025-11-22T12:33:22.557+0000] {processor.py:756} INFO - Processing file /home/airflow/.local/lib/python3.7/site-packages/airflow/example_dags/example_branch_operator.py for tasks to queue
[2025-11-22T12:33:22.558+0000] {logging_mixin.py:120} INFO - [2025-11-22T12:33:22.558+0000] {dagbag.py:537} INFO - Filling up the DagBag from /home/airflow/.local/lib/python3.7/site-packages/airflow/example_dags/example_branch_operator.py
[2025-11-22T12:33:22.589+0000] {processor.py:766} INFO - DAG(s) dict_keys(['example_branch_operator']) retrieved from /home/airflow/.local/lib/python3.7/site-packages/airflow/example_dags/example_branch_operator.py
[2025-11-22T12:33:22.667+0000] {logging_mixin.py:120} INFO - [2025-11-22T12:33:22.667+0000] {dag.py:2585} INFO - Sync 1 DAGs
[2025-11-22T12:33:22.716+0000] {logging_mixin.py:120} INFO - [2025-11-22T12:33:22.716+0000] {dag.py:3340} INFO - Setting next_dagrun for example_branch_operator to 2025-11-21T00:00:00+00:00, run_after=2025-11-22T00:00:00+00:00
[2025-11-22T12:33:22.750+0000] {processor.py:176} INFO - Processing /home/airflow/.local/lib/python3.7/site-packages/airflow/example_dags/example_branch_operator.py took 0.200 seconds
[2025-11-22T12:33:53.253+0000] {processor.py:154} INFO - Started process (PID=2304) to work on /home/airflow/.local/lib/python3.7/site-packages/airflow/example_dags/example_branch_operator.py
[2025-11-22T12:33:53.255+0000] {processor.py:756} INFO - Processing file /home/airflow/.local/lib/python3.7/site-packages/airflow/example_dags/example_branch_operator.py for tasks to queue
[2025-11-22T12:33:53.257+0000] {logging_mixin.py:120} INFO - [2025-11-22T12:33:53.257+0000] {dagbag.py:537} INFO - Filling up the DagBag from /home/airflow/.local/lib/python3.7/site-packages/airflow/example_dags/example_branch_operator.py
[2025-11-22T12:33:53.298+0000] {processor.py:766} INFO - DAG(s) dict_keys(['example_branch_operator']) retrieved from /home/airflow/.local/lib/python3.7/site-packages/airflow/example_dags/example_branch_operator.py
[2025-11-22T12:33:53.379+0000] {logging_mixin.py:120} INFO - [2025-11-22T12:33:53.378+0000] {dag.py:2585} INFO - Sync 1 DAGs
[2025-11-22T12:33:53.429+0000] {logging_mixin.py:120} INFO - [2025-11-22T12:33:53.429+0000] {dag.py:3340} INFO - Setting next_dagrun for example_branch_operator to 2025-11-21T00:00:00+00:00, run_after=2025-11-22T00:00:00+00:00
[2025-11-22T12:33:53.464+0000] {processor.py:176} INFO - Processing /home/airflow/.local/lib/python3.7/site-packages/airflow/example_dags/example_branch_operator.py took 0.216 seconds
[2025-11-22T12:34:24.329+0000] {processor.py:154} INFO - Started process (PID=2369) to work on /home/airflow/.local/lib/python3.7/site-packages/airflow/example_dags/example_branch_operator.py
[2025-11-22T12:34:24.330+0000] {processor.py:756} INFO - Processing file /home/airflow/.local/lib/python3.7/site-packages/airflow/example_dags/example_branch_operator.py for tasks to queue
[2025-11-22T12:34:24.332+0000] {logging_mixin.py:120} INFO - [2025-11-22T12:34:24.331+0000] {dagbag.py:537} INFO - Filling up the DagBag from /home/airflow/.local/lib/python3.7/site-packages/airflow/example_dags/example_branch_operator.py
[2025-11-22T12:34:24.352+0000] {processor.py:766} INFO - DAG(s) dict_keys(['example_branch_operator']) retrieved from /home/airflow/.local/lib/python3.7/site-packages/airflow/example_dags/example_branch_operator.py
[2025-11-22T12:34:24.400+0000] {logging_mixin.py:120} INFO - [2025-11-22T12:34:24.399+0000] {dag.py:2585} INFO - Sync 1 DAGs
[2025-11-22T12:34:24.427+0000] {logging_mixin.py:120} INFO - [2025-11-22T12:34:24.427+0000] {dag.py:3340} INFO - Setting next_dagrun for example_branch_operator to 2025-11-21T00:00:00+00:00, run_after=2025-11-22T00:00:00+00:00
[2025-11-22T12:34:24.480+0000] {processor.py:176} INFO - Processing /home/airflow/.local/lib/python3.7/site-packages/airflow/example_dags/example_branch_operator.py took 0.155 seconds
[2025-11-22T12:34:54.694+0000] {processor.py:154} INFO - Started process (PID=2435) to work on /home/airflow/.local/lib/python3.7/site-packages/airflow/example_dags/example_branch_operator.py
[2025-11-22T12:34:54.696+0000] {processor.py:756} INFO - Processing file /home/airflow/.local/lib/python3.7/site-packages/airflow/example_dags/example_branch_operator.py for tasks to queue
[2025-11-22T12:34:54.697+0000] {logging_mixin.py:120} INFO - [2025-11-22T12:34:54.697+0000] {dagbag.py:537} INFO - Filling up the DagBag from /home/airflow/.local/lib/python3.7/site-packages/airflow/example_dags/example_branch_operator.py
[2025-11-22T12:34:54.725+0000] {processor.py:766} INFO - DAG(s) dict_keys(['example_branch_operator']) retrieved from /home/airflow/.local/lib/python3.7/site-packages/airflow/example_dags/example_branch_operator.py
[2025-11-22T12:34:54.789+0000] {logging_mixin.py:120} INFO - [2025-11-22T12:34:54.789+0000] {dag.py:2585} INFO - Sync 1 DAGs
[2025-11-22T12:34:54.871+0000] {logging_mixin.py:120} INFO - [2025-11-22T12:34:54.870+0000] {dag.py:3340} INFO - Setting next_dagrun for example_branch_operator to 2025-11-21T00:00:00+00:00, run_after=2025-11-22T00:00:00+00:00
[2025-11-22T12:34:54.911+0000] {processor.py:176} INFO - Processing /home/airflow/.local/lib/python3.7/site-packages/airflow/example_dags/example_branch_operator.py took 0.223 seconds
[2025-11-22T12:35:26.027+0000] {processor.py:154} INFO - Started process (PID=2492) to work on /home/airflow/.local/lib/python3.7/site-packages/airflow/example_dags/example_branch_operator.py
[2025-11-22T12:35:26.029+0000] {processor.py:756} INFO - Processing file /home/airflow/.local/lib/python3.7/site-packages/airflow/example_dags/example_branch_operator.py for tasks to queue
[2025-11-22T12:35:26.030+0000] {logging_mixin.py:120} INFO - [2025-11-22T12:35:26.030+0000] {dagbag.py:537} INFO - Filling up the DagBag from /home/airflow/.local/lib/python3.7/site-packages/airflow/example_dags/example_branch_operator.py
[2025-11-22T12:35:26.057+0000] {processor.py:766} INFO - DAG(s) dict_keys(['example_branch_operator']) retrieved from /home/airflow/.local/lib/python3.7/site-packages/airflow/example_dags/example_branch_operator.py
[2025-11-22T12:35:26.125+0000] {logging_mixin.py:120} INFO - [2025-11-22T12:35:26.124+0000] {dag.py:2585} INFO - Sync 1 DAGs
[2025-11-22T12:35:26.160+0000] {logging_mixin.py:120} INFO - [2025-11-22T12:35:26.160+0000] {dag.py:3340} INFO - Setting next_dagrun for example_branch_operator to 2025-11-21T00:00:00+00:00, run_after=2025-11-22T00:00:00+00:00
[2025-11-22T12:35:26.196+0000] {processor.py:176} INFO - Processing /home/airflow/.local/lib/python3.7/site-packages/airflow/example_dags/example_branch_operator.py took 0.173 seconds
[2025-11-22T12:35:56.542+0000] {processor.py:154} INFO - Started process (PID=2557) to work on /home/airflow/.local/lib/python3.7/site-packages/airflow/example_dags/example_branch_operator.py
[2025-11-22T12:35:56.544+0000] {processor.py:756} INFO - Processing file /home/airflow/.local/lib/python3.7/site-packages/airflow/example_dags/example_branch_operator.py for tasks to queue
[2025-11-22T12:35:56.545+0000] {logging_mixin.py:120} INFO - [2025-11-22T12:35:56.545+0000] {dagbag.py:537} INFO - Filling up the DagBag from /home/airflow/.local/lib/python3.7/site-packages/airflow/example_dags/example_branch_operator.py
[2025-11-22T12:35:56.572+0000] {processor.py:766} INFO - DAG(s) dict_keys(['example_branch_operator']) retrieved from /home/airflow/.local/lib/python3.7/site-packages/airflow/example_dags/example_branch_operator.py
[2025-11-22T12:35:56.625+0000] {logging_mixin.py:120} INFO - [2025-11-22T12:35:56.625+0000] {dag.py:2585} INFO - Sync 1 DAGs
[2025-11-22T12:35:56.656+0000] {logging_mixin.py:120} INFO - [2025-11-22T12:35:56.656+0000] {dag.py:3340} INFO - Setting next_dagrun for example_branch_operator to 2025-11-21T00:00:00+00:00, run_after=2025-11-22T00:00:00+00:00
[2025-11-22T12:35:56.682+0000] {processor.py:176} INFO - Processing /home/airflow/.local/lib/python3.7/site-packages/airflow/example_dags/example_branch_operator.py took 0.145 seconds
[2025-11-22T12:36:27.490+0000] {processor.py:154} INFO - Started process (PID=2612) to work on /home/airflow/.local/lib/python3.7/site-packages/airflow/example_dags/example_branch_operator.py
[2025-11-22T12:36:27.492+0000] {processor.py:756} INFO - Processing file /home/airflow/.local/lib/python3.7/site-packages/airflow/example_dags/example_branch_operator.py for tasks to queue
[2025-11-22T12:36:27.493+0000] {logging_mixin.py:120} INFO - [2025-11-22T12:36:27.493+0000] {dagbag.py:537} INFO - Filling up the DagBag from /home/airflow/.local/lib/python3.7/site-packages/airflow/example_dags/example_branch_operator.py
[2025-11-22T12:36:27.516+0000] {processor.py:766} INFO - DAG(s) dict_keys(['example_branch_operator']) retrieved from /home/airflow/.local/lib/python3.7/site-packages/airflow/example_dags/example_branch_operator.py
[2025-11-22T12:36:27.577+0000] {logging_mixin.py:120} INFO - [2025-11-22T12:36:27.577+0000] {dag.py:2585} INFO - Sync 1 DAGs
[2025-11-22T12:36:27.629+0000] {logging_mixin.py:120} INFO - [2025-11-22T12:36:27.628+0000] {dag.py:3340} INFO - Setting next_dagrun for example_branch_operator to 2025-11-21T00:00:00+00:00, run_after=2025-11-22T00:00:00+00:00
[2025-11-22T12:36:27.710+0000] {processor.py:176} INFO - Processing /home/airflow/.local/lib/python3.7/site-packages/airflow/example_dags/example_branch_operator.py took 0.227 seconds
[2025-11-22T12:36:57.964+0000] {processor.py:154} INFO - Started process (PID=2678) to work on /home/airflow/.local/lib/python3.7/site-packages/airflow/example_dags/example_branch_operator.py
[2025-11-22T12:36:57.969+0000] {processor.py:756} INFO - Processing file /home/airflow/.local/lib/python3.7/site-packages/airflow/example_dags/example_branch_operator.py for tasks to queue
[2025-11-22T12:36:57.972+0000] {logging_mixin.py:120} INFO - [2025-11-22T12:36:57.972+0000] {dagbag.py:537} INFO - Filling up the DagBag from /home/airflow/.local/lib/python3.7/site-packages/airflow/example_dags/example_branch_operator.py
[2025-11-22T12:36:58.021+0000] {processor.py:766} INFO - DAG(s) dict_keys(['example_branch_operator']) retrieved from /home/airflow/.local/lib/python3.7/site-packages/airflow/example_dags/example_branch_operator.py
[2025-11-22T12:36:58.221+0000] {logging_mixin.py:120} INFO - [2025-11-22T12:36:58.221+0000] {dag.py:2585} INFO - Sync 1 DAGs
[2025-11-22T12:36:58.333+0000] {logging_mixin.py:120} INFO - [2025-11-22T12:36:58.333+0000] {dag.py:3340} INFO - Setting next_dagrun for example_branch_operator to 2025-11-21T00:00:00+00:00, run_after=2025-11-22T00:00:00+00:00
[2025-11-22T12:36:58.392+0000] {processor.py:176} INFO - Processing /home/airflow/.local/lib/python3.7/site-packages/airflow/example_dags/example_branch_operator.py took 0.435 seconds
[2025-11-22T12:37:29.187+0000] {processor.py:154} INFO - Started process (PID=2733) to work on /home/airflow/.local/lib/python3.7/site-packages/airflow/example_dags/example_branch_operator.py
[2025-11-22T12:37:29.190+0000] {processor.py:756} INFO - Processing file /home/airflow/.local/lib/python3.7/site-packages/airflow/example_dags/example_branch_operator.py for tasks to queue
[2025-11-22T12:37:29.198+0000] {logging_mixin.py:120} INFO - [2025-11-22T12:37:29.198+0000] {dagbag.py:537} INFO - Filling up the DagBag from /home/airflow/.local/lib/python3.7/site-packages/airflow/example_dags/example_branch_operator.py
[2025-11-22T12:37:29.234+0000] {processor.py:766} INFO - DAG(s) dict_keys(['example_branch_operator']) retrieved from /home/airflow/.local/lib/python3.7/site-packages/airflow/example_dags/example_branch_operator.py
[2025-11-22T12:37:29.329+0000] {logging_mixin.py:120} INFO - [2025-11-22T12:37:29.329+0000] {dag.py:2585} INFO - Sync 1 DAGs
[2025-11-22T12:37:29.394+0000] {logging_mixin.py:120} INFO - [2025-11-22T12:37:29.394+0000] {dag.py:3340} INFO - Setting next_dagrun for example_branch_operator to 2025-11-21T00:00:00+00:00, run_after=2025-11-22T00:00:00+00:00
[2025-11-22T12:37:29.442+0000] {processor.py:176} INFO - Processing /home/airflow/.local/lib/python3.7/site-packages/airflow/example_dags/example_branch_operator.py took 0.264 seconds
[2025-11-22T12:37:59.541+0000] {processor.py:154} INFO - Started process (PID=2798) to work on /home/airflow/.local/lib/python3.7/site-packages/airflow/example_dags/example_branch_operator.py
[2025-11-22T12:37:59.543+0000] {processor.py:756} INFO - Processing file /home/airflow/.local/lib/python3.7/site-packages/airflow/example_dags/example_branch_operator.py for tasks to queue
[2025-11-22T12:37:59.545+0000] {logging_mixin.py:120} INFO - [2025-11-22T12:37:59.544+0000] {dagbag.py:537} INFO - Filling up the DagBag from /home/airflow/.local/lib/python3.7/site-packages/airflow/example_dags/example_branch_operator.py
[2025-11-22T12:37:59.684+0000] {processor.py:766} INFO - DAG(s) dict_keys(['example_branch_operator']) retrieved from /home/airflow/.local/lib/python3.7/site-packages/airflow/example_dags/example_branch_operator.py
[2025-11-22T12:37:59.889+0000] {logging_mixin.py:120} INFO - [2025-11-22T12:37:59.888+0000] {dag.py:2585} INFO - Sync 1 DAGs
[2025-11-22T12:37:59.937+0000] {logging_mixin.py:120} INFO - [2025-11-22T12:37:59.937+0000] {dag.py:3340} INFO - Setting next_dagrun for example_branch_operator to 2025-11-21T00:00:00+00:00, run_after=2025-11-22T00:00:00+00:00
[2025-11-22T12:37:59.971+0000] {processor.py:176} INFO - Processing /home/airflow/.local/lib/python3.7/site-packages/airflow/example_dags/example_branch_operator.py took 0.439 seconds
[2025-11-22T12:38:30.058+0000] {processor.py:154} INFO - Started process (PID=2854) to work on /home/airflow/.local/lib/python3.7/site-packages/airflow/example_dags/example_branch_operator.py
[2025-11-22T12:38:30.059+0000] {processor.py:756} INFO - Processing file /home/airflow/.local/lib/python3.7/site-packages/airflow/example_dags/example_branch_operator.py for tasks to queue
[2025-11-22T12:38:30.061+0000] {logging_mixin.py:120} INFO - [2025-11-22T12:38:30.061+0000] {dagbag.py:537} INFO - Filling up the DagBag from /home/airflow/.local/lib/python3.7/site-packages/airflow/example_dags/example_branch_operator.py
[2025-11-22T12:38:30.084+0000] {processor.py:766} INFO - DAG(s) dict_keys(['example_branch_operator']) retrieved from /home/airflow/.local/lib/python3.7/site-packages/airflow/example_dags/example_branch_operator.py
[2025-11-22T12:38:30.140+0000] {logging_mixin.py:120} INFO - [2025-11-22T12:38:30.140+0000] {dag.py:2585} INFO - Sync 1 DAGs
[2025-11-22T12:38:30.172+0000] {logging_mixin.py:120} INFO - [2025-11-22T12:38:30.172+0000] {dag.py:3340} INFO - Setting next_dagrun for example_branch_operator to 2025-11-21T00:00:00+00:00, run_after=2025-11-22T00:00:00+00:00
[2025-11-22T12:38:30.206+0000] {processor.py:176} INFO - Processing /home/airflow/.local/lib/python3.7/site-packages/airflow/example_dags/example_branch_operator.py took 0.157 seconds
[2025-11-22T12:39:00.704+0000] {processor.py:154} INFO - Started process (PID=2920) to work on /home/airflow/.local/lib/python3.7/site-packages/airflow/example_dags/example_branch_operator.py
[2025-11-22T12:39:00.706+0000] {processor.py:756} INFO - Processing file /home/airflow/.local/lib/python3.7/site-packages/airflow/example_dags/example_branch_operator.py for tasks to queue
[2025-11-22T12:39:00.707+0000] {logging_mixin.py:120} INFO - [2025-11-22T12:39:00.707+0000] {dagbag.py:537} INFO - Filling up the DagBag from /home/airflow/.local/lib/python3.7/site-packages/airflow/example_dags/example_branch_operator.py
[2025-11-22T12:39:00.735+0000] {processor.py:766} INFO - DAG(s) dict_keys(['example_branch_operator']) retrieved from /home/airflow/.local/lib/python3.7/site-packages/airflow/example_dags/example_branch_operator.py
[2025-11-22T12:39:00.809+0000] {logging_mixin.py:120} INFO - [2025-11-22T12:39:00.809+0000] {dag.py:2585} INFO - Sync 1 DAGs
[2025-11-22T12:39:00.857+0000] {logging_mixin.py:120} INFO - [2025-11-22T12:39:00.857+0000] {dag.py:3340} INFO - Setting next_dagrun for example_branch_operator to 2025-11-21T00:00:00+00:00, run_after=2025-11-22T00:00:00+00:00
[2025-11-22T12:39:00.884+0000] {processor.py:176} INFO - Processing /home/airflow/.local/lib/python3.7/site-packages/airflow/example_dags/example_branch_operator.py took 0.187 seconds
[2025-11-22T12:39:31.634+0000] {processor.py:154} INFO - Started process (PID=2976) to work on /home/airflow/.local/lib/python3.7/site-packages/airflow/example_dags/example_branch_operator.py
[2025-11-22T12:39:31.641+0000] {processor.py:756} INFO - Processing file /home/airflow/.local/lib/python3.7/site-packages/airflow/example_dags/example_branch_operator.py for tasks to queue
[2025-11-22T12:39:31.643+0000] {logging_mixin.py:120} INFO - [2025-11-22T12:39:31.643+0000] {dagbag.py:537} INFO - Filling up the DagBag from /home/airflow/.local/lib/python3.7/site-packages/airflow/example_dags/example_branch_operator.py
[2025-11-22T12:39:31.675+0000] {processor.py:766} INFO - DAG(s) dict_keys(['example_branch_operator']) retrieved from /home/airflow/.local/lib/python3.7/site-packages/airflow/example_dags/example_branch_operator.py
[2025-11-22T12:39:31.748+0000] {logging_mixin.py:120} INFO - [2025-11-22T12:39:31.747+0000] {dag.py:2585} INFO - Sync 1 DAGs
[2025-11-22T12:39:31.831+0000] {logging_mixin.py:120} INFO - [2025-11-22T12:39:31.830+0000] {dag.py:3340} INFO - Setting next_dagrun for example_branch_operator to 2025-11-21T00:00:00+00:00, run_after=2025-11-22T00:00:00+00:00
[2025-11-22T12:39:31.871+0000] {processor.py:176} INFO - Processing /home/airflow/.local/lib/python3.7/site-packages/airflow/example_dags/example_branch_operator.py took 0.244 seconds
[2025-11-22T12:40:02.435+0000] {processor.py:154} INFO - Started process (PID=3041) to work on /home/airflow/.local/lib/python3.7/site-packages/airflow/example_dags/example_branch_operator.py
[2025-11-22T12:40:02.437+0000] {processor.py:756} INFO - Processing file /home/airflow/.local/lib/python3.7/site-packages/airflow/example_dags/example_branch_operator.py for tasks to queue
[2025-11-22T12:40:02.438+0000] {logging_mixin.py:120} INFO - [2025-11-22T12:40:02.438+0000] {dagbag.py:537} INFO - Filling up the DagBag from /home/airflow/.local/lib/python3.7/site-packages/airflow/example_dags/example_branch_operator.py
[2025-11-22T12:40:02.469+0000] {processor.py:766} INFO - DAG(s) dict_keys(['example_branch_operator']) retrieved from /home/airflow/.local/lib/python3.7/site-packages/airflow/example_dags/example_branch_operator.py
[2025-11-22T12:40:02.533+0000] {logging_mixin.py:120} INFO - [2025-11-22T12:40:02.533+0000] {dag.py:2585} INFO - Sync 1 DAGs
[2025-11-22T12:40:02.590+0000] {logging_mixin.py:120} INFO - [2025-11-22T12:40:02.590+0000] {dag.py:3340} INFO - Setting next_dagrun for example_branch_operator to 2025-11-21T00:00:00+00:00, run_after=2025-11-22T00:00:00+00:00
[2025-11-22T12:40:02.644+0000] {processor.py:176} INFO - Processing /home/airflow/.local/lib/python3.7/site-packages/airflow/example_dags/example_branch_operator.py took 0.215 seconds
[2025-11-22T12:40:32.880+0000] {processor.py:154} INFO - Started process (PID=3097) to work on /home/airflow/.local/lib/python3.7/site-packages/airflow/example_dags/example_branch_operator.py
[2025-11-22T12:40:32.881+0000] {processor.py:756} INFO - Processing file /home/airflow/.local/lib/python3.7/site-packages/airflow/example_dags/example_branch_operator.py for tasks to queue
[2025-11-22T12:40:32.882+0000] {logging_mixin.py:120} INFO - [2025-11-22T12:40:32.882+0000] {dagbag.py:537} INFO - Filling up the DagBag from /home/airflow/.local/lib/python3.7/site-packages/airflow/example_dags/example_branch_operator.py
[2025-11-22T12:40:32.904+0000] {processor.py:766} INFO - DAG(s) dict_keys(['example_branch_operator']) retrieved from /home/airflow/.local/lib/python3.7/site-packages/airflow/example_dags/example_branch_operator.py
[2025-11-22T12:40:32.953+0000] {logging_mixin.py:120} INFO - [2025-11-22T12:40:32.953+0000] {dag.py:2585} INFO - Sync 1 DAGs
[2025-11-22T12:40:32.983+0000] {logging_mixin.py:120} INFO - [2025-11-22T12:40:32.983+0000] {dag.py:3340} INFO - Setting next_dagrun for example_branch_operator to 2025-11-21T00:00:00+00:00, run_after=2025-11-22T00:00:00+00:00
[2025-11-22T12:40:33.011+0000] {processor.py:176} INFO - Processing /home/airflow/.local/lib/python3.7/site-packages/airflow/example_dags/example_branch_operator.py took 0.135 seconds
[2025-11-22T12:41:04.586+0000] {processor.py:154} INFO - Started process (PID=3164) to work on /home/airflow/.local/lib/python3.7/site-packages/airflow/example_dags/example_branch_operator.py
[2025-11-22T12:41:04.588+0000] {processor.py:756} INFO - Processing file /home/airflow/.local/lib/python3.7/site-packages/airflow/example_dags/example_branch_operator.py for tasks to queue
[2025-11-22T12:41:04.590+0000] {logging_mixin.py:120} INFO - [2025-11-22T12:41:04.589+0000] {dagbag.py:537} INFO - Filling up the DagBag from /home/airflow/.local/lib/python3.7/site-packages/airflow/example_dags/example_branch_operator.py
[2025-11-22T12:41:04.643+0000] {processor.py:766} INFO - DAG(s) dict_keys(['example_branch_operator']) retrieved from /home/airflow/.local/lib/python3.7/site-packages/airflow/example_dags/example_branch_operator.py
[2025-11-22T12:41:04.703+0000] {logging_mixin.py:120} INFO - [2025-11-22T12:41:04.703+0000] {dag.py:2585} INFO - Sync 1 DAGs
[2025-11-22T12:41:04.746+0000] {logging_mixin.py:120} INFO - [2025-11-22T12:41:04.746+0000] {dag.py:3340} INFO - Setting next_dagrun for example_branch_operator to 2025-11-21T00:00:00+00:00, run_after=2025-11-22T00:00:00+00:00
[2025-11-22T12:41:04.788+0000] {processor.py:176} INFO - Processing /home/airflow/.local/lib/python3.7/site-packages/airflow/example_dags/example_branch_operator.py took 0.210 seconds
[2025-11-22T12:41:35.386+0000] {processor.py:154} INFO - Started process (PID=3229) to work on /home/airflow/.local/lib/python3.7/site-packages/airflow/example_dags/example_branch_operator.py
[2025-11-22T12:41:35.391+0000] {processor.py:756} INFO - Processing file /home/airflow/.local/lib/python3.7/site-packages/airflow/example_dags/example_branch_operator.py for tasks to queue
[2025-11-22T12:41:35.393+0000] {logging_mixin.py:120} INFO - [2025-11-22T12:41:35.392+0000] {dagbag.py:537} INFO - Filling up the DagBag from /home/airflow/.local/lib/python3.7/site-packages/airflow/example_dags/example_branch_operator.py
[2025-11-22T12:41:35.434+0000] {processor.py:766} INFO - DAG(s) dict_keys(['example_branch_operator']) retrieved from /home/airflow/.local/lib/python3.7/site-packages/airflow/example_dags/example_branch_operator.py
[2025-11-22T12:41:35.526+0000] {logging_mixin.py:120} INFO - [2025-11-22T12:41:35.526+0000] {dag.py:2585} INFO - Sync 1 DAGs
[2025-11-22T12:41:35.576+0000] {logging_mixin.py:120} INFO - [2025-11-22T12:41:35.576+0000] {dag.py:3340} INFO - Setting next_dagrun for example_branch_operator to 2025-11-21T00:00:00+00:00, run_after=2025-11-22T00:00:00+00:00
[2025-11-22T12:41:35.618+0000] {processor.py:176} INFO - Processing /home/airflow/.local/lib/python3.7/site-packages/airflow/example_dags/example_branch_operator.py took 0.239 seconds
[2025-11-22T12:42:05.972+0000] {processor.py:154} INFO - Started process (PID=3285) to work on /home/airflow/.local/lib/python3.7/site-packages/airflow/example_dags/example_branch_operator.py
[2025-11-22T12:42:05.974+0000] {processor.py:756} INFO - Processing file /home/airflow/.local/lib/python3.7/site-packages/airflow/example_dags/example_branch_operator.py for tasks to queue
[2025-11-22T12:42:05.976+0000] {logging_mixin.py:120} INFO - [2025-11-22T12:42:05.975+0000] {dagbag.py:537} INFO - Filling up the DagBag from /home/airflow/.local/lib/python3.7/site-packages/airflow/example_dags/example_branch_operator.py
[2025-11-22T12:42:06.006+0000] {processor.py:766} INFO - DAG(s) dict_keys(['example_branch_operator']) retrieved from /home/airflow/.local/lib/python3.7/site-packages/airflow/example_dags/example_branch_operator.py
[2025-11-22T12:42:06.085+0000] {logging_mixin.py:120} INFO - [2025-11-22T12:42:06.084+0000] {dag.py:2585} INFO - Sync 1 DAGs
[2025-11-22T12:42:06.134+0000] {logging_mixin.py:120} INFO - [2025-11-22T12:42:06.133+0000] {dag.py:3340} INFO - Setting next_dagrun for example_branch_operator to 2025-11-21T00:00:00+00:00, run_after=2025-11-22T00:00:00+00:00
[2025-11-22T12:42:06.182+0000] {processor.py:176} INFO - Processing /home/airflow/.local/lib/python3.7/site-packages/airflow/example_dags/example_branch_operator.py took 0.214 seconds
[2025-11-22T12:42:36.885+0000] {processor.py:154} INFO - Started process (PID=3347) to work on /home/airflow/.local/lib/python3.7/site-packages/airflow/example_dags/example_branch_operator.py
[2025-11-22T12:42:36.887+0000] {processor.py:756} INFO - Processing file /home/airflow/.local/lib/python3.7/site-packages/airflow/example_dags/example_branch_operator.py for tasks to queue
[2025-11-22T12:42:36.888+0000] {logging_mixin.py:120} INFO - [2025-11-22T12:42:36.888+0000] {dagbag.py:537} INFO - Filling up the DagBag from /home/airflow/.local/lib/python3.7/site-packages/airflow/example_dags/example_branch_operator.py
[2025-11-22T12:42:36.957+0000] {processor.py:766} INFO - DAG(s) dict_keys(['example_branch_operator']) retrieved from /home/airflow/.local/lib/python3.7/site-packages/airflow/example_dags/example_branch_operator.py
[2025-11-22T12:42:37.055+0000] {logging_mixin.py:120} INFO - [2025-11-22T12:42:37.055+0000] {dag.py:2585} INFO - Sync 1 DAGs
[2025-11-22T12:42:37.224+0000] {logging_mixin.py:120} INFO - [2025-11-22T12:42:37.224+0000] {dag.py:3340} INFO - Setting next_dagrun for example_branch_operator to 2025-11-21T00:00:00+00:00, run_after=2025-11-22T00:00:00+00:00
[2025-11-22T12:42:37.290+0000] {processor.py:176} INFO - Processing /home/airflow/.local/lib/python3.7/site-packages/airflow/example_dags/example_branch_operator.py took 0.411 seconds
[2025-11-22T12:43:07.402+0000] {processor.py:154} INFO - Started process (PID=3405) to work on /home/airflow/.local/lib/python3.7/site-packages/airflow/example_dags/example_branch_operator.py
[2025-11-22T12:43:07.404+0000] {processor.py:756} INFO - Processing file /home/airflow/.local/lib/python3.7/site-packages/airflow/example_dags/example_branch_operator.py for tasks to queue
[2025-11-22T12:43:07.405+0000] {logging_mixin.py:120} INFO - [2025-11-22T12:43:07.405+0000] {dagbag.py:537} INFO - Filling up the DagBag from /home/airflow/.local/lib/python3.7/site-packages/airflow/example_dags/example_branch_operator.py
[2025-11-22T12:43:07.430+0000] {processor.py:766} INFO - DAG(s) dict_keys(['example_branch_operator']) retrieved from /home/airflow/.local/lib/python3.7/site-packages/airflow/example_dags/example_branch_operator.py
[2025-11-22T12:43:07.485+0000] {logging_mixin.py:120} INFO - [2025-11-22T12:43:07.485+0000] {dag.py:2585} INFO - Sync 1 DAGs
[2025-11-22T12:43:07.517+0000] {logging_mixin.py:120} INFO - [2025-11-22T12:43:07.517+0000] {dag.py:3340} INFO - Setting next_dagrun for example_branch_operator to 2025-11-21T00:00:00+00:00, run_after=2025-11-22T00:00:00+00:00
[2025-11-22T12:43:07.549+0000] {processor.py:176} INFO - Processing /home/airflow/.local/lib/python3.7/site-packages/airflow/example_dags/example_branch_operator.py took 0.150 seconds
[2025-11-22T12:43:38.208+0000] {processor.py:154} INFO - Started process (PID=3461) to work on /home/airflow/.local/lib/python3.7/site-packages/airflow/example_dags/example_branch_operator.py
[2025-11-22T12:43:38.211+0000] {processor.py:756} INFO - Processing file /home/airflow/.local/lib/python3.7/site-packages/airflow/example_dags/example_branch_operator.py for tasks to queue
[2025-11-22T12:43:38.214+0000] {logging_mixin.py:120} INFO - [2025-11-22T12:43:38.213+0000] {dagbag.py:537} INFO - Filling up the DagBag from /home/airflow/.local/lib/python3.7/site-packages/airflow/example_dags/example_branch_operator.py
[2025-11-22T12:43:38.255+0000] {processor.py:766} INFO - DAG(s) dict_keys(['example_branch_operator']) retrieved from /home/airflow/.local/lib/python3.7/site-packages/airflow/example_dags/example_branch_operator.py
[2025-11-22T12:43:38.355+0000] {logging_mixin.py:120} INFO - [2025-11-22T12:43:38.355+0000] {dag.py:2585} INFO - Sync 1 DAGs
[2025-11-22T12:43:38.409+0000] {logging_mixin.py:120} INFO - [2025-11-22T12:43:38.408+0000] {dag.py:3340} INFO - Setting next_dagrun for example_branch_operator to 2025-11-21T00:00:00+00:00, run_after=2025-11-22T00:00:00+00:00
[2025-11-22T12:43:38.457+0000] {processor.py:176} INFO - Processing /home/airflow/.local/lib/python3.7/site-packages/airflow/example_dags/example_branch_operator.py took 0.256 seconds
[2025-11-22T12:44:08.650+0000] {processor.py:154} INFO - Started process (PID=3525) to work on /home/airflow/.local/lib/python3.7/site-packages/airflow/example_dags/example_branch_operator.py
[2025-11-22T12:44:08.653+0000] {processor.py:756} INFO - Processing file /home/airflow/.local/lib/python3.7/site-packages/airflow/example_dags/example_branch_operator.py for tasks to queue
[2025-11-22T12:44:08.655+0000] {logging_mixin.py:120} INFO - [2025-11-22T12:44:08.655+0000] {dagbag.py:537} INFO - Filling up the DagBag from /home/airflow/.local/lib/python3.7/site-packages/airflow/example_dags/example_branch_operator.py
[2025-11-22T12:44:08.693+0000] {processor.py:766} INFO - DAG(s) dict_keys(['example_branch_operator']) retrieved from /home/airflow/.local/lib/python3.7/site-packages/airflow/example_dags/example_branch_operator.py
[2025-11-22T12:44:08.769+0000] {logging_mixin.py:120} INFO - [2025-11-22T12:44:08.769+0000] {dag.py:2585} INFO - Sync 1 DAGs
[2025-11-22T12:44:08.821+0000] {logging_mixin.py:120} INFO - [2025-11-22T12:44:08.820+0000] {dag.py:3340} INFO - Setting next_dagrun for example_branch_operator to 2025-11-21T00:00:00+00:00, run_after=2025-11-22T00:00:00+00:00
[2025-11-22T12:44:08.854+0000] {processor.py:176} INFO - Processing /home/airflow/.local/lib/python3.7/site-packages/airflow/example_dags/example_branch_operator.py took 0.212 seconds
[2025-11-22T12:44:40.170+0000] {processor.py:154} INFO - Started process (PID=3586) to work on /home/airflow/.local/lib/python3.7/site-packages/airflow/example_dags/example_branch_operator.py
[2025-11-22T12:44:40.172+0000] {processor.py:756} INFO - Processing file /home/airflow/.local/lib/python3.7/site-packages/airflow/example_dags/example_branch_operator.py for tasks to queue
[2025-11-22T12:44:40.184+0000] {logging_mixin.py:120} INFO - [2025-11-22T12:44:40.184+0000] {dagbag.py:537} INFO - Filling up the DagBag from /home/airflow/.local/lib/python3.7/site-packages/airflow/example_dags/example_branch_operator.py
[2025-11-22T12:44:40.273+0000] {processor.py:766} INFO - DAG(s) dict_keys(['example_branch_operator']) retrieved from /home/airflow/.local/lib/python3.7/site-packages/airflow/example_dags/example_branch_operator.py
[2025-11-22T12:44:40.634+0000] {logging_mixin.py:120} INFO - [2025-11-22T12:44:40.634+0000] {dag.py:2585} INFO - Sync 1 DAGs
[2025-11-22T12:44:40.775+0000] {logging_mixin.py:120} INFO - [2025-11-22T12:44:40.775+0000] {dag.py:3340} INFO - Setting next_dagrun for example_branch_operator to 2025-11-21T00:00:00+00:00, run_after=2025-11-22T00:00:00+00:00
[2025-11-22T12:44:40.896+0000] {processor.py:176} INFO - Processing /home/airflow/.local/lib/python3.7/site-packages/airflow/example_dags/example_branch_operator.py took 0.743 seconds
[2025-11-22T12:45:11.542+0000] {processor.py:154} INFO - Started process (PID=3646) to work on /home/airflow/.local/lib/python3.7/site-packages/airflow/example_dags/example_branch_operator.py
[2025-11-22T12:45:11.544+0000] {processor.py:756} INFO - Processing file /home/airflow/.local/lib/python3.7/site-packages/airflow/example_dags/example_branch_operator.py for tasks to queue
[2025-11-22T12:45:11.545+0000] {logging_mixin.py:120} INFO - [2025-11-22T12:45:11.545+0000] {dagbag.py:537} INFO - Filling up the DagBag from /home/airflow/.local/lib/python3.7/site-packages/airflow/example_dags/example_branch_operator.py
[2025-11-22T12:45:11.572+0000] {processor.py:766} INFO - DAG(s) dict_keys(['example_branch_operator']) retrieved from /home/airflow/.local/lib/python3.7/site-packages/airflow/example_dags/example_branch_operator.py
[2025-11-22T12:45:11.643+0000] {logging_mixin.py:120} INFO - [2025-11-22T12:45:11.642+0000] {dag.py:2585} INFO - Sync 1 DAGs
[2025-11-22T12:45:11.684+0000] {logging_mixin.py:120} INFO - [2025-11-22T12:45:11.684+0000] {dag.py:3340} INFO - Setting next_dagrun for example_branch_operator to 2025-11-21T00:00:00+00:00, run_after=2025-11-22T00:00:00+00:00
[2025-11-22T12:45:11.732+0000] {processor.py:176} INFO - Processing /home/airflow/.local/lib/python3.7/site-packages/airflow/example_dags/example_branch_operator.py took 0.194 seconds
[2025-11-22T12:45:42.314+0000] {processor.py:154} INFO - Started process (PID=3702) to work on /home/airflow/.local/lib/python3.7/site-packages/airflow/example_dags/example_branch_operator.py
[2025-11-22T12:45:42.316+0000] {processor.py:756} INFO - Processing file /home/airflow/.local/lib/python3.7/site-packages/airflow/example_dags/example_branch_operator.py for tasks to queue
[2025-11-22T12:45:42.317+0000] {logging_mixin.py:120} INFO - [2025-11-22T12:45:42.317+0000] {dagbag.py:537} INFO - Filling up the DagBag from /home/airflow/.local/lib/python3.7/site-packages/airflow/example_dags/example_branch_operator.py
[2025-11-22T12:45:42.351+0000] {processor.py:766} INFO - DAG(s) dict_keys(['example_branch_operator']) retrieved from /home/airflow/.local/lib/python3.7/site-packages/airflow/example_dags/example_branch_operator.py
[2025-11-22T12:45:42.429+0000] {logging_mixin.py:120} INFO - [2025-11-22T12:45:42.428+0000] {dag.py:2585} INFO - Sync 1 DAGs
[2025-11-22T12:45:42.480+0000] {logging_mixin.py:120} INFO - [2025-11-22T12:45:42.479+0000] {dag.py:3340} INFO - Setting next_dagrun for example_branch_operator to 2025-11-21T00:00:00+00:00, run_after=2025-11-22T00:00:00+00:00
[2025-11-22T12:45:42.513+0000] {processor.py:176} INFO - Processing /home/airflow/.local/lib/python3.7/site-packages/airflow/example_dags/example_branch_operator.py took 0.206 seconds
