[2025-11-22T08:53:07.101+0000] {processor.py:154} INFO - Started process (PID=52) to work on /home/airflow/.local/lib/python3.7/site-packages/airflow/example_dags/example_sla_dag.py
[2025-11-22T08:53:07.106+0000] {processor.py:756} INFO - Processing file /home/airflow/.local/lib/python3.7/site-packages/airflow/example_dags/example_sla_dag.py for tasks to queue
[2025-11-22T08:53:07.107+0000] {logging_mixin.py:120} INFO - [2025-11-22T08:53:07.107+0000] {dagbag.py:537} INFO - Filling up the DagBag from /home/airflow/.local/lib/python3.7/site-packages/airflow/example_dags/example_sla_dag.py
[2025-11-22T08:53:07.202+0000] {processor.py:766} INFO - DAG(s) dict_keys(['example_sla_dag']) retrieved from /home/airflow/.local/lib/python3.7/site-packages/airflow/example_dags/example_sla_dag.py
[2025-11-22T08:53:07.331+0000] {logging_mixin.py:120} INFO - [2025-11-22T08:53:07.331+0000] {dag.py:2585} INFO - Sync 1 DAGs
[2025-11-22T08:53:07.452+0000] {logging_mixin.py:120} INFO - [2025-11-22T08:53:07.445+0000] {dag.py:3340} INFO - Setting next_dagrun for example_sla_dag to 2025-11-22T08:50:00+00:00, run_after=2025-11-22T08:52:00+00:00
[2025-11-22T08:53:07.646+0000] {processor.py:176} INFO - Processing /home/airflow/.local/lib/python3.7/site-packages/airflow/example_dags/example_sla_dag.py took 0.552 seconds
[2025-11-22T08:54:01.428+0000] {processor.py:154} INFO - Started process (PID=114) to work on /home/airflow/.local/lib/python3.7/site-packages/airflow/example_dags/example_sla_dag.py
[2025-11-22T08:54:01.477+0000] {processor.py:756} INFO - Processing file /home/airflow/.local/lib/python3.7/site-packages/airflow/example_dags/example_sla_dag.py for tasks to queue
[2025-11-22T08:54:01.486+0000] {logging_mixin.py:120} INFO - [2025-11-22T08:54:01.486+0000] {dagbag.py:537} INFO - Filling up the DagBag from /home/airflow/.local/lib/python3.7/site-packages/airflow/example_dags/example_sla_dag.py
[2025-11-22T08:54:01.861+0000] {processor.py:766} INFO - DAG(s) dict_keys(['example_sla_dag']) retrieved from /home/airflow/.local/lib/python3.7/site-packages/airflow/example_dags/example_sla_dag.py
[2025-11-22T08:54:02.324+0000] {logging_mixin.py:120} INFO - [2025-11-22T08:54:02.323+0000] {dag.py:2585} INFO - Sync 1 DAGs
[2025-11-22T08:54:02.648+0000] {logging_mixin.py:120} INFO - [2025-11-22T08:54:02.648+0000] {dag.py:3340} INFO - Setting next_dagrun for example_sla_dag to 2025-11-22T08:52:00+00:00, run_after=2025-11-22T08:54:00+00:00
[2025-11-22T08:54:03.661+0000] {processor.py:176} INFO - Processing /home/airflow/.local/lib/python3.7/site-packages/airflow/example_dags/example_sla_dag.py took 2.242 seconds
[2025-11-22T08:54:34.015+0000] {processor.py:154} INFO - Started process (PID=159) to work on /home/airflow/.local/lib/python3.7/site-packages/airflow/example_dags/example_sla_dag.py
[2025-11-22T08:54:34.022+0000] {processor.py:756} INFO - Processing file /home/airflow/.local/lib/python3.7/site-packages/airflow/example_dags/example_sla_dag.py for tasks to queue
[2025-11-22T08:54:34.025+0000] {logging_mixin.py:120} INFO - [2025-11-22T08:54:34.025+0000] {dagbag.py:537} INFO - Filling up the DagBag from /home/airflow/.local/lib/python3.7/site-packages/airflow/example_dags/example_sla_dag.py
[2025-11-22T08:54:34.103+0000] {processor.py:766} INFO - DAG(s) dict_keys(['example_sla_dag']) retrieved from /home/airflow/.local/lib/python3.7/site-packages/airflow/example_dags/example_sla_dag.py
[2025-11-22T08:54:34.277+0000] {logging_mixin.py:120} INFO - [2025-11-22T08:54:34.276+0000] {dag.py:2585} INFO - Sync 1 DAGs
[2025-11-22T08:54:34.478+0000] {logging_mixin.py:120} INFO - [2025-11-22T08:54:34.477+0000] {dag.py:3340} INFO - Setting next_dagrun for example_sla_dag to 2025-11-22T08:52:00+00:00, run_after=2025-11-22T08:54:00+00:00
[2025-11-22T08:54:34.586+0000] {processor.py:176} INFO - Processing /home/airflow/.local/lib/python3.7/site-packages/airflow/example_dags/example_sla_dag.py took 0.576 seconds
[2025-11-22T08:55:04.860+0000] {processor.py:154} INFO - Started process (PID=212) to work on /home/airflow/.local/lib/python3.7/site-packages/airflow/example_dags/example_sla_dag.py
[2025-11-22T08:55:04.862+0000] {processor.py:756} INFO - Processing file /home/airflow/.local/lib/python3.7/site-packages/airflow/example_dags/example_sla_dag.py for tasks to queue
[2025-11-22T08:55:04.864+0000] {logging_mixin.py:120} INFO - [2025-11-22T08:55:04.864+0000] {dagbag.py:537} INFO - Filling up the DagBag from /home/airflow/.local/lib/python3.7/site-packages/airflow/example_dags/example_sla_dag.py
[2025-11-22T08:55:04.954+0000] {processor.py:766} INFO - DAG(s) dict_keys(['example_sla_dag']) retrieved from /home/airflow/.local/lib/python3.7/site-packages/airflow/example_dags/example_sla_dag.py
[2025-11-22T08:55:05.221+0000] {logging_mixin.py:120} INFO - [2025-11-22T08:55:05.221+0000] {dag.py:2585} INFO - Sync 1 DAGs
[2025-11-22T08:55:05.335+0000] {logging_mixin.py:120} INFO - [2025-11-22T08:55:05.334+0000] {dag.py:3340} INFO - Setting next_dagrun for example_sla_dag to 2025-11-22T08:52:00+00:00, run_after=2025-11-22T08:54:00+00:00
[2025-11-22T08:55:05.365+0000] {processor.py:176} INFO - Processing /home/airflow/.local/lib/python3.7/site-packages/airflow/example_dags/example_sla_dag.py took 0.510 seconds
[2025-11-22T08:55:35.719+0000] {processor.py:154} INFO - Started process (PID=266) to work on /home/airflow/.local/lib/python3.7/site-packages/airflow/example_dags/example_sla_dag.py
[2025-11-22T08:55:35.720+0000] {processor.py:756} INFO - Processing file /home/airflow/.local/lib/python3.7/site-packages/airflow/example_dags/example_sla_dag.py for tasks to queue
[2025-11-22T08:55:35.722+0000] {logging_mixin.py:120} INFO - [2025-11-22T08:55:35.722+0000] {dagbag.py:537} INFO - Filling up the DagBag from /home/airflow/.local/lib/python3.7/site-packages/airflow/example_dags/example_sla_dag.py
[2025-11-22T08:55:35.780+0000] {processor.py:766} INFO - DAG(s) dict_keys(['example_sla_dag']) retrieved from /home/airflow/.local/lib/python3.7/site-packages/airflow/example_dags/example_sla_dag.py
[2025-11-22T08:55:35.890+0000] {logging_mixin.py:120} INFO - [2025-11-22T08:55:35.890+0000] {dag.py:2585} INFO - Sync 1 DAGs
[2025-11-22T08:55:35.957+0000] {logging_mixin.py:120} INFO - [2025-11-22T08:55:35.956+0000] {dag.py:3340} INFO - Setting next_dagrun for example_sla_dag to 2025-11-22T08:52:00+00:00, run_after=2025-11-22T08:54:00+00:00
[2025-11-22T08:55:36.005+0000] {processor.py:176} INFO - Processing /home/airflow/.local/lib/python3.7/site-packages/airflow/example_dags/example_sla_dag.py took 0.298 seconds
[2025-11-22T08:56:06.375+0000] {processor.py:154} INFO - Started process (PID=320) to work on /home/airflow/.local/lib/python3.7/site-packages/airflow/example_dags/example_sla_dag.py
[2025-11-22T08:56:06.385+0000] {processor.py:756} INFO - Processing file /home/airflow/.local/lib/python3.7/site-packages/airflow/example_dags/example_sla_dag.py for tasks to queue
[2025-11-22T08:56:06.388+0000] {logging_mixin.py:120} INFO - [2025-11-22T08:56:06.388+0000] {dagbag.py:537} INFO - Filling up the DagBag from /home/airflow/.local/lib/python3.7/site-packages/airflow/example_dags/example_sla_dag.py
[2025-11-22T08:56:06.468+0000] {processor.py:766} INFO - DAG(s) dict_keys(['example_sla_dag']) retrieved from /home/airflow/.local/lib/python3.7/site-packages/airflow/example_dags/example_sla_dag.py
[2025-11-22T08:56:06.628+0000] {logging_mixin.py:120} INFO - [2025-11-22T08:56:06.627+0000] {dag.py:2585} INFO - Sync 1 DAGs
[2025-11-22T08:56:06.688+0000] {logging_mixin.py:120} INFO - [2025-11-22T08:56:06.688+0000] {dag.py:3340} INFO - Setting next_dagrun for example_sla_dag to 2025-11-22T08:54:00+00:00, run_after=2025-11-22T08:56:00+00:00
[2025-11-22T08:56:06.755+0000] {processor.py:176} INFO - Processing /home/airflow/.local/lib/python3.7/site-packages/airflow/example_dags/example_sla_dag.py took 0.387 seconds
[2025-11-22T08:56:37.195+0000] {processor.py:154} INFO - Started process (PID=383) to work on /home/airflow/.local/lib/python3.7/site-packages/airflow/example_dags/example_sla_dag.py
[2025-11-22T08:56:37.197+0000] {processor.py:756} INFO - Processing file /home/airflow/.local/lib/python3.7/site-packages/airflow/example_dags/example_sla_dag.py for tasks to queue
[2025-11-22T08:56:37.199+0000] {logging_mixin.py:120} INFO - [2025-11-22T08:56:37.199+0000] {dagbag.py:537} INFO - Filling up the DagBag from /home/airflow/.local/lib/python3.7/site-packages/airflow/example_dags/example_sla_dag.py
[2025-11-22T08:56:37.232+0000] {processor.py:766} INFO - DAG(s) dict_keys(['example_sla_dag']) retrieved from /home/airflow/.local/lib/python3.7/site-packages/airflow/example_dags/example_sla_dag.py
[2025-11-22T08:56:37.293+0000] {logging_mixin.py:120} INFO - [2025-11-22T08:56:37.293+0000] {dag.py:2585} INFO - Sync 1 DAGs
[2025-11-22T08:56:37.338+0000] {logging_mixin.py:120} INFO - [2025-11-22T08:56:37.337+0000] {dag.py:3340} INFO - Setting next_dagrun for example_sla_dag to 2025-11-22T08:54:00+00:00, run_after=2025-11-22T08:56:00+00:00
[2025-11-22T08:56:37.367+0000] {processor.py:176} INFO - Processing /home/airflow/.local/lib/python3.7/site-packages/airflow/example_dags/example_sla_dag.py took 0.176 seconds
[2025-11-22T08:57:08.367+0000] {processor.py:154} INFO - Started process (PID=437) to work on /home/airflow/.local/lib/python3.7/site-packages/airflow/example_dags/example_sla_dag.py
[2025-11-22T08:57:08.368+0000] {processor.py:756} INFO - Processing file /home/airflow/.local/lib/python3.7/site-packages/airflow/example_dags/example_sla_dag.py for tasks to queue
[2025-11-22T08:57:08.369+0000] {logging_mixin.py:120} INFO - [2025-11-22T08:57:08.369+0000] {dagbag.py:537} INFO - Filling up the DagBag from /home/airflow/.local/lib/python3.7/site-packages/airflow/example_dags/example_sla_dag.py
[2025-11-22T08:57:08.399+0000] {processor.py:766} INFO - DAG(s) dict_keys(['example_sla_dag']) retrieved from /home/airflow/.local/lib/python3.7/site-packages/airflow/example_dags/example_sla_dag.py
[2025-11-22T08:57:08.462+0000] {logging_mixin.py:120} INFO - [2025-11-22T08:57:08.462+0000] {dag.py:2585} INFO - Sync 1 DAGs
[2025-11-22T08:57:08.496+0000] {logging_mixin.py:120} INFO - [2025-11-22T08:57:08.496+0000] {dag.py:3340} INFO - Setting next_dagrun for example_sla_dag to 2025-11-22T08:54:00+00:00, run_after=2025-11-22T08:56:00+00:00
[2025-11-22T08:57:08.523+0000] {processor.py:176} INFO - Processing /home/airflow/.local/lib/python3.7/site-packages/airflow/example_dags/example_sla_dag.py took 0.159 seconds
[2025-11-22T08:57:38.731+0000] {processor.py:154} INFO - Started process (PID=491) to work on /home/airflow/.local/lib/python3.7/site-packages/airflow/example_dags/example_sla_dag.py
[2025-11-22T08:57:38.732+0000] {processor.py:756} INFO - Processing file /home/airflow/.local/lib/python3.7/site-packages/airflow/example_dags/example_sla_dag.py for tasks to queue
[2025-11-22T08:57:38.734+0000] {logging_mixin.py:120} INFO - [2025-11-22T08:57:38.733+0000] {dagbag.py:537} INFO - Filling up the DagBag from /home/airflow/.local/lib/python3.7/site-packages/airflow/example_dags/example_sla_dag.py
[2025-11-22T08:57:38.783+0000] {processor.py:766} INFO - DAG(s) dict_keys(['example_sla_dag']) retrieved from /home/airflow/.local/lib/python3.7/site-packages/airflow/example_dags/example_sla_dag.py
[2025-11-22T08:57:38.864+0000] {logging_mixin.py:120} INFO - [2025-11-22T08:57:38.864+0000] {dag.py:2585} INFO - Sync 1 DAGs
[2025-11-22T08:57:38.921+0000] {logging_mixin.py:120} INFO - [2025-11-22T08:57:38.921+0000] {dag.py:3340} INFO - Setting next_dagrun for example_sla_dag to 2025-11-22T08:54:00+00:00, run_after=2025-11-22T08:56:00+00:00
[2025-11-22T08:57:38.953+0000] {processor.py:176} INFO - Processing /home/airflow/.local/lib/python3.7/site-packages/airflow/example_dags/example_sla_dag.py took 0.226 seconds
[2025-11-22T08:58:09.676+0000] {processor.py:154} INFO - Started process (PID=554) to work on /home/airflow/.local/lib/python3.7/site-packages/airflow/example_dags/example_sla_dag.py
[2025-11-22T08:58:09.678+0000] {processor.py:756} INFO - Processing file /home/airflow/.local/lib/python3.7/site-packages/airflow/example_dags/example_sla_dag.py for tasks to queue
[2025-11-22T08:58:09.679+0000] {logging_mixin.py:120} INFO - [2025-11-22T08:58:09.679+0000] {dagbag.py:537} INFO - Filling up the DagBag from /home/airflow/.local/lib/python3.7/site-packages/airflow/example_dags/example_sla_dag.py
[2025-11-22T08:58:09.705+0000] {processor.py:766} INFO - DAG(s) dict_keys(['example_sla_dag']) retrieved from /home/airflow/.local/lib/python3.7/site-packages/airflow/example_dags/example_sla_dag.py
[2025-11-22T08:58:09.757+0000] {logging_mixin.py:120} INFO - [2025-11-22T08:58:09.757+0000] {dag.py:2585} INFO - Sync 1 DAGs
[2025-11-22T08:58:09.791+0000] {logging_mixin.py:120} INFO - [2025-11-22T08:58:09.791+0000] {dag.py:3340} INFO - Setting next_dagrun for example_sla_dag to 2025-11-22T08:56:00+00:00, run_after=2025-11-22T08:58:00+00:00
[2025-11-22T08:58:09.817+0000] {processor.py:176} INFO - Processing /home/airflow/.local/lib/python3.7/site-packages/airflow/example_dags/example_sla_dag.py took 0.147 seconds
[2025-11-22T08:58:39.960+0000] {processor.py:154} INFO - Started process (PID=618) to work on /home/airflow/.local/lib/python3.7/site-packages/airflow/example_dags/example_sla_dag.py
[2025-11-22T08:58:39.962+0000] {processor.py:756} INFO - Processing file /home/airflow/.local/lib/python3.7/site-packages/airflow/example_dags/example_sla_dag.py for tasks to queue
[2025-11-22T08:58:39.964+0000] {logging_mixin.py:120} INFO - [2025-11-22T08:58:39.963+0000] {dagbag.py:537} INFO - Filling up the DagBag from /home/airflow/.local/lib/python3.7/site-packages/airflow/example_dags/example_sla_dag.py
[2025-11-22T08:58:40.004+0000] {processor.py:766} INFO - DAG(s) dict_keys(['example_sla_dag']) retrieved from /home/airflow/.local/lib/python3.7/site-packages/airflow/example_dags/example_sla_dag.py
[2025-11-22T08:58:40.072+0000] {logging_mixin.py:120} INFO - [2025-11-22T08:58:40.072+0000] {dag.py:2585} INFO - Sync 1 DAGs
[2025-11-22T08:58:40.129+0000] {logging_mixin.py:120} INFO - [2025-11-22T08:58:40.129+0000] {dag.py:3340} INFO - Setting next_dagrun for example_sla_dag to 2025-11-22T08:56:00+00:00, run_after=2025-11-22T08:58:00+00:00
[2025-11-22T08:58:40.162+0000] {processor.py:176} INFO - Processing /home/airflow/.local/lib/python3.7/site-packages/airflow/example_dags/example_sla_dag.py took 0.208 seconds
[2025-11-22T08:59:10.325+0000] {processor.py:154} INFO - Started process (PID=672) to work on /home/airflow/.local/lib/python3.7/site-packages/airflow/example_dags/example_sla_dag.py
[2025-11-22T08:59:10.326+0000] {processor.py:756} INFO - Processing file /home/airflow/.local/lib/python3.7/site-packages/airflow/example_dags/example_sla_dag.py for tasks to queue
[2025-11-22T08:59:10.328+0000] {logging_mixin.py:120} INFO - [2025-11-22T08:59:10.328+0000] {dagbag.py:537} INFO - Filling up the DagBag from /home/airflow/.local/lib/python3.7/site-packages/airflow/example_dags/example_sla_dag.py
[2025-11-22T08:59:10.371+0000] {processor.py:766} INFO - DAG(s) dict_keys(['example_sla_dag']) retrieved from /home/airflow/.local/lib/python3.7/site-packages/airflow/example_dags/example_sla_dag.py
[2025-11-22T08:59:10.445+0000] {logging_mixin.py:120} INFO - [2025-11-22T08:59:10.444+0000] {dag.py:2585} INFO - Sync 1 DAGs
[2025-11-22T08:59:10.492+0000] {logging_mixin.py:120} INFO - [2025-11-22T08:59:10.492+0000] {dag.py:3340} INFO - Setting next_dagrun for example_sla_dag to 2025-11-22T08:56:00+00:00, run_after=2025-11-22T08:58:00+00:00
[2025-11-22T08:59:10.540+0000] {processor.py:176} INFO - Processing /home/airflow/.local/lib/python3.7/site-packages/airflow/example_dags/example_sla_dag.py took 0.221 seconds
[2025-11-22T08:59:41.257+0000] {processor.py:154} INFO - Started process (PID=735) to work on /home/airflow/.local/lib/python3.7/site-packages/airflow/example_dags/example_sla_dag.py
[2025-11-22T08:59:41.259+0000] {processor.py:756} INFO - Processing file /home/airflow/.local/lib/python3.7/site-packages/airflow/example_dags/example_sla_dag.py for tasks to queue
[2025-11-22T08:59:41.260+0000] {logging_mixin.py:120} INFO - [2025-11-22T08:59:41.260+0000] {dagbag.py:537} INFO - Filling up the DagBag from /home/airflow/.local/lib/python3.7/site-packages/airflow/example_dags/example_sla_dag.py
[2025-11-22T08:59:41.297+0000] {processor.py:766} INFO - DAG(s) dict_keys(['example_sla_dag']) retrieved from /home/airflow/.local/lib/python3.7/site-packages/airflow/example_dags/example_sla_dag.py
[2025-11-22T08:59:41.362+0000] {logging_mixin.py:120} INFO - [2025-11-22T08:59:41.361+0000] {dag.py:2585} INFO - Sync 1 DAGs
[2025-11-22T08:59:41.406+0000] {logging_mixin.py:120} INFO - [2025-11-22T08:59:41.406+0000] {dag.py:3340} INFO - Setting next_dagrun for example_sla_dag to 2025-11-22T08:56:00+00:00, run_after=2025-11-22T08:58:00+00:00
[2025-11-22T08:59:41.447+0000] {processor.py:176} INFO - Processing /home/airflow/.local/lib/python3.7/site-packages/airflow/example_dags/example_sla_dag.py took 0.196 seconds
[2025-11-22T09:00:11.838+0000] {processor.py:154} INFO - Started process (PID=790) to work on /home/airflow/.local/lib/python3.7/site-packages/airflow/example_dags/example_sla_dag.py
[2025-11-22T09:00:11.842+0000] {processor.py:756} INFO - Processing file /home/airflow/.local/lib/python3.7/site-packages/airflow/example_dags/example_sla_dag.py for tasks to queue
[2025-11-22T09:00:11.845+0000] {logging_mixin.py:120} INFO - [2025-11-22T09:00:11.845+0000] {dagbag.py:537} INFO - Filling up the DagBag from /home/airflow/.local/lib/python3.7/site-packages/airflow/example_dags/example_sla_dag.py
[2025-11-22T09:00:11.889+0000] {processor.py:766} INFO - DAG(s) dict_keys(['example_sla_dag']) retrieved from /home/airflow/.local/lib/python3.7/site-packages/airflow/example_dags/example_sla_dag.py
[2025-11-22T09:00:11.960+0000] {logging_mixin.py:120} INFO - [2025-11-22T09:00:11.960+0000] {dag.py:2585} INFO - Sync 1 DAGs
[2025-11-22T09:00:12.000+0000] {logging_mixin.py:120} INFO - [2025-11-22T09:00:12.000+0000] {dag.py:3340} INFO - Setting next_dagrun for example_sla_dag to 2025-11-22T08:58:00+00:00, run_after=2025-11-22T09:00:00+00:00
[2025-11-22T09:00:12.028+0000] {processor.py:176} INFO - Processing /home/airflow/.local/lib/python3.7/site-packages/airflow/example_dags/example_sla_dag.py took 0.198 seconds
[2025-11-22T09:00:42.978+0000] {processor.py:154} INFO - Started process (PID=853) to work on /home/airflow/.local/lib/python3.7/site-packages/airflow/example_dags/example_sla_dag.py
[2025-11-22T09:00:42.980+0000] {processor.py:756} INFO - Processing file /home/airflow/.local/lib/python3.7/site-packages/airflow/example_dags/example_sla_dag.py for tasks to queue
[2025-11-22T09:00:42.983+0000] {logging_mixin.py:120} INFO - [2025-11-22T09:00:42.982+0000] {dagbag.py:537} INFO - Filling up the DagBag from /home/airflow/.local/lib/python3.7/site-packages/airflow/example_dags/example_sla_dag.py
[2025-11-22T09:00:43.119+0000] {processor.py:766} INFO - DAG(s) dict_keys(['example_sla_dag']) retrieved from /home/airflow/.local/lib/python3.7/site-packages/airflow/example_dags/example_sla_dag.py
[2025-11-22T09:00:43.272+0000] {logging_mixin.py:120} INFO - [2025-11-22T09:00:43.271+0000] {dag.py:2585} INFO - Sync 1 DAGs
[2025-11-22T09:00:43.362+0000] {logging_mixin.py:120} INFO - [2025-11-22T09:00:43.361+0000] {dag.py:3340} INFO - Setting next_dagrun for example_sla_dag to 2025-11-22T08:58:00+00:00, run_after=2025-11-22T09:00:00+00:00
[2025-11-22T09:00:43.445+0000] {processor.py:176} INFO - Processing /home/airflow/.local/lib/python3.7/site-packages/airflow/example_dags/example_sla_dag.py took 0.483 seconds
[2025-11-22T09:01:13.876+0000] {processor.py:154} INFO - Started process (PID=906) to work on /home/airflow/.local/lib/python3.7/site-packages/airflow/example_dags/example_sla_dag.py
[2025-11-22T09:01:13.878+0000] {processor.py:756} INFO - Processing file /home/airflow/.local/lib/python3.7/site-packages/airflow/example_dags/example_sla_dag.py for tasks to queue
[2025-11-22T09:01:13.880+0000] {logging_mixin.py:120} INFO - [2025-11-22T09:01:13.880+0000] {dagbag.py:537} INFO - Filling up the DagBag from /home/airflow/.local/lib/python3.7/site-packages/airflow/example_dags/example_sla_dag.py
[2025-11-22T09:01:13.955+0000] {processor.py:766} INFO - DAG(s) dict_keys(['example_sla_dag']) retrieved from /home/airflow/.local/lib/python3.7/site-packages/airflow/example_dags/example_sla_dag.py
[2025-11-22T09:01:14.029+0000] {logging_mixin.py:120} INFO - [2025-11-22T09:01:14.028+0000] {dag.py:2585} INFO - Sync 1 DAGs
[2025-11-22T09:01:14.082+0000] {logging_mixin.py:120} INFO - [2025-11-22T09:01:14.081+0000] {dag.py:3340} INFO - Setting next_dagrun for example_sla_dag to 2025-11-22T08:58:00+00:00, run_after=2025-11-22T09:00:00+00:00
[2025-11-22T09:01:14.118+0000] {processor.py:176} INFO - Processing /home/airflow/.local/lib/python3.7/site-packages/airflow/example_dags/example_sla_dag.py took 0.257 seconds
[2025-11-22T09:01:44.652+0000] {processor.py:154} INFO - Started process (PID=960) to work on /home/airflow/.local/lib/python3.7/site-packages/airflow/example_dags/example_sla_dag.py
[2025-11-22T09:01:44.653+0000] {processor.py:756} INFO - Processing file /home/airflow/.local/lib/python3.7/site-packages/airflow/example_dags/example_sla_dag.py for tasks to queue
[2025-11-22T09:01:44.655+0000] {logging_mixin.py:120} INFO - [2025-11-22T09:01:44.654+0000] {dagbag.py:537} INFO - Filling up the DagBag from /home/airflow/.local/lib/python3.7/site-packages/airflow/example_dags/example_sla_dag.py
[2025-11-22T09:01:44.686+0000] {processor.py:766} INFO - DAG(s) dict_keys(['example_sla_dag']) retrieved from /home/airflow/.local/lib/python3.7/site-packages/airflow/example_dags/example_sla_dag.py
[2025-11-22T09:01:44.754+0000] {logging_mixin.py:120} INFO - [2025-11-22T09:01:44.754+0000] {dag.py:2585} INFO - Sync 1 DAGs
[2025-11-22T09:01:44.799+0000] {logging_mixin.py:120} INFO - [2025-11-22T09:01:44.799+0000] {dag.py:3340} INFO - Setting next_dagrun for example_sla_dag to 2025-11-22T08:58:00+00:00, run_after=2025-11-22T09:00:00+00:00
[2025-11-22T09:01:44.832+0000] {processor.py:176} INFO - Processing /home/airflow/.local/lib/python3.7/site-packages/airflow/example_dags/example_sla_dag.py took 0.184 seconds
[2025-11-22T09:02:15.624+0000] {processor.py:154} INFO - Started process (PID=1023) to work on /home/airflow/.local/lib/python3.7/site-packages/airflow/example_dags/example_sla_dag.py
[2025-11-22T09:02:15.626+0000] {processor.py:756} INFO - Processing file /home/airflow/.local/lib/python3.7/site-packages/airflow/example_dags/example_sla_dag.py for tasks to queue
[2025-11-22T09:02:15.629+0000] {logging_mixin.py:120} INFO - [2025-11-22T09:02:15.628+0000] {dagbag.py:537} INFO - Filling up the DagBag from /home/airflow/.local/lib/python3.7/site-packages/airflow/example_dags/example_sla_dag.py
[2025-11-22T09:02:15.699+0000] {processor.py:766} INFO - DAG(s) dict_keys(['example_sla_dag']) retrieved from /home/airflow/.local/lib/python3.7/site-packages/airflow/example_dags/example_sla_dag.py
[2025-11-22T09:02:15.783+0000] {logging_mixin.py:120} INFO - [2025-11-22T09:02:15.783+0000] {dag.py:2585} INFO - Sync 1 DAGs
[2025-11-22T09:02:15.840+0000] {logging_mixin.py:120} INFO - [2025-11-22T09:02:15.839+0000] {dag.py:3340} INFO - Setting next_dagrun for example_sla_dag to 2025-11-22T09:00:00+00:00, run_after=2025-11-22T09:02:00+00:00
[2025-11-22T09:02:15.889+0000] {processor.py:176} INFO - Processing /home/airflow/.local/lib/python3.7/site-packages/airflow/example_dags/example_sla_dag.py took 0.271 seconds
[2025-11-22T09:02:46.673+0000] {processor.py:154} INFO - Started process (PID=1085) to work on /home/airflow/.local/lib/python3.7/site-packages/airflow/example_dags/example_sla_dag.py
[2025-11-22T09:02:46.674+0000] {processor.py:756} INFO - Processing file /home/airflow/.local/lib/python3.7/site-packages/airflow/example_dags/example_sla_dag.py for tasks to queue
[2025-11-22T09:02:46.675+0000] {logging_mixin.py:120} INFO - [2025-11-22T09:02:46.675+0000] {dagbag.py:537} INFO - Filling up the DagBag from /home/airflow/.local/lib/python3.7/site-packages/airflow/example_dags/example_sla_dag.py
[2025-11-22T09:02:46.702+0000] {processor.py:766} INFO - DAG(s) dict_keys(['example_sla_dag']) retrieved from /home/airflow/.local/lib/python3.7/site-packages/airflow/example_dags/example_sla_dag.py
[2025-11-22T09:02:46.757+0000] {logging_mixin.py:120} INFO - [2025-11-22T09:02:46.757+0000] {dag.py:2585} INFO - Sync 1 DAGs
[2025-11-22T09:02:46.796+0000] {logging_mixin.py:120} INFO - [2025-11-22T09:02:46.795+0000] {dag.py:3340} INFO - Setting next_dagrun for example_sla_dag to 2025-11-22T09:00:00+00:00, run_after=2025-11-22T09:02:00+00:00
[2025-11-22T09:02:46.830+0000] {processor.py:176} INFO - Processing /home/airflow/.local/lib/python3.7/site-packages/airflow/example_dags/example_sla_dag.py took 0.162 seconds
[2025-11-22T09:03:17.622+0000] {processor.py:154} INFO - Started process (PID=1139) to work on /home/airflow/.local/lib/python3.7/site-packages/airflow/example_dags/example_sla_dag.py
[2025-11-22T09:03:17.623+0000] {processor.py:756} INFO - Processing file /home/airflow/.local/lib/python3.7/site-packages/airflow/example_dags/example_sla_dag.py for tasks to queue
[2025-11-22T09:03:17.624+0000] {logging_mixin.py:120} INFO - [2025-11-22T09:03:17.624+0000] {dagbag.py:537} INFO - Filling up the DagBag from /home/airflow/.local/lib/python3.7/site-packages/airflow/example_dags/example_sla_dag.py
[2025-11-22T09:03:17.656+0000] {processor.py:766} INFO - DAG(s) dict_keys(['example_sla_dag']) retrieved from /home/airflow/.local/lib/python3.7/site-packages/airflow/example_dags/example_sla_dag.py
[2025-11-22T09:03:17.710+0000] {logging_mixin.py:120} INFO - [2025-11-22T09:03:17.710+0000] {dag.py:2585} INFO - Sync 1 DAGs
[2025-11-22T09:03:17.746+0000] {logging_mixin.py:120} INFO - [2025-11-22T09:03:17.746+0000] {dag.py:3340} INFO - Setting next_dagrun for example_sla_dag to 2025-11-22T09:00:00+00:00, run_after=2025-11-22T09:02:00+00:00
[2025-11-22T09:03:17.777+0000] {processor.py:176} INFO - Processing /home/airflow/.local/lib/python3.7/site-packages/airflow/example_dags/example_sla_dag.py took 0.161 seconds
[2025-11-22T09:03:48.435+0000] {processor.py:154} INFO - Started process (PID=1192) to work on /home/airflow/.local/lib/python3.7/site-packages/airflow/example_dags/example_sla_dag.py
[2025-11-22T09:03:48.440+0000] {processor.py:756} INFO - Processing file /home/airflow/.local/lib/python3.7/site-packages/airflow/example_dags/example_sla_dag.py for tasks to queue
[2025-11-22T09:03:48.447+0000] {logging_mixin.py:120} INFO - [2025-11-22T09:03:48.447+0000] {dagbag.py:537} INFO - Filling up the DagBag from /home/airflow/.local/lib/python3.7/site-packages/airflow/example_dags/example_sla_dag.py
[2025-11-22T09:03:48.568+0000] {processor.py:766} INFO - DAG(s) dict_keys(['example_sla_dag']) retrieved from /home/airflow/.local/lib/python3.7/site-packages/airflow/example_dags/example_sla_dag.py
[2025-11-22T09:03:48.802+0000] {logging_mixin.py:120} INFO - [2025-11-22T09:03:48.802+0000] {dag.py:2585} INFO - Sync 1 DAGs
[2025-11-22T09:03:48.963+0000] {logging_mixin.py:120} INFO - [2025-11-22T09:03:48.963+0000] {dag.py:3340} INFO - Setting next_dagrun for example_sla_dag to 2025-11-22T09:00:00+00:00, run_after=2025-11-22T09:02:00+00:00
[2025-11-22T09:03:49.781+0000] {processor.py:176} INFO - Processing /home/airflow/.local/lib/python3.7/site-packages/airflow/example_dags/example_sla_dag.py took 1.351 seconds
[2025-11-22T09:04:20.245+0000] {processor.py:154} INFO - Started process (PID=1256) to work on /home/airflow/.local/lib/python3.7/site-packages/airflow/example_dags/example_sla_dag.py
[2025-11-22T09:04:20.246+0000] {processor.py:756} INFO - Processing file /home/airflow/.local/lib/python3.7/site-packages/airflow/example_dags/example_sla_dag.py for tasks to queue
[2025-11-22T09:04:20.248+0000] {logging_mixin.py:120} INFO - [2025-11-22T09:04:20.247+0000] {dagbag.py:537} INFO - Filling up the DagBag from /home/airflow/.local/lib/python3.7/site-packages/airflow/example_dags/example_sla_dag.py
[2025-11-22T09:04:20.305+0000] {processor.py:766} INFO - DAG(s) dict_keys(['example_sla_dag']) retrieved from /home/airflow/.local/lib/python3.7/site-packages/airflow/example_dags/example_sla_dag.py
[2025-11-22T09:04:20.391+0000] {logging_mixin.py:120} INFO - [2025-11-22T09:04:20.391+0000] {dag.py:2585} INFO - Sync 1 DAGs
[2025-11-22T09:04:20.444+0000] {logging_mixin.py:120} INFO - [2025-11-22T09:04:20.444+0000] {dag.py:3340} INFO - Setting next_dagrun for example_sla_dag to 2025-11-22T09:02:00+00:00, run_after=2025-11-22T09:04:00+00:00
[2025-11-22T09:04:20.485+0000] {processor.py:176} INFO - Processing /home/airflow/.local/lib/python3.7/site-packages/airflow/example_dags/example_sla_dag.py took 0.245 seconds
[2025-11-22T09:04:50.866+0000] {processor.py:154} INFO - Started process (PID=1310) to work on /home/airflow/.local/lib/python3.7/site-packages/airflow/example_dags/example_sla_dag.py
[2025-11-22T09:04:50.868+0000] {processor.py:756} INFO - Processing file /home/airflow/.local/lib/python3.7/site-packages/airflow/example_dags/example_sla_dag.py for tasks to queue
[2025-11-22T09:04:50.870+0000] {logging_mixin.py:120} INFO - [2025-11-22T09:04:50.869+0000] {dagbag.py:537} INFO - Filling up the DagBag from /home/airflow/.local/lib/python3.7/site-packages/airflow/example_dags/example_sla_dag.py
[2025-11-22T09:04:50.902+0000] {processor.py:766} INFO - DAG(s) dict_keys(['example_sla_dag']) retrieved from /home/airflow/.local/lib/python3.7/site-packages/airflow/example_dags/example_sla_dag.py
[2025-11-22T09:04:50.960+0000] {logging_mixin.py:120} INFO - [2025-11-22T09:04:50.960+0000] {dag.py:2585} INFO - Sync 1 DAGs
[2025-11-22T09:04:51.006+0000] {logging_mixin.py:120} INFO - [2025-11-22T09:04:51.006+0000] {dag.py:3340} INFO - Setting next_dagrun for example_sla_dag to 2025-11-22T09:02:00+00:00, run_after=2025-11-22T09:04:00+00:00
[2025-11-22T09:04:51.036+0000] {processor.py:176} INFO - Processing /home/airflow/.local/lib/python3.7/site-packages/airflow/example_dags/example_sla_dag.py took 0.175 seconds
[2025-11-22T09:05:21.956+0000] {processor.py:154} INFO - Started process (PID=1373) to work on /home/airflow/.local/lib/python3.7/site-packages/airflow/example_dags/example_sla_dag.py
[2025-11-22T09:05:21.963+0000] {processor.py:756} INFO - Processing file /home/airflow/.local/lib/python3.7/site-packages/airflow/example_dags/example_sla_dag.py for tasks to queue
[2025-11-22T09:05:21.965+0000] {logging_mixin.py:120} INFO - [2025-11-22T09:05:21.964+0000] {dagbag.py:537} INFO - Filling up the DagBag from /home/airflow/.local/lib/python3.7/site-packages/airflow/example_dags/example_sla_dag.py
[2025-11-22T09:05:22.046+0000] {processor.py:766} INFO - DAG(s) dict_keys(['example_sla_dag']) retrieved from /home/airflow/.local/lib/python3.7/site-packages/airflow/example_dags/example_sla_dag.py
[2025-11-22T09:05:22.171+0000] {logging_mixin.py:120} INFO - [2025-11-22T09:05:22.170+0000] {dag.py:2585} INFO - Sync 1 DAGs
[2025-11-22T09:05:22.246+0000] {logging_mixin.py:120} INFO - [2025-11-22T09:05:22.246+0000] {dag.py:3340} INFO - Setting next_dagrun for example_sla_dag to 2025-11-22T09:02:00+00:00, run_after=2025-11-22T09:04:00+00:00
[2025-11-22T09:05:22.291+0000] {processor.py:176} INFO - Processing /home/airflow/.local/lib/python3.7/site-packages/airflow/example_dags/example_sla_dag.py took 0.351 seconds
[2025-11-22T09:05:52.619+0000] {processor.py:154} INFO - Started process (PID=1427) to work on /home/airflow/.local/lib/python3.7/site-packages/airflow/example_dags/example_sla_dag.py
[2025-11-22T09:05:52.622+0000] {processor.py:756} INFO - Processing file /home/airflow/.local/lib/python3.7/site-packages/airflow/example_dags/example_sla_dag.py for tasks to queue
[2025-11-22T09:05:52.631+0000] {logging_mixin.py:120} INFO - [2025-11-22T09:05:52.626+0000] {dagbag.py:537} INFO - Filling up the DagBag from /home/airflow/.local/lib/python3.7/site-packages/airflow/example_dags/example_sla_dag.py
[2025-11-22T09:05:52.739+0000] {processor.py:766} INFO - DAG(s) dict_keys(['example_sla_dag']) retrieved from /home/airflow/.local/lib/python3.7/site-packages/airflow/example_dags/example_sla_dag.py
[2025-11-22T09:05:52.834+0000] {logging_mixin.py:120} INFO - [2025-11-22T09:05:52.834+0000] {dag.py:2585} INFO - Sync 1 DAGs
[2025-11-22T09:05:52.883+0000] {logging_mixin.py:120} INFO - [2025-11-22T09:05:52.883+0000] {dag.py:3340} INFO - Setting next_dagrun for example_sla_dag to 2025-11-22T09:02:00+00:00, run_after=2025-11-22T09:04:00+00:00
[2025-11-22T09:05:52.915+0000] {processor.py:176} INFO - Processing /home/airflow/.local/lib/python3.7/site-packages/airflow/example_dags/example_sla_dag.py took 0.306 seconds
[2025-11-22T09:06:23.570+0000] {processor.py:154} INFO - Started process (PID=1490) to work on /home/airflow/.local/lib/python3.7/site-packages/airflow/example_dags/example_sla_dag.py
[2025-11-22T09:06:23.572+0000] {processor.py:756} INFO - Processing file /home/airflow/.local/lib/python3.7/site-packages/airflow/example_dags/example_sla_dag.py for tasks to queue
[2025-11-22T09:06:23.574+0000] {logging_mixin.py:120} INFO - [2025-11-22T09:06:23.573+0000] {dagbag.py:537} INFO - Filling up the DagBag from /home/airflow/.local/lib/python3.7/site-packages/airflow/example_dags/example_sla_dag.py
[2025-11-22T09:06:23.612+0000] {processor.py:766} INFO - DAG(s) dict_keys(['example_sla_dag']) retrieved from /home/airflow/.local/lib/python3.7/site-packages/airflow/example_dags/example_sla_dag.py
[2025-11-22T09:06:23.691+0000] {logging_mixin.py:120} INFO - [2025-11-22T09:06:23.690+0000] {dag.py:2585} INFO - Sync 1 DAGs
[2025-11-22T09:06:23.750+0000] {logging_mixin.py:120} INFO - [2025-11-22T09:06:23.750+0000] {dag.py:3340} INFO - Setting next_dagrun for example_sla_dag to 2025-11-22T09:04:00+00:00, run_after=2025-11-22T09:06:00+00:00
[2025-11-22T09:06:23.810+0000] {processor.py:176} INFO - Processing /home/airflow/.local/lib/python3.7/site-packages/airflow/example_dags/example_sla_dag.py took 0.245 seconds
[2025-11-22T09:06:53.943+0000] {processor.py:154} INFO - Started process (PID=1543) to work on /home/airflow/.local/lib/python3.7/site-packages/airflow/example_dags/example_sla_dag.py
[2025-11-22T09:06:53.945+0000] {processor.py:756} INFO - Processing file /home/airflow/.local/lib/python3.7/site-packages/airflow/example_dags/example_sla_dag.py for tasks to queue
[2025-11-22T09:06:53.947+0000] {logging_mixin.py:120} INFO - [2025-11-22T09:06:53.947+0000] {dagbag.py:537} INFO - Filling up the DagBag from /home/airflow/.local/lib/python3.7/site-packages/airflow/example_dags/example_sla_dag.py
[2025-11-22T09:06:53.997+0000] {processor.py:766} INFO - DAG(s) dict_keys(['example_sla_dag']) retrieved from /home/airflow/.local/lib/python3.7/site-packages/airflow/example_dags/example_sla_dag.py
[2025-11-22T09:06:54.087+0000] {logging_mixin.py:120} INFO - [2025-11-22T09:06:54.087+0000] {dag.py:2585} INFO - Sync 1 DAGs
[2025-11-22T09:06:54.138+0000] {logging_mixin.py:120} INFO - [2025-11-22T09:06:54.138+0000] {dag.py:3340} INFO - Setting next_dagrun for example_sla_dag to 2025-11-22T09:04:00+00:00, run_after=2025-11-22T09:06:00+00:00
[2025-11-22T09:06:54.169+0000] {processor.py:176} INFO - Processing /home/airflow/.local/lib/python3.7/site-packages/airflow/example_dags/example_sla_dag.py took 0.233 seconds
[2025-11-22T09:07:24.487+0000] {processor.py:154} INFO - Started process (PID=1606) to work on /home/airflow/.local/lib/python3.7/site-packages/airflow/example_dags/example_sla_dag.py
[2025-11-22T09:07:24.492+0000] {processor.py:756} INFO - Processing file /home/airflow/.local/lib/python3.7/site-packages/airflow/example_dags/example_sla_dag.py for tasks to queue
[2025-11-22T09:07:24.495+0000] {logging_mixin.py:120} INFO - [2025-11-22T09:07:24.495+0000] {dagbag.py:537} INFO - Filling up the DagBag from /home/airflow/.local/lib/python3.7/site-packages/airflow/example_dags/example_sla_dag.py
[2025-11-22T09:07:24.537+0000] {processor.py:766} INFO - DAG(s) dict_keys(['example_sla_dag']) retrieved from /home/airflow/.local/lib/python3.7/site-packages/airflow/example_dags/example_sla_dag.py
[2025-11-22T09:07:24.590+0000] {logging_mixin.py:120} INFO - [2025-11-22T09:07:24.589+0000] {dag.py:2585} INFO - Sync 1 DAGs
[2025-11-22T09:07:24.622+0000] {logging_mixin.py:120} INFO - [2025-11-22T09:07:24.622+0000] {dag.py:3340} INFO - Setting next_dagrun for example_sla_dag to 2025-11-22T09:04:00+00:00, run_after=2025-11-22T09:06:00+00:00
[2025-11-22T09:07:24.654+0000] {processor.py:176} INFO - Processing /home/airflow/.local/lib/python3.7/site-packages/airflow/example_dags/example_sla_dag.py took 0.174 seconds
[2025-11-22T09:07:55.672+0000] {processor.py:154} INFO - Started process (PID=1669) to work on /home/airflow/.local/lib/python3.7/site-packages/airflow/example_dags/example_sla_dag.py
[2025-11-22T09:07:55.676+0000] {processor.py:756} INFO - Processing file /home/airflow/.local/lib/python3.7/site-packages/airflow/example_dags/example_sla_dag.py for tasks to queue
[2025-11-22T09:07:55.679+0000] {logging_mixin.py:120} INFO - [2025-11-22T09:07:55.678+0000] {dagbag.py:537} INFO - Filling up the DagBag from /home/airflow/.local/lib/python3.7/site-packages/airflow/example_dags/example_sla_dag.py
[2025-11-22T09:07:55.736+0000] {processor.py:766} INFO - DAG(s) dict_keys(['example_sla_dag']) retrieved from /home/airflow/.local/lib/python3.7/site-packages/airflow/example_dags/example_sla_dag.py
[2025-11-22T09:07:55.795+0000] {logging_mixin.py:120} INFO - [2025-11-22T09:07:55.795+0000] {dag.py:2585} INFO - Sync 1 DAGs
[2025-11-22T09:07:55.843+0000] {logging_mixin.py:120} INFO - [2025-11-22T09:07:55.842+0000] {dag.py:3340} INFO - Setting next_dagrun for example_sla_dag to 2025-11-22T09:04:00+00:00, run_after=2025-11-22T09:06:00+00:00
[2025-11-22T09:07:55.875+0000] {processor.py:176} INFO - Processing /home/airflow/.local/lib/python3.7/site-packages/airflow/example_dags/example_sla_dag.py took 0.216 seconds
[2025-11-22T09:08:26.229+0000] {processor.py:154} INFO - Started process (PID=1724) to work on /home/airflow/.local/lib/python3.7/site-packages/airflow/example_dags/example_sla_dag.py
[2025-11-22T09:08:26.231+0000] {processor.py:756} INFO - Processing file /home/airflow/.local/lib/python3.7/site-packages/airflow/example_dags/example_sla_dag.py for tasks to queue
[2025-11-22T09:08:26.233+0000] {logging_mixin.py:120} INFO - [2025-11-22T09:08:26.232+0000] {dagbag.py:537} INFO - Filling up the DagBag from /home/airflow/.local/lib/python3.7/site-packages/airflow/example_dags/example_sla_dag.py
[2025-11-22T09:08:26.267+0000] {processor.py:766} INFO - DAG(s) dict_keys(['example_sla_dag']) retrieved from /home/airflow/.local/lib/python3.7/site-packages/airflow/example_dags/example_sla_dag.py
[2025-11-22T09:08:26.334+0000] {logging_mixin.py:120} INFO - [2025-11-22T09:08:26.334+0000] {dag.py:2585} INFO - Sync 1 DAGs
[2025-11-22T09:08:26.370+0000] {logging_mixin.py:120} INFO - [2025-11-22T09:08:26.370+0000] {dag.py:3340} INFO - Setting next_dagrun for example_sla_dag to 2025-11-22T09:06:00+00:00, run_after=2025-11-22T09:08:00+00:00
[2025-11-22T09:08:26.400+0000] {processor.py:176} INFO - Processing /home/airflow/.local/lib/python3.7/site-packages/airflow/example_dags/example_sla_dag.py took 0.176 seconds
[2025-11-22T09:12:20.611+0000] {processor.py:154} INFO - Started process (PID=60) to work on /home/airflow/.local/lib/python3.7/site-packages/airflow/example_dags/example_sla_dag.py
[2025-11-22T09:12:20.614+0000] {processor.py:756} INFO - Processing file /home/airflow/.local/lib/python3.7/site-packages/airflow/example_dags/example_sla_dag.py for tasks to queue
[2025-11-22T09:12:20.615+0000] {logging_mixin.py:120} INFO - [2025-11-22T09:12:20.615+0000] {dagbag.py:537} INFO - Filling up the DagBag from /home/airflow/.local/lib/python3.7/site-packages/airflow/example_dags/example_sla_dag.py
[2025-11-22T09:12:20.708+0000] {processor.py:766} INFO - DAG(s) dict_keys(['example_sla_dag']) retrieved from /home/airflow/.local/lib/python3.7/site-packages/airflow/example_dags/example_sla_dag.py
[2025-11-22T09:12:20.857+0000] {logging_mixin.py:120} INFO - [2025-11-22T09:12:20.856+0000] {dag.py:2585} INFO - Sync 1 DAGs
[2025-11-22T09:12:20.972+0000] {logging_mixin.py:120} INFO - [2025-11-22T09:12:20.972+0000] {dag.py:3340} INFO - Setting next_dagrun for example_sla_dag to 2025-11-22T09:10:00+00:00, run_after=2025-11-22T09:12:00+00:00
[2025-11-22T09:12:21.031+0000] {processor.py:176} INFO - Processing /home/airflow/.local/lib/python3.7/site-packages/airflow/example_dags/example_sla_dag.py took 0.425 seconds
[2025-11-22T09:12:51.459+0000] {processor.py:154} INFO - Started process (PID=116) to work on /home/airflow/.local/lib/python3.7/site-packages/airflow/example_dags/example_sla_dag.py
[2025-11-22T09:12:51.461+0000] {processor.py:756} INFO - Processing file /home/airflow/.local/lib/python3.7/site-packages/airflow/example_dags/example_sla_dag.py for tasks to queue
[2025-11-22T09:12:51.463+0000] {logging_mixin.py:120} INFO - [2025-11-22T09:12:51.463+0000] {dagbag.py:537} INFO - Filling up the DagBag from /home/airflow/.local/lib/python3.7/site-packages/airflow/example_dags/example_sla_dag.py
[2025-11-22T09:12:51.556+0000] {processor.py:766} INFO - DAG(s) dict_keys(['example_sla_dag']) retrieved from /home/airflow/.local/lib/python3.7/site-packages/airflow/example_dags/example_sla_dag.py
[2025-11-22T09:12:51.607+0000] {logging_mixin.py:120} INFO - [2025-11-22T09:12:51.607+0000] {dag.py:2585} INFO - Sync 1 DAGs
[2025-11-22T09:12:51.640+0000] {logging_mixin.py:120} INFO - [2025-11-22T09:12:51.640+0000] {dag.py:3340} INFO - Setting next_dagrun for example_sla_dag to 2025-11-22T09:10:00+00:00, run_after=2025-11-22T09:12:00+00:00
[2025-11-22T09:12:51.673+0000] {processor.py:176} INFO - Processing /home/airflow/.local/lib/python3.7/site-packages/airflow/example_dags/example_sla_dag.py took 0.223 seconds
[2025-11-22T09:13:22.448+0000] {processor.py:154} INFO - Started process (PID=172) to work on /home/airflow/.local/lib/python3.7/site-packages/airflow/example_dags/example_sla_dag.py
[2025-11-22T09:13:22.451+0000] {processor.py:756} INFO - Processing file /home/airflow/.local/lib/python3.7/site-packages/airflow/example_dags/example_sla_dag.py for tasks to queue
[2025-11-22T09:13:22.456+0000] {logging_mixin.py:120} INFO - [2025-11-22T09:13:22.456+0000] {dagbag.py:537} INFO - Filling up the DagBag from /home/airflow/.local/lib/python3.7/site-packages/airflow/example_dags/example_sla_dag.py
[2025-11-22T09:13:22.515+0000] {processor.py:766} INFO - DAG(s) dict_keys(['example_sla_dag']) retrieved from /home/airflow/.local/lib/python3.7/site-packages/airflow/example_dags/example_sla_dag.py
[2025-11-22T09:13:22.632+0000] {logging_mixin.py:120} INFO - [2025-11-22T09:13:22.632+0000] {dag.py:2585} INFO - Sync 1 DAGs
[2025-11-22T09:13:22.739+0000] {logging_mixin.py:120} INFO - [2025-11-22T09:13:22.739+0000] {dag.py:3340} INFO - Setting next_dagrun for example_sla_dag to 2025-11-22T09:10:00+00:00, run_after=2025-11-22T09:12:00+00:00
[2025-11-22T09:13:22.789+0000] {processor.py:176} INFO - Processing /home/airflow/.local/lib/python3.7/site-packages/airflow/example_dags/example_sla_dag.py took 0.377 seconds
[2025-11-22T09:14:00.382+0000] {processor.py:154} INFO - Started process (PID=227) to work on /home/airflow/.local/lib/python3.7/site-packages/airflow/example_dags/example_sla_dag.py
[2025-11-22T09:14:00.384+0000] {processor.py:756} INFO - Processing file /home/airflow/.local/lib/python3.7/site-packages/airflow/example_dags/example_sla_dag.py for tasks to queue
[2025-11-22T09:14:00.413+0000] {logging_mixin.py:120} INFO - [2025-11-22T09:14:00.413+0000] {dagbag.py:537} INFO - Filling up the DagBag from /home/airflow/.local/lib/python3.7/site-packages/airflow/example_dags/example_sla_dag.py
[2025-11-22T09:14:01.054+0000] {processor.py:766} INFO - DAG(s) dict_keys(['example_sla_dag']) retrieved from /home/airflow/.local/lib/python3.7/site-packages/airflow/example_dags/example_sla_dag.py
[2025-11-22T09:14:01.857+0000] {logging_mixin.py:120} INFO - [2025-11-22T09:14:01.857+0000] {dag.py:2585} INFO - Sync 1 DAGs
[2025-11-22T09:14:03.974+0000] {logging_mixin.py:120} INFO - [2025-11-22T09:14:03.973+0000] {dag.py:3340} INFO - Setting next_dagrun for example_sla_dag to 2025-11-22T09:12:00+00:00, run_after=2025-11-22T09:14:00+00:00
[2025-11-22T09:14:04.542+0000] {processor.py:176} INFO - Processing /home/airflow/.local/lib/python3.7/site-packages/airflow/example_dags/example_sla_dag.py took 4.183 seconds
[2025-11-22T09:14:35.235+0000] {processor.py:154} INFO - Started process (PID=284) to work on /home/airflow/.local/lib/python3.7/site-packages/airflow/example_dags/example_sla_dag.py
[2025-11-22T09:14:35.236+0000] {processor.py:756} INFO - Processing file /home/airflow/.local/lib/python3.7/site-packages/airflow/example_dags/example_sla_dag.py for tasks to queue
[2025-11-22T09:14:35.238+0000] {logging_mixin.py:120} INFO - [2025-11-22T09:14:35.238+0000] {dagbag.py:537} INFO - Filling up the DagBag from /home/airflow/.local/lib/python3.7/site-packages/airflow/example_dags/example_sla_dag.py
[2025-11-22T09:14:35.281+0000] {processor.py:766} INFO - DAG(s) dict_keys(['example_sla_dag']) retrieved from /home/airflow/.local/lib/python3.7/site-packages/airflow/example_dags/example_sla_dag.py
[2025-11-22T09:14:35.347+0000] {logging_mixin.py:120} INFO - [2025-11-22T09:14:35.347+0000] {dag.py:2585} INFO - Sync 1 DAGs
[2025-11-22T09:14:35.430+0000] {logging_mixin.py:120} INFO - [2025-11-22T09:14:35.430+0000] {dag.py:3340} INFO - Setting next_dagrun for example_sla_dag to 2025-11-22T09:12:00+00:00, run_after=2025-11-22T09:14:00+00:00
[2025-11-22T09:14:35.498+0000] {processor.py:176} INFO - Processing /home/airflow/.local/lib/python3.7/site-packages/airflow/example_dags/example_sla_dag.py took 0.269 seconds
[2025-11-22T09:15:05.817+0000] {processor.py:154} INFO - Started process (PID=348) to work on /home/airflow/.local/lib/python3.7/site-packages/airflow/example_dags/example_sla_dag.py
[2025-11-22T09:15:05.818+0000] {processor.py:756} INFO - Processing file /home/airflow/.local/lib/python3.7/site-packages/airflow/example_dags/example_sla_dag.py for tasks to queue
[2025-11-22T09:15:05.820+0000] {logging_mixin.py:120} INFO - [2025-11-22T09:15:05.819+0000] {dagbag.py:537} INFO - Filling up the DagBag from /home/airflow/.local/lib/python3.7/site-packages/airflow/example_dags/example_sla_dag.py
[2025-11-22T09:15:05.858+0000] {processor.py:766} INFO - DAG(s) dict_keys(['example_sla_dag']) retrieved from /home/airflow/.local/lib/python3.7/site-packages/airflow/example_dags/example_sla_dag.py
[2025-11-22T09:15:05.925+0000] {logging_mixin.py:120} INFO - [2025-11-22T09:15:05.925+0000] {dag.py:2585} INFO - Sync 1 DAGs
[2025-11-22T09:15:05.979+0000] {logging_mixin.py:120} INFO - [2025-11-22T09:15:05.978+0000] {dag.py:3340} INFO - Setting next_dagrun for example_sla_dag to 2025-11-22T09:12:00+00:00, run_after=2025-11-22T09:14:00+00:00
[2025-11-22T09:15:06.083+0000] {processor.py:176} INFO - Processing /home/airflow/.local/lib/python3.7/site-packages/airflow/example_dags/example_sla_dag.py took 0.271 seconds
[2025-11-22T09:15:36.653+0000] {processor.py:154} INFO - Started process (PID=403) to work on /home/airflow/.local/lib/python3.7/site-packages/airflow/example_dags/example_sla_dag.py
[2025-11-22T09:15:36.655+0000] {processor.py:756} INFO - Processing file /home/airflow/.local/lib/python3.7/site-packages/airflow/example_dags/example_sla_dag.py for tasks to queue
[2025-11-22T09:15:36.656+0000] {logging_mixin.py:120} INFO - [2025-11-22T09:15:36.656+0000] {dagbag.py:537} INFO - Filling up the DagBag from /home/airflow/.local/lib/python3.7/site-packages/airflow/example_dags/example_sla_dag.py
[2025-11-22T09:15:36.702+0000] {processor.py:766} INFO - DAG(s) dict_keys(['example_sla_dag']) retrieved from /home/airflow/.local/lib/python3.7/site-packages/airflow/example_dags/example_sla_dag.py
[2025-11-22T09:15:36.768+0000] {logging_mixin.py:120} INFO - [2025-11-22T09:15:36.768+0000] {dag.py:2585} INFO - Sync 1 DAGs
[2025-11-22T09:15:36.806+0000] {logging_mixin.py:120} INFO - [2025-11-22T09:15:36.806+0000] {dag.py:3340} INFO - Setting next_dagrun for example_sla_dag to 2025-11-22T09:12:00+00:00, run_after=2025-11-22T09:14:00+00:00
[2025-11-22T09:15:36.837+0000] {processor.py:176} INFO - Processing /home/airflow/.local/lib/python3.7/site-packages/airflow/example_dags/example_sla_dag.py took 0.188 seconds
[2025-11-22T09:16:07.465+0000] {processor.py:154} INFO - Started process (PID=466) to work on /home/airflow/.local/lib/python3.7/site-packages/airflow/example_dags/example_sla_dag.py
[2025-11-22T09:16:07.467+0000] {processor.py:756} INFO - Processing file /home/airflow/.local/lib/python3.7/site-packages/airflow/example_dags/example_sla_dag.py for tasks to queue
[2025-11-22T09:16:07.468+0000] {logging_mixin.py:120} INFO - [2025-11-22T09:16:07.468+0000] {dagbag.py:537} INFO - Filling up the DagBag from /home/airflow/.local/lib/python3.7/site-packages/airflow/example_dags/example_sla_dag.py
[2025-11-22T09:16:07.714+0000] {processor.py:766} INFO - DAG(s) dict_keys(['example_sla_dag']) retrieved from /home/airflow/.local/lib/python3.7/site-packages/airflow/example_dags/example_sla_dag.py
[2025-11-22T09:29:29.186+0000] {processor.py:154} INFO - Started process (PID=67) to work on /home/airflow/.local/lib/python3.7/site-packages/airflow/example_dags/example_sla_dag.py
[2025-11-22T09:29:29.188+0000] {processor.py:756} INFO - Processing file /home/airflow/.local/lib/python3.7/site-packages/airflow/example_dags/example_sla_dag.py for tasks to queue
[2025-11-22T09:29:29.190+0000] {logging_mixin.py:120} INFO - [2025-11-22T09:29:29.190+0000] {dagbag.py:537} INFO - Filling up the DagBag from /home/airflow/.local/lib/python3.7/site-packages/airflow/example_dags/example_sla_dag.py
[2025-11-22T09:29:29.247+0000] {processor.py:766} INFO - DAG(s) dict_keys(['example_sla_dag']) retrieved from /home/airflow/.local/lib/python3.7/site-packages/airflow/example_dags/example_sla_dag.py
[2025-11-22T09:29:29.327+0000] {logging_mixin.py:120} INFO - [2025-11-22T09:29:29.326+0000] {dag.py:2585} INFO - Sync 1 DAGs
[2025-11-22T09:29:29.764+0000] {logging_mixin.py:120} INFO - [2025-11-22T09:29:29.764+0000] {dag.py:3340} INFO - Setting next_dagrun for example_sla_dag to 2025-11-22T09:26:00+00:00, run_after=2025-11-22T09:28:00+00:00
[2025-11-22T09:29:29.824+0000] {processor.py:176} INFO - Processing /home/airflow/.local/lib/python3.7/site-packages/airflow/example_dags/example_sla_dag.py took 0.644 seconds
[2025-11-22T09:30:19.827+0000] {processor.py:154} INFO - Started process (PID=123) to work on /home/airflow/.local/lib/python3.7/site-packages/airflow/example_dags/example_sla_dag.py
[2025-11-22T09:30:19.843+0000] {processor.py:756} INFO - Processing file /home/airflow/.local/lib/python3.7/site-packages/airflow/example_dags/example_sla_dag.py for tasks to queue
[2025-11-22T09:30:19.848+0000] {logging_mixin.py:120} INFO - [2025-11-22T09:30:19.846+0000] {dagbag.py:537} INFO - Filling up the DagBag from /home/airflow/.local/lib/python3.7/site-packages/airflow/example_dags/example_sla_dag.py
[2025-11-22T09:30:20.127+0000] {processor.py:766} INFO - DAG(s) dict_keys(['example_sla_dag']) retrieved from /home/airflow/.local/lib/python3.7/site-packages/airflow/example_dags/example_sla_dag.py
[2025-11-22T09:30:20.427+0000] {logging_mixin.py:120} INFO - [2025-11-22T09:30:20.426+0000] {dag.py:2585} INFO - Sync 1 DAGs
[2025-11-22T09:30:20.782+0000] {logging_mixin.py:120} INFO - [2025-11-22T09:30:20.782+0000] {dag.py:3340} INFO - Setting next_dagrun for example_sla_dag to 2025-11-22T09:28:00+00:00, run_after=2025-11-22T09:30:00+00:00
[2025-11-22T09:30:21.045+0000] {processor.py:176} INFO - Processing /home/airflow/.local/lib/python3.7/site-packages/airflow/example_dags/example_sla_dag.py took 1.240 seconds
[2025-11-22T09:34:08.396+0000] {processor.py:154} INFO - Started process (PID=255) to work on /home/airflow/.local/lib/python3.7/site-packages/airflow/example_dags/example_sla_dag.py
[2025-11-22T09:34:08.588+0000] {processor.py:756} INFO - Processing file /home/airflow/.local/lib/python3.7/site-packages/airflow/example_dags/example_sla_dag.py for tasks to queue
[2025-11-22T09:34:08.670+0000] {logging_mixin.py:120} INFO - [2025-11-22T09:34:08.669+0000] {dagbag.py:537} INFO - Filling up the DagBag from /home/airflow/.local/lib/python3.7/site-packages/airflow/example_dags/example_sla_dag.py
[2025-11-22T09:34:10.894+0000] {processor.py:766} INFO - DAG(s) dict_keys(['example_sla_dag']) retrieved from /home/airflow/.local/lib/python3.7/site-packages/airflow/example_dags/example_sla_dag.py
[2025-11-22T09:34:13.343+0000] {logging_mixin.py:120} INFO - [2025-11-22T09:34:13.343+0000] {dag.py:2585} INFO - Sync 1 DAGs
[2025-11-22T09:34:19.208+0000] {logging_mixin.py:120} INFO - [2025-11-22T09:34:19.207+0000] {dag.py:3340} INFO - Setting next_dagrun for example_sla_dag to 2025-11-22T09:32:00+00:00, run_after=2025-11-22T09:34:00+00:00
[2025-11-22T09:34:20.856+0000] {processor.py:176} INFO - Processing /home/airflow/.local/lib/python3.7/site-packages/airflow/example_dags/example_sla_dag.py took 12.616 seconds
[2025-11-22T09:37:15.376+0000] {processor.py:154} INFO - Started process (PID=358) to work on /home/airflow/.local/lib/python3.7/site-packages/airflow/example_dags/example_sla_dag.py
[2025-11-22T09:37:15.565+0000] {processor.py:756} INFO - Processing file /home/airflow/.local/lib/python3.7/site-packages/airflow/example_dags/example_sla_dag.py for tasks to queue
[2025-11-22T09:37:15.579+0000] {logging_mixin.py:120} INFO - [2025-11-22T09:37:15.579+0000] {dagbag.py:537} INFO - Filling up the DagBag from /home/airflow/.local/lib/python3.7/site-packages/airflow/example_dags/example_sla_dag.py
[2025-11-22T09:37:16.685+0000] {processor.py:766} INFO - DAG(s) dict_keys(['example_sla_dag']) retrieved from /home/airflow/.local/lib/python3.7/site-packages/airflow/example_dags/example_sla_dag.py
[2025-11-22T09:37:18.423+0000] {logging_mixin.py:120} INFO - [2025-11-22T09:37:18.423+0000] {dag.py:2585} INFO - Sync 1 DAGs
[2025-11-22T09:37:19.085+0000] {logging_mixin.py:120} INFO - [2025-11-22T09:37:19.084+0000] {dag.py:3340} INFO - Setting next_dagrun for example_sla_dag to 2025-11-22T09:34:00+00:00, run_after=2025-11-22T09:36:00+00:00
[2025-11-22T09:37:20.000+0000] {processor.py:176} INFO - Processing /home/airflow/.local/lib/python3.7/site-packages/airflow/example_dags/example_sla_dag.py took 4.856 seconds
[2025-11-22T09:38:41.063+0000] {processor.py:154} INFO - Started process (PID=429) to work on /home/airflow/.local/lib/python3.7/site-packages/airflow/example_dags/example_sla_dag.py
[2025-11-22T09:38:41.099+0000] {processor.py:756} INFO - Processing file /home/airflow/.local/lib/python3.7/site-packages/airflow/example_dags/example_sla_dag.py for tasks to queue
[2025-11-22T09:38:41.144+0000] {logging_mixin.py:120} INFO - [2025-11-22T09:38:41.143+0000] {dagbag.py:537} INFO - Filling up the DagBag from /home/airflow/.local/lib/python3.7/site-packages/airflow/example_dags/example_sla_dag.py
[2025-11-22T09:38:42.776+0000] {processor.py:766} INFO - DAG(s) dict_keys(['example_sla_dag']) retrieved from /home/airflow/.local/lib/python3.7/site-packages/airflow/example_dags/example_sla_dag.py
[2025-11-22T09:38:44.615+0000] {logging_mixin.py:120} INFO - [2025-11-22T09:38:44.601+0000] {dag.py:2585} INFO - Sync 1 DAGs
[2025-11-22T09:38:46.991+0000] {logging_mixin.py:120} INFO - [2025-11-22T09:38:46.990+0000] {dag.py:3340} INFO - Setting next_dagrun for example_sla_dag to 2025-11-22T09:36:00+00:00, run_after=2025-11-22T09:38:00+00:00
[2025-11-22T09:38:48.505+0000] {processor.py:176} INFO - Processing /home/airflow/.local/lib/python3.7/site-packages/airflow/example_dags/example_sla_dag.py took 7.661 seconds
[2025-11-22T09:40:33.012+0000] {processor.py:154} INFO - Started process (PID=498) to work on /home/airflow/.local/lib/python3.7/site-packages/airflow/example_dags/example_sla_dag.py
[2025-11-22T09:40:33.016+0000] {processor.py:756} INFO - Processing file /home/airflow/.local/lib/python3.7/site-packages/airflow/example_dags/example_sla_dag.py for tasks to queue
[2025-11-22T09:40:33.030+0000] {logging_mixin.py:120} INFO - [2025-11-22T09:40:33.030+0000] {dagbag.py:537} INFO - Filling up the DagBag from /home/airflow/.local/lib/python3.7/site-packages/airflow/example_dags/example_sla_dag.py
[2025-11-22T09:40:34.205+0000] {processor.py:766} INFO - DAG(s) dict_keys(['example_sla_dag']) retrieved from /home/airflow/.local/lib/python3.7/site-packages/airflow/example_dags/example_sla_dag.py
[2025-11-22T09:40:35.543+0000] {logging_mixin.py:120} INFO - [2025-11-22T09:40:35.542+0000] {dag.py:2585} INFO - Sync 1 DAGs
[2025-11-22T09:40:36.700+0000] {logging_mixin.py:120} INFO - [2025-11-22T09:40:36.695+0000] {dag.py:3340} INFO - Setting next_dagrun for example_sla_dag to 2025-11-22T09:38:00+00:00, run_after=2025-11-22T09:40:00+00:00
[2025-11-22T09:40:37.759+0000] {processor.py:176} INFO - Processing /home/airflow/.local/lib/python3.7/site-packages/airflow/example_dags/example_sla_dag.py took 5.015 seconds
[2025-11-22T09:41:23.918+0000] {processor.py:154} INFO - Started process (PID=542) to work on /home/airflow/.local/lib/python3.7/site-packages/airflow/example_dags/example_sla_dag.py
[2025-11-22T09:41:23.932+0000] {processor.py:756} INFO - Processing file /home/airflow/.local/lib/python3.7/site-packages/airflow/example_dags/example_sla_dag.py for tasks to queue
[2025-11-22T09:41:23.946+0000] {logging_mixin.py:120} INFO - [2025-11-22T09:41:23.946+0000] {dagbag.py:537} INFO - Filling up the DagBag from /home/airflow/.local/lib/python3.7/site-packages/airflow/example_dags/example_sla_dag.py
[2025-11-22T09:41:24.304+0000] {processor.py:766} INFO - DAG(s) dict_keys(['example_sla_dag']) retrieved from /home/airflow/.local/lib/python3.7/site-packages/airflow/example_dags/example_sla_dag.py
[2025-11-22T09:41:24.600+0000] {logging_mixin.py:120} INFO - [2025-11-22T09:41:24.600+0000] {dag.py:2585} INFO - Sync 1 DAGs
[2025-11-22T09:41:24.960+0000] {logging_mixin.py:120} INFO - [2025-11-22T09:41:24.959+0000] {dag.py:3340} INFO - Setting next_dagrun for example_sla_dag to 2025-11-22T09:38:00+00:00, run_after=2025-11-22T09:40:00+00:00
[2025-11-22T09:41:25.155+0000] {processor.py:176} INFO - Processing /home/airflow/.local/lib/python3.7/site-packages/airflow/example_dags/example_sla_dag.py took 1.343 seconds
[2025-11-22T09:41:55.398+0000] {processor.py:154} INFO - Started process (PID=595) to work on /home/airflow/.local/lib/python3.7/site-packages/airflow/example_dags/example_sla_dag.py
[2025-11-22T09:41:55.400+0000] {processor.py:756} INFO - Processing file /home/airflow/.local/lib/python3.7/site-packages/airflow/example_dags/example_sla_dag.py for tasks to queue
[2025-11-22T09:41:55.402+0000] {logging_mixin.py:120} INFO - [2025-11-22T09:41:55.402+0000] {dagbag.py:537} INFO - Filling up the DagBag from /home/airflow/.local/lib/python3.7/site-packages/airflow/example_dags/example_sla_dag.py
[2025-11-22T09:41:55.443+0000] {processor.py:766} INFO - DAG(s) dict_keys(['example_sla_dag']) retrieved from /home/airflow/.local/lib/python3.7/site-packages/airflow/example_dags/example_sla_dag.py
[2025-11-22T09:41:55.530+0000] {logging_mixin.py:120} INFO - [2025-11-22T09:41:55.529+0000] {dag.py:2585} INFO - Sync 1 DAGs
[2025-11-22T09:41:55.614+0000] {logging_mixin.py:120} INFO - [2025-11-22T09:41:55.614+0000] {dag.py:3340} INFO - Setting next_dagrun for example_sla_dag to 2025-11-22T09:38:00+00:00, run_after=2025-11-22T09:40:00+00:00
[2025-11-22T09:41:55.700+0000] {processor.py:176} INFO - Processing /home/airflow/.local/lib/python3.7/site-packages/airflow/example_dags/example_sla_dag.py took 0.307 seconds
[2025-11-22T09:42:26.294+0000] {processor.py:154} INFO - Started process (PID=650) to work on /home/airflow/.local/lib/python3.7/site-packages/airflow/example_dags/example_sla_dag.py
[2025-11-22T09:42:26.297+0000] {processor.py:756} INFO - Processing file /home/airflow/.local/lib/python3.7/site-packages/airflow/example_dags/example_sla_dag.py for tasks to queue
[2025-11-22T09:42:26.300+0000] {logging_mixin.py:120} INFO - [2025-11-22T09:42:26.300+0000] {dagbag.py:537} INFO - Filling up the DagBag from /home/airflow/.local/lib/python3.7/site-packages/airflow/example_dags/example_sla_dag.py
[2025-11-22T09:42:26.347+0000] {processor.py:766} INFO - DAG(s) dict_keys(['example_sla_dag']) retrieved from /home/airflow/.local/lib/python3.7/site-packages/airflow/example_dags/example_sla_dag.py
[2025-11-22T09:42:26.447+0000] {logging_mixin.py:120} INFO - [2025-11-22T09:42:26.447+0000] {dag.py:2585} INFO - Sync 1 DAGs
[2025-11-22T09:42:26.539+0000] {logging_mixin.py:120} INFO - [2025-11-22T09:42:26.539+0000] {dag.py:3340} INFO - Setting next_dagrun for example_sla_dag to 2025-11-22T09:40:00+00:00, run_after=2025-11-22T09:42:00+00:00
[2025-11-22T09:42:26.583+0000] {processor.py:176} INFO - Processing /home/airflow/.local/lib/python3.7/site-packages/airflow/example_dags/example_sla_dag.py took 0.295 seconds
[2025-11-22T09:42:57.523+0000] {processor.py:154} INFO - Started process (PID=705) to work on /home/airflow/.local/lib/python3.7/site-packages/airflow/example_dags/example_sla_dag.py
[2025-11-22T09:42:57.525+0000] {processor.py:756} INFO - Processing file /home/airflow/.local/lib/python3.7/site-packages/airflow/example_dags/example_sla_dag.py for tasks to queue
[2025-11-22T09:42:57.526+0000] {logging_mixin.py:120} INFO - [2025-11-22T09:42:57.526+0000] {dagbag.py:537} INFO - Filling up the DagBag from /home/airflow/.local/lib/python3.7/site-packages/airflow/example_dags/example_sla_dag.py
[2025-11-22T09:42:57.558+0000] {processor.py:766} INFO - DAG(s) dict_keys(['example_sla_dag']) retrieved from /home/airflow/.local/lib/python3.7/site-packages/airflow/example_dags/example_sla_dag.py
[2025-11-22T09:42:57.608+0000] {logging_mixin.py:120} INFO - [2025-11-22T09:42:57.608+0000] {dag.py:2585} INFO - Sync 1 DAGs
[2025-11-22T09:42:57.643+0000] {logging_mixin.py:120} INFO - [2025-11-22T09:42:57.643+0000] {dag.py:3340} INFO - Setting next_dagrun for example_sla_dag to 2025-11-22T09:40:00+00:00, run_after=2025-11-22T09:42:00+00:00
[2025-11-22T09:42:57.670+0000] {processor.py:176} INFO - Processing /home/airflow/.local/lib/python3.7/site-packages/airflow/example_dags/example_sla_dag.py took 0.152 seconds
[2025-11-22T09:43:28.364+0000] {processor.py:154} INFO - Started process (PID=769) to work on /home/airflow/.local/lib/python3.7/site-packages/airflow/example_dags/example_sla_dag.py
[2025-11-22T09:43:28.365+0000] {processor.py:756} INFO - Processing file /home/airflow/.local/lib/python3.7/site-packages/airflow/example_dags/example_sla_dag.py for tasks to queue
[2025-11-22T09:43:28.367+0000] {logging_mixin.py:120} INFO - [2025-11-22T09:43:28.367+0000] {dagbag.py:537} INFO - Filling up the DagBag from /home/airflow/.local/lib/python3.7/site-packages/airflow/example_dags/example_sla_dag.py
[2025-11-22T09:43:28.414+0000] {processor.py:766} INFO - DAG(s) dict_keys(['example_sla_dag']) retrieved from /home/airflow/.local/lib/python3.7/site-packages/airflow/example_dags/example_sla_dag.py
[2025-11-22T09:43:28.482+0000] {logging_mixin.py:120} INFO - [2025-11-22T09:43:28.482+0000] {dag.py:2585} INFO - Sync 1 DAGs
[2025-11-22T09:43:28.527+0000] {logging_mixin.py:120} INFO - [2025-11-22T09:43:28.527+0000] {dag.py:3340} INFO - Setting next_dagrun for example_sla_dag to 2025-11-22T09:40:00+00:00, run_after=2025-11-22T09:42:00+00:00
[2025-11-22T09:43:28.567+0000] {processor.py:176} INFO - Processing /home/airflow/.local/lib/python3.7/site-packages/airflow/example_dags/example_sla_dag.py took 0.214 seconds
[2025-11-22T09:43:59.178+0000] {processor.py:154} INFO - Started process (PID=823) to work on /home/airflow/.local/lib/python3.7/site-packages/airflow/example_dags/example_sla_dag.py
[2025-11-22T09:43:59.180+0000] {processor.py:756} INFO - Processing file /home/airflow/.local/lib/python3.7/site-packages/airflow/example_dags/example_sla_dag.py for tasks to queue
[2025-11-22T09:43:59.181+0000] {logging_mixin.py:120} INFO - [2025-11-22T09:43:59.181+0000] {dagbag.py:537} INFO - Filling up the DagBag from /home/airflow/.local/lib/python3.7/site-packages/airflow/example_dags/example_sla_dag.py
[2025-11-22T09:43:59.216+0000] {processor.py:766} INFO - DAG(s) dict_keys(['example_sla_dag']) retrieved from /home/airflow/.local/lib/python3.7/site-packages/airflow/example_dags/example_sla_dag.py
[2025-11-22T09:43:59.272+0000] {logging_mixin.py:120} INFO - [2025-11-22T09:43:59.271+0000] {dag.py:2585} INFO - Sync 1 DAGs
[2025-11-22T09:43:59.308+0000] {logging_mixin.py:120} INFO - [2025-11-22T09:43:59.308+0000] {dag.py:3340} INFO - Setting next_dagrun for example_sla_dag to 2025-11-22T09:40:00+00:00, run_after=2025-11-22T09:42:00+00:00
[2025-11-22T09:43:59.347+0000] {processor.py:176} INFO - Processing /home/airflow/.local/lib/python3.7/site-packages/airflow/example_dags/example_sla_dag.py took 0.174 seconds
[2025-11-22T09:44:31.805+0000] {processor.py:154} INFO - Started process (PID=887) to work on /home/airflow/.local/lib/python3.7/site-packages/airflow/example_dags/example_sla_dag.py
[2025-11-22T09:44:31.820+0000] {processor.py:756} INFO - Processing file /home/airflow/.local/lib/python3.7/site-packages/airflow/example_dags/example_sla_dag.py for tasks to queue
[2025-11-22T09:44:31.823+0000] {logging_mixin.py:120} INFO - [2025-11-22T09:44:31.823+0000] {dagbag.py:537} INFO - Filling up the DagBag from /home/airflow/.local/lib/python3.7/site-packages/airflow/example_dags/example_sla_dag.py
[2025-11-22T09:44:32.050+0000] {processor.py:766} INFO - DAG(s) dict_keys(['example_sla_dag']) retrieved from /home/airflow/.local/lib/python3.7/site-packages/airflow/example_dags/example_sla_dag.py
[2025-11-22T09:44:32.621+0000] {logging_mixin.py:120} INFO - [2025-11-22T09:44:32.621+0000] {dag.py:2585} INFO - Sync 1 DAGs
[2025-11-22T09:44:33.221+0000] {logging_mixin.py:120} INFO - [2025-11-22T09:44:33.220+0000] {dag.py:3340} INFO - Setting next_dagrun for example_sla_dag to 2025-11-22T09:42:00+00:00, run_after=2025-11-22T09:44:00+00:00
[2025-11-22T09:44:33.551+0000] {processor.py:176} INFO - Processing /home/airflow/.local/lib/python3.7/site-packages/airflow/example_dags/example_sla_dag.py took 1.761 seconds
[2025-11-22T09:45:03.971+0000] {processor.py:154} INFO - Started process (PID=933) to work on /home/airflow/.local/lib/python3.7/site-packages/airflow/example_dags/example_sla_dag.py
[2025-11-22T09:45:03.974+0000] {processor.py:756} INFO - Processing file /home/airflow/.local/lib/python3.7/site-packages/airflow/example_dags/example_sla_dag.py for tasks to queue
[2025-11-22T09:45:03.977+0000] {logging_mixin.py:120} INFO - [2025-11-22T09:45:03.976+0000] {dagbag.py:537} INFO - Filling up the DagBag from /home/airflow/.local/lib/python3.7/site-packages/airflow/example_dags/example_sla_dag.py
[2025-11-22T09:45:04.027+0000] {processor.py:766} INFO - DAG(s) dict_keys(['example_sla_dag']) retrieved from /home/airflow/.local/lib/python3.7/site-packages/airflow/example_dags/example_sla_dag.py
[2025-11-22T09:45:04.089+0000] {logging_mixin.py:120} INFO - [2025-11-22T09:45:04.089+0000] {dag.py:2585} INFO - Sync 1 DAGs
[2025-11-22T09:45:04.130+0000] {logging_mixin.py:120} INFO - [2025-11-22T09:45:04.130+0000] {dag.py:3340} INFO - Setting next_dagrun for example_sla_dag to 2025-11-22T09:42:00+00:00, run_after=2025-11-22T09:44:00+00:00
[2025-11-22T09:45:04.165+0000] {processor.py:176} INFO - Processing /home/airflow/.local/lib/python3.7/site-packages/airflow/example_dags/example_sla_dag.py took 0.209 seconds
[2025-11-22T09:45:34.515+0000] {processor.py:154} INFO - Started process (PID=996) to work on /home/airflow/.local/lib/python3.7/site-packages/airflow/example_dags/example_sla_dag.py
[2025-11-22T09:45:34.517+0000] {processor.py:756} INFO - Processing file /home/airflow/.local/lib/python3.7/site-packages/airflow/example_dags/example_sla_dag.py for tasks to queue
[2025-11-22T09:45:34.520+0000] {logging_mixin.py:120} INFO - [2025-11-22T09:45:34.520+0000] {dagbag.py:537} INFO - Filling up the DagBag from /home/airflow/.local/lib/python3.7/site-packages/airflow/example_dags/example_sla_dag.py
[2025-11-22T09:45:34.574+0000] {processor.py:766} INFO - DAG(s) dict_keys(['example_sla_dag']) retrieved from /home/airflow/.local/lib/python3.7/site-packages/airflow/example_dags/example_sla_dag.py
[2025-11-22T09:45:34.669+0000] {logging_mixin.py:120} INFO - [2025-11-22T09:45:34.668+0000] {dag.py:2585} INFO - Sync 1 DAGs
[2025-11-22T09:45:34.831+0000] {logging_mixin.py:120} INFO - [2025-11-22T09:45:34.829+0000] {dag.py:3340} INFO - Setting next_dagrun for example_sla_dag to 2025-11-22T09:42:00+00:00, run_after=2025-11-22T09:44:00+00:00
[2025-11-22T09:45:34.933+0000] {processor.py:176} INFO - Processing /home/airflow/.local/lib/python3.7/site-packages/airflow/example_dags/example_sla_dag.py took 0.424 seconds
[2025-11-22T09:46:05.238+0000] {processor.py:154} INFO - Started process (PID=1051) to work on /home/airflow/.local/lib/python3.7/site-packages/airflow/example_dags/example_sla_dag.py
[2025-11-22T09:46:05.250+0000] {processor.py:756} INFO - Processing file /home/airflow/.local/lib/python3.7/site-packages/airflow/example_dags/example_sla_dag.py for tasks to queue
[2025-11-22T09:46:05.267+0000] {logging_mixin.py:120} INFO - [2025-11-22T09:46:05.266+0000] {dagbag.py:537} INFO - Filling up the DagBag from /home/airflow/.local/lib/python3.7/site-packages/airflow/example_dags/example_sla_dag.py
[2025-11-22T09:46:05.379+0000] {processor.py:766} INFO - DAG(s) dict_keys(['example_sla_dag']) retrieved from /home/airflow/.local/lib/python3.7/site-packages/airflow/example_dags/example_sla_dag.py
[2025-11-22T09:46:05.469+0000] {logging_mixin.py:120} INFO - [2025-11-22T09:46:05.468+0000] {dag.py:2585} INFO - Sync 1 DAGs
[2025-11-22T09:46:05.531+0000] {logging_mixin.py:120} INFO - [2025-11-22T09:46:05.531+0000] {dag.py:3340} INFO - Setting next_dagrun for example_sla_dag to 2025-11-22T09:44:00+00:00, run_after=2025-11-22T09:46:00+00:00
[2025-11-22T09:46:05.577+0000] {processor.py:176} INFO - Processing /home/airflow/.local/lib/python3.7/site-packages/airflow/example_dags/example_sla_dag.py took 0.347 seconds
[2025-11-22T09:46:35.637+0000] {processor.py:154} INFO - Started process (PID=1106) to work on /home/airflow/.local/lib/python3.7/site-packages/airflow/example_dags/example_sla_dag.py
[2025-11-22T09:46:35.640+0000] {processor.py:756} INFO - Processing file /home/airflow/.local/lib/python3.7/site-packages/airflow/example_dags/example_sla_dag.py for tasks to queue
[2025-11-22T09:46:35.642+0000] {logging_mixin.py:120} INFO - [2025-11-22T09:46:35.641+0000] {dagbag.py:537} INFO - Filling up the DagBag from /home/airflow/.local/lib/python3.7/site-packages/airflow/example_dags/example_sla_dag.py
[2025-11-22T09:46:35.689+0000] {processor.py:766} INFO - DAG(s) dict_keys(['example_sla_dag']) retrieved from /home/airflow/.local/lib/python3.7/site-packages/airflow/example_dags/example_sla_dag.py
[2025-11-22T09:46:35.761+0000] {logging_mixin.py:120} INFO - [2025-11-22T09:46:35.761+0000] {dag.py:2585} INFO - Sync 1 DAGs
[2025-11-22T09:46:35.804+0000] {logging_mixin.py:120} INFO - [2025-11-22T09:46:35.804+0000] {dag.py:3340} INFO - Setting next_dagrun for example_sla_dag to 2025-11-22T09:44:00+00:00, run_after=2025-11-22T09:46:00+00:00
[2025-11-22T09:46:35.835+0000] {processor.py:176} INFO - Processing /home/airflow/.local/lib/python3.7/site-packages/airflow/example_dags/example_sla_dag.py took 0.205 seconds
[2025-11-22T09:47:06.124+0000] {processor.py:154} INFO - Started process (PID=1161) to work on /home/airflow/.local/lib/python3.7/site-packages/airflow/example_dags/example_sla_dag.py
[2025-11-22T09:47:06.126+0000] {processor.py:756} INFO - Processing file /home/airflow/.local/lib/python3.7/site-packages/airflow/example_dags/example_sla_dag.py for tasks to queue
[2025-11-22T09:47:06.128+0000] {logging_mixin.py:120} INFO - [2025-11-22T09:47:06.128+0000] {dagbag.py:537} INFO - Filling up the DagBag from /home/airflow/.local/lib/python3.7/site-packages/airflow/example_dags/example_sla_dag.py
[2025-11-22T09:47:06.193+0000] {processor.py:766} INFO - DAG(s) dict_keys(['example_sla_dag']) retrieved from /home/airflow/.local/lib/python3.7/site-packages/airflow/example_dags/example_sla_dag.py
[2025-11-22T09:47:06.271+0000] {logging_mixin.py:120} INFO - [2025-11-22T09:47:06.271+0000] {dag.py:2585} INFO - Sync 1 DAGs
[2025-11-22T09:47:06.330+0000] {logging_mixin.py:120} INFO - [2025-11-22T09:47:06.330+0000] {dag.py:3340} INFO - Setting next_dagrun for example_sla_dag to 2025-11-22T09:44:00+00:00, run_after=2025-11-22T09:46:00+00:00
[2025-11-22T09:47:06.373+0000] {processor.py:176} INFO - Processing /home/airflow/.local/lib/python3.7/site-packages/airflow/example_dags/example_sla_dag.py took 0.262 seconds
[2025-11-22T09:47:37.006+0000] {processor.py:154} INFO - Started process (PID=1226) to work on /home/airflow/.local/lib/python3.7/site-packages/airflow/example_dags/example_sla_dag.py
[2025-11-22T09:47:37.009+0000] {processor.py:756} INFO - Processing file /home/airflow/.local/lib/python3.7/site-packages/airflow/example_dags/example_sla_dag.py for tasks to queue
[2025-11-22T09:47:37.011+0000] {logging_mixin.py:120} INFO - [2025-11-22T09:47:37.010+0000] {dagbag.py:537} INFO - Filling up the DagBag from /home/airflow/.local/lib/python3.7/site-packages/airflow/example_dags/example_sla_dag.py
[2025-11-22T09:47:37.062+0000] {processor.py:766} INFO - DAG(s) dict_keys(['example_sla_dag']) retrieved from /home/airflow/.local/lib/python3.7/site-packages/airflow/example_dags/example_sla_dag.py
[2025-11-22T09:47:37.134+0000] {logging_mixin.py:120} INFO - [2025-11-22T09:47:37.133+0000] {dag.py:2585} INFO - Sync 1 DAGs
[2025-11-22T09:47:37.190+0000] {logging_mixin.py:120} INFO - [2025-11-22T09:47:37.190+0000] {dag.py:3340} INFO - Setting next_dagrun for example_sla_dag to 2025-11-22T09:44:00+00:00, run_after=2025-11-22T09:46:00+00:00
[2025-11-22T09:47:37.230+0000] {processor.py:176} INFO - Processing /home/airflow/.local/lib/python3.7/site-packages/airflow/example_dags/example_sla_dag.py took 0.231 seconds
[2025-11-22T09:48:07.513+0000] {processor.py:154} INFO - Started process (PID=1282) to work on /home/airflow/.local/lib/python3.7/site-packages/airflow/example_dags/example_sla_dag.py
[2025-11-22T09:48:07.515+0000] {processor.py:756} INFO - Processing file /home/airflow/.local/lib/python3.7/site-packages/airflow/example_dags/example_sla_dag.py for tasks to queue
[2025-11-22T09:48:07.517+0000] {logging_mixin.py:120} INFO - [2025-11-22T09:48:07.517+0000] {dagbag.py:537} INFO - Filling up the DagBag from /home/airflow/.local/lib/python3.7/site-packages/airflow/example_dags/example_sla_dag.py
[2025-11-22T09:48:07.567+0000] {processor.py:766} INFO - DAG(s) dict_keys(['example_sla_dag']) retrieved from /home/airflow/.local/lib/python3.7/site-packages/airflow/example_dags/example_sla_dag.py
[2025-11-22T09:48:07.643+0000] {logging_mixin.py:120} INFO - [2025-11-22T09:48:07.643+0000] {dag.py:2585} INFO - Sync 1 DAGs
[2025-11-22T09:48:07.701+0000] {logging_mixin.py:120} INFO - [2025-11-22T09:48:07.700+0000] {dag.py:3340} INFO - Setting next_dagrun for example_sla_dag to 2025-11-22T09:46:00+00:00, run_after=2025-11-22T09:48:00+00:00
[2025-11-22T09:48:07.741+0000] {processor.py:176} INFO - Processing /home/airflow/.local/lib/python3.7/site-packages/airflow/example_dags/example_sla_dag.py took 0.235 seconds
[2025-11-22T09:48:38.052+0000] {processor.py:154} INFO - Started process (PID=1346) to work on /home/airflow/.local/lib/python3.7/site-packages/airflow/example_dags/example_sla_dag.py
[2025-11-22T09:48:38.054+0000] {processor.py:756} INFO - Processing file /home/airflow/.local/lib/python3.7/site-packages/airflow/example_dags/example_sla_dag.py for tasks to queue
[2025-11-22T09:48:38.057+0000] {logging_mixin.py:120} INFO - [2025-11-22T09:48:38.056+0000] {dagbag.py:537} INFO - Filling up the DagBag from /home/airflow/.local/lib/python3.7/site-packages/airflow/example_dags/example_sla_dag.py
[2025-11-22T09:48:38.108+0000] {processor.py:766} INFO - DAG(s) dict_keys(['example_sla_dag']) retrieved from /home/airflow/.local/lib/python3.7/site-packages/airflow/example_dags/example_sla_dag.py
[2025-11-22T09:48:38.204+0000] {logging_mixin.py:120} INFO - [2025-11-22T09:48:38.204+0000] {dag.py:2585} INFO - Sync 1 DAGs
[2025-11-22T09:48:38.257+0000] {logging_mixin.py:120} INFO - [2025-11-22T09:48:38.257+0000] {dag.py:3340} INFO - Setting next_dagrun for example_sla_dag to 2025-11-22T09:46:00+00:00, run_after=2025-11-22T09:48:00+00:00
[2025-11-22T09:48:38.296+0000] {processor.py:176} INFO - Processing /home/airflow/.local/lib/python3.7/site-packages/airflow/example_dags/example_sla_dag.py took 0.256 seconds
[2025-11-22T09:49:09.233+0000] {processor.py:154} INFO - Started process (PID=1401) to work on /home/airflow/.local/lib/python3.7/site-packages/airflow/example_dags/example_sla_dag.py
[2025-11-22T09:49:09.235+0000] {processor.py:756} INFO - Processing file /home/airflow/.local/lib/python3.7/site-packages/airflow/example_dags/example_sla_dag.py for tasks to queue
[2025-11-22T09:49:09.237+0000] {logging_mixin.py:120} INFO - [2025-11-22T09:49:09.237+0000] {dagbag.py:537} INFO - Filling up the DagBag from /home/airflow/.local/lib/python3.7/site-packages/airflow/example_dags/example_sla_dag.py
[2025-11-22T09:49:09.284+0000] {processor.py:766} INFO - DAG(s) dict_keys(['example_sla_dag']) retrieved from /home/airflow/.local/lib/python3.7/site-packages/airflow/example_dags/example_sla_dag.py
[2025-11-22T09:49:09.367+0000] {logging_mixin.py:120} INFO - [2025-11-22T09:49:09.366+0000] {dag.py:2585} INFO - Sync 1 DAGs
[2025-11-22T09:49:09.427+0000] {logging_mixin.py:120} INFO - [2025-11-22T09:49:09.427+0000] {dag.py:3340} INFO - Setting next_dagrun for example_sla_dag to 2025-11-22T09:46:00+00:00, run_after=2025-11-22T09:48:00+00:00
[2025-11-22T09:49:09.465+0000] {processor.py:176} INFO - Processing /home/airflow/.local/lib/python3.7/site-packages/airflow/example_dags/example_sla_dag.py took 0.236 seconds
[2025-11-22T09:49:39.808+0000] {processor.py:154} INFO - Started process (PID=1465) to work on /home/airflow/.local/lib/python3.7/site-packages/airflow/example_dags/example_sla_dag.py
[2025-11-22T09:49:39.810+0000] {processor.py:756} INFO - Processing file /home/airflow/.local/lib/python3.7/site-packages/airflow/example_dags/example_sla_dag.py for tasks to queue
[2025-11-22T09:49:39.811+0000] {logging_mixin.py:120} INFO - [2025-11-22T09:49:39.811+0000] {dagbag.py:537} INFO - Filling up the DagBag from /home/airflow/.local/lib/python3.7/site-packages/airflow/example_dags/example_sla_dag.py
[2025-11-22T09:49:39.844+0000] {processor.py:766} INFO - DAG(s) dict_keys(['example_sla_dag']) retrieved from /home/airflow/.local/lib/python3.7/site-packages/airflow/example_dags/example_sla_dag.py
[2025-11-22T09:49:39.899+0000] {logging_mixin.py:120} INFO - [2025-11-22T09:49:39.898+0000] {dag.py:2585} INFO - Sync 1 DAGs
[2025-11-22T09:49:39.943+0000] {logging_mixin.py:120} INFO - [2025-11-22T09:49:39.943+0000] {dag.py:3340} INFO - Setting next_dagrun for example_sla_dag to 2025-11-22T09:46:00+00:00, run_after=2025-11-22T09:48:00+00:00
[2025-11-22T09:49:39.976+0000] {processor.py:176} INFO - Processing /home/airflow/.local/lib/python3.7/site-packages/airflow/example_dags/example_sla_dag.py took 0.172 seconds
[2025-11-22T09:50:10.372+0000] {processor.py:154} INFO - Started process (PID=1521) to work on /home/airflow/.local/lib/python3.7/site-packages/airflow/example_dags/example_sla_dag.py
[2025-11-22T09:50:10.374+0000] {processor.py:756} INFO - Processing file /home/airflow/.local/lib/python3.7/site-packages/airflow/example_dags/example_sla_dag.py for tasks to queue
[2025-11-22T09:50:10.376+0000] {logging_mixin.py:120} INFO - [2025-11-22T09:50:10.376+0000] {dagbag.py:537} INFO - Filling up the DagBag from /home/airflow/.local/lib/python3.7/site-packages/airflow/example_dags/example_sla_dag.py
[2025-11-22T09:50:10.407+0000] {processor.py:766} INFO - DAG(s) dict_keys(['example_sla_dag']) retrieved from /home/airflow/.local/lib/python3.7/site-packages/airflow/example_dags/example_sla_dag.py
[2025-11-22T09:50:10.457+0000] {logging_mixin.py:120} INFO - [2025-11-22T09:50:10.457+0000] {dag.py:2585} INFO - Sync 1 DAGs
[2025-11-22T09:50:10.489+0000] {logging_mixin.py:120} INFO - [2025-11-22T09:50:10.489+0000] {dag.py:3340} INFO - Setting next_dagrun for example_sla_dag to 2025-11-22T09:48:00+00:00, run_after=2025-11-22T09:50:00+00:00
[2025-11-22T09:50:10.520+0000] {processor.py:176} INFO - Processing /home/airflow/.local/lib/python3.7/site-packages/airflow/example_dags/example_sla_dag.py took 0.154 seconds
[2025-11-22T09:50:40.711+0000] {processor.py:154} INFO - Started process (PID=1585) to work on /home/airflow/.local/lib/python3.7/site-packages/airflow/example_dags/example_sla_dag.py
[2025-11-22T09:50:40.713+0000] {processor.py:756} INFO - Processing file /home/airflow/.local/lib/python3.7/site-packages/airflow/example_dags/example_sla_dag.py for tasks to queue
[2025-11-22T09:50:40.714+0000] {logging_mixin.py:120} INFO - [2025-11-22T09:50:40.714+0000] {dagbag.py:537} INFO - Filling up the DagBag from /home/airflow/.local/lib/python3.7/site-packages/airflow/example_dags/example_sla_dag.py
[2025-11-22T09:50:40.745+0000] {processor.py:766} INFO - DAG(s) dict_keys(['example_sla_dag']) retrieved from /home/airflow/.local/lib/python3.7/site-packages/airflow/example_dags/example_sla_dag.py
[2025-11-22T09:50:40.803+0000] {logging_mixin.py:120} INFO - [2025-11-22T09:50:40.803+0000] {dag.py:2585} INFO - Sync 1 DAGs
[2025-11-22T09:50:40.844+0000] {logging_mixin.py:120} INFO - [2025-11-22T09:50:40.844+0000] {dag.py:3340} INFO - Setting next_dagrun for example_sla_dag to 2025-11-22T09:48:00+00:00, run_after=2025-11-22T09:50:00+00:00
[2025-11-22T09:50:40.886+0000] {processor.py:176} INFO - Processing /home/airflow/.local/lib/python3.7/site-packages/airflow/example_dags/example_sla_dag.py took 0.180 seconds
[2025-11-22T09:51:11.334+0000] {processor.py:154} INFO - Started process (PID=1646) to work on /home/airflow/.local/lib/python3.7/site-packages/airflow/example_dags/example_sla_dag.py
[2025-11-22T09:51:11.335+0000] {processor.py:756} INFO - Processing file /home/airflow/.local/lib/python3.7/site-packages/airflow/example_dags/example_sla_dag.py for tasks to queue
[2025-11-22T09:51:11.337+0000] {logging_mixin.py:120} INFO - [2025-11-22T09:51:11.336+0000] {dagbag.py:537} INFO - Filling up the DagBag from /home/airflow/.local/lib/python3.7/site-packages/airflow/example_dags/example_sla_dag.py
[2025-11-22T09:51:11.403+0000] {processor.py:766} INFO - DAG(s) dict_keys(['example_sla_dag']) retrieved from /home/airflow/.local/lib/python3.7/site-packages/airflow/example_dags/example_sla_dag.py
[2025-11-22T09:51:11.504+0000] {logging_mixin.py:120} INFO - [2025-11-22T09:51:11.503+0000] {dag.py:2585} INFO - Sync 1 DAGs
[2025-11-22T09:51:11.557+0000] {logging_mixin.py:120} INFO - [2025-11-22T09:51:11.557+0000] {dag.py:3340} INFO - Setting next_dagrun for example_sla_dag to 2025-11-22T09:48:00+00:00, run_after=2025-11-22T09:50:00+00:00
[2025-11-22T09:51:11.598+0000] {processor.py:176} INFO - Processing /home/airflow/.local/lib/python3.7/site-packages/airflow/example_dags/example_sla_dag.py took 0.270 seconds
[2025-11-22T09:51:41.787+0000] {processor.py:154} INFO - Started process (PID=1703) to work on /home/airflow/.local/lib/python3.7/site-packages/airflow/example_dags/example_sla_dag.py
[2025-11-22T09:51:41.788+0000] {processor.py:756} INFO - Processing file /home/airflow/.local/lib/python3.7/site-packages/airflow/example_dags/example_sla_dag.py for tasks to queue
[2025-11-22T09:51:41.790+0000] {logging_mixin.py:120} INFO - [2025-11-22T09:51:41.790+0000] {dagbag.py:537} INFO - Filling up the DagBag from /home/airflow/.local/lib/python3.7/site-packages/airflow/example_dags/example_sla_dag.py
[2025-11-22T09:51:41.822+0000] {processor.py:766} INFO - DAG(s) dict_keys(['example_sla_dag']) retrieved from /home/airflow/.local/lib/python3.7/site-packages/airflow/example_dags/example_sla_dag.py
[2025-11-22T09:51:41.874+0000] {logging_mixin.py:120} INFO - [2025-11-22T09:51:41.874+0000] {dag.py:2585} INFO - Sync 1 DAGs
[2025-11-22T09:51:41.904+0000] {logging_mixin.py:120} INFO - [2025-11-22T09:51:41.903+0000] {dag.py:3340} INFO - Setting next_dagrun for example_sla_dag to 2025-11-22T09:48:00+00:00, run_after=2025-11-22T09:50:00+00:00
[2025-11-22T09:51:41.935+0000] {processor.py:176} INFO - Processing /home/airflow/.local/lib/python3.7/site-packages/airflow/example_dags/example_sla_dag.py took 0.152 seconds
[2025-11-22T09:52:12.427+0000] {processor.py:154} INFO - Started process (PID=1766) to work on /home/airflow/.local/lib/python3.7/site-packages/airflow/example_dags/example_sla_dag.py
[2025-11-22T09:52:12.429+0000] {processor.py:756} INFO - Processing file /home/airflow/.local/lib/python3.7/site-packages/airflow/example_dags/example_sla_dag.py for tasks to queue
[2025-11-22T09:52:12.431+0000] {logging_mixin.py:120} INFO - [2025-11-22T09:52:12.431+0000] {dagbag.py:537} INFO - Filling up the DagBag from /home/airflow/.local/lib/python3.7/site-packages/airflow/example_dags/example_sla_dag.py
[2025-11-22T09:52:12.467+0000] {processor.py:766} INFO - DAG(s) dict_keys(['example_sla_dag']) retrieved from /home/airflow/.local/lib/python3.7/site-packages/airflow/example_dags/example_sla_dag.py
[2025-11-22T09:52:12.527+0000] {logging_mixin.py:120} INFO - [2025-11-22T09:52:12.527+0000] {dag.py:2585} INFO - Sync 1 DAGs
[2025-11-22T09:52:12.574+0000] {logging_mixin.py:120} INFO - [2025-11-22T09:52:12.574+0000] {dag.py:3340} INFO - Setting next_dagrun for example_sla_dag to 2025-11-22T09:50:00+00:00, run_after=2025-11-22T09:52:00+00:00
[2025-11-22T09:52:12.617+0000] {processor.py:176} INFO - Processing /home/airflow/.local/lib/python3.7/site-packages/airflow/example_dags/example_sla_dag.py took 0.196 seconds
[2025-11-22T09:52:42.886+0000] {processor.py:154} INFO - Started process (PID=1821) to work on /home/airflow/.local/lib/python3.7/site-packages/airflow/example_dags/example_sla_dag.py
[2025-11-22T09:52:42.888+0000] {processor.py:756} INFO - Processing file /home/airflow/.local/lib/python3.7/site-packages/airflow/example_dags/example_sla_dag.py for tasks to queue
[2025-11-22T09:52:42.890+0000] {logging_mixin.py:120} INFO - [2025-11-22T09:52:42.889+0000] {dagbag.py:537} INFO - Filling up the DagBag from /home/airflow/.local/lib/python3.7/site-packages/airflow/example_dags/example_sla_dag.py
[2025-11-22T09:52:42.921+0000] {processor.py:766} INFO - DAG(s) dict_keys(['example_sla_dag']) retrieved from /home/airflow/.local/lib/python3.7/site-packages/airflow/example_dags/example_sla_dag.py
[2025-11-22T09:52:42.981+0000] {logging_mixin.py:120} INFO - [2025-11-22T09:52:42.981+0000] {dag.py:2585} INFO - Sync 1 DAGs
[2025-11-22T09:52:43.017+0000] {logging_mixin.py:120} INFO - [2025-11-22T09:52:43.017+0000] {dag.py:3340} INFO - Setting next_dagrun for example_sla_dag to 2025-11-22T09:50:00+00:00, run_after=2025-11-22T09:52:00+00:00
[2025-11-22T09:52:43.052+0000] {processor.py:176} INFO - Processing /home/airflow/.local/lib/python3.7/site-packages/airflow/example_dags/example_sla_dag.py took 0.174 seconds
[2025-11-22T09:53:13.525+0000] {processor.py:154} INFO - Started process (PID=1884) to work on /home/airflow/.local/lib/python3.7/site-packages/airflow/example_dags/example_sla_dag.py
[2025-11-22T09:53:13.530+0000] {processor.py:756} INFO - Processing file /home/airflow/.local/lib/python3.7/site-packages/airflow/example_dags/example_sla_dag.py for tasks to queue
[2025-11-22T09:53:13.533+0000] {logging_mixin.py:120} INFO - [2025-11-22T09:53:13.532+0000] {dagbag.py:537} INFO - Filling up the DagBag from /home/airflow/.local/lib/python3.7/site-packages/airflow/example_dags/example_sla_dag.py
[2025-11-22T09:53:13.624+0000] {processor.py:766} INFO - DAG(s) dict_keys(['example_sla_dag']) retrieved from /home/airflow/.local/lib/python3.7/site-packages/airflow/example_dags/example_sla_dag.py
[2025-11-22T09:53:13.831+0000] {logging_mixin.py:120} INFO - [2025-11-22T09:53:13.830+0000] {dag.py:2585} INFO - Sync 1 DAGs
[2025-11-22T09:53:13.973+0000] {logging_mixin.py:120} INFO - [2025-11-22T09:53:13.973+0000] {dag.py:3340} INFO - Setting next_dagrun for example_sla_dag to 2025-11-22T09:50:00+00:00, run_after=2025-11-22T09:52:00+00:00
[2025-11-22T09:53:14.067+0000] {processor.py:176} INFO - Processing /home/airflow/.local/lib/python3.7/site-packages/airflow/example_dags/example_sla_dag.py took 0.551 seconds
[2025-11-22T09:53:44.636+0000] {processor.py:154} INFO - Started process (PID=1939) to work on /home/airflow/.local/lib/python3.7/site-packages/airflow/example_dags/example_sla_dag.py
[2025-11-22T09:53:44.637+0000] {processor.py:756} INFO - Processing file /home/airflow/.local/lib/python3.7/site-packages/airflow/example_dags/example_sla_dag.py for tasks to queue
[2025-11-22T09:53:44.640+0000] {logging_mixin.py:120} INFO - [2025-11-22T09:53:44.640+0000] {dagbag.py:537} INFO - Filling up the DagBag from /home/airflow/.local/lib/python3.7/site-packages/airflow/example_dags/example_sla_dag.py
[2025-11-22T09:53:44.688+0000] {processor.py:766} INFO - DAG(s) dict_keys(['example_sla_dag']) retrieved from /home/airflow/.local/lib/python3.7/site-packages/airflow/example_dags/example_sla_dag.py
[2025-11-22T09:53:44.764+0000] {logging_mixin.py:120} INFO - [2025-11-22T09:53:44.764+0000] {dag.py:2585} INFO - Sync 1 DAGs
[2025-11-22T09:53:44.808+0000] {logging_mixin.py:120} INFO - [2025-11-22T09:53:44.807+0000] {dag.py:3340} INFO - Setting next_dagrun for example_sla_dag to 2025-11-22T09:50:00+00:00, run_after=2025-11-22T09:52:00+00:00
[2025-11-22T09:53:44.850+0000] {processor.py:176} INFO - Processing /home/airflow/.local/lib/python3.7/site-packages/airflow/example_dags/example_sla_dag.py took 0.222 seconds
[2025-11-22T09:54:16.054+0000] {processor.py:154} INFO - Started process (PID=2002) to work on /home/airflow/.local/lib/python3.7/site-packages/airflow/example_dags/example_sla_dag.py
[2025-11-22T09:54:16.061+0000] {processor.py:756} INFO - Processing file /home/airflow/.local/lib/python3.7/site-packages/airflow/example_dags/example_sla_dag.py for tasks to queue
[2025-11-22T09:54:16.069+0000] {logging_mixin.py:120} INFO - [2025-11-22T09:54:16.069+0000] {dagbag.py:537} INFO - Filling up the DagBag from /home/airflow/.local/lib/python3.7/site-packages/airflow/example_dags/example_sla_dag.py
[2025-11-22T09:54:16.200+0000] {processor.py:766} INFO - DAG(s) dict_keys(['example_sla_dag']) retrieved from /home/airflow/.local/lib/python3.7/site-packages/airflow/example_dags/example_sla_dag.py
[2025-11-22T09:54:16.493+0000] {logging_mixin.py:120} INFO - [2025-11-22T09:54:16.493+0000] {dag.py:2585} INFO - Sync 1 DAGs
[2025-11-22T09:54:16.566+0000] {logging_mixin.py:120} INFO - [2025-11-22T09:54:16.566+0000] {dag.py:3340} INFO - Setting next_dagrun for example_sla_dag to 2025-11-22T09:52:00+00:00, run_after=2025-11-22T09:54:00+00:00
[2025-11-22T09:54:16.611+0000] {processor.py:176} INFO - Processing /home/airflow/.local/lib/python3.7/site-packages/airflow/example_dags/example_sla_dag.py took 0.572 seconds
[2025-11-22T09:54:47.214+0000] {processor.py:154} INFO - Started process (PID=2056) to work on /home/airflow/.local/lib/python3.7/site-packages/airflow/example_dags/example_sla_dag.py
[2025-11-22T09:54:47.223+0000] {processor.py:756} INFO - Processing file /home/airflow/.local/lib/python3.7/site-packages/airflow/example_dags/example_sla_dag.py for tasks to queue
[2025-11-22T09:54:47.232+0000] {logging_mixin.py:120} INFO - [2025-11-22T09:54:47.232+0000] {dagbag.py:537} INFO - Filling up the DagBag from /home/airflow/.local/lib/python3.7/site-packages/airflow/example_dags/example_sla_dag.py
[2025-11-22T09:54:47.335+0000] {processor.py:766} INFO - DAG(s) dict_keys(['example_sla_dag']) retrieved from /home/airflow/.local/lib/python3.7/site-packages/airflow/example_dags/example_sla_dag.py
[2025-11-22T09:54:47.419+0000] {logging_mixin.py:120} INFO - [2025-11-22T09:54:47.418+0000] {dag.py:2585} INFO - Sync 1 DAGs
[2025-11-22T09:54:47.459+0000] {logging_mixin.py:120} INFO - [2025-11-22T09:54:47.459+0000] {dag.py:3340} INFO - Setting next_dagrun for example_sla_dag to 2025-11-22T09:52:00+00:00, run_after=2025-11-22T09:54:00+00:00
[2025-11-22T09:54:47.499+0000] {processor.py:176} INFO - Processing /home/airflow/.local/lib/python3.7/site-packages/airflow/example_dags/example_sla_dag.py took 0.291 seconds
[2025-11-22T09:55:17.583+0000] {processor.py:154} INFO - Started process (PID=2121) to work on /home/airflow/.local/lib/python3.7/site-packages/airflow/example_dags/example_sla_dag.py
[2025-11-22T09:55:17.585+0000] {processor.py:756} INFO - Processing file /home/airflow/.local/lib/python3.7/site-packages/airflow/example_dags/example_sla_dag.py for tasks to queue
[2025-11-22T09:55:17.588+0000] {logging_mixin.py:120} INFO - [2025-11-22T09:55:17.587+0000] {dagbag.py:537} INFO - Filling up the DagBag from /home/airflow/.local/lib/python3.7/site-packages/airflow/example_dags/example_sla_dag.py
[2025-11-22T09:55:17.662+0000] {processor.py:766} INFO - DAG(s) dict_keys(['example_sla_dag']) retrieved from /home/airflow/.local/lib/python3.7/site-packages/airflow/example_dags/example_sla_dag.py
[2025-11-22T09:55:17.764+0000] {logging_mixin.py:120} INFO - [2025-11-22T09:55:17.764+0000] {dag.py:2585} INFO - Sync 1 DAGs
[2025-11-22T09:55:17.853+0000] {logging_mixin.py:120} INFO - [2025-11-22T09:55:17.847+0000] {dag.py:3340} INFO - Setting next_dagrun for example_sla_dag to 2025-11-22T09:52:00+00:00, run_after=2025-11-22T09:54:00+00:00
[2025-11-22T09:55:17.908+0000] {processor.py:176} INFO - Processing /home/airflow/.local/lib/python3.7/site-packages/airflow/example_dags/example_sla_dag.py took 0.332 seconds
[2025-11-22T09:55:48.490+0000] {processor.py:154} INFO - Started process (PID=2176) to work on /home/airflow/.local/lib/python3.7/site-packages/airflow/example_dags/example_sla_dag.py
[2025-11-22T09:55:48.492+0000] {processor.py:756} INFO - Processing file /home/airflow/.local/lib/python3.7/site-packages/airflow/example_dags/example_sla_dag.py for tasks to queue
[2025-11-22T09:55:48.494+0000] {logging_mixin.py:120} INFO - [2025-11-22T09:55:48.493+0000] {dagbag.py:537} INFO - Filling up the DagBag from /home/airflow/.local/lib/python3.7/site-packages/airflow/example_dags/example_sla_dag.py
[2025-11-22T09:55:48.524+0000] {processor.py:766} INFO - DAG(s) dict_keys(['example_sla_dag']) retrieved from /home/airflow/.local/lib/python3.7/site-packages/airflow/example_dags/example_sla_dag.py
[2025-11-22T09:55:48.586+0000] {logging_mixin.py:120} INFO - [2025-11-22T09:55:48.586+0000] {dag.py:2585} INFO - Sync 1 DAGs
[2025-11-22T09:55:48.617+0000] {logging_mixin.py:120} INFO - [2025-11-22T09:55:48.617+0000] {dag.py:3340} INFO - Setting next_dagrun for example_sla_dag to 2025-11-22T09:52:00+00:00, run_after=2025-11-22T09:54:00+00:00
[2025-11-22T09:55:48.650+0000] {processor.py:176} INFO - Processing /home/airflow/.local/lib/python3.7/site-packages/airflow/example_dags/example_sla_dag.py took 0.164 seconds
[2025-11-22T09:56:19.373+0000] {processor.py:154} INFO - Started process (PID=2239) to work on /home/airflow/.local/lib/python3.7/site-packages/airflow/example_dags/example_sla_dag.py
[2025-11-22T09:56:19.375+0000] {processor.py:756} INFO - Processing file /home/airflow/.local/lib/python3.7/site-packages/airflow/example_dags/example_sla_dag.py for tasks to queue
[2025-11-22T09:56:19.377+0000] {logging_mixin.py:120} INFO - [2025-11-22T09:56:19.376+0000] {dagbag.py:537} INFO - Filling up the DagBag from /home/airflow/.local/lib/python3.7/site-packages/airflow/example_dags/example_sla_dag.py
[2025-11-22T09:56:19.437+0000] {processor.py:766} INFO - DAG(s) dict_keys(['example_sla_dag']) retrieved from /home/airflow/.local/lib/python3.7/site-packages/airflow/example_dags/example_sla_dag.py
[2025-11-22T09:56:19.536+0000] {logging_mixin.py:120} INFO - [2025-11-22T09:56:19.533+0000] {dag.py:2585} INFO - Sync 1 DAGs
[2025-11-22T09:56:19.617+0000] {logging_mixin.py:120} INFO - [2025-11-22T09:56:19.617+0000] {dag.py:3340} INFO - Setting next_dagrun for example_sla_dag to 2025-11-22T09:54:00+00:00, run_after=2025-11-22T09:56:00+00:00
[2025-11-22T09:56:19.680+0000] {processor.py:176} INFO - Processing /home/airflow/.local/lib/python3.7/site-packages/airflow/example_dags/example_sla_dag.py took 0.321 seconds
[2025-11-22T09:56:49.995+0000] {processor.py:154} INFO - Started process (PID=2305) to work on /home/airflow/.local/lib/python3.7/site-packages/airflow/example_dags/example_sla_dag.py
[2025-11-22T09:56:49.998+0000] {processor.py:756} INFO - Processing file /home/airflow/.local/lib/python3.7/site-packages/airflow/example_dags/example_sla_dag.py for tasks to queue
[2025-11-22T09:56:49.999+0000] {logging_mixin.py:120} INFO - [2025-11-22T09:56:49.999+0000] {dagbag.py:537} INFO - Filling up the DagBag from /home/airflow/.local/lib/python3.7/site-packages/airflow/example_dags/example_sla_dag.py
[2025-11-22T09:56:50.034+0000] {processor.py:766} INFO - DAG(s) dict_keys(['example_sla_dag']) retrieved from /home/airflow/.local/lib/python3.7/site-packages/airflow/example_dags/example_sla_dag.py
[2025-11-22T09:56:50.100+0000] {logging_mixin.py:120} INFO - [2025-11-22T09:56:50.099+0000] {dag.py:2585} INFO - Sync 1 DAGs
[2025-11-22T09:56:50.152+0000] {logging_mixin.py:120} INFO - [2025-11-22T09:56:50.152+0000] {dag.py:3340} INFO - Setting next_dagrun for example_sla_dag to 2025-11-22T09:54:00+00:00, run_after=2025-11-22T09:56:00+00:00
[2025-11-22T09:56:50.190+0000] {processor.py:176} INFO - Processing /home/airflow/.local/lib/python3.7/site-packages/airflow/example_dags/example_sla_dag.py took 0.200 seconds
[2025-11-22T09:57:20.743+0000] {processor.py:154} INFO - Started process (PID=2360) to work on /home/airflow/.local/lib/python3.7/site-packages/airflow/example_dags/example_sla_dag.py
[2025-11-22T09:57:20.746+0000] {processor.py:756} INFO - Processing file /home/airflow/.local/lib/python3.7/site-packages/airflow/example_dags/example_sla_dag.py for tasks to queue
[2025-11-22T09:57:20.749+0000] {logging_mixin.py:120} INFO - [2025-11-22T09:57:20.748+0000] {dagbag.py:537} INFO - Filling up the DagBag from /home/airflow/.local/lib/python3.7/site-packages/airflow/example_dags/example_sla_dag.py
[2025-11-22T09:57:20.811+0000] {processor.py:766} INFO - DAG(s) dict_keys(['example_sla_dag']) retrieved from /home/airflow/.local/lib/python3.7/site-packages/airflow/example_dags/example_sla_dag.py
[2025-11-22T09:57:20.929+0000] {logging_mixin.py:120} INFO - [2025-11-22T09:57:20.929+0000] {dag.py:2585} INFO - Sync 1 DAGs
[2025-11-22T09:57:21.012+0000] {logging_mixin.py:120} INFO - [2025-11-22T09:57:21.012+0000] {dag.py:3340} INFO - Setting next_dagrun for example_sla_dag to 2025-11-22T09:54:00+00:00, run_after=2025-11-22T09:56:00+00:00
[2025-11-22T09:57:21.061+0000] {processor.py:176} INFO - Processing /home/airflow/.local/lib/python3.7/site-packages/airflow/example_dags/example_sla_dag.py took 0.326 seconds
[2025-11-22T09:57:51.893+0000] {processor.py:154} INFO - Started process (PID=2424) to work on /home/airflow/.local/lib/python3.7/site-packages/airflow/example_dags/example_sla_dag.py
[2025-11-22T09:57:51.895+0000] {processor.py:756} INFO - Processing file /home/airflow/.local/lib/python3.7/site-packages/airflow/example_dags/example_sla_dag.py for tasks to queue
[2025-11-22T09:57:51.897+0000] {logging_mixin.py:120} INFO - [2025-11-22T09:57:51.896+0000] {dagbag.py:537} INFO - Filling up the DagBag from /home/airflow/.local/lib/python3.7/site-packages/airflow/example_dags/example_sla_dag.py
[2025-11-22T09:57:51.936+0000] {processor.py:766} INFO - DAG(s) dict_keys(['example_sla_dag']) retrieved from /home/airflow/.local/lib/python3.7/site-packages/airflow/example_dags/example_sla_dag.py
[2025-11-22T09:57:51.998+0000] {logging_mixin.py:120} INFO - [2025-11-22T09:57:51.998+0000] {dag.py:2585} INFO - Sync 1 DAGs
[2025-11-22T09:57:52.039+0000] {logging_mixin.py:120} INFO - [2025-11-22T09:57:52.039+0000] {dag.py:3340} INFO - Setting next_dagrun for example_sla_dag to 2025-11-22T09:54:00+00:00, run_after=2025-11-22T09:56:00+00:00
[2025-11-22T09:57:52.077+0000] {processor.py:176} INFO - Processing /home/airflow/.local/lib/python3.7/site-packages/airflow/example_dags/example_sla_dag.py took 0.190 seconds
[2025-11-22T09:58:22.798+0000] {processor.py:154} INFO - Started process (PID=2479) to work on /home/airflow/.local/lib/python3.7/site-packages/airflow/example_dags/example_sla_dag.py
[2025-11-22T09:58:22.803+0000] {processor.py:756} INFO - Processing file /home/airflow/.local/lib/python3.7/site-packages/airflow/example_dags/example_sla_dag.py for tasks to queue
[2025-11-22T09:58:22.807+0000] {logging_mixin.py:120} INFO - [2025-11-22T09:58:22.805+0000] {dagbag.py:537} INFO - Filling up the DagBag from /home/airflow/.local/lib/python3.7/site-packages/airflow/example_dags/example_sla_dag.py
[2025-11-22T09:58:22.875+0000] {processor.py:766} INFO - DAG(s) dict_keys(['example_sla_dag']) retrieved from /home/airflow/.local/lib/python3.7/site-packages/airflow/example_dags/example_sla_dag.py
[2025-11-22T09:58:22.968+0000] {logging_mixin.py:120} INFO - [2025-11-22T09:58:22.968+0000] {dag.py:2585} INFO - Sync 1 DAGs
[2025-11-22T09:58:23.033+0000] {logging_mixin.py:120} INFO - [2025-11-22T09:58:23.033+0000] {dag.py:3340} INFO - Setting next_dagrun for example_sla_dag to 2025-11-22T09:56:00+00:00, run_after=2025-11-22T09:58:00+00:00
[2025-11-22T09:58:23.092+0000] {processor.py:176} INFO - Processing /home/airflow/.local/lib/python3.7/site-packages/airflow/example_dags/example_sla_dag.py took 0.302 seconds
[2025-11-22T09:58:53.288+0000] {processor.py:154} INFO - Started process (PID=2543) to work on /home/airflow/.local/lib/python3.7/site-packages/airflow/example_dags/example_sla_dag.py
[2025-11-22T09:58:53.290+0000] {processor.py:756} INFO - Processing file /home/airflow/.local/lib/python3.7/site-packages/airflow/example_dags/example_sla_dag.py for tasks to queue
[2025-11-22T09:58:53.291+0000] {logging_mixin.py:120} INFO - [2025-11-22T09:58:53.291+0000] {dagbag.py:537} INFO - Filling up the DagBag from /home/airflow/.local/lib/python3.7/site-packages/airflow/example_dags/example_sla_dag.py
[2025-11-22T09:58:53.343+0000] {processor.py:766} INFO - DAG(s) dict_keys(['example_sla_dag']) retrieved from /home/airflow/.local/lib/python3.7/site-packages/airflow/example_dags/example_sla_dag.py
[2025-11-22T09:58:53.392+0000] {logging_mixin.py:120} INFO - [2025-11-22T09:58:53.392+0000] {dag.py:2585} INFO - Sync 1 DAGs
[2025-11-22T09:58:53.424+0000] {logging_mixin.py:120} INFO - [2025-11-22T09:58:53.424+0000] {dag.py:3340} INFO - Setting next_dagrun for example_sla_dag to 2025-11-22T09:56:00+00:00, run_after=2025-11-22T09:58:00+00:00
[2025-11-22T09:58:53.453+0000] {processor.py:176} INFO - Processing /home/airflow/.local/lib/python3.7/site-packages/airflow/example_dags/example_sla_dag.py took 0.169 seconds
[2025-11-22T09:59:24.351+0000] {processor.py:154} INFO - Started process (PID=2598) to work on /home/airflow/.local/lib/python3.7/site-packages/airflow/example_dags/example_sla_dag.py
[2025-11-22T09:59:24.353+0000] {processor.py:756} INFO - Processing file /home/airflow/.local/lib/python3.7/site-packages/airflow/example_dags/example_sla_dag.py for tasks to queue
[2025-11-22T09:59:24.355+0000] {logging_mixin.py:120} INFO - [2025-11-22T09:59:24.355+0000] {dagbag.py:537} INFO - Filling up the DagBag from /home/airflow/.local/lib/python3.7/site-packages/airflow/example_dags/example_sla_dag.py
[2025-11-22T09:59:24.407+0000] {processor.py:766} INFO - DAG(s) dict_keys(['example_sla_dag']) retrieved from /home/airflow/.local/lib/python3.7/site-packages/airflow/example_dags/example_sla_dag.py
[2025-11-22T09:59:24.489+0000] {logging_mixin.py:120} INFO - [2025-11-22T09:59:24.489+0000] {dag.py:2585} INFO - Sync 1 DAGs
[2025-11-22T09:59:24.556+0000] {logging_mixin.py:120} INFO - [2025-11-22T09:59:24.555+0000] {dag.py:3340} INFO - Setting next_dagrun for example_sla_dag to 2025-11-22T09:56:00+00:00, run_after=2025-11-22T09:58:00+00:00
[2025-11-22T09:59:24.601+0000] {processor.py:176} INFO - Processing /home/airflow/.local/lib/python3.7/site-packages/airflow/example_dags/example_sla_dag.py took 0.256 seconds
[2025-11-22T09:59:54.958+0000] {processor.py:154} INFO - Started process (PID=2664) to work on /home/airflow/.local/lib/python3.7/site-packages/airflow/example_dags/example_sla_dag.py
[2025-11-22T09:59:54.960+0000] {processor.py:756} INFO - Processing file /home/airflow/.local/lib/python3.7/site-packages/airflow/example_dags/example_sla_dag.py for tasks to queue
[2025-11-22T09:59:54.962+0000] {logging_mixin.py:120} INFO - [2025-11-22T09:59:54.961+0000] {dagbag.py:537} INFO - Filling up the DagBag from /home/airflow/.local/lib/python3.7/site-packages/airflow/example_dags/example_sla_dag.py
[2025-11-22T09:59:54.998+0000] {processor.py:766} INFO - DAG(s) dict_keys(['example_sla_dag']) retrieved from /home/airflow/.local/lib/python3.7/site-packages/airflow/example_dags/example_sla_dag.py
[2025-11-22T09:59:55.065+0000] {logging_mixin.py:120} INFO - [2025-11-22T09:59:55.065+0000] {dag.py:2585} INFO - Sync 1 DAGs
[2025-11-22T09:59:55.110+0000] {logging_mixin.py:120} INFO - [2025-11-22T09:59:55.110+0000] {dag.py:3340} INFO - Setting next_dagrun for example_sla_dag to 2025-11-22T09:56:00+00:00, run_after=2025-11-22T09:58:00+00:00
[2025-11-22T09:59:55.146+0000] {processor.py:176} INFO - Processing /home/airflow/.local/lib/python3.7/site-packages/airflow/example_dags/example_sla_dag.py took 0.194 seconds
[2025-11-22T10:00:25.472+0000] {processor.py:154} INFO - Started process (PID=2729) to work on /home/airflow/.local/lib/python3.7/site-packages/airflow/example_dags/example_sla_dag.py
[2025-11-22T10:00:25.479+0000] {processor.py:756} INFO - Processing file /home/airflow/.local/lib/python3.7/site-packages/airflow/example_dags/example_sla_dag.py for tasks to queue
[2025-11-22T10:00:25.483+0000] {logging_mixin.py:120} INFO - [2025-11-22T10:00:25.482+0000] {dagbag.py:537} INFO - Filling up the DagBag from /home/airflow/.local/lib/python3.7/site-packages/airflow/example_dags/example_sla_dag.py
[2025-11-22T10:00:25.579+0000] {processor.py:766} INFO - DAG(s) dict_keys(['example_sla_dag']) retrieved from /home/airflow/.local/lib/python3.7/site-packages/airflow/example_dags/example_sla_dag.py
[2025-11-22T10:00:25.679+0000] {logging_mixin.py:120} INFO - [2025-11-22T10:00:25.678+0000] {dag.py:2585} INFO - Sync 1 DAGs
[2025-11-22T10:00:25.747+0000] {logging_mixin.py:120} INFO - [2025-11-22T10:00:25.746+0000] {dag.py:3340} INFO - Setting next_dagrun for example_sla_dag to 2025-11-22T09:58:00+00:00, run_after=2025-11-22T10:00:00+00:00
[2025-11-22T10:00:25.799+0000] {processor.py:176} INFO - Processing /home/airflow/.local/lib/python3.7/site-packages/airflow/example_dags/example_sla_dag.py took 0.342 seconds
[2025-11-22T10:00:56.561+0000] {processor.py:154} INFO - Started process (PID=2784) to work on /home/airflow/.local/lib/python3.7/site-packages/airflow/example_dags/example_sla_dag.py
[2025-11-22T10:00:56.563+0000] {processor.py:756} INFO - Processing file /home/airflow/.local/lib/python3.7/site-packages/airflow/example_dags/example_sla_dag.py for tasks to queue
[2025-11-22T10:00:56.565+0000] {logging_mixin.py:120} INFO - [2025-11-22T10:00:56.564+0000] {dagbag.py:537} INFO - Filling up the DagBag from /home/airflow/.local/lib/python3.7/site-packages/airflow/example_dags/example_sla_dag.py
[2025-11-22T10:00:56.594+0000] {processor.py:766} INFO - DAG(s) dict_keys(['example_sla_dag']) retrieved from /home/airflow/.local/lib/python3.7/site-packages/airflow/example_dags/example_sla_dag.py
[2025-11-22T10:00:56.643+0000] {logging_mixin.py:120} INFO - [2025-11-22T10:00:56.643+0000] {dag.py:2585} INFO - Sync 1 DAGs
[2025-11-22T10:00:56.674+0000] {logging_mixin.py:120} INFO - [2025-11-22T10:00:56.674+0000] {dag.py:3340} INFO - Setting next_dagrun for example_sla_dag to 2025-11-22T09:58:00+00:00, run_after=2025-11-22T10:00:00+00:00
[2025-11-22T10:00:56.697+0000] {processor.py:176} INFO - Processing /home/airflow/.local/lib/python3.7/site-packages/airflow/example_dags/example_sla_dag.py took 0.141 seconds
[2025-11-22T10:01:27.119+0000] {processor.py:154} INFO - Started process (PID=2848) to work on /home/airflow/.local/lib/python3.7/site-packages/airflow/example_dags/example_sla_dag.py
[2025-11-22T10:01:27.122+0000] {processor.py:756} INFO - Processing file /home/airflow/.local/lib/python3.7/site-packages/airflow/example_dags/example_sla_dag.py for tasks to queue
[2025-11-22T10:01:27.123+0000] {logging_mixin.py:120} INFO - [2025-11-22T10:01:27.123+0000] {dagbag.py:537} INFO - Filling up the DagBag from /home/airflow/.local/lib/python3.7/site-packages/airflow/example_dags/example_sla_dag.py
[2025-11-22T10:01:27.172+0000] {processor.py:766} INFO - DAG(s) dict_keys(['example_sla_dag']) retrieved from /home/airflow/.local/lib/python3.7/site-packages/airflow/example_dags/example_sla_dag.py
[2025-11-22T10:01:27.248+0000] {logging_mixin.py:120} INFO - [2025-11-22T10:01:27.248+0000] {dag.py:2585} INFO - Sync 1 DAGs
[2025-11-22T10:01:27.323+0000] {logging_mixin.py:120} INFO - [2025-11-22T10:01:27.323+0000] {dag.py:3340} INFO - Setting next_dagrun for example_sla_dag to 2025-11-22T09:58:00+00:00, run_after=2025-11-22T10:00:00+00:00
[2025-11-22T10:01:27.362+0000] {processor.py:176} INFO - Processing /home/airflow/.local/lib/python3.7/site-packages/airflow/example_dags/example_sla_dag.py took 0.249 seconds
[2025-11-22T10:01:57.449+0000] {processor.py:154} INFO - Started process (PID=2903) to work on /home/airflow/.local/lib/python3.7/site-packages/airflow/example_dags/example_sla_dag.py
[2025-11-22T10:01:57.450+0000] {processor.py:756} INFO - Processing file /home/airflow/.local/lib/python3.7/site-packages/airflow/example_dags/example_sla_dag.py for tasks to queue
[2025-11-22T10:01:57.452+0000] {logging_mixin.py:120} INFO - [2025-11-22T10:01:57.452+0000] {dagbag.py:537} INFO - Filling up the DagBag from /home/airflow/.local/lib/python3.7/site-packages/airflow/example_dags/example_sla_dag.py
[2025-11-22T10:01:57.480+0000] {processor.py:766} INFO - DAG(s) dict_keys(['example_sla_dag']) retrieved from /home/airflow/.local/lib/python3.7/site-packages/airflow/example_dags/example_sla_dag.py
[2025-11-22T10:01:57.539+0000] {logging_mixin.py:120} INFO - [2025-11-22T10:01:57.538+0000] {dag.py:2585} INFO - Sync 1 DAGs
[2025-11-22T10:01:57.575+0000] {logging_mixin.py:120} INFO - [2025-11-22T10:01:57.574+0000] {dag.py:3340} INFO - Setting next_dagrun for example_sla_dag to 2025-11-22T09:58:00+00:00, run_after=2025-11-22T10:00:00+00:00
[2025-11-22T10:01:57.605+0000] {processor.py:176} INFO - Processing /home/airflow/.local/lib/python3.7/site-packages/airflow/example_dags/example_sla_dag.py took 0.161 seconds
[2025-11-22T10:02:28.330+0000] {processor.py:154} INFO - Started process (PID=2967) to work on /home/airflow/.local/lib/python3.7/site-packages/airflow/example_dags/example_sla_dag.py
[2025-11-22T10:02:28.332+0000] {processor.py:756} INFO - Processing file /home/airflow/.local/lib/python3.7/site-packages/airflow/example_dags/example_sla_dag.py for tasks to queue
[2025-11-22T10:02:28.334+0000] {logging_mixin.py:120} INFO - [2025-11-22T10:02:28.334+0000] {dagbag.py:537} INFO - Filling up the DagBag from /home/airflow/.local/lib/python3.7/site-packages/airflow/example_dags/example_sla_dag.py
[2025-11-22T10:02:28.374+0000] {processor.py:766} INFO - DAG(s) dict_keys(['example_sla_dag']) retrieved from /home/airflow/.local/lib/python3.7/site-packages/airflow/example_dags/example_sla_dag.py
[2025-11-22T10:02:28.453+0000] {logging_mixin.py:120} INFO - [2025-11-22T10:02:28.453+0000] {dag.py:2585} INFO - Sync 1 DAGs
[2025-11-22T10:02:28.505+0000] {logging_mixin.py:120} INFO - [2025-11-22T10:02:28.505+0000] {dag.py:3340} INFO - Setting next_dagrun for example_sla_dag to 2025-11-22T10:00:00+00:00, run_after=2025-11-22T10:02:00+00:00
[2025-11-22T10:02:28.551+0000] {processor.py:176} INFO - Processing /home/airflow/.local/lib/python3.7/site-packages/airflow/example_dags/example_sla_dag.py took 0.227 seconds
[2025-11-22T10:02:59.160+0000] {processor.py:154} INFO - Started process (PID=3031) to work on /home/airflow/.local/lib/python3.7/site-packages/airflow/example_dags/example_sla_dag.py
[2025-11-22T10:02:59.162+0000] {processor.py:756} INFO - Processing file /home/airflow/.local/lib/python3.7/site-packages/airflow/example_dags/example_sla_dag.py for tasks to queue
[2025-11-22T10:02:59.164+0000] {logging_mixin.py:120} INFO - [2025-11-22T10:02:59.164+0000] {dagbag.py:537} INFO - Filling up the DagBag from /home/airflow/.local/lib/python3.7/site-packages/airflow/example_dags/example_sla_dag.py
[2025-11-22T10:02:59.201+0000] {processor.py:766} INFO - DAG(s) dict_keys(['example_sla_dag']) retrieved from /home/airflow/.local/lib/python3.7/site-packages/airflow/example_dags/example_sla_dag.py
[2025-11-22T10:02:59.263+0000] {logging_mixin.py:120} INFO - [2025-11-22T10:02:59.263+0000] {dag.py:2585} INFO - Sync 1 DAGs
[2025-11-22T10:02:59.301+0000] {logging_mixin.py:120} INFO - [2025-11-22T10:02:59.301+0000] {dag.py:3340} INFO - Setting next_dagrun for example_sla_dag to 2025-11-22T10:00:00+00:00, run_after=2025-11-22T10:02:00+00:00
[2025-11-22T10:02:59.332+0000] {processor.py:176} INFO - Processing /home/airflow/.local/lib/python3.7/site-packages/airflow/example_dags/example_sla_dag.py took 0.178 seconds
[2025-11-22T10:03:29.663+0000] {processor.py:154} INFO - Started process (PID=3085) to work on /home/airflow/.local/lib/python3.7/site-packages/airflow/example_dags/example_sla_dag.py
[2025-11-22T10:03:29.666+0000] {processor.py:756} INFO - Processing file /home/airflow/.local/lib/python3.7/site-packages/airflow/example_dags/example_sla_dag.py for tasks to queue
[2025-11-22T10:03:29.668+0000] {logging_mixin.py:120} INFO - [2025-11-22T10:03:29.668+0000] {dagbag.py:537} INFO - Filling up the DagBag from /home/airflow/.local/lib/python3.7/site-packages/airflow/example_dags/example_sla_dag.py
[2025-11-22T10:03:29.714+0000] {processor.py:766} INFO - DAG(s) dict_keys(['example_sla_dag']) retrieved from /home/airflow/.local/lib/python3.7/site-packages/airflow/example_dags/example_sla_dag.py
[2025-11-22T10:03:29.787+0000] {logging_mixin.py:120} INFO - [2025-11-22T10:03:29.787+0000] {dag.py:2585} INFO - Sync 1 DAGs
[2025-11-22T10:03:29.856+0000] {logging_mixin.py:120} INFO - [2025-11-22T10:03:29.856+0000] {dag.py:3340} INFO - Setting next_dagrun for example_sla_dag to 2025-11-22T10:00:00+00:00, run_after=2025-11-22T10:02:00+00:00
[2025-11-22T10:03:29.941+0000] {processor.py:176} INFO - Processing /home/airflow/.local/lib/python3.7/site-packages/airflow/example_dags/example_sla_dag.py took 0.285 seconds
[2025-11-22T10:04:00.282+0000] {processor.py:154} INFO - Started process (PID=3150) to work on /home/airflow/.local/lib/python3.7/site-packages/airflow/example_dags/example_sla_dag.py
[2025-11-22T10:04:00.284+0000] {processor.py:756} INFO - Processing file /home/airflow/.local/lib/python3.7/site-packages/airflow/example_dags/example_sla_dag.py for tasks to queue
[2025-11-22T10:04:00.286+0000] {logging_mixin.py:120} INFO - [2025-11-22T10:04:00.285+0000] {dagbag.py:537} INFO - Filling up the DagBag from /home/airflow/.local/lib/python3.7/site-packages/airflow/example_dags/example_sla_dag.py
[2025-11-22T10:04:00.313+0000] {processor.py:766} INFO - DAG(s) dict_keys(['example_sla_dag']) retrieved from /home/airflow/.local/lib/python3.7/site-packages/airflow/example_dags/example_sla_dag.py
[2025-11-22T10:04:00.367+0000] {logging_mixin.py:120} INFO - [2025-11-22T10:04:00.367+0000] {dag.py:2585} INFO - Sync 1 DAGs
[2025-11-22T10:04:00.397+0000] {logging_mixin.py:120} INFO - [2025-11-22T10:04:00.397+0000] {dag.py:3340} INFO - Setting next_dagrun for example_sla_dag to 2025-11-22T10:02:00+00:00, run_after=2025-11-22T10:04:00+00:00
[2025-11-22T10:04:00.426+0000] {processor.py:176} INFO - Processing /home/airflow/.local/lib/python3.7/site-packages/airflow/example_dags/example_sla_dag.py took 0.149 seconds
[2025-11-22T10:04:30.789+0000] {processor.py:154} INFO - Started process (PID=3205) to work on /home/airflow/.local/lib/python3.7/site-packages/airflow/example_dags/example_sla_dag.py
[2025-11-22T10:04:30.791+0000] {processor.py:756} INFO - Processing file /home/airflow/.local/lib/python3.7/site-packages/airflow/example_dags/example_sla_dag.py for tasks to queue
[2025-11-22T10:04:30.792+0000] {logging_mixin.py:120} INFO - [2025-11-22T10:04:30.792+0000] {dagbag.py:537} INFO - Filling up the DagBag from /home/airflow/.local/lib/python3.7/site-packages/airflow/example_dags/example_sla_dag.py
[2025-11-22T10:04:30.833+0000] {processor.py:766} INFO - DAG(s) dict_keys(['example_sla_dag']) retrieved from /home/airflow/.local/lib/python3.7/site-packages/airflow/example_dags/example_sla_dag.py
[2025-11-22T10:04:30.907+0000] {logging_mixin.py:120} INFO - [2025-11-22T10:04:30.906+0000] {dag.py:2585} INFO - Sync 1 DAGs
[2025-11-22T10:04:30.972+0000] {logging_mixin.py:120} INFO - [2025-11-22T10:04:30.972+0000] {dag.py:3340} INFO - Setting next_dagrun for example_sla_dag to 2025-11-22T10:02:00+00:00, run_after=2025-11-22T10:04:00+00:00
[2025-11-22T10:04:31.010+0000] {processor.py:176} INFO - Processing /home/airflow/.local/lib/python3.7/site-packages/airflow/example_dags/example_sla_dag.py took 0.225 seconds
[2025-11-22T10:05:01.439+0000] {processor.py:154} INFO - Started process (PID=3269) to work on /home/airflow/.local/lib/python3.7/site-packages/airflow/example_dags/example_sla_dag.py
[2025-11-22T10:05:01.442+0000] {processor.py:756} INFO - Processing file /home/airflow/.local/lib/python3.7/site-packages/airflow/example_dags/example_sla_dag.py for tasks to queue
[2025-11-22T10:05:01.444+0000] {logging_mixin.py:120} INFO - [2025-11-22T10:05:01.444+0000] {dagbag.py:537} INFO - Filling up the DagBag from /home/airflow/.local/lib/python3.7/site-packages/airflow/example_dags/example_sla_dag.py
[2025-11-22T10:05:01.480+0000] {processor.py:766} INFO - DAG(s) dict_keys(['example_sla_dag']) retrieved from /home/airflow/.local/lib/python3.7/site-packages/airflow/example_dags/example_sla_dag.py
[2025-11-22T10:05:01.556+0000] {logging_mixin.py:120} INFO - [2025-11-22T10:05:01.555+0000] {dag.py:2585} INFO - Sync 1 DAGs
[2025-11-22T10:05:01.620+0000] {logging_mixin.py:120} INFO - [2025-11-22T10:05:01.620+0000] {dag.py:3340} INFO - Setting next_dagrun for example_sla_dag to 2025-11-22T10:02:00+00:00, run_after=2025-11-22T10:04:00+00:00
[2025-11-22T10:05:01.663+0000] {processor.py:176} INFO - Processing /home/airflow/.local/lib/python3.7/site-packages/airflow/example_dags/example_sla_dag.py took 0.228 seconds
[2025-11-22T10:05:32.721+0000] {processor.py:154} INFO - Started process (PID=3332) to work on /home/airflow/.local/lib/python3.7/site-packages/airflow/example_dags/example_sla_dag.py
[2025-11-22T10:05:32.722+0000] {processor.py:756} INFO - Processing file /home/airflow/.local/lib/python3.7/site-packages/airflow/example_dags/example_sla_dag.py for tasks to queue
[2025-11-22T10:05:32.724+0000] {logging_mixin.py:120} INFO - [2025-11-22T10:05:32.724+0000] {dagbag.py:537} INFO - Filling up the DagBag from /home/airflow/.local/lib/python3.7/site-packages/airflow/example_dags/example_sla_dag.py
[2025-11-22T10:05:32.758+0000] {processor.py:766} INFO - DAG(s) dict_keys(['example_sla_dag']) retrieved from /home/airflow/.local/lib/python3.7/site-packages/airflow/example_dags/example_sla_dag.py
[2025-11-22T10:05:32.831+0000] {logging_mixin.py:120} INFO - [2025-11-22T10:05:32.831+0000] {dag.py:2585} INFO - Sync 1 DAGs
[2025-11-22T10:05:32.890+0000] {logging_mixin.py:120} INFO - [2025-11-22T10:05:32.890+0000] {dag.py:3340} INFO - Setting next_dagrun for example_sla_dag to 2025-11-22T10:02:00+00:00, run_after=2025-11-22T10:04:00+00:00
[2025-11-22T10:05:32.929+0000] {processor.py:176} INFO - Processing /home/airflow/.local/lib/python3.7/site-packages/airflow/example_dags/example_sla_dag.py took 0.214 seconds
[2025-11-22T10:06:03.145+0000] {processor.py:154} INFO - Started process (PID=3387) to work on /home/airflow/.local/lib/python3.7/site-packages/airflow/example_dags/example_sla_dag.py
[2025-11-22T10:06:03.147+0000] {processor.py:756} INFO - Processing file /home/airflow/.local/lib/python3.7/site-packages/airflow/example_dags/example_sla_dag.py for tasks to queue
[2025-11-22T10:06:03.149+0000] {logging_mixin.py:120} INFO - [2025-11-22T10:06:03.149+0000] {dagbag.py:537} INFO - Filling up the DagBag from /home/airflow/.local/lib/python3.7/site-packages/airflow/example_dags/example_sla_dag.py
[2025-11-22T10:06:03.176+0000] {processor.py:766} INFO - DAG(s) dict_keys(['example_sla_dag']) retrieved from /home/airflow/.local/lib/python3.7/site-packages/airflow/example_dags/example_sla_dag.py
[2025-11-22T10:06:03.242+0000] {logging_mixin.py:120} INFO - [2025-11-22T10:06:03.242+0000] {dag.py:2585} INFO - Sync 1 DAGs
[2025-11-22T10:06:03.279+0000] {logging_mixin.py:120} INFO - [2025-11-22T10:06:03.279+0000] {dag.py:3340} INFO - Setting next_dagrun for example_sla_dag to 2025-11-22T10:04:00+00:00, run_after=2025-11-22T10:06:00+00:00
[2025-11-22T10:06:03.314+0000] {processor.py:176} INFO - Processing /home/airflow/.local/lib/python3.7/site-packages/airflow/example_dags/example_sla_dag.py took 0.173 seconds
[2025-11-22T10:06:34.128+0000] {processor.py:154} INFO - Started process (PID=3451) to work on /home/airflow/.local/lib/python3.7/site-packages/airflow/example_dags/example_sla_dag.py
[2025-11-22T10:06:34.131+0000] {processor.py:756} INFO - Processing file /home/airflow/.local/lib/python3.7/site-packages/airflow/example_dags/example_sla_dag.py for tasks to queue
[2025-11-22T10:06:34.133+0000] {logging_mixin.py:120} INFO - [2025-11-22T10:06:34.132+0000] {dagbag.py:537} INFO - Filling up the DagBag from /home/airflow/.local/lib/python3.7/site-packages/airflow/example_dags/example_sla_dag.py
[2025-11-22T10:06:34.174+0000] {processor.py:766} INFO - DAG(s) dict_keys(['example_sla_dag']) retrieved from /home/airflow/.local/lib/python3.7/site-packages/airflow/example_dags/example_sla_dag.py
[2025-11-22T10:06:34.245+0000] {logging_mixin.py:120} INFO - [2025-11-22T10:06:34.245+0000] {dag.py:2585} INFO - Sync 1 DAGs
[2025-11-22T10:06:34.338+0000] {logging_mixin.py:120} INFO - [2025-11-22T10:06:34.337+0000] {dag.py:3340} INFO - Setting next_dagrun for example_sla_dag to 2025-11-22T10:04:00+00:00, run_after=2025-11-22T10:06:00+00:00
[2025-11-22T10:06:34.425+0000] {processor.py:176} INFO - Processing /home/airflow/.local/lib/python3.7/site-packages/airflow/example_dags/example_sla_dag.py took 0.303 seconds
[2025-11-22T10:07:04.804+0000] {processor.py:154} INFO - Started process (PID=3507) to work on /home/airflow/.local/lib/python3.7/site-packages/airflow/example_dags/example_sla_dag.py
[2025-11-22T10:07:04.806+0000] {processor.py:756} INFO - Processing file /home/airflow/.local/lib/python3.7/site-packages/airflow/example_dags/example_sla_dag.py for tasks to queue
[2025-11-22T10:07:04.808+0000] {logging_mixin.py:120} INFO - [2025-11-22T10:07:04.807+0000] {dagbag.py:537} INFO - Filling up the DagBag from /home/airflow/.local/lib/python3.7/site-packages/airflow/example_dags/example_sla_dag.py
[2025-11-22T10:07:04.849+0000] {processor.py:766} INFO - DAG(s) dict_keys(['example_sla_dag']) retrieved from /home/airflow/.local/lib/python3.7/site-packages/airflow/example_dags/example_sla_dag.py
[2025-11-22T10:07:04.934+0000] {logging_mixin.py:120} INFO - [2025-11-22T10:07:04.934+0000] {dag.py:2585} INFO - Sync 1 DAGs
[2025-11-22T10:07:04.976+0000] {logging_mixin.py:120} INFO - [2025-11-22T10:07:04.975+0000] {dag.py:3340} INFO - Setting next_dagrun for example_sla_dag to 2025-11-22T10:04:00+00:00, run_after=2025-11-22T10:06:00+00:00
[2025-11-22T10:07:05.015+0000] {processor.py:176} INFO - Processing /home/airflow/.local/lib/python3.7/site-packages/airflow/example_dags/example_sla_dag.py took 0.217 seconds
[2025-11-22T10:07:35.675+0000] {processor.py:154} INFO - Started process (PID=3572) to work on /home/airflow/.local/lib/python3.7/site-packages/airflow/example_dags/example_sla_dag.py
[2025-11-22T10:07:35.677+0000] {processor.py:756} INFO - Processing file /home/airflow/.local/lib/python3.7/site-packages/airflow/example_dags/example_sla_dag.py for tasks to queue
[2025-11-22T10:07:35.679+0000] {logging_mixin.py:120} INFO - [2025-11-22T10:07:35.678+0000] {dagbag.py:537} INFO - Filling up the DagBag from /home/airflow/.local/lib/python3.7/site-packages/airflow/example_dags/example_sla_dag.py
[2025-11-22T10:07:35.750+0000] {processor.py:766} INFO - DAG(s) dict_keys(['example_sla_dag']) retrieved from /home/airflow/.local/lib/python3.7/site-packages/airflow/example_dags/example_sla_dag.py
[2025-11-22T10:07:35.860+0000] {logging_mixin.py:120} INFO - [2025-11-22T10:07:35.860+0000] {dag.py:2585} INFO - Sync 1 DAGs
[2025-11-22T10:07:35.919+0000] {logging_mixin.py:120} INFO - [2025-11-22T10:07:35.918+0000] {dag.py:3340} INFO - Setting next_dagrun for example_sla_dag to 2025-11-22T10:04:00+00:00, run_after=2025-11-22T10:06:00+00:00
[2025-11-22T10:07:35.961+0000] {processor.py:176} INFO - Processing /home/airflow/.local/lib/python3.7/site-packages/airflow/example_dags/example_sla_dag.py took 0.292 seconds
[2025-11-22T10:08:06.230+0000] {processor.py:154} INFO - Started process (PID=3627) to work on /home/airflow/.local/lib/python3.7/site-packages/airflow/example_dags/example_sla_dag.py
[2025-11-22T10:08:06.232+0000] {processor.py:756} INFO - Processing file /home/airflow/.local/lib/python3.7/site-packages/airflow/example_dags/example_sla_dag.py for tasks to queue
[2025-11-22T10:08:06.234+0000] {logging_mixin.py:120} INFO - [2025-11-22T10:08:06.234+0000] {dagbag.py:537} INFO - Filling up the DagBag from /home/airflow/.local/lib/python3.7/site-packages/airflow/example_dags/example_sla_dag.py
[2025-11-22T10:08:06.261+0000] {processor.py:766} INFO - DAG(s) dict_keys(['example_sla_dag']) retrieved from /home/airflow/.local/lib/python3.7/site-packages/airflow/example_dags/example_sla_dag.py
[2025-11-22T10:08:06.317+0000] {logging_mixin.py:120} INFO - [2025-11-22T10:08:06.317+0000] {dag.py:2585} INFO - Sync 1 DAGs
[2025-11-22T10:08:06.356+0000] {logging_mixin.py:120} INFO - [2025-11-22T10:08:06.356+0000] {dag.py:3340} INFO - Setting next_dagrun for example_sla_dag to 2025-11-22T10:06:00+00:00, run_after=2025-11-22T10:08:00+00:00
[2025-11-22T10:08:06.385+0000] {processor.py:176} INFO - Processing /home/airflow/.local/lib/python3.7/site-packages/airflow/example_dags/example_sla_dag.py took 0.160 seconds
[2025-11-22T10:08:36.521+0000] {processor.py:154} INFO - Started process (PID=3692) to work on /home/airflow/.local/lib/python3.7/site-packages/airflow/example_dags/example_sla_dag.py
[2025-11-22T10:08:36.523+0000] {processor.py:756} INFO - Processing file /home/airflow/.local/lib/python3.7/site-packages/airflow/example_dags/example_sla_dag.py for tasks to queue
[2025-11-22T10:08:36.525+0000] {logging_mixin.py:120} INFO - [2025-11-22T10:08:36.525+0000] {dagbag.py:537} INFO - Filling up the DagBag from /home/airflow/.local/lib/python3.7/site-packages/airflow/example_dags/example_sla_dag.py
[2025-11-22T10:08:36.583+0000] {processor.py:766} INFO - DAG(s) dict_keys(['example_sla_dag']) retrieved from /home/airflow/.local/lib/python3.7/site-packages/airflow/example_dags/example_sla_dag.py
[2025-11-22T10:08:36.658+0000] {logging_mixin.py:120} INFO - [2025-11-22T10:08:36.658+0000] {dag.py:2585} INFO - Sync 1 DAGs
[2025-11-22T10:08:36.715+0000] {logging_mixin.py:120} INFO - [2025-11-22T10:08:36.714+0000] {dag.py:3340} INFO - Setting next_dagrun for example_sla_dag to 2025-11-22T10:06:00+00:00, run_after=2025-11-22T10:08:00+00:00
[2025-11-22T10:08:36.761+0000] {processor.py:176} INFO - Processing /home/airflow/.local/lib/python3.7/site-packages/airflow/example_dags/example_sla_dag.py took 0.246 seconds
[2025-11-22T10:09:07.003+0000] {processor.py:154} INFO - Started process (PID=3756) to work on /home/airflow/.local/lib/python3.7/site-packages/airflow/example_dags/example_sla_dag.py
[2025-11-22T10:09:07.006+0000] {processor.py:756} INFO - Processing file /home/airflow/.local/lib/python3.7/site-packages/airflow/example_dags/example_sla_dag.py for tasks to queue
[2025-11-22T10:09:07.009+0000] {logging_mixin.py:120} INFO - [2025-11-22T10:09:07.008+0000] {dagbag.py:537} INFO - Filling up the DagBag from /home/airflow/.local/lib/python3.7/site-packages/airflow/example_dags/example_sla_dag.py
[2025-11-22T10:09:07.055+0000] {processor.py:766} INFO - DAG(s) dict_keys(['example_sla_dag']) retrieved from /home/airflow/.local/lib/python3.7/site-packages/airflow/example_dags/example_sla_dag.py
[2025-11-22T10:09:07.116+0000] {logging_mixin.py:120} INFO - [2025-11-22T10:09:07.116+0000] {dag.py:2585} INFO - Sync 1 DAGs
[2025-11-22T10:09:07.161+0000] {logging_mixin.py:120} INFO - [2025-11-22T10:09:07.161+0000] {dag.py:3340} INFO - Setting next_dagrun for example_sla_dag to 2025-11-22T10:06:00+00:00, run_after=2025-11-22T10:08:00+00:00
[2025-11-22T10:09:07.203+0000] {processor.py:176} INFO - Processing /home/airflow/.local/lib/python3.7/site-packages/airflow/example_dags/example_sla_dag.py took 0.209 seconds
[2025-11-22T10:09:37.254+0000] {processor.py:154} INFO - Started process (PID=3811) to work on /home/airflow/.local/lib/python3.7/site-packages/airflow/example_dags/example_sla_dag.py
[2025-11-22T10:09:37.256+0000] {processor.py:756} INFO - Processing file /home/airflow/.local/lib/python3.7/site-packages/airflow/example_dags/example_sla_dag.py for tasks to queue
[2025-11-22T10:09:37.257+0000] {logging_mixin.py:120} INFO - [2025-11-22T10:09:37.257+0000] {dagbag.py:537} INFO - Filling up the DagBag from /home/airflow/.local/lib/python3.7/site-packages/airflow/example_dags/example_sla_dag.py
[2025-11-22T10:09:37.299+0000] {processor.py:766} INFO - DAG(s) dict_keys(['example_sla_dag']) retrieved from /home/airflow/.local/lib/python3.7/site-packages/airflow/example_dags/example_sla_dag.py
[2025-11-22T10:09:37.368+0000] {logging_mixin.py:120} INFO - [2025-11-22T10:09:37.368+0000] {dag.py:2585} INFO - Sync 1 DAGs
[2025-11-22T10:09:37.410+0000] {logging_mixin.py:120} INFO - [2025-11-22T10:09:37.410+0000] {dag.py:3340} INFO - Setting next_dagrun for example_sla_dag to 2025-11-22T10:06:00+00:00, run_after=2025-11-22T10:08:00+00:00
[2025-11-22T10:09:37.443+0000] {processor.py:176} INFO - Processing /home/airflow/.local/lib/python3.7/site-packages/airflow/example_dags/example_sla_dag.py took 0.194 seconds
[2025-11-22T10:10:08.147+0000] {processor.py:154} INFO - Started process (PID=3875) to work on /home/airflow/.local/lib/python3.7/site-packages/airflow/example_dags/example_sla_dag.py
[2025-11-22T10:10:08.149+0000] {processor.py:756} INFO - Processing file /home/airflow/.local/lib/python3.7/site-packages/airflow/example_dags/example_sla_dag.py for tasks to queue
[2025-11-22T10:10:08.150+0000] {logging_mixin.py:120} INFO - [2025-11-22T10:10:08.150+0000] {dagbag.py:537} INFO - Filling up the DagBag from /home/airflow/.local/lib/python3.7/site-packages/airflow/example_dags/example_sla_dag.py
[2025-11-22T10:10:08.189+0000] {processor.py:766} INFO - DAG(s) dict_keys(['example_sla_dag']) retrieved from /home/airflow/.local/lib/python3.7/site-packages/airflow/example_dags/example_sla_dag.py
[2025-11-22T10:10:08.249+0000] {logging_mixin.py:120} INFO - [2025-11-22T10:10:08.248+0000] {dag.py:2585} INFO - Sync 1 DAGs
[2025-11-22T10:10:08.286+0000] {logging_mixin.py:120} INFO - [2025-11-22T10:10:08.286+0000] {dag.py:3340} INFO - Setting next_dagrun for example_sla_dag to 2025-11-22T10:08:00+00:00, run_after=2025-11-22T10:10:00+00:00
[2025-11-22T10:10:08.326+0000] {processor.py:176} INFO - Processing /home/airflow/.local/lib/python3.7/site-packages/airflow/example_dags/example_sla_dag.py took 0.184 seconds
[2025-11-22T10:10:38.496+0000] {processor.py:154} INFO - Started process (PID=3930) to work on /home/airflow/.local/lib/python3.7/site-packages/airflow/example_dags/example_sla_dag.py
[2025-11-22T10:10:38.498+0000] {processor.py:756} INFO - Processing file /home/airflow/.local/lib/python3.7/site-packages/airflow/example_dags/example_sla_dag.py for tasks to queue
[2025-11-22T10:10:38.500+0000] {logging_mixin.py:120} INFO - [2025-11-22T10:10:38.499+0000] {dagbag.py:537} INFO - Filling up the DagBag from /home/airflow/.local/lib/python3.7/site-packages/airflow/example_dags/example_sla_dag.py
[2025-11-22T10:10:38.545+0000] {processor.py:766} INFO - DAG(s) dict_keys(['example_sla_dag']) retrieved from /home/airflow/.local/lib/python3.7/site-packages/airflow/example_dags/example_sla_dag.py
[2025-11-22T10:10:38.634+0000] {logging_mixin.py:120} INFO - [2025-11-22T10:10:38.634+0000] {dag.py:2585} INFO - Sync 1 DAGs
[2025-11-22T10:10:38.682+0000] {logging_mixin.py:120} INFO - [2025-11-22T10:10:38.682+0000] {dag.py:3340} INFO - Setting next_dagrun for example_sla_dag to 2025-11-22T10:08:00+00:00, run_after=2025-11-22T10:10:00+00:00
[2025-11-22T10:10:38.720+0000] {processor.py:176} INFO - Processing /home/airflow/.local/lib/python3.7/site-packages/airflow/example_dags/example_sla_dag.py took 0.229 seconds
[2025-11-22T10:11:09.106+0000] {processor.py:154} INFO - Started process (PID=3993) to work on /home/airflow/.local/lib/python3.7/site-packages/airflow/example_dags/example_sla_dag.py
[2025-11-22T10:11:09.107+0000] {processor.py:756} INFO - Processing file /home/airflow/.local/lib/python3.7/site-packages/airflow/example_dags/example_sla_dag.py for tasks to queue
[2025-11-22T10:11:09.109+0000] {logging_mixin.py:120} INFO - [2025-11-22T10:11:09.109+0000] {dagbag.py:537} INFO - Filling up the DagBag from /home/airflow/.local/lib/python3.7/site-packages/airflow/example_dags/example_sla_dag.py
[2025-11-22T10:11:09.153+0000] {processor.py:766} INFO - DAG(s) dict_keys(['example_sla_dag']) retrieved from /home/airflow/.local/lib/python3.7/site-packages/airflow/example_dags/example_sla_dag.py
[2025-11-22T10:11:09.219+0000] {logging_mixin.py:120} INFO - [2025-11-22T10:11:09.218+0000] {dag.py:2585} INFO - Sync 1 DAGs
[2025-11-22T10:11:09.298+0000] {logging_mixin.py:120} INFO - [2025-11-22T10:11:09.297+0000] {dag.py:3340} INFO - Setting next_dagrun for example_sla_dag to 2025-11-22T10:08:00+00:00, run_after=2025-11-22T10:10:00+00:00
[2025-11-22T10:11:09.353+0000] {processor.py:176} INFO - Processing /home/airflow/.local/lib/python3.7/site-packages/airflow/example_dags/example_sla_dag.py took 0.252 seconds
[2025-11-22T10:11:39.862+0000] {processor.py:154} INFO - Started process (PID=4057) to work on /home/airflow/.local/lib/python3.7/site-packages/airflow/example_dags/example_sla_dag.py
[2025-11-22T10:11:39.864+0000] {processor.py:756} INFO - Processing file /home/airflow/.local/lib/python3.7/site-packages/airflow/example_dags/example_sla_dag.py for tasks to queue
[2025-11-22T10:11:39.866+0000] {logging_mixin.py:120} INFO - [2025-11-22T10:11:39.866+0000] {dagbag.py:537} INFO - Filling up the DagBag from /home/airflow/.local/lib/python3.7/site-packages/airflow/example_dags/example_sla_dag.py
[2025-11-22T10:11:39.917+0000] {processor.py:766} INFO - DAG(s) dict_keys(['example_sla_dag']) retrieved from /home/airflow/.local/lib/python3.7/site-packages/airflow/example_dags/example_sla_dag.py
[2025-11-22T10:11:40.011+0000] {logging_mixin.py:120} INFO - [2025-11-22T10:11:40.011+0000] {dag.py:2585} INFO - Sync 1 DAGs
[2025-11-22T10:11:40.068+0000] {logging_mixin.py:120} INFO - [2025-11-22T10:11:40.068+0000] {dag.py:3340} INFO - Setting next_dagrun for example_sla_dag to 2025-11-22T10:08:00+00:00, run_after=2025-11-22T10:10:00+00:00
[2025-11-22T10:11:40.101+0000] {processor.py:176} INFO - Processing /home/airflow/.local/lib/python3.7/site-packages/airflow/example_dags/example_sla_dag.py took 0.247 seconds
[2025-11-22T10:12:10.334+0000] {processor.py:154} INFO - Started process (PID=4111) to work on /home/airflow/.local/lib/python3.7/site-packages/airflow/example_dags/example_sla_dag.py
[2025-11-22T10:12:10.335+0000] {processor.py:756} INFO - Processing file /home/airflow/.local/lib/python3.7/site-packages/airflow/example_dags/example_sla_dag.py for tasks to queue
[2025-11-22T10:12:10.337+0000] {logging_mixin.py:120} INFO - [2025-11-22T10:12:10.337+0000] {dagbag.py:537} INFO - Filling up the DagBag from /home/airflow/.local/lib/python3.7/site-packages/airflow/example_dags/example_sla_dag.py
[2025-11-22T10:12:10.372+0000] {processor.py:766} INFO - DAG(s) dict_keys(['example_sla_dag']) retrieved from /home/airflow/.local/lib/python3.7/site-packages/airflow/example_dags/example_sla_dag.py
[2025-11-22T10:12:10.438+0000] {logging_mixin.py:120} INFO - [2025-11-22T10:12:10.438+0000] {dag.py:2585} INFO - Sync 1 DAGs
[2025-11-22T10:12:10.478+0000] {logging_mixin.py:120} INFO - [2025-11-22T10:12:10.477+0000] {dag.py:3340} INFO - Setting next_dagrun for example_sla_dag to 2025-11-22T10:10:00+00:00, run_after=2025-11-22T10:12:00+00:00
[2025-11-22T10:12:10.515+0000] {processor.py:176} INFO - Processing /home/airflow/.local/lib/python3.7/site-packages/airflow/example_dags/example_sla_dag.py took 0.186 seconds
[2025-11-22T10:12:40.611+0000] {processor.py:154} INFO - Started process (PID=4175) to work on /home/airflow/.local/lib/python3.7/site-packages/airflow/example_dags/example_sla_dag.py
[2025-11-22T10:12:40.614+0000] {processor.py:756} INFO - Processing file /home/airflow/.local/lib/python3.7/site-packages/airflow/example_dags/example_sla_dag.py for tasks to queue
[2025-11-22T10:12:40.616+0000] {logging_mixin.py:120} INFO - [2025-11-22T10:12:40.616+0000] {dagbag.py:537} INFO - Filling up the DagBag from /home/airflow/.local/lib/python3.7/site-packages/airflow/example_dags/example_sla_dag.py
[2025-11-22T10:12:40.673+0000] {processor.py:766} INFO - DAG(s) dict_keys(['example_sla_dag']) retrieved from /home/airflow/.local/lib/python3.7/site-packages/airflow/example_dags/example_sla_dag.py
[2025-11-22T10:12:40.749+0000] {logging_mixin.py:120} INFO - [2025-11-22T10:12:40.748+0000] {dag.py:2585} INFO - Sync 1 DAGs
[2025-11-22T10:12:40.791+0000] {logging_mixin.py:120} INFO - [2025-11-22T10:12:40.791+0000] {dag.py:3340} INFO - Setting next_dagrun for example_sla_dag to 2025-11-22T10:10:00+00:00, run_after=2025-11-22T10:12:00+00:00
[2025-11-22T10:12:40.826+0000] {processor.py:176} INFO - Processing /home/airflow/.local/lib/python3.7/site-packages/airflow/example_dags/example_sla_dag.py took 0.222 seconds
[2025-11-22T10:13:11.445+0000] {processor.py:154} INFO - Started process (PID=4230) to work on /home/airflow/.local/lib/python3.7/site-packages/airflow/example_dags/example_sla_dag.py
[2025-11-22T10:13:11.447+0000] {processor.py:756} INFO - Processing file /home/airflow/.local/lib/python3.7/site-packages/airflow/example_dags/example_sla_dag.py for tasks to queue
[2025-11-22T10:13:11.449+0000] {logging_mixin.py:120} INFO - [2025-11-22T10:13:11.449+0000] {dagbag.py:537} INFO - Filling up the DagBag from /home/airflow/.local/lib/python3.7/site-packages/airflow/example_dags/example_sla_dag.py
[2025-11-22T10:13:11.485+0000] {processor.py:766} INFO - DAG(s) dict_keys(['example_sla_dag']) retrieved from /home/airflow/.local/lib/python3.7/site-packages/airflow/example_dags/example_sla_dag.py
[2025-11-22T10:13:11.547+0000] {logging_mixin.py:120} INFO - [2025-11-22T10:13:11.546+0000] {dag.py:2585} INFO - Sync 1 DAGs
[2025-11-22T10:13:11.585+0000] {logging_mixin.py:120} INFO - [2025-11-22T10:13:11.584+0000] {dag.py:3340} INFO - Setting next_dagrun for example_sla_dag to 2025-11-22T10:10:00+00:00, run_after=2025-11-22T10:12:00+00:00
[2025-11-22T10:13:11.615+0000] {processor.py:176} INFO - Processing /home/airflow/.local/lib/python3.7/site-packages/airflow/example_dags/example_sla_dag.py took 0.175 seconds
[2025-11-22T10:13:41.912+0000] {processor.py:154} INFO - Started process (PID=4294) to work on /home/airflow/.local/lib/python3.7/site-packages/airflow/example_dags/example_sla_dag.py
[2025-11-22T10:13:41.915+0000] {processor.py:756} INFO - Processing file /home/airflow/.local/lib/python3.7/site-packages/airflow/example_dags/example_sla_dag.py for tasks to queue
[2025-11-22T10:13:41.917+0000] {logging_mixin.py:120} INFO - [2025-11-22T10:13:41.917+0000] {dagbag.py:537} INFO - Filling up the DagBag from /home/airflow/.local/lib/python3.7/site-packages/airflow/example_dags/example_sla_dag.py
[2025-11-22T10:13:41.976+0000] {processor.py:766} INFO - DAG(s) dict_keys(['example_sla_dag']) retrieved from /home/airflow/.local/lib/python3.7/site-packages/airflow/example_dags/example_sla_dag.py
[2025-11-22T10:13:42.074+0000] {logging_mixin.py:120} INFO - [2025-11-22T10:13:42.073+0000] {dag.py:2585} INFO - Sync 1 DAGs
[2025-11-22T10:13:42.122+0000] {logging_mixin.py:120} INFO - [2025-11-22T10:13:42.121+0000] {dag.py:3340} INFO - Setting next_dagrun for example_sla_dag to 2025-11-22T10:10:00+00:00, run_after=2025-11-22T10:12:00+00:00
[2025-11-22T10:13:42.157+0000] {processor.py:176} INFO - Processing /home/airflow/.local/lib/python3.7/site-packages/airflow/example_dags/example_sla_dag.py took 0.250 seconds
[2025-11-22T10:14:12.878+0000] {processor.py:154} INFO - Started process (PID=4358) to work on /home/airflow/.local/lib/python3.7/site-packages/airflow/example_dags/example_sla_dag.py
[2025-11-22T10:14:12.880+0000] {processor.py:756} INFO - Processing file /home/airflow/.local/lib/python3.7/site-packages/airflow/example_dags/example_sla_dag.py for tasks to queue
[2025-11-22T10:14:12.883+0000] {logging_mixin.py:120} INFO - [2025-11-22T10:14:12.882+0000] {dagbag.py:537} INFO - Filling up the DagBag from /home/airflow/.local/lib/python3.7/site-packages/airflow/example_dags/example_sla_dag.py
[2025-11-22T10:14:12.928+0000] {processor.py:766} INFO - DAG(s) dict_keys(['example_sla_dag']) retrieved from /home/airflow/.local/lib/python3.7/site-packages/airflow/example_dags/example_sla_dag.py
[2025-11-22T10:14:13.005+0000] {logging_mixin.py:120} INFO - [2025-11-22T10:14:13.005+0000] {dag.py:2585} INFO - Sync 1 DAGs
[2025-11-22T10:14:13.054+0000] {logging_mixin.py:120} INFO - [2025-11-22T10:14:13.054+0000] {dag.py:3340} INFO - Setting next_dagrun for example_sla_dag to 2025-11-22T10:12:00+00:00, run_after=2025-11-22T10:14:00+00:00
[2025-11-22T10:14:13.103+0000] {processor.py:176} INFO - Processing /home/airflow/.local/lib/python3.7/site-packages/airflow/example_dags/example_sla_dag.py took 0.232 seconds
[2025-11-22T10:14:43.385+0000] {processor.py:154} INFO - Started process (PID=4413) to work on /home/airflow/.local/lib/python3.7/site-packages/airflow/example_dags/example_sla_dag.py
[2025-11-22T10:14:43.387+0000] {processor.py:756} INFO - Processing file /home/airflow/.local/lib/python3.7/site-packages/airflow/example_dags/example_sla_dag.py for tasks to queue
[2025-11-22T10:14:43.389+0000] {logging_mixin.py:120} INFO - [2025-11-22T10:14:43.388+0000] {dagbag.py:537} INFO - Filling up the DagBag from /home/airflow/.local/lib/python3.7/site-packages/airflow/example_dags/example_sla_dag.py
[2025-11-22T10:14:43.429+0000] {processor.py:766} INFO - DAG(s) dict_keys(['example_sla_dag']) retrieved from /home/airflow/.local/lib/python3.7/site-packages/airflow/example_dags/example_sla_dag.py
[2025-11-22T10:14:43.506+0000] {logging_mixin.py:120} INFO - [2025-11-22T10:14:43.506+0000] {dag.py:2585} INFO - Sync 1 DAGs
[2025-11-22T10:14:43.577+0000] {logging_mixin.py:120} INFO - [2025-11-22T10:14:43.577+0000] {dag.py:3340} INFO - Setting next_dagrun for example_sla_dag to 2025-11-22T10:12:00+00:00, run_after=2025-11-22T10:14:00+00:00
[2025-11-22T10:14:43.616+0000] {processor.py:176} INFO - Processing /home/airflow/.local/lib/python3.7/site-packages/airflow/example_dags/example_sla_dag.py took 0.237 seconds
[2025-11-22T10:15:13.783+0000] {processor.py:154} INFO - Started process (PID=4477) to work on /home/airflow/.local/lib/python3.7/site-packages/airflow/example_dags/example_sla_dag.py
[2025-11-22T10:15:13.785+0000] {processor.py:756} INFO - Processing file /home/airflow/.local/lib/python3.7/site-packages/airflow/example_dags/example_sla_dag.py for tasks to queue
[2025-11-22T10:15:13.787+0000] {logging_mixin.py:120} INFO - [2025-11-22T10:15:13.786+0000] {dagbag.py:537} INFO - Filling up the DagBag from /home/airflow/.local/lib/python3.7/site-packages/airflow/example_dags/example_sla_dag.py
[2025-11-22T10:15:13.818+0000] {processor.py:766} INFO - DAG(s) dict_keys(['example_sla_dag']) retrieved from /home/airflow/.local/lib/python3.7/site-packages/airflow/example_dags/example_sla_dag.py
[2025-11-22T10:15:13.866+0000] {logging_mixin.py:120} INFO - [2025-11-22T10:15:13.865+0000] {dag.py:2585} INFO - Sync 1 DAGs
[2025-11-22T10:15:13.894+0000] {logging_mixin.py:120} INFO - [2025-11-22T10:15:13.894+0000] {dag.py:3340} INFO - Setting next_dagrun for example_sla_dag to 2025-11-22T10:12:00+00:00, run_after=2025-11-22T10:14:00+00:00
[2025-11-22T10:15:13.919+0000] {processor.py:176} INFO - Processing /home/airflow/.local/lib/python3.7/site-packages/airflow/example_dags/example_sla_dag.py took 0.140 seconds
[2025-11-22T10:15:44.017+0000] {processor.py:154} INFO - Started process (PID=4532) to work on /home/airflow/.local/lib/python3.7/site-packages/airflow/example_dags/example_sla_dag.py
[2025-11-22T10:15:44.019+0000] {processor.py:756} INFO - Processing file /home/airflow/.local/lib/python3.7/site-packages/airflow/example_dags/example_sla_dag.py for tasks to queue
[2025-11-22T10:15:44.020+0000] {logging_mixin.py:120} INFO - [2025-11-22T10:15:44.020+0000] {dagbag.py:537} INFO - Filling up the DagBag from /home/airflow/.local/lib/python3.7/site-packages/airflow/example_dags/example_sla_dag.py
[2025-11-22T10:15:44.055+0000] {processor.py:766} INFO - DAG(s) dict_keys(['example_sla_dag']) retrieved from /home/airflow/.local/lib/python3.7/site-packages/airflow/example_dags/example_sla_dag.py
[2025-11-22T10:15:44.104+0000] {logging_mixin.py:120} INFO - [2025-11-22T10:15:44.103+0000] {dag.py:2585} INFO - Sync 1 DAGs
[2025-11-22T10:15:44.134+0000] {logging_mixin.py:120} INFO - [2025-11-22T10:15:44.134+0000] {dag.py:3340} INFO - Setting next_dagrun for example_sla_dag to 2025-11-22T10:12:00+00:00, run_after=2025-11-22T10:14:00+00:00
[2025-11-22T10:15:44.182+0000] {processor.py:176} INFO - Processing /home/airflow/.local/lib/python3.7/site-packages/airflow/example_dags/example_sla_dag.py took 0.173 seconds
[2025-11-22T10:16:14.400+0000] {processor.py:154} INFO - Started process (PID=4596) to work on /home/airflow/.local/lib/python3.7/site-packages/airflow/example_dags/example_sla_dag.py
[2025-11-22T10:16:14.401+0000] {processor.py:756} INFO - Processing file /home/airflow/.local/lib/python3.7/site-packages/airflow/example_dags/example_sla_dag.py for tasks to queue
[2025-11-22T10:16:14.403+0000] {logging_mixin.py:120} INFO - [2025-11-22T10:16:14.402+0000] {dagbag.py:537} INFO - Filling up the DagBag from /home/airflow/.local/lib/python3.7/site-packages/airflow/example_dags/example_sla_dag.py
[2025-11-22T10:16:14.433+0000] {processor.py:766} INFO - DAG(s) dict_keys(['example_sla_dag']) retrieved from /home/airflow/.local/lib/python3.7/site-packages/airflow/example_dags/example_sla_dag.py
[2025-11-22T10:16:14.481+0000] {logging_mixin.py:120} INFO - [2025-11-22T10:16:14.481+0000] {dag.py:2585} INFO - Sync 1 DAGs
[2025-11-22T10:16:14.515+0000] {logging_mixin.py:120} INFO - [2025-11-22T10:16:14.515+0000] {dag.py:3340} INFO - Setting next_dagrun for example_sla_dag to 2025-11-22T10:14:00+00:00, run_after=2025-11-22T10:16:00+00:00
[2025-11-22T10:16:14.546+0000] {processor.py:176} INFO - Processing /home/airflow/.local/lib/python3.7/site-packages/airflow/example_dags/example_sla_dag.py took 0.153 seconds
[2025-11-22T10:16:44.790+0000] {processor.py:154} INFO - Started process (PID=4660) to work on /home/airflow/.local/lib/python3.7/site-packages/airflow/example_dags/example_sla_dag.py
[2025-11-22T10:16:44.792+0000] {processor.py:756} INFO - Processing file /home/airflow/.local/lib/python3.7/site-packages/airflow/example_dags/example_sla_dag.py for tasks to queue
[2025-11-22T10:16:44.795+0000] {logging_mixin.py:120} INFO - [2025-11-22T10:16:44.794+0000] {dagbag.py:537} INFO - Filling up the DagBag from /home/airflow/.local/lib/python3.7/site-packages/airflow/example_dags/example_sla_dag.py
[2025-11-22T10:16:44.857+0000] {processor.py:766} INFO - DAG(s) dict_keys(['example_sla_dag']) retrieved from /home/airflow/.local/lib/python3.7/site-packages/airflow/example_dags/example_sla_dag.py
[2025-11-22T10:16:44.959+0000] {logging_mixin.py:120} INFO - [2025-11-22T10:16:44.959+0000] {dag.py:2585} INFO - Sync 1 DAGs
[2025-11-22T10:16:45.025+0000] {logging_mixin.py:120} INFO - [2025-11-22T10:16:45.024+0000] {dag.py:3340} INFO - Setting next_dagrun for example_sla_dag to 2025-11-22T10:14:00+00:00, run_after=2025-11-22T10:16:00+00:00
[2025-11-22T10:16:45.065+0000] {processor.py:176} INFO - Processing /home/airflow/.local/lib/python3.7/site-packages/airflow/example_dags/example_sla_dag.py took 0.284 seconds
[2025-11-22T10:17:15.753+0000] {processor.py:154} INFO - Started process (PID=4715) to work on /home/airflow/.local/lib/python3.7/site-packages/airflow/example_dags/example_sla_dag.py
[2025-11-22T10:17:15.755+0000] {processor.py:756} INFO - Processing file /home/airflow/.local/lib/python3.7/site-packages/airflow/example_dags/example_sla_dag.py for tasks to queue
[2025-11-22T10:17:15.757+0000] {logging_mixin.py:120} INFO - [2025-11-22T10:17:15.756+0000] {dagbag.py:537} INFO - Filling up the DagBag from /home/airflow/.local/lib/python3.7/site-packages/airflow/example_dags/example_sla_dag.py
[2025-11-22T10:17:15.800+0000] {processor.py:766} INFO - DAG(s) dict_keys(['example_sla_dag']) retrieved from /home/airflow/.local/lib/python3.7/site-packages/airflow/example_dags/example_sla_dag.py
[2025-11-22T10:17:15.847+0000] {logging_mixin.py:120} INFO - [2025-11-22T10:17:15.847+0000] {dag.py:2585} INFO - Sync 1 DAGs
[2025-11-22T10:17:15.880+0000] {logging_mixin.py:120} INFO - [2025-11-22T10:17:15.880+0000] {dag.py:3340} INFO - Setting next_dagrun for example_sla_dag to 2025-11-22T10:14:00+00:00, run_after=2025-11-22T10:16:00+00:00
[2025-11-22T10:17:15.913+0000] {processor.py:176} INFO - Processing /home/airflow/.local/lib/python3.7/site-packages/airflow/example_dags/example_sla_dag.py took 0.167 seconds
[2025-11-22T10:17:46.056+0000] {processor.py:154} INFO - Started process (PID=4778) to work on /home/airflow/.local/lib/python3.7/site-packages/airflow/example_dags/example_sla_dag.py
[2025-11-22T10:17:46.058+0000] {processor.py:756} INFO - Processing file /home/airflow/.local/lib/python3.7/site-packages/airflow/example_dags/example_sla_dag.py for tasks to queue
[2025-11-22T10:17:46.060+0000] {logging_mixin.py:120} INFO - [2025-11-22T10:17:46.060+0000] {dagbag.py:537} INFO - Filling up the DagBag from /home/airflow/.local/lib/python3.7/site-packages/airflow/example_dags/example_sla_dag.py
[2025-11-22T10:17:46.092+0000] {processor.py:766} INFO - DAG(s) dict_keys(['example_sla_dag']) retrieved from /home/airflow/.local/lib/python3.7/site-packages/airflow/example_dags/example_sla_dag.py
[2025-11-22T10:17:46.188+0000] {logging_mixin.py:120} INFO - [2025-11-22T10:17:46.187+0000] {dag.py:2585} INFO - Sync 1 DAGs
[2025-11-22T10:17:46.259+0000] {logging_mixin.py:120} INFO - [2025-11-22T10:17:46.259+0000] {dag.py:3340} INFO - Setting next_dagrun for example_sla_dag to 2025-11-22T10:14:00+00:00, run_after=2025-11-22T10:16:00+00:00
[2025-11-22T10:17:46.316+0000] {processor.py:176} INFO - Processing /home/airflow/.local/lib/python3.7/site-packages/airflow/example_dags/example_sla_dag.py took 0.268 seconds
[2025-11-22T10:18:16.453+0000] {processor.py:154} INFO - Started process (PID=4833) to work on /home/airflow/.local/lib/python3.7/site-packages/airflow/example_dags/example_sla_dag.py
[2025-11-22T10:18:16.454+0000] {processor.py:756} INFO - Processing file /home/airflow/.local/lib/python3.7/site-packages/airflow/example_dags/example_sla_dag.py for tasks to queue
[2025-11-22T10:18:16.456+0000] {logging_mixin.py:120} INFO - [2025-11-22T10:18:16.456+0000] {dagbag.py:537} INFO - Filling up the DagBag from /home/airflow/.local/lib/python3.7/site-packages/airflow/example_dags/example_sla_dag.py
[2025-11-22T10:18:16.496+0000] {processor.py:766} INFO - DAG(s) dict_keys(['example_sla_dag']) retrieved from /home/airflow/.local/lib/python3.7/site-packages/airflow/example_dags/example_sla_dag.py
[2025-11-22T10:18:16.571+0000] {logging_mixin.py:120} INFO - [2025-11-22T10:18:16.571+0000] {dag.py:2585} INFO - Sync 1 DAGs
[2025-11-22T10:18:16.624+0000] {logging_mixin.py:120} INFO - [2025-11-22T10:18:16.624+0000] {dag.py:3340} INFO - Setting next_dagrun for example_sla_dag to 2025-11-22T10:16:00+00:00, run_after=2025-11-22T10:18:00+00:00
[2025-11-22T10:18:16.668+0000] {processor.py:176} INFO - Processing /home/airflow/.local/lib/python3.7/site-packages/airflow/example_dags/example_sla_dag.py took 0.219 seconds
[2025-11-22T10:18:47.266+0000] {processor.py:154} INFO - Started process (PID=4896) to work on /home/airflow/.local/lib/python3.7/site-packages/airflow/example_dags/example_sla_dag.py
[2025-11-22T10:18:47.268+0000] {processor.py:756} INFO - Processing file /home/airflow/.local/lib/python3.7/site-packages/airflow/example_dags/example_sla_dag.py for tasks to queue
[2025-11-22T10:18:47.270+0000] {logging_mixin.py:120} INFO - [2025-11-22T10:18:47.270+0000] {dagbag.py:537} INFO - Filling up the DagBag from /home/airflow/.local/lib/python3.7/site-packages/airflow/example_dags/example_sla_dag.py
[2025-11-22T10:18:47.311+0000] {processor.py:766} INFO - DAG(s) dict_keys(['example_sla_dag']) retrieved from /home/airflow/.local/lib/python3.7/site-packages/airflow/example_dags/example_sla_dag.py
[2025-11-22T10:18:47.374+0000] {logging_mixin.py:120} INFO - [2025-11-22T10:18:47.373+0000] {dag.py:2585} INFO - Sync 1 DAGs
[2025-11-22T10:18:47.404+0000] {logging_mixin.py:120} INFO - [2025-11-22T10:18:47.404+0000] {dag.py:3340} INFO - Setting next_dagrun for example_sla_dag to 2025-11-22T10:16:00+00:00, run_after=2025-11-22T10:18:00+00:00
[2025-11-22T10:18:47.432+0000] {processor.py:176} INFO - Processing /home/airflow/.local/lib/python3.7/site-packages/airflow/example_dags/example_sla_dag.py took 0.171 seconds
[2025-11-22T10:19:17.898+0000] {processor.py:154} INFO - Started process (PID=4951) to work on /home/airflow/.local/lib/python3.7/site-packages/airflow/example_dags/example_sla_dag.py
[2025-11-22T10:19:17.899+0000] {processor.py:756} INFO - Processing file /home/airflow/.local/lib/python3.7/site-packages/airflow/example_dags/example_sla_dag.py for tasks to queue
[2025-11-22T10:19:17.900+0000] {logging_mixin.py:120} INFO - [2025-11-22T10:19:17.900+0000] {dagbag.py:537} INFO - Filling up the DagBag from /home/airflow/.local/lib/python3.7/site-packages/airflow/example_dags/example_sla_dag.py
[2025-11-22T10:19:17.930+0000] {processor.py:766} INFO - DAG(s) dict_keys(['example_sla_dag']) retrieved from /home/airflow/.local/lib/python3.7/site-packages/airflow/example_dags/example_sla_dag.py
[2025-11-22T10:19:17.977+0000] {logging_mixin.py:120} INFO - [2025-11-22T10:19:17.977+0000] {dag.py:2585} INFO - Sync 1 DAGs
[2025-11-22T10:19:18.007+0000] {logging_mixin.py:120} INFO - [2025-11-22T10:19:18.007+0000] {dag.py:3340} INFO - Setting next_dagrun for example_sla_dag to 2025-11-22T10:16:00+00:00, run_after=2025-11-22T10:18:00+00:00
[2025-11-22T10:19:18.037+0000] {processor.py:176} INFO - Processing /home/airflow/.local/lib/python3.7/site-packages/airflow/example_dags/example_sla_dag.py took 0.146 seconds
[2025-11-22T10:19:48.272+0000] {processor.py:154} INFO - Started process (PID=5015) to work on /home/airflow/.local/lib/python3.7/site-packages/airflow/example_dags/example_sla_dag.py
[2025-11-22T10:19:48.274+0000] {processor.py:756} INFO - Processing file /home/airflow/.local/lib/python3.7/site-packages/airflow/example_dags/example_sla_dag.py for tasks to queue
[2025-11-22T10:19:48.276+0000] {logging_mixin.py:120} INFO - [2025-11-22T10:19:48.276+0000] {dagbag.py:537} INFO - Filling up the DagBag from /home/airflow/.local/lib/python3.7/site-packages/airflow/example_dags/example_sla_dag.py
[2025-11-22T10:19:48.307+0000] {processor.py:766} INFO - DAG(s) dict_keys(['example_sla_dag']) retrieved from /home/airflow/.local/lib/python3.7/site-packages/airflow/example_dags/example_sla_dag.py
[2025-11-22T10:19:48.352+0000] {logging_mixin.py:120} INFO - [2025-11-22T10:19:48.352+0000] {dag.py:2585} INFO - Sync 1 DAGs
[2025-11-22T10:19:48.382+0000] {logging_mixin.py:120} INFO - [2025-11-22T10:19:48.382+0000] {dag.py:3340} INFO - Setting next_dagrun for example_sla_dag to 2025-11-22T10:16:00+00:00, run_after=2025-11-22T10:18:00+00:00
[2025-11-22T10:19:48.426+0000] {processor.py:176} INFO - Processing /home/airflow/.local/lib/python3.7/site-packages/airflow/example_dags/example_sla_dag.py took 0.159 seconds
[2025-11-22T10:20:19.240+0000] {processor.py:154} INFO - Started process (PID=5078) to work on /home/airflow/.local/lib/python3.7/site-packages/airflow/example_dags/example_sla_dag.py
[2025-11-22T10:20:19.242+0000] {processor.py:756} INFO - Processing file /home/airflow/.local/lib/python3.7/site-packages/airflow/example_dags/example_sla_dag.py for tasks to queue
[2025-11-22T10:20:19.244+0000] {logging_mixin.py:120} INFO - [2025-11-22T10:20:19.244+0000] {dagbag.py:537} INFO - Filling up the DagBag from /home/airflow/.local/lib/python3.7/site-packages/airflow/example_dags/example_sla_dag.py
[2025-11-22T10:20:19.285+0000] {processor.py:766} INFO - DAG(s) dict_keys(['example_sla_dag']) retrieved from /home/airflow/.local/lib/python3.7/site-packages/airflow/example_dags/example_sla_dag.py
[2025-11-22T10:20:19.358+0000] {logging_mixin.py:120} INFO - [2025-11-22T10:20:19.358+0000] {dag.py:2585} INFO - Sync 1 DAGs
[2025-11-22T10:20:19.404+0000] {logging_mixin.py:120} INFO - [2025-11-22T10:20:19.403+0000] {dag.py:3340} INFO - Setting next_dagrun for example_sla_dag to 2025-11-22T10:18:00+00:00, run_after=2025-11-22T10:20:00+00:00
[2025-11-22T10:20:19.432+0000] {processor.py:176} INFO - Processing /home/airflow/.local/lib/python3.7/site-packages/airflow/example_dags/example_sla_dag.py took 0.198 seconds
[2025-11-22T10:20:50.297+0000] {processor.py:154} INFO - Started process (PID=5133) to work on /home/airflow/.local/lib/python3.7/site-packages/airflow/example_dags/example_sla_dag.py
[2025-11-22T10:20:50.300+0000] {processor.py:756} INFO - Processing file /home/airflow/.local/lib/python3.7/site-packages/airflow/example_dags/example_sla_dag.py for tasks to queue
[2025-11-22T10:20:50.302+0000] {logging_mixin.py:120} INFO - [2025-11-22T10:20:50.302+0000] {dagbag.py:537} INFO - Filling up the DagBag from /home/airflow/.local/lib/python3.7/site-packages/airflow/example_dags/example_sla_dag.py
[2025-11-22T10:20:50.341+0000] {processor.py:766} INFO - DAG(s) dict_keys(['example_sla_dag']) retrieved from /home/airflow/.local/lib/python3.7/site-packages/airflow/example_dags/example_sla_dag.py
[2025-11-22T10:20:50.391+0000] {logging_mixin.py:120} INFO - [2025-11-22T10:20:50.391+0000] {dag.py:2585} INFO - Sync 1 DAGs
[2025-11-22T10:20:50.423+0000] {logging_mixin.py:120} INFO - [2025-11-22T10:20:50.423+0000] {dag.py:3340} INFO - Setting next_dagrun for example_sla_dag to 2025-11-22T10:18:00+00:00, run_after=2025-11-22T10:20:00+00:00
[2025-11-22T10:20:50.446+0000] {processor.py:176} INFO - Processing /home/airflow/.local/lib/python3.7/site-packages/airflow/example_dags/example_sla_dag.py took 0.155 seconds
[2025-11-22T10:21:20.791+0000] {processor.py:154} INFO - Started process (PID=5197) to work on /home/airflow/.local/lib/python3.7/site-packages/airflow/example_dags/example_sla_dag.py
[2025-11-22T10:21:20.796+0000] {processor.py:756} INFO - Processing file /home/airflow/.local/lib/python3.7/site-packages/airflow/example_dags/example_sla_dag.py for tasks to queue
[2025-11-22T10:21:20.798+0000] {logging_mixin.py:120} INFO - [2025-11-22T10:21:20.797+0000] {dagbag.py:537} INFO - Filling up the DagBag from /home/airflow/.local/lib/python3.7/site-packages/airflow/example_dags/example_sla_dag.py
[2025-11-22T10:21:20.843+0000] {processor.py:766} INFO - DAG(s) dict_keys(['example_sla_dag']) retrieved from /home/airflow/.local/lib/python3.7/site-packages/airflow/example_dags/example_sla_dag.py
[2025-11-22T10:21:20.945+0000] {logging_mixin.py:120} INFO - [2025-11-22T10:21:20.945+0000] {dag.py:2585} INFO - Sync 1 DAGs
[2025-11-22T10:21:20.998+0000] {logging_mixin.py:120} INFO - [2025-11-22T10:21:20.998+0000] {dag.py:3340} INFO - Setting next_dagrun for example_sla_dag to 2025-11-22T10:18:00+00:00, run_after=2025-11-22T10:20:00+00:00
[2025-11-22T10:21:21.030+0000] {processor.py:176} INFO - Processing /home/airflow/.local/lib/python3.7/site-packages/airflow/example_dags/example_sla_dag.py took 0.248 seconds
[2025-11-22T10:21:51.292+0000] {processor.py:154} INFO - Started process (PID=5253) to work on /home/airflow/.local/lib/python3.7/site-packages/airflow/example_dags/example_sla_dag.py
[2025-11-22T10:21:51.294+0000] {processor.py:756} INFO - Processing file /home/airflow/.local/lib/python3.7/site-packages/airflow/example_dags/example_sla_dag.py for tasks to queue
[2025-11-22T10:21:51.296+0000] {logging_mixin.py:120} INFO - [2025-11-22T10:21:51.296+0000] {dagbag.py:537} INFO - Filling up the DagBag from /home/airflow/.local/lib/python3.7/site-packages/airflow/example_dags/example_sla_dag.py
[2025-11-22T10:21:51.334+0000] {processor.py:766} INFO - DAG(s) dict_keys(['example_sla_dag']) retrieved from /home/airflow/.local/lib/python3.7/site-packages/airflow/example_dags/example_sla_dag.py
[2025-11-22T10:21:51.405+0000] {logging_mixin.py:120} INFO - [2025-11-22T10:21:51.405+0000] {dag.py:2585} INFO - Sync 1 DAGs
[2025-11-22T10:21:51.450+0000] {logging_mixin.py:120} INFO - [2025-11-22T10:21:51.449+0000] {dag.py:3340} INFO - Setting next_dagrun for example_sla_dag to 2025-11-22T10:18:00+00:00, run_after=2025-11-22T10:20:00+00:00
[2025-11-22T10:21:51.509+0000] {processor.py:176} INFO - Processing /home/airflow/.local/lib/python3.7/site-packages/airflow/example_dags/example_sla_dag.py took 0.221 seconds
[2025-11-22T10:22:21.816+0000] {processor.py:154} INFO - Started process (PID=5317) to work on /home/airflow/.local/lib/python3.7/site-packages/airflow/example_dags/example_sla_dag.py
[2025-11-22T10:22:21.818+0000] {processor.py:756} INFO - Processing file /home/airflow/.local/lib/python3.7/site-packages/airflow/example_dags/example_sla_dag.py for tasks to queue
[2025-11-22T10:22:21.821+0000] {logging_mixin.py:120} INFO - [2025-11-22T10:22:21.819+0000] {dagbag.py:537} INFO - Filling up the DagBag from /home/airflow/.local/lib/python3.7/site-packages/airflow/example_dags/example_sla_dag.py
[2025-11-22T10:22:21.858+0000] {processor.py:766} INFO - DAG(s) dict_keys(['example_sla_dag']) retrieved from /home/airflow/.local/lib/python3.7/site-packages/airflow/example_dags/example_sla_dag.py
[2025-11-22T10:22:21.926+0000] {logging_mixin.py:120} INFO - [2025-11-22T10:22:21.926+0000] {dag.py:2585} INFO - Sync 1 DAGs
[2025-11-22T10:22:21.986+0000] {logging_mixin.py:120} INFO - [2025-11-22T10:22:21.986+0000] {dag.py:3340} INFO - Setting next_dagrun for example_sla_dag to 2025-11-22T10:20:00+00:00, run_after=2025-11-22T10:22:00+00:00
[2025-11-22T10:22:22.020+0000] {processor.py:176} INFO - Processing /home/airflow/.local/lib/python3.7/site-packages/airflow/example_dags/example_sla_dag.py took 0.209 seconds
[2025-11-22T10:22:52.275+0000] {processor.py:154} INFO - Started process (PID=5381) to work on /home/airflow/.local/lib/python3.7/site-packages/airflow/example_dags/example_sla_dag.py
[2025-11-22T10:22:52.277+0000] {processor.py:756} INFO - Processing file /home/airflow/.local/lib/python3.7/site-packages/airflow/example_dags/example_sla_dag.py for tasks to queue
[2025-11-22T10:22:52.279+0000] {logging_mixin.py:120} INFO - [2025-11-22T10:22:52.278+0000] {dagbag.py:537} INFO - Filling up the DagBag from /home/airflow/.local/lib/python3.7/site-packages/airflow/example_dags/example_sla_dag.py
[2025-11-22T10:22:52.319+0000] {processor.py:766} INFO - DAG(s) dict_keys(['example_sla_dag']) retrieved from /home/airflow/.local/lib/python3.7/site-packages/airflow/example_dags/example_sla_dag.py
[2025-11-22T10:22:52.418+0000] {logging_mixin.py:120} INFO - [2025-11-22T10:22:52.418+0000] {dag.py:2585} INFO - Sync 1 DAGs
[2025-11-22T10:22:52.502+0000] {logging_mixin.py:120} INFO - [2025-11-22T10:22:52.502+0000] {dag.py:3340} INFO - Setting next_dagrun for example_sla_dag to 2025-11-22T10:20:00+00:00, run_after=2025-11-22T10:22:00+00:00
[2025-11-22T10:22:52.542+0000] {processor.py:176} INFO - Processing /home/airflow/.local/lib/python3.7/site-packages/airflow/example_dags/example_sla_dag.py took 0.273 seconds
[2025-11-22T10:23:22.878+0000] {processor.py:154} INFO - Started process (PID=5436) to work on /home/airflow/.local/lib/python3.7/site-packages/airflow/example_dags/example_sla_dag.py
[2025-11-22T10:23:22.879+0000] {processor.py:756} INFO - Processing file /home/airflow/.local/lib/python3.7/site-packages/airflow/example_dags/example_sla_dag.py for tasks to queue
[2025-11-22T10:23:22.882+0000] {logging_mixin.py:120} INFO - [2025-11-22T10:23:22.881+0000] {dagbag.py:537} INFO - Filling up the DagBag from /home/airflow/.local/lib/python3.7/site-packages/airflow/example_dags/example_sla_dag.py
[2025-11-22T10:23:22.920+0000] {processor.py:766} INFO - DAG(s) dict_keys(['example_sla_dag']) retrieved from /home/airflow/.local/lib/python3.7/site-packages/airflow/example_dags/example_sla_dag.py
[2025-11-22T10:23:22.966+0000] {logging_mixin.py:120} INFO - [2025-11-22T10:23:22.966+0000] {dag.py:2585} INFO - Sync 1 DAGs
[2025-11-22T10:23:23.009+0000] {logging_mixin.py:120} INFO - [2025-11-22T10:23:23.009+0000] {dag.py:3340} INFO - Setting next_dagrun for example_sla_dag to 2025-11-22T10:20:00+00:00, run_after=2025-11-22T10:22:00+00:00
[2025-11-22T10:23:23.041+0000] {processor.py:176} INFO - Processing /home/airflow/.local/lib/python3.7/site-packages/airflow/example_dags/example_sla_dag.py took 0.169 seconds
[2025-11-22T10:23:53.199+0000] {processor.py:154} INFO - Started process (PID=5500) to work on /home/airflow/.local/lib/python3.7/site-packages/airflow/example_dags/example_sla_dag.py
[2025-11-22T10:23:53.201+0000] {processor.py:756} INFO - Processing file /home/airflow/.local/lib/python3.7/site-packages/airflow/example_dags/example_sla_dag.py for tasks to queue
[2025-11-22T10:23:53.205+0000] {logging_mixin.py:120} INFO - [2025-11-22T10:23:53.205+0000] {dagbag.py:537} INFO - Filling up the DagBag from /home/airflow/.local/lib/python3.7/site-packages/airflow/example_dags/example_sla_dag.py
[2025-11-22T10:23:53.244+0000] {processor.py:766} INFO - DAG(s) dict_keys(['example_sla_dag']) retrieved from /home/airflow/.local/lib/python3.7/site-packages/airflow/example_dags/example_sla_dag.py
[2025-11-22T10:23:53.297+0000] {logging_mixin.py:120} INFO - [2025-11-22T10:23:53.296+0000] {dag.py:2585} INFO - Sync 1 DAGs
[2025-11-22T10:23:53.326+0000] {logging_mixin.py:120} INFO - [2025-11-22T10:23:53.326+0000] {dag.py:3340} INFO - Setting next_dagrun for example_sla_dag to 2025-11-22T10:20:00+00:00, run_after=2025-11-22T10:22:00+00:00
[2025-11-22T10:23:53.349+0000] {processor.py:176} INFO - Processing /home/airflow/.local/lib/python3.7/site-packages/airflow/example_dags/example_sla_dag.py took 0.155 seconds
[2025-11-22T10:24:24.136+0000] {processor.py:154} INFO - Started process (PID=5555) to work on /home/airflow/.local/lib/python3.7/site-packages/airflow/example_dags/example_sla_dag.py
[2025-11-22T10:24:24.137+0000] {processor.py:756} INFO - Processing file /home/airflow/.local/lib/python3.7/site-packages/airflow/example_dags/example_sla_dag.py for tasks to queue
[2025-11-22T10:24:24.139+0000] {logging_mixin.py:120} INFO - [2025-11-22T10:24:24.139+0000] {dagbag.py:537} INFO - Filling up the DagBag from /home/airflow/.local/lib/python3.7/site-packages/airflow/example_dags/example_sla_dag.py
[2025-11-22T10:24:24.182+0000] {processor.py:766} INFO - DAG(s) dict_keys(['example_sla_dag']) retrieved from /home/airflow/.local/lib/python3.7/site-packages/airflow/example_dags/example_sla_dag.py
[2025-11-22T10:24:24.252+0000] {logging_mixin.py:120} INFO - [2025-11-22T10:24:24.252+0000] {dag.py:2585} INFO - Sync 1 DAGs
[2025-11-22T10:24:24.313+0000] {logging_mixin.py:120} INFO - [2025-11-22T10:24:24.313+0000] {dag.py:3340} INFO - Setting next_dagrun for example_sla_dag to 2025-11-22T10:22:00+00:00, run_after=2025-11-22T10:24:00+00:00
[2025-11-22T10:24:24.360+0000] {processor.py:176} INFO - Processing /home/airflow/.local/lib/python3.7/site-packages/airflow/example_dags/example_sla_dag.py took 0.230 seconds
[2025-11-22T10:24:55.487+0000] {processor.py:154} INFO - Started process (PID=5619) to work on /home/airflow/.local/lib/python3.7/site-packages/airflow/example_dags/example_sla_dag.py
[2025-11-22T10:24:55.488+0000] {processor.py:756} INFO - Processing file /home/airflow/.local/lib/python3.7/site-packages/airflow/example_dags/example_sla_dag.py for tasks to queue
[2025-11-22T10:24:55.490+0000] {logging_mixin.py:120} INFO - [2025-11-22T10:24:55.490+0000] {dagbag.py:537} INFO - Filling up the DagBag from /home/airflow/.local/lib/python3.7/site-packages/airflow/example_dags/example_sla_dag.py
[2025-11-22T10:24:55.533+0000] {processor.py:766} INFO - DAG(s) dict_keys(['example_sla_dag']) retrieved from /home/airflow/.local/lib/python3.7/site-packages/airflow/example_dags/example_sla_dag.py
[2025-11-22T10:24:55.607+0000] {logging_mixin.py:120} INFO - [2025-11-22T10:24:55.607+0000] {dag.py:2585} INFO - Sync 1 DAGs
[2025-11-22T10:24:55.655+0000] {logging_mixin.py:120} INFO - [2025-11-22T10:24:55.655+0000] {dag.py:3340} INFO - Setting next_dagrun for example_sla_dag to 2025-11-22T10:22:00+00:00, run_after=2025-11-22T10:24:00+00:00
[2025-11-22T10:24:55.694+0000] {processor.py:176} INFO - Processing /home/airflow/.local/lib/python3.7/site-packages/airflow/example_dags/example_sla_dag.py took 0.214 seconds
[2025-11-22T10:25:26.216+0000] {processor.py:154} INFO - Started process (PID=5682) to work on /home/airflow/.local/lib/python3.7/site-packages/airflow/example_dags/example_sla_dag.py
[2025-11-22T10:25:26.219+0000] {processor.py:756} INFO - Processing file /home/airflow/.local/lib/python3.7/site-packages/airflow/example_dags/example_sla_dag.py for tasks to queue
[2025-11-22T10:25:26.220+0000] {logging_mixin.py:120} INFO - [2025-11-22T10:25:26.220+0000] {dagbag.py:537} INFO - Filling up the DagBag from /home/airflow/.local/lib/python3.7/site-packages/airflow/example_dags/example_sla_dag.py
[2025-11-22T10:25:26.287+0000] {processor.py:766} INFO - DAG(s) dict_keys(['example_sla_dag']) retrieved from /home/airflow/.local/lib/python3.7/site-packages/airflow/example_dags/example_sla_dag.py
[2025-11-22T10:25:26.372+0000] {logging_mixin.py:120} INFO - [2025-11-22T10:25:26.372+0000] {dag.py:2585} INFO - Sync 1 DAGs
[2025-11-22T10:25:26.414+0000] {logging_mixin.py:120} INFO - [2025-11-22T10:25:26.414+0000] {dag.py:3340} INFO - Setting next_dagrun for example_sla_dag to 2025-11-22T10:22:00+00:00, run_after=2025-11-22T10:24:00+00:00
[2025-11-22T10:25:26.440+0000] {processor.py:176} INFO - Processing /home/airflow/.local/lib/python3.7/site-packages/airflow/example_dags/example_sla_dag.py took 0.231 seconds
[2025-11-22T10:25:56.734+0000] {processor.py:154} INFO - Started process (PID=5737) to work on /home/airflow/.local/lib/python3.7/site-packages/airflow/example_dags/example_sla_dag.py
[2025-11-22T10:25:56.736+0000] {processor.py:756} INFO - Processing file /home/airflow/.local/lib/python3.7/site-packages/airflow/example_dags/example_sla_dag.py for tasks to queue
[2025-11-22T10:25:56.737+0000] {logging_mixin.py:120} INFO - [2025-11-22T10:25:56.737+0000] {dagbag.py:537} INFO - Filling up the DagBag from /home/airflow/.local/lib/python3.7/site-packages/airflow/example_dags/example_sla_dag.py
[2025-11-22T10:25:56.771+0000] {processor.py:766} INFO - DAG(s) dict_keys(['example_sla_dag']) retrieved from /home/airflow/.local/lib/python3.7/site-packages/airflow/example_dags/example_sla_dag.py
[2025-11-22T10:25:56.841+0000] {logging_mixin.py:120} INFO - [2025-11-22T10:25:56.840+0000] {dag.py:2585} INFO - Sync 1 DAGs
[2025-11-22T10:25:56.888+0000] {logging_mixin.py:120} INFO - [2025-11-22T10:25:56.888+0000] {dag.py:3340} INFO - Setting next_dagrun for example_sla_dag to 2025-11-22T10:22:00+00:00, run_after=2025-11-22T10:24:00+00:00
[2025-11-22T10:25:56.928+0000] {processor.py:176} INFO - Processing /home/airflow/.local/lib/python3.7/site-packages/airflow/example_dags/example_sla_dag.py took 0.199 seconds
[2025-11-22T10:26:27.251+0000] {processor.py:154} INFO - Started process (PID=5802) to work on /home/airflow/.local/lib/python3.7/site-packages/airflow/example_dags/example_sla_dag.py
[2025-11-22T10:26:27.253+0000] {processor.py:756} INFO - Processing file /home/airflow/.local/lib/python3.7/site-packages/airflow/example_dags/example_sla_dag.py for tasks to queue
[2025-11-22T10:26:27.255+0000] {logging_mixin.py:120} INFO - [2025-11-22T10:26:27.254+0000] {dagbag.py:537} INFO - Filling up the DagBag from /home/airflow/.local/lib/python3.7/site-packages/airflow/example_dags/example_sla_dag.py
[2025-11-22T10:26:27.287+0000] {processor.py:766} INFO - DAG(s) dict_keys(['example_sla_dag']) retrieved from /home/airflow/.local/lib/python3.7/site-packages/airflow/example_dags/example_sla_dag.py
[2025-11-22T10:26:27.337+0000] {logging_mixin.py:120} INFO - [2025-11-22T10:26:27.337+0000] {dag.py:2585} INFO - Sync 1 DAGs
[2025-11-22T10:26:27.366+0000] {logging_mixin.py:120} INFO - [2025-11-22T10:26:27.366+0000] {dag.py:3340} INFO - Setting next_dagrun for example_sla_dag to 2025-11-22T10:24:00+00:00, run_after=2025-11-22T10:26:00+00:00
[2025-11-22T10:26:27.396+0000] {processor.py:176} INFO - Processing /home/airflow/.local/lib/python3.7/site-packages/airflow/example_dags/example_sla_dag.py took 0.151 seconds
[2025-11-22T10:26:58.182+0000] {processor.py:154} INFO - Started process (PID=5858) to work on /home/airflow/.local/lib/python3.7/site-packages/airflow/example_dags/example_sla_dag.py
[2025-11-22T10:26:58.184+0000] {processor.py:756} INFO - Processing file /home/airflow/.local/lib/python3.7/site-packages/airflow/example_dags/example_sla_dag.py for tasks to queue
[2025-11-22T10:26:58.187+0000] {logging_mixin.py:120} INFO - [2025-11-22T10:26:58.187+0000] {dagbag.py:537} INFO - Filling up the DagBag from /home/airflow/.local/lib/python3.7/site-packages/airflow/example_dags/example_sla_dag.py
[2025-11-22T10:26:58.226+0000] {processor.py:766} INFO - DAG(s) dict_keys(['example_sla_dag']) retrieved from /home/airflow/.local/lib/python3.7/site-packages/airflow/example_dags/example_sla_dag.py
[2025-11-22T10:26:58.298+0000] {logging_mixin.py:120} INFO - [2025-11-22T10:26:58.297+0000] {dag.py:2585} INFO - Sync 1 DAGs
[2025-11-22T10:26:58.349+0000] {logging_mixin.py:120} INFO - [2025-11-22T10:26:58.348+0000] {dag.py:3340} INFO - Setting next_dagrun for example_sla_dag to 2025-11-22T10:24:00+00:00, run_after=2025-11-22T10:26:00+00:00
[2025-11-22T10:26:58.387+0000] {processor.py:176} INFO - Processing /home/airflow/.local/lib/python3.7/site-packages/airflow/example_dags/example_sla_dag.py took 0.212 seconds
[2025-11-22T10:27:28.699+0000] {processor.py:154} INFO - Started process (PID=5921) to work on /home/airflow/.local/lib/python3.7/site-packages/airflow/example_dags/example_sla_dag.py
[2025-11-22T10:27:28.700+0000] {processor.py:756} INFO - Processing file /home/airflow/.local/lib/python3.7/site-packages/airflow/example_dags/example_sla_dag.py for tasks to queue
[2025-11-22T10:27:28.703+0000] {logging_mixin.py:120} INFO - [2025-11-22T10:27:28.702+0000] {dagbag.py:537} INFO - Filling up the DagBag from /home/airflow/.local/lib/python3.7/site-packages/airflow/example_dags/example_sla_dag.py
[2025-11-22T10:27:28.759+0000] {processor.py:766} INFO - DAG(s) dict_keys(['example_sla_dag']) retrieved from /home/airflow/.local/lib/python3.7/site-packages/airflow/example_dags/example_sla_dag.py
[2025-11-22T10:27:28.827+0000] {logging_mixin.py:120} INFO - [2025-11-22T10:27:28.826+0000] {dag.py:2585} INFO - Sync 1 DAGs
[2025-11-22T10:27:28.867+0000] {logging_mixin.py:120} INFO - [2025-11-22T10:27:28.867+0000] {dag.py:3340} INFO - Setting next_dagrun for example_sla_dag to 2025-11-22T10:24:00+00:00, run_after=2025-11-22T10:26:00+00:00
[2025-11-22T10:27:28.901+0000] {processor.py:176} INFO - Processing /home/airflow/.local/lib/python3.7/site-packages/airflow/example_dags/example_sla_dag.py took 0.208 seconds
[2025-11-22T10:27:59.018+0000] {processor.py:154} INFO - Started process (PID=5976) to work on /home/airflow/.local/lib/python3.7/site-packages/airflow/example_dags/example_sla_dag.py
[2025-11-22T10:27:59.020+0000] {processor.py:756} INFO - Processing file /home/airflow/.local/lib/python3.7/site-packages/airflow/example_dags/example_sla_dag.py for tasks to queue
[2025-11-22T10:27:59.022+0000] {logging_mixin.py:120} INFO - [2025-11-22T10:27:59.022+0000] {dagbag.py:537} INFO - Filling up the DagBag from /home/airflow/.local/lib/python3.7/site-packages/airflow/example_dags/example_sla_dag.py
[2025-11-22T10:27:59.059+0000] {processor.py:766} INFO - DAG(s) dict_keys(['example_sla_dag']) retrieved from /home/airflow/.local/lib/python3.7/site-packages/airflow/example_dags/example_sla_dag.py
[2025-11-22T10:27:59.133+0000] {logging_mixin.py:120} INFO - [2025-11-22T10:27:59.132+0000] {dag.py:2585} INFO - Sync 1 DAGs
[2025-11-22T10:27:59.177+0000] {logging_mixin.py:120} INFO - [2025-11-22T10:27:59.176+0000] {dag.py:3340} INFO - Setting next_dagrun for example_sla_dag to 2025-11-22T10:24:00+00:00, run_after=2025-11-22T10:26:00+00:00
[2025-11-22T10:27:59.213+0000] {processor.py:176} INFO - Processing /home/airflow/.local/lib/python3.7/site-packages/airflow/example_dags/example_sla_dag.py took 0.201 seconds
[2025-11-22T10:28:29.866+0000] {processor.py:154} INFO - Started process (PID=6040) to work on /home/airflow/.local/lib/python3.7/site-packages/airflow/example_dags/example_sla_dag.py
[2025-11-22T10:28:29.868+0000] {processor.py:756} INFO - Processing file /home/airflow/.local/lib/python3.7/site-packages/airflow/example_dags/example_sla_dag.py for tasks to queue
[2025-11-22T10:28:29.870+0000] {logging_mixin.py:120} INFO - [2025-11-22T10:28:29.869+0000] {dagbag.py:537} INFO - Filling up the DagBag from /home/airflow/.local/lib/python3.7/site-packages/airflow/example_dags/example_sla_dag.py
[2025-11-22T10:28:29.906+0000] {processor.py:766} INFO - DAG(s) dict_keys(['example_sla_dag']) retrieved from /home/airflow/.local/lib/python3.7/site-packages/airflow/example_dags/example_sla_dag.py
[2025-11-22T10:28:29.973+0000] {logging_mixin.py:120} INFO - [2025-11-22T10:28:29.973+0000] {dag.py:2585} INFO - Sync 1 DAGs
[2025-11-22T10:28:30.023+0000] {logging_mixin.py:120} INFO - [2025-11-22T10:28:30.023+0000] {dag.py:3340} INFO - Setting next_dagrun for example_sla_dag to 2025-11-22T10:26:00+00:00, run_after=2025-11-22T10:28:00+00:00
[2025-11-22T10:28:30.064+0000] {processor.py:176} INFO - Processing /home/airflow/.local/lib/python3.7/site-packages/airflow/example_dags/example_sla_dag.py took 0.203 seconds
[2025-11-22T10:29:00.278+0000] {processor.py:154} INFO - Started process (PID=6104) to work on /home/airflow/.local/lib/python3.7/site-packages/airflow/example_dags/example_sla_dag.py
[2025-11-22T10:29:00.285+0000] {processor.py:756} INFO - Processing file /home/airflow/.local/lib/python3.7/site-packages/airflow/example_dags/example_sla_dag.py for tasks to queue
[2025-11-22T10:29:00.287+0000] {logging_mixin.py:120} INFO - [2025-11-22T10:29:00.287+0000] {dagbag.py:537} INFO - Filling up the DagBag from /home/airflow/.local/lib/python3.7/site-packages/airflow/example_dags/example_sla_dag.py
[2025-11-22T10:29:00.336+0000] {processor.py:766} INFO - DAG(s) dict_keys(['example_sla_dag']) retrieved from /home/airflow/.local/lib/python3.7/site-packages/airflow/example_dags/example_sla_dag.py
[2025-11-22T10:29:00.395+0000] {logging_mixin.py:120} INFO - [2025-11-22T10:29:00.394+0000] {dag.py:2585} INFO - Sync 1 DAGs
[2025-11-22T10:29:00.449+0000] {logging_mixin.py:120} INFO - [2025-11-22T10:29:00.449+0000] {dag.py:3340} INFO - Setting next_dagrun for example_sla_dag to 2025-11-22T10:26:00+00:00, run_after=2025-11-22T10:28:00+00:00
[2025-11-22T10:29:00.495+0000] {processor.py:176} INFO - Processing /home/airflow/.local/lib/python3.7/site-packages/airflow/example_dags/example_sla_dag.py took 0.228 seconds
[2025-11-22T10:29:31.326+0000] {processor.py:154} INFO - Started process (PID=6158) to work on /home/airflow/.local/lib/python3.7/site-packages/airflow/example_dags/example_sla_dag.py
[2025-11-22T10:29:31.328+0000] {processor.py:756} INFO - Processing file /home/airflow/.local/lib/python3.7/site-packages/airflow/example_dags/example_sla_dag.py for tasks to queue
[2025-11-22T10:29:31.330+0000] {logging_mixin.py:120} INFO - [2025-11-22T10:29:31.330+0000] {dagbag.py:537} INFO - Filling up the DagBag from /home/airflow/.local/lib/python3.7/site-packages/airflow/example_dags/example_sla_dag.py
[2025-11-22T10:29:31.371+0000] {processor.py:766} INFO - DAG(s) dict_keys(['example_sla_dag']) retrieved from /home/airflow/.local/lib/python3.7/site-packages/airflow/example_dags/example_sla_dag.py
[2025-11-22T10:29:31.438+0000] {logging_mixin.py:120} INFO - [2025-11-22T10:29:31.438+0000] {dag.py:2585} INFO - Sync 1 DAGs
[2025-11-22T10:29:31.479+0000] {logging_mixin.py:120} INFO - [2025-11-22T10:29:31.479+0000] {dag.py:3340} INFO - Setting next_dagrun for example_sla_dag to 2025-11-22T10:26:00+00:00, run_after=2025-11-22T10:28:00+00:00
[2025-11-22T10:29:31.515+0000] {processor.py:176} INFO - Processing /home/airflow/.local/lib/python3.7/site-packages/airflow/example_dags/example_sla_dag.py took 0.195 seconds
[2025-11-22T10:30:02.100+0000] {processor.py:154} INFO - Started process (PID=6222) to work on /home/airflow/.local/lib/python3.7/site-packages/airflow/example_dags/example_sla_dag.py
[2025-11-22T10:30:02.101+0000] {processor.py:756} INFO - Processing file /home/airflow/.local/lib/python3.7/site-packages/airflow/example_dags/example_sla_dag.py for tasks to queue
[2025-11-22T10:30:02.103+0000] {logging_mixin.py:120} INFO - [2025-11-22T10:30:02.102+0000] {dagbag.py:537} INFO - Filling up the DagBag from /home/airflow/.local/lib/python3.7/site-packages/airflow/example_dags/example_sla_dag.py
[2025-11-22T10:30:02.138+0000] {processor.py:766} INFO - DAG(s) dict_keys(['example_sla_dag']) retrieved from /home/airflow/.local/lib/python3.7/site-packages/airflow/example_dags/example_sla_dag.py
[2025-11-22T10:30:02.204+0000] {logging_mixin.py:120} INFO - [2025-11-22T10:30:02.203+0000] {dag.py:2585} INFO - Sync 1 DAGs
[2025-11-22T10:30:02.247+0000] {logging_mixin.py:120} INFO - [2025-11-22T10:30:02.247+0000] {dag.py:3340} INFO - Setting next_dagrun for example_sla_dag to 2025-11-22T10:28:00+00:00, run_after=2025-11-22T10:30:00+00:00
[2025-11-22T10:30:02.284+0000] {processor.py:176} INFO - Processing /home/airflow/.local/lib/python3.7/site-packages/airflow/example_dags/example_sla_dag.py took 0.189 seconds
[2025-11-22T10:30:33.225+0000] {processor.py:154} INFO - Started process (PID=6287) to work on /home/airflow/.local/lib/python3.7/site-packages/airflow/example_dags/example_sla_dag.py
[2025-11-22T10:30:33.227+0000] {processor.py:756} INFO - Processing file /home/airflow/.local/lib/python3.7/site-packages/airflow/example_dags/example_sla_dag.py for tasks to queue
[2025-11-22T10:30:33.229+0000] {logging_mixin.py:120} INFO - [2025-11-22T10:30:33.229+0000] {dagbag.py:537} INFO - Filling up the DagBag from /home/airflow/.local/lib/python3.7/site-packages/airflow/example_dags/example_sla_dag.py
[2025-11-22T10:30:33.296+0000] {processor.py:766} INFO - DAG(s) dict_keys(['example_sla_dag']) retrieved from /home/airflow/.local/lib/python3.7/site-packages/airflow/example_dags/example_sla_dag.py
[2025-11-22T10:30:33.368+0000] {logging_mixin.py:120} INFO - [2025-11-22T10:30:33.368+0000] {dag.py:2585} INFO - Sync 1 DAGs
[2025-11-22T10:30:33.427+0000] {logging_mixin.py:120} INFO - [2025-11-22T10:30:33.426+0000] {dag.py:3340} INFO - Setting next_dagrun for example_sla_dag to 2025-11-22T10:28:00+00:00, run_after=2025-11-22T10:30:00+00:00
[2025-11-22T10:30:33.466+0000] {processor.py:176} INFO - Processing /home/airflow/.local/lib/python3.7/site-packages/airflow/example_dags/example_sla_dag.py took 0.252 seconds
[2025-11-22T10:31:03.803+0000] {processor.py:154} INFO - Started process (PID=6342) to work on /home/airflow/.local/lib/python3.7/site-packages/airflow/example_dags/example_sla_dag.py
[2025-11-22T10:31:03.805+0000] {processor.py:756} INFO - Processing file /home/airflow/.local/lib/python3.7/site-packages/airflow/example_dags/example_sla_dag.py for tasks to queue
[2025-11-22T10:31:03.807+0000] {logging_mixin.py:120} INFO - [2025-11-22T10:31:03.807+0000] {dagbag.py:537} INFO - Filling up the DagBag from /home/airflow/.local/lib/python3.7/site-packages/airflow/example_dags/example_sla_dag.py
[2025-11-22T10:31:03.885+0000] {processor.py:766} INFO - DAG(s) dict_keys(['example_sla_dag']) retrieved from /home/airflow/.local/lib/python3.7/site-packages/airflow/example_dags/example_sla_dag.py
[2025-11-22T10:31:03.980+0000] {logging_mixin.py:120} INFO - [2025-11-22T10:31:03.980+0000] {dag.py:2585} INFO - Sync 1 DAGs
[2025-11-22T10:31:04.048+0000] {logging_mixin.py:120} INFO - [2025-11-22T10:31:04.047+0000] {dag.py:3340} INFO - Setting next_dagrun for example_sla_dag to 2025-11-22T10:28:00+00:00, run_after=2025-11-22T10:30:00+00:00
[2025-11-22T10:31:04.096+0000] {processor.py:176} INFO - Processing /home/airflow/.local/lib/python3.7/site-packages/airflow/example_dags/example_sla_dag.py took 0.300 seconds
[2025-11-22T10:31:34.336+0000] {processor.py:154} INFO - Started process (PID=6406) to work on /home/airflow/.local/lib/python3.7/site-packages/airflow/example_dags/example_sla_dag.py
[2025-11-22T10:31:34.337+0000] {processor.py:756} INFO - Processing file /home/airflow/.local/lib/python3.7/site-packages/airflow/example_dags/example_sla_dag.py for tasks to queue
[2025-11-22T10:31:34.339+0000] {logging_mixin.py:120} INFO - [2025-11-22T10:31:34.339+0000] {dagbag.py:537} INFO - Filling up the DagBag from /home/airflow/.local/lib/python3.7/site-packages/airflow/example_dags/example_sla_dag.py
[2025-11-22T10:31:34.381+0000] {processor.py:766} INFO - DAG(s) dict_keys(['example_sla_dag']) retrieved from /home/airflow/.local/lib/python3.7/site-packages/airflow/example_dags/example_sla_dag.py
[2025-11-22T10:31:34.449+0000] {logging_mixin.py:120} INFO - [2025-11-22T10:31:34.449+0000] {dag.py:2585} INFO - Sync 1 DAGs
[2025-11-22T10:31:34.495+0000] {logging_mixin.py:120} INFO - [2025-11-22T10:31:34.494+0000] {dag.py:3340} INFO - Setting next_dagrun for example_sla_dag to 2025-11-22T10:28:00+00:00, run_after=2025-11-22T10:30:00+00:00
[2025-11-22T10:31:34.538+0000] {processor.py:176} INFO - Processing /home/airflow/.local/lib/python3.7/site-packages/airflow/example_dags/example_sla_dag.py took 0.207 seconds
[2025-11-22T10:32:05.078+0000] {processor.py:154} INFO - Started process (PID=6460) to work on /home/airflow/.local/lib/python3.7/site-packages/airflow/example_dags/example_sla_dag.py
[2025-11-22T10:32:05.080+0000] {processor.py:756} INFO - Processing file /home/airflow/.local/lib/python3.7/site-packages/airflow/example_dags/example_sla_dag.py for tasks to queue
[2025-11-22T10:32:05.083+0000] {logging_mixin.py:120} INFO - [2025-11-22T10:32:05.083+0000] {dagbag.py:537} INFO - Filling up the DagBag from /home/airflow/.local/lib/python3.7/site-packages/airflow/example_dags/example_sla_dag.py
[2025-11-22T10:32:05.135+0000] {processor.py:766} INFO - DAG(s) dict_keys(['example_sla_dag']) retrieved from /home/airflow/.local/lib/python3.7/site-packages/airflow/example_dags/example_sla_dag.py
[2025-11-22T10:32:05.235+0000] {logging_mixin.py:120} INFO - [2025-11-22T10:32:05.234+0000] {dag.py:2585} INFO - Sync 1 DAGs
[2025-11-22T10:32:05.300+0000] {logging_mixin.py:120} INFO - [2025-11-22T10:32:05.300+0000] {dag.py:3340} INFO - Setting next_dagrun for example_sla_dag to 2025-11-22T10:30:00+00:00, run_after=2025-11-22T10:32:00+00:00
[2025-11-22T10:32:05.385+0000] {processor.py:176} INFO - Processing /home/airflow/.local/lib/python3.7/site-packages/airflow/example_dags/example_sla_dag.py took 0.312 seconds
[2025-11-22T10:32:36.266+0000] {processor.py:154} INFO - Started process (PID=6525) to work on /home/airflow/.local/lib/python3.7/site-packages/airflow/example_dags/example_sla_dag.py
[2025-11-22T10:32:36.268+0000] {processor.py:756} INFO - Processing file /home/airflow/.local/lib/python3.7/site-packages/airflow/example_dags/example_sla_dag.py for tasks to queue
[2025-11-22T10:32:36.270+0000] {logging_mixin.py:120} INFO - [2025-11-22T10:32:36.269+0000] {dagbag.py:537} INFO - Filling up the DagBag from /home/airflow/.local/lib/python3.7/site-packages/airflow/example_dags/example_sla_dag.py
[2025-11-22T10:32:36.307+0000] {processor.py:766} INFO - DAG(s) dict_keys(['example_sla_dag']) retrieved from /home/airflow/.local/lib/python3.7/site-packages/airflow/example_dags/example_sla_dag.py
[2025-11-22T10:32:36.378+0000] {logging_mixin.py:120} INFO - [2025-11-22T10:32:36.377+0000] {dag.py:2585} INFO - Sync 1 DAGs
[2025-11-22T10:32:36.425+0000] {logging_mixin.py:120} INFO - [2025-11-22T10:32:36.425+0000] {dag.py:3340} INFO - Setting next_dagrun for example_sla_dag to 2025-11-22T10:30:00+00:00, run_after=2025-11-22T10:32:00+00:00
[2025-11-22T10:32:36.468+0000] {processor.py:176} INFO - Processing /home/airflow/.local/lib/python3.7/site-packages/airflow/example_dags/example_sla_dag.py took 0.207 seconds
[2025-11-22T10:33:07.197+0000] {processor.py:154} INFO - Started process (PID=6580) to work on /home/airflow/.local/lib/python3.7/site-packages/airflow/example_dags/example_sla_dag.py
[2025-11-22T10:33:07.199+0000] {processor.py:756} INFO - Processing file /home/airflow/.local/lib/python3.7/site-packages/airflow/example_dags/example_sla_dag.py for tasks to queue
[2025-11-22T10:33:07.201+0000] {logging_mixin.py:120} INFO - [2025-11-22T10:33:07.201+0000] {dagbag.py:537} INFO - Filling up the DagBag from /home/airflow/.local/lib/python3.7/site-packages/airflow/example_dags/example_sla_dag.py
[2025-11-22T10:33:07.289+0000] {processor.py:766} INFO - DAG(s) dict_keys(['example_sla_dag']) retrieved from /home/airflow/.local/lib/python3.7/site-packages/airflow/example_dags/example_sla_dag.py
[2025-11-22T10:33:07.421+0000] {logging_mixin.py:120} INFO - [2025-11-22T10:33:07.420+0000] {dag.py:2585} INFO - Sync 1 DAGs
[2025-11-22T10:33:07.490+0000] {logging_mixin.py:120} INFO - [2025-11-22T10:33:07.489+0000] {dag.py:3340} INFO - Setting next_dagrun for example_sla_dag to 2025-11-22T10:30:00+00:00, run_after=2025-11-22T10:32:00+00:00
[2025-11-22T10:33:07.579+0000] {processor.py:176} INFO - Processing /home/airflow/.local/lib/python3.7/site-packages/airflow/example_dags/example_sla_dag.py took 0.388 seconds
[2025-11-22T10:33:37.658+0000] {processor.py:154} INFO - Started process (PID=6644) to work on /home/airflow/.local/lib/python3.7/site-packages/airflow/example_dags/example_sla_dag.py
[2025-11-22T10:33:37.659+0000] {processor.py:756} INFO - Processing file /home/airflow/.local/lib/python3.7/site-packages/airflow/example_dags/example_sla_dag.py for tasks to queue
[2025-11-22T10:33:37.660+0000] {logging_mixin.py:120} INFO - [2025-11-22T10:33:37.660+0000] {dagbag.py:537} INFO - Filling up the DagBag from /home/airflow/.local/lib/python3.7/site-packages/airflow/example_dags/example_sla_dag.py
[2025-11-22T10:33:37.703+0000] {processor.py:766} INFO - DAG(s) dict_keys(['example_sla_dag']) retrieved from /home/airflow/.local/lib/python3.7/site-packages/airflow/example_dags/example_sla_dag.py
[2025-11-22T10:33:37.774+0000] {logging_mixin.py:120} INFO - [2025-11-22T10:33:37.773+0000] {dag.py:2585} INFO - Sync 1 DAGs
[2025-11-22T10:33:37.817+0000] {logging_mixin.py:120} INFO - [2025-11-22T10:33:37.817+0000] {dag.py:3340} INFO - Setting next_dagrun for example_sla_dag to 2025-11-22T10:30:00+00:00, run_after=2025-11-22T10:32:00+00:00
[2025-11-22T10:33:37.854+0000] {processor.py:176} INFO - Processing /home/airflow/.local/lib/python3.7/site-packages/airflow/example_dags/example_sla_dag.py took 0.201 seconds
[2025-11-22T10:34:08.326+0000] {processor.py:154} INFO - Started process (PID=6699) to work on /home/airflow/.local/lib/python3.7/site-packages/airflow/example_dags/example_sla_dag.py
[2025-11-22T10:34:08.329+0000] {processor.py:756} INFO - Processing file /home/airflow/.local/lib/python3.7/site-packages/airflow/example_dags/example_sla_dag.py for tasks to queue
[2025-11-22T10:34:08.331+0000] {logging_mixin.py:120} INFO - [2025-11-22T10:34:08.331+0000] {dagbag.py:537} INFO - Filling up the DagBag from /home/airflow/.local/lib/python3.7/site-packages/airflow/example_dags/example_sla_dag.py
[2025-11-22T10:34:08.389+0000] {processor.py:766} INFO - DAG(s) dict_keys(['example_sla_dag']) retrieved from /home/airflow/.local/lib/python3.7/site-packages/airflow/example_dags/example_sla_dag.py
[2025-11-22T10:34:08.456+0000] {logging_mixin.py:120} INFO - [2025-11-22T10:34:08.456+0000] {dag.py:2585} INFO - Sync 1 DAGs
[2025-11-22T10:34:08.504+0000] {logging_mixin.py:120} INFO - [2025-11-22T10:34:08.503+0000] {dag.py:3340} INFO - Setting next_dagrun for example_sla_dag to 2025-11-22T10:32:00+00:00, run_after=2025-11-22T10:34:00+00:00
[2025-11-22T10:34:08.546+0000] {processor.py:176} INFO - Processing /home/airflow/.local/lib/python3.7/site-packages/airflow/example_dags/example_sla_dag.py took 0.228 seconds
[2025-11-22T10:34:39.123+0000] {processor.py:154} INFO - Started process (PID=6763) to work on /home/airflow/.local/lib/python3.7/site-packages/airflow/example_dags/example_sla_dag.py
[2025-11-22T10:34:39.125+0000] {processor.py:756} INFO - Processing file /home/airflow/.local/lib/python3.7/site-packages/airflow/example_dags/example_sla_dag.py for tasks to queue
[2025-11-22T10:34:39.127+0000] {logging_mixin.py:120} INFO - [2025-11-22T10:34:39.126+0000] {dagbag.py:537} INFO - Filling up the DagBag from /home/airflow/.local/lib/python3.7/site-packages/airflow/example_dags/example_sla_dag.py
[2025-11-22T10:34:39.166+0000] {processor.py:766} INFO - DAG(s) dict_keys(['example_sla_dag']) retrieved from /home/airflow/.local/lib/python3.7/site-packages/airflow/example_dags/example_sla_dag.py
[2025-11-22T10:34:39.230+0000] {logging_mixin.py:120} INFO - [2025-11-22T10:34:39.230+0000] {dag.py:2585} INFO - Sync 1 DAGs
[2025-11-22T10:34:39.277+0000] {logging_mixin.py:120} INFO - [2025-11-22T10:34:39.276+0000] {dag.py:3340} INFO - Setting next_dagrun for example_sla_dag to 2025-11-22T10:32:00+00:00, run_after=2025-11-22T10:34:00+00:00
[2025-11-22T10:34:39.312+0000] {processor.py:176} INFO - Processing /home/airflow/.local/lib/python3.7/site-packages/airflow/example_dags/example_sla_dag.py took 0.194 seconds
[2025-11-22T10:35:10.042+0000] {processor.py:154} INFO - Started process (PID=6827) to work on /home/airflow/.local/lib/python3.7/site-packages/airflow/example_dags/example_sla_dag.py
[2025-11-22T10:35:10.044+0000] {processor.py:756} INFO - Processing file /home/airflow/.local/lib/python3.7/site-packages/airflow/example_dags/example_sla_dag.py for tasks to queue
[2025-11-22T10:35:10.046+0000] {logging_mixin.py:120} INFO - [2025-11-22T10:35:10.045+0000] {dagbag.py:537} INFO - Filling up the DagBag from /home/airflow/.local/lib/python3.7/site-packages/airflow/example_dags/example_sla_dag.py
[2025-11-22T10:35:10.099+0000] {processor.py:766} INFO - DAG(s) dict_keys(['example_sla_dag']) retrieved from /home/airflow/.local/lib/python3.7/site-packages/airflow/example_dags/example_sla_dag.py
[2025-11-22T10:35:10.182+0000] {logging_mixin.py:120} INFO - [2025-11-22T10:35:10.182+0000] {dag.py:2585} INFO - Sync 1 DAGs
[2025-11-22T10:35:10.229+0000] {logging_mixin.py:120} INFO - [2025-11-22T10:35:10.229+0000] {dag.py:3340} INFO - Setting next_dagrun for example_sla_dag to 2025-11-22T10:32:00+00:00, run_after=2025-11-22T10:34:00+00:00
[2025-11-22T10:35:10.264+0000] {processor.py:176} INFO - Processing /home/airflow/.local/lib/python3.7/site-packages/airflow/example_dags/example_sla_dag.py took 0.228 seconds
[2025-11-22T10:35:40.735+0000] {processor.py:154} INFO - Started process (PID=6880) to work on /home/airflow/.local/lib/python3.7/site-packages/airflow/example_dags/example_sla_dag.py
[2025-11-22T10:35:40.737+0000] {processor.py:756} INFO - Processing file /home/airflow/.local/lib/python3.7/site-packages/airflow/example_dags/example_sla_dag.py for tasks to queue
[2025-11-22T10:35:40.739+0000] {logging_mixin.py:120} INFO - [2025-11-22T10:35:40.739+0000] {dagbag.py:537} INFO - Filling up the DagBag from /home/airflow/.local/lib/python3.7/site-packages/airflow/example_dags/example_sla_dag.py
[2025-11-22T10:35:40.768+0000] {processor.py:766} INFO - DAG(s) dict_keys(['example_sla_dag']) retrieved from /home/airflow/.local/lib/python3.7/site-packages/airflow/example_dags/example_sla_dag.py
[2025-11-22T10:35:40.818+0000] {logging_mixin.py:120} INFO - [2025-11-22T10:35:40.818+0000] {dag.py:2585} INFO - Sync 1 DAGs
[2025-11-22T10:35:40.849+0000] {logging_mixin.py:120} INFO - [2025-11-22T10:35:40.849+0000] {dag.py:3340} INFO - Setting next_dagrun for example_sla_dag to 2025-11-22T10:32:00+00:00, run_after=2025-11-22T10:34:00+00:00
[2025-11-22T10:35:40.871+0000] {processor.py:176} INFO - Processing /home/airflow/.local/lib/python3.7/site-packages/airflow/example_dags/example_sla_dag.py took 0.144 seconds
[2025-11-22T10:36:11.338+0000] {processor.py:154} INFO - Started process (PID=6945) to work on /home/airflow/.local/lib/python3.7/site-packages/airflow/example_dags/example_sla_dag.py
[2025-11-22T10:36:11.340+0000] {processor.py:756} INFO - Processing file /home/airflow/.local/lib/python3.7/site-packages/airflow/example_dags/example_sla_dag.py for tasks to queue
[2025-11-22T10:36:11.343+0000] {logging_mixin.py:120} INFO - [2025-11-22T10:36:11.342+0000] {dagbag.py:537} INFO - Filling up the DagBag from /home/airflow/.local/lib/python3.7/site-packages/airflow/example_dags/example_sla_dag.py
[2025-11-22T10:36:11.394+0000] {processor.py:766} INFO - DAG(s) dict_keys(['example_sla_dag']) retrieved from /home/airflow/.local/lib/python3.7/site-packages/airflow/example_dags/example_sla_dag.py
[2025-11-22T10:36:11.482+0000] {logging_mixin.py:120} INFO - [2025-11-22T10:36:11.482+0000] {dag.py:2585} INFO - Sync 1 DAGs
[2025-11-22T10:36:11.553+0000] {logging_mixin.py:120} INFO - [2025-11-22T10:36:11.553+0000] {dag.py:3340} INFO - Setting next_dagrun for example_sla_dag to 2025-11-22T10:34:00+00:00, run_after=2025-11-22T10:36:00+00:00
[2025-11-22T10:36:11.602+0000] {processor.py:176} INFO - Processing /home/airflow/.local/lib/python3.7/site-packages/airflow/example_dags/example_sla_dag.py took 0.279 seconds
[2025-11-22T10:36:42.081+0000] {processor.py:154} INFO - Started process (PID=7009) to work on /home/airflow/.local/lib/python3.7/site-packages/airflow/example_dags/example_sla_dag.py
[2025-11-22T10:36:42.082+0000] {processor.py:756} INFO - Processing file /home/airflow/.local/lib/python3.7/site-packages/airflow/example_dags/example_sla_dag.py for tasks to queue
[2025-11-22T10:36:42.084+0000] {logging_mixin.py:120} INFO - [2025-11-22T10:36:42.084+0000] {dagbag.py:537} INFO - Filling up the DagBag from /home/airflow/.local/lib/python3.7/site-packages/airflow/example_dags/example_sla_dag.py
[2025-11-22T10:36:42.125+0000] {processor.py:766} INFO - DAG(s) dict_keys(['example_sla_dag']) retrieved from /home/airflow/.local/lib/python3.7/site-packages/airflow/example_dags/example_sla_dag.py
[2025-11-22T10:36:42.201+0000] {logging_mixin.py:120} INFO - [2025-11-22T10:36:42.201+0000] {dag.py:2585} INFO - Sync 1 DAGs
[2025-11-22T10:36:42.255+0000] {logging_mixin.py:120} INFO - [2025-11-22T10:36:42.254+0000] {dag.py:3340} INFO - Setting next_dagrun for example_sla_dag to 2025-11-22T10:34:00+00:00, run_after=2025-11-22T10:36:00+00:00
[2025-11-22T10:36:42.299+0000] {processor.py:176} INFO - Processing /home/airflow/.local/lib/python3.7/site-packages/airflow/example_dags/example_sla_dag.py took 0.224 seconds
[2025-11-22T10:44:25.311+0000] {processor.py:154} INFO - Started process (PID=7071) to work on /home/airflow/.local/lib/python3.7/site-packages/airflow/example_dags/example_sla_dag.py
[2025-11-22T10:44:25.381+0000] {processor.py:756} INFO - Processing file /home/airflow/.local/lib/python3.7/site-packages/airflow/example_dags/example_sla_dag.py for tasks to queue
[2025-11-22T10:44:25.458+0000] {logging_mixin.py:120} INFO - [2025-11-22T10:44:25.457+0000] {dagbag.py:537} INFO - Filling up the DagBag from /home/airflow/.local/lib/python3.7/site-packages/airflow/example_dags/example_sla_dag.py
[2025-11-22T10:44:27.411+0000] {processor.py:766} INFO - DAG(s) dict_keys(['example_sla_dag']) retrieved from /home/airflow/.local/lib/python3.7/site-packages/airflow/example_dags/example_sla_dag.py
[2025-11-22T10:44:29.361+0000] {logging_mixin.py:120} INFO - [2025-11-22T10:44:29.360+0000] {dag.py:2585} INFO - Sync 1 DAGs
[2025-11-22T10:44:30.468+0000] {logging_mixin.py:120} INFO - [2025-11-22T10:44:30.468+0000] {dag.py:3340} INFO - Setting next_dagrun for example_sla_dag to 2025-11-22T10:42:00+00:00, run_after=2025-11-22T10:44:00+00:00
[2025-11-22T10:44:31.002+0000] {processor.py:176} INFO - Processing /home/airflow/.local/lib/python3.7/site-packages/airflow/example_dags/example_sla_dag.py took 5.880 seconds
[2025-11-22T10:45:01.404+0000] {processor.py:154} INFO - Started process (PID=7129) to work on /home/airflow/.local/lib/python3.7/site-packages/airflow/example_dags/example_sla_dag.py
[2025-11-22T10:45:01.405+0000] {processor.py:756} INFO - Processing file /home/airflow/.local/lib/python3.7/site-packages/airflow/example_dags/example_sla_dag.py for tasks to queue
[2025-11-22T10:45:01.407+0000] {logging_mixin.py:120} INFO - [2025-11-22T10:45:01.407+0000] {dagbag.py:537} INFO - Filling up the DagBag from /home/airflow/.local/lib/python3.7/site-packages/airflow/example_dags/example_sla_dag.py
[2025-11-22T10:45:01.528+0000] {processor.py:766} INFO - DAG(s) dict_keys(['example_sla_dag']) retrieved from /home/airflow/.local/lib/python3.7/site-packages/airflow/example_dags/example_sla_dag.py
[2025-11-22T10:45:01.597+0000] {logging_mixin.py:120} INFO - [2025-11-22T10:45:01.597+0000] {dag.py:2585} INFO - Sync 1 DAGs
[2025-11-22T10:45:01.637+0000] {logging_mixin.py:120} INFO - [2025-11-22T10:45:01.637+0000] {dag.py:3340} INFO - Setting next_dagrun for example_sla_dag to 2025-11-22T10:42:00+00:00, run_after=2025-11-22T10:44:00+00:00
[2025-11-22T10:45:01.667+0000] {processor.py:176} INFO - Processing /home/airflow/.local/lib/python3.7/site-packages/airflow/example_dags/example_sla_dag.py took 0.269 seconds
[2025-11-22T10:45:32.551+0000] {processor.py:154} INFO - Started process (PID=7184) to work on /home/airflow/.local/lib/python3.7/site-packages/airflow/example_dags/example_sla_dag.py
[2025-11-22T10:45:32.554+0000] {processor.py:756} INFO - Processing file /home/airflow/.local/lib/python3.7/site-packages/airflow/example_dags/example_sla_dag.py for tasks to queue
[2025-11-22T10:45:32.555+0000] {logging_mixin.py:120} INFO - [2025-11-22T10:45:32.555+0000] {dagbag.py:537} INFO - Filling up the DagBag from /home/airflow/.local/lib/python3.7/site-packages/airflow/example_dags/example_sla_dag.py
[2025-11-22T10:45:32.596+0000] {processor.py:766} INFO - DAG(s) dict_keys(['example_sla_dag']) retrieved from /home/airflow/.local/lib/python3.7/site-packages/airflow/example_dags/example_sla_dag.py
[2025-11-22T10:45:32.658+0000] {logging_mixin.py:120} INFO - [2025-11-22T10:45:32.658+0000] {dag.py:2585} INFO - Sync 1 DAGs
[2025-11-22T10:45:32.708+0000] {logging_mixin.py:120} INFO - [2025-11-22T10:45:32.708+0000] {dag.py:3340} INFO - Setting next_dagrun for example_sla_dag to 2025-11-22T10:42:00+00:00, run_after=2025-11-22T10:44:00+00:00
[2025-11-22T10:45:32.748+0000] {processor.py:176} INFO - Processing /home/airflow/.local/lib/python3.7/site-packages/airflow/example_dags/example_sla_dag.py took 0.203 seconds
[2025-11-22T10:46:02.830+0000] {processor.py:154} INFO - Started process (PID=7238) to work on /home/airflow/.local/lib/python3.7/site-packages/airflow/example_dags/example_sla_dag.py
[2025-11-22T10:46:02.831+0000] {processor.py:756} INFO - Processing file /home/airflow/.local/lib/python3.7/site-packages/airflow/example_dags/example_sla_dag.py for tasks to queue
[2025-11-22T10:46:02.833+0000] {logging_mixin.py:120} INFO - [2025-11-22T10:46:02.833+0000] {dagbag.py:537} INFO - Filling up the DagBag from /home/airflow/.local/lib/python3.7/site-packages/airflow/example_dags/example_sla_dag.py
[2025-11-22T10:46:02.878+0000] {processor.py:766} INFO - DAG(s) dict_keys(['example_sla_dag']) retrieved from /home/airflow/.local/lib/python3.7/site-packages/airflow/example_dags/example_sla_dag.py
[2025-11-22T10:46:02.944+0000] {logging_mixin.py:120} INFO - [2025-11-22T10:46:02.944+0000] {dag.py:2585} INFO - Sync 1 DAGs
[2025-11-22T10:46:02.978+0000] {logging_mixin.py:120} INFO - [2025-11-22T10:46:02.977+0000] {dag.py:3340} INFO - Setting next_dagrun for example_sla_dag to 2025-11-22T10:44:00+00:00, run_after=2025-11-22T10:46:00+00:00
[2025-11-22T10:46:03.011+0000] {processor.py:176} INFO - Processing /home/airflow/.local/lib/python3.7/site-packages/airflow/example_dags/example_sla_dag.py took 0.185 seconds
[2025-11-22T10:46:33.616+0000] {processor.py:154} INFO - Started process (PID=7292) to work on /home/airflow/.local/lib/python3.7/site-packages/airflow/example_dags/example_sla_dag.py
[2025-11-22T10:46:33.632+0000] {processor.py:756} INFO - Processing file /home/airflow/.local/lib/python3.7/site-packages/airflow/example_dags/example_sla_dag.py for tasks to queue
[2025-11-22T10:46:33.665+0000] {logging_mixin.py:120} INFO - [2025-11-22T10:46:33.665+0000] {dagbag.py:537} INFO - Filling up the DagBag from /home/airflow/.local/lib/python3.7/site-packages/airflow/example_dags/example_sla_dag.py
[2025-11-22T10:46:33.847+0000] {processor.py:766} INFO - DAG(s) dict_keys(['example_sla_dag']) retrieved from /home/airflow/.local/lib/python3.7/site-packages/airflow/example_dags/example_sla_dag.py
[2025-11-22T10:46:34.223+0000] {logging_mixin.py:120} INFO - [2025-11-22T10:46:34.212+0000] {dag.py:2585} INFO - Sync 1 DAGs
[2025-11-22T10:46:34.424+0000] {logging_mixin.py:120} INFO - [2025-11-22T10:46:34.424+0000] {dag.py:3340} INFO - Setting next_dagrun for example_sla_dag to 2025-11-22T10:44:00+00:00, run_after=2025-11-22T10:46:00+00:00
[2025-11-22T10:46:34.607+0000] {processor.py:176} INFO - Processing /home/airflow/.local/lib/python3.7/site-packages/airflow/example_dags/example_sla_dag.py took 1.008 seconds
[2025-11-22T10:47:05.029+0000] {processor.py:154} INFO - Started process (PID=7356) to work on /home/airflow/.local/lib/python3.7/site-packages/airflow/example_dags/example_sla_dag.py
[2025-11-22T10:47:05.031+0000] {processor.py:756} INFO - Processing file /home/airflow/.local/lib/python3.7/site-packages/airflow/example_dags/example_sla_dag.py for tasks to queue
[2025-11-22T10:47:05.042+0000] {logging_mixin.py:120} INFO - [2025-11-22T10:47:05.042+0000] {dagbag.py:537} INFO - Filling up the DagBag from /home/airflow/.local/lib/python3.7/site-packages/airflow/example_dags/example_sla_dag.py
[2025-11-22T10:47:05.123+0000] {processor.py:766} INFO - DAG(s) dict_keys(['example_sla_dag']) retrieved from /home/airflow/.local/lib/python3.7/site-packages/airflow/example_dags/example_sla_dag.py
[2025-11-22T10:47:05.228+0000] {logging_mixin.py:120} INFO - [2025-11-22T10:47:05.228+0000] {dag.py:2585} INFO - Sync 1 DAGs
[2025-11-22T10:47:05.329+0000] {logging_mixin.py:120} INFO - [2025-11-22T10:47:05.329+0000] {dag.py:3340} INFO - Setting next_dagrun for example_sla_dag to 2025-11-22T10:44:00+00:00, run_after=2025-11-22T10:46:00+00:00
[2025-11-22T10:47:05.418+0000] {processor.py:176} INFO - Processing /home/airflow/.local/lib/python3.7/site-packages/airflow/example_dags/example_sla_dag.py took 0.395 seconds
[2025-11-22T10:47:35.764+0000] {processor.py:154} INFO - Started process (PID=7411) to work on /home/airflow/.local/lib/python3.7/site-packages/airflow/example_dags/example_sla_dag.py
[2025-11-22T10:47:35.774+0000] {processor.py:756} INFO - Processing file /home/airflow/.local/lib/python3.7/site-packages/airflow/example_dags/example_sla_dag.py for tasks to queue
[2025-11-22T10:47:35.783+0000] {logging_mixin.py:120} INFO - [2025-11-22T10:47:35.775+0000] {dagbag.py:537} INFO - Filling up the DagBag from /home/airflow/.local/lib/python3.7/site-packages/airflow/example_dags/example_sla_dag.py
[2025-11-22T10:47:35.883+0000] {processor.py:766} INFO - DAG(s) dict_keys(['example_sla_dag']) retrieved from /home/airflow/.local/lib/python3.7/site-packages/airflow/example_dags/example_sla_dag.py
[2025-11-22T10:47:36.063+0000] {logging_mixin.py:120} INFO - [2025-11-22T10:47:36.062+0000] {dag.py:2585} INFO - Sync 1 DAGs
[2025-11-22T10:47:36.175+0000] {logging_mixin.py:120} INFO - [2025-11-22T10:47:36.175+0000] {dag.py:3340} INFO - Setting next_dagrun for example_sla_dag to 2025-11-22T10:44:00+00:00, run_after=2025-11-22T10:46:00+00:00
[2025-11-22T10:47:36.211+0000] {processor.py:176} INFO - Processing /home/airflow/.local/lib/python3.7/site-packages/airflow/example_dags/example_sla_dag.py took 0.484 seconds
[2025-11-22T10:48:06.578+0000] {processor.py:154} INFO - Started process (PID=7466) to work on /home/airflow/.local/lib/python3.7/site-packages/airflow/example_dags/example_sla_dag.py
[2025-11-22T10:48:06.579+0000] {processor.py:756} INFO - Processing file /home/airflow/.local/lib/python3.7/site-packages/airflow/example_dags/example_sla_dag.py for tasks to queue
[2025-11-22T10:48:06.581+0000] {logging_mixin.py:120} INFO - [2025-11-22T10:48:06.580+0000] {dagbag.py:537} INFO - Filling up the DagBag from /home/airflow/.local/lib/python3.7/site-packages/airflow/example_dags/example_sla_dag.py
[2025-11-22T10:48:06.630+0000] {processor.py:766} INFO - DAG(s) dict_keys(['example_sla_dag']) retrieved from /home/airflow/.local/lib/python3.7/site-packages/airflow/example_dags/example_sla_dag.py
[2025-11-22T10:48:06.704+0000] {logging_mixin.py:120} INFO - [2025-11-22T10:48:06.704+0000] {dag.py:2585} INFO - Sync 1 DAGs
[2025-11-22T10:48:06.746+0000] {logging_mixin.py:120} INFO - [2025-11-22T10:48:06.746+0000] {dag.py:3340} INFO - Setting next_dagrun for example_sla_dag to 2025-11-22T10:46:00+00:00, run_after=2025-11-22T10:48:00+00:00
[2025-11-22T10:48:06.777+0000] {processor.py:176} INFO - Processing /home/airflow/.local/lib/python3.7/site-packages/airflow/example_dags/example_sla_dag.py took 0.204 seconds
[2025-11-22T12:13:48.298+0000] {processor.py:154} INFO - Started process (PID=52) to work on /home/airflow/.local/lib/python3.7/site-packages/airflow/example_dags/example_sla_dag.py
[2025-11-22T12:13:48.311+0000] {processor.py:756} INFO - Processing file /home/airflow/.local/lib/python3.7/site-packages/airflow/example_dags/example_sla_dag.py for tasks to queue
[2025-11-22T12:13:48.314+0000] {logging_mixin.py:120} INFO - [2025-11-22T12:13:48.314+0000] {dagbag.py:537} INFO - Filling up the DagBag from /home/airflow/.local/lib/python3.7/site-packages/airflow/example_dags/example_sla_dag.py
[2025-11-22T12:13:48.516+0000] {processor.py:766} INFO - DAG(s) dict_keys(['example_sla_dag']) retrieved from /home/airflow/.local/lib/python3.7/site-packages/airflow/example_dags/example_sla_dag.py
[2025-11-22T12:13:48.992+0000] {logging_mixin.py:120} INFO - [2025-11-22T12:13:48.991+0000] {dag.py:2585} INFO - Sync 1 DAGs
[2025-11-22T12:13:49.414+0000] {logging_mixin.py:120} INFO - [2025-11-22T12:13:49.413+0000] {dag.py:3340} INFO - Setting next_dagrun for example_sla_dag to 2025-11-22T12:10:00+00:00, run_after=2025-11-22T12:12:00+00:00
[2025-11-22T12:13:49.563+0000] {processor.py:176} INFO - Processing /home/airflow/.local/lib/python3.7/site-packages/airflow/example_dags/example_sla_dag.py took 1.286 seconds
[2025-11-22T12:14:34.861+0000] {processor.py:154} INFO - Started process (PID=108) to work on /home/airflow/.local/lib/python3.7/site-packages/airflow/example_dags/example_sla_dag.py
[2025-11-22T12:14:34.869+0000] {processor.py:756} INFO - Processing file /home/airflow/.local/lib/python3.7/site-packages/airflow/example_dags/example_sla_dag.py for tasks to queue
[2025-11-22T12:14:34.872+0000] {logging_mixin.py:120} INFO - [2025-11-22T12:14:34.872+0000] {dagbag.py:537} INFO - Filling up the DagBag from /home/airflow/.local/lib/python3.7/site-packages/airflow/example_dags/example_sla_dag.py
[2025-11-22T12:14:35.041+0000] {processor.py:766} INFO - DAG(s) dict_keys(['example_sla_dag']) retrieved from /home/airflow/.local/lib/python3.7/site-packages/airflow/example_dags/example_sla_dag.py
[2025-11-22T12:14:35.496+0000] {logging_mixin.py:120} INFO - [2025-11-22T12:14:35.495+0000] {dag.py:2585} INFO - Sync 1 DAGs
[2025-11-22T12:14:36.053+0000] {logging_mixin.py:120} INFO - [2025-11-22T12:14:36.053+0000] {dag.py:3340} INFO - Setting next_dagrun for example_sla_dag to 2025-11-22T12:12:00+00:00, run_after=2025-11-22T12:14:00+00:00
[2025-11-22T12:14:38.441+0000] {processor.py:176} INFO - Processing /home/airflow/.local/lib/python3.7/site-packages/airflow/example_dags/example_sla_dag.py took 3.626 seconds
[2025-11-22T12:15:10.329+0000] {processor.py:154} INFO - Started process (PID=163) to work on /home/airflow/.local/lib/python3.7/site-packages/airflow/example_dags/example_sla_dag.py
[2025-11-22T12:15:10.332+0000] {processor.py:756} INFO - Processing file /home/airflow/.local/lib/python3.7/site-packages/airflow/example_dags/example_sla_dag.py for tasks to queue
[2025-11-22T12:15:10.335+0000] {logging_mixin.py:120} INFO - [2025-11-22T12:15:10.334+0000] {dagbag.py:537} INFO - Filling up the DagBag from /home/airflow/.local/lib/python3.7/site-packages/airflow/example_dags/example_sla_dag.py
[2025-11-22T12:15:11.973+0000] {processor.py:766} INFO - DAG(s) dict_keys(['example_sla_dag']) retrieved from /home/airflow/.local/lib/python3.7/site-packages/airflow/example_dags/example_sla_dag.py
[2025-11-22T12:15:12.381+0000] {logging_mixin.py:120} INFO - [2025-11-22T12:15:12.380+0000] {dag.py:2585} INFO - Sync 1 DAGs
[2025-11-22T12:15:12.878+0000] {logging_mixin.py:120} INFO - [2025-11-22T12:15:12.877+0000] {dag.py:3340} INFO - Setting next_dagrun for example_sla_dag to 2025-11-22T12:12:00+00:00, run_after=2025-11-22T12:14:00+00:00
[2025-11-22T12:15:12.957+0000] {processor.py:176} INFO - Processing /home/airflow/.local/lib/python3.7/site-packages/airflow/example_dags/example_sla_dag.py took 2.642 seconds
[2025-11-22T12:15:43.121+0000] {processor.py:154} INFO - Started process (PID=220) to work on /home/airflow/.local/lib/python3.7/site-packages/airflow/example_dags/example_sla_dag.py
[2025-11-22T12:15:43.122+0000] {processor.py:756} INFO - Processing file /home/airflow/.local/lib/python3.7/site-packages/airflow/example_dags/example_sla_dag.py for tasks to queue
[2025-11-22T12:15:43.124+0000] {logging_mixin.py:120} INFO - [2025-11-22T12:15:43.124+0000] {dagbag.py:537} INFO - Filling up the DagBag from /home/airflow/.local/lib/python3.7/site-packages/airflow/example_dags/example_sla_dag.py
[2025-11-22T12:15:43.173+0000] {processor.py:766} INFO - DAG(s) dict_keys(['example_sla_dag']) retrieved from /home/airflow/.local/lib/python3.7/site-packages/airflow/example_dags/example_sla_dag.py
[2025-11-22T12:15:43.260+0000] {logging_mixin.py:120} INFO - [2025-11-22T12:15:43.259+0000] {dag.py:2585} INFO - Sync 1 DAGs
[2025-11-22T12:15:43.311+0000] {logging_mixin.py:120} INFO - [2025-11-22T12:15:43.311+0000] {dag.py:3340} INFO - Setting next_dagrun for example_sla_dag to 2025-11-22T12:12:00+00:00, run_after=2025-11-22T12:14:00+00:00
[2025-11-22T12:15:43.352+0000] {processor.py:176} INFO - Processing /home/airflow/.local/lib/python3.7/site-packages/airflow/example_dags/example_sla_dag.py took 0.238 seconds
[2025-11-22T12:16:13.859+0000] {processor.py:154} INFO - Started process (PID=274) to work on /home/airflow/.local/lib/python3.7/site-packages/airflow/example_dags/example_sla_dag.py
[2025-11-22T12:16:13.860+0000] {processor.py:756} INFO - Processing file /home/airflow/.local/lib/python3.7/site-packages/airflow/example_dags/example_sla_dag.py for tasks to queue
[2025-11-22T12:16:13.861+0000] {logging_mixin.py:120} INFO - [2025-11-22T12:16:13.861+0000] {dagbag.py:537} INFO - Filling up the DagBag from /home/airflow/.local/lib/python3.7/site-packages/airflow/example_dags/example_sla_dag.py
[2025-11-22T12:16:13.893+0000] {processor.py:766} INFO - DAG(s) dict_keys(['example_sla_dag']) retrieved from /home/airflow/.local/lib/python3.7/site-packages/airflow/example_dags/example_sla_dag.py
[2025-11-22T12:16:13.957+0000] {logging_mixin.py:120} INFO - [2025-11-22T12:16:13.957+0000] {dag.py:2585} INFO - Sync 1 DAGs
[2025-11-22T12:16:14.000+0000] {logging_mixin.py:120} INFO - [2025-11-22T12:16:13.999+0000] {dag.py:3340} INFO - Setting next_dagrun for example_sla_dag to 2025-11-22T12:14:00+00:00, run_after=2025-11-22T12:16:00+00:00
[2025-11-22T12:16:14.028+0000] {processor.py:176} INFO - Processing /home/airflow/.local/lib/python3.7/site-packages/airflow/example_dags/example_sla_dag.py took 0.174 seconds
[2025-11-22T12:16:44.675+0000] {processor.py:154} INFO - Started process (PID=328) to work on /home/airflow/.local/lib/python3.7/site-packages/airflow/example_dags/example_sla_dag.py
[2025-11-22T12:16:44.677+0000] {processor.py:756} INFO - Processing file /home/airflow/.local/lib/python3.7/site-packages/airflow/example_dags/example_sla_dag.py for tasks to queue
[2025-11-22T12:16:44.678+0000] {logging_mixin.py:120} INFO - [2025-11-22T12:16:44.678+0000] {dagbag.py:537} INFO - Filling up the DagBag from /home/airflow/.local/lib/python3.7/site-packages/airflow/example_dags/example_sla_dag.py
[2025-11-22T12:16:44.718+0000] {processor.py:766} INFO - DAG(s) dict_keys(['example_sla_dag']) retrieved from /home/airflow/.local/lib/python3.7/site-packages/airflow/example_dags/example_sla_dag.py
[2025-11-22T12:16:44.793+0000] {logging_mixin.py:120} INFO - [2025-11-22T12:16:44.793+0000] {dag.py:2585} INFO - Sync 1 DAGs
[2025-11-22T12:16:44.842+0000] {logging_mixin.py:120} INFO - [2025-11-22T12:16:44.842+0000] {dag.py:3340} INFO - Setting next_dagrun for example_sla_dag to 2025-11-22T12:14:00+00:00, run_after=2025-11-22T12:16:00+00:00
[2025-11-22T12:16:44.885+0000] {processor.py:176} INFO - Processing /home/airflow/.local/lib/python3.7/site-packages/airflow/example_dags/example_sla_dag.py took 0.215 seconds
[2025-11-22T12:17:15.501+0000] {processor.py:154} INFO - Started process (PID=393) to work on /home/airflow/.local/lib/python3.7/site-packages/airflow/example_dags/example_sla_dag.py
[2025-11-22T12:17:15.502+0000] {processor.py:756} INFO - Processing file /home/airflow/.local/lib/python3.7/site-packages/airflow/example_dags/example_sla_dag.py for tasks to queue
[2025-11-22T12:17:15.504+0000] {logging_mixin.py:120} INFO - [2025-11-22T12:17:15.504+0000] {dagbag.py:537} INFO - Filling up the DagBag from /home/airflow/.local/lib/python3.7/site-packages/airflow/example_dags/example_sla_dag.py
[2025-11-22T12:17:15.593+0000] {processor.py:766} INFO - DAG(s) dict_keys(['example_sla_dag']) retrieved from /home/airflow/.local/lib/python3.7/site-packages/airflow/example_dags/example_sla_dag.py
[2025-11-22T12:17:15.811+0000] {logging_mixin.py:120} INFO - [2025-11-22T12:17:15.811+0000] {dag.py:2585} INFO - Sync 1 DAGs
[2025-11-22T12:17:16.085+0000] {logging_mixin.py:120} INFO - [2025-11-22T12:17:16.084+0000] {dag.py:3340} INFO - Setting next_dagrun for example_sla_dag to 2025-11-22T12:14:00+00:00, run_after=2025-11-22T12:16:00+00:00
[2025-11-22T12:17:16.177+0000] {processor.py:176} INFO - Processing /home/airflow/.local/lib/python3.7/site-packages/airflow/example_dags/example_sla_dag.py took 0.680 seconds
[2025-11-22T12:17:47.053+0000] {processor.py:154} INFO - Started process (PID=448) to work on /home/airflow/.local/lib/python3.7/site-packages/airflow/example_dags/example_sla_dag.py
[2025-11-22T12:17:47.055+0000] {processor.py:756} INFO - Processing file /home/airflow/.local/lib/python3.7/site-packages/airflow/example_dags/example_sla_dag.py for tasks to queue
[2025-11-22T12:17:47.057+0000] {logging_mixin.py:120} INFO - [2025-11-22T12:17:47.056+0000] {dagbag.py:537} INFO - Filling up the DagBag from /home/airflow/.local/lib/python3.7/site-packages/airflow/example_dags/example_sla_dag.py
[2025-11-22T12:17:47.102+0000] {processor.py:766} INFO - DAG(s) dict_keys(['example_sla_dag']) retrieved from /home/airflow/.local/lib/python3.7/site-packages/airflow/example_dags/example_sla_dag.py
[2025-11-22T12:17:47.161+0000] {logging_mixin.py:120} INFO - [2025-11-22T12:17:47.161+0000] {dag.py:2585} INFO - Sync 1 DAGs
[2025-11-22T12:17:47.210+0000] {logging_mixin.py:120} INFO - [2025-11-22T12:17:47.209+0000] {dag.py:3340} INFO - Setting next_dagrun for example_sla_dag to 2025-11-22T12:14:00+00:00, run_after=2025-11-22T12:16:00+00:00
[2025-11-22T12:17:47.244+0000] {processor.py:176} INFO - Processing /home/airflow/.local/lib/python3.7/site-packages/airflow/example_dags/example_sla_dag.py took 0.196 seconds
[2025-11-22T12:18:17.516+0000] {processor.py:154} INFO - Started process (PID=513) to work on /home/airflow/.local/lib/python3.7/site-packages/airflow/example_dags/example_sla_dag.py
[2025-11-22T12:18:17.518+0000] {processor.py:756} INFO - Processing file /home/airflow/.local/lib/python3.7/site-packages/airflow/example_dags/example_sla_dag.py for tasks to queue
[2025-11-22T12:18:17.519+0000] {logging_mixin.py:120} INFO - [2025-11-22T12:18:17.519+0000] {dagbag.py:537} INFO - Filling up the DagBag from /home/airflow/.local/lib/python3.7/site-packages/airflow/example_dags/example_sla_dag.py
[2025-11-22T12:18:17.554+0000] {processor.py:766} INFO - DAG(s) dict_keys(['example_sla_dag']) retrieved from /home/airflow/.local/lib/python3.7/site-packages/airflow/example_dags/example_sla_dag.py
[2025-11-22T12:18:17.634+0000] {logging_mixin.py:120} INFO - [2025-11-22T12:18:17.634+0000] {dag.py:2585} INFO - Sync 1 DAGs
[2025-11-22T12:18:17.706+0000] {logging_mixin.py:120} INFO - [2025-11-22T12:18:17.704+0000] {dag.py:3340} INFO - Setting next_dagrun for example_sla_dag to 2025-11-22T12:16:00+00:00, run_after=2025-11-22T12:18:00+00:00
[2025-11-22T12:18:17.764+0000] {processor.py:176} INFO - Processing /home/airflow/.local/lib/python3.7/site-packages/airflow/example_dags/example_sla_dag.py took 0.254 seconds
[2025-11-22T12:18:48.428+0000] {processor.py:154} INFO - Started process (PID=567) to work on /home/airflow/.local/lib/python3.7/site-packages/airflow/example_dags/example_sla_dag.py
[2025-11-22T12:18:48.429+0000] {processor.py:756} INFO - Processing file /home/airflow/.local/lib/python3.7/site-packages/airflow/example_dags/example_sla_dag.py for tasks to queue
[2025-11-22T12:18:48.430+0000] {logging_mixin.py:120} INFO - [2025-11-22T12:18:48.430+0000] {dagbag.py:537} INFO - Filling up the DagBag from /home/airflow/.local/lib/python3.7/site-packages/airflow/example_dags/example_sla_dag.py
[2025-11-22T12:18:48.459+0000] {processor.py:766} INFO - DAG(s) dict_keys(['example_sla_dag']) retrieved from /home/airflow/.local/lib/python3.7/site-packages/airflow/example_dags/example_sla_dag.py
[2025-11-22T12:18:48.505+0000] {logging_mixin.py:120} INFO - [2025-11-22T12:18:48.505+0000] {dag.py:2585} INFO - Sync 1 DAGs
[2025-11-22T12:18:48.534+0000] {logging_mixin.py:120} INFO - [2025-11-22T12:18:48.533+0000] {dag.py:3340} INFO - Setting next_dagrun for example_sla_dag to 2025-11-22T12:16:00+00:00, run_after=2025-11-22T12:18:00+00:00
[2025-11-22T12:18:48.556+0000] {processor.py:176} INFO - Processing /home/airflow/.local/lib/python3.7/site-packages/airflow/example_dags/example_sla_dag.py took 0.131 seconds
[2025-11-22T12:19:18.879+0000] {processor.py:154} INFO - Started process (PID=631) to work on /home/airflow/.local/lib/python3.7/site-packages/airflow/example_dags/example_sla_dag.py
[2025-11-22T12:19:18.881+0000] {processor.py:756} INFO - Processing file /home/airflow/.local/lib/python3.7/site-packages/airflow/example_dags/example_sla_dag.py for tasks to queue
[2025-11-22T12:19:18.882+0000] {logging_mixin.py:120} INFO - [2025-11-22T12:19:18.882+0000] {dagbag.py:537} INFO - Filling up the DagBag from /home/airflow/.local/lib/python3.7/site-packages/airflow/example_dags/example_sla_dag.py
[2025-11-22T12:19:18.916+0000] {processor.py:766} INFO - DAG(s) dict_keys(['example_sla_dag']) retrieved from /home/airflow/.local/lib/python3.7/site-packages/airflow/example_dags/example_sla_dag.py
[2025-11-22T12:19:18.993+0000] {logging_mixin.py:120} INFO - [2025-11-22T12:19:18.993+0000] {dag.py:2585} INFO - Sync 1 DAGs
[2025-11-22T12:19:19.030+0000] {logging_mixin.py:120} INFO - [2025-11-22T12:19:19.030+0000] {dag.py:3340} INFO - Setting next_dagrun for example_sla_dag to 2025-11-22T12:16:00+00:00, run_after=2025-11-22T12:18:00+00:00
[2025-11-22T12:19:19.079+0000] {processor.py:176} INFO - Processing /home/airflow/.local/lib/python3.7/site-packages/airflow/example_dags/example_sla_dag.py took 0.204 seconds
[2025-11-22T12:19:49.945+0000] {processor.py:154} INFO - Started process (PID=684) to work on /home/airflow/.local/lib/python3.7/site-packages/airflow/example_dags/example_sla_dag.py
[2025-11-22T12:19:49.951+0000] {processor.py:756} INFO - Processing file /home/airflow/.local/lib/python3.7/site-packages/airflow/example_dags/example_sla_dag.py for tasks to queue
[2025-11-22T12:19:49.953+0000] {logging_mixin.py:120} INFO - [2025-11-22T12:19:49.952+0000] {dagbag.py:537} INFO - Filling up the DagBag from /home/airflow/.local/lib/python3.7/site-packages/airflow/example_dags/example_sla_dag.py
[2025-11-22T12:19:49.983+0000] {processor.py:766} INFO - DAG(s) dict_keys(['example_sla_dag']) retrieved from /home/airflow/.local/lib/python3.7/site-packages/airflow/example_dags/example_sla_dag.py
[2025-11-22T12:19:50.029+0000] {logging_mixin.py:120} INFO - [2025-11-22T12:19:50.029+0000] {dag.py:2585} INFO - Sync 1 DAGs
[2025-11-22T12:19:50.060+0000] {logging_mixin.py:120} INFO - [2025-11-22T12:19:50.060+0000] {dag.py:3340} INFO - Setting next_dagrun for example_sla_dag to 2025-11-22T12:16:00+00:00, run_after=2025-11-22T12:18:00+00:00
[2025-11-22T12:19:50.088+0000] {processor.py:176} INFO - Processing /home/airflow/.local/lib/python3.7/site-packages/airflow/example_dags/example_sla_dag.py took 0.148 seconds
[2025-11-22T12:20:21.072+0000] {processor.py:154} INFO - Started process (PID=748) to work on /home/airflow/.local/lib/python3.7/site-packages/airflow/example_dags/example_sla_dag.py
[2025-11-22T12:20:21.074+0000] {processor.py:756} INFO - Processing file /home/airflow/.local/lib/python3.7/site-packages/airflow/example_dags/example_sla_dag.py for tasks to queue
[2025-11-22T12:20:21.075+0000] {logging_mixin.py:120} INFO - [2025-11-22T12:20:21.075+0000] {dagbag.py:537} INFO - Filling up the DagBag from /home/airflow/.local/lib/python3.7/site-packages/airflow/example_dags/example_sla_dag.py
[2025-11-22T12:20:21.122+0000] {processor.py:766} INFO - DAG(s) dict_keys(['example_sla_dag']) retrieved from /home/airflow/.local/lib/python3.7/site-packages/airflow/example_dags/example_sla_dag.py
[2025-11-22T12:20:21.206+0000] {logging_mixin.py:120} INFO - [2025-11-22T12:20:21.206+0000] {dag.py:2585} INFO - Sync 1 DAGs
[2025-11-22T12:20:21.260+0000] {logging_mixin.py:120} INFO - [2025-11-22T12:20:21.260+0000] {dag.py:3340} INFO - Setting next_dagrun for example_sla_dag to 2025-11-22T12:18:00+00:00, run_after=2025-11-22T12:20:00+00:00
[2025-11-22T12:20:21.306+0000] {processor.py:176} INFO - Processing /home/airflow/.local/lib/python3.7/site-packages/airflow/example_dags/example_sla_dag.py took 0.239 seconds
[2025-11-22T12:20:51.906+0000] {processor.py:154} INFO - Started process (PID=803) to work on /home/airflow/.local/lib/python3.7/site-packages/airflow/example_dags/example_sla_dag.py
[2025-11-22T12:20:51.920+0000] {processor.py:756} INFO - Processing file /home/airflow/.local/lib/python3.7/site-packages/airflow/example_dags/example_sla_dag.py for tasks to queue
[2025-11-22T12:20:51.924+0000] {logging_mixin.py:120} INFO - [2025-11-22T12:20:51.924+0000] {dagbag.py:537} INFO - Filling up the DagBag from /home/airflow/.local/lib/python3.7/site-packages/airflow/example_dags/example_sla_dag.py
[2025-11-22T12:20:52.042+0000] {processor.py:766} INFO - DAG(s) dict_keys(['example_sla_dag']) retrieved from /home/airflow/.local/lib/python3.7/site-packages/airflow/example_dags/example_sla_dag.py
[2025-11-22T12:20:52.145+0000] {logging_mixin.py:120} INFO - [2025-11-22T12:20:52.145+0000] {dag.py:2585} INFO - Sync 1 DAGs
[2025-11-22T12:20:52.218+0000] {logging_mixin.py:120} INFO - [2025-11-22T12:20:52.217+0000] {dag.py:3340} INFO - Setting next_dagrun for example_sla_dag to 2025-11-22T12:18:00+00:00, run_after=2025-11-22T12:20:00+00:00
[2025-11-22T12:20:52.289+0000] {processor.py:176} INFO - Processing /home/airflow/.local/lib/python3.7/site-packages/airflow/example_dags/example_sla_dag.py took 0.395 seconds
[2025-11-22T12:21:22.631+0000] {processor.py:154} INFO - Started process (PID=867) to work on /home/airflow/.local/lib/python3.7/site-packages/airflow/example_dags/example_sla_dag.py
[2025-11-22T12:21:22.634+0000] {processor.py:756} INFO - Processing file /home/airflow/.local/lib/python3.7/site-packages/airflow/example_dags/example_sla_dag.py for tasks to queue
[2025-11-22T12:21:22.636+0000] {logging_mixin.py:120} INFO - [2025-11-22T12:21:22.636+0000] {dagbag.py:537} INFO - Filling up the DagBag from /home/airflow/.local/lib/python3.7/site-packages/airflow/example_dags/example_sla_dag.py
[2025-11-22T12:21:22.671+0000] {processor.py:766} INFO - DAG(s) dict_keys(['example_sla_dag']) retrieved from /home/airflow/.local/lib/python3.7/site-packages/airflow/example_dags/example_sla_dag.py
[2025-11-22T12:21:22.728+0000] {logging_mixin.py:120} INFO - [2025-11-22T12:21:22.728+0000] {dag.py:2585} INFO - Sync 1 DAGs
[2025-11-22T12:21:22.769+0000] {logging_mixin.py:120} INFO - [2025-11-22T12:21:22.769+0000] {dag.py:3340} INFO - Setting next_dagrun for example_sla_dag to 2025-11-22T12:18:00+00:00, run_after=2025-11-22T12:20:00+00:00
[2025-11-22T12:21:22.804+0000] {processor.py:176} INFO - Processing /home/airflow/.local/lib/python3.7/site-packages/airflow/example_dags/example_sla_dag.py took 0.180 seconds
[2025-11-22T12:21:53.185+0000] {processor.py:154} INFO - Started process (PID=922) to work on /home/airflow/.local/lib/python3.7/site-packages/airflow/example_dags/example_sla_dag.py
[2025-11-22T12:21:53.186+0000] {processor.py:756} INFO - Processing file /home/airflow/.local/lib/python3.7/site-packages/airflow/example_dags/example_sla_dag.py for tasks to queue
[2025-11-22T12:21:53.187+0000] {logging_mixin.py:120} INFO - [2025-11-22T12:21:53.187+0000] {dagbag.py:537} INFO - Filling up the DagBag from /home/airflow/.local/lib/python3.7/site-packages/airflow/example_dags/example_sla_dag.py
[2025-11-22T12:21:53.241+0000] {processor.py:766} INFO - DAG(s) dict_keys(['example_sla_dag']) retrieved from /home/airflow/.local/lib/python3.7/site-packages/airflow/example_dags/example_sla_dag.py
[2025-11-22T12:21:53.318+0000] {logging_mixin.py:120} INFO - [2025-11-22T12:21:53.318+0000] {dag.py:2585} INFO - Sync 1 DAGs
[2025-11-22T12:21:53.374+0000] {logging_mixin.py:120} INFO - [2025-11-22T12:21:53.374+0000] {dag.py:3340} INFO - Setting next_dagrun for example_sla_dag to 2025-11-22T12:18:00+00:00, run_after=2025-11-22T12:20:00+00:00
[2025-11-22T12:21:53.413+0000] {processor.py:176} INFO - Processing /home/airflow/.local/lib/python3.7/site-packages/airflow/example_dags/example_sla_dag.py took 0.232 seconds
[2025-11-22T12:22:23.881+0000] {processor.py:154} INFO - Started process (PID=986) to work on /home/airflow/.local/lib/python3.7/site-packages/airflow/example_dags/example_sla_dag.py
[2025-11-22T12:22:23.883+0000] {processor.py:756} INFO - Processing file /home/airflow/.local/lib/python3.7/site-packages/airflow/example_dags/example_sla_dag.py for tasks to queue
[2025-11-22T12:22:23.884+0000] {logging_mixin.py:120} INFO - [2025-11-22T12:22:23.884+0000] {dagbag.py:537} INFO - Filling up the DagBag from /home/airflow/.local/lib/python3.7/site-packages/airflow/example_dags/example_sla_dag.py
[2025-11-22T12:22:23.916+0000] {processor.py:766} INFO - DAG(s) dict_keys(['example_sla_dag']) retrieved from /home/airflow/.local/lib/python3.7/site-packages/airflow/example_dags/example_sla_dag.py
[2025-11-22T12:22:23.974+0000] {logging_mixin.py:120} INFO - [2025-11-22T12:22:23.974+0000] {dag.py:2585} INFO - Sync 1 DAGs
[2025-11-22T12:22:24.022+0000] {logging_mixin.py:120} INFO - [2025-11-22T12:22:24.021+0000] {dag.py:3340} INFO - Setting next_dagrun for example_sla_dag to 2025-11-22T12:20:00+00:00, run_after=2025-11-22T12:22:00+00:00
[2025-11-22T12:22:24.069+0000] {processor.py:176} INFO - Processing /home/airflow/.local/lib/python3.7/site-packages/airflow/example_dags/example_sla_dag.py took 0.193 seconds
[2025-11-22T12:22:54.714+0000] {processor.py:154} INFO - Started process (PID=1041) to work on /home/airflow/.local/lib/python3.7/site-packages/airflow/example_dags/example_sla_dag.py
[2025-11-22T12:22:54.715+0000] {processor.py:756} INFO - Processing file /home/airflow/.local/lib/python3.7/site-packages/airflow/example_dags/example_sla_dag.py for tasks to queue
[2025-11-22T12:22:54.717+0000] {logging_mixin.py:120} INFO - [2025-11-22T12:22:54.716+0000] {dagbag.py:537} INFO - Filling up the DagBag from /home/airflow/.local/lib/python3.7/site-packages/airflow/example_dags/example_sla_dag.py
[2025-11-22T12:22:54.752+0000] {processor.py:766} INFO - DAG(s) dict_keys(['example_sla_dag']) retrieved from /home/airflow/.local/lib/python3.7/site-packages/airflow/example_dags/example_sla_dag.py
[2025-11-22T12:22:54.821+0000] {logging_mixin.py:120} INFO - [2025-11-22T12:22:54.821+0000] {dag.py:2585} INFO - Sync 1 DAGs
[2025-11-22T12:22:54.861+0000] {logging_mixin.py:120} INFO - [2025-11-22T12:22:54.860+0000] {dag.py:3340} INFO - Setting next_dagrun for example_sla_dag to 2025-11-22T12:20:00+00:00, run_after=2025-11-22T12:22:00+00:00
[2025-11-22T12:22:54.893+0000] {processor.py:176} INFO - Processing /home/airflow/.local/lib/python3.7/site-packages/airflow/example_dags/example_sla_dag.py took 0.184 seconds
[2025-11-22T12:23:25.520+0000] {processor.py:154} INFO - Started process (PID=1104) to work on /home/airflow/.local/lib/python3.7/site-packages/airflow/example_dags/example_sla_dag.py
[2025-11-22T12:23:25.522+0000] {processor.py:756} INFO - Processing file /home/airflow/.local/lib/python3.7/site-packages/airflow/example_dags/example_sla_dag.py for tasks to queue
[2025-11-22T12:23:25.523+0000] {logging_mixin.py:120} INFO - [2025-11-22T12:23:25.523+0000] {dagbag.py:537} INFO - Filling up the DagBag from /home/airflow/.local/lib/python3.7/site-packages/airflow/example_dags/example_sla_dag.py
[2025-11-22T12:23:25.553+0000] {processor.py:766} INFO - DAG(s) dict_keys(['example_sla_dag']) retrieved from /home/airflow/.local/lib/python3.7/site-packages/airflow/example_dags/example_sla_dag.py
[2025-11-22T12:23:25.606+0000] {logging_mixin.py:120} INFO - [2025-11-22T12:23:25.606+0000] {dag.py:2585} INFO - Sync 1 DAGs
[2025-11-22T12:23:25.641+0000] {logging_mixin.py:120} INFO - [2025-11-22T12:23:25.641+0000] {dag.py:3340} INFO - Setting next_dagrun for example_sla_dag to 2025-11-22T12:20:00+00:00, run_after=2025-11-22T12:22:00+00:00
[2025-11-22T12:23:25.672+0000] {processor.py:176} INFO - Processing /home/airflow/.local/lib/python3.7/site-packages/airflow/example_dags/example_sla_dag.py took 0.156 seconds
[2025-11-22T12:23:55.791+0000] {processor.py:154} INFO - Started process (PID=1158) to work on /home/airflow/.local/lib/python3.7/site-packages/airflow/example_dags/example_sla_dag.py
[2025-11-22T12:23:55.792+0000] {processor.py:756} INFO - Processing file /home/airflow/.local/lib/python3.7/site-packages/airflow/example_dags/example_sla_dag.py for tasks to queue
[2025-11-22T12:23:55.794+0000] {logging_mixin.py:120} INFO - [2025-11-22T12:23:55.794+0000] {dagbag.py:537} INFO - Filling up the DagBag from /home/airflow/.local/lib/python3.7/site-packages/airflow/example_dags/example_sla_dag.py
[2025-11-22T12:23:55.832+0000] {processor.py:766} INFO - DAG(s) dict_keys(['example_sla_dag']) retrieved from /home/airflow/.local/lib/python3.7/site-packages/airflow/example_dags/example_sla_dag.py
[2025-11-22T12:23:55.907+0000] {logging_mixin.py:120} INFO - [2025-11-22T12:23:55.907+0000] {dag.py:2585} INFO - Sync 1 DAGs
[2025-11-22T12:23:55.956+0000] {logging_mixin.py:120} INFO - [2025-11-22T12:23:55.956+0000] {dag.py:3340} INFO - Setting next_dagrun for example_sla_dag to 2025-11-22T12:20:00+00:00, run_after=2025-11-22T12:22:00+00:00
[2025-11-22T12:23:56.011+0000] {processor.py:176} INFO - Processing /home/airflow/.local/lib/python3.7/site-packages/airflow/example_dags/example_sla_dag.py took 0.231 seconds
[2025-11-22T12:24:26.740+0000] {processor.py:154} INFO - Started process (PID=1221) to work on /home/airflow/.local/lib/python3.7/site-packages/airflow/example_dags/example_sla_dag.py
[2025-11-22T12:24:26.742+0000] {processor.py:756} INFO - Processing file /home/airflow/.local/lib/python3.7/site-packages/airflow/example_dags/example_sla_dag.py for tasks to queue
[2025-11-22T12:24:26.743+0000] {logging_mixin.py:120} INFO - [2025-11-22T12:24:26.743+0000] {dagbag.py:537} INFO - Filling up the DagBag from /home/airflow/.local/lib/python3.7/site-packages/airflow/example_dags/example_sla_dag.py
[2025-11-22T12:24:26.774+0000] {processor.py:766} INFO - DAG(s) dict_keys(['example_sla_dag']) retrieved from /home/airflow/.local/lib/python3.7/site-packages/airflow/example_dags/example_sla_dag.py
[2025-11-22T12:24:26.830+0000] {logging_mixin.py:120} INFO - [2025-11-22T12:24:26.830+0000] {dag.py:2585} INFO - Sync 1 DAGs
[2025-11-22T12:24:26.865+0000] {logging_mixin.py:120} INFO - [2025-11-22T12:24:26.865+0000] {dag.py:3340} INFO - Setting next_dagrun for example_sla_dag to 2025-11-22T12:22:00+00:00, run_after=2025-11-22T12:24:00+00:00
[2025-11-22T12:24:26.897+0000] {processor.py:176} INFO - Processing /home/airflow/.local/lib/python3.7/site-packages/airflow/example_dags/example_sla_dag.py took 0.162 seconds
[2025-11-22T12:24:57.358+0000] {processor.py:154} INFO - Started process (PID=1276) to work on /home/airflow/.local/lib/python3.7/site-packages/airflow/example_dags/example_sla_dag.py
[2025-11-22T12:24:57.359+0000] {processor.py:756} INFO - Processing file /home/airflow/.local/lib/python3.7/site-packages/airflow/example_dags/example_sla_dag.py for tasks to queue
[2025-11-22T12:24:57.360+0000] {logging_mixin.py:120} INFO - [2025-11-22T12:24:57.360+0000] {dagbag.py:537} INFO - Filling up the DagBag from /home/airflow/.local/lib/python3.7/site-packages/airflow/example_dags/example_sla_dag.py
[2025-11-22T12:24:57.397+0000] {processor.py:766} INFO - DAG(s) dict_keys(['example_sla_dag']) retrieved from /home/airflow/.local/lib/python3.7/site-packages/airflow/example_dags/example_sla_dag.py
[2025-11-22T12:24:57.469+0000] {logging_mixin.py:120} INFO - [2025-11-22T12:24:57.469+0000] {dag.py:2585} INFO - Sync 1 DAGs
[2025-11-22T12:24:57.519+0000] {logging_mixin.py:120} INFO - [2025-11-22T12:24:57.519+0000] {dag.py:3340} INFO - Setting next_dagrun for example_sla_dag to 2025-11-22T12:22:00+00:00, run_after=2025-11-22T12:24:00+00:00
[2025-11-22T12:24:57.599+0000] {processor.py:176} INFO - Processing /home/airflow/.local/lib/python3.7/site-packages/airflow/example_dags/example_sla_dag.py took 0.244 seconds
[2025-11-22T12:25:28.390+0000] {processor.py:154} INFO - Started process (PID=1341) to work on /home/airflow/.local/lib/python3.7/site-packages/airflow/example_dags/example_sla_dag.py
[2025-11-22T12:25:28.393+0000] {processor.py:756} INFO - Processing file /home/airflow/.local/lib/python3.7/site-packages/airflow/example_dags/example_sla_dag.py for tasks to queue
[2025-11-22T12:25:28.394+0000] {logging_mixin.py:120} INFO - [2025-11-22T12:25:28.394+0000] {dagbag.py:537} INFO - Filling up the DagBag from /home/airflow/.local/lib/python3.7/site-packages/airflow/example_dags/example_sla_dag.py
[2025-11-22T12:25:28.443+0000] {processor.py:766} INFO - DAG(s) dict_keys(['example_sla_dag']) retrieved from /home/airflow/.local/lib/python3.7/site-packages/airflow/example_dags/example_sla_dag.py
[2025-11-22T12:25:28.647+0000] {logging_mixin.py:120} INFO - [2025-11-22T12:25:28.647+0000] {dag.py:2585} INFO - Sync 1 DAGs
[2025-11-22T12:25:28.690+0000] {logging_mixin.py:120} INFO - [2025-11-22T12:25:28.690+0000] {dag.py:3340} INFO - Setting next_dagrun for example_sla_dag to 2025-11-22T12:22:00+00:00, run_after=2025-11-22T12:24:00+00:00
[2025-11-22T12:25:28.745+0000] {processor.py:176} INFO - Processing /home/airflow/.local/lib/python3.7/site-packages/airflow/example_dags/example_sla_dag.py took 0.362 seconds
[2025-11-22T12:25:59.707+0000] {processor.py:154} INFO - Started process (PID=1396) to work on /home/airflow/.local/lib/python3.7/site-packages/airflow/example_dags/example_sla_dag.py
[2025-11-22T12:25:59.709+0000] {processor.py:756} INFO - Processing file /home/airflow/.local/lib/python3.7/site-packages/airflow/example_dags/example_sla_dag.py for tasks to queue
[2025-11-22T12:25:59.711+0000] {logging_mixin.py:120} INFO - [2025-11-22T12:25:59.711+0000] {dagbag.py:537} INFO - Filling up the DagBag from /home/airflow/.local/lib/python3.7/site-packages/airflow/example_dags/example_sla_dag.py
[2025-11-22T12:25:59.750+0000] {processor.py:766} INFO - DAG(s) dict_keys(['example_sla_dag']) retrieved from /home/airflow/.local/lib/python3.7/site-packages/airflow/example_dags/example_sla_dag.py
[2025-11-22T12:25:59.837+0000] {logging_mixin.py:120} INFO - [2025-11-22T12:25:59.836+0000] {dag.py:2585} INFO - Sync 1 DAGs
[2025-11-22T12:25:59.889+0000] {logging_mixin.py:120} INFO - [2025-11-22T12:25:59.888+0000] {dag.py:3340} INFO - Setting next_dagrun for example_sla_dag to 2025-11-22T12:22:00+00:00, run_after=2025-11-22T12:24:00+00:00
[2025-11-22T12:25:59.935+0000] {processor.py:176} INFO - Processing /home/airflow/.local/lib/python3.7/site-packages/airflow/example_dags/example_sla_dag.py took 0.237 seconds
[2025-11-22T12:26:30.634+0000] {processor.py:154} INFO - Started process (PID=1459) to work on /home/airflow/.local/lib/python3.7/site-packages/airflow/example_dags/example_sla_dag.py
[2025-11-22T12:26:30.636+0000] {processor.py:756} INFO - Processing file /home/airflow/.local/lib/python3.7/site-packages/airflow/example_dags/example_sla_dag.py for tasks to queue
[2025-11-22T12:26:30.637+0000] {logging_mixin.py:120} INFO - [2025-11-22T12:26:30.637+0000] {dagbag.py:537} INFO - Filling up the DagBag from /home/airflow/.local/lib/python3.7/site-packages/airflow/example_dags/example_sla_dag.py
[2025-11-22T12:26:30.679+0000] {processor.py:766} INFO - DAG(s) dict_keys(['example_sla_dag']) retrieved from /home/airflow/.local/lib/python3.7/site-packages/airflow/example_dags/example_sla_dag.py
[2025-11-22T12:26:30.742+0000] {logging_mixin.py:120} INFO - [2025-11-22T12:26:30.742+0000] {dag.py:2585} INFO - Sync 1 DAGs
[2025-11-22T12:26:30.808+0000] {logging_mixin.py:120} INFO - [2025-11-22T12:26:30.808+0000] {dag.py:3340} INFO - Setting next_dagrun for example_sla_dag to 2025-11-22T12:24:00+00:00, run_after=2025-11-22T12:26:00+00:00
[2025-11-22T12:26:30.871+0000] {processor.py:176} INFO - Processing /home/airflow/.local/lib/python3.7/site-packages/airflow/example_dags/example_sla_dag.py took 0.243 seconds
[2025-11-22T12:27:01.535+0000] {processor.py:154} INFO - Started process (PID=1513) to work on /home/airflow/.local/lib/python3.7/site-packages/airflow/example_dags/example_sla_dag.py
[2025-11-22T12:27:01.538+0000] {processor.py:756} INFO - Processing file /home/airflow/.local/lib/python3.7/site-packages/airflow/example_dags/example_sla_dag.py for tasks to queue
[2025-11-22T12:27:01.539+0000] {logging_mixin.py:120} INFO - [2025-11-22T12:27:01.539+0000] {dagbag.py:537} INFO - Filling up the DagBag from /home/airflow/.local/lib/python3.7/site-packages/airflow/example_dags/example_sla_dag.py
[2025-11-22T12:27:01.592+0000] {processor.py:766} INFO - DAG(s) dict_keys(['example_sla_dag']) retrieved from /home/airflow/.local/lib/python3.7/site-packages/airflow/example_dags/example_sla_dag.py
[2025-11-22T12:27:01.788+0000] {logging_mixin.py:120} INFO - [2025-11-22T12:27:01.788+0000] {dag.py:2585} INFO - Sync 1 DAGs
[2025-11-22T12:27:01.998+0000] {logging_mixin.py:120} INFO - [2025-11-22T12:27:01.997+0000] {dag.py:3340} INFO - Setting next_dagrun for example_sla_dag to 2025-11-22T12:24:00+00:00, run_after=2025-11-22T12:26:00+00:00
[2025-11-22T12:27:02.152+0000] {processor.py:176} INFO - Processing /home/airflow/.local/lib/python3.7/site-packages/airflow/example_dags/example_sla_dag.py took 0.624 seconds
[2025-11-22T12:27:32.698+0000] {processor.py:154} INFO - Started process (PID=1575) to work on /home/airflow/.local/lib/python3.7/site-packages/airflow/example_dags/example_sla_dag.py
[2025-11-22T12:27:32.700+0000] {processor.py:756} INFO - Processing file /home/airflow/.local/lib/python3.7/site-packages/airflow/example_dags/example_sla_dag.py for tasks to queue
[2025-11-22T12:27:32.708+0000] {logging_mixin.py:120} INFO - [2025-11-22T12:27:32.708+0000] {dagbag.py:537} INFO - Filling up the DagBag from /home/airflow/.local/lib/python3.7/site-packages/airflow/example_dags/example_sla_dag.py
[2025-11-22T12:27:32.849+0000] {processor.py:766} INFO - DAG(s) dict_keys(['example_sla_dag']) retrieved from /home/airflow/.local/lib/python3.7/site-packages/airflow/example_dags/example_sla_dag.py
[2025-11-22T12:27:33.023+0000] {logging_mixin.py:120} INFO - [2025-11-22T12:27:33.022+0000] {dag.py:2585} INFO - Sync 1 DAGs
[2025-11-22T12:27:33.105+0000] {logging_mixin.py:120} INFO - [2025-11-22T12:27:33.105+0000] {dag.py:3340} INFO - Setting next_dagrun for example_sla_dag to 2025-11-22T12:24:00+00:00, run_after=2025-11-22T12:26:00+00:00
[2025-11-22T12:27:33.157+0000] {processor.py:176} INFO - Processing /home/airflow/.local/lib/python3.7/site-packages/airflow/example_dags/example_sla_dag.py took 0.479 seconds
[2025-11-22T12:28:03.791+0000] {processor.py:154} INFO - Started process (PID=1630) to work on /home/airflow/.local/lib/python3.7/site-packages/airflow/example_dags/example_sla_dag.py
[2025-11-22T12:28:03.795+0000] {processor.py:756} INFO - Processing file /home/airflow/.local/lib/python3.7/site-packages/airflow/example_dags/example_sla_dag.py for tasks to queue
[2025-11-22T12:28:03.798+0000] {logging_mixin.py:120} INFO - [2025-11-22T12:28:03.797+0000] {dagbag.py:537} INFO - Filling up the DagBag from /home/airflow/.local/lib/python3.7/site-packages/airflow/example_dags/example_sla_dag.py
[2025-11-22T12:28:03.841+0000] {processor.py:766} INFO - DAG(s) dict_keys(['example_sla_dag']) retrieved from /home/airflow/.local/lib/python3.7/site-packages/airflow/example_dags/example_sla_dag.py
[2025-11-22T12:28:03.922+0000] {logging_mixin.py:120} INFO - [2025-11-22T12:28:03.922+0000] {dag.py:2585} INFO - Sync 1 DAGs
[2025-11-22T12:28:04.087+0000] {logging_mixin.py:120} INFO - [2025-11-22T12:28:04.087+0000] {dag.py:3340} INFO - Setting next_dagrun for example_sla_dag to 2025-11-22T12:26:00+00:00, run_after=2025-11-22T12:28:00+00:00
[2025-11-22T12:28:04.149+0000] {processor.py:176} INFO - Processing /home/airflow/.local/lib/python3.7/site-packages/airflow/example_dags/example_sla_dag.py took 0.362 seconds
[2025-11-22T12:28:35.134+0000] {processor.py:154} INFO - Started process (PID=1693) to work on /home/airflow/.local/lib/python3.7/site-packages/airflow/example_dags/example_sla_dag.py
[2025-11-22T12:28:35.136+0000] {processor.py:756} INFO - Processing file /home/airflow/.local/lib/python3.7/site-packages/airflow/example_dags/example_sla_dag.py for tasks to queue
[2025-11-22T12:28:35.137+0000] {logging_mixin.py:120} INFO - [2025-11-22T12:28:35.137+0000] {dagbag.py:537} INFO - Filling up the DagBag from /home/airflow/.local/lib/python3.7/site-packages/airflow/example_dags/example_sla_dag.py
[2025-11-22T12:28:35.218+0000] {processor.py:766} INFO - DAG(s) dict_keys(['example_sla_dag']) retrieved from /home/airflow/.local/lib/python3.7/site-packages/airflow/example_dags/example_sla_dag.py
[2025-11-22T12:28:35.624+0000] {logging_mixin.py:120} INFO - [2025-11-22T12:28:35.618+0000] {dag.py:2585} INFO - Sync 1 DAGs
[2025-11-22T12:28:36.111+0000] {logging_mixin.py:120} INFO - [2025-11-22T12:28:36.110+0000] {dag.py:3340} INFO - Setting next_dagrun for example_sla_dag to 2025-11-22T12:26:00+00:00, run_after=2025-11-22T12:28:00+00:00
[2025-11-22T12:28:36.214+0000] {processor.py:176} INFO - Processing /home/airflow/.local/lib/python3.7/site-packages/airflow/example_dags/example_sla_dag.py took 1.097 seconds
[2025-11-22T12:29:06.517+0000] {processor.py:154} INFO - Started process (PID=1748) to work on /home/airflow/.local/lib/python3.7/site-packages/airflow/example_dags/example_sla_dag.py
[2025-11-22T12:29:06.518+0000] {processor.py:756} INFO - Processing file /home/airflow/.local/lib/python3.7/site-packages/airflow/example_dags/example_sla_dag.py for tasks to queue
[2025-11-22T12:29:06.520+0000] {logging_mixin.py:120} INFO - [2025-11-22T12:29:06.519+0000] {dagbag.py:537} INFO - Filling up the DagBag from /home/airflow/.local/lib/python3.7/site-packages/airflow/example_dags/example_sla_dag.py
[2025-11-22T12:29:06.559+0000] {processor.py:766} INFO - DAG(s) dict_keys(['example_sla_dag']) retrieved from /home/airflow/.local/lib/python3.7/site-packages/airflow/example_dags/example_sla_dag.py
[2025-11-22T12:29:06.629+0000] {logging_mixin.py:120} INFO - [2025-11-22T12:29:06.629+0000] {dag.py:2585} INFO - Sync 1 DAGs
[2025-11-22T12:29:06.678+0000] {logging_mixin.py:120} INFO - [2025-11-22T12:29:06.678+0000] {dag.py:3340} INFO - Setting next_dagrun for example_sla_dag to 2025-11-22T12:26:00+00:00, run_after=2025-11-22T12:28:00+00:00
[2025-11-22T12:29:06.715+0000] {processor.py:176} INFO - Processing /home/airflow/.local/lib/python3.7/site-packages/airflow/example_dags/example_sla_dag.py took 0.203 seconds
[2025-11-22T12:29:37.442+0000] {processor.py:154} INFO - Started process (PID=1812) to work on /home/airflow/.local/lib/python3.7/site-packages/airflow/example_dags/example_sla_dag.py
[2025-11-22T12:29:37.445+0000] {processor.py:756} INFO - Processing file /home/airflow/.local/lib/python3.7/site-packages/airflow/example_dags/example_sla_dag.py for tasks to queue
[2025-11-22T12:29:37.450+0000] {logging_mixin.py:120} INFO - [2025-11-22T12:29:37.448+0000] {dagbag.py:537} INFO - Filling up the DagBag from /home/airflow/.local/lib/python3.7/site-packages/airflow/example_dags/example_sla_dag.py
[2025-11-22T12:29:37.514+0000] {processor.py:766} INFO - DAG(s) dict_keys(['example_sla_dag']) retrieved from /home/airflow/.local/lib/python3.7/site-packages/airflow/example_dags/example_sla_dag.py
[2025-11-22T12:29:37.799+0000] {logging_mixin.py:120} INFO - [2025-11-22T12:29:37.799+0000] {dag.py:2585} INFO - Sync 1 DAGs
[2025-11-22T12:29:37.963+0000] {logging_mixin.py:120} INFO - [2025-11-22T12:29:37.963+0000] {dag.py:3340} INFO - Setting next_dagrun for example_sla_dag to 2025-11-22T12:26:00+00:00, run_after=2025-11-22T12:28:00+00:00
[2025-11-22T12:29:38.006+0000] {processor.py:176} INFO - Processing /home/airflow/.local/lib/python3.7/site-packages/airflow/example_dags/example_sla_dag.py took 0.585 seconds
[2025-11-22T12:30:08.898+0000] {processor.py:154} INFO - Started process (PID=1867) to work on /home/airflow/.local/lib/python3.7/site-packages/airflow/example_dags/example_sla_dag.py
[2025-11-22T12:30:08.900+0000] {processor.py:756} INFO - Processing file /home/airflow/.local/lib/python3.7/site-packages/airflow/example_dags/example_sla_dag.py for tasks to queue
[2025-11-22T12:30:08.906+0000] {logging_mixin.py:120} INFO - [2025-11-22T12:30:08.905+0000] {dagbag.py:537} INFO - Filling up the DagBag from /home/airflow/.local/lib/python3.7/site-packages/airflow/example_dags/example_sla_dag.py
[2025-11-22T12:30:08.954+0000] {processor.py:766} INFO - DAG(s) dict_keys(['example_sla_dag']) retrieved from /home/airflow/.local/lib/python3.7/site-packages/airflow/example_dags/example_sla_dag.py
[2025-11-22T12:30:09.075+0000] {logging_mixin.py:120} INFO - [2025-11-22T12:30:09.074+0000] {dag.py:2585} INFO - Sync 1 DAGs
[2025-11-22T12:30:09.139+0000] {logging_mixin.py:120} INFO - [2025-11-22T12:30:09.138+0000] {dag.py:3340} INFO - Setting next_dagrun for example_sla_dag to 2025-11-22T12:28:00+00:00, run_after=2025-11-22T12:30:00+00:00
[2025-11-22T12:30:09.201+0000] {processor.py:176} INFO - Processing /home/airflow/.local/lib/python3.7/site-packages/airflow/example_dags/example_sla_dag.py took 0.310 seconds
[2025-11-22T12:30:39.437+0000] {processor.py:154} INFO - Started process (PID=1923) to work on /home/airflow/.local/lib/python3.7/site-packages/airflow/example_dags/example_sla_dag.py
[2025-11-22T12:30:39.439+0000] {processor.py:756} INFO - Processing file /home/airflow/.local/lib/python3.7/site-packages/airflow/example_dags/example_sla_dag.py for tasks to queue
[2025-11-22T12:30:39.440+0000] {logging_mixin.py:120} INFO - [2025-11-22T12:30:39.440+0000] {dagbag.py:537} INFO - Filling up the DagBag from /home/airflow/.local/lib/python3.7/site-packages/airflow/example_dags/example_sla_dag.py
[2025-11-22T12:30:39.478+0000] {processor.py:766} INFO - DAG(s) dict_keys(['example_sla_dag']) retrieved from /home/airflow/.local/lib/python3.7/site-packages/airflow/example_dags/example_sla_dag.py
[2025-11-22T12:30:39.566+0000] {logging_mixin.py:120} INFO - [2025-11-22T12:30:39.565+0000] {dag.py:2585} INFO - Sync 1 DAGs
[2025-11-22T12:30:39.621+0000] {logging_mixin.py:120} INFO - [2025-11-22T12:30:39.621+0000] {dag.py:3340} INFO - Setting next_dagrun for example_sla_dag to 2025-11-22T12:28:00+00:00, run_after=2025-11-22T12:30:00+00:00
[2025-11-22T12:30:39.684+0000] {processor.py:176} INFO - Processing /home/airflow/.local/lib/python3.7/site-packages/airflow/example_dags/example_sla_dag.py took 0.254 seconds
[2025-11-22T12:31:10.712+0000] {processor.py:154} INFO - Started process (PID=1987) to work on /home/airflow/.local/lib/python3.7/site-packages/airflow/example_dags/example_sla_dag.py
[2025-11-22T12:31:10.715+0000] {processor.py:756} INFO - Processing file /home/airflow/.local/lib/python3.7/site-packages/airflow/example_dags/example_sla_dag.py for tasks to queue
[2025-11-22T12:31:10.723+0000] {logging_mixin.py:120} INFO - [2025-11-22T12:31:10.720+0000] {dagbag.py:537} INFO - Filling up the DagBag from /home/airflow/.local/lib/python3.7/site-packages/airflow/example_dags/example_sla_dag.py
[2025-11-22T12:31:10.768+0000] {processor.py:766} INFO - DAG(s) dict_keys(['example_sla_dag']) retrieved from /home/airflow/.local/lib/python3.7/site-packages/airflow/example_dags/example_sla_dag.py
[2025-11-22T12:31:10.831+0000] {logging_mixin.py:120} INFO - [2025-11-22T12:31:10.831+0000] {dag.py:2585} INFO - Sync 1 DAGs
[2025-11-22T12:31:10.872+0000] {logging_mixin.py:120} INFO - [2025-11-22T12:31:10.872+0000] {dag.py:3340} INFO - Setting next_dagrun for example_sla_dag to 2025-11-22T12:28:00+00:00, run_after=2025-11-22T12:30:00+00:00
[2025-11-22T12:31:10.964+0000] {processor.py:176} INFO - Processing /home/airflow/.local/lib/python3.7/site-packages/airflow/example_dags/example_sla_dag.py took 0.265 seconds
[2025-11-22T12:31:41.192+0000] {processor.py:154} INFO - Started process (PID=2050) to work on /home/airflow/.local/lib/python3.7/site-packages/airflow/example_dags/example_sla_dag.py
[2025-11-22T12:31:41.195+0000] {processor.py:756} INFO - Processing file /home/airflow/.local/lib/python3.7/site-packages/airflow/example_dags/example_sla_dag.py for tasks to queue
[2025-11-22T12:31:41.200+0000] {logging_mixin.py:120} INFO - [2025-11-22T12:31:41.200+0000] {dagbag.py:537} INFO - Filling up the DagBag from /home/airflow/.local/lib/python3.7/site-packages/airflow/example_dags/example_sla_dag.py
[2025-11-22T12:31:41.358+0000] {processor.py:766} INFO - DAG(s) dict_keys(['example_sla_dag']) retrieved from /home/airflow/.local/lib/python3.7/site-packages/airflow/example_dags/example_sla_dag.py
[2025-11-22T12:31:41.455+0000] {logging_mixin.py:120} INFO - [2025-11-22T12:31:41.455+0000] {dag.py:2585} INFO - Sync 1 DAGs
[2025-11-22T12:31:41.523+0000] {logging_mixin.py:120} INFO - [2025-11-22T12:31:41.523+0000] {dag.py:3340} INFO - Setting next_dagrun for example_sla_dag to 2025-11-22T12:28:00+00:00, run_after=2025-11-22T12:30:00+00:00
[2025-11-22T12:31:41.579+0000] {processor.py:176} INFO - Processing /home/airflow/.local/lib/python3.7/site-packages/airflow/example_dags/example_sla_dag.py took 0.402 seconds
[2025-11-22T12:32:12.043+0000] {processor.py:154} INFO - Started process (PID=2106) to work on /home/airflow/.local/lib/python3.7/site-packages/airflow/example_dags/example_sla_dag.py
[2025-11-22T12:32:12.045+0000] {processor.py:756} INFO - Processing file /home/airflow/.local/lib/python3.7/site-packages/airflow/example_dags/example_sla_dag.py for tasks to queue
[2025-11-22T12:32:12.047+0000] {logging_mixin.py:120} INFO - [2025-11-22T12:32:12.046+0000] {dagbag.py:537} INFO - Filling up the DagBag from /home/airflow/.local/lib/python3.7/site-packages/airflow/example_dags/example_sla_dag.py
[2025-11-22T12:32:12.093+0000] {processor.py:766} INFO - DAG(s) dict_keys(['example_sla_dag']) retrieved from /home/airflow/.local/lib/python3.7/site-packages/airflow/example_dags/example_sla_dag.py
[2025-11-22T12:32:12.191+0000] {logging_mixin.py:120} INFO - [2025-11-22T12:32:12.191+0000] {dag.py:2585} INFO - Sync 1 DAGs
[2025-11-22T12:32:12.317+0000] {logging_mixin.py:120} INFO - [2025-11-22T12:32:12.317+0000] {dag.py:3340} INFO - Setting next_dagrun for example_sla_dag to 2025-11-22T12:30:00+00:00, run_after=2025-11-22T12:32:00+00:00
[2025-11-22T12:32:12.354+0000] {processor.py:176} INFO - Processing /home/airflow/.local/lib/python3.7/site-packages/airflow/example_dags/example_sla_dag.py took 0.317 seconds
[2025-11-22T12:32:42.821+0000] {processor.py:154} INFO - Started process (PID=2161) to work on /home/airflow/.local/lib/python3.7/site-packages/airflow/example_dags/example_sla_dag.py
[2025-11-22T12:32:42.822+0000] {processor.py:756} INFO - Processing file /home/airflow/.local/lib/python3.7/site-packages/airflow/example_dags/example_sla_dag.py for tasks to queue
[2025-11-22T12:32:42.824+0000] {logging_mixin.py:120} INFO - [2025-11-22T12:32:42.824+0000] {dagbag.py:537} INFO - Filling up the DagBag from /home/airflow/.local/lib/python3.7/site-packages/airflow/example_dags/example_sla_dag.py
[2025-11-22T12:32:42.869+0000] {processor.py:766} INFO - DAG(s) dict_keys(['example_sla_dag']) retrieved from /home/airflow/.local/lib/python3.7/site-packages/airflow/example_dags/example_sla_dag.py
[2025-11-22T12:32:42.947+0000] {logging_mixin.py:120} INFO - [2025-11-22T12:32:42.947+0000] {dag.py:2585} INFO - Sync 1 DAGs
[2025-11-22T12:32:43.013+0000] {logging_mixin.py:120} INFO - [2025-11-22T12:32:43.012+0000] {dag.py:3340} INFO - Setting next_dagrun for example_sla_dag to 2025-11-22T12:30:00+00:00, run_after=2025-11-22T12:32:00+00:00
[2025-11-22T12:32:43.069+0000] {processor.py:176} INFO - Processing /home/airflow/.local/lib/python3.7/site-packages/airflow/example_dags/example_sla_dag.py took 0.255 seconds
[2025-11-22T12:33:13.179+0000] {processor.py:154} INFO - Started process (PID=2225) to work on /home/airflow/.local/lib/python3.7/site-packages/airflow/example_dags/example_sla_dag.py
[2025-11-22T12:33:13.182+0000] {processor.py:756} INFO - Processing file /home/airflow/.local/lib/python3.7/site-packages/airflow/example_dags/example_sla_dag.py for tasks to queue
[2025-11-22T12:33:13.185+0000] {logging_mixin.py:120} INFO - [2025-11-22T12:33:13.185+0000] {dagbag.py:537} INFO - Filling up the DagBag from /home/airflow/.local/lib/python3.7/site-packages/airflow/example_dags/example_sla_dag.py
[2025-11-22T12:33:13.221+0000] {processor.py:766} INFO - DAG(s) dict_keys(['example_sla_dag']) retrieved from /home/airflow/.local/lib/python3.7/site-packages/airflow/example_dags/example_sla_dag.py
[2025-11-22T12:33:13.281+0000] {logging_mixin.py:120} INFO - [2025-11-22T12:33:13.281+0000] {dag.py:2585} INFO - Sync 1 DAGs
[2025-11-22T12:33:13.325+0000] {logging_mixin.py:120} INFO - [2025-11-22T12:33:13.325+0000] {dag.py:3340} INFO - Setting next_dagrun for example_sla_dag to 2025-11-22T12:30:00+00:00, run_after=2025-11-22T12:32:00+00:00
[2025-11-22T12:33:13.363+0000] {processor.py:176} INFO - Processing /home/airflow/.local/lib/python3.7/site-packages/airflow/example_dags/example_sla_dag.py took 0.189 seconds
[2025-11-22T12:33:43.692+0000] {processor.py:154} INFO - Started process (PID=2289) to work on /home/airflow/.local/lib/python3.7/site-packages/airflow/example_dags/example_sla_dag.py
[2025-11-22T12:33:43.698+0000] {processor.py:756} INFO - Processing file /home/airflow/.local/lib/python3.7/site-packages/airflow/example_dags/example_sla_dag.py for tasks to queue
[2025-11-22T12:33:43.699+0000] {logging_mixin.py:120} INFO - [2025-11-22T12:33:43.699+0000] {dagbag.py:537} INFO - Filling up the DagBag from /home/airflow/.local/lib/python3.7/site-packages/airflow/example_dags/example_sla_dag.py
[2025-11-22T12:33:43.729+0000] {processor.py:766} INFO - DAG(s) dict_keys(['example_sla_dag']) retrieved from /home/airflow/.local/lib/python3.7/site-packages/airflow/example_dags/example_sla_dag.py
[2025-11-22T12:33:43.794+0000] {logging_mixin.py:120} INFO - [2025-11-22T12:33:43.794+0000] {dag.py:2585} INFO - Sync 1 DAGs
[2025-11-22T12:33:43.839+0000] {logging_mixin.py:120} INFO - [2025-11-22T12:33:43.839+0000] {dag.py:3340} INFO - Setting next_dagrun for example_sla_dag to 2025-11-22T12:30:00+00:00, run_after=2025-11-22T12:32:00+00:00
[2025-11-22T12:33:43.869+0000] {processor.py:176} INFO - Processing /home/airflow/.local/lib/python3.7/site-packages/airflow/example_dags/example_sla_dag.py took 0.181 seconds
[2025-11-22T12:34:14.450+0000] {processor.py:154} INFO - Started process (PID=2345) to work on /home/airflow/.local/lib/python3.7/site-packages/airflow/example_dags/example_sla_dag.py
[2025-11-22T12:34:14.452+0000] {processor.py:756} INFO - Processing file /home/airflow/.local/lib/python3.7/site-packages/airflow/example_dags/example_sla_dag.py for tasks to queue
[2025-11-22T12:34:14.455+0000] {logging_mixin.py:120} INFO - [2025-11-22T12:34:14.454+0000] {dagbag.py:537} INFO - Filling up the DagBag from /home/airflow/.local/lib/python3.7/site-packages/airflow/example_dags/example_sla_dag.py
[2025-11-22T12:34:14.493+0000] {processor.py:766} INFO - DAG(s) dict_keys(['example_sla_dag']) retrieved from /home/airflow/.local/lib/python3.7/site-packages/airflow/example_dags/example_sla_dag.py
[2025-11-22T12:34:14.544+0000] {logging_mixin.py:120} INFO - [2025-11-22T12:34:14.544+0000] {dag.py:2585} INFO - Sync 1 DAGs
[2025-11-22T12:34:14.578+0000] {logging_mixin.py:120} INFO - [2025-11-22T12:34:14.578+0000] {dag.py:3340} INFO - Setting next_dagrun for example_sla_dag to 2025-11-22T12:32:00+00:00, run_after=2025-11-22T12:34:00+00:00
[2025-11-22T12:34:14.612+0000] {processor.py:176} INFO - Processing /home/airflow/.local/lib/python3.7/site-packages/airflow/example_dags/example_sla_dag.py took 0.167 seconds
[2025-11-22T12:34:45.157+0000] {processor.py:154} INFO - Started process (PID=2411) to work on /home/airflow/.local/lib/python3.7/site-packages/airflow/example_dags/example_sla_dag.py
[2025-11-22T12:34:45.162+0000] {processor.py:756} INFO - Processing file /home/airflow/.local/lib/python3.7/site-packages/airflow/example_dags/example_sla_dag.py for tasks to queue
[2025-11-22T12:34:45.164+0000] {logging_mixin.py:120} INFO - [2025-11-22T12:34:45.164+0000] {dagbag.py:537} INFO - Filling up the DagBag from /home/airflow/.local/lib/python3.7/site-packages/airflow/example_dags/example_sla_dag.py
[2025-11-22T12:34:45.203+0000] {processor.py:766} INFO - DAG(s) dict_keys(['example_sla_dag']) retrieved from /home/airflow/.local/lib/python3.7/site-packages/airflow/example_dags/example_sla_dag.py
[2025-11-22T12:34:45.276+0000] {logging_mixin.py:120} INFO - [2025-11-22T12:34:45.275+0000] {dag.py:2585} INFO - Sync 1 DAGs
[2025-11-22T12:34:45.317+0000] {logging_mixin.py:120} INFO - [2025-11-22T12:34:45.317+0000] {dag.py:3340} INFO - Setting next_dagrun for example_sla_dag to 2025-11-22T12:32:00+00:00, run_after=2025-11-22T12:34:00+00:00
[2025-11-22T12:34:45.360+0000] {processor.py:176} INFO - Processing /home/airflow/.local/lib/python3.7/site-packages/airflow/example_dags/example_sla_dag.py took 0.208 seconds
[2025-11-22T12:35:16.218+0000] {processor.py:154} INFO - Started process (PID=2475) to work on /home/airflow/.local/lib/python3.7/site-packages/airflow/example_dags/example_sla_dag.py
[2025-11-22T12:35:16.220+0000] {processor.py:756} INFO - Processing file /home/airflow/.local/lib/python3.7/site-packages/airflow/example_dags/example_sla_dag.py for tasks to queue
[2025-11-22T12:35:16.222+0000] {logging_mixin.py:120} INFO - [2025-11-22T12:35:16.221+0000] {dagbag.py:537} INFO - Filling up the DagBag from /home/airflow/.local/lib/python3.7/site-packages/airflow/example_dags/example_sla_dag.py
[2025-11-22T12:35:16.279+0000] {processor.py:766} INFO - DAG(s) dict_keys(['example_sla_dag']) retrieved from /home/airflow/.local/lib/python3.7/site-packages/airflow/example_dags/example_sla_dag.py
[2025-11-22T12:35:16.397+0000] {logging_mixin.py:120} INFO - [2025-11-22T12:35:16.397+0000] {dag.py:2585} INFO - Sync 1 DAGs
[2025-11-22T12:35:16.520+0000] {logging_mixin.py:120} INFO - [2025-11-22T12:35:16.520+0000] {dag.py:3340} INFO - Setting next_dagrun for example_sla_dag to 2025-11-22T12:32:00+00:00, run_after=2025-11-22T12:34:00+00:00
[2025-11-22T12:35:16.592+0000] {processor.py:176} INFO - Processing /home/airflow/.local/lib/python3.7/site-packages/airflow/example_dags/example_sla_dag.py took 0.384 seconds
[2025-11-22T12:35:47.473+0000] {processor.py:154} INFO - Started process (PID=2533) to work on /home/airflow/.local/lib/python3.7/site-packages/airflow/example_dags/example_sla_dag.py
[2025-11-22T12:35:47.475+0000] {processor.py:756} INFO - Processing file /home/airflow/.local/lib/python3.7/site-packages/airflow/example_dags/example_sla_dag.py for tasks to queue
[2025-11-22T12:35:47.485+0000] {logging_mixin.py:120} INFO - [2025-11-22T12:35:47.479+0000] {dagbag.py:537} INFO - Filling up the DagBag from /home/airflow/.local/lib/python3.7/site-packages/airflow/example_dags/example_sla_dag.py
[2025-11-22T12:35:47.536+0000] {processor.py:766} INFO - DAG(s) dict_keys(['example_sla_dag']) retrieved from /home/airflow/.local/lib/python3.7/site-packages/airflow/example_dags/example_sla_dag.py
[2025-11-22T12:35:47.611+0000] {logging_mixin.py:120} INFO - [2025-11-22T12:35:47.611+0000] {dag.py:2585} INFO - Sync 1 DAGs
[2025-11-22T12:35:47.672+0000] {logging_mixin.py:120} INFO - [2025-11-22T12:35:47.672+0000] {dag.py:3340} INFO - Setting next_dagrun for example_sla_dag to 2025-11-22T12:32:00+00:00, run_after=2025-11-22T12:34:00+00:00
[2025-11-22T12:35:47.716+0000] {processor.py:176} INFO - Processing /home/airflow/.local/lib/python3.7/site-packages/airflow/example_dags/example_sla_dag.py took 0.249 seconds
[2025-11-22T12:36:18.142+0000] {processor.py:154} INFO - Started process (PID=2597) to work on /home/airflow/.local/lib/python3.7/site-packages/airflow/example_dags/example_sla_dag.py
[2025-11-22T12:36:18.147+0000] {processor.py:756} INFO - Processing file /home/airflow/.local/lib/python3.7/site-packages/airflow/example_dags/example_sla_dag.py for tasks to queue
[2025-11-22T12:36:18.148+0000] {logging_mixin.py:120} INFO - [2025-11-22T12:36:18.148+0000] {dagbag.py:537} INFO - Filling up the DagBag from /home/airflow/.local/lib/python3.7/site-packages/airflow/example_dags/example_sla_dag.py
[2025-11-22T12:36:18.199+0000] {processor.py:766} INFO - DAG(s) dict_keys(['example_sla_dag']) retrieved from /home/airflow/.local/lib/python3.7/site-packages/airflow/example_dags/example_sla_dag.py
[2025-11-22T12:36:18.287+0000] {logging_mixin.py:120} INFO - [2025-11-22T12:36:18.287+0000] {dag.py:2585} INFO - Sync 1 DAGs
[2025-11-22T12:36:18.325+0000] {logging_mixin.py:120} INFO - [2025-11-22T12:36:18.325+0000] {dag.py:3340} INFO - Setting next_dagrun for example_sla_dag to 2025-11-22T12:34:00+00:00, run_after=2025-11-22T12:36:00+00:00
[2025-11-22T12:36:18.362+0000] {processor.py:176} INFO - Processing /home/airflow/.local/lib/python3.7/site-packages/airflow/example_dags/example_sla_dag.py took 0.230 seconds
[2025-11-22T12:36:49.015+0000] {processor.py:154} INFO - Started process (PID=2653) to work on /home/airflow/.local/lib/python3.7/site-packages/airflow/example_dags/example_sla_dag.py
[2025-11-22T12:36:49.017+0000] {processor.py:756} INFO - Processing file /home/airflow/.local/lib/python3.7/site-packages/airflow/example_dags/example_sla_dag.py for tasks to queue
[2025-11-22T12:36:49.019+0000] {logging_mixin.py:120} INFO - [2025-11-22T12:36:49.019+0000] {dagbag.py:537} INFO - Filling up the DagBag from /home/airflow/.local/lib/python3.7/site-packages/airflow/example_dags/example_sla_dag.py
[2025-11-22T12:36:49.061+0000] {processor.py:766} INFO - DAG(s) dict_keys(['example_sla_dag']) retrieved from /home/airflow/.local/lib/python3.7/site-packages/airflow/example_dags/example_sla_dag.py
[2025-11-22T12:36:49.139+0000] {logging_mixin.py:120} INFO - [2025-11-22T12:36:49.139+0000] {dag.py:2585} INFO - Sync 1 DAGs
[2025-11-22T12:36:49.204+0000] {logging_mixin.py:120} INFO - [2025-11-22T12:36:49.204+0000] {dag.py:3340} INFO - Setting next_dagrun for example_sla_dag to 2025-11-22T12:34:00+00:00, run_after=2025-11-22T12:36:00+00:00
[2025-11-22T12:36:49.239+0000] {processor.py:176} INFO - Processing /home/airflow/.local/lib/python3.7/site-packages/airflow/example_dags/example_sla_dag.py took 0.230 seconds
[2025-11-22T12:37:19.511+0000] {processor.py:154} INFO - Started process (PID=2718) to work on /home/airflow/.local/lib/python3.7/site-packages/airflow/example_dags/example_sla_dag.py
[2025-11-22T12:37:19.513+0000] {processor.py:756} INFO - Processing file /home/airflow/.local/lib/python3.7/site-packages/airflow/example_dags/example_sla_dag.py for tasks to queue
[2025-11-22T12:37:19.514+0000] {logging_mixin.py:120} INFO - [2025-11-22T12:37:19.514+0000] {dagbag.py:537} INFO - Filling up the DagBag from /home/airflow/.local/lib/python3.7/site-packages/airflow/example_dags/example_sla_dag.py
[2025-11-22T12:37:19.548+0000] {processor.py:766} INFO - DAG(s) dict_keys(['example_sla_dag']) retrieved from /home/airflow/.local/lib/python3.7/site-packages/airflow/example_dags/example_sla_dag.py
[2025-11-22T12:37:19.606+0000] {logging_mixin.py:120} INFO - [2025-11-22T12:37:19.606+0000] {dag.py:2585} INFO - Sync 1 DAGs
[2025-11-22T12:37:19.657+0000] {logging_mixin.py:120} INFO - [2025-11-22T12:37:19.657+0000] {dag.py:3340} INFO - Setting next_dagrun for example_sla_dag to 2025-11-22T12:34:00+00:00, run_after=2025-11-22T12:36:00+00:00
[2025-11-22T12:37:19.696+0000] {processor.py:176} INFO - Processing /home/airflow/.local/lib/python3.7/site-packages/airflow/example_dags/example_sla_dag.py took 0.191 seconds
[2025-11-22T12:37:49.822+0000] {processor.py:154} INFO - Started process (PID=2774) to work on /home/airflow/.local/lib/python3.7/site-packages/airflow/example_dags/example_sla_dag.py
[2025-11-22T12:37:49.824+0000] {processor.py:756} INFO - Processing file /home/airflow/.local/lib/python3.7/site-packages/airflow/example_dags/example_sla_dag.py for tasks to queue
[2025-11-22T12:37:49.832+0000] {logging_mixin.py:120} INFO - [2025-11-22T12:37:49.832+0000] {dagbag.py:537} INFO - Filling up the DagBag from /home/airflow/.local/lib/python3.7/site-packages/airflow/example_dags/example_sla_dag.py
[2025-11-22T12:37:49.908+0000] {processor.py:766} INFO - DAG(s) dict_keys(['example_sla_dag']) retrieved from /home/airflow/.local/lib/python3.7/site-packages/airflow/example_dags/example_sla_dag.py
[2025-11-22T12:37:50.029+0000] {logging_mixin.py:120} INFO - [2025-11-22T12:37:50.029+0000] {dag.py:2585} INFO - Sync 1 DAGs
[2025-11-22T12:37:50.153+0000] {logging_mixin.py:120} INFO - [2025-11-22T12:37:50.153+0000] {dag.py:3340} INFO - Setting next_dagrun for example_sla_dag to 2025-11-22T12:34:00+00:00, run_after=2025-11-22T12:36:00+00:00
[2025-11-22T12:37:50.231+0000] {processor.py:176} INFO - Processing /home/airflow/.local/lib/python3.7/site-packages/airflow/example_dags/example_sla_dag.py took 0.414 seconds
[2025-11-22T12:38:20.293+0000] {processor.py:154} INFO - Started process (PID=2840) to work on /home/airflow/.local/lib/python3.7/site-packages/airflow/example_dags/example_sla_dag.py
[2025-11-22T12:38:20.296+0000] {processor.py:756} INFO - Processing file /home/airflow/.local/lib/python3.7/site-packages/airflow/example_dags/example_sla_dag.py for tasks to queue
[2025-11-22T12:38:20.300+0000] {logging_mixin.py:120} INFO - [2025-11-22T12:38:20.300+0000] {dagbag.py:537} INFO - Filling up the DagBag from /home/airflow/.local/lib/python3.7/site-packages/airflow/example_dags/example_sla_dag.py
[2025-11-22T12:38:20.351+0000] {processor.py:766} INFO - DAG(s) dict_keys(['example_sla_dag']) retrieved from /home/airflow/.local/lib/python3.7/site-packages/airflow/example_dags/example_sla_dag.py
[2025-11-22T12:38:20.444+0000] {logging_mixin.py:120} INFO - [2025-11-22T12:38:20.444+0000] {dag.py:2585} INFO - Sync 1 DAGs
[2025-11-22T12:38:20.525+0000] {logging_mixin.py:120} INFO - [2025-11-22T12:38:20.525+0000] {dag.py:3340} INFO - Setting next_dagrun for example_sla_dag to 2025-11-22T12:36:00+00:00, run_after=2025-11-22T12:38:00+00:00
[2025-11-22T12:38:20.573+0000] {processor.py:176} INFO - Processing /home/airflow/.local/lib/python3.7/site-packages/airflow/example_dags/example_sla_dag.py took 0.286 seconds
[2025-11-22T12:38:50.681+0000] {processor.py:154} INFO - Started process (PID=2896) to work on /home/airflow/.local/lib/python3.7/site-packages/airflow/example_dags/example_sla_dag.py
[2025-11-22T12:38:50.687+0000] {processor.py:756} INFO - Processing file /home/airflow/.local/lib/python3.7/site-packages/airflow/example_dags/example_sla_dag.py for tasks to queue
[2025-11-22T12:38:50.688+0000] {logging_mixin.py:120} INFO - [2025-11-22T12:38:50.688+0000] {dagbag.py:537} INFO - Filling up the DagBag from /home/airflow/.local/lib/python3.7/site-packages/airflow/example_dags/example_sla_dag.py
[2025-11-22T12:38:50.734+0000] {processor.py:766} INFO - DAG(s) dict_keys(['example_sla_dag']) retrieved from /home/airflow/.local/lib/python3.7/site-packages/airflow/example_dags/example_sla_dag.py
[2025-11-22T12:38:50.840+0000] {logging_mixin.py:120} INFO - [2025-11-22T12:38:50.840+0000] {dag.py:2585} INFO - Sync 1 DAGs
[2025-11-22T12:38:50.905+0000] {logging_mixin.py:120} INFO - [2025-11-22T12:38:50.904+0000] {dag.py:3340} INFO - Setting next_dagrun for example_sla_dag to 2025-11-22T12:36:00+00:00, run_after=2025-11-22T12:38:00+00:00
[2025-11-22T12:38:50.954+0000] {processor.py:176} INFO - Processing /home/airflow/.local/lib/python3.7/site-packages/airflow/example_dags/example_sla_dag.py took 0.279 seconds
[2025-11-22T12:39:21.373+0000] {processor.py:154} INFO - Started process (PID=2952) to work on /home/airflow/.local/lib/python3.7/site-packages/airflow/example_dags/example_sla_dag.py
[2025-11-22T12:39:21.375+0000] {processor.py:756} INFO - Processing file /home/airflow/.local/lib/python3.7/site-packages/airflow/example_dags/example_sla_dag.py for tasks to queue
[2025-11-22T12:39:21.376+0000] {logging_mixin.py:120} INFO - [2025-11-22T12:39:21.376+0000] {dagbag.py:537} INFO - Filling up the DagBag from /home/airflow/.local/lib/python3.7/site-packages/airflow/example_dags/example_sla_dag.py
[2025-11-22T12:39:21.416+0000] {processor.py:766} INFO - DAG(s) dict_keys(['example_sla_dag']) retrieved from /home/airflow/.local/lib/python3.7/site-packages/airflow/example_dags/example_sla_dag.py
[2025-11-22T12:39:21.476+0000] {logging_mixin.py:120} INFO - [2025-11-22T12:39:21.476+0000] {dag.py:2585} INFO - Sync 1 DAGs
[2025-11-22T12:39:21.561+0000] {logging_mixin.py:120} INFO - [2025-11-22T12:39:21.561+0000] {dag.py:3340} INFO - Setting next_dagrun for example_sla_dag to 2025-11-22T12:36:00+00:00, run_after=2025-11-22T12:38:00+00:00
[2025-11-22T12:39:21.622+0000] {processor.py:176} INFO - Processing /home/airflow/.local/lib/python3.7/site-packages/airflow/example_dags/example_sla_dag.py took 0.252 seconds
[2025-11-22T12:39:52.294+0000] {processor.py:154} INFO - Started process (PID=3017) to work on /home/airflow/.local/lib/python3.7/site-packages/airflow/example_dags/example_sla_dag.py
[2025-11-22T12:39:52.297+0000] {processor.py:756} INFO - Processing file /home/airflow/.local/lib/python3.7/site-packages/airflow/example_dags/example_sla_dag.py for tasks to queue
[2025-11-22T12:39:52.302+0000] {logging_mixin.py:120} INFO - [2025-11-22T12:39:52.299+0000] {dagbag.py:537} INFO - Filling up the DagBag from /home/airflow/.local/lib/python3.7/site-packages/airflow/example_dags/example_sla_dag.py
[2025-11-22T12:39:52.386+0000] {processor.py:766} INFO - DAG(s) dict_keys(['example_sla_dag']) retrieved from /home/airflow/.local/lib/python3.7/site-packages/airflow/example_dags/example_sla_dag.py
[2025-11-22T12:39:52.494+0000] {logging_mixin.py:120} INFO - [2025-11-22T12:39:52.494+0000] {dag.py:2585} INFO - Sync 1 DAGs
[2025-11-22T12:39:52.585+0000] {logging_mixin.py:120} INFO - [2025-11-22T12:39:52.585+0000] {dag.py:3340} INFO - Setting next_dagrun for example_sla_dag to 2025-11-22T12:36:00+00:00, run_after=2025-11-22T12:38:00+00:00
[2025-11-22T12:39:52.657+0000] {processor.py:176} INFO - Processing /home/airflow/.local/lib/python3.7/site-packages/airflow/example_dags/example_sla_dag.py took 0.370 seconds
[2025-11-22T12:40:22.965+0000] {processor.py:154} INFO - Started process (PID=3082) to work on /home/airflow/.local/lib/python3.7/site-packages/airflow/example_dags/example_sla_dag.py
[2025-11-22T12:40:22.969+0000] {processor.py:756} INFO - Processing file /home/airflow/.local/lib/python3.7/site-packages/airflow/example_dags/example_sla_dag.py for tasks to queue
[2025-11-22T12:40:22.971+0000] {logging_mixin.py:120} INFO - [2025-11-22T12:40:22.970+0000] {dagbag.py:537} INFO - Filling up the DagBag from /home/airflow/.local/lib/python3.7/site-packages/airflow/example_dags/example_sla_dag.py
[2025-11-22T12:40:23.028+0000] {processor.py:766} INFO - DAG(s) dict_keys(['example_sla_dag']) retrieved from /home/airflow/.local/lib/python3.7/site-packages/airflow/example_dags/example_sla_dag.py
[2025-11-22T12:40:23.137+0000] {logging_mixin.py:120} INFO - [2025-11-22T12:40:23.136+0000] {dag.py:2585} INFO - Sync 1 DAGs
[2025-11-22T12:40:23.193+0000] {logging_mixin.py:120} INFO - [2025-11-22T12:40:23.193+0000] {dag.py:3340} INFO - Setting next_dagrun for example_sla_dag to 2025-11-22T12:38:00+00:00, run_after=2025-11-22T12:40:00+00:00
[2025-11-22T12:40:23.241+0000] {processor.py:176} INFO - Processing /home/airflow/.local/lib/python3.7/site-packages/airflow/example_dags/example_sla_dag.py took 0.283 seconds
[2025-11-22T12:40:53.685+0000] {processor.py:154} INFO - Started process (PID=3140) to work on /home/airflow/.local/lib/python3.7/site-packages/airflow/example_dags/example_sla_dag.py
[2025-11-22T12:40:53.687+0000] {processor.py:756} INFO - Processing file /home/airflow/.local/lib/python3.7/site-packages/airflow/example_dags/example_sla_dag.py for tasks to queue
[2025-11-22T12:40:53.688+0000] {logging_mixin.py:120} INFO - [2025-11-22T12:40:53.688+0000] {dagbag.py:537} INFO - Filling up the DagBag from /home/airflow/.local/lib/python3.7/site-packages/airflow/example_dags/example_sla_dag.py
[2025-11-22T12:40:53.727+0000] {processor.py:766} INFO - DAG(s) dict_keys(['example_sla_dag']) retrieved from /home/airflow/.local/lib/python3.7/site-packages/airflow/example_dags/example_sla_dag.py
[2025-11-22T12:40:53.796+0000] {logging_mixin.py:120} INFO - [2025-11-22T12:40:53.795+0000] {dag.py:2585} INFO - Sync 1 DAGs
[2025-11-22T12:40:53.835+0000] {logging_mixin.py:120} INFO - [2025-11-22T12:40:53.835+0000] {dag.py:3340} INFO - Setting next_dagrun for example_sla_dag to 2025-11-22T12:38:00+00:00, run_after=2025-11-22T12:40:00+00:00
[2025-11-22T12:40:53.894+0000] {processor.py:176} INFO - Processing /home/airflow/.local/lib/python3.7/site-packages/airflow/example_dags/example_sla_dag.py took 0.213 seconds
[2025-11-22T12:41:24.074+0000] {processor.py:154} INFO - Started process (PID=3208) to work on /home/airflow/.local/lib/python3.7/site-packages/airflow/example_dags/example_sla_dag.py
[2025-11-22T12:41:24.075+0000] {processor.py:756} INFO - Processing file /home/airflow/.local/lib/python3.7/site-packages/airflow/example_dags/example_sla_dag.py for tasks to queue
[2025-11-22T12:41:24.076+0000] {logging_mixin.py:120} INFO - [2025-11-22T12:41:24.076+0000] {dagbag.py:537} INFO - Filling up the DagBag from /home/airflow/.local/lib/python3.7/site-packages/airflow/example_dags/example_sla_dag.py
[2025-11-22T12:41:24.101+0000] {processor.py:766} INFO - DAG(s) dict_keys(['example_sla_dag']) retrieved from /home/airflow/.local/lib/python3.7/site-packages/airflow/example_dags/example_sla_dag.py
[2025-11-22T12:41:24.148+0000] {logging_mixin.py:120} INFO - [2025-11-22T12:41:24.147+0000] {dag.py:2585} INFO - Sync 1 DAGs
[2025-11-22T12:41:24.178+0000] {logging_mixin.py:120} INFO - [2025-11-22T12:41:24.178+0000] {dag.py:3340} INFO - Setting next_dagrun for example_sla_dag to 2025-11-22T12:38:00+00:00, run_after=2025-11-22T12:40:00+00:00
[2025-11-22T12:41:24.205+0000] {processor.py:176} INFO - Processing /home/airflow/.local/lib/python3.7/site-packages/airflow/example_dags/example_sla_dag.py took 0.135 seconds
[2025-11-22T12:41:54.242+0000] {processor.py:154} INFO - Started process (PID=3263) to work on /home/airflow/.local/lib/python3.7/site-packages/airflow/example_dags/example_sla_dag.py
[2025-11-22T12:41:54.243+0000] {processor.py:756} INFO - Processing file /home/airflow/.local/lib/python3.7/site-packages/airflow/example_dags/example_sla_dag.py for tasks to queue
[2025-11-22T12:41:54.245+0000] {logging_mixin.py:120} INFO - [2025-11-22T12:41:54.245+0000] {dagbag.py:537} INFO - Filling up the DagBag from /home/airflow/.local/lib/python3.7/site-packages/airflow/example_dags/example_sla_dag.py
[2025-11-22T12:41:54.272+0000] {processor.py:766} INFO - DAG(s) dict_keys(['example_sla_dag']) retrieved from /home/airflow/.local/lib/python3.7/site-packages/airflow/example_dags/example_sla_dag.py
[2025-11-22T12:41:54.329+0000] {logging_mixin.py:120} INFO - [2025-11-22T12:41:54.328+0000] {dag.py:2585} INFO - Sync 1 DAGs
[2025-11-22T12:41:54.369+0000] {logging_mixin.py:120} INFO - [2025-11-22T12:41:54.369+0000] {dag.py:3340} INFO - Setting next_dagrun for example_sla_dag to 2025-11-22T12:38:00+00:00, run_after=2025-11-22T12:40:00+00:00
[2025-11-22T12:41:54.391+0000] {processor.py:176} INFO - Processing /home/airflow/.local/lib/python3.7/site-packages/airflow/example_dags/example_sla_dag.py took 0.153 seconds
[2025-11-22T12:42:24.569+0000] {processor.py:154} INFO - Started process (PID=3327) to work on /home/airflow/.local/lib/python3.7/site-packages/airflow/example_dags/example_sla_dag.py
[2025-11-22T12:42:24.572+0000] {processor.py:756} INFO - Processing file /home/airflow/.local/lib/python3.7/site-packages/airflow/example_dags/example_sla_dag.py for tasks to queue
[2025-11-22T12:42:24.574+0000] {logging_mixin.py:120} INFO - [2025-11-22T12:42:24.574+0000] {dagbag.py:537} INFO - Filling up the DagBag from /home/airflow/.local/lib/python3.7/site-packages/airflow/example_dags/example_sla_dag.py
[2025-11-22T12:42:24.638+0000] {processor.py:766} INFO - DAG(s) dict_keys(['example_sla_dag']) retrieved from /home/airflow/.local/lib/python3.7/site-packages/airflow/example_dags/example_sla_dag.py
[2025-11-22T12:42:24.758+0000] {logging_mixin.py:120} INFO - [2025-11-22T12:42:24.757+0000] {dag.py:2585} INFO - Sync 1 DAGs
[2025-11-22T12:42:24.820+0000] {logging_mixin.py:120} INFO - [2025-11-22T12:42:24.820+0000] {dag.py:3340} INFO - Setting next_dagrun for example_sla_dag to 2025-11-22T12:40:00+00:00, run_after=2025-11-22T12:42:00+00:00
[2025-11-22T12:42:24.861+0000] {processor.py:176} INFO - Processing /home/airflow/.local/lib/python3.7/site-packages/airflow/example_dags/example_sla_dag.py took 0.299 seconds
[2025-11-22T12:42:55.645+0000] {processor.py:154} INFO - Started process (PID=3382) to work on /home/airflow/.local/lib/python3.7/site-packages/airflow/example_dags/example_sla_dag.py
[2025-11-22T12:42:55.647+0000] {processor.py:756} INFO - Processing file /home/airflow/.local/lib/python3.7/site-packages/airflow/example_dags/example_sla_dag.py for tasks to queue
[2025-11-22T12:42:55.649+0000] {logging_mixin.py:120} INFO - [2025-11-22T12:42:55.649+0000] {dagbag.py:537} INFO - Filling up the DagBag from /home/airflow/.local/lib/python3.7/site-packages/airflow/example_dags/example_sla_dag.py
[2025-11-22T12:42:55.692+0000] {processor.py:766} INFO - DAG(s) dict_keys(['example_sla_dag']) retrieved from /home/airflow/.local/lib/python3.7/site-packages/airflow/example_dags/example_sla_dag.py
[2025-11-22T12:42:55.779+0000] {logging_mixin.py:120} INFO - [2025-11-22T12:42:55.778+0000] {dag.py:2585} INFO - Sync 1 DAGs
[2025-11-22T12:42:55.824+0000] {logging_mixin.py:120} INFO - [2025-11-22T12:42:55.824+0000] {dag.py:3340} INFO - Setting next_dagrun for example_sla_dag to 2025-11-22T12:40:00+00:00, run_after=2025-11-22T12:42:00+00:00
[2025-11-22T12:42:55.869+0000] {processor.py:176} INFO - Processing /home/airflow/.local/lib/python3.7/site-packages/airflow/example_dags/example_sla_dag.py took 0.229 seconds
[2025-11-22T12:43:26.420+0000] {processor.py:154} INFO - Started process (PID=3445) to work on /home/airflow/.local/lib/python3.7/site-packages/airflow/example_dags/example_sla_dag.py
[2025-11-22T12:43:26.428+0000] {processor.py:756} INFO - Processing file /home/airflow/.local/lib/python3.7/site-packages/airflow/example_dags/example_sla_dag.py for tasks to queue
[2025-11-22T12:43:26.431+0000] {logging_mixin.py:120} INFO - [2025-11-22T12:43:26.430+0000] {dagbag.py:537} INFO - Filling up the DagBag from /home/airflow/.local/lib/python3.7/site-packages/airflow/example_dags/example_sla_dag.py
[2025-11-22T12:43:26.495+0000] {processor.py:766} INFO - DAG(s) dict_keys(['example_sla_dag']) retrieved from /home/airflow/.local/lib/python3.7/site-packages/airflow/example_dags/example_sla_dag.py
[2025-11-22T12:43:26.629+0000] {logging_mixin.py:120} INFO - [2025-11-22T12:43:26.629+0000] {dag.py:2585} INFO - Sync 1 DAGs
[2025-11-22T12:43:26.702+0000] {logging_mixin.py:120} INFO - [2025-11-22T12:43:26.702+0000] {dag.py:3340} INFO - Setting next_dagrun for example_sla_dag to 2025-11-22T12:40:00+00:00, run_after=2025-11-22T12:42:00+00:00
[2025-11-22T12:43:26.757+0000] {processor.py:176} INFO - Processing /home/airflow/.local/lib/python3.7/site-packages/airflow/example_dags/example_sla_dag.py took 0.349 seconds
[2025-11-22T12:43:56.993+0000] {processor.py:154} INFO - Started process (PID=3503) to work on /home/airflow/.local/lib/python3.7/site-packages/airflow/example_dags/example_sla_dag.py
[2025-11-22T12:43:56.995+0000] {processor.py:756} INFO - Processing file /home/airflow/.local/lib/python3.7/site-packages/airflow/example_dags/example_sla_dag.py for tasks to queue
[2025-11-22T12:43:56.996+0000] {logging_mixin.py:120} INFO - [2025-11-22T12:43:56.996+0000] {dagbag.py:537} INFO - Filling up the DagBag from /home/airflow/.local/lib/python3.7/site-packages/airflow/example_dags/example_sla_dag.py
[2025-11-22T12:43:57.046+0000] {processor.py:766} INFO - DAG(s) dict_keys(['example_sla_dag']) retrieved from /home/airflow/.local/lib/python3.7/site-packages/airflow/example_dags/example_sla_dag.py
[2025-11-22T12:43:57.115+0000] {logging_mixin.py:120} INFO - [2025-11-22T12:43:57.115+0000] {dag.py:2585} INFO - Sync 1 DAGs
[2025-11-22T12:43:57.152+0000] {logging_mixin.py:120} INFO - [2025-11-22T12:43:57.152+0000] {dag.py:3340} INFO - Setting next_dagrun for example_sla_dag to 2025-11-22T12:40:00+00:00, run_after=2025-11-22T12:42:00+00:00
[2025-11-22T12:43:57.184+0000] {processor.py:176} INFO - Processing /home/airflow/.local/lib/python3.7/site-packages/airflow/example_dags/example_sla_dag.py took 0.196 seconds
[2025-11-22T12:44:27.343+0000] {processor.py:154} INFO - Started process (PID=3559) to work on /home/airflow/.local/lib/python3.7/site-packages/airflow/example_dags/example_sla_dag.py
[2025-11-22T12:44:27.345+0000] {processor.py:756} INFO - Processing file /home/airflow/.local/lib/python3.7/site-packages/airflow/example_dags/example_sla_dag.py for tasks to queue
[2025-11-22T12:44:27.346+0000] {logging_mixin.py:120} INFO - [2025-11-22T12:44:27.346+0000] {dagbag.py:537} INFO - Filling up the DagBag from /home/airflow/.local/lib/python3.7/site-packages/airflow/example_dags/example_sla_dag.py
[2025-11-22T12:44:27.384+0000] {processor.py:766} INFO - DAG(s) dict_keys(['example_sla_dag']) retrieved from /home/airflow/.local/lib/python3.7/site-packages/airflow/example_dags/example_sla_dag.py
[2025-11-22T12:44:27.451+0000] {logging_mixin.py:120} INFO - [2025-11-22T12:44:27.450+0000] {dag.py:2585} INFO - Sync 1 DAGs
[2025-11-22T12:44:27.500+0000] {logging_mixin.py:120} INFO - [2025-11-22T12:44:27.500+0000] {dag.py:3340} INFO - Setting next_dagrun for example_sla_dag to 2025-11-22T12:42:00+00:00, run_after=2025-11-22T12:44:00+00:00
[2025-11-22T12:44:27.538+0000] {processor.py:176} INFO - Processing /home/airflow/.local/lib/python3.7/site-packages/airflow/example_dags/example_sla_dag.py took 0.200 seconds
[2025-11-22T12:44:57.784+0000] {processor.py:154} INFO - Started process (PID=3624) to work on /home/airflow/.local/lib/python3.7/site-packages/airflow/example_dags/example_sla_dag.py
[2025-11-22T12:44:57.786+0000] {processor.py:756} INFO - Processing file /home/airflow/.local/lib/python3.7/site-packages/airflow/example_dags/example_sla_dag.py for tasks to queue
[2025-11-22T12:44:57.788+0000] {logging_mixin.py:120} INFO - [2025-11-22T12:44:57.787+0000] {dagbag.py:537} INFO - Filling up the DagBag from /home/airflow/.local/lib/python3.7/site-packages/airflow/example_dags/example_sla_dag.py
[2025-11-22T12:44:57.825+0000] {processor.py:766} INFO - DAG(s) dict_keys(['example_sla_dag']) retrieved from /home/airflow/.local/lib/python3.7/site-packages/airflow/example_dags/example_sla_dag.py
[2025-11-22T12:44:57.894+0000] {logging_mixin.py:120} INFO - [2025-11-22T12:44:57.894+0000] {dag.py:2585} INFO - Sync 1 DAGs
[2025-11-22T12:44:57.950+0000] {logging_mixin.py:120} INFO - [2025-11-22T12:44:57.950+0000] {dag.py:3340} INFO - Setting next_dagrun for example_sla_dag to 2025-11-22T12:42:00+00:00, run_after=2025-11-22T12:44:00+00:00
[2025-11-22T12:44:57.996+0000] {processor.py:176} INFO - Processing /home/airflow/.local/lib/python3.7/site-packages/airflow/example_dags/example_sla_dag.py took 0.216 seconds
[2025-11-22T12:45:28.162+0000] {processor.py:154} INFO - Started process (PID=3679) to work on /home/airflow/.local/lib/python3.7/site-packages/airflow/example_dags/example_sla_dag.py
[2025-11-22T12:45:28.163+0000] {processor.py:756} INFO - Processing file /home/airflow/.local/lib/python3.7/site-packages/airflow/example_dags/example_sla_dag.py for tasks to queue
[2025-11-22T12:45:28.165+0000] {logging_mixin.py:120} INFO - [2025-11-22T12:45:28.164+0000] {dagbag.py:537} INFO - Filling up the DagBag from /home/airflow/.local/lib/python3.7/site-packages/airflow/example_dags/example_sla_dag.py
[2025-11-22T12:45:28.223+0000] {processor.py:766} INFO - DAG(s) dict_keys(['example_sla_dag']) retrieved from /home/airflow/.local/lib/python3.7/site-packages/airflow/example_dags/example_sla_dag.py
[2025-11-22T12:45:28.360+0000] {logging_mixin.py:120} INFO - [2025-11-22T12:45:28.359+0000] {dag.py:2585} INFO - Sync 1 DAGs
[2025-11-22T12:45:28.451+0000] {logging_mixin.py:120} INFO - [2025-11-22T12:45:28.449+0000] {dag.py:3340} INFO - Setting next_dagrun for example_sla_dag to 2025-11-22T12:42:00+00:00, run_after=2025-11-22T12:44:00+00:00
[2025-11-22T12:45:28.517+0000] {processor.py:176} INFO - Processing /home/airflow/.local/lib/python3.7/site-packages/airflow/example_dags/example_sla_dag.py took 0.364 seconds
[2025-11-22T12:45:58.651+0000] {processor.py:154} INFO - Started process (PID=3745) to work on /home/airflow/.local/lib/python3.7/site-packages/airflow/example_dags/example_sla_dag.py
[2025-11-22T12:45:58.653+0000] {processor.py:756} INFO - Processing file /home/airflow/.local/lib/python3.7/site-packages/airflow/example_dags/example_sla_dag.py for tasks to queue
[2025-11-22T12:45:58.654+0000] {logging_mixin.py:120} INFO - [2025-11-22T12:45:58.654+0000] {dagbag.py:537} INFO - Filling up the DagBag from /home/airflow/.local/lib/python3.7/site-packages/airflow/example_dags/example_sla_dag.py
[2025-11-22T12:45:58.697+0000] {processor.py:766} INFO - DAG(s) dict_keys(['example_sla_dag']) retrieved from /home/airflow/.local/lib/python3.7/site-packages/airflow/example_dags/example_sla_dag.py
[2025-11-22T12:45:58.788+0000] {logging_mixin.py:120} INFO - [2025-11-22T12:45:58.788+0000] {dag.py:2585} INFO - Sync 1 DAGs
[2025-11-22T12:45:58.868+0000] {logging_mixin.py:120} INFO - [2025-11-22T12:45:58.868+0000] {dag.py:3340} INFO - Setting next_dagrun for example_sla_dag to 2025-11-22T12:42:00+00:00, run_after=2025-11-22T12:44:00+00:00
[2025-11-22T12:45:58.904+0000] {processor.py:176} INFO - Processing /home/airflow/.local/lib/python3.7/site-packages/airflow/example_dags/example_sla_dag.py took 0.264 seconds
