[2025-11-23T07:14:28.408+0000] {processor.py:154} INFO - Started process (PID=4742) to work on /opt/airflow/dags/example_bash_dag.py
[2025-11-23T07:14:28.410+0000] {processor.py:756} INFO - Processing file /opt/airflow/dags/example_bash_dag.py for tasks to queue
[2025-11-23T07:14:28.411+0000] {logging_mixin.py:120} INFO - [2025-11-23T07:14:28.411+0000] {dagbag.py:537} INFO - Filling up the DagBag from /opt/airflow/dags/example_bash_dag.py
[2025-11-23T07:14:28.457+0000] {processor.py:766} INFO - DAG(s) dict_keys(['example_bash_dag']) retrieved from /opt/airflow/dags/example_bash_dag.py
[2025-11-23T07:14:28.662+0000] {logging_mixin.py:120} INFO - [2025-11-23T07:14:28.662+0000] {manager.py:507} INFO - Created Permission View: can delete on DAG:example_bash_dag
[2025-11-23T07:14:28.673+0000] {logging_mixin.py:120} INFO - [2025-11-23T07:14:28.673+0000] {manager.py:507} INFO - Created Permission View: can edit on DAG:example_bash_dag
[2025-11-23T07:14:28.683+0000] {logging_mixin.py:120} INFO - [2025-11-23T07:14:28.683+0000] {manager.py:507} INFO - Created Permission View: can read on DAG:example_bash_dag
[2025-11-23T07:14:28.684+0000] {logging_mixin.py:120} INFO - [2025-11-23T07:14:28.683+0000] {dag.py:2585} INFO - Sync 1 DAGs
[2025-11-23T07:14:28.697+0000] {logging_mixin.py:120} INFO - [2025-11-23T07:14:28.697+0000] {dag.py:2606} INFO - Creating ORM DAG for example_bash_dag
[2025-11-23T07:14:28.710+0000] {logging_mixin.py:120} INFO - [2025-11-23T07:14:28.710+0000] {dag.py:3340} INFO - Setting next_dagrun for example_bash_dag to 2025-11-23T00:00:00+00:00, run_after=2025-11-24T00:00:00+00:00
[2025-11-23T07:14:28.732+0000] {processor.py:176} INFO - Processing /opt/airflow/dags/example_bash_dag.py took 0.327 seconds
[2025-11-23T07:14:58.889+0000] {processor.py:154} INFO - Started process (PID=4809) to work on /opt/airflow/dags/example_bash_dag.py
[2025-11-23T07:14:58.891+0000] {processor.py:756} INFO - Processing file /opt/airflow/dags/example_bash_dag.py for tasks to queue
[2025-11-23T07:14:58.893+0000] {logging_mixin.py:120} INFO - [2025-11-23T07:14:58.893+0000] {dagbag.py:537} INFO - Filling up the DagBag from /opt/airflow/dags/example_bash_dag.py
[2025-11-23T07:14:58.931+0000] {processor.py:766} INFO - DAG(s) dict_keys(['example_bash_dag']) retrieved from /opt/airflow/dags/example_bash_dag.py
[2025-11-23T07:14:59.013+0000] {logging_mixin.py:120} INFO - [2025-11-23T07:14:59.013+0000] {dag.py:2585} INFO - Sync 1 DAGs
[2025-11-23T07:14:59.049+0000] {logging_mixin.py:120} INFO - [2025-11-23T07:14:59.049+0000] {dag.py:3340} INFO - Setting next_dagrun for example_bash_dag to 2025-11-23T00:00:00+00:00, run_after=2025-11-24T00:00:00+00:00
[2025-11-23T07:14:59.081+0000] {processor.py:176} INFO - Processing /opt/airflow/dags/example_bash_dag.py took 0.201 seconds
[2025-11-23T07:15:29.545+0000] {processor.py:154} INFO - Started process (PID=4867) to work on /opt/airflow/dags/example_bash_dag.py
[2025-11-23T07:15:29.547+0000] {processor.py:756} INFO - Processing file /opt/airflow/dags/example_bash_dag.py for tasks to queue
[2025-11-23T07:15:29.549+0000] {logging_mixin.py:120} INFO - [2025-11-23T07:15:29.548+0000] {dagbag.py:537} INFO - Filling up the DagBag from /opt/airflow/dags/example_bash_dag.py
[2025-11-23T07:15:29.592+0000] {processor.py:766} INFO - DAG(s) dict_keys(['example_bash_dag']) retrieved from /opt/airflow/dags/example_bash_dag.py
[2025-11-23T07:15:29.658+0000] {logging_mixin.py:120} INFO - [2025-11-23T07:15:29.657+0000] {dag.py:2585} INFO - Sync 1 DAGs
[2025-11-23T07:15:29.696+0000] {logging_mixin.py:120} INFO - [2025-11-23T07:15:29.696+0000] {dag.py:3340} INFO - Setting next_dagrun for example_bash_dag to 2025-11-23T00:00:00+00:00, run_after=2025-11-24T00:00:00+00:00
[2025-11-23T07:15:29.740+0000] {processor.py:176} INFO - Processing /opt/airflow/dags/example_bash_dag.py took 0.200 seconds
[2025-11-23T07:15:59.798+0000] {processor.py:154} INFO - Started process (PID=4934) to work on /opt/airflow/dags/example_bash_dag.py
[2025-11-23T07:15:59.801+0000] {processor.py:756} INFO - Processing file /opt/airflow/dags/example_bash_dag.py for tasks to queue
[2025-11-23T07:15:59.803+0000] {logging_mixin.py:120} INFO - [2025-11-23T07:15:59.803+0000] {dagbag.py:537} INFO - Filling up the DagBag from /opt/airflow/dags/example_bash_dag.py
[2025-11-23T07:15:59.859+0000] {processor.py:766} INFO - DAG(s) dict_keys(['example_bash_dag']) retrieved from /opt/airflow/dags/example_bash_dag.py
[2025-11-23T07:16:00.033+0000] {logging_mixin.py:120} INFO - [2025-11-23T07:16:00.030+0000] {dag.py:2585} INFO - Sync 1 DAGs
[2025-11-23T07:16:00.136+0000] {logging_mixin.py:120} INFO - [2025-11-23T07:16:00.135+0000] {dag.py:3340} INFO - Setting next_dagrun for example_bash_dag to 2025-11-23T00:00:00+00:00, run_after=2025-11-24T00:00:00+00:00
[2025-11-23T07:16:00.181+0000] {processor.py:176} INFO - Processing /opt/airflow/dags/example_bash_dag.py took 0.389 seconds
[2025-11-23T07:16:30.734+0000] {processor.py:154} INFO - Started process (PID=4992) to work on /opt/airflow/dags/example_bash_dag.py
[2025-11-23T07:16:30.735+0000] {processor.py:756} INFO - Processing file /opt/airflow/dags/example_bash_dag.py for tasks to queue
[2025-11-23T07:16:30.737+0000] {logging_mixin.py:120} INFO - [2025-11-23T07:16:30.736+0000] {dagbag.py:537} INFO - Filling up the DagBag from /opt/airflow/dags/example_bash_dag.py
[2025-11-23T07:16:30.772+0000] {processor.py:766} INFO - DAG(s) dict_keys(['example_bash_dag']) retrieved from /opt/airflow/dags/example_bash_dag.py
[2025-11-23T07:16:30.831+0000] {logging_mixin.py:120} INFO - [2025-11-23T07:16:30.831+0000] {dag.py:2585} INFO - Sync 1 DAGs
[2025-11-23T07:16:30.872+0000] {logging_mixin.py:120} INFO - [2025-11-23T07:16:30.872+0000] {dag.py:3340} INFO - Setting next_dagrun for example_bash_dag to 2025-11-23T00:00:00+00:00, run_after=2025-11-24T00:00:00+00:00
[2025-11-23T07:16:30.907+0000] {processor.py:176} INFO - Processing /opt/airflow/dags/example_bash_dag.py took 0.179 seconds
[2025-11-23T07:17:01.258+0000] {processor.py:154} INFO - Started process (PID=5059) to work on /opt/airflow/dags/example_bash_dag.py
[2025-11-23T07:17:01.260+0000] {processor.py:756} INFO - Processing file /opt/airflow/dags/example_bash_dag.py for tasks to queue
[2025-11-23T07:17:01.262+0000] {logging_mixin.py:120} INFO - [2025-11-23T07:17:01.262+0000] {dagbag.py:537} INFO - Filling up the DagBag from /opt/airflow/dags/example_bash_dag.py
[2025-11-23T07:17:01.340+0000] {processor.py:766} INFO - DAG(s) dict_keys(['example_bash_dag']) retrieved from /opt/airflow/dags/example_bash_dag.py
[2025-11-23T07:17:01.558+0000] {logging_mixin.py:120} INFO - [2025-11-23T07:17:01.557+0000] {dag.py:2585} INFO - Sync 1 DAGs
[2025-11-23T07:17:01.676+0000] {logging_mixin.py:120} INFO - [2025-11-23T07:17:01.676+0000] {dag.py:3340} INFO - Setting next_dagrun for example_bash_dag to 2025-11-23T00:00:00+00:00, run_after=2025-11-24T00:00:00+00:00
[2025-11-23T07:17:01.804+0000] {processor.py:176} INFO - Processing /opt/airflow/dags/example_bash_dag.py took 0.559 seconds
[2025-11-23T07:17:11.989+0000] {processor.py:154} INFO - Started process (PID=5060) to work on /opt/airflow/dags/example_bash_dag.py
[2025-11-23T07:17:11.991+0000] {processor.py:756} INFO - Processing file /opt/airflow/dags/example_bash_dag.py for tasks to queue
[2025-11-23T07:17:11.992+0000] {logging_mixin.py:120} INFO - [2025-11-23T07:17:11.992+0000] {dagbag.py:537} INFO - Filling up the DagBag from /opt/airflow/dags/example_bash_dag.py
[2025-11-23T07:17:12.049+0000] {processor.py:766} INFO - DAG(s) dict_keys(['example_bash_dag']) retrieved from /opt/airflow/dags/example_bash_dag.py
[2025-11-23T07:17:12.107+0000] {logging_mixin.py:120} INFO - [2025-11-23T07:17:12.104+0000] {dag.py:2585} INFO - Sync 1 DAGs
[2025-11-23T07:17:12.166+0000] {logging_mixin.py:120} INFO - [2025-11-23T07:17:12.165+0000] {dag.py:3340} INFO - Setting next_dagrun for example_bash_dag to 2025-11-23T00:00:00+00:00, run_after=2025-11-24T00:00:00+00:00
[2025-11-23T07:17:12.201+0000] {processor.py:176} INFO - Processing /opt/airflow/dags/example_bash_dag.py took 0.216 seconds
[2025-11-23T07:17:42.466+0000] {processor.py:154} INFO - Started process (PID=5127) to work on /opt/airflow/dags/example_bash_dag.py
[2025-11-23T07:17:42.473+0000] {processor.py:756} INFO - Processing file /opt/airflow/dags/example_bash_dag.py for tasks to queue
[2025-11-23T07:17:42.476+0000] {logging_mixin.py:120} INFO - [2025-11-23T07:17:42.475+0000] {dagbag.py:537} INFO - Filling up the DagBag from /opt/airflow/dags/example_bash_dag.py
[2025-11-23T07:17:42.519+0000] {processor.py:766} INFO - DAG(s) dict_keys(['example_bash_dag']) retrieved from /opt/airflow/dags/example_bash_dag.py
[2025-11-23T07:17:42.607+0000] {logging_mixin.py:120} INFO - [2025-11-23T07:17:42.607+0000] {dag.py:2585} INFO - Sync 1 DAGs
[2025-11-23T07:17:42.734+0000] {logging_mixin.py:120} INFO - [2025-11-23T07:17:42.734+0000] {dag.py:3340} INFO - Setting next_dagrun for example_bash_dag to 2025-11-23T00:00:00+00:00, run_after=2025-11-24T00:00:00+00:00
[2025-11-23T07:17:42.818+0000] {processor.py:176} INFO - Processing /opt/airflow/dags/example_bash_dag.py took 0.359 seconds
[2025-11-23T07:18:13.202+0000] {processor.py:154} INFO - Started process (PID=5185) to work on /opt/airflow/dags/example_bash_dag.py
[2025-11-23T07:18:13.205+0000] {processor.py:756} INFO - Processing file /opt/airflow/dags/example_bash_dag.py for tasks to queue
[2025-11-23T07:18:13.217+0000] {logging_mixin.py:120} INFO - [2025-11-23T07:18:13.217+0000] {dagbag.py:537} INFO - Filling up the DagBag from /opt/airflow/dags/example_bash_dag.py
[2025-11-23T07:18:13.450+0000] {processor.py:766} INFO - DAG(s) dict_keys(['example_bash_dag']) retrieved from /opt/airflow/dags/example_bash_dag.py
[2025-11-23T07:18:13.757+0000] {logging_mixin.py:120} INFO - [2025-11-23T07:18:13.757+0000] {dag.py:2585} INFO - Sync 1 DAGs
[2025-11-23T07:18:13.980+0000] {logging_mixin.py:120} INFO - [2025-11-23T07:18:13.980+0000] {dag.py:3340} INFO - Setting next_dagrun for example_bash_dag to 2025-11-23T00:00:00+00:00, run_after=2025-11-24T00:00:00+00:00
[2025-11-23T07:18:14.108+0000] {processor.py:176} INFO - Processing /opt/airflow/dags/example_bash_dag.py took 0.933 seconds
[2025-11-23T07:18:44.834+0000] {processor.py:154} INFO - Started process (PID=5243) to work on /opt/airflow/dags/example_bash_dag.py
[2025-11-23T07:18:44.838+0000] {processor.py:756} INFO - Processing file /opt/airflow/dags/example_bash_dag.py for tasks to queue
[2025-11-23T07:18:44.851+0000] {logging_mixin.py:120} INFO - [2025-11-23T07:18:44.850+0000] {dagbag.py:537} INFO - Filling up the DagBag from /opt/airflow/dags/example_bash_dag.py
[2025-11-23T07:18:44.926+0000] {processor.py:766} INFO - DAG(s) dict_keys(['example_bash_dag']) retrieved from /opt/airflow/dags/example_bash_dag.py
[2025-11-23T07:18:45.054+0000] {logging_mixin.py:120} INFO - [2025-11-23T07:18:45.053+0000] {dag.py:2585} INFO - Sync 1 DAGs
[2025-11-23T07:18:45.107+0000] {logging_mixin.py:120} INFO - [2025-11-23T07:18:45.107+0000] {dag.py:3340} INFO - Setting next_dagrun for example_bash_dag to 2025-11-23T00:00:00+00:00, run_after=2025-11-24T00:00:00+00:00
[2025-11-23T07:18:45.166+0000] {processor.py:176} INFO - Processing /opt/airflow/dags/example_bash_dag.py took 0.347 seconds
[2025-11-23T07:19:15.745+0000] {processor.py:154} INFO - Started process (PID=5302) to work on /opt/airflow/dags/example_bash_dag.py
[2025-11-23T07:19:15.791+0000] {processor.py:756} INFO - Processing file /opt/airflow/dags/example_bash_dag.py for tasks to queue
[2025-11-23T07:19:15.805+0000] {logging_mixin.py:120} INFO - [2025-11-23T07:19:15.804+0000] {dagbag.py:537} INFO - Filling up the DagBag from /opt/airflow/dags/example_bash_dag.py
[2025-11-23T07:19:15.955+0000] {processor.py:766} INFO - DAG(s) dict_keys(['example_bash_dag']) retrieved from /opt/airflow/dags/example_bash_dag.py
[2025-11-23T07:19:16.134+0000] {logging_mixin.py:120} INFO - [2025-11-23T07:19:16.133+0000] {dag.py:2585} INFO - Sync 1 DAGs
[2025-11-23T07:19:16.240+0000] {logging_mixin.py:120} INFO - [2025-11-23T07:19:16.240+0000] {dag.py:3340} INFO - Setting next_dagrun for example_bash_dag to 2025-11-23T00:00:00+00:00, run_after=2025-11-24T00:00:00+00:00
[2025-11-23T07:19:16.308+0000] {processor.py:176} INFO - Processing /opt/airflow/dags/example_bash_dag.py took 0.591 seconds
[2025-11-23T07:19:46.676+0000] {processor.py:154} INFO - Started process (PID=5360) to work on /opt/airflow/dags/example_bash_dag.py
[2025-11-23T07:19:46.679+0000] {processor.py:756} INFO - Processing file /opt/airflow/dags/example_bash_dag.py for tasks to queue
[2025-11-23T07:19:46.686+0000] {logging_mixin.py:120} INFO - [2025-11-23T07:19:46.685+0000] {dagbag.py:537} INFO - Filling up the DagBag from /opt/airflow/dags/example_bash_dag.py
[2025-11-23T07:19:46.770+0000] {processor.py:766} INFO - DAG(s) dict_keys(['example_bash_dag']) retrieved from /opt/airflow/dags/example_bash_dag.py
[2025-11-23T07:19:46.897+0000] {logging_mixin.py:120} INFO - [2025-11-23T07:19:46.897+0000] {dag.py:2585} INFO - Sync 1 DAGs
[2025-11-23T07:19:46.952+0000] {logging_mixin.py:120} INFO - [2025-11-23T07:19:46.952+0000] {dag.py:3340} INFO - Setting next_dagrun for example_bash_dag to 2025-11-23T00:00:00+00:00, run_after=2025-11-24T00:00:00+00:00
[2025-11-23T07:19:47.011+0000] {processor.py:176} INFO - Processing /opt/airflow/dags/example_bash_dag.py took 0.337 seconds
[2025-11-23T07:20:17.305+0000] {processor.py:154} INFO - Started process (PID=5418) to work on /opt/airflow/dags/example_bash_dag.py
[2025-11-23T07:20:17.312+0000] {processor.py:756} INFO - Processing file /opt/airflow/dags/example_bash_dag.py for tasks to queue
[2025-11-23T07:20:17.317+0000] {logging_mixin.py:120} INFO - [2025-11-23T07:20:17.317+0000] {dagbag.py:537} INFO - Filling up the DagBag from /opt/airflow/dags/example_bash_dag.py
[2025-11-23T07:20:17.389+0000] {processor.py:766} INFO - DAG(s) dict_keys(['example_bash_dag']) retrieved from /opt/airflow/dags/example_bash_dag.py
[2025-11-23T07:20:17.466+0000] {logging_mixin.py:120} INFO - [2025-11-23T07:20:17.466+0000] {dag.py:2585} INFO - Sync 1 DAGs
[2025-11-23T07:20:17.515+0000] {logging_mixin.py:120} INFO - [2025-11-23T07:20:17.515+0000] {dag.py:3340} INFO - Setting next_dagrun for example_bash_dag to 2025-11-23T00:00:00+00:00, run_after=2025-11-24T00:00:00+00:00
[2025-11-23T07:20:17.625+0000] {processor.py:176} INFO - Processing /opt/airflow/dags/example_bash_dag.py took 0.325 seconds
[2025-11-23T07:20:47.772+0000] {processor.py:154} INFO - Started process (PID=5485) to work on /opt/airflow/dags/example_bash_dag.py
[2025-11-23T07:20:47.774+0000] {processor.py:756} INFO - Processing file /opt/airflow/dags/example_bash_dag.py for tasks to queue
[2025-11-23T07:20:47.777+0000] {logging_mixin.py:120} INFO - [2025-11-23T07:20:47.776+0000] {dagbag.py:537} INFO - Filling up the DagBag from /opt/airflow/dags/example_bash_dag.py
[2025-11-23T07:20:47.832+0000] {processor.py:766} INFO - DAG(s) dict_keys(['example_bash_dag']) retrieved from /opt/airflow/dags/example_bash_dag.py
[2025-11-23T07:20:47.899+0000] {logging_mixin.py:120} INFO - [2025-11-23T07:20:47.899+0000] {dag.py:2585} INFO - Sync 1 DAGs
[2025-11-23T07:20:47.949+0000] {logging_mixin.py:120} INFO - [2025-11-23T07:20:47.949+0000] {dag.py:3340} INFO - Setting next_dagrun for example_bash_dag to 2025-11-23T00:00:00+00:00, run_after=2025-11-24T00:00:00+00:00
[2025-11-23T07:20:47.978+0000] {processor.py:176} INFO - Processing /opt/airflow/dags/example_bash_dag.py took 0.210 seconds
[2025-11-23T07:21:02.788+0000] {processor.py:154} INFO - Started process (PID=5510) to work on /opt/airflow/dags/example_bash_dag.py
[2025-11-23T07:21:02.794+0000] {processor.py:756} INFO - Processing file /opt/airflow/dags/example_bash_dag.py for tasks to queue
[2025-11-23T07:21:02.805+0000] {logging_mixin.py:120} INFO - [2025-11-23T07:21:02.798+0000] {dagbag.py:537} INFO - Filling up the DagBag from /opt/airflow/dags/example_bash_dag.py
[2025-11-23T07:21:02.974+0000] {processor.py:766} INFO - DAG(s) dict_keys(['example_bash_dag']) retrieved from /opt/airflow/dags/example_bash_dag.py
[2025-11-23T07:21:03.097+0000] {logging_mixin.py:120} INFO - [2025-11-23T07:21:03.096+0000] {dag.py:2585} INFO - Sync 1 DAGs
[2025-11-23T07:21:03.172+0000] {logging_mixin.py:120} INFO - [2025-11-23T07:21:03.172+0000] {dag.py:3340} INFO - Setting next_dagrun for example_bash_dag to 2025-11-23T00:00:00+00:00, run_after=2025-11-24T00:00:00+00:00
[2025-11-23T07:21:03.274+0000] {processor.py:176} INFO - Processing /opt/airflow/dags/example_bash_dag.py took 0.503 seconds
[2025-11-23T07:21:33.827+0000] {processor.py:154} INFO - Started process (PID=5568) to work on /opt/airflow/dags/example_bash_dag.py
[2025-11-23T07:21:33.829+0000] {processor.py:756} INFO - Processing file /opt/airflow/dags/example_bash_dag.py for tasks to queue
[2025-11-23T07:21:33.830+0000] {logging_mixin.py:120} INFO - [2025-11-23T07:21:33.830+0000] {dagbag.py:537} INFO - Filling up the DagBag from /opt/airflow/dags/example_bash_dag.py
[2025-11-23T07:21:33.864+0000] {processor.py:766} INFO - DAG(s) dict_keys(['example_bash_dag']) retrieved from /opt/airflow/dags/example_bash_dag.py
[2025-11-23T07:21:33.934+0000] {logging_mixin.py:120} INFO - [2025-11-23T07:21:33.933+0000] {dag.py:2585} INFO - Sync 1 DAGs
[2025-11-23T07:21:33.978+0000] {logging_mixin.py:120} INFO - [2025-11-23T07:21:33.977+0000] {dag.py:3340} INFO - Setting next_dagrun for example_bash_dag to 2025-11-23T00:00:00+00:00, run_after=2025-11-24T00:00:00+00:00
[2025-11-23T07:21:34.011+0000] {processor.py:176} INFO - Processing /opt/airflow/dags/example_bash_dag.py took 0.190 seconds
[2025-11-23T07:22:04.545+0000] {processor.py:154} INFO - Started process (PID=5635) to work on /opt/airflow/dags/example_bash_dag.py
[2025-11-23T07:22:04.547+0000] {processor.py:756} INFO - Processing file /opt/airflow/dags/example_bash_dag.py for tasks to queue
[2025-11-23T07:22:04.548+0000] {logging_mixin.py:120} INFO - [2025-11-23T07:22:04.548+0000] {dagbag.py:537} INFO - Filling up the DagBag from /opt/airflow/dags/example_bash_dag.py
[2025-11-23T07:22:04.581+0000] {processor.py:766} INFO - DAG(s) dict_keys(['example_bash_dag']) retrieved from /opt/airflow/dags/example_bash_dag.py
[2025-11-23T07:22:04.636+0000] {logging_mixin.py:120} INFO - [2025-11-23T07:22:04.636+0000] {dag.py:2585} INFO - Sync 1 DAGs
[2025-11-23T07:22:04.667+0000] {logging_mixin.py:120} INFO - [2025-11-23T07:22:04.666+0000] {dag.py:3340} INFO - Setting next_dagrun for example_bash_dag to 2025-11-23T00:00:00+00:00, run_after=2025-11-24T00:00:00+00:00
[2025-11-23T07:22:04.704+0000] {processor.py:176} INFO - Processing /opt/airflow/dags/example_bash_dag.py took 0.165 seconds
[2025-11-23T07:22:35.189+0000] {processor.py:154} INFO - Started process (PID=5692) to work on /opt/airflow/dags/example_bash_dag.py
[2025-11-23T07:22:35.191+0000] {processor.py:756} INFO - Processing file /opt/airflow/dags/example_bash_dag.py for tasks to queue
[2025-11-23T07:22:35.192+0000] {logging_mixin.py:120} INFO - [2025-11-23T07:22:35.192+0000] {dagbag.py:537} INFO - Filling up the DagBag from /opt/airflow/dags/example_bash_dag.py
[2025-11-23T07:22:35.247+0000] {processor.py:766} INFO - DAG(s) dict_keys(['example_bash_dag']) retrieved from /opt/airflow/dags/example_bash_dag.py
[2025-11-23T07:22:35.331+0000] {logging_mixin.py:120} INFO - [2025-11-23T07:22:35.331+0000] {dag.py:2585} INFO - Sync 1 DAGs
[2025-11-23T07:22:35.411+0000] {logging_mixin.py:120} INFO - [2025-11-23T07:22:35.411+0000] {dag.py:3340} INFO - Setting next_dagrun for example_bash_dag to 2025-11-23T00:00:00+00:00, run_after=2025-11-24T00:00:00+00:00
[2025-11-23T07:22:35.466+0000] {processor.py:176} INFO - Processing /opt/airflow/dags/example_bash_dag.py took 0.283 seconds
[2025-11-23T07:23:06.086+0000] {processor.py:154} INFO - Started process (PID=5757) to work on /opt/airflow/dags/example_bash_dag.py
[2025-11-23T07:23:06.088+0000] {processor.py:756} INFO - Processing file /opt/airflow/dags/example_bash_dag.py for tasks to queue
[2025-11-23T07:23:06.089+0000] {logging_mixin.py:120} INFO - [2025-11-23T07:23:06.089+0000] {dagbag.py:537} INFO - Filling up the DagBag from /opt/airflow/dags/example_bash_dag.py
[2025-11-23T07:23:06.126+0000] {processor.py:766} INFO - DAG(s) dict_keys(['example_bash_dag']) retrieved from /opt/airflow/dags/example_bash_dag.py
[2025-11-23T07:23:06.189+0000] {logging_mixin.py:120} INFO - [2025-11-23T07:23:06.189+0000] {dag.py:2585} INFO - Sync 1 DAGs
[2025-11-23T07:23:06.230+0000] {logging_mixin.py:120} INFO - [2025-11-23T07:23:06.230+0000] {dag.py:3340} INFO - Setting next_dagrun for example_bash_dag to 2025-11-23T00:00:00+00:00, run_after=2025-11-24T00:00:00+00:00
[2025-11-23T07:23:06.278+0000] {processor.py:176} INFO - Processing /opt/airflow/dags/example_bash_dag.py took 0.201 seconds
[2025-11-23T07:23:36.380+0000] {processor.py:154} INFO - Started process (PID=5816) to work on /opt/airflow/dags/example_bash_dag.py
[2025-11-23T07:23:36.382+0000] {processor.py:756} INFO - Processing file /opt/airflow/dags/example_bash_dag.py for tasks to queue
[2025-11-23T07:23:36.384+0000] {logging_mixin.py:120} INFO - [2025-11-23T07:23:36.384+0000] {dagbag.py:537} INFO - Filling up the DagBag from /opt/airflow/dags/example_bash_dag.py
[2025-11-23T07:23:36.432+0000] {processor.py:766} INFO - DAG(s) dict_keys(['example_bash_dag']) retrieved from /opt/airflow/dags/example_bash_dag.py
[2025-11-23T07:23:36.505+0000] {logging_mixin.py:120} INFO - [2025-11-23T07:23:36.505+0000] {dag.py:2585} INFO - Sync 1 DAGs
[2025-11-23T07:23:36.546+0000] {logging_mixin.py:120} INFO - [2025-11-23T07:23:36.546+0000] {dag.py:3340} INFO - Setting next_dagrun for example_bash_dag to 2025-11-23T00:00:00+00:00, run_after=2025-11-24T00:00:00+00:00
[2025-11-23T07:23:36.577+0000] {processor.py:176} INFO - Processing /opt/airflow/dags/example_bash_dag.py took 0.204 seconds
[2025-11-23T07:25:12.318+0000] {processor.py:154} INFO - Started process (PID=51) to work on /opt/airflow/dags/example_bash_dag.py
[2025-11-23T07:25:12.349+0000] {processor.py:756} INFO - Processing file /opt/airflow/dags/example_bash_dag.py for tasks to queue
[2025-11-23T07:25:12.365+0000] {logging_mixin.py:120} INFO - [2025-11-23T07:25:12.364+0000] {dagbag.py:537} INFO - Filling up the DagBag from /opt/airflow/dags/example_bash_dag.py
[2025-11-23T07:25:12.991+0000] {processor.py:766} INFO - DAG(s) dict_keys(['example_bash_dag']) retrieved from /opt/airflow/dags/example_bash_dag.py
[2025-11-23T07:25:13.991+0000] {logging_mixin.py:120} INFO - [2025-11-23T07:25:13.991+0000] {dag.py:2585} INFO - Sync 1 DAGs
[2025-11-23T07:25:14.262+0000] {logging_mixin.py:120} INFO - [2025-11-23T07:25:14.261+0000] {dag.py:3340} INFO - Setting next_dagrun for example_bash_dag to 2025-11-23T00:00:00+00:00, run_after=2025-11-24T00:00:00+00:00
[2025-11-23T07:25:14.472+0000] {processor.py:176} INFO - Processing /opt/airflow/dags/example_bash_dag.py took 2.184 seconds
[2025-11-23T07:25:45.814+0000] {processor.py:154} INFO - Started process (PID=72) to work on /opt/airflow/dags/example_bash_dag.py
[2025-11-23T07:25:45.968+0000] {processor.py:756} INFO - Processing file /opt/airflow/dags/example_bash_dag.py for tasks to queue
[2025-11-23T07:25:46.013+0000] {logging_mixin.py:120} INFO - [2025-11-23T07:25:46.012+0000] {dagbag.py:537} INFO - Filling up the DagBag from /opt/airflow/dags/example_bash_dag.py
[2025-11-23T07:25:46.879+0000] {processor.py:766} INFO - DAG(s) dict_keys(['example_bash_dag']) retrieved from /opt/airflow/dags/example_bash_dag.py
[2025-11-23T07:25:47.309+0000] {logging_mixin.py:120} INFO - [2025-11-23T07:25:47.308+0000] {dag.py:2585} INFO - Sync 1 DAGs
[2025-11-23T07:25:48.142+0000] {logging_mixin.py:120} INFO - [2025-11-23T07:25:48.142+0000] {dag.py:3340} INFO - Setting next_dagrun for example_bash_dag to 2025-11-23T00:00:00+00:00, run_after=2025-11-24T00:00:00+00:00
[2025-11-23T07:25:49.104+0000] {processor.py:176} INFO - Processing /opt/airflow/dags/example_bash_dag.py took 3.351 seconds
[2025-11-23T07:26:19.823+0000] {processor.py:154} INFO - Started process (PID=94) to work on /opt/airflow/dags/example_bash_dag.py
[2025-11-23T07:26:19.837+0000] {processor.py:756} INFO - Processing file /opt/airflow/dags/example_bash_dag.py for tasks to queue
[2025-11-23T07:26:19.840+0000] {logging_mixin.py:120} INFO - [2025-11-23T07:26:19.839+0000] {dagbag.py:537} INFO - Filling up the DagBag from /opt/airflow/dags/example_bash_dag.py
[2025-11-23T07:26:19.916+0000] {processor.py:766} INFO - DAG(s) dict_keys(['example_bash_dag']) retrieved from /opt/airflow/dags/example_bash_dag.py
[2025-11-23T07:26:20.044+0000] {logging_mixin.py:120} INFO - [2025-11-23T07:26:20.043+0000] {dag.py:2585} INFO - Sync 1 DAGs
[2025-11-23T07:26:20.110+0000] {logging_mixin.py:120} INFO - [2025-11-23T07:26:20.109+0000] {dag.py:3340} INFO - Setting next_dagrun for example_bash_dag to 2025-11-23T00:00:00+00:00, run_after=2025-11-24T00:00:00+00:00
[2025-11-23T07:26:20.154+0000] {processor.py:176} INFO - Processing /opt/airflow/dags/example_bash_dag.py took 0.351 seconds
[2025-11-23T07:26:50.709+0000] {processor.py:154} INFO - Started process (PID=125) to work on /opt/airflow/dags/example_bash_dag.py
[2025-11-23T07:26:50.712+0000] {processor.py:756} INFO - Processing file /opt/airflow/dags/example_bash_dag.py for tasks to queue
[2025-11-23T07:26:50.714+0000] {logging_mixin.py:120} INFO - [2025-11-23T07:26:50.714+0000] {dagbag.py:537} INFO - Filling up the DagBag from /opt/airflow/dags/example_bash_dag.py
[2025-11-23T07:26:50.777+0000] {processor.py:766} INFO - DAG(s) dict_keys(['example_bash_dag']) retrieved from /opt/airflow/dags/example_bash_dag.py
[2025-11-23T07:26:50.842+0000] {logging_mixin.py:120} INFO - [2025-11-23T07:26:50.841+0000] {dag.py:2585} INFO - Sync 1 DAGs
[2025-11-23T07:26:50.895+0000] {logging_mixin.py:120} INFO - [2025-11-23T07:26:50.895+0000] {dag.py:3340} INFO - Setting next_dagrun for example_bash_dag to 2025-11-23T00:00:00+00:00, run_after=2025-11-24T00:00:00+00:00
[2025-11-23T07:26:50.949+0000] {processor.py:176} INFO - Processing /opt/airflow/dags/example_bash_dag.py took 0.250 seconds
[2025-11-23T07:27:21.369+0000] {processor.py:154} INFO - Started process (PID=154) to work on /opt/airflow/dags/example_bash_dag.py
[2025-11-23T07:27:21.373+0000] {processor.py:756} INFO - Processing file /opt/airflow/dags/example_bash_dag.py for tasks to queue
[2025-11-23T07:27:21.377+0000] {logging_mixin.py:120} INFO - [2025-11-23T07:27:21.377+0000] {dagbag.py:537} INFO - Filling up the DagBag from /opt/airflow/dags/example_bash_dag.py
[2025-11-23T07:27:21.474+0000] {processor.py:766} INFO - DAG(s) dict_keys(['example_bash_dag']) retrieved from /opt/airflow/dags/example_bash_dag.py
[2025-11-23T07:27:21.550+0000] {logging_mixin.py:120} INFO - [2025-11-23T07:27:21.549+0000] {dag.py:2585} INFO - Sync 1 DAGs
[2025-11-23T07:27:21.632+0000] {logging_mixin.py:120} INFO - [2025-11-23T07:27:21.632+0000] {dag.py:3340} INFO - Setting next_dagrun for example_bash_dag to 2025-11-23T00:00:00+00:00, run_after=2025-11-24T00:00:00+00:00
[2025-11-23T07:27:21.682+0000] {processor.py:176} INFO - Processing /opt/airflow/dags/example_bash_dag.py took 0.319 seconds
[2025-11-23T07:27:52.335+0000] {processor.py:154} INFO - Started process (PID=177) to work on /opt/airflow/dags/example_bash_dag.py
[2025-11-23T07:27:52.337+0000] {processor.py:756} INFO - Processing file /opt/airflow/dags/example_bash_dag.py for tasks to queue
[2025-11-23T07:27:52.340+0000] {logging_mixin.py:120} INFO - [2025-11-23T07:27:52.339+0000] {dagbag.py:537} INFO - Filling up the DagBag from /opt/airflow/dags/example_bash_dag.py
[2025-11-23T07:27:52.440+0000] {processor.py:766} INFO - DAG(s) dict_keys(['example_bash_dag']) retrieved from /opt/airflow/dags/example_bash_dag.py
[2025-11-23T07:27:52.537+0000] {logging_mixin.py:120} INFO - [2025-11-23T07:27:52.537+0000] {dag.py:2585} INFO - Sync 1 DAGs
[2025-11-23T07:27:52.597+0000] {logging_mixin.py:120} INFO - [2025-11-23T07:27:52.596+0000] {dag.py:3340} INFO - Setting next_dagrun for example_bash_dag to 2025-11-23T00:00:00+00:00, run_after=2025-11-24T00:00:00+00:00
[2025-11-23T07:27:52.639+0000] {processor.py:176} INFO - Processing /opt/airflow/dags/example_bash_dag.py took 0.310 seconds
[2025-11-23T07:28:22.922+0000] {processor.py:154} INFO - Started process (PID=207) to work on /opt/airflow/dags/example_bash_dag.py
[2025-11-23T07:28:22.929+0000] {processor.py:756} INFO - Processing file /opt/airflow/dags/example_bash_dag.py for tasks to queue
[2025-11-23T07:28:22.933+0000] {logging_mixin.py:120} INFO - [2025-11-23T07:28:22.932+0000] {dagbag.py:537} INFO - Filling up the DagBag from /opt/airflow/dags/example_bash_dag.py
[2025-11-23T07:28:23.005+0000] {processor.py:766} INFO - DAG(s) dict_keys(['example_bash_dag']) retrieved from /opt/airflow/dags/example_bash_dag.py
[2025-11-23T07:28:23.105+0000] {logging_mixin.py:120} INFO - [2025-11-23T07:28:23.105+0000] {dag.py:2585} INFO - Sync 1 DAGs
[2025-11-23T07:28:23.154+0000] {logging_mixin.py:120} INFO - [2025-11-23T07:28:23.153+0000] {dag.py:3340} INFO - Setting next_dagrun for example_bash_dag to 2025-11-23T00:00:00+00:00, run_after=2025-11-24T00:00:00+00:00
[2025-11-23T07:28:23.190+0000] {processor.py:176} INFO - Processing /opt/airflow/dags/example_bash_dag.py took 0.274 seconds
[2025-11-23T07:28:54.000+0000] {processor.py:154} INFO - Started process (PID=229) to work on /opt/airflow/dags/example_bash_dag.py
[2025-11-23T07:28:54.001+0000] {processor.py:756} INFO - Processing file /opt/airflow/dags/example_bash_dag.py for tasks to queue
[2025-11-23T07:28:54.002+0000] {logging_mixin.py:120} INFO - [2025-11-23T07:28:54.002+0000] {dagbag.py:537} INFO - Filling up the DagBag from /opt/airflow/dags/example_bash_dag.py
[2025-11-23T07:28:54.053+0000] {processor.py:766} INFO - DAG(s) dict_keys(['example_bash_dag']) retrieved from /opt/airflow/dags/example_bash_dag.py
[2025-11-23T07:28:54.270+0000] {logging_mixin.py:120} INFO - [2025-11-23T07:28:54.270+0000] {dag.py:2585} INFO - Sync 1 DAGs
[2025-11-23T07:28:54.327+0000] {logging_mixin.py:120} INFO - [2025-11-23T07:28:54.327+0000] {dag.py:3340} INFO - Setting next_dagrun for example_bash_dag to 2025-11-23T00:00:00+00:00, run_after=2025-11-24T00:00:00+00:00
[2025-11-23T07:28:54.439+0000] {processor.py:176} INFO - Processing /opt/airflow/dags/example_bash_dag.py took 0.445 seconds
[2025-11-23T07:29:25.192+0000] {processor.py:154} INFO - Started process (PID=261) to work on /opt/airflow/dags/example_bash_dag.py
[2025-11-23T07:29:25.194+0000] {processor.py:756} INFO - Processing file /opt/airflow/dags/example_bash_dag.py for tasks to queue
[2025-11-23T07:29:25.196+0000] {logging_mixin.py:120} INFO - [2025-11-23T07:29:25.195+0000] {dagbag.py:537} INFO - Filling up the DagBag from /opt/airflow/dags/example_bash_dag.py
[2025-11-23T07:29:25.236+0000] {processor.py:766} INFO - DAG(s) dict_keys(['example_bash_dag']) retrieved from /opt/airflow/dags/example_bash_dag.py
[2025-11-23T07:29:25.289+0000] {logging_mixin.py:120} INFO - [2025-11-23T07:29:25.288+0000] {dag.py:2585} INFO - Sync 1 DAGs
[2025-11-23T07:29:25.325+0000] {logging_mixin.py:120} INFO - [2025-11-23T07:29:25.324+0000] {dag.py:3340} INFO - Setting next_dagrun for example_bash_dag to 2025-11-23T00:00:00+00:00, run_after=2025-11-24T00:00:00+00:00
[2025-11-23T07:29:25.356+0000] {processor.py:176} INFO - Processing /opt/airflow/dags/example_bash_dag.py took 0.171 seconds
[2025-11-23T07:29:55.979+0000] {processor.py:154} INFO - Started process (PID=292) to work on /opt/airflow/dags/example_bash_dag.py
[2025-11-23T07:29:55.981+0000] {processor.py:756} INFO - Processing file /opt/airflow/dags/example_bash_dag.py for tasks to queue
[2025-11-23T07:29:55.982+0000] {logging_mixin.py:120} INFO - [2025-11-23T07:29:55.982+0000] {dagbag.py:537} INFO - Filling up the DagBag from /opt/airflow/dags/example_bash_dag.py
[2025-11-23T07:29:56.021+0000] {processor.py:766} INFO - DAG(s) dict_keys(['example_bash_dag']) retrieved from /opt/airflow/dags/example_bash_dag.py
[2025-11-23T07:29:56.084+0000] {logging_mixin.py:120} INFO - [2025-11-23T07:29:56.084+0000] {dag.py:2585} INFO - Sync 1 DAGs
[2025-11-23T07:29:56.122+0000] {logging_mixin.py:120} INFO - [2025-11-23T07:29:56.122+0000] {dag.py:3340} INFO - Setting next_dagrun for example_bash_dag to 2025-11-23T00:00:00+00:00, run_after=2025-11-24T00:00:00+00:00
[2025-11-23T07:29:56.166+0000] {processor.py:176} INFO - Processing /opt/airflow/dags/example_bash_dag.py took 0.192 seconds
[2025-11-23T07:30:26.364+0000] {processor.py:154} INFO - Started process (PID=314) to work on /opt/airflow/dags/example_bash_dag.py
[2025-11-23T07:30:26.366+0000] {processor.py:756} INFO - Processing file /opt/airflow/dags/example_bash_dag.py for tasks to queue
[2025-11-23T07:30:26.367+0000] {logging_mixin.py:120} INFO - [2025-11-23T07:30:26.367+0000] {dagbag.py:537} INFO - Filling up the DagBag from /opt/airflow/dags/example_bash_dag.py
[2025-11-23T07:30:26.413+0000] {processor.py:766} INFO - DAG(s) dict_keys(['example_bash_dag']) retrieved from /opt/airflow/dags/example_bash_dag.py
[2025-11-23T07:30:26.475+0000] {logging_mixin.py:120} INFO - [2025-11-23T07:30:26.475+0000] {dag.py:2585} INFO - Sync 1 DAGs
[2025-11-23T07:30:26.505+0000] {logging_mixin.py:120} INFO - [2025-11-23T07:30:26.505+0000] {dag.py:3340} INFO - Setting next_dagrun for example_bash_dag to 2025-11-23T00:00:00+00:00, run_after=2025-11-24T00:00:00+00:00
[2025-11-23T07:30:26.529+0000] {processor.py:176} INFO - Processing /opt/airflow/dags/example_bash_dag.py took 0.173 seconds
[2025-11-23T07:30:57.227+0000] {processor.py:154} INFO - Started process (PID=347) to work on /opt/airflow/dags/example_bash_dag.py
[2025-11-23T07:30:57.229+0000] {processor.py:756} INFO - Processing file /opt/airflow/dags/example_bash_dag.py for tasks to queue
[2025-11-23T07:30:57.231+0000] {logging_mixin.py:120} INFO - [2025-11-23T07:30:57.230+0000] {dagbag.py:537} INFO - Filling up the DagBag from /opt/airflow/dags/example_bash_dag.py
[2025-11-23T07:30:57.277+0000] {processor.py:766} INFO - DAG(s) dict_keys(['example_bash_dag']) retrieved from /opt/airflow/dags/example_bash_dag.py
[2025-11-23T07:30:57.349+0000] {logging_mixin.py:120} INFO - [2025-11-23T07:30:57.349+0000] {dag.py:2585} INFO - Sync 1 DAGs
[2025-11-23T07:30:57.435+0000] {logging_mixin.py:120} INFO - [2025-11-23T07:30:57.435+0000] {dag.py:3340} INFO - Setting next_dagrun for example_bash_dag to 2025-11-23T00:00:00+00:00, run_after=2025-11-24T00:00:00+00:00
[2025-11-23T07:30:57.483+0000] {processor.py:176} INFO - Processing /opt/airflow/dags/example_bash_dag.py took 0.264 seconds
[2025-11-23T07:31:28.453+0000] {processor.py:154} INFO - Started process (PID=369) to work on /opt/airflow/dags/example_bash_dag.py
[2025-11-23T07:31:28.455+0000] {processor.py:756} INFO - Processing file /opt/airflow/dags/example_bash_dag.py for tasks to queue
[2025-11-23T07:31:28.457+0000] {logging_mixin.py:120} INFO - [2025-11-23T07:31:28.456+0000] {dagbag.py:537} INFO - Filling up the DagBag from /opt/airflow/dags/example_bash_dag.py
[2025-11-23T07:31:28.502+0000] {processor.py:766} INFO - DAG(s) dict_keys(['example_bash_dag']) retrieved from /opt/airflow/dags/example_bash_dag.py
[2025-11-23T07:31:28.618+0000] {logging_mixin.py:120} INFO - [2025-11-23T07:31:28.609+0000] {dag.py:2585} INFO - Sync 1 DAGs
[2025-11-23T07:31:28.721+0000] {logging_mixin.py:120} INFO - [2025-11-23T07:31:28.721+0000] {dag.py:3340} INFO - Setting next_dagrun for example_bash_dag to 2025-11-23T00:00:00+00:00, run_after=2025-11-24T00:00:00+00:00
[2025-11-23T07:31:28.780+0000] {processor.py:176} INFO - Processing /opt/airflow/dags/example_bash_dag.py took 0.337 seconds
[2025-11-23T07:31:59.655+0000] {processor.py:154} INFO - Started process (PID=400) to work on /opt/airflow/dags/example_bash_dag.py
[2025-11-23T07:31:59.657+0000] {processor.py:756} INFO - Processing file /opt/airflow/dags/example_bash_dag.py for tasks to queue
[2025-11-23T07:31:59.659+0000] {logging_mixin.py:120} INFO - [2025-11-23T07:31:59.658+0000] {dagbag.py:537} INFO - Filling up the DagBag from /opt/airflow/dags/example_bash_dag.py
[2025-11-23T07:31:59.703+0000] {processor.py:766} INFO - DAG(s) dict_keys(['example_bash_dag']) retrieved from /opt/airflow/dags/example_bash_dag.py
[2025-11-23T07:31:59.832+0000] {logging_mixin.py:120} INFO - [2025-11-23T07:31:59.832+0000] {dag.py:2585} INFO - Sync 1 DAGs
[2025-11-23T07:31:59.918+0000] {logging_mixin.py:120} INFO - [2025-11-23T07:31:59.917+0000] {dag.py:3340} INFO - Setting next_dagrun for example_bash_dag to 2025-11-23T00:00:00+00:00, run_after=2025-11-24T00:00:00+00:00
[2025-11-23T07:32:00.029+0000] {processor.py:176} INFO - Processing /opt/airflow/dags/example_bash_dag.py took 0.379 seconds
[2025-11-23T07:32:30.664+0000] {processor.py:154} INFO - Started process (PID=432) to work on /opt/airflow/dags/example_bash_dag.py
[2025-11-23T07:32:30.666+0000] {processor.py:756} INFO - Processing file /opt/airflow/dags/example_bash_dag.py for tasks to queue
[2025-11-23T07:32:30.668+0000] {logging_mixin.py:120} INFO - [2025-11-23T07:32:30.668+0000] {dagbag.py:537} INFO - Filling up the DagBag from /opt/airflow/dags/example_bash_dag.py
[2025-11-23T07:32:30.721+0000] {processor.py:766} INFO - DAG(s) dict_keys(['example_bash_dag']) retrieved from /opt/airflow/dags/example_bash_dag.py
[2025-11-23T07:32:30.837+0000] {logging_mixin.py:120} INFO - [2025-11-23T07:32:30.835+0000] {dag.py:2585} INFO - Sync 1 DAGs
[2025-11-23T07:32:30.958+0000] {logging_mixin.py:120} INFO - [2025-11-23T07:32:30.958+0000] {dag.py:3340} INFO - Setting next_dagrun for example_bash_dag to 2025-11-23T00:00:00+00:00, run_after=2025-11-24T00:00:00+00:00
[2025-11-23T07:32:31.513+0000] {processor.py:176} INFO - Processing /opt/airflow/dags/example_bash_dag.py took 0.857 seconds
[2025-11-23T07:33:01.633+0000] {processor.py:154} INFO - Started process (PID=454) to work on /opt/airflow/dags/example_bash_dag.py
[2025-11-23T07:33:01.635+0000] {processor.py:756} INFO - Processing file /opt/airflow/dags/example_bash_dag.py for tasks to queue
[2025-11-23T07:33:01.637+0000] {logging_mixin.py:120} INFO - [2025-11-23T07:33:01.636+0000] {dagbag.py:537} INFO - Filling up the DagBag from /opt/airflow/dags/example_bash_dag.py
[2025-11-23T07:33:01.686+0000] {processor.py:766} INFO - DAG(s) dict_keys(['example_bash_dag']) retrieved from /opt/airflow/dags/example_bash_dag.py
[2025-11-23T07:33:01.760+0000] {logging_mixin.py:120} INFO - [2025-11-23T07:33:01.760+0000] {dag.py:2585} INFO - Sync 1 DAGs
[2025-11-23T07:33:01.805+0000] {logging_mixin.py:120} INFO - [2025-11-23T07:33:01.805+0000] {dag.py:3340} INFO - Setting next_dagrun for example_bash_dag to 2025-11-23T00:00:00+00:00, run_after=2025-11-24T00:00:00+00:00
[2025-11-23T07:33:01.832+0000] {processor.py:176} INFO - Processing /opt/airflow/dags/example_bash_dag.py took 0.204 seconds
[2025-11-23T07:33:32.518+0000] {processor.py:154} INFO - Started process (PID=485) to work on /opt/airflow/dags/example_bash_dag.py
[2025-11-23T07:33:32.521+0000] {processor.py:756} INFO - Processing file /opt/airflow/dags/example_bash_dag.py for tasks to queue
[2025-11-23T07:33:32.523+0000] {logging_mixin.py:120} INFO - [2025-11-23T07:33:32.522+0000] {dagbag.py:537} INFO - Filling up the DagBag from /opt/airflow/dags/example_bash_dag.py
[2025-11-23T07:33:32.595+0000] {processor.py:766} INFO - DAG(s) dict_keys(['example_bash_dag']) retrieved from /opt/airflow/dags/example_bash_dag.py
[2025-11-23T07:33:32.665+0000] {logging_mixin.py:120} INFO - [2025-11-23T07:33:32.665+0000] {dag.py:2585} INFO - Sync 1 DAGs
[2025-11-23T07:33:32.710+0000] {logging_mixin.py:120} INFO - [2025-11-23T07:33:32.710+0000] {dag.py:3340} INFO - Setting next_dagrun for example_bash_dag to 2025-11-23T00:00:00+00:00, run_after=2025-11-24T00:00:00+00:00
[2025-11-23T07:33:32.741+0000] {processor.py:176} INFO - Processing /opt/airflow/dags/example_bash_dag.py took 0.231 seconds
[2025-11-23T07:34:03.202+0000] {processor.py:154} INFO - Started process (PID=507) to work on /opt/airflow/dags/example_bash_dag.py
[2025-11-23T07:34:03.203+0000] {processor.py:756} INFO - Processing file /opt/airflow/dags/example_bash_dag.py for tasks to queue
[2025-11-23T07:34:03.205+0000] {logging_mixin.py:120} INFO - [2025-11-23T07:34:03.205+0000] {dagbag.py:537} INFO - Filling up the DagBag from /opt/airflow/dags/example_bash_dag.py
[2025-11-23T07:34:03.248+0000] {processor.py:766} INFO - DAG(s) dict_keys(['example_bash_dag']) retrieved from /opt/airflow/dags/example_bash_dag.py
[2025-11-23T07:34:03.303+0000] {logging_mixin.py:120} INFO - [2025-11-23T07:34:03.303+0000] {dag.py:2585} INFO - Sync 1 DAGs
[2025-11-23T07:34:03.411+0000] {logging_mixin.py:120} INFO - [2025-11-23T07:34:03.411+0000] {dag.py:3340} INFO - Setting next_dagrun for example_bash_dag to 2025-11-23T00:00:00+00:00, run_after=2025-11-24T00:00:00+00:00
[2025-11-23T07:34:03.445+0000] {processor.py:176} INFO - Processing /opt/airflow/dags/example_bash_dag.py took 0.250 seconds
[2025-11-23T07:34:34.025+0000] {processor.py:154} INFO - Started process (PID=539) to work on /opt/airflow/dags/example_bash_dag.py
[2025-11-23T07:34:34.026+0000] {processor.py:756} INFO - Processing file /opt/airflow/dags/example_bash_dag.py for tasks to queue
[2025-11-23T07:34:34.028+0000] {logging_mixin.py:120} INFO - [2025-11-23T07:34:34.028+0000] {dagbag.py:537} INFO - Filling up the DagBag from /opt/airflow/dags/example_bash_dag.py
[2025-11-23T07:34:34.081+0000] {processor.py:766} INFO - DAG(s) dict_keys(['example_bash_dag']) retrieved from /opt/airflow/dags/example_bash_dag.py
[2025-11-23T07:34:34.164+0000] {logging_mixin.py:120} INFO - [2025-11-23T07:34:34.163+0000] {dag.py:2585} INFO - Sync 1 DAGs
[2025-11-23T07:34:34.236+0000] {logging_mixin.py:120} INFO - [2025-11-23T07:34:34.235+0000] {dag.py:3340} INFO - Setting next_dagrun for example_bash_dag to 2025-11-23T00:00:00+00:00, run_after=2025-11-24T00:00:00+00:00
[2025-11-23T07:34:34.285+0000] {processor.py:176} INFO - Processing /opt/airflow/dags/example_bash_dag.py took 0.266 seconds
[2025-11-23T07:35:05.021+0000] {processor.py:154} INFO - Started process (PID=571) to work on /opt/airflow/dags/example_bash_dag.py
[2025-11-23T07:35:05.023+0000] {processor.py:756} INFO - Processing file /opt/airflow/dags/example_bash_dag.py for tasks to queue
[2025-11-23T07:35:05.026+0000] {logging_mixin.py:120} INFO - [2025-11-23T07:35:05.025+0000] {dagbag.py:537} INFO - Filling up the DagBag from /opt/airflow/dags/example_bash_dag.py
[2025-11-23T07:35:05.080+0000] {processor.py:766} INFO - DAG(s) dict_keys(['example_bash_dag']) retrieved from /opt/airflow/dags/example_bash_dag.py
[2025-11-23T07:35:05.157+0000] {logging_mixin.py:120} INFO - [2025-11-23T07:35:05.157+0000] {dag.py:2585} INFO - Sync 1 DAGs
[2025-11-23T07:35:05.237+0000] {logging_mixin.py:120} INFO - [2025-11-23T07:35:05.236+0000] {dag.py:3340} INFO - Setting next_dagrun for example_bash_dag to 2025-11-23T00:00:00+00:00, run_after=2025-11-24T00:00:00+00:00
[2025-11-23T07:35:05.329+0000] {processor.py:176} INFO - Processing /opt/airflow/dags/example_bash_dag.py took 0.316 seconds
[2025-11-23T07:35:35.642+0000] {processor.py:154} INFO - Started process (PID=595) to work on /opt/airflow/dags/example_bash_dag.py
[2025-11-23T07:35:35.644+0000] {processor.py:756} INFO - Processing file /opt/airflow/dags/example_bash_dag.py for tasks to queue
[2025-11-23T07:35:35.645+0000] {logging_mixin.py:120} INFO - [2025-11-23T07:35:35.645+0000] {dagbag.py:537} INFO - Filling up the DagBag from /opt/airflow/dags/example_bash_dag.py
[2025-11-23T07:35:35.678+0000] {processor.py:766} INFO - DAG(s) dict_keys(['example_bash_dag']) retrieved from /opt/airflow/dags/example_bash_dag.py
[2025-11-23T07:35:35.732+0000] {logging_mixin.py:120} INFO - [2025-11-23T07:35:35.732+0000] {dag.py:2585} INFO - Sync 1 DAGs
[2025-11-23T07:35:35.761+0000] {logging_mixin.py:120} INFO - [2025-11-23T07:35:35.760+0000] {dag.py:3340} INFO - Setting next_dagrun for example_bash_dag to 2025-11-23T00:00:00+00:00, run_after=2025-11-24T00:00:00+00:00
[2025-11-23T07:35:35.791+0000] {processor.py:176} INFO - Processing /opt/airflow/dags/example_bash_dag.py took 0.155 seconds
[2025-11-23T07:36:06.220+0000] {processor.py:154} INFO - Started process (PID=628) to work on /opt/airflow/dags/example_bash_dag.py
[2025-11-23T07:36:06.222+0000] {processor.py:756} INFO - Processing file /opt/airflow/dags/example_bash_dag.py for tasks to queue
[2025-11-23T07:36:06.223+0000] {logging_mixin.py:120} INFO - [2025-11-23T07:36:06.223+0000] {dagbag.py:537} INFO - Filling up the DagBag from /opt/airflow/dags/example_bash_dag.py
[2025-11-23T07:36:06.265+0000] {processor.py:766} INFO - DAG(s) dict_keys(['example_bash_dag']) retrieved from /opt/airflow/dags/example_bash_dag.py
[2025-11-23T07:36:06.323+0000] {logging_mixin.py:120} INFO - [2025-11-23T07:36:06.323+0000] {dag.py:2585} INFO - Sync 1 DAGs
[2025-11-23T07:36:06.361+0000] {logging_mixin.py:120} INFO - [2025-11-23T07:36:06.360+0000] {dag.py:3340} INFO - Setting next_dagrun for example_bash_dag to 2025-11-23T00:00:00+00:00, run_after=2025-11-24T00:00:00+00:00
[2025-11-23T07:36:06.393+0000] {processor.py:176} INFO - Processing /opt/airflow/dags/example_bash_dag.py took 0.176 seconds
[2025-11-23T07:36:37.071+0000] {processor.py:154} INFO - Started process (PID=662) to work on /opt/airflow/dags/example_bash_dag.py
[2025-11-23T07:36:37.073+0000] {processor.py:756} INFO - Processing file /opt/airflow/dags/example_bash_dag.py for tasks to queue
[2025-11-23T07:36:37.074+0000] {logging_mixin.py:120} INFO - [2025-11-23T07:36:37.074+0000] {dagbag.py:537} INFO - Filling up the DagBag from /opt/airflow/dags/example_bash_dag.py
[2025-11-23T07:36:37.121+0000] {processor.py:766} INFO - DAG(s) dict_keys(['example_bash_dag']) retrieved from /opt/airflow/dags/example_bash_dag.py
[2025-11-23T07:36:37.195+0000] {logging_mixin.py:120} INFO - [2025-11-23T07:36:37.195+0000] {dag.py:2585} INFO - Sync 1 DAGs
[2025-11-23T07:36:37.250+0000] {logging_mixin.py:120} INFO - [2025-11-23T07:36:37.250+0000] {dag.py:3340} INFO - Setting next_dagrun for example_bash_dag to 2025-11-23T00:00:00+00:00, run_after=2025-11-24T00:00:00+00:00
[2025-11-23T07:36:37.310+0000] {processor.py:176} INFO - Processing /opt/airflow/dags/example_bash_dag.py took 0.244 seconds
[2025-11-23T07:37:07.840+0000] {processor.py:154} INFO - Started process (PID=684) to work on /opt/airflow/dags/example_bash_dag.py
[2025-11-23T07:37:07.841+0000] {processor.py:756} INFO - Processing file /opt/airflow/dags/example_bash_dag.py for tasks to queue
[2025-11-23T07:37:07.842+0000] {logging_mixin.py:120} INFO - [2025-11-23T07:37:07.842+0000] {dagbag.py:537} INFO - Filling up the DagBag from /opt/airflow/dags/example_bash_dag.py
[2025-11-23T07:37:07.890+0000] {processor.py:766} INFO - DAG(s) dict_keys(['example_bash_dag']) retrieved from /opt/airflow/dags/example_bash_dag.py
[2025-11-23T07:37:07.949+0000] {logging_mixin.py:120} INFO - [2025-11-23T07:37:07.949+0000] {dag.py:2585} INFO - Sync 1 DAGs
[2025-11-23T07:37:07.982+0000] {logging_mixin.py:120} INFO - [2025-11-23T07:37:07.981+0000] {dag.py:3340} INFO - Setting next_dagrun for example_bash_dag to 2025-11-23T00:00:00+00:00, run_after=2025-11-24T00:00:00+00:00
[2025-11-23T07:37:08.013+0000] {processor.py:176} INFO - Processing /opt/airflow/dags/example_bash_dag.py took 0.178 seconds
[2025-11-23T07:37:38.641+0000] {processor.py:154} INFO - Started process (PID=716) to work on /opt/airflow/dags/example_bash_dag.py
[2025-11-23T07:37:38.644+0000] {processor.py:756} INFO - Processing file /opt/airflow/dags/example_bash_dag.py for tasks to queue
[2025-11-23T07:37:38.645+0000] {logging_mixin.py:120} INFO - [2025-11-23T07:37:38.645+0000] {dagbag.py:537} INFO - Filling up the DagBag from /opt/airflow/dags/example_bash_dag.py
[2025-11-23T07:37:38.687+0000] {processor.py:766} INFO - DAG(s) dict_keys(['example_bash_dag']) retrieved from /opt/airflow/dags/example_bash_dag.py
[2025-11-23T07:37:38.750+0000] {logging_mixin.py:120} INFO - [2025-11-23T07:37:38.749+0000] {dag.py:2585} INFO - Sync 1 DAGs
[2025-11-23T07:37:38.790+0000] {logging_mixin.py:120} INFO - [2025-11-23T07:37:38.789+0000] {dag.py:3340} INFO - Setting next_dagrun for example_bash_dag to 2025-11-23T00:00:00+00:00, run_after=2025-11-24T00:00:00+00:00
[2025-11-23T07:37:38.836+0000] {processor.py:176} INFO - Processing /opt/airflow/dags/example_bash_dag.py took 0.202 seconds
[2025-11-23T07:38:09.537+0000] {processor.py:154} INFO - Started process (PID=739) to work on /opt/airflow/dags/example_bash_dag.py
[2025-11-23T07:38:09.538+0000] {processor.py:756} INFO - Processing file /opt/airflow/dags/example_bash_dag.py for tasks to queue
[2025-11-23T07:38:09.541+0000] {logging_mixin.py:120} INFO - [2025-11-23T07:38:09.540+0000] {dagbag.py:537} INFO - Filling up the DagBag from /opt/airflow/dags/example_bash_dag.py
[2025-11-23T07:38:09.587+0000] {processor.py:766} INFO - DAG(s) dict_keys(['example_bash_dag']) retrieved from /opt/airflow/dags/example_bash_dag.py
[2025-11-23T07:38:09.667+0000] {logging_mixin.py:120} INFO - [2025-11-23T07:38:09.667+0000] {dag.py:2585} INFO - Sync 1 DAGs
[2025-11-23T07:38:09.711+0000] {logging_mixin.py:120} INFO - [2025-11-23T07:38:09.711+0000] {dag.py:3340} INFO - Setting next_dagrun for example_bash_dag to 2025-11-23T00:00:00+00:00, run_after=2025-11-24T00:00:00+00:00
[2025-11-23T07:38:09.754+0000] {processor.py:176} INFO - Processing /opt/airflow/dags/example_bash_dag.py took 0.221 seconds
[2025-11-23T07:38:40.495+0000] {processor.py:154} INFO - Started process (PID=770) to work on /opt/airflow/dags/example_bash_dag.py
[2025-11-23T07:38:40.497+0000] {processor.py:756} INFO - Processing file /opt/airflow/dags/example_bash_dag.py for tasks to queue
[2025-11-23T07:38:40.498+0000] {logging_mixin.py:120} INFO - [2025-11-23T07:38:40.498+0000] {dagbag.py:537} INFO - Filling up the DagBag from /opt/airflow/dags/example_bash_dag.py
[2025-11-23T07:38:40.575+0000] {processor.py:766} INFO - DAG(s) dict_keys(['example_bash_dag']) retrieved from /opt/airflow/dags/example_bash_dag.py
[2025-11-23T07:38:40.694+0000] {logging_mixin.py:120} INFO - [2025-11-23T07:38:40.694+0000] {dag.py:2585} INFO - Sync 1 DAGs
[2025-11-23T07:38:40.744+0000] {logging_mixin.py:120} INFO - [2025-11-23T07:38:40.743+0000] {dag.py:3340} INFO - Setting next_dagrun for example_bash_dag to 2025-11-23T00:00:00+00:00, run_after=2025-11-24T00:00:00+00:00
[2025-11-23T07:38:40.795+0000] {processor.py:176} INFO - Processing /opt/airflow/dags/example_bash_dag.py took 0.309 seconds
[2025-11-23T07:39:11.000+0000] {processor.py:154} INFO - Started process (PID=802) to work on /opt/airflow/dags/example_bash_dag.py
[2025-11-23T07:39:11.001+0000] {processor.py:756} INFO - Processing file /opt/airflow/dags/example_bash_dag.py for tasks to queue
[2025-11-23T07:39:11.004+0000] {logging_mixin.py:120} INFO - [2025-11-23T07:39:11.004+0000] {dagbag.py:537} INFO - Filling up the DagBag from /opt/airflow/dags/example_bash_dag.py
[2025-11-23T07:39:11.052+0000] {processor.py:766} INFO - DAG(s) dict_keys(['example_bash_dag']) retrieved from /opt/airflow/dags/example_bash_dag.py
[2025-11-23T07:39:11.166+0000] {logging_mixin.py:120} INFO - [2025-11-23T07:39:11.165+0000] {dag.py:2585} INFO - Sync 1 DAGs
[2025-11-23T07:39:11.232+0000] {logging_mixin.py:120} INFO - [2025-11-23T07:39:11.231+0000] {dag.py:3340} INFO - Setting next_dagrun for example_bash_dag to 2025-11-23T00:00:00+00:00, run_after=2025-11-24T00:00:00+00:00
[2025-11-23T07:39:11.283+0000] {processor.py:176} INFO - Processing /opt/airflow/dags/example_bash_dag.py took 0.289 seconds
[2025-11-23T07:39:42.128+0000] {processor.py:154} INFO - Started process (PID=824) to work on /opt/airflow/dags/example_bash_dag.py
[2025-11-23T07:39:42.131+0000] {processor.py:756} INFO - Processing file /opt/airflow/dags/example_bash_dag.py for tasks to queue
[2025-11-23T07:39:42.139+0000] {logging_mixin.py:120} INFO - [2025-11-23T07:39:42.139+0000] {dagbag.py:537} INFO - Filling up the DagBag from /opt/airflow/dags/example_bash_dag.py
[2025-11-23T07:39:42.217+0000] {processor.py:766} INFO - DAG(s) dict_keys(['example_bash_dag']) retrieved from /opt/airflow/dags/example_bash_dag.py
[2025-11-23T07:39:42.338+0000] {logging_mixin.py:120} INFO - [2025-11-23T07:39:42.338+0000] {dag.py:2585} INFO - Sync 1 DAGs
[2025-11-23T07:39:42.388+0000] {logging_mixin.py:120} INFO - [2025-11-23T07:39:42.387+0000] {dag.py:3340} INFO - Setting next_dagrun for example_bash_dag to 2025-11-23T00:00:00+00:00, run_after=2025-11-24T00:00:00+00:00
[2025-11-23T07:39:42.430+0000] {processor.py:176} INFO - Processing /opt/airflow/dags/example_bash_dag.py took 0.311 seconds
[2025-11-23T07:40:13.445+0000] {processor.py:154} INFO - Started process (PID=856) to work on /opt/airflow/dags/example_bash_dag.py
[2025-11-23T07:40:13.447+0000] {processor.py:756} INFO - Processing file /opt/airflow/dags/example_bash_dag.py for tasks to queue
[2025-11-23T07:40:13.448+0000] {logging_mixin.py:120} INFO - [2025-11-23T07:40:13.448+0000] {dagbag.py:537} INFO - Filling up the DagBag from /opt/airflow/dags/example_bash_dag.py
[2025-11-23T07:40:13.490+0000] {processor.py:766} INFO - DAG(s) dict_keys(['example_bash_dag']) retrieved from /opt/airflow/dags/example_bash_dag.py
[2025-11-23T07:40:13.547+0000] {logging_mixin.py:120} INFO - [2025-11-23T07:40:13.546+0000] {dag.py:2585} INFO - Sync 1 DAGs
[2025-11-23T07:40:13.586+0000] {logging_mixin.py:120} INFO - [2025-11-23T07:40:13.586+0000] {dag.py:3340} INFO - Setting next_dagrun for example_bash_dag to 2025-11-23T00:00:00+00:00, run_after=2025-11-24T00:00:00+00:00
[2025-11-23T07:40:13.618+0000] {processor.py:176} INFO - Processing /opt/airflow/dags/example_bash_dag.py took 0.179 seconds
[2025-11-23T07:40:44.504+0000] {processor.py:154} INFO - Started process (PID=880) to work on /opt/airflow/dags/example_bash_dag.py
[2025-11-23T07:40:44.506+0000] {processor.py:756} INFO - Processing file /opt/airflow/dags/example_bash_dag.py for tasks to queue
[2025-11-23T07:40:44.507+0000] {logging_mixin.py:120} INFO - [2025-11-23T07:40:44.507+0000] {dagbag.py:537} INFO - Filling up the DagBag from /opt/airflow/dags/example_bash_dag.py
[2025-11-23T07:40:44.543+0000] {processor.py:766} INFO - DAG(s) dict_keys(['example_bash_dag']) retrieved from /opt/airflow/dags/example_bash_dag.py
[2025-11-23T07:40:44.606+0000] {logging_mixin.py:120} INFO - [2025-11-23T07:40:44.606+0000] {dag.py:2585} INFO - Sync 1 DAGs
[2025-11-23T07:40:44.650+0000] {logging_mixin.py:120} INFO - [2025-11-23T07:40:44.650+0000] {dag.py:3340} INFO - Setting next_dagrun for example_bash_dag to 2025-11-23T00:00:00+00:00, run_after=2025-11-24T00:00:00+00:00
[2025-11-23T07:40:44.684+0000] {processor.py:176} INFO - Processing /opt/airflow/dags/example_bash_dag.py took 0.183 seconds
[2025-11-23T07:41:14.875+0000] {processor.py:154} INFO - Started process (PID=912) to work on /opt/airflow/dags/example_bash_dag.py
[2025-11-23T07:41:14.876+0000] {processor.py:756} INFO - Processing file /opt/airflow/dags/example_bash_dag.py for tasks to queue
[2025-11-23T07:41:14.878+0000] {logging_mixin.py:120} INFO - [2025-11-23T07:41:14.878+0000] {dagbag.py:537} INFO - Filling up the DagBag from /opt/airflow/dags/example_bash_dag.py
[2025-11-23T07:41:14.979+0000] {processor.py:766} INFO - DAG(s) dict_keys(['example_bash_dag']) retrieved from /opt/airflow/dags/example_bash_dag.py
[2025-11-23T07:41:15.038+0000] {logging_mixin.py:120} INFO - [2025-11-23T07:41:15.037+0000] {dag.py:2585} INFO - Sync 1 DAGs
[2025-11-23T07:41:15.072+0000] {logging_mixin.py:120} INFO - [2025-11-23T07:41:15.072+0000] {dag.py:3340} INFO - Setting next_dagrun for example_bash_dag to 2025-11-23T00:00:00+00:00, run_after=2025-11-24T00:00:00+00:00
[2025-11-23T07:41:15.106+0000] {processor.py:176} INFO - Processing /opt/airflow/dags/example_bash_dag.py took 0.237 seconds
[2025-11-23T07:41:45.373+0000] {processor.py:154} INFO - Started process (PID=937) to work on /opt/airflow/dags/example_bash_dag.py
[2025-11-23T07:41:45.374+0000] {processor.py:756} INFO - Processing file /opt/airflow/dags/example_bash_dag.py for tasks to queue
[2025-11-23T07:41:45.377+0000] {logging_mixin.py:120} INFO - [2025-11-23T07:41:45.375+0000] {dagbag.py:537} INFO - Filling up the DagBag from /opt/airflow/dags/example_bash_dag.py
[2025-11-23T07:41:45.416+0000] {processor.py:766} INFO - DAG(s) dict_keys(['example_bash_dag']) retrieved from /opt/airflow/dags/example_bash_dag.py
[2025-11-23T07:41:45.469+0000] {logging_mixin.py:120} INFO - [2025-11-23T07:41:45.469+0000] {dag.py:2585} INFO - Sync 1 DAGs
[2025-11-23T07:41:45.502+0000] {logging_mixin.py:120} INFO - [2025-11-23T07:41:45.501+0000] {dag.py:3340} INFO - Setting next_dagrun for example_bash_dag to 2025-11-23T00:00:00+00:00, run_after=2025-11-24T00:00:00+00:00
[2025-11-23T07:41:45.531+0000] {processor.py:176} INFO - Processing /opt/airflow/dags/example_bash_dag.py took 0.165 seconds
[2025-11-23T07:42:16.526+0000] {processor.py:154} INFO - Started process (PID=969) to work on /opt/airflow/dags/example_bash_dag.py
[2025-11-23T07:42:16.527+0000] {processor.py:756} INFO - Processing file /opt/airflow/dags/example_bash_dag.py for tasks to queue
[2025-11-23T07:42:16.529+0000] {logging_mixin.py:120} INFO - [2025-11-23T07:42:16.529+0000] {dagbag.py:537} INFO - Filling up the DagBag from /opt/airflow/dags/example_bash_dag.py
[2025-11-23T07:42:16.566+0000] {processor.py:766} INFO - DAG(s) dict_keys(['example_bash_dag']) retrieved from /opt/airflow/dags/example_bash_dag.py
[2025-11-23T07:42:16.620+0000] {logging_mixin.py:120} INFO - [2025-11-23T07:42:16.620+0000] {dag.py:2585} INFO - Sync 1 DAGs
[2025-11-23T07:42:16.649+0000] {logging_mixin.py:120} INFO - [2025-11-23T07:42:16.649+0000] {dag.py:3340} INFO - Setting next_dagrun for example_bash_dag to 2025-11-23T00:00:00+00:00, run_after=2025-11-24T00:00:00+00:00
[2025-11-23T07:42:16.677+0000] {processor.py:176} INFO - Processing /opt/airflow/dags/example_bash_dag.py took 0.155 seconds
[2025-11-23T07:42:47.568+0000] {processor.py:154} INFO - Started process (PID=1001) to work on /opt/airflow/dags/example_bash_dag.py
[2025-11-23T07:42:47.570+0000] {processor.py:756} INFO - Processing file /opt/airflow/dags/example_bash_dag.py for tasks to queue
[2025-11-23T07:42:47.571+0000] {logging_mixin.py:120} INFO - [2025-11-23T07:42:47.571+0000] {dagbag.py:537} INFO - Filling up the DagBag from /opt/airflow/dags/example_bash_dag.py
[2025-11-23T07:42:47.846+0000] {processor.py:766} INFO - DAG(s) dict_keys(['example_bash_dag']) retrieved from /opt/airflow/dags/example_bash_dag.py
[2025-11-23T07:42:48.080+0000] {logging_mixin.py:120} INFO - [2025-11-23T07:42:48.080+0000] {dag.py:2585} INFO - Sync 1 DAGs
[2025-11-23T07:42:48.165+0000] {logging_mixin.py:120} INFO - [2025-11-23T07:42:48.165+0000] {dag.py:3340} INFO - Setting next_dagrun for example_bash_dag to 2025-11-23T00:00:00+00:00, run_after=2025-11-24T00:00:00+00:00
[2025-11-23T07:42:48.237+0000] {processor.py:176} INFO - Processing /opt/airflow/dags/example_bash_dag.py took 0.680 seconds
[2025-11-23T07:43:18.519+0000] {processor.py:154} INFO - Started process (PID=1024) to work on /opt/airflow/dags/example_bash_dag.py
[2025-11-23T07:43:18.521+0000] {processor.py:756} INFO - Processing file /opt/airflow/dags/example_bash_dag.py for tasks to queue
[2025-11-23T07:43:18.522+0000] {logging_mixin.py:120} INFO - [2025-11-23T07:43:18.522+0000] {dagbag.py:537} INFO - Filling up the DagBag from /opt/airflow/dags/example_bash_dag.py
[2025-11-23T07:43:18.556+0000] {processor.py:766} INFO - DAG(s) dict_keys(['example_bash_dag']) retrieved from /opt/airflow/dags/example_bash_dag.py
[2025-11-23T07:43:18.612+0000] {logging_mixin.py:120} INFO - [2025-11-23T07:43:18.612+0000] {dag.py:2585} INFO - Sync 1 DAGs
[2025-11-23T07:43:18.652+0000] {logging_mixin.py:120} INFO - [2025-11-23T07:43:18.652+0000] {dag.py:3340} INFO - Setting next_dagrun for example_bash_dag to 2025-11-23T00:00:00+00:00, run_after=2025-11-24T00:00:00+00:00
[2025-11-23T07:43:18.690+0000] {processor.py:176} INFO - Processing /opt/airflow/dags/example_bash_dag.py took 0.178 seconds
[2025-11-23T07:43:48.897+0000] {processor.py:154} INFO - Started process (PID=1056) to work on /opt/airflow/dags/example_bash_dag.py
[2025-11-23T07:43:48.899+0000] {processor.py:756} INFO - Processing file /opt/airflow/dags/example_bash_dag.py for tasks to queue
[2025-11-23T07:43:48.903+0000] {logging_mixin.py:120} INFO - [2025-11-23T07:43:48.902+0000] {dagbag.py:537} INFO - Filling up the DagBag from /opt/airflow/dags/example_bash_dag.py
[2025-11-23T07:43:48.966+0000] {processor.py:766} INFO - DAG(s) dict_keys(['example_bash_dag']) retrieved from /opt/airflow/dags/example_bash_dag.py
[2025-11-23T07:43:49.063+0000] {logging_mixin.py:120} INFO - [2025-11-23T07:43:49.062+0000] {dag.py:2585} INFO - Sync 1 DAGs
[2025-11-23T07:43:49.134+0000] {logging_mixin.py:120} INFO - [2025-11-23T07:43:49.133+0000] {dag.py:3340} INFO - Setting next_dagrun for example_bash_dag to 2025-11-23T00:00:00+00:00, run_after=2025-11-24T00:00:00+00:00
[2025-11-23T07:43:49.169+0000] {processor.py:176} INFO - Processing /opt/airflow/dags/example_bash_dag.py took 0.277 seconds
[2025-11-23T07:44:19.309+0000] {processor.py:154} INFO - Started process (PID=1088) to work on /opt/airflow/dags/example_bash_dag.py
[2025-11-23T07:44:19.311+0000] {processor.py:756} INFO - Processing file /opt/airflow/dags/example_bash_dag.py for tasks to queue
[2025-11-23T07:44:19.312+0000] {logging_mixin.py:120} INFO - [2025-11-23T07:44:19.312+0000] {dagbag.py:537} INFO - Filling up the DagBag from /opt/airflow/dags/example_bash_dag.py
[2025-11-23T07:44:19.344+0000] {processor.py:766} INFO - DAG(s) dict_keys(['example_bash_dag']) retrieved from /opt/airflow/dags/example_bash_dag.py
[2025-11-23T07:44:19.398+0000] {logging_mixin.py:120} INFO - [2025-11-23T07:44:19.397+0000] {dag.py:2585} INFO - Sync 1 DAGs
[2025-11-23T07:44:19.430+0000] {logging_mixin.py:120} INFO - [2025-11-23T07:44:19.430+0000] {dag.py:3340} INFO - Setting next_dagrun for example_bash_dag to 2025-11-23T00:00:00+00:00, run_after=2025-11-24T00:00:00+00:00
[2025-11-23T07:44:19.459+0000] {processor.py:176} INFO - Processing /opt/airflow/dags/example_bash_dag.py took 0.156 seconds
[2025-11-23T07:44:49.946+0000] {processor.py:154} INFO - Started process (PID=1111) to work on /opt/airflow/dags/example_bash_dag.py
[2025-11-23T07:44:49.947+0000] {processor.py:756} INFO - Processing file /opt/airflow/dags/example_bash_dag.py for tasks to queue
[2025-11-23T07:44:49.949+0000] {logging_mixin.py:120} INFO - [2025-11-23T07:44:49.949+0000] {dagbag.py:537} INFO - Filling up the DagBag from /opt/airflow/dags/example_bash_dag.py
[2025-11-23T07:44:49.986+0000] {processor.py:766} INFO - DAG(s) dict_keys(['example_bash_dag']) retrieved from /opt/airflow/dags/example_bash_dag.py
[2025-11-23T07:44:50.053+0000] {logging_mixin.py:120} INFO - [2025-11-23T07:44:50.053+0000] {dag.py:2585} INFO - Sync 1 DAGs
[2025-11-23T07:44:50.089+0000] {logging_mixin.py:120} INFO - [2025-11-23T07:44:50.089+0000] {dag.py:3340} INFO - Setting next_dagrun for example_bash_dag to 2025-11-23T00:00:00+00:00, run_after=2025-11-24T00:00:00+00:00
[2025-11-23T07:44:50.122+0000] {processor.py:176} INFO - Processing /opt/airflow/dags/example_bash_dag.py took 0.182 seconds
[2025-11-23T07:45:21.037+0000] {processor.py:154} INFO - Started process (PID=1143) to work on /opt/airflow/dags/example_bash_dag.py
[2025-11-23T07:45:21.038+0000] {processor.py:756} INFO - Processing file /opt/airflow/dags/example_bash_dag.py for tasks to queue
[2025-11-23T07:45:21.040+0000] {logging_mixin.py:120} INFO - [2025-11-23T07:45:21.039+0000] {dagbag.py:537} INFO - Filling up the DagBag from /opt/airflow/dags/example_bash_dag.py
[2025-11-23T07:45:21.080+0000] {processor.py:766} INFO - DAG(s) dict_keys(['example_bash_dag']) retrieved from /opt/airflow/dags/example_bash_dag.py
[2025-11-23T07:45:21.128+0000] {logging_mixin.py:120} INFO - [2025-11-23T07:45:21.128+0000] {dag.py:2585} INFO - Sync 1 DAGs
[2025-11-23T07:45:21.161+0000] {logging_mixin.py:120} INFO - [2025-11-23T07:45:21.161+0000] {dag.py:3340} INFO - Setting next_dagrun for example_bash_dag to 2025-11-23T00:00:00+00:00, run_after=2025-11-24T00:00:00+00:00
[2025-11-23T07:45:21.200+0000] {processor.py:176} INFO - Processing /opt/airflow/dags/example_bash_dag.py took 0.168 seconds
[2025-11-23T07:45:51.743+0000] {processor.py:154} INFO - Started process (PID=1175) to work on /opt/airflow/dags/example_bash_dag.py
[2025-11-23T07:45:51.744+0000] {processor.py:756} INFO - Processing file /opt/airflow/dags/example_bash_dag.py for tasks to queue
[2025-11-23T07:45:51.746+0000] {logging_mixin.py:120} INFO - [2025-11-23T07:45:51.746+0000] {dagbag.py:537} INFO - Filling up the DagBag from /opt/airflow/dags/example_bash_dag.py
[2025-11-23T07:45:51.781+0000] {processor.py:766} INFO - DAG(s) dict_keys(['example_bash_dag']) retrieved from /opt/airflow/dags/example_bash_dag.py
[2025-11-23T07:45:51.829+0000] {logging_mixin.py:120} INFO - [2025-11-23T07:45:51.829+0000] {dag.py:2585} INFO - Sync 1 DAGs
[2025-11-23T07:45:51.862+0000] {logging_mixin.py:120} INFO - [2025-11-23T07:45:51.862+0000] {dag.py:3340} INFO - Setting next_dagrun for example_bash_dag to 2025-11-23T00:00:00+00:00, run_after=2025-11-24T00:00:00+00:00
[2025-11-23T07:45:51.899+0000] {processor.py:176} INFO - Processing /opt/airflow/dags/example_bash_dag.py took 0.160 seconds
[2025-11-23T07:46:22.528+0000] {processor.py:154} INFO - Started process (PID=1198) to work on /opt/airflow/dags/example_bash_dag.py
[2025-11-23T07:46:22.531+0000] {processor.py:756} INFO - Processing file /opt/airflow/dags/example_bash_dag.py for tasks to queue
[2025-11-23T07:46:22.533+0000] {logging_mixin.py:120} INFO - [2025-11-23T07:46:22.532+0000] {dagbag.py:537} INFO - Filling up the DagBag from /opt/airflow/dags/example_bash_dag.py
[2025-11-23T07:46:22.625+0000] {processor.py:766} INFO - DAG(s) dict_keys(['example_bash_dag']) retrieved from /opt/airflow/dags/example_bash_dag.py
[2025-11-23T07:46:22.832+0000] {logging_mixin.py:120} INFO - [2025-11-23T07:46:22.827+0000] {dag.py:2585} INFO - Sync 1 DAGs
[2025-11-23T07:46:22.897+0000] {logging_mixin.py:120} INFO - [2025-11-23T07:46:22.897+0000] {dag.py:3340} INFO - Setting next_dagrun for example_bash_dag to 2025-11-23T00:00:00+00:00, run_after=2025-11-24T00:00:00+00:00
[2025-11-23T07:46:22.969+0000] {processor.py:176} INFO - Processing /opt/airflow/dags/example_bash_dag.py took 0.451 seconds
[2025-11-23T07:46:53.795+0000] {processor.py:154} INFO - Started process (PID=1230) to work on /opt/airflow/dags/example_bash_dag.py
[2025-11-23T07:46:53.797+0000] {processor.py:756} INFO - Processing file /opt/airflow/dags/example_bash_dag.py for tasks to queue
[2025-11-23T07:46:53.798+0000] {logging_mixin.py:120} INFO - [2025-11-23T07:46:53.798+0000] {dagbag.py:537} INFO - Filling up the DagBag from /opt/airflow/dags/example_bash_dag.py
[2025-11-23T07:46:53.832+0000] {processor.py:766} INFO - DAG(s) dict_keys(['example_bash_dag']) retrieved from /opt/airflow/dags/example_bash_dag.py
[2025-11-23T07:46:53.892+0000] {logging_mixin.py:120} INFO - [2025-11-23T07:46:53.891+0000] {dag.py:2585} INFO - Sync 1 DAGs
[2025-11-23T07:46:53.937+0000] {logging_mixin.py:120} INFO - [2025-11-23T07:46:53.937+0000] {dag.py:3340} INFO - Setting next_dagrun for example_bash_dag to 2025-11-23T00:00:00+00:00, run_after=2025-11-24T00:00:00+00:00
[2025-11-23T07:46:53.973+0000] {processor.py:176} INFO - Processing /opt/airflow/dags/example_bash_dag.py took 0.183 seconds
[2025-11-23T07:47:24.586+0000] {processor.py:154} INFO - Started process (PID=1262) to work on /opt/airflow/dags/example_bash_dag.py
[2025-11-23T07:47:24.587+0000] {processor.py:756} INFO - Processing file /opt/airflow/dags/example_bash_dag.py for tasks to queue
[2025-11-23T07:47:24.589+0000] {logging_mixin.py:120} INFO - [2025-11-23T07:47:24.589+0000] {dagbag.py:537} INFO - Filling up the DagBag from /opt/airflow/dags/example_bash_dag.py
[2025-11-23T07:47:24.628+0000] {processor.py:766} INFO - DAG(s) dict_keys(['example_bash_dag']) retrieved from /opt/airflow/dags/example_bash_dag.py
[2025-11-23T07:47:24.690+0000] {logging_mixin.py:120} INFO - [2025-11-23T07:47:24.689+0000] {dag.py:2585} INFO - Sync 1 DAGs
[2025-11-23T07:47:24.725+0000] {logging_mixin.py:120} INFO - [2025-11-23T07:47:24.724+0000] {dag.py:3340} INFO - Setting next_dagrun for example_bash_dag to 2025-11-23T00:00:00+00:00, run_after=2025-11-24T00:00:00+00:00
[2025-11-23T07:47:24.759+0000] {processor.py:176} INFO - Processing /opt/airflow/dags/example_bash_dag.py took 0.177 seconds
[2025-11-23T07:47:55.146+0000] {processor.py:154} INFO - Started process (PID=1285) to work on /opt/airflow/dags/example_bash_dag.py
[2025-11-23T07:47:55.148+0000] {processor.py:756} INFO - Processing file /opt/airflow/dags/example_bash_dag.py for tasks to queue
[2025-11-23T07:47:55.149+0000] {logging_mixin.py:120} INFO - [2025-11-23T07:47:55.149+0000] {dagbag.py:537} INFO - Filling up the DagBag from /opt/airflow/dags/example_bash_dag.py
[2025-11-23T07:47:55.218+0000] {processor.py:766} INFO - DAG(s) dict_keys(['example_bash_dag']) retrieved from /opt/airflow/dags/example_bash_dag.py
[2025-11-23T07:47:55.330+0000] {logging_mixin.py:120} INFO - [2025-11-23T07:47:55.329+0000] {dag.py:2585} INFO - Sync 1 DAGs
[2025-11-23T07:47:55.395+0000] {logging_mixin.py:120} INFO - [2025-11-23T07:47:55.394+0000] {dag.py:3340} INFO - Setting next_dagrun for example_bash_dag to 2025-11-23T00:00:00+00:00, run_after=2025-11-24T00:00:00+00:00
[2025-11-23T07:47:55.442+0000] {processor.py:176} INFO - Processing /opt/airflow/dags/example_bash_dag.py took 0.304 seconds
[2025-11-23T07:48:26.210+0000] {processor.py:154} INFO - Started process (PID=1317) to work on /opt/airflow/dags/example_bash_dag.py
[2025-11-23T07:48:26.212+0000] {processor.py:756} INFO - Processing file /opt/airflow/dags/example_bash_dag.py for tasks to queue
[2025-11-23T07:48:26.214+0000] {logging_mixin.py:120} INFO - [2025-11-23T07:48:26.214+0000] {dagbag.py:537} INFO - Filling up the DagBag from /opt/airflow/dags/example_bash_dag.py
[2025-11-23T07:48:26.260+0000] {processor.py:766} INFO - DAG(s) dict_keys(['example_bash_dag']) retrieved from /opt/airflow/dags/example_bash_dag.py
[2025-11-23T07:48:26.319+0000] {logging_mixin.py:120} INFO - [2025-11-23T07:48:26.318+0000] {dag.py:2585} INFO - Sync 1 DAGs
[2025-11-23T07:48:26.361+0000] {logging_mixin.py:120} INFO - [2025-11-23T07:48:26.361+0000] {dag.py:3340} INFO - Setting next_dagrun for example_bash_dag to 2025-11-23T00:00:00+00:00, run_after=2025-11-24T00:00:00+00:00
[2025-11-23T07:48:26.398+0000] {processor.py:176} INFO - Processing /opt/airflow/dags/example_bash_dag.py took 0.193 seconds
[2025-11-23T09:55:33.626+0000] {processor.py:154} INFO - Started process (PID=54) to work on /opt/airflow/dags/example_bash_dag.py
[2025-11-23T09:55:33.657+0000] {processor.py:756} INFO - Processing file /opt/airflow/dags/example_bash_dag.py for tasks to queue
[2025-11-23T09:55:33.659+0000] {logging_mixin.py:120} INFO - [2025-11-23T09:55:33.659+0000] {dagbag.py:537} INFO - Filling up the DagBag from /opt/airflow/dags/example_bash_dag.py
[2025-11-23T09:55:33.770+0000] {processor.py:766} INFO - DAG(s) dict_keys(['example_bash_dag']) retrieved from /opt/airflow/dags/example_bash_dag.py
[2025-11-23T09:55:34.135+0000] {logging_mixin.py:120} INFO - [2025-11-23T09:55:34.134+0000] {dag.py:2585} INFO - Sync 1 DAGs
[2025-11-23T09:55:34.188+0000] {logging_mixin.py:120} INFO - [2025-11-23T09:55:34.188+0000] {dag.py:3340} INFO - Setting next_dagrun for example_bash_dag to 2025-11-23T00:00:00+00:00, run_after=2025-11-24T00:00:00+00:00
[2025-11-23T09:55:34.265+0000] {processor.py:176} INFO - Processing /opt/airflow/dags/example_bash_dag.py took 0.660 seconds
[2025-11-23T09:56:52.712+0000] {processor.py:154} INFO - Started process (PID=45) to work on /opt/airflow/dags/example_bash_dag.py
[2025-11-23T09:56:52.717+0000] {processor.py:756} INFO - Processing file /opt/airflow/dags/example_bash_dag.py for tasks to queue
[2025-11-23T09:56:52.726+0000] {logging_mixin.py:120} INFO - [2025-11-23T09:56:52.725+0000] {dagbag.py:537} INFO - Filling up the DagBag from /opt/airflow/dags/example_bash_dag.py
[2025-11-23T09:56:52.911+0000] {processor.py:766} INFO - DAG(s) dict_keys(['example_bash_dag']) retrieved from /opt/airflow/dags/example_bash_dag.py
[2025-11-23T09:56:53.290+0000] {logging_mixin.py:120} INFO - [2025-11-23T09:56:53.290+0000] {dag.py:2585} INFO - Sync 1 DAGs
[2025-11-23T09:56:53.344+0000] {logging_mixin.py:120} INFO - [2025-11-23T09:56:53.344+0000] {dag.py:3340} INFO - Setting next_dagrun for example_bash_dag to 2025-11-23T00:00:00+00:00, run_after=2025-11-24T00:00:00+00:00
[2025-11-23T09:56:53.388+0000] {processor.py:176} INFO - Processing /opt/airflow/dags/example_bash_dag.py took 0.692 seconds
[2025-11-23T09:57:23.737+0000] {processor.py:154} INFO - Started process (PID=69) to work on /opt/airflow/dags/example_bash_dag.py
[2025-11-23T09:57:23.739+0000] {processor.py:756} INFO - Processing file /opt/airflow/dags/example_bash_dag.py for tasks to queue
[2025-11-23T09:57:23.741+0000] {logging_mixin.py:120} INFO - [2025-11-23T09:57:23.741+0000] {dagbag.py:537} INFO - Filling up the DagBag from /opt/airflow/dags/example_bash_dag.py
[2025-11-23T09:57:23.786+0000] {processor.py:766} INFO - DAG(s) dict_keys(['example_bash_dag']) retrieved from /opt/airflow/dags/example_bash_dag.py
[2025-11-23T09:57:23.830+0000] {logging_mixin.py:120} INFO - [2025-11-23T09:57:23.830+0000] {dag.py:2585} INFO - Sync 1 DAGs
[2025-11-23T09:57:23.857+0000] {logging_mixin.py:120} INFO - [2025-11-23T09:57:23.857+0000] {dag.py:3340} INFO - Setting next_dagrun for example_bash_dag to 2025-11-23T00:00:00+00:00, run_after=2025-11-24T00:00:00+00:00
[2025-11-23T09:57:23.879+0000] {processor.py:176} INFO - Processing /opt/airflow/dags/example_bash_dag.py took 0.147 seconds
[2025-11-23T09:57:54.357+0000] {processor.py:154} INFO - Started process (PID=102) to work on /opt/airflow/dags/example_bash_dag.py
[2025-11-23T09:57:54.359+0000] {processor.py:756} INFO - Processing file /opt/airflow/dags/example_bash_dag.py for tasks to queue
[2025-11-23T09:57:54.360+0000] {logging_mixin.py:120} INFO - [2025-11-23T09:57:54.360+0000] {dagbag.py:537} INFO - Filling up the DagBag from /opt/airflow/dags/example_bash_dag.py
[2025-11-23T09:57:54.392+0000] {processor.py:766} INFO - DAG(s) dict_keys(['example_bash_dag']) retrieved from /opt/airflow/dags/example_bash_dag.py
[2025-11-23T09:57:54.439+0000] {logging_mixin.py:120} INFO - [2025-11-23T09:57:54.439+0000] {dag.py:2585} INFO - Sync 1 DAGs
[2025-11-23T09:57:54.474+0000] {logging_mixin.py:120} INFO - [2025-11-23T09:57:54.473+0000] {dag.py:3340} INFO - Setting next_dagrun for example_bash_dag to 2025-11-23T00:00:00+00:00, run_after=2025-11-24T00:00:00+00:00
[2025-11-23T09:57:54.503+0000] {processor.py:176} INFO - Processing /opt/airflow/dags/example_bash_dag.py took 0.152 seconds
[2025-11-23T09:58:24.774+0000] {processor.py:154} INFO - Started process (PID=126) to work on /opt/airflow/dags/example_bash_dag.py
[2025-11-23T09:58:24.776+0000] {processor.py:756} INFO - Processing file /opt/airflow/dags/example_bash_dag.py for tasks to queue
[2025-11-23T09:58:24.777+0000] {logging_mixin.py:120} INFO - [2025-11-23T09:58:24.777+0000] {dagbag.py:537} INFO - Filling up the DagBag from /opt/airflow/dags/example_bash_dag.py
[2025-11-23T09:58:24.810+0000] {processor.py:766} INFO - DAG(s) dict_keys(['example_bash_dag']) retrieved from /opt/airflow/dags/example_bash_dag.py
[2025-11-23T09:58:24.866+0000] {logging_mixin.py:120} INFO - [2025-11-23T09:58:24.866+0000] {dag.py:2585} INFO - Sync 1 DAGs
[2025-11-23T09:58:24.900+0000] {logging_mixin.py:120} INFO - [2025-11-23T09:58:24.900+0000] {dag.py:3340} INFO - Setting next_dagrun for example_bash_dag to 2025-11-23T00:00:00+00:00, run_after=2025-11-24T00:00:00+00:00
[2025-11-23T09:58:24.937+0000] {processor.py:176} INFO - Processing /opt/airflow/dags/example_bash_dag.py took 0.167 seconds
[2025-11-23T09:58:55.824+0000] {processor.py:154} INFO - Started process (PID=167) to work on /opt/airflow/dags/example_bash_dag.py
[2025-11-23T09:58:55.826+0000] {processor.py:756} INFO - Processing file /opt/airflow/dags/example_bash_dag.py for tasks to queue
[2025-11-23T09:58:55.828+0000] {logging_mixin.py:120} INFO - [2025-11-23T09:58:55.827+0000] {dagbag.py:537} INFO - Filling up the DagBag from /opt/airflow/dags/example_bash_dag.py
[2025-11-23T09:58:55.889+0000] {processor.py:766} INFO - DAG(s) dict_keys(['example_bash_dag']) retrieved from /opt/airflow/dags/example_bash_dag.py
[2025-11-23T09:58:55.998+0000] {logging_mixin.py:120} INFO - [2025-11-23T09:58:55.998+0000] {dag.py:2585} INFO - Sync 1 DAGs
[2025-11-23T09:58:56.050+0000] {logging_mixin.py:120} INFO - [2025-11-23T09:58:56.050+0000] {dag.py:3340} INFO - Setting next_dagrun for example_bash_dag to 2025-11-23T00:00:00+00:00, run_after=2025-11-24T00:00:00+00:00
[2025-11-23T09:58:56.096+0000] {processor.py:176} INFO - Processing /opt/airflow/dags/example_bash_dag.py took 0.285 seconds
[2025-11-23T09:59:26.501+0000] {processor.py:154} INFO - Started process (PID=191) to work on /opt/airflow/dags/example_bash_dag.py
[2025-11-23T09:59:26.502+0000] {processor.py:756} INFO - Processing file /opt/airflow/dags/example_bash_dag.py for tasks to queue
[2025-11-23T09:59:26.504+0000] {logging_mixin.py:120} INFO - [2025-11-23T09:59:26.503+0000] {dagbag.py:537} INFO - Filling up the DagBag from /opt/airflow/dags/example_bash_dag.py
[2025-11-23T09:59:26.551+0000] {processor.py:766} INFO - DAG(s) dict_keys(['example_bash_dag']) retrieved from /opt/airflow/dags/example_bash_dag.py
[2025-11-23T09:59:26.618+0000] {logging_mixin.py:120} INFO - [2025-11-23T09:59:26.618+0000] {dag.py:2585} INFO - Sync 1 DAGs
[2025-11-23T09:59:26.661+0000] {logging_mixin.py:120} INFO - [2025-11-23T09:59:26.660+0000] {dag.py:3340} INFO - Setting next_dagrun for example_bash_dag to 2025-11-23T00:00:00+00:00, run_after=2025-11-24T00:00:00+00:00
[2025-11-23T09:59:26.697+0000] {processor.py:176} INFO - Processing /opt/airflow/dags/example_bash_dag.py took 0.200 seconds
[2025-11-23T09:59:56.948+0000] {processor.py:154} INFO - Started process (PID=224) to work on /opt/airflow/dags/example_bash_dag.py
[2025-11-23T09:59:56.950+0000] {processor.py:756} INFO - Processing file /opt/airflow/dags/example_bash_dag.py for tasks to queue
[2025-11-23T09:59:56.951+0000] {logging_mixin.py:120} INFO - [2025-11-23T09:59:56.951+0000] {dagbag.py:537} INFO - Filling up the DagBag from /opt/airflow/dags/example_bash_dag.py
[2025-11-23T09:59:56.981+0000] {processor.py:766} INFO - DAG(s) dict_keys(['example_bash_dag']) retrieved from /opt/airflow/dags/example_bash_dag.py
[2025-11-23T09:59:57.042+0000] {logging_mixin.py:120} INFO - [2025-11-23T09:59:57.042+0000] {dag.py:2585} INFO - Sync 1 DAGs
[2025-11-23T09:59:57.073+0000] {logging_mixin.py:120} INFO - [2025-11-23T09:59:57.073+0000] {dag.py:3340} INFO - Setting next_dagrun for example_bash_dag to 2025-11-23T00:00:00+00:00, run_after=2025-11-24T00:00:00+00:00
[2025-11-23T09:59:57.105+0000] {processor.py:176} INFO - Processing /opt/airflow/dags/example_bash_dag.py took 0.165 seconds
[2025-11-23T10:00:27.302+0000] {processor.py:154} INFO - Started process (PID=248) to work on /opt/airflow/dags/example_bash_dag.py
[2025-11-23T10:00:27.303+0000] {processor.py:756} INFO - Processing file /opt/airflow/dags/example_bash_dag.py for tasks to queue
[2025-11-23T10:00:27.304+0000] {logging_mixin.py:120} INFO - [2025-11-23T10:00:27.304+0000] {dagbag.py:537} INFO - Filling up the DagBag from /opt/airflow/dags/example_bash_dag.py
[2025-11-23T10:00:27.334+0000] {processor.py:766} INFO - DAG(s) dict_keys(['example_bash_dag']) retrieved from /opt/airflow/dags/example_bash_dag.py
[2025-11-23T10:00:27.387+0000] {logging_mixin.py:120} INFO - [2025-11-23T10:00:27.387+0000] {dag.py:2585} INFO - Sync 1 DAGs
[2025-11-23T10:00:27.421+0000] {logging_mixin.py:120} INFO - [2025-11-23T10:00:27.420+0000] {dag.py:3340} INFO - Setting next_dagrun for example_bash_dag to 2025-11-23T00:00:00+00:00, run_after=2025-11-24T00:00:00+00:00
[2025-11-23T10:00:27.452+0000] {processor.py:176} INFO - Processing /opt/airflow/dags/example_bash_dag.py took 0.154 seconds
[2025-11-23T10:00:58.434+0000] {processor.py:154} INFO - Started process (PID=280) to work on /opt/airflow/dags/example_bash_dag.py
[2025-11-23T10:00:58.443+0000] {processor.py:756} INFO - Processing file /opt/airflow/dags/example_bash_dag.py for tasks to queue
[2025-11-23T10:00:58.444+0000] {logging_mixin.py:120} INFO - [2025-11-23T10:00:58.444+0000] {dagbag.py:537} INFO - Filling up the DagBag from /opt/airflow/dags/example_bash_dag.py
[2025-11-23T10:00:58.488+0000] {processor.py:766} INFO - DAG(s) dict_keys(['example_bash_dag']) retrieved from /opt/airflow/dags/example_bash_dag.py
[2025-11-23T10:00:58.550+0000] {logging_mixin.py:120} INFO - [2025-11-23T10:00:58.550+0000] {dag.py:2585} INFO - Sync 1 DAGs
[2025-11-23T10:00:58.598+0000] {logging_mixin.py:120} INFO - [2025-11-23T10:00:58.597+0000] {dag.py:3340} INFO - Setting next_dagrun for example_bash_dag to 2025-11-23T00:00:00+00:00, run_after=2025-11-24T00:00:00+00:00
[2025-11-23T10:00:58.683+0000] {processor.py:176} INFO - Processing /opt/airflow/dags/example_bash_dag.py took 0.256 seconds
[2025-11-23T10:01:29.980+0000] {processor.py:154} INFO - Started process (PID=311) to work on /opt/airflow/dags/example_bash_dag.py
[2025-11-23T10:01:29.982+0000] {processor.py:756} INFO - Processing file /opt/airflow/dags/example_bash_dag.py for tasks to queue
[2025-11-23T10:01:29.986+0000] {logging_mixin.py:120} INFO - [2025-11-23T10:01:29.985+0000] {dagbag.py:537} INFO - Filling up the DagBag from /opt/airflow/dags/example_bash_dag.py
[2025-11-23T10:01:30.087+0000] {processor.py:766} INFO - DAG(s) dict_keys(['example_bash_dag']) retrieved from /opt/airflow/dags/example_bash_dag.py
[2025-11-23T10:01:30.301+0000] {logging_mixin.py:120} INFO - [2025-11-23T10:01:30.301+0000] {dag.py:2585} INFO - Sync 1 DAGs
[2025-11-23T10:01:30.404+0000] {logging_mixin.py:120} INFO - [2025-11-23T10:01:30.404+0000] {dag.py:3340} INFO - Setting next_dagrun for example_bash_dag to 2025-11-23T00:00:00+00:00, run_after=2025-11-24T00:00:00+00:00
[2025-11-23T10:01:30.465+0000] {processor.py:176} INFO - Processing /opt/airflow/dags/example_bash_dag.py took 0.490 seconds
[2025-11-23T10:02:01.017+0000] {processor.py:154} INFO - Started process (PID=335) to work on /opt/airflow/dags/example_bash_dag.py
[2025-11-23T10:02:01.019+0000] {processor.py:756} INFO - Processing file /opt/airflow/dags/example_bash_dag.py for tasks to queue
[2025-11-23T10:02:01.020+0000] {logging_mixin.py:120} INFO - [2025-11-23T10:02:01.020+0000] {dagbag.py:537} INFO - Filling up the DagBag from /opt/airflow/dags/example_bash_dag.py
[2025-11-23T10:02:01.052+0000] {processor.py:766} INFO - DAG(s) dict_keys(['example_bash_dag']) retrieved from /opt/airflow/dags/example_bash_dag.py
[2025-11-23T10:02:01.114+0000] {logging_mixin.py:120} INFO - [2025-11-23T10:02:01.113+0000] {dag.py:2585} INFO - Sync 1 DAGs
[2025-11-23T10:02:01.143+0000] {logging_mixin.py:120} INFO - [2025-11-23T10:02:01.143+0000] {dag.py:3340} INFO - Setting next_dagrun for example_bash_dag to 2025-11-23T00:00:00+00:00, run_after=2025-11-24T00:00:00+00:00
[2025-11-23T10:02:01.169+0000] {processor.py:176} INFO - Processing /opt/airflow/dags/example_bash_dag.py took 0.157 seconds
[2025-11-23T10:02:31.388+0000] {processor.py:154} INFO - Started process (PID=359) to work on /opt/airflow/dags/example_bash_dag.py
[2025-11-23T10:02:31.389+0000] {processor.py:756} INFO - Processing file /opt/airflow/dags/example_bash_dag.py for tasks to queue
[2025-11-23T10:02:31.390+0000] {logging_mixin.py:120} INFO - [2025-11-23T10:02:31.390+0000] {dagbag.py:537} INFO - Filling up the DagBag from /opt/airflow/dags/example_bash_dag.py
[2025-11-23T10:02:31.420+0000] {processor.py:766} INFO - DAG(s) dict_keys(['example_bash_dag']) retrieved from /opt/airflow/dags/example_bash_dag.py
[2025-11-23T10:02:31.474+0000] {logging_mixin.py:120} INFO - [2025-11-23T10:02:31.474+0000] {dag.py:2585} INFO - Sync 1 DAGs
[2025-11-23T10:02:31.504+0000] {logging_mixin.py:120} INFO - [2025-11-23T10:02:31.504+0000] {dag.py:3340} INFO - Setting next_dagrun for example_bash_dag to 2025-11-23T00:00:00+00:00, run_after=2025-11-24T00:00:00+00:00
[2025-11-23T10:02:31.533+0000] {processor.py:176} INFO - Processing /opt/airflow/dags/example_bash_dag.py took 0.150 seconds
[2025-11-23T10:03:02.578+0000] {processor.py:154} INFO - Started process (PID=391) to work on /opt/airflow/dags/example_bash_dag.py
[2025-11-23T10:03:02.579+0000] {processor.py:756} INFO - Processing file /opt/airflow/dags/example_bash_dag.py for tasks to queue
[2025-11-23T10:03:02.581+0000] {logging_mixin.py:120} INFO - [2025-11-23T10:03:02.580+0000] {dagbag.py:537} INFO - Filling up the DagBag from /opt/airflow/dags/example_bash_dag.py
[2025-11-23T10:03:02.645+0000] {processor.py:766} INFO - DAG(s) dict_keys(['example_bash_dag']) retrieved from /opt/airflow/dags/example_bash_dag.py
[2025-11-23T10:03:02.705+0000] {logging_mixin.py:120} INFO - [2025-11-23T10:03:02.705+0000] {dag.py:2585} INFO - Sync 1 DAGs
[2025-11-23T10:03:02.734+0000] {logging_mixin.py:120} INFO - [2025-11-23T10:03:02.734+0000] {dag.py:3340} INFO - Setting next_dagrun for example_bash_dag to 2025-11-23T00:00:00+00:00, run_after=2025-11-24T00:00:00+00:00
[2025-11-23T10:03:02.758+0000] {processor.py:176} INFO - Processing /opt/airflow/dags/example_bash_dag.py took 0.186 seconds
[2025-11-23T10:03:33.011+0000] {processor.py:154} INFO - Started process (PID=421) to work on /opt/airflow/dags/example_bash_dag.py
[2025-11-23T10:03:33.018+0000] {processor.py:756} INFO - Processing file /opt/airflow/dags/example_bash_dag.py for tasks to queue
[2025-11-23T10:03:33.020+0000] {logging_mixin.py:120} INFO - [2025-11-23T10:03:33.020+0000] {dagbag.py:537} INFO - Filling up the DagBag from /opt/airflow/dags/example_bash_dag.py
[2025-11-23T10:03:33.204+0000] {processor.py:766} INFO - DAG(s) dict_keys(['example_bash_dag']) retrieved from /opt/airflow/dags/example_bash_dag.py
[2025-11-23T10:03:33.541+0000] {logging_mixin.py:120} INFO - [2025-11-23T10:03:33.541+0000] {dag.py:2585} INFO - Sync 1 DAGs
[2025-11-23T10:03:33.699+0000] {logging_mixin.py:120} INFO - [2025-11-23T10:03:33.694+0000] {dag.py:3340} INFO - Setting next_dagrun for example_bash_dag to 2025-11-23T00:00:00+00:00, run_after=2025-11-24T00:00:00+00:00
[2025-11-23T10:03:33.807+0000] {processor.py:176} INFO - Processing /opt/airflow/dags/example_bash_dag.py took 0.820 seconds
[2025-11-23T10:04:04.730+0000] {processor.py:154} INFO - Started process (PID=448) to work on /opt/airflow/dags/example_bash_dag.py
[2025-11-23T10:04:04.731+0000] {processor.py:756} INFO - Processing file /opt/airflow/dags/example_bash_dag.py for tasks to queue
[2025-11-23T10:04:04.733+0000] {logging_mixin.py:120} INFO - [2025-11-23T10:04:04.732+0000] {dagbag.py:537} INFO - Filling up the DagBag from /opt/airflow/dags/example_bash_dag.py
[2025-11-23T10:04:04.768+0000] {processor.py:766} INFO - DAG(s) dict_keys(['example_bash_dag']) retrieved from /opt/airflow/dags/example_bash_dag.py
[2025-11-23T10:04:04.825+0000] {logging_mixin.py:120} INFO - [2025-11-23T10:04:04.825+0000] {dag.py:2585} INFO - Sync 1 DAGs
[2025-11-23T10:04:04.901+0000] {logging_mixin.py:120} INFO - [2025-11-23T10:04:04.901+0000] {dag.py:3340} INFO - Setting next_dagrun for example_bash_dag to 2025-11-23T00:00:00+00:00, run_after=2025-11-24T00:00:00+00:00
[2025-11-23T10:04:05.034+0000] {processor.py:176} INFO - Processing /opt/airflow/dags/example_bash_dag.py took 0.311 seconds
[2025-11-23T10:04:35.184+0000] {processor.py:154} INFO - Started process (PID=481) to work on /opt/airflow/dags/example_bash_dag.py
[2025-11-23T10:04:35.190+0000] {processor.py:756} INFO - Processing file /opt/airflow/dags/example_bash_dag.py for tasks to queue
[2025-11-23T10:04:35.194+0000] {logging_mixin.py:120} INFO - [2025-11-23T10:04:35.194+0000] {dagbag.py:537} INFO - Filling up the DagBag from /opt/airflow/dags/example_bash_dag.py
[2025-11-23T10:04:35.363+0000] {processor.py:766} INFO - DAG(s) dict_keys(['example_bash_dag']) retrieved from /opt/airflow/dags/example_bash_dag.py
[2025-11-23T10:04:35.730+0000] {logging_mixin.py:120} INFO - [2025-11-23T10:04:35.730+0000] {dag.py:2585} INFO - Sync 1 DAGs
[2025-11-23T10:04:35.964+0000] {logging_mixin.py:120} INFO - [2025-11-23T10:04:35.964+0000] {dag.py:3340} INFO - Setting next_dagrun for example_bash_dag to 2025-11-23T00:00:00+00:00, run_after=2025-11-24T00:00:00+00:00
[2025-11-23T10:04:36.152+0000] {processor.py:176} INFO - Processing /opt/airflow/dags/example_bash_dag.py took 0.976 seconds
[2025-11-23T10:05:06.282+0000] {processor.py:154} INFO - Started process (PID=505) to work on /opt/airflow/dags/example_bash_dag.py
[2025-11-23T10:05:06.283+0000] {processor.py:756} INFO - Processing file /opt/airflow/dags/example_bash_dag.py for tasks to queue
[2025-11-23T10:05:06.285+0000] {logging_mixin.py:120} INFO - [2025-11-23T10:05:06.284+0000] {dagbag.py:537} INFO - Filling up the DagBag from /opt/airflow/dags/example_bash_dag.py
[2025-11-23T10:05:06.316+0000] {processor.py:766} INFO - DAG(s) dict_keys(['example_bash_dag']) retrieved from /opt/airflow/dags/example_bash_dag.py
[2025-11-23T10:05:06.370+0000] {logging_mixin.py:120} INFO - [2025-11-23T10:05:06.369+0000] {dag.py:2585} INFO - Sync 1 DAGs
[2025-11-23T10:05:06.400+0000] {logging_mixin.py:120} INFO - [2025-11-23T10:05:06.399+0000] {dag.py:3340} INFO - Setting next_dagrun for example_bash_dag to 2025-11-23T00:00:00+00:00, run_after=2025-11-24T00:00:00+00:00
[2025-11-23T10:05:06.432+0000] {processor.py:176} INFO - Processing /opt/airflow/dags/example_bash_dag.py took 0.154 seconds
[2025-11-23T10:05:36.558+0000] {processor.py:154} INFO - Started process (PID=529) to work on /opt/airflow/dags/example_bash_dag.py
[2025-11-23T10:05:36.560+0000] {processor.py:756} INFO - Processing file /opt/airflow/dags/example_bash_dag.py for tasks to queue
[2025-11-23T10:05:36.562+0000] {logging_mixin.py:120} INFO - [2025-11-23T10:05:36.562+0000] {dagbag.py:537} INFO - Filling up the DagBag from /opt/airflow/dags/example_bash_dag.py
[2025-11-23T10:05:36.611+0000] {processor.py:766} INFO - DAG(s) dict_keys(['example_bash_dag']) retrieved from /opt/airflow/dags/example_bash_dag.py
[2025-11-23T10:05:36.681+0000] {logging_mixin.py:120} INFO - [2025-11-23T10:05:36.681+0000] {dag.py:2585} INFO - Sync 1 DAGs
[2025-11-23T10:05:36.729+0000] {logging_mixin.py:120} INFO - [2025-11-23T10:05:36.729+0000] {dag.py:3340} INFO - Setting next_dagrun for example_bash_dag to 2025-11-23T00:00:00+00:00, run_after=2025-11-24T00:00:00+00:00
[2025-11-23T10:05:36.755+0000] {processor.py:176} INFO - Processing /opt/airflow/dags/example_bash_dag.py took 0.203 seconds
[2025-11-23T10:06:06.892+0000] {processor.py:154} INFO - Started process (PID=561) to work on /opt/airflow/dags/example_bash_dag.py
[2025-11-23T10:06:06.897+0000] {processor.py:756} INFO - Processing file /opt/airflow/dags/example_bash_dag.py for tasks to queue
[2025-11-23T10:06:06.900+0000] {logging_mixin.py:120} INFO - [2025-11-23T10:06:06.898+0000] {dagbag.py:537} INFO - Filling up the DagBag from /opt/airflow/dags/example_bash_dag.py
[2025-11-23T10:06:07.017+0000] {processor.py:766} INFO - DAG(s) dict_keys(['example_bash_dag']) retrieved from /opt/airflow/dags/example_bash_dag.py
[2025-11-23T10:06:07.096+0000] {logging_mixin.py:120} INFO - [2025-11-23T10:06:07.095+0000] {dag.py:2585} INFO - Sync 1 DAGs
[2025-11-23T10:06:07.150+0000] {logging_mixin.py:120} INFO - [2025-11-23T10:06:07.149+0000] {dag.py:3340} INFO - Setting next_dagrun for example_bash_dag to 2025-11-23T00:00:00+00:00, run_after=2025-11-24T00:00:00+00:00
[2025-11-23T10:06:07.229+0000] {processor.py:176} INFO - Processing /opt/airflow/dags/example_bash_dag.py took 0.347 seconds
[2025-11-23T10:06:37.606+0000] {processor.py:154} INFO - Started process (PID=587) to work on /opt/airflow/dags/example_bash_dag.py
[2025-11-23T10:06:37.608+0000] {processor.py:756} INFO - Processing file /opt/airflow/dags/example_bash_dag.py for tasks to queue
[2025-11-23T10:06:37.609+0000] {logging_mixin.py:120} INFO - [2025-11-23T10:06:37.609+0000] {dagbag.py:537} INFO - Filling up the DagBag from /opt/airflow/dags/example_bash_dag.py
[2025-11-23T10:06:37.657+0000] {processor.py:766} INFO - DAG(s) dict_keys(['example_bash_dag']) retrieved from /opt/airflow/dags/example_bash_dag.py
[2025-11-23T10:06:37.708+0000] {logging_mixin.py:120} INFO - [2025-11-23T10:06:37.707+0000] {dag.py:2585} INFO - Sync 1 DAGs
[2025-11-23T10:06:37.753+0000] {logging_mixin.py:120} INFO - [2025-11-23T10:06:37.753+0000] {dag.py:3340} INFO - Setting next_dagrun for example_bash_dag to 2025-11-23T00:00:00+00:00, run_after=2025-11-24T00:00:00+00:00
[2025-11-23T10:06:37.783+0000] {processor.py:176} INFO - Processing /opt/airflow/dags/example_bash_dag.py took 0.183 seconds
[2025-11-23T10:07:07.890+0000] {processor.py:154} INFO - Started process (PID=611) to work on /opt/airflow/dags/example_bash_dag.py
[2025-11-23T10:07:07.891+0000] {processor.py:756} INFO - Processing file /opt/airflow/dags/example_bash_dag.py for tasks to queue
[2025-11-23T10:07:07.893+0000] {logging_mixin.py:120} INFO - [2025-11-23T10:07:07.892+0000] {dagbag.py:537} INFO - Filling up the DagBag from /opt/airflow/dags/example_bash_dag.py
[2025-11-23T10:07:07.933+0000] {processor.py:766} INFO - DAG(s) dict_keys(['example_bash_dag']) retrieved from /opt/airflow/dags/example_bash_dag.py
[2025-11-23T10:07:07.985+0000] {logging_mixin.py:120} INFO - [2025-11-23T10:07:07.985+0000] {dag.py:2585} INFO - Sync 1 DAGs
[2025-11-23T10:07:08.024+0000] {logging_mixin.py:120} INFO - [2025-11-23T10:07:08.024+0000] {dag.py:3340} INFO - Setting next_dagrun for example_bash_dag to 2025-11-23T00:00:00+00:00, run_after=2025-11-24T00:00:00+00:00
[2025-11-23T10:07:08.060+0000] {processor.py:176} INFO - Processing /opt/airflow/dags/example_bash_dag.py took 0.175 seconds
[2025-11-23T10:07:38.274+0000] {processor.py:154} INFO - Started process (PID=645) to work on /opt/airflow/dags/example_bash_dag.py
[2025-11-23T10:07:38.276+0000] {processor.py:756} INFO - Processing file /opt/airflow/dags/example_bash_dag.py for tasks to queue
[2025-11-23T10:07:38.277+0000] {logging_mixin.py:120} INFO - [2025-11-23T10:07:38.277+0000] {dagbag.py:537} INFO - Filling up the DagBag from /opt/airflow/dags/example_bash_dag.py
[2025-11-23T10:07:38.346+0000] {processor.py:766} INFO - DAG(s) dict_keys(['example_bash_dag']) retrieved from /opt/airflow/dags/example_bash_dag.py
[2025-11-23T10:07:38.421+0000] {logging_mixin.py:120} INFO - [2025-11-23T10:07:38.420+0000] {dag.py:2585} INFO - Sync 1 DAGs
[2025-11-23T10:07:38.460+0000] {logging_mixin.py:120} INFO - [2025-11-23T10:07:38.460+0000] {dag.py:3340} INFO - Setting next_dagrun for example_bash_dag to 2025-11-23T00:00:00+00:00, run_after=2025-11-24T00:00:00+00:00
[2025-11-23T10:07:38.495+0000] {processor.py:176} INFO - Processing /opt/airflow/dags/example_bash_dag.py took 0.232 seconds
[2025-11-23T10:08:08.821+0000] {processor.py:154} INFO - Started process (PID=670) to work on /opt/airflow/dags/example_bash_dag.py
[2025-11-23T10:08:08.823+0000] {processor.py:756} INFO - Processing file /opt/airflow/dags/example_bash_dag.py for tasks to queue
[2025-11-23T10:08:08.824+0000] {logging_mixin.py:120} INFO - [2025-11-23T10:08:08.824+0000] {dagbag.py:537} INFO - Filling up the DagBag from /opt/airflow/dags/example_bash_dag.py
[2025-11-23T10:08:08.871+0000] {processor.py:766} INFO - DAG(s) dict_keys(['example_bash_dag']) retrieved from /opt/airflow/dags/example_bash_dag.py
[2025-11-23T10:08:08.933+0000] {logging_mixin.py:120} INFO - [2025-11-23T10:08:08.933+0000] {dag.py:2585} INFO - Sync 1 DAGs
[2025-11-23T10:08:08.971+0000] {logging_mixin.py:120} INFO - [2025-11-23T10:08:08.971+0000] {dag.py:3340} INFO - Setting next_dagrun for example_bash_dag to 2025-11-23T00:00:00+00:00, run_after=2025-11-24T00:00:00+00:00
[2025-11-23T10:08:09.003+0000] {processor.py:176} INFO - Processing /opt/airflow/dags/example_bash_dag.py took 0.189 seconds
[2025-11-23T10:08:39.166+0000] {processor.py:154} INFO - Started process (PID=701) to work on /opt/airflow/dags/example_bash_dag.py
[2025-11-23T10:08:39.168+0000] {processor.py:756} INFO - Processing file /opt/airflow/dags/example_bash_dag.py for tasks to queue
[2025-11-23T10:08:39.171+0000] {logging_mixin.py:120} INFO - [2025-11-23T10:08:39.170+0000] {dagbag.py:537} INFO - Filling up the DagBag from /opt/airflow/dags/example_bash_dag.py
[2025-11-23T10:08:39.211+0000] {processor.py:766} INFO - DAG(s) dict_keys(['example_bash_dag']) retrieved from /opt/airflow/dags/example_bash_dag.py
[2025-11-23T10:08:39.378+0000] {logging_mixin.py:120} INFO - [2025-11-23T10:08:39.378+0000] {dag.py:2585} INFO - Sync 1 DAGs
[2025-11-23T10:08:39.475+0000] {logging_mixin.py:120} INFO - [2025-11-23T10:08:39.475+0000] {dag.py:3340} INFO - Setting next_dagrun for example_bash_dag to 2025-11-23T00:00:00+00:00, run_after=2025-11-24T00:00:00+00:00
[2025-11-23T10:08:39.541+0000] {processor.py:176} INFO - Processing /opt/airflow/dags/example_bash_dag.py took 0.380 seconds
[2025-11-23T10:09:10.241+0000] {processor.py:154} INFO - Started process (PID=725) to work on /opt/airflow/dags/example_bash_dag.py
[2025-11-23T10:09:10.242+0000] {processor.py:756} INFO - Processing file /opt/airflow/dags/example_bash_dag.py for tasks to queue
[2025-11-23T10:09:10.244+0000] {logging_mixin.py:120} INFO - [2025-11-23T10:09:10.244+0000] {dagbag.py:537} INFO - Filling up the DagBag from /opt/airflow/dags/example_bash_dag.py
[2025-11-23T10:09:10.289+0000] {processor.py:766} INFO - DAG(s) dict_keys(['example_bash_dag']) retrieved from /opt/airflow/dags/example_bash_dag.py
[2025-11-23T10:09:10.337+0000] {logging_mixin.py:120} INFO - [2025-11-23T10:09:10.337+0000] {dag.py:2585} INFO - Sync 1 DAGs
[2025-11-23T10:09:10.364+0000] {logging_mixin.py:120} INFO - [2025-11-23T10:09:10.363+0000] {dag.py:3340} INFO - Setting next_dagrun for example_bash_dag to 2025-11-23T00:00:00+00:00, run_after=2025-11-24T00:00:00+00:00
[2025-11-23T10:09:10.390+0000] {processor.py:176} INFO - Processing /opt/airflow/dags/example_bash_dag.py took 0.154 seconds
[2025-11-23T10:09:40.611+0000] {processor.py:154} INFO - Started process (PID=758) to work on /opt/airflow/dags/example_bash_dag.py
[2025-11-23T10:09:40.612+0000] {processor.py:756} INFO - Processing file /opt/airflow/dags/example_bash_dag.py for tasks to queue
[2025-11-23T10:09:40.614+0000] {logging_mixin.py:120} INFO - [2025-11-23T10:09:40.614+0000] {dagbag.py:537} INFO - Filling up the DagBag from /opt/airflow/dags/example_bash_dag.py
[2025-11-23T10:09:40.651+0000] {processor.py:766} INFO - DAG(s) dict_keys(['example_bash_dag']) retrieved from /opt/airflow/dags/example_bash_dag.py
[2025-11-23T10:09:40.702+0000] {logging_mixin.py:120} INFO - [2025-11-23T10:09:40.702+0000] {dag.py:2585} INFO - Sync 1 DAGs
[2025-11-23T10:09:40.738+0000] {logging_mixin.py:120} INFO - [2025-11-23T10:09:40.738+0000] {dag.py:3340} INFO - Setting next_dagrun for example_bash_dag to 2025-11-23T00:00:00+00:00, run_after=2025-11-24T00:00:00+00:00
[2025-11-23T10:09:40.771+0000] {processor.py:176} INFO - Processing /opt/airflow/dags/example_bash_dag.py took 0.166 seconds
[2025-11-23T10:10:11.422+0000] {processor.py:154} INFO - Started process (PID=791) to work on /opt/airflow/dags/example_bash_dag.py
[2025-11-23T10:10:11.430+0000] {processor.py:756} INFO - Processing file /opt/airflow/dags/example_bash_dag.py for tasks to queue
[2025-11-23T10:10:11.433+0000] {logging_mixin.py:120} INFO - [2025-11-23T10:10:11.432+0000] {dagbag.py:537} INFO - Filling up the DagBag from /opt/airflow/dags/example_bash_dag.py
[2025-11-23T10:10:11.500+0000] {processor.py:766} INFO - DAG(s) dict_keys(['example_bash_dag']) retrieved from /opt/airflow/dags/example_bash_dag.py
[2025-11-23T10:10:11.564+0000] {logging_mixin.py:120} INFO - [2025-11-23T10:10:11.564+0000] {dag.py:2585} INFO - Sync 1 DAGs
[2025-11-23T10:10:11.605+0000] {logging_mixin.py:120} INFO - [2025-11-23T10:10:11.605+0000] {dag.py:3340} INFO - Setting next_dagrun for example_bash_dag to 2025-11-23T00:00:00+00:00, run_after=2025-11-24T00:00:00+00:00
[2025-11-23T10:10:11.640+0000] {processor.py:176} INFO - Processing /opt/airflow/dags/example_bash_dag.py took 0.225 seconds
[2025-11-23T10:10:41.696+0000] {processor.py:154} INFO - Started process (PID=815) to work on /opt/airflow/dags/example_bash_dag.py
[2025-11-23T10:10:41.697+0000] {processor.py:756} INFO - Processing file /opt/airflow/dags/example_bash_dag.py for tasks to queue
[2025-11-23T10:10:41.698+0000] {logging_mixin.py:120} INFO - [2025-11-23T10:10:41.698+0000] {dagbag.py:537} INFO - Filling up the DagBag from /opt/airflow/dags/example_bash_dag.py
[2025-11-23T10:10:41.729+0000] {processor.py:766} INFO - DAG(s) dict_keys(['example_bash_dag']) retrieved from /opt/airflow/dags/example_bash_dag.py
[2025-11-23T10:10:41.785+0000] {logging_mixin.py:120} INFO - [2025-11-23T10:10:41.785+0000] {dag.py:2585} INFO - Sync 1 DAGs
[2025-11-23T10:10:41.819+0000] {logging_mixin.py:120} INFO - [2025-11-23T10:10:41.819+0000] {dag.py:3340} INFO - Setting next_dagrun for example_bash_dag to 2025-11-23T00:00:00+00:00, run_after=2025-11-24T00:00:00+00:00
[2025-11-23T10:10:41.845+0000] {processor.py:176} INFO - Processing /opt/airflow/dags/example_bash_dag.py took 0.154 seconds
[2025-11-23T10:11:12.007+0000] {processor.py:154} INFO - Started process (PID=847) to work on /opt/airflow/dags/example_bash_dag.py
[2025-11-23T10:11:12.009+0000] {processor.py:756} INFO - Processing file /opt/airflow/dags/example_bash_dag.py for tasks to queue
[2025-11-23T10:11:12.011+0000] {logging_mixin.py:120} INFO - [2025-11-23T10:11:12.010+0000] {dagbag.py:537} INFO - Filling up the DagBag from /opt/airflow/dags/example_bash_dag.py
[2025-11-23T10:11:12.047+0000] {processor.py:766} INFO - DAG(s) dict_keys(['example_bash_dag']) retrieved from /opt/airflow/dags/example_bash_dag.py
[2025-11-23T10:11:12.121+0000] {logging_mixin.py:120} INFO - [2025-11-23T10:11:12.121+0000] {dag.py:2585} INFO - Sync 1 DAGs
[2025-11-23T10:11:12.171+0000] {logging_mixin.py:120} INFO - [2025-11-23T10:11:12.171+0000] {dag.py:3340} INFO - Setting next_dagrun for example_bash_dag to 2025-11-23T00:00:00+00:00, run_after=2025-11-24T00:00:00+00:00
[2025-11-23T10:11:12.242+0000] {processor.py:176} INFO - Processing /opt/airflow/dags/example_bash_dag.py took 0.239 seconds
[2025-11-23T10:11:42.403+0000] {processor.py:154} INFO - Started process (PID=871) to work on /opt/airflow/dags/example_bash_dag.py
[2025-11-23T10:11:42.404+0000] {processor.py:756} INFO - Processing file /opt/airflow/dags/example_bash_dag.py for tasks to queue
[2025-11-23T10:11:42.405+0000] {logging_mixin.py:120} INFO - [2025-11-23T10:11:42.405+0000] {dagbag.py:537} INFO - Filling up the DagBag from /opt/airflow/dags/example_bash_dag.py
[2025-11-23T10:11:42.440+0000] {processor.py:766} INFO - DAG(s) dict_keys(['example_bash_dag']) retrieved from /opt/airflow/dags/example_bash_dag.py
[2025-11-23T10:11:42.521+0000] {logging_mixin.py:120} INFO - [2025-11-23T10:11:42.521+0000] {dag.py:2585} INFO - Sync 1 DAGs
[2025-11-23T10:11:42.608+0000] {logging_mixin.py:120} INFO - [2025-11-23T10:11:42.607+0000] {dag.py:3340} INFO - Setting next_dagrun for example_bash_dag to 2025-11-23T00:00:00+00:00, run_after=2025-11-24T00:00:00+00:00
[2025-11-23T10:11:42.702+0000] {processor.py:176} INFO - Processing /opt/airflow/dags/example_bash_dag.py took 0.303 seconds
[2025-11-23T10:12:13.300+0000] {processor.py:154} INFO - Started process (PID=904) to work on /opt/airflow/dags/example_bash_dag.py
[2025-11-23T10:12:13.302+0000] {processor.py:756} INFO - Processing file /opt/airflow/dags/example_bash_dag.py for tasks to queue
[2025-11-23T10:12:13.303+0000] {logging_mixin.py:120} INFO - [2025-11-23T10:12:13.303+0000] {dagbag.py:537} INFO - Filling up the DagBag from /opt/airflow/dags/example_bash_dag.py
[2025-11-23T10:12:13.337+0000] {processor.py:766} INFO - DAG(s) dict_keys(['example_bash_dag']) retrieved from /opt/airflow/dags/example_bash_dag.py
[2025-11-23T10:12:13.390+0000] {logging_mixin.py:120} INFO - [2025-11-23T10:12:13.390+0000] {dag.py:2585} INFO - Sync 1 DAGs
[2025-11-23T10:12:13.422+0000] {logging_mixin.py:120} INFO - [2025-11-23T10:12:13.422+0000] {dag.py:3340} INFO - Setting next_dagrun for example_bash_dag to 2025-11-23T00:00:00+00:00, run_after=2025-11-24T00:00:00+00:00
[2025-11-23T10:12:13.456+0000] {processor.py:176} INFO - Processing /opt/airflow/dags/example_bash_dag.py took 0.161 seconds
[2025-11-23T10:12:44.156+0000] {processor.py:154} INFO - Started process (PID=937) to work on /opt/airflow/dags/example_bash_dag.py
[2025-11-23T10:12:44.158+0000] {processor.py:756} INFO - Processing file /opt/airflow/dags/example_bash_dag.py for tasks to queue
[2025-11-23T10:12:44.179+0000] {logging_mixin.py:120} INFO - [2025-11-23T10:12:44.178+0000] {dagbag.py:537} INFO - Filling up the DagBag from /opt/airflow/dags/example_bash_dag.py
[2025-11-23T10:12:44.430+0000] {processor.py:766} INFO - DAG(s) dict_keys(['example_bash_dag']) retrieved from /opt/airflow/dags/example_bash_dag.py
[2025-11-23T10:12:44.542+0000] {logging_mixin.py:120} INFO - [2025-11-23T10:12:44.542+0000] {dag.py:2585} INFO - Sync 1 DAGs
[2025-11-23T10:12:44.616+0000] {logging_mixin.py:120} INFO - [2025-11-23T10:12:44.616+0000] {dag.py:3340} INFO - Setting next_dagrun for example_bash_dag to 2025-11-23T00:00:00+00:00, run_after=2025-11-24T00:00:00+00:00
[2025-11-23T10:12:44.665+0000] {processor.py:176} INFO - Processing /opt/airflow/dags/example_bash_dag.py took 0.520 seconds
[2025-11-23T10:13:14.894+0000] {processor.py:154} INFO - Started process (PID=961) to work on /opt/airflow/dags/example_bash_dag.py
[2025-11-23T10:13:14.896+0000] {processor.py:756} INFO - Processing file /opt/airflow/dags/example_bash_dag.py for tasks to queue
[2025-11-23T10:13:14.902+0000] {logging_mixin.py:120} INFO - [2025-11-23T10:13:14.901+0000] {dagbag.py:537} INFO - Filling up the DagBag from /opt/airflow/dags/example_bash_dag.py
[2025-11-23T10:13:14.971+0000] {processor.py:766} INFO - DAG(s) dict_keys(['example_bash_dag']) retrieved from /opt/airflow/dags/example_bash_dag.py
[2025-11-23T10:13:15.061+0000] {logging_mixin.py:120} INFO - [2025-11-23T10:13:15.060+0000] {dag.py:2585} INFO - Sync 1 DAGs
[2025-11-23T10:13:15.121+0000] {logging_mixin.py:120} INFO - [2025-11-23T10:13:15.121+0000] {dag.py:3340} INFO - Setting next_dagrun for example_bash_dag to 2025-11-23T00:00:00+00:00, run_after=2025-11-24T00:00:00+00:00
[2025-11-23T10:13:15.172+0000] {processor.py:176} INFO - Processing /opt/airflow/dags/example_bash_dag.py took 0.285 seconds
[2025-11-23T10:13:45.306+0000] {processor.py:154} INFO - Started process (PID=994) to work on /opt/airflow/dags/example_bash_dag.py
[2025-11-23T10:13:45.308+0000] {processor.py:756} INFO - Processing file /opt/airflow/dags/example_bash_dag.py for tasks to queue
[2025-11-23T10:13:45.310+0000] {logging_mixin.py:120} INFO - [2025-11-23T10:13:45.310+0000] {dagbag.py:537} INFO - Filling up the DagBag from /opt/airflow/dags/example_bash_dag.py
[2025-11-23T10:13:45.352+0000] {processor.py:766} INFO - DAG(s) dict_keys(['example_bash_dag']) retrieved from /opt/airflow/dags/example_bash_dag.py
[2025-11-23T10:13:45.424+0000] {logging_mixin.py:120} INFO - [2025-11-23T10:13:45.423+0000] {dag.py:2585} INFO - Sync 1 DAGs
[2025-11-23T10:13:45.471+0000] {logging_mixin.py:120} INFO - [2025-11-23T10:13:45.471+0000] {dag.py:3340} INFO - Setting next_dagrun for example_bash_dag to 2025-11-23T00:00:00+00:00, run_after=2025-11-24T00:00:00+00:00
[2025-11-23T10:13:45.503+0000] {processor.py:176} INFO - Processing /opt/airflow/dags/example_bash_dag.py took 0.204 seconds
[2025-11-23T10:14:15.654+0000] {processor.py:154} INFO - Started process (PID=1018) to work on /opt/airflow/dags/example_bash_dag.py
[2025-11-23T10:14:15.656+0000] {processor.py:756} INFO - Processing file /opt/airflow/dags/example_bash_dag.py for tasks to queue
[2025-11-23T10:14:15.657+0000] {logging_mixin.py:120} INFO - [2025-11-23T10:14:15.657+0000] {dagbag.py:537} INFO - Filling up the DagBag from /opt/airflow/dags/example_bash_dag.py
[2025-11-23T10:14:15.692+0000] {processor.py:766} INFO - DAG(s) dict_keys(['example_bash_dag']) retrieved from /opt/airflow/dags/example_bash_dag.py
[2025-11-23T10:14:15.750+0000] {logging_mixin.py:120} INFO - [2025-11-23T10:14:15.750+0000] {dag.py:2585} INFO - Sync 1 DAGs
[2025-11-23T10:14:15.781+0000] {logging_mixin.py:120} INFO - [2025-11-23T10:14:15.781+0000] {dag.py:3340} INFO - Setting next_dagrun for example_bash_dag to 2025-11-23T00:00:00+00:00, run_after=2025-11-24T00:00:00+00:00
[2025-11-23T10:14:15.840+0000] {processor.py:176} INFO - Processing /opt/airflow/dags/example_bash_dag.py took 0.190 seconds
[2025-11-23T10:14:45.977+0000] {processor.py:154} INFO - Started process (PID=1053) to work on /opt/airflow/dags/example_bash_dag.py
[2025-11-23T10:14:45.980+0000] {processor.py:756} INFO - Processing file /opt/airflow/dags/example_bash_dag.py for tasks to queue
[2025-11-23T10:14:45.982+0000] {logging_mixin.py:120} INFO - [2025-11-23T10:14:45.982+0000] {dagbag.py:537} INFO - Filling up the DagBag from /opt/airflow/dags/example_bash_dag.py
[2025-11-23T10:14:46.024+0000] {processor.py:766} INFO - DAG(s) dict_keys(['example_bash_dag']) retrieved from /opt/airflow/dags/example_bash_dag.py
[2025-11-23T10:14:46.094+0000] {logging_mixin.py:120} INFO - [2025-11-23T10:14:46.094+0000] {dag.py:2585} INFO - Sync 1 DAGs
[2025-11-23T10:14:46.134+0000] {logging_mixin.py:120} INFO - [2025-11-23T10:14:46.133+0000] {dag.py:3340} INFO - Setting next_dagrun for example_bash_dag to 2025-11-23T00:00:00+00:00, run_after=2025-11-24T00:00:00+00:00
[2025-11-23T10:14:46.175+0000] {processor.py:176} INFO - Processing /opt/airflow/dags/example_bash_dag.py took 0.203 seconds
[2025-11-23T10:15:16.962+0000] {processor.py:154} INFO - Started process (PID=1077) to work on /opt/airflow/dags/example_bash_dag.py
[2025-11-23T10:15:16.968+0000] {processor.py:756} INFO - Processing file /opt/airflow/dags/example_bash_dag.py for tasks to queue
[2025-11-23T10:15:16.971+0000] {logging_mixin.py:120} INFO - [2025-11-23T10:15:16.970+0000] {dagbag.py:537} INFO - Filling up the DagBag from /opt/airflow/dags/example_bash_dag.py
[2025-11-23T10:15:17.047+0000] {processor.py:766} INFO - DAG(s) dict_keys(['example_bash_dag']) retrieved from /opt/airflow/dags/example_bash_dag.py
[2025-11-23T10:15:17.156+0000] {logging_mixin.py:120} INFO - [2025-11-23T10:15:17.156+0000] {dag.py:2585} INFO - Sync 1 DAGs
[2025-11-23T10:15:17.230+0000] {logging_mixin.py:120} INFO - [2025-11-23T10:15:17.229+0000] {dag.py:3340} INFO - Setting next_dagrun for example_bash_dag to 2025-11-23T00:00:00+00:00, run_after=2025-11-24T00:00:00+00:00
[2025-11-23T10:15:17.338+0000] {processor.py:176} INFO - Processing /opt/airflow/dags/example_bash_dag.py took 0.383 seconds
[2025-11-23T10:15:47.409+0000] {processor.py:154} INFO - Started process (PID=1109) to work on /opt/airflow/dags/example_bash_dag.py
[2025-11-23T10:15:47.410+0000] {processor.py:756} INFO - Processing file /opt/airflow/dags/example_bash_dag.py for tasks to queue
[2025-11-23T10:15:47.411+0000] {logging_mixin.py:120} INFO - [2025-11-23T10:15:47.411+0000] {dagbag.py:537} INFO - Filling up the DagBag from /opt/airflow/dags/example_bash_dag.py
[2025-11-23T10:15:47.440+0000] {processor.py:766} INFO - DAG(s) dict_keys(['example_bash_dag']) retrieved from /opt/airflow/dags/example_bash_dag.py
[2025-11-23T10:15:47.483+0000] {logging_mixin.py:120} INFO - [2025-11-23T10:15:47.483+0000] {dag.py:2585} INFO - Sync 1 DAGs
[2025-11-23T10:15:47.521+0000] {logging_mixin.py:120} INFO - [2025-11-23T10:15:47.521+0000] {dag.py:3340} INFO - Setting next_dagrun for example_bash_dag to 2025-11-23T00:00:00+00:00, run_after=2025-11-24T00:00:00+00:00
[2025-11-23T10:15:47.553+0000] {processor.py:176} INFO - Processing /opt/airflow/dags/example_bash_dag.py took 0.149 seconds
[2025-11-23T10:16:17.641+0000] {processor.py:154} INFO - Started process (PID=1133) to work on /opt/airflow/dags/example_bash_dag.py
[2025-11-23T10:16:17.642+0000] {processor.py:756} INFO - Processing file /opt/airflow/dags/example_bash_dag.py for tasks to queue
[2025-11-23T10:16:17.644+0000] {logging_mixin.py:120} INFO - [2025-11-23T10:16:17.644+0000] {dagbag.py:537} INFO - Filling up the DagBag from /opt/airflow/dags/example_bash_dag.py
[2025-11-23T10:16:17.692+0000] {processor.py:766} INFO - DAG(s) dict_keys(['example_bash_dag']) retrieved from /opt/airflow/dags/example_bash_dag.py
[2025-11-23T10:16:17.771+0000] {logging_mixin.py:120} INFO - [2025-11-23T10:16:17.771+0000] {dag.py:2585} INFO - Sync 1 DAGs
[2025-11-23T10:16:17.841+0000] {logging_mixin.py:120} INFO - [2025-11-23T10:16:17.841+0000] {dag.py:3340} INFO - Setting next_dagrun for example_bash_dag to 2025-11-23T00:00:00+00:00, run_after=2025-11-24T00:00:00+00:00
[2025-11-23T10:16:17.929+0000] {processor.py:176} INFO - Processing /opt/airflow/dags/example_bash_dag.py took 0.296 seconds
[2025-11-23T10:16:48.034+0000] {processor.py:154} INFO - Started process (PID=1164) to work on /opt/airflow/dags/example_bash_dag.py
[2025-11-23T10:16:48.035+0000] {processor.py:756} INFO - Processing file /opt/airflow/dags/example_bash_dag.py for tasks to queue
[2025-11-23T10:16:48.036+0000] {logging_mixin.py:120} INFO - [2025-11-23T10:16:48.036+0000] {dagbag.py:537} INFO - Filling up the DagBag from /opt/airflow/dags/example_bash_dag.py
[2025-11-23T10:16:48.062+0000] {processor.py:766} INFO - DAG(s) dict_keys(['example_bash_dag']) retrieved from /opt/airflow/dags/example_bash_dag.py
[2025-11-23T10:16:48.113+0000] {logging_mixin.py:120} INFO - [2025-11-23T10:16:48.113+0000] {dag.py:2585} INFO - Sync 1 DAGs
[2025-11-23T10:16:48.157+0000] {logging_mixin.py:120} INFO - [2025-11-23T10:16:48.156+0000] {dag.py:3340} INFO - Setting next_dagrun for example_bash_dag to 2025-11-23T00:00:00+00:00, run_after=2025-11-24T00:00:00+00:00
[2025-11-23T10:16:48.206+0000] {processor.py:176} INFO - Processing /opt/airflow/dags/example_bash_dag.py took 0.176 seconds
[2025-11-23T10:17:18.432+0000] {processor.py:154} INFO - Started process (PID=1189) to work on /opt/airflow/dags/example_bash_dag.py
[2025-11-23T10:17:18.435+0000] {processor.py:756} INFO - Processing file /opt/airflow/dags/example_bash_dag.py for tasks to queue
[2025-11-23T10:17:18.438+0000] {logging_mixin.py:120} INFO - [2025-11-23T10:17:18.438+0000] {dagbag.py:537} INFO - Filling up the DagBag from /opt/airflow/dags/example_bash_dag.py
[2025-11-23T10:17:18.498+0000] {processor.py:766} INFO - DAG(s) dict_keys(['example_bash_dag']) retrieved from /opt/airflow/dags/example_bash_dag.py
[2025-11-23T10:17:18.565+0000] {logging_mixin.py:120} INFO - [2025-11-23T10:17:18.565+0000] {dag.py:2585} INFO - Sync 1 DAGs
[2025-11-23T10:17:18.605+0000] {logging_mixin.py:120} INFO - [2025-11-23T10:17:18.605+0000] {dag.py:3340} INFO - Setting next_dagrun for example_bash_dag to 2025-11-23T00:00:00+00:00, run_after=2025-11-24T00:00:00+00:00
[2025-11-23T10:17:18.643+0000] {processor.py:176} INFO - Processing /opt/airflow/dags/example_bash_dag.py took 0.216 seconds
[2025-11-23T10:17:48.742+0000] {processor.py:154} INFO - Started process (PID=1223) to work on /opt/airflow/dags/example_bash_dag.py
[2025-11-23T10:17:48.744+0000] {processor.py:756} INFO - Processing file /opt/airflow/dags/example_bash_dag.py for tasks to queue
[2025-11-23T10:17:48.744+0000] {logging_mixin.py:120} INFO - [2025-11-23T10:17:48.744+0000] {dagbag.py:537} INFO - Filling up the DagBag from /opt/airflow/dags/example_bash_dag.py
[2025-11-23T10:17:48.772+0000] {processor.py:766} INFO - DAG(s) dict_keys(['example_bash_dag']) retrieved from /opt/airflow/dags/example_bash_dag.py
[2025-11-23T10:17:48.819+0000] {logging_mixin.py:120} INFO - [2025-11-23T10:17:48.819+0000] {dag.py:2585} INFO - Sync 1 DAGs
[2025-11-23T10:17:48.852+0000] {logging_mixin.py:120} INFO - [2025-11-23T10:17:48.852+0000] {dag.py:3340} INFO - Setting next_dagrun for example_bash_dag to 2025-11-23T00:00:00+00:00, run_after=2025-11-24T00:00:00+00:00
[2025-11-23T10:17:48.875+0000] {processor.py:176} INFO - Processing /opt/airflow/dags/example_bash_dag.py took 0.137 seconds
[2025-11-23T10:18:19.040+0000] {processor.py:154} INFO - Started process (PID=1257) to work on /opt/airflow/dags/example_bash_dag.py
[2025-11-23T10:18:19.042+0000] {processor.py:756} INFO - Processing file /opt/airflow/dags/example_bash_dag.py for tasks to queue
[2025-11-23T10:18:19.043+0000] {logging_mixin.py:120} INFO - [2025-11-23T10:18:19.042+0000] {dagbag.py:537} INFO - Filling up the DagBag from /opt/airflow/dags/example_bash_dag.py
[2025-11-23T10:18:19.082+0000] {processor.py:766} INFO - DAG(s) dict_keys(['example_bash_dag']) retrieved from /opt/airflow/dags/example_bash_dag.py
[2025-11-23T10:18:19.131+0000] {logging_mixin.py:120} INFO - [2025-11-23T10:18:19.131+0000] {dag.py:2585} INFO - Sync 1 DAGs
[2025-11-23T10:18:19.165+0000] {logging_mixin.py:120} INFO - [2025-11-23T10:18:19.165+0000] {dag.py:3340} INFO - Setting next_dagrun for example_bash_dag to 2025-11-23T00:00:00+00:00, run_after=2025-11-24T00:00:00+00:00
[2025-11-23T10:18:19.197+0000] {processor.py:176} INFO - Processing /opt/airflow/dags/example_bash_dag.py took 0.160 seconds
[2025-11-23T10:18:50.129+0000] {processor.py:154} INFO - Started process (PID=1281) to work on /opt/airflow/dags/example_bash_dag.py
[2025-11-23T10:18:50.131+0000] {processor.py:756} INFO - Processing file /opt/airflow/dags/example_bash_dag.py for tasks to queue
[2025-11-23T10:18:50.132+0000] {logging_mixin.py:120} INFO - [2025-11-23T10:18:50.132+0000] {dagbag.py:537} INFO - Filling up the DagBag from /opt/airflow/dags/example_bash_dag.py
[2025-11-23T10:18:50.167+0000] {processor.py:766} INFO - DAG(s) dict_keys(['example_bash_dag']) retrieved from /opt/airflow/dags/example_bash_dag.py
[2025-11-23T10:18:50.219+0000] {logging_mixin.py:120} INFO - [2025-11-23T10:18:50.219+0000] {dag.py:2585} INFO - Sync 1 DAGs
[2025-11-23T10:18:50.255+0000] {logging_mixin.py:120} INFO - [2025-11-23T10:18:50.255+0000] {dag.py:3340} INFO - Setting next_dagrun for example_bash_dag to 2025-11-23T00:00:00+00:00, run_after=2025-11-24T00:00:00+00:00
[2025-11-23T10:18:50.290+0000] {processor.py:176} INFO - Processing /opt/airflow/dags/example_bash_dag.py took 0.166 seconds
[2025-11-23T10:19:20.442+0000] {processor.py:154} INFO - Started process (PID=1315) to work on /opt/airflow/dags/example_bash_dag.py
[2025-11-23T10:19:20.443+0000] {processor.py:756} INFO - Processing file /opt/airflow/dags/example_bash_dag.py for tasks to queue
[2025-11-23T10:19:20.444+0000] {logging_mixin.py:120} INFO - [2025-11-23T10:19:20.444+0000] {dagbag.py:537} INFO - Filling up the DagBag from /opt/airflow/dags/example_bash_dag.py
[2025-11-23T10:19:20.470+0000] {processor.py:766} INFO - DAG(s) dict_keys(['example_bash_dag']) retrieved from /opt/airflow/dags/example_bash_dag.py
[2025-11-23T10:19:20.513+0000] {logging_mixin.py:120} INFO - [2025-11-23T10:19:20.512+0000] {dag.py:2585} INFO - Sync 1 DAGs
[2025-11-23T10:19:20.541+0000] {logging_mixin.py:120} INFO - [2025-11-23T10:19:20.541+0000] {dag.py:3340} INFO - Setting next_dagrun for example_bash_dag to 2025-11-23T00:00:00+00:00, run_after=2025-11-24T00:00:00+00:00
[2025-11-23T10:19:20.571+0000] {processor.py:176} INFO - Processing /opt/airflow/dags/example_bash_dag.py took 0.133 seconds
[2025-11-23T10:19:50.664+0000] {processor.py:154} INFO - Started process (PID=1347) to work on /opt/airflow/dags/example_bash_dag.py
[2025-11-23T10:19:50.666+0000] {processor.py:756} INFO - Processing file /opt/airflow/dags/example_bash_dag.py for tasks to queue
[2025-11-23T10:19:50.670+0000] {logging_mixin.py:120} INFO - [2025-11-23T10:19:50.670+0000] {dagbag.py:537} INFO - Filling up the DagBag from /opt/airflow/dags/example_bash_dag.py
[2025-11-23T10:19:50.714+0000] {processor.py:766} INFO - DAG(s) dict_keys(['example_bash_dag']) retrieved from /opt/airflow/dags/example_bash_dag.py
[2025-11-23T10:19:50.800+0000] {logging_mixin.py:120} INFO - [2025-11-23T10:19:50.800+0000] {dag.py:2585} INFO - Sync 1 DAGs
[2025-11-23T10:19:50.838+0000] {logging_mixin.py:120} INFO - [2025-11-23T10:19:50.838+0000] {dag.py:3340} INFO - Setting next_dagrun for example_bash_dag to 2025-11-23T00:00:00+00:00, run_after=2025-11-24T00:00:00+00:00
[2025-11-23T10:19:50.871+0000] {processor.py:176} INFO - Processing /opt/airflow/dags/example_bash_dag.py took 0.214 seconds
[2025-11-23T10:20:21.146+0000] {processor.py:154} INFO - Started process (PID=1375) to work on /opt/airflow/dags/example_bash_dag.py
[2025-11-23T10:20:21.147+0000] {processor.py:756} INFO - Processing file /opt/airflow/dags/example_bash_dag.py for tasks to queue
[2025-11-23T10:20:21.149+0000] {logging_mixin.py:120} INFO - [2025-11-23T10:20:21.149+0000] {dagbag.py:537} INFO - Filling up the DagBag from /opt/airflow/dags/example_bash_dag.py
[2025-11-23T10:20:21.185+0000] {processor.py:766} INFO - DAG(s) dict_keys(['example_bash_dag']) retrieved from /opt/airflow/dags/example_bash_dag.py
[2025-11-23T10:20:21.229+0000] {logging_mixin.py:120} INFO - [2025-11-23T10:20:21.229+0000] {dag.py:2585} INFO - Sync 1 DAGs
[2025-11-23T10:20:21.271+0000] {logging_mixin.py:120} INFO - [2025-11-23T10:20:21.271+0000] {dag.py:3340} INFO - Setting next_dagrun for example_bash_dag to 2025-11-23T00:00:00+00:00, run_after=2025-11-24T00:00:00+00:00
[2025-11-23T10:20:21.309+0000] {processor.py:176} INFO - Processing /opt/airflow/dags/example_bash_dag.py took 0.167 seconds
[2025-11-23T10:20:51.889+0000] {processor.py:154} INFO - Started process (PID=1412) to work on /opt/airflow/dags/example_bash_dag.py
[2025-11-23T10:20:51.905+0000] {processor.py:756} INFO - Processing file /opt/airflow/dags/example_bash_dag.py for tasks to queue
[2025-11-23T10:20:51.909+0000] {logging_mixin.py:120} INFO - [2025-11-23T10:20:51.909+0000] {dagbag.py:537} INFO - Filling up the DagBag from /opt/airflow/dags/example_bash_dag.py
[2025-11-23T10:20:52.042+0000] {processor.py:766} INFO - DAG(s) dict_keys(['example_bash_dag']) retrieved from /opt/airflow/dags/example_bash_dag.py
[2025-11-23T10:20:52.361+0000] {logging_mixin.py:120} INFO - [2025-11-23T10:20:52.361+0000] {dag.py:2585} INFO - Sync 1 DAGs
[2025-11-23T10:20:52.542+0000] {logging_mixin.py:120} INFO - [2025-11-23T10:20:52.541+0000] {dag.py:3340} INFO - Setting next_dagrun for example_bash_dag to 2025-11-23T00:00:00+00:00, run_after=2025-11-24T00:00:00+00:00
[2025-11-23T10:20:52.647+0000] {processor.py:176} INFO - Processing /opt/airflow/dags/example_bash_dag.py took 0.772 seconds
[2025-11-23T10:21:22.762+0000] {processor.py:154} INFO - Started process (PID=1438) to work on /opt/airflow/dags/example_bash_dag.py
[2025-11-23T10:21:22.763+0000] {processor.py:756} INFO - Processing file /opt/airflow/dags/example_bash_dag.py for tasks to queue
[2025-11-23T10:21:22.764+0000] {logging_mixin.py:120} INFO - [2025-11-23T10:21:22.764+0000] {dagbag.py:537} INFO - Filling up the DagBag from /opt/airflow/dags/example_bash_dag.py
[2025-11-23T10:21:22.792+0000] {processor.py:766} INFO - DAG(s) dict_keys(['example_bash_dag']) retrieved from /opt/airflow/dags/example_bash_dag.py
[2025-11-23T10:21:22.839+0000] {logging_mixin.py:120} INFO - [2025-11-23T10:21:22.839+0000] {dag.py:2585} INFO - Sync 1 DAGs
[2025-11-23T10:21:22.868+0000] {logging_mixin.py:120} INFO - [2025-11-23T10:21:22.867+0000] {dag.py:3340} INFO - Setting next_dagrun for example_bash_dag to 2025-11-23T00:00:00+00:00, run_after=2025-11-24T00:00:00+00:00
[2025-11-23T10:21:22.899+0000] {processor.py:176} INFO - Processing /opt/airflow/dags/example_bash_dag.py took 0.141 seconds
[2025-11-23T10:21:53.219+0000] {processor.py:154} INFO - Started process (PID=1472) to work on /opt/airflow/dags/example_bash_dag.py
[2025-11-23T10:21:53.233+0000] {processor.py:756} INFO - Processing file /opt/airflow/dags/example_bash_dag.py for tasks to queue
[2025-11-23T10:21:53.236+0000] {logging_mixin.py:120} INFO - [2025-11-23T10:21:53.236+0000] {dagbag.py:537} INFO - Filling up the DagBag from /opt/airflow/dags/example_bash_dag.py
[2025-11-23T10:21:53.396+0000] {processor.py:766} INFO - DAG(s) dict_keys(['example_bash_dag']) retrieved from /opt/airflow/dags/example_bash_dag.py
[2025-11-23T10:21:53.537+0000] {logging_mixin.py:120} INFO - [2025-11-23T10:21:53.536+0000] {dag.py:2585} INFO - Sync 1 DAGs
[2025-11-23T10:21:53.679+0000] {logging_mixin.py:120} INFO - [2025-11-23T10:21:53.679+0000] {dag.py:3340} INFO - Setting next_dagrun for example_bash_dag to 2025-11-23T00:00:00+00:00, run_after=2025-11-24T00:00:00+00:00
[2025-11-23T10:21:53.781+0000] {processor.py:176} INFO - Processing /opt/airflow/dags/example_bash_dag.py took 0.582 seconds
[2025-11-23T10:22:24.193+0000] {processor.py:154} INFO - Started process (PID=1497) to work on /opt/airflow/dags/example_bash_dag.py
[2025-11-23T10:22:24.199+0000] {processor.py:756} INFO - Processing file /opt/airflow/dags/example_bash_dag.py for tasks to queue
[2025-11-23T10:22:24.206+0000] {logging_mixin.py:120} INFO - [2025-11-23T10:22:24.202+0000] {dagbag.py:537} INFO - Filling up the DagBag from /opt/airflow/dags/example_bash_dag.py
[2025-11-23T10:22:24.450+0000] {processor.py:766} INFO - DAG(s) dict_keys(['example_bash_dag']) retrieved from /opt/airflow/dags/example_bash_dag.py
[2025-11-23T10:22:24.577+0000] {logging_mixin.py:120} INFO - [2025-11-23T10:22:24.576+0000] {dag.py:2585} INFO - Sync 1 DAGs
[2025-11-23T10:22:24.641+0000] {logging_mixin.py:120} INFO - [2025-11-23T10:22:24.641+0000] {dag.py:3340} INFO - Setting next_dagrun for example_bash_dag to 2025-11-23T00:00:00+00:00, run_after=2025-11-24T00:00:00+00:00
[2025-11-23T10:22:24.695+0000] {processor.py:176} INFO - Processing /opt/airflow/dags/example_bash_dag.py took 0.521 seconds
[2025-11-23T10:22:55.293+0000] {processor.py:154} INFO - Started process (PID=1530) to work on /opt/airflow/dags/example_bash_dag.py
[2025-11-23T10:22:55.295+0000] {processor.py:756} INFO - Processing file /opt/airflow/dags/example_bash_dag.py for tasks to queue
[2025-11-23T10:22:55.297+0000] {logging_mixin.py:120} INFO - [2025-11-23T10:22:55.297+0000] {dagbag.py:537} INFO - Filling up the DagBag from /opt/airflow/dags/example_bash_dag.py
[2025-11-23T10:22:55.364+0000] {processor.py:766} INFO - DAG(s) dict_keys(['example_bash_dag']) retrieved from /opt/airflow/dags/example_bash_dag.py
[2025-11-23T10:22:55.437+0000] {logging_mixin.py:120} INFO - [2025-11-23T10:22:55.437+0000] {dag.py:2585} INFO - Sync 1 DAGs
[2025-11-23T10:22:55.491+0000] {logging_mixin.py:120} INFO - [2025-11-23T10:22:55.491+0000] {dag.py:3340} INFO - Setting next_dagrun for example_bash_dag to 2025-11-23T00:00:00+00:00, run_after=2025-11-24T00:00:00+00:00
[2025-11-23T10:22:55.541+0000] {processor.py:176} INFO - Processing /opt/airflow/dags/example_bash_dag.py took 0.256 seconds
[2025-11-23T10:23:25.989+0000] {processor.py:154} INFO - Started process (PID=1564) to work on /opt/airflow/dags/example_bash_dag.py
[2025-11-23T10:23:25.991+0000] {processor.py:756} INFO - Processing file /opt/airflow/dags/example_bash_dag.py for tasks to queue
[2025-11-23T10:23:25.993+0000] {logging_mixin.py:120} INFO - [2025-11-23T10:23:25.992+0000] {dagbag.py:537} INFO - Filling up the DagBag from /opt/airflow/dags/example_bash_dag.py
[2025-11-23T10:23:26.029+0000] {processor.py:766} INFO - DAG(s) dict_keys(['example_bash_dag']) retrieved from /opt/airflow/dags/example_bash_dag.py
[2025-11-23T10:23:26.093+0000] {logging_mixin.py:120} INFO - [2025-11-23T10:23:26.093+0000] {dag.py:2585} INFO - Sync 1 DAGs
[2025-11-23T10:23:26.139+0000] {logging_mixin.py:120} INFO - [2025-11-23T10:23:26.139+0000] {dag.py:3340} INFO - Setting next_dagrun for example_bash_dag to 2025-11-23T00:00:00+00:00, run_after=2025-11-24T00:00:00+00:00
[2025-11-23T10:23:26.179+0000] {processor.py:176} INFO - Processing /opt/airflow/dags/example_bash_dag.py took 0.196 seconds
[2025-11-23T10:23:56.945+0000] {processor.py:154} INFO - Started process (PID=1589) to work on /opt/airflow/dags/example_bash_dag.py
[2025-11-23T10:23:56.947+0000] {processor.py:756} INFO - Processing file /opt/airflow/dags/example_bash_dag.py for tasks to queue
[2025-11-23T10:23:56.948+0000] {logging_mixin.py:120} INFO - [2025-11-23T10:23:56.948+0000] {dagbag.py:537} INFO - Filling up the DagBag from /opt/airflow/dags/example_bash_dag.py
[2025-11-23T10:23:56.987+0000] {processor.py:766} INFO - DAG(s) dict_keys(['example_bash_dag']) retrieved from /opt/airflow/dags/example_bash_dag.py
[2025-11-23T10:23:57.051+0000] {logging_mixin.py:120} INFO - [2025-11-23T10:23:57.050+0000] {dag.py:2585} INFO - Sync 1 DAGs
[2025-11-23T10:23:57.081+0000] {logging_mixin.py:120} INFO - [2025-11-23T10:23:57.081+0000] {dag.py:3340} INFO - Setting next_dagrun for example_bash_dag to 2025-11-23T00:00:00+00:00, run_after=2025-11-24T00:00:00+00:00
[2025-11-23T10:23:57.111+0000] {processor.py:176} INFO - Processing /opt/airflow/dags/example_bash_dag.py took 0.172 seconds
[2025-11-23T10:24:27.563+0000] {processor.py:154} INFO - Started process (PID=1623) to work on /opt/airflow/dags/example_bash_dag.py
[2025-11-23T10:24:27.566+0000] {processor.py:756} INFO - Processing file /opt/airflow/dags/example_bash_dag.py for tasks to queue
[2025-11-23T10:24:27.571+0000] {logging_mixin.py:120} INFO - [2025-11-23T10:24:27.570+0000] {dagbag.py:537} INFO - Filling up the DagBag from /opt/airflow/dags/example_bash_dag.py
[2025-11-23T10:24:27.607+0000] {processor.py:766} INFO - DAG(s) dict_keys(['example_bash_dag']) retrieved from /opt/airflow/dags/example_bash_dag.py
[2025-11-23T10:24:27.666+0000] {logging_mixin.py:120} INFO - [2025-11-23T10:24:27.665+0000] {dag.py:2585} INFO - Sync 1 DAGs
[2025-11-23T10:24:27.700+0000] {logging_mixin.py:120} INFO - [2025-11-23T10:24:27.700+0000] {dag.py:3340} INFO - Setting next_dagrun for example_bash_dag to 2025-11-23T00:00:00+00:00, run_after=2025-11-24T00:00:00+00:00
[2025-11-23T10:24:27.745+0000] {processor.py:176} INFO - Processing /opt/airflow/dags/example_bash_dag.py took 0.188 seconds
[2025-11-23T10:24:58.375+0000] {processor.py:154} INFO - Started process (PID=1657) to work on /opt/airflow/dags/example_bash_dag.py
[2025-11-23T10:24:58.383+0000] {processor.py:756} INFO - Processing file /opt/airflow/dags/example_bash_dag.py for tasks to queue
[2025-11-23T10:24:58.385+0000] {logging_mixin.py:120} INFO - [2025-11-23T10:24:58.385+0000] {dagbag.py:537} INFO - Filling up the DagBag from /opt/airflow/dags/example_bash_dag.py
[2025-11-23T10:24:58.428+0000] {processor.py:766} INFO - DAG(s) dict_keys(['example_bash_dag']) retrieved from /opt/airflow/dags/example_bash_dag.py
[2025-11-23T10:24:58.517+0000] {logging_mixin.py:120} INFO - [2025-11-23T10:24:58.517+0000] {dag.py:2585} INFO - Sync 1 DAGs
[2025-11-23T10:24:58.558+0000] {logging_mixin.py:120} INFO - [2025-11-23T10:24:58.558+0000] {dag.py:3340} INFO - Setting next_dagrun for example_bash_dag to 2025-11-23T00:00:00+00:00, run_after=2025-11-24T00:00:00+00:00
[2025-11-23T10:24:58.603+0000] {processor.py:176} INFO - Processing /opt/airflow/dags/example_bash_dag.py took 0.235 seconds
[2025-11-23T10:25:29.489+0000] {processor.py:154} INFO - Started process (PID=1682) to work on /opt/airflow/dags/example_bash_dag.py
[2025-11-23T10:25:29.491+0000] {processor.py:756} INFO - Processing file /opt/airflow/dags/example_bash_dag.py for tasks to queue
[2025-11-23T10:25:29.492+0000] {logging_mixin.py:120} INFO - [2025-11-23T10:25:29.492+0000] {dagbag.py:537} INFO - Filling up the DagBag from /opt/airflow/dags/example_bash_dag.py
[2025-11-23T10:25:29.540+0000] {processor.py:766} INFO - DAG(s) dict_keys(['example_bash_dag']) retrieved from /opt/airflow/dags/example_bash_dag.py
[2025-11-23T10:25:29.717+0000] {logging_mixin.py:120} INFO - [2025-11-23T10:25:29.717+0000] {dag.py:2585} INFO - Sync 1 DAGs
[2025-11-23T10:25:29.823+0000] {logging_mixin.py:120} INFO - [2025-11-23T10:25:29.823+0000] {dag.py:3340} INFO - Setting next_dagrun for example_bash_dag to 2025-11-23T00:00:00+00:00, run_after=2025-11-24T00:00:00+00:00
[2025-11-23T10:25:29.867+0000] {processor.py:176} INFO - Processing /opt/airflow/dags/example_bash_dag.py took 0.383 seconds
[2025-11-23T10:25:59.996+0000] {processor.py:154} INFO - Started process (PID=1716) to work on /opt/airflow/dags/example_bash_dag.py
[2025-11-23T10:25:59.998+0000] {processor.py:756} INFO - Processing file /opt/airflow/dags/example_bash_dag.py for tasks to queue
[2025-11-23T10:26:00.000+0000] {logging_mixin.py:120} INFO - [2025-11-23T10:26:00.000+0000] {dagbag.py:537} INFO - Filling up the DagBag from /opt/airflow/dags/example_bash_dag.py
[2025-11-23T10:26:00.038+0000] {processor.py:766} INFO - DAG(s) dict_keys(['example_bash_dag']) retrieved from /opt/airflow/dags/example_bash_dag.py
[2025-11-23T10:26:00.090+0000] {logging_mixin.py:120} INFO - [2025-11-23T10:26:00.090+0000] {dag.py:2585} INFO - Sync 1 DAGs
[2025-11-23T10:26:00.127+0000] {logging_mixin.py:120} INFO - [2025-11-23T10:26:00.126+0000] {dag.py:3340} INFO - Setting next_dagrun for example_bash_dag to 2025-11-23T00:00:00+00:00, run_after=2025-11-24T00:00:00+00:00
[2025-11-23T10:26:00.162+0000] {processor.py:176} INFO - Processing /opt/airflow/dags/example_bash_dag.py took 0.170 seconds
[2025-11-23T10:26:30.913+0000] {processor.py:154} INFO - Started process (PID=1749) to work on /opt/airflow/dags/example_bash_dag.py
[2025-11-23T10:26:30.915+0000] {processor.py:756} INFO - Processing file /opt/airflow/dags/example_bash_dag.py for tasks to queue
[2025-11-23T10:26:30.916+0000] {logging_mixin.py:120} INFO - [2025-11-23T10:26:30.916+0000] {dagbag.py:537} INFO - Filling up the DagBag from /opt/airflow/dags/example_bash_dag.py
[2025-11-23T10:26:30.967+0000] {processor.py:766} INFO - DAG(s) dict_keys(['example_bash_dag']) retrieved from /opt/airflow/dags/example_bash_dag.py
[2025-11-23T10:26:31.060+0000] {logging_mixin.py:120} INFO - [2025-11-23T10:26:31.059+0000] {dag.py:2585} INFO - Sync 1 DAGs
[2025-11-23T10:26:31.102+0000] {logging_mixin.py:120} INFO - [2025-11-23T10:26:31.102+0000] {dag.py:3340} INFO - Setting next_dagrun for example_bash_dag to 2025-11-23T00:00:00+00:00, run_after=2025-11-24T00:00:00+00:00
[2025-11-23T10:26:31.151+0000] {processor.py:176} INFO - Processing /opt/airflow/dags/example_bash_dag.py took 0.242 seconds
[2025-11-23T12:00:59.702+0000] {processor.py:154} INFO - Started process (PID=54) to work on /opt/airflow/dags/example_bash_dag.py
[2025-11-23T12:00:59.706+0000] {processor.py:756} INFO - Processing file /opt/airflow/dags/example_bash_dag.py for tasks to queue
[2025-11-23T12:00:59.711+0000] {logging_mixin.py:120} INFO - [2025-11-23T12:00:59.710+0000] {dagbag.py:537} INFO - Filling up the DagBag from /opt/airflow/dags/example_bash_dag.py
[2025-11-23T12:01:00.145+0000] {processor.py:766} INFO - DAG(s) dict_keys(['example_bash_dag']) retrieved from /opt/airflow/dags/example_bash_dag.py
[2025-11-23T12:01:00.623+0000] {logging_mixin.py:120} INFO - [2025-11-23T12:01:00.622+0000] {dag.py:2585} INFO - Sync 1 DAGs
[2025-11-23T12:01:00.736+0000] {logging_mixin.py:120} INFO - [2025-11-23T12:01:00.736+0000] {dag.py:3340} INFO - Setting next_dagrun for example_bash_dag to 2025-11-23T00:00:00+00:00, run_after=2025-11-24T00:00:00+00:00
[2025-11-23T12:01:00.894+0000] {processor.py:176} INFO - Processing /opt/airflow/dags/example_bash_dag.py took 1.219 seconds
[2025-11-23T12:01:31.239+0000] {processor.py:154} INFO - Started process (PID=79) to work on /opt/airflow/dags/example_bash_dag.py
[2025-11-23T12:01:31.242+0000] {processor.py:756} INFO - Processing file /opt/airflow/dags/example_bash_dag.py for tasks to queue
[2025-11-23T12:01:31.244+0000] {logging_mixin.py:120} INFO - [2025-11-23T12:01:31.244+0000] {dagbag.py:537} INFO - Filling up the DagBag from /opt/airflow/dags/example_bash_dag.py
[2025-11-23T12:01:31.298+0000] {processor.py:766} INFO - DAG(s) dict_keys(['example_bash_dag']) retrieved from /opt/airflow/dags/example_bash_dag.py
[2025-11-23T12:01:31.363+0000] {logging_mixin.py:120} INFO - [2025-11-23T12:01:31.363+0000] {dag.py:2585} INFO - Sync 1 DAGs
[2025-11-23T12:01:31.405+0000] {logging_mixin.py:120} INFO - [2025-11-23T12:01:31.405+0000] {dag.py:3340} INFO - Setting next_dagrun for example_bash_dag to 2025-11-23T00:00:00+00:00, run_after=2025-11-24T00:00:00+00:00
[2025-11-23T12:01:31.439+0000] {processor.py:176} INFO - Processing /opt/airflow/dags/example_bash_dag.py took 0.204 seconds
[2025-11-23T12:02:01.513+0000] {processor.py:154} INFO - Started process (PID=104) to work on /opt/airflow/dags/example_bash_dag.py
[2025-11-23T12:02:01.514+0000] {processor.py:756} INFO - Processing file /opt/airflow/dags/example_bash_dag.py for tasks to queue
[2025-11-23T12:02:01.515+0000] {logging_mixin.py:120} INFO - [2025-11-23T12:02:01.515+0000] {dagbag.py:537} INFO - Filling up the DagBag from /opt/airflow/dags/example_bash_dag.py
[2025-11-23T12:02:01.542+0000] {processor.py:766} INFO - DAG(s) dict_keys(['example_bash_dag']) retrieved from /opt/airflow/dags/example_bash_dag.py
[2025-11-23T12:02:01.584+0000] {logging_mixin.py:120} INFO - [2025-11-23T12:02:01.583+0000] {dag.py:2585} INFO - Sync 1 DAGs
[2025-11-23T12:02:01.611+0000] {logging_mixin.py:120} INFO - [2025-11-23T12:02:01.610+0000] {dag.py:3340} INFO - Setting next_dagrun for example_bash_dag to 2025-11-23T00:00:00+00:00, run_after=2025-11-24T00:00:00+00:00
[2025-11-23T12:02:01.639+0000] {processor.py:176} INFO - Processing /opt/airflow/dags/example_bash_dag.py took 0.130 seconds
[2025-11-23T12:02:33.647+0000] {processor.py:154} INFO - Started process (PID=137) to work on /opt/airflow/dags/example_bash_dag.py
[2025-11-23T12:02:33.650+0000] {processor.py:756} INFO - Processing file /opt/airflow/dags/example_bash_dag.py for tasks to queue
[2025-11-23T12:02:33.653+0000] {logging_mixin.py:120} INFO - [2025-11-23T12:02:33.653+0000] {dagbag.py:537} INFO - Filling up the DagBag from /opt/airflow/dags/example_bash_dag.py
[2025-11-23T12:02:33.725+0000] {processor.py:766} INFO - DAG(s) dict_keys(['example_bash_dag']) retrieved from /opt/airflow/dags/example_bash_dag.py
[2025-11-23T12:02:33.806+0000] {logging_mixin.py:120} INFO - [2025-11-23T12:02:33.806+0000] {dag.py:2585} INFO - Sync 1 DAGs
[2025-11-23T12:02:33.860+0000] {logging_mixin.py:120} INFO - [2025-11-23T12:02:33.859+0000] {dag.py:3340} INFO - Setting next_dagrun for example_bash_dag to 2025-11-23T00:00:00+00:00, run_after=2025-11-24T00:00:00+00:00
[2025-11-23T12:02:33.907+0000] {processor.py:176} INFO - Processing /opt/airflow/dags/example_bash_dag.py took 0.266 seconds
[2025-11-23T12:03:04.721+0000] {processor.py:154} INFO - Started process (PID=168) to work on /opt/airflow/dags/example_bash_dag.py
[2025-11-23T12:03:04.723+0000] {processor.py:756} INFO - Processing file /opt/airflow/dags/example_bash_dag.py for tasks to queue
[2025-11-23T12:03:04.727+0000] {logging_mixin.py:120} INFO - [2025-11-23T12:03:04.726+0000] {dagbag.py:537} INFO - Filling up the DagBag from /opt/airflow/dags/example_bash_dag.py
[2025-11-23T12:03:04.800+0000] {processor.py:766} INFO - DAG(s) dict_keys(['example_bash_dag']) retrieved from /opt/airflow/dags/example_bash_dag.py
[2025-11-23T12:03:04.885+0000] {logging_mixin.py:120} INFO - [2025-11-23T12:03:04.885+0000] {dag.py:2585} INFO - Sync 1 DAGs
[2025-11-23T12:03:04.958+0000] {logging_mixin.py:120} INFO - [2025-11-23T12:03:04.957+0000] {dag.py:3340} INFO - Setting next_dagrun for example_bash_dag to 2025-11-23T00:00:00+00:00, run_after=2025-11-24T00:00:00+00:00
[2025-11-23T12:03:05.015+0000] {processor.py:176} INFO - Processing /opt/airflow/dags/example_bash_dag.py took 0.303 seconds
[2025-11-23T12:03:35.205+0000] {processor.py:154} INFO - Started process (PID=195) to work on /opt/airflow/dags/example_bash_dag.py
[2025-11-23T12:03:35.207+0000] {processor.py:756} INFO - Processing file /opt/airflow/dags/example_bash_dag.py for tasks to queue
[2025-11-23T12:03:35.208+0000] {logging_mixin.py:120} INFO - [2025-11-23T12:03:35.208+0000] {dagbag.py:537} INFO - Filling up the DagBag from /opt/airflow/dags/example_bash_dag.py
[2025-11-23T12:03:35.245+0000] {processor.py:766} INFO - DAG(s) dict_keys(['example_bash_dag']) retrieved from /opt/airflow/dags/example_bash_dag.py
[2025-11-23T12:03:35.297+0000] {logging_mixin.py:120} INFO - [2025-11-23T12:03:35.296+0000] {dag.py:2585} INFO - Sync 1 DAGs
[2025-11-23T12:03:35.330+0000] {logging_mixin.py:120} INFO - [2025-11-23T12:03:35.330+0000] {dag.py:3340} INFO - Setting next_dagrun for example_bash_dag to 2025-11-23T00:00:00+00:00, run_after=2025-11-24T00:00:00+00:00
[2025-11-23T12:03:35.360+0000] {processor.py:176} INFO - Processing /opt/airflow/dags/example_bash_dag.py took 0.161 seconds
[2025-11-23T12:04:05.762+0000] {processor.py:154} INFO - Started process (PID=229) to work on /opt/airflow/dags/example_bash_dag.py
[2025-11-23T12:04:05.765+0000] {processor.py:756} INFO - Processing file /opt/airflow/dags/example_bash_dag.py for tasks to queue
[2025-11-23T12:04:05.767+0000] {logging_mixin.py:120} INFO - [2025-11-23T12:04:05.766+0000] {dagbag.py:537} INFO - Filling up the DagBag from /opt/airflow/dags/example_bash_dag.py
[2025-11-23T12:04:05.820+0000] {processor.py:766} INFO - DAG(s) dict_keys(['example_bash_dag']) retrieved from /opt/airflow/dags/example_bash_dag.py
[2025-11-23T12:04:05.890+0000] {logging_mixin.py:120} INFO - [2025-11-23T12:04:05.890+0000] {dag.py:2585} INFO - Sync 1 DAGs
[2025-11-23T12:04:05.927+0000] {logging_mixin.py:120} INFO - [2025-11-23T12:04:05.926+0000] {dag.py:3340} INFO - Setting next_dagrun for example_bash_dag to 2025-11-23T00:00:00+00:00, run_after=2025-11-24T00:00:00+00:00
[2025-11-23T12:04:05.964+0000] {processor.py:176} INFO - Processing /opt/airflow/dags/example_bash_dag.py took 0.215 seconds
[2025-11-23T12:04:36.812+0000] {processor.py:154} INFO - Started process (PID=254) to work on /opt/airflow/dags/example_bash_dag.py
[2025-11-23T12:04:36.814+0000] {processor.py:756} INFO - Processing file /opt/airflow/dags/example_bash_dag.py for tasks to queue
[2025-11-23T12:04:36.816+0000] {logging_mixin.py:120} INFO - [2025-11-23T12:04:36.816+0000] {dagbag.py:537} INFO - Filling up the DagBag from /opt/airflow/dags/example_bash_dag.py
[2025-11-23T12:04:36.851+0000] {processor.py:766} INFO - DAG(s) dict_keys(['example_bash_dag']) retrieved from /opt/airflow/dags/example_bash_dag.py
[2025-11-23T12:04:36.901+0000] {logging_mixin.py:120} INFO - [2025-11-23T12:04:36.901+0000] {dag.py:2585} INFO - Sync 1 DAGs
[2025-11-23T12:04:36.937+0000] {logging_mixin.py:120} INFO - [2025-11-23T12:04:36.937+0000] {dag.py:3340} INFO - Setting next_dagrun for example_bash_dag to 2025-11-23T00:00:00+00:00, run_after=2025-11-24T00:00:00+00:00
[2025-11-23T12:04:36.970+0000] {processor.py:176} INFO - Processing /opt/airflow/dags/example_bash_dag.py took 0.163 seconds
[2025-11-23T12:05:07.301+0000] {processor.py:154} INFO - Started process (PID=288) to work on /opt/airflow/dags/example_bash_dag.py
[2025-11-23T12:05:07.303+0000] {processor.py:756} INFO - Processing file /opt/airflow/dags/example_bash_dag.py for tasks to queue
[2025-11-23T12:05:07.305+0000] {logging_mixin.py:120} INFO - [2025-11-23T12:05:07.305+0000] {dagbag.py:537} INFO - Filling up the DagBag from /opt/airflow/dags/example_bash_dag.py
[2025-11-23T12:05:07.350+0000] {processor.py:766} INFO - DAG(s) dict_keys(['example_bash_dag']) retrieved from /opt/airflow/dags/example_bash_dag.py
[2025-11-23T12:05:07.439+0000] {logging_mixin.py:120} INFO - [2025-11-23T12:05:07.439+0000] {dag.py:2585} INFO - Sync 1 DAGs
[2025-11-23T12:05:07.495+0000] {logging_mixin.py:120} INFO - [2025-11-23T12:05:07.495+0000] {dag.py:3340} INFO - Setting next_dagrun for example_bash_dag to 2025-11-23T00:00:00+00:00, run_after=2025-11-24T00:00:00+00:00
[2025-11-23T12:05:07.547+0000] {processor.py:176} INFO - Processing /opt/airflow/dags/example_bash_dag.py took 0.254 seconds
[2025-11-23T12:05:37.690+0000] {processor.py:154} INFO - Started process (PID=313) to work on /opt/airflow/dags/example_bash_dag.py
[2025-11-23T12:05:37.692+0000] {processor.py:756} INFO - Processing file /opt/airflow/dags/example_bash_dag.py for tasks to queue
[2025-11-23T12:05:37.694+0000] {logging_mixin.py:120} INFO - [2025-11-23T12:05:37.693+0000] {dagbag.py:537} INFO - Filling up the DagBag from /opt/airflow/dags/example_bash_dag.py
[2025-11-23T12:05:37.755+0000] {processor.py:766} INFO - DAG(s) dict_keys(['example_bash_dag']) retrieved from /opt/airflow/dags/example_bash_dag.py
[2025-11-23T12:05:37.889+0000] {logging_mixin.py:120} INFO - [2025-11-23T12:05:37.889+0000] {dag.py:2585} INFO - Sync 1 DAGs
[2025-11-23T12:05:37.944+0000] {logging_mixin.py:120} INFO - [2025-11-23T12:05:37.943+0000] {dag.py:3340} INFO - Setting next_dagrun for example_bash_dag to 2025-11-23T00:00:00+00:00, run_after=2025-11-24T00:00:00+00:00
[2025-11-23T12:05:37.981+0000] {processor.py:176} INFO - Processing /opt/airflow/dags/example_bash_dag.py took 0.299 seconds
[2025-11-23T12:06:08.579+0000] {processor.py:154} INFO - Started process (PID=348) to work on /opt/airflow/dags/example_bash_dag.py
[2025-11-23T12:06:08.581+0000] {processor.py:756} INFO - Processing file /opt/airflow/dags/example_bash_dag.py for tasks to queue
[2025-11-23T12:06:08.590+0000] {logging_mixin.py:120} INFO - [2025-11-23T12:06:08.589+0000] {dagbag.py:537} INFO - Filling up the DagBag from /opt/airflow/dags/example_bash_dag.py
[2025-11-23T12:06:08.752+0000] {processor.py:766} INFO - DAG(s) dict_keys(['example_bash_dag']) retrieved from /opt/airflow/dags/example_bash_dag.py
[2025-11-23T12:06:08.887+0000] {logging_mixin.py:120} INFO - [2025-11-23T12:06:08.887+0000] {dag.py:2585} INFO - Sync 1 DAGs
[2025-11-23T12:06:08.995+0000] {logging_mixin.py:120} INFO - [2025-11-23T12:06:08.995+0000] {dag.py:3340} INFO - Setting next_dagrun for example_bash_dag to 2025-11-23T00:00:00+00:00, run_after=2025-11-24T00:00:00+00:00
[2025-11-23T12:06:09.039+0000] {processor.py:176} INFO - Processing /opt/airflow/dags/example_bash_dag.py took 0.468 seconds
[2025-11-23T12:06:39.505+0000] {processor.py:154} INFO - Started process (PID=373) to work on /opt/airflow/dags/example_bash_dag.py
[2025-11-23T12:06:39.507+0000] {processor.py:756} INFO - Processing file /opt/airflow/dags/example_bash_dag.py for tasks to queue
[2025-11-23T12:06:39.509+0000] {logging_mixin.py:120} INFO - [2025-11-23T12:06:39.509+0000] {dagbag.py:537} INFO - Filling up the DagBag from /opt/airflow/dags/example_bash_dag.py
[2025-11-23T12:06:39.547+0000] {processor.py:766} INFO - DAG(s) dict_keys(['example_bash_dag']) retrieved from /opt/airflow/dags/example_bash_dag.py
[2025-11-23T12:06:39.604+0000] {logging_mixin.py:120} INFO - [2025-11-23T12:06:39.604+0000] {dag.py:2585} INFO - Sync 1 DAGs
[2025-11-23T12:06:39.635+0000] {logging_mixin.py:120} INFO - [2025-11-23T12:06:39.634+0000] {dag.py:3340} INFO - Setting next_dagrun for example_bash_dag to 2025-11-23T00:00:00+00:00, run_after=2025-11-24T00:00:00+00:00
[2025-11-23T12:06:39.662+0000] {processor.py:176} INFO - Processing /opt/airflow/dags/example_bash_dag.py took 0.165 seconds
[2025-11-23T12:07:10.108+0000] {processor.py:154} INFO - Started process (PID=408) to work on /opt/airflow/dags/example_bash_dag.py
[2025-11-23T12:07:10.109+0000] {processor.py:756} INFO - Processing file /opt/airflow/dags/example_bash_dag.py for tasks to queue
[2025-11-23T12:07:10.111+0000] {logging_mixin.py:120} INFO - [2025-11-23T12:07:10.110+0000] {dagbag.py:537} INFO - Filling up the DagBag from /opt/airflow/dags/example_bash_dag.py
[2025-11-23T12:07:10.148+0000] {processor.py:766} INFO - DAG(s) dict_keys(['example_bash_dag']) retrieved from /opt/airflow/dags/example_bash_dag.py
[2025-11-23T12:07:10.237+0000] {logging_mixin.py:120} INFO - [2025-11-23T12:07:10.237+0000] {dag.py:2585} INFO - Sync 1 DAGs
[2025-11-23T12:07:10.308+0000] {logging_mixin.py:120} INFO - [2025-11-23T12:07:10.307+0000] {dag.py:3340} INFO - Setting next_dagrun for example_bash_dag to 2025-11-23T00:00:00+00:00, run_after=2025-11-24T00:00:00+00:00
[2025-11-23T12:07:10.360+0000] {processor.py:176} INFO - Processing /opt/airflow/dags/example_bash_dag.py took 0.256 seconds
[2025-11-23T12:07:40.758+0000] {processor.py:154} INFO - Started process (PID=433) to work on /opt/airflow/dags/example_bash_dag.py
[2025-11-23T12:07:40.760+0000] {processor.py:756} INFO - Processing file /opt/airflow/dags/example_bash_dag.py for tasks to queue
[2025-11-23T12:07:40.761+0000] {logging_mixin.py:120} INFO - [2025-11-23T12:07:40.761+0000] {dagbag.py:537} INFO - Filling up the DagBag from /opt/airflow/dags/example_bash_dag.py
[2025-11-23T12:07:40.822+0000] {processor.py:766} INFO - DAG(s) dict_keys(['example_bash_dag']) retrieved from /opt/airflow/dags/example_bash_dag.py
[2025-11-23T12:07:40.945+0000] {logging_mixin.py:120} INFO - [2025-11-23T12:07:40.944+0000] {dag.py:2585} INFO - Sync 1 DAGs
[2025-11-23T12:07:41.010+0000] {logging_mixin.py:120} INFO - [2025-11-23T12:07:41.010+0000] {dag.py:3340} INFO - Setting next_dagrun for example_bash_dag to 2025-11-23T00:00:00+00:00, run_after=2025-11-24T00:00:00+00:00
[2025-11-23T12:07:41.054+0000] {processor.py:176} INFO - Processing /opt/airflow/dags/example_bash_dag.py took 0.305 seconds
[2025-11-23T12:08:11.291+0000] {processor.py:154} INFO - Started process (PID=468) to work on /opt/airflow/dags/example_bash_dag.py
[2025-11-23T12:08:11.293+0000] {processor.py:756} INFO - Processing file /opt/airflow/dags/example_bash_dag.py for tasks to queue
[2025-11-23T12:08:11.294+0000] {logging_mixin.py:120} INFO - [2025-11-23T12:08:11.294+0000] {dagbag.py:537} INFO - Filling up the DagBag from /opt/airflow/dags/example_bash_dag.py
[2025-11-23T12:08:11.343+0000] {processor.py:766} INFO - DAG(s) dict_keys(['example_bash_dag']) retrieved from /opt/airflow/dags/example_bash_dag.py
[2025-11-23T12:08:11.419+0000] {logging_mixin.py:120} INFO - [2025-11-23T12:08:11.419+0000] {dag.py:2585} INFO - Sync 1 DAGs
[2025-11-23T12:08:11.466+0000] {logging_mixin.py:120} INFO - [2025-11-23T12:08:11.465+0000] {dag.py:3340} INFO - Setting next_dagrun for example_bash_dag to 2025-11-23T00:00:00+00:00, run_after=2025-11-24T00:00:00+00:00
[2025-11-23T12:08:11.522+0000] {processor.py:176} INFO - Processing /opt/airflow/dags/example_bash_dag.py took 0.237 seconds
[2025-11-23T12:08:42.274+0000] {processor.py:154} INFO - Started process (PID=492) to work on /opt/airflow/dags/example_bash_dag.py
[2025-11-23T12:08:42.276+0000] {processor.py:756} INFO - Processing file /opt/airflow/dags/example_bash_dag.py for tasks to queue
[2025-11-23T12:08:42.277+0000] {logging_mixin.py:120} INFO - [2025-11-23T12:08:42.277+0000] {dagbag.py:537} INFO - Filling up the DagBag from /opt/airflow/dags/example_bash_dag.py
[2025-11-23T12:08:42.325+0000] {processor.py:766} INFO - DAG(s) dict_keys(['example_bash_dag']) retrieved from /opt/airflow/dags/example_bash_dag.py
[2025-11-23T12:08:42.397+0000] {logging_mixin.py:120} INFO - [2025-11-23T12:08:42.396+0000] {dag.py:2585} INFO - Sync 1 DAGs
[2025-11-23T12:08:42.444+0000] {logging_mixin.py:120} INFO - [2025-11-23T12:08:42.444+0000] {dag.py:3340} INFO - Setting next_dagrun for example_bash_dag to 2025-11-23T00:00:00+00:00, run_after=2025-11-24T00:00:00+00:00
[2025-11-23T12:08:42.493+0000] {processor.py:176} INFO - Processing /opt/airflow/dags/example_bash_dag.py took 0.224 seconds
[2025-11-23T12:09:13.752+0000] {processor.py:154} INFO - Started process (PID=525) to work on /opt/airflow/dags/example_bash_dag.py
[2025-11-23T12:09:13.754+0000] {processor.py:756} INFO - Processing file /opt/airflow/dags/example_bash_dag.py for tasks to queue
[2025-11-23T12:09:13.756+0000] {logging_mixin.py:120} INFO - [2025-11-23T12:09:13.756+0000] {dagbag.py:537} INFO - Filling up the DagBag from /opt/airflow/dags/example_bash_dag.py
[2025-11-23T12:09:13.847+0000] {processor.py:766} INFO - DAG(s) dict_keys(['example_bash_dag']) retrieved from /opt/airflow/dags/example_bash_dag.py
[2025-11-23T12:09:14.054+0000] {logging_mixin.py:120} INFO - [2025-11-23T12:09:14.053+0000] {dag.py:2585} INFO - Sync 1 DAGs
[2025-11-23T12:09:14.146+0000] {logging_mixin.py:120} INFO - [2025-11-23T12:09:14.136+0000] {dag.py:3340} INFO - Setting next_dagrun for example_bash_dag to 2025-11-23T00:00:00+00:00, run_after=2025-11-24T00:00:00+00:00
[2025-11-23T12:09:14.220+0000] {processor.py:176} INFO - Processing /opt/airflow/dags/example_bash_dag.py took 0.485 seconds
[2025-11-23T12:09:44.781+0000] {processor.py:154} INFO - Started process (PID=559) to work on /opt/airflow/dags/example_bash_dag.py
[2025-11-23T12:09:44.783+0000] {processor.py:756} INFO - Processing file /opt/airflow/dags/example_bash_dag.py for tasks to queue
[2025-11-23T12:09:44.784+0000] {logging_mixin.py:120} INFO - [2025-11-23T12:09:44.784+0000] {dagbag.py:537} INFO - Filling up the DagBag from /opt/airflow/dags/example_bash_dag.py
[2025-11-23T12:09:44.821+0000] {processor.py:766} INFO - DAG(s) dict_keys(['example_bash_dag']) retrieved from /opt/airflow/dags/example_bash_dag.py
[2025-11-23T12:09:44.874+0000] {logging_mixin.py:120} INFO - [2025-11-23T12:09:44.874+0000] {dag.py:2585} INFO - Sync 1 DAGs
[2025-11-23T12:09:44.947+0000] {logging_mixin.py:120} INFO - [2025-11-23T12:09:44.946+0000] {dag.py:3340} INFO - Setting next_dagrun for example_bash_dag to 2025-11-23T00:00:00+00:00, run_after=2025-11-24T00:00:00+00:00
[2025-11-23T12:09:44.977+0000] {processor.py:176} INFO - Processing /opt/airflow/dags/example_bash_dag.py took 0.202 seconds
[2025-11-23T12:10:15.220+0000] {processor.py:154} INFO - Started process (PID=584) to work on /opt/airflow/dags/example_bash_dag.py
[2025-11-23T12:10:15.221+0000] {processor.py:756} INFO - Processing file /opt/airflow/dags/example_bash_dag.py for tasks to queue
[2025-11-23T12:10:15.225+0000] {logging_mixin.py:120} INFO - [2025-11-23T12:10:15.224+0000] {dagbag.py:537} INFO - Filling up the DagBag from /opt/airflow/dags/example_bash_dag.py
[2025-11-23T12:10:15.283+0000] {processor.py:766} INFO - DAG(s) dict_keys(['example_bash_dag']) retrieved from /opt/airflow/dags/example_bash_dag.py
[2025-11-23T12:10:15.342+0000] {logging_mixin.py:120} INFO - [2025-11-23T12:10:15.342+0000] {dag.py:2585} INFO - Sync 1 DAGs
[2025-11-23T12:10:15.380+0000] {logging_mixin.py:120} INFO - [2025-11-23T12:10:15.380+0000] {dag.py:3340} INFO - Setting next_dagrun for example_bash_dag to 2025-11-23T00:00:00+00:00, run_after=2025-11-24T00:00:00+00:00
[2025-11-23T12:10:15.412+0000] {processor.py:176} INFO - Processing /opt/airflow/dags/example_bash_dag.py took 0.199 seconds
[2025-11-23T12:10:45.653+0000] {processor.py:154} INFO - Started process (PID=617) to work on /opt/airflow/dags/example_bash_dag.py
[2025-11-23T12:10:45.654+0000] {processor.py:756} INFO - Processing file /opt/airflow/dags/example_bash_dag.py for tasks to queue
[2025-11-23T12:10:45.656+0000] {logging_mixin.py:120} INFO - [2025-11-23T12:10:45.656+0000] {dagbag.py:537} INFO - Filling up the DagBag from /opt/airflow/dags/example_bash_dag.py
[2025-11-23T12:10:45.690+0000] {processor.py:766} INFO - DAG(s) dict_keys(['example_bash_dag']) retrieved from /opt/airflow/dags/example_bash_dag.py
[2025-11-23T12:10:45.740+0000] {logging_mixin.py:120} INFO - [2025-11-23T12:10:45.740+0000] {dag.py:2585} INFO - Sync 1 DAGs
[2025-11-23T12:10:45.768+0000] {logging_mixin.py:120} INFO - [2025-11-23T12:10:45.767+0000] {dag.py:3340} INFO - Setting next_dagrun for example_bash_dag to 2025-11-23T00:00:00+00:00, run_after=2025-11-24T00:00:00+00:00
[2025-11-23T12:10:45.799+0000] {processor.py:176} INFO - Processing /opt/airflow/dags/example_bash_dag.py took 0.150 seconds
[2025-11-23T12:11:16.332+0000] {processor.py:154} INFO - Started process (PID=648) to work on /opt/airflow/dags/example_bash_dag.py
[2025-11-23T12:11:16.338+0000] {processor.py:756} INFO - Processing file /opt/airflow/dags/example_bash_dag.py for tasks to queue
[2025-11-23T12:11:16.341+0000] {logging_mixin.py:120} INFO - [2025-11-23T12:11:16.341+0000] {dagbag.py:537} INFO - Filling up the DagBag from /opt/airflow/dags/example_bash_dag.py
[2025-11-23T12:11:16.467+0000] {processor.py:766} INFO - DAG(s) dict_keys(['example_bash_dag']) retrieved from /opt/airflow/dags/example_bash_dag.py
[2025-11-23T12:11:16.608+0000] {logging_mixin.py:120} INFO - [2025-11-23T12:11:16.607+0000] {dag.py:2585} INFO - Sync 1 DAGs
[2025-11-23T12:11:16.694+0000] {logging_mixin.py:120} INFO - [2025-11-23T12:11:16.694+0000] {dag.py:3340} INFO - Setting next_dagrun for example_bash_dag to 2025-11-23T00:00:00+00:00, run_after=2025-11-24T00:00:00+00:00
[2025-11-23T12:11:16.811+0000] {processor.py:176} INFO - Processing /opt/airflow/dags/example_bash_dag.py took 0.495 seconds
[2025-11-23T12:11:47.242+0000] {processor.py:154} INFO - Started process (PID=675) to work on /opt/airflow/dags/example_bash_dag.py
[2025-11-23T12:11:47.245+0000] {processor.py:756} INFO - Processing file /opt/airflow/dags/example_bash_dag.py for tasks to queue
[2025-11-23T12:11:47.247+0000] {logging_mixin.py:120} INFO - [2025-11-23T12:11:47.246+0000] {dagbag.py:537} INFO - Filling up the DagBag from /opt/airflow/dags/example_bash_dag.py
[2025-11-23T12:11:47.290+0000] {processor.py:766} INFO - DAG(s) dict_keys(['example_bash_dag']) retrieved from /opt/airflow/dags/example_bash_dag.py
[2025-11-23T12:11:47.353+0000] {logging_mixin.py:120} INFO - [2025-11-23T12:11:47.353+0000] {dag.py:2585} INFO - Sync 1 DAGs
[2025-11-23T12:11:47.394+0000] {logging_mixin.py:120} INFO - [2025-11-23T12:11:47.393+0000] {dag.py:3340} INFO - Setting next_dagrun for example_bash_dag to 2025-11-23T00:00:00+00:00, run_after=2025-11-24T00:00:00+00:00
[2025-11-23T12:11:47.438+0000] {processor.py:176} INFO - Processing /opt/airflow/dags/example_bash_dag.py took 0.202 seconds
[2025-11-23T12:12:17.786+0000] {processor.py:154} INFO - Started process (PID=709) to work on /opt/airflow/dags/example_bash_dag.py
[2025-11-23T12:12:17.788+0000] {processor.py:756} INFO - Processing file /opt/airflow/dags/example_bash_dag.py for tasks to queue
[2025-11-23T12:12:17.789+0000] {logging_mixin.py:120} INFO - [2025-11-23T12:12:17.789+0000] {dagbag.py:537} INFO - Filling up the DagBag from /opt/airflow/dags/example_bash_dag.py
[2025-11-23T12:12:17.843+0000] {processor.py:766} INFO - DAG(s) dict_keys(['example_bash_dag']) retrieved from /opt/airflow/dags/example_bash_dag.py
[2025-11-23T12:12:17.936+0000] {logging_mixin.py:120} INFO - [2025-11-23T12:12:17.936+0000] {dag.py:2585} INFO - Sync 1 DAGs
[2025-11-23T12:12:17.977+0000] {logging_mixin.py:120} INFO - [2025-11-23T12:12:17.977+0000] {dag.py:3340} INFO - Setting next_dagrun for example_bash_dag to 2025-11-23T00:00:00+00:00, run_after=2025-11-24T00:00:00+00:00
[2025-11-23T12:12:18.026+0000] {processor.py:176} INFO - Processing /opt/airflow/dags/example_bash_dag.py took 0.248 seconds
[2025-11-23T12:12:48.116+0000] {processor.py:154} INFO - Started process (PID=734) to work on /opt/airflow/dags/example_bash_dag.py
[2025-11-23T12:12:48.117+0000] {processor.py:756} INFO - Processing file /opt/airflow/dags/example_bash_dag.py for tasks to queue
[2025-11-23T12:12:48.119+0000] {logging_mixin.py:120} INFO - [2025-11-23T12:12:48.119+0000] {dagbag.py:537} INFO - Filling up the DagBag from /opt/airflow/dags/example_bash_dag.py
[2025-11-23T12:12:48.151+0000] {processor.py:766} INFO - DAG(s) dict_keys(['example_bash_dag']) retrieved from /opt/airflow/dags/example_bash_dag.py
[2025-11-23T12:12:48.215+0000] {logging_mixin.py:120} INFO - [2025-11-23T12:12:48.215+0000] {dag.py:2585} INFO - Sync 1 DAGs
[2025-11-23T12:12:48.248+0000] {logging_mixin.py:120} INFO - [2025-11-23T12:12:48.248+0000] {dag.py:3340} INFO - Setting next_dagrun for example_bash_dag to 2025-11-23T00:00:00+00:00, run_after=2025-11-24T00:00:00+00:00
[2025-11-23T12:12:48.276+0000] {processor.py:176} INFO - Processing /opt/airflow/dags/example_bash_dag.py took 0.165 seconds
[2025-11-23T12:13:18.752+0000] {processor.py:154} INFO - Started process (PID=769) to work on /opt/airflow/dags/example_bash_dag.py
[2025-11-23T12:13:18.753+0000] {processor.py:756} INFO - Processing file /opt/airflow/dags/example_bash_dag.py for tasks to queue
[2025-11-23T12:13:18.754+0000] {logging_mixin.py:120} INFO - [2025-11-23T12:13:18.754+0000] {dagbag.py:537} INFO - Filling up the DagBag from /opt/airflow/dags/example_bash_dag.py
[2025-11-23T12:13:18.792+0000] {processor.py:766} INFO - DAG(s) dict_keys(['example_bash_dag']) retrieved from /opt/airflow/dags/example_bash_dag.py
[2025-11-23T12:13:18.895+0000] {logging_mixin.py:120} INFO - [2025-11-23T12:13:18.895+0000] {dag.py:2585} INFO - Sync 1 DAGs
[2025-11-23T12:13:18.958+0000] {logging_mixin.py:120} INFO - [2025-11-23T12:13:18.957+0000] {dag.py:3340} INFO - Setting next_dagrun for example_bash_dag to 2025-11-23T00:00:00+00:00, run_after=2025-11-24T00:00:00+00:00
[2025-11-23T12:13:18.997+0000] {processor.py:176} INFO - Processing /opt/airflow/dags/example_bash_dag.py took 0.249 seconds
[2025-11-23T12:13:49.161+0000] {processor.py:154} INFO - Started process (PID=795) to work on /opt/airflow/dags/example_bash_dag.py
[2025-11-23T12:13:49.163+0000] {processor.py:756} INFO - Processing file /opt/airflow/dags/example_bash_dag.py for tasks to queue
[2025-11-23T12:13:49.164+0000] {logging_mixin.py:120} INFO - [2025-11-23T12:13:49.164+0000] {dagbag.py:537} INFO - Filling up the DagBag from /opt/airflow/dags/example_bash_dag.py
[2025-11-23T12:13:49.206+0000] {processor.py:766} INFO - DAG(s) dict_keys(['example_bash_dag']) retrieved from /opt/airflow/dags/example_bash_dag.py
[2025-11-23T12:13:49.334+0000] {logging_mixin.py:120} INFO - [2025-11-23T12:13:49.333+0000] {dag.py:2585} INFO - Sync 1 DAGs
[2025-11-23T12:13:49.423+0000] {logging_mixin.py:120} INFO - [2025-11-23T12:13:49.422+0000] {dag.py:3340} INFO - Setting next_dagrun for example_bash_dag to 2025-11-23T00:00:00+00:00, run_after=2025-11-24T00:00:00+00:00
[2025-11-23T12:13:49.462+0000] {processor.py:176} INFO - Processing /opt/airflow/dags/example_bash_dag.py took 0.306 seconds
[2025-11-23T12:14:19.599+0000] {processor.py:154} INFO - Started process (PID=830) to work on /opt/airflow/dags/example_bash_dag.py
[2025-11-23T12:14:19.600+0000] {processor.py:756} INFO - Processing file /opt/airflow/dags/example_bash_dag.py for tasks to queue
[2025-11-23T12:14:19.601+0000] {logging_mixin.py:120} INFO - [2025-11-23T12:14:19.601+0000] {dagbag.py:537} INFO - Filling up the DagBag from /opt/airflow/dags/example_bash_dag.py
[2025-11-23T12:14:19.638+0000] {processor.py:766} INFO - DAG(s) dict_keys(['example_bash_dag']) retrieved from /opt/airflow/dags/example_bash_dag.py
[2025-11-23T12:14:19.693+0000] {logging_mixin.py:120} INFO - [2025-11-23T12:14:19.693+0000] {dag.py:2585} INFO - Sync 1 DAGs
[2025-11-23T12:14:19.733+0000] {logging_mixin.py:120} INFO - [2025-11-23T12:14:19.732+0000] {dag.py:3340} INFO - Setting next_dagrun for example_bash_dag to 2025-11-23T00:00:00+00:00, run_after=2025-11-24T00:00:00+00:00
[2025-11-23T12:14:19.765+0000] {processor.py:176} INFO - Processing /opt/airflow/dags/example_bash_dag.py took 0.171 seconds
[2025-11-23T12:14:50.524+0000] {processor.py:154} INFO - Started process (PID=855) to work on /opt/airflow/dags/example_bash_dag.py
[2025-11-23T12:14:50.525+0000] {processor.py:756} INFO - Processing file /opt/airflow/dags/example_bash_dag.py for tasks to queue
[2025-11-23T12:14:50.526+0000] {logging_mixin.py:120} INFO - [2025-11-23T12:14:50.526+0000] {dagbag.py:537} INFO - Filling up the DagBag from /opt/airflow/dags/example_bash_dag.py
[2025-11-23T12:14:50.559+0000] {processor.py:766} INFO - DAG(s) dict_keys(['example_bash_dag']) retrieved from /opt/airflow/dags/example_bash_dag.py
[2025-11-23T12:14:50.606+0000] {logging_mixin.py:120} INFO - [2025-11-23T12:14:50.606+0000] {dag.py:2585} INFO - Sync 1 DAGs
[2025-11-23T12:14:50.640+0000] {logging_mixin.py:120} INFO - [2025-11-23T12:14:50.640+0000] {dag.py:3340} INFO - Setting next_dagrun for example_bash_dag to 2025-11-23T00:00:00+00:00, run_after=2025-11-24T00:00:00+00:00
[2025-11-23T12:14:50.676+0000] {processor.py:176} INFO - Processing /opt/airflow/dags/example_bash_dag.py took 0.157 seconds
[2025-11-23T12:15:20.881+0000] {processor.py:154} INFO - Started process (PID=890) to work on /opt/airflow/dags/example_bash_dag.py
[2025-11-23T12:15:20.883+0000] {processor.py:756} INFO - Processing file /opt/airflow/dags/example_bash_dag.py for tasks to queue
[2025-11-23T12:15:20.884+0000] {logging_mixin.py:120} INFO - [2025-11-23T12:15:20.884+0000] {dagbag.py:537} INFO - Filling up the DagBag from /opt/airflow/dags/example_bash_dag.py
[2025-11-23T12:15:20.908+0000] {processor.py:766} INFO - DAG(s) dict_keys(['example_bash_dag']) retrieved from /opt/airflow/dags/example_bash_dag.py
[2025-11-23T12:15:20.953+0000] {logging_mixin.py:120} INFO - [2025-11-23T12:15:20.953+0000] {dag.py:2585} INFO - Sync 1 DAGs
[2025-11-23T12:15:20.983+0000] {logging_mixin.py:120} INFO - [2025-11-23T12:15:20.982+0000] {dag.py:3340} INFO - Setting next_dagrun for example_bash_dag to 2025-11-23T00:00:00+00:00, run_after=2025-11-24T00:00:00+00:00
[2025-11-23T12:15:21.010+0000] {processor.py:176} INFO - Processing /opt/airflow/dags/example_bash_dag.py took 0.134 seconds
[2025-11-23T12:15:51.155+0000] {processor.py:154} INFO - Started process (PID=915) to work on /opt/airflow/dags/example_bash_dag.py
[2025-11-23T12:15:51.157+0000] {processor.py:756} INFO - Processing file /opt/airflow/dags/example_bash_dag.py for tasks to queue
[2025-11-23T12:15:51.158+0000] {logging_mixin.py:120} INFO - [2025-11-23T12:15:51.158+0000] {dagbag.py:537} INFO - Filling up the DagBag from /opt/airflow/dags/example_bash_dag.py
[2025-11-23T12:15:51.198+0000] {processor.py:766} INFO - DAG(s) dict_keys(['example_bash_dag']) retrieved from /opt/airflow/dags/example_bash_dag.py
[2025-11-23T12:15:51.254+0000] {logging_mixin.py:120} INFO - [2025-11-23T12:15:51.254+0000] {dag.py:2585} INFO - Sync 1 DAGs
[2025-11-23T12:15:51.306+0000] {logging_mixin.py:120} INFO - [2025-11-23T12:15:51.305+0000] {dag.py:3340} INFO - Setting next_dagrun for example_bash_dag to 2025-11-23T00:00:00+00:00, run_after=2025-11-24T00:00:00+00:00
[2025-11-23T12:15:51.355+0000] {processor.py:176} INFO - Processing /opt/airflow/dags/example_bash_dag.py took 0.205 seconds
[2025-11-23T12:16:22.446+0000] {processor.py:154} INFO - Started process (PID=951) to work on /opt/airflow/dags/example_bash_dag.py
[2025-11-23T12:16:22.448+0000] {processor.py:756} INFO - Processing file /opt/airflow/dags/example_bash_dag.py for tasks to queue
[2025-11-23T12:16:22.450+0000] {logging_mixin.py:120} INFO - [2025-11-23T12:16:22.450+0000] {dagbag.py:537} INFO - Filling up the DagBag from /opt/airflow/dags/example_bash_dag.py
[2025-11-23T12:16:22.494+0000] {processor.py:766} INFO - DAG(s) dict_keys(['example_bash_dag']) retrieved from /opt/airflow/dags/example_bash_dag.py
[2025-11-23T12:16:22.590+0000] {logging_mixin.py:120} INFO - [2025-11-23T12:16:22.590+0000] {dag.py:2585} INFO - Sync 1 DAGs
[2025-11-23T12:16:22.650+0000] {logging_mixin.py:120} INFO - [2025-11-23T12:16:22.649+0000] {dag.py:3340} INFO - Setting next_dagrun for example_bash_dag to 2025-11-23T00:00:00+00:00, run_after=2025-11-24T00:00:00+00:00
[2025-11-23T12:16:22.699+0000] {processor.py:176} INFO - Processing /opt/airflow/dags/example_bash_dag.py took 0.259 seconds
[2025-11-23T12:16:52.994+0000] {processor.py:154} INFO - Started process (PID=987) to work on /opt/airflow/dags/example_bash_dag.py
[2025-11-23T12:16:52.997+0000] {processor.py:756} INFO - Processing file /opt/airflow/dags/example_bash_dag.py for tasks to queue
[2025-11-23T12:16:53.001+0000] {logging_mixin.py:120} INFO - [2025-11-23T12:16:53.000+0000] {dagbag.py:537} INFO - Filling up the DagBag from /opt/airflow/dags/example_bash_dag.py
[2025-11-23T12:16:53.065+0000] {processor.py:766} INFO - DAG(s) dict_keys(['example_bash_dag']) retrieved from /opt/airflow/dags/example_bash_dag.py
[2025-11-23T12:16:53.278+0000] {logging_mixin.py:120} INFO - [2025-11-23T12:16:53.278+0000] {dag.py:2585} INFO - Sync 1 DAGs
[2025-11-23T12:16:53.437+0000] {logging_mixin.py:120} INFO - [2025-11-23T12:16:53.437+0000] {dag.py:3340} INFO - Setting next_dagrun for example_bash_dag to 2025-11-23T00:00:00+00:00, run_after=2025-11-24T00:00:00+00:00
[2025-11-23T12:16:53.499+0000] {processor.py:176} INFO - Processing /opt/airflow/dags/example_bash_dag.py took 0.510 seconds
[2025-11-23T12:17:23.791+0000] {processor.py:154} INFO - Started process (PID=1014) to work on /opt/airflow/dags/example_bash_dag.py
[2025-11-23T12:17:23.803+0000] {processor.py:756} INFO - Processing file /opt/airflow/dags/example_bash_dag.py for tasks to queue
[2025-11-23T12:17:23.805+0000] {logging_mixin.py:120} INFO - [2025-11-23T12:17:23.804+0000] {dagbag.py:537} INFO - Filling up the DagBag from /opt/airflow/dags/example_bash_dag.py
[2025-11-23T12:17:23.927+0000] {processor.py:766} INFO - DAG(s) dict_keys(['example_bash_dag']) retrieved from /opt/airflow/dags/example_bash_dag.py
[2025-11-23T12:17:24.165+0000] {logging_mixin.py:120} INFO - [2025-11-23T12:17:24.165+0000] {dag.py:2585} INFO - Sync 1 DAGs
[2025-11-23T12:17:24.311+0000] {logging_mixin.py:120} INFO - [2025-11-23T12:17:24.310+0000] {dag.py:3340} INFO - Setting next_dagrun for example_bash_dag to 2025-11-23T00:00:00+00:00, run_after=2025-11-24T00:00:00+00:00
[2025-11-23T12:17:24.404+0000] {processor.py:176} INFO - Processing /opt/airflow/dags/example_bash_dag.py took 0.622 seconds
[2025-11-23T12:17:54.489+0000] {processor.py:154} INFO - Started process (PID=1043) to work on /opt/airflow/dags/example_bash_dag.py
[2025-11-23T12:17:54.491+0000] {processor.py:756} INFO - Processing file /opt/airflow/dags/example_bash_dag.py for tasks to queue
[2025-11-23T12:17:54.492+0000] {logging_mixin.py:120} INFO - [2025-11-23T12:17:54.492+0000] {dagbag.py:537} INFO - Filling up the DagBag from /opt/airflow/dags/example_bash_dag.py
[2025-11-23T12:17:54.530+0000] {processor.py:766} INFO - DAG(s) dict_keys(['example_bash_dag']) retrieved from /opt/airflow/dags/example_bash_dag.py
[2025-11-23T12:17:54.587+0000] {logging_mixin.py:120} INFO - [2025-11-23T12:17:54.587+0000] {dag.py:2585} INFO - Sync 1 DAGs
[2025-11-23T12:17:54.628+0000] {logging_mixin.py:120} INFO - [2025-11-23T12:17:54.628+0000] {dag.py:3340} INFO - Setting next_dagrun for example_bash_dag to 2025-11-23T00:00:00+00:00, run_after=2025-11-24T00:00:00+00:00
[2025-11-23T12:17:54.663+0000] {processor.py:176} INFO - Processing /opt/airflow/dags/example_bash_dag.py took 0.180 seconds
[2025-11-23T12:18:24.911+0000] {processor.py:154} INFO - Started process (PID=1078) to work on /opt/airflow/dags/example_bash_dag.py
[2025-11-23T12:18:24.912+0000] {processor.py:756} INFO - Processing file /opt/airflow/dags/example_bash_dag.py for tasks to queue
[2025-11-23T12:18:24.913+0000] {logging_mixin.py:120} INFO - [2025-11-23T12:18:24.913+0000] {dagbag.py:537} INFO - Filling up the DagBag from /opt/airflow/dags/example_bash_dag.py
[2025-11-23T12:18:24.944+0000] {processor.py:766} INFO - DAG(s) dict_keys(['example_bash_dag']) retrieved from /opt/airflow/dags/example_bash_dag.py
[2025-11-23T12:18:25.014+0000] {logging_mixin.py:120} INFO - [2025-11-23T12:18:25.014+0000] {dag.py:2585} INFO - Sync 1 DAGs
[2025-11-23T12:18:25.055+0000] {logging_mixin.py:120} INFO - [2025-11-23T12:18:25.055+0000] {dag.py:3340} INFO - Setting next_dagrun for example_bash_dag to 2025-11-23T00:00:00+00:00, run_after=2025-11-24T00:00:00+00:00
[2025-11-23T12:18:25.090+0000] {processor.py:176} INFO - Processing /opt/airflow/dags/example_bash_dag.py took 0.184 seconds
[2025-11-23T12:18:56.230+0000] {processor.py:154} INFO - Started process (PID=1105) to work on /opt/airflow/dags/example_bash_dag.py
[2025-11-23T12:18:56.234+0000] {processor.py:756} INFO - Processing file /opt/airflow/dags/example_bash_dag.py for tasks to queue
[2025-11-23T12:18:56.238+0000] {logging_mixin.py:120} INFO - [2025-11-23T12:18:56.237+0000] {dagbag.py:537} INFO - Filling up the DagBag from /opt/airflow/dags/example_bash_dag.py
[2025-11-23T12:18:56.390+0000] {processor.py:766} INFO - DAG(s) dict_keys(['example_bash_dag']) retrieved from /opt/airflow/dags/example_bash_dag.py
[2025-11-23T12:18:56.634+0000] {logging_mixin.py:120} INFO - [2025-11-23T12:18:56.633+0000] {dag.py:2585} INFO - Sync 1 DAGs
[2025-11-23T12:18:56.675+0000] {logging_mixin.py:120} INFO - [2025-11-23T12:18:56.674+0000] {dag.py:3340} INFO - Setting next_dagrun for example_bash_dag to 2025-11-23T00:00:00+00:00, run_after=2025-11-24T00:00:00+00:00
[2025-11-23T12:18:59.947+0000] {processor.py:176} INFO - Processing /opt/airflow/dags/example_bash_dag.py took 3.724 seconds
[2025-11-23T12:19:30.081+0000] {processor.py:154} INFO - Started process (PID=1141) to work on /opt/airflow/dags/example_bash_dag.py
[2025-11-23T12:19:30.082+0000] {processor.py:756} INFO - Processing file /opt/airflow/dags/example_bash_dag.py for tasks to queue
[2025-11-23T12:19:30.083+0000] {logging_mixin.py:120} INFO - [2025-11-23T12:19:30.083+0000] {dagbag.py:537} INFO - Filling up the DagBag from /opt/airflow/dags/example_bash_dag.py
[2025-11-23T12:19:30.112+0000] {processor.py:766} INFO - DAG(s) dict_keys(['example_bash_dag']) retrieved from /opt/airflow/dags/example_bash_dag.py
[2025-11-23T12:19:30.156+0000] {logging_mixin.py:120} INFO - [2025-11-23T12:19:30.155+0000] {dag.py:2585} INFO - Sync 1 DAGs
[2025-11-23T12:19:30.241+0000] {logging_mixin.py:120} INFO - [2025-11-23T12:19:30.240+0000] {dag.py:3340} INFO - Setting next_dagrun for example_bash_dag to 2025-11-23T00:00:00+00:00, run_after=2025-11-24T00:00:00+00:00
[2025-11-23T12:19:30.280+0000] {processor.py:176} INFO - Processing /opt/airflow/dags/example_bash_dag.py took 0.204 seconds
[2025-11-23T12:20:00.944+0000] {processor.py:154} INFO - Started process (PID=1168) to work on /opt/airflow/dags/example_bash_dag.py
[2025-11-23T12:20:00.951+0000] {processor.py:756} INFO - Processing file /opt/airflow/dags/example_bash_dag.py for tasks to queue
[2025-11-23T12:20:00.956+0000] {logging_mixin.py:120} INFO - [2025-11-23T12:20:00.956+0000] {dagbag.py:537} INFO - Filling up the DagBag from /opt/airflow/dags/example_bash_dag.py
[2025-11-23T12:20:01.046+0000] {processor.py:766} INFO - DAG(s) dict_keys(['example_bash_dag']) retrieved from /opt/airflow/dags/example_bash_dag.py
[2025-11-23T12:20:01.149+0000] {logging_mixin.py:120} INFO - [2025-11-23T12:20:01.146+0000] {dag.py:2585} INFO - Sync 1 DAGs
[2025-11-23T12:20:01.197+0000] {logging_mixin.py:120} INFO - [2025-11-23T12:20:01.197+0000] {dag.py:3340} INFO - Setting next_dagrun for example_bash_dag to 2025-11-23T00:00:00+00:00, run_after=2025-11-24T00:00:00+00:00
[2025-11-23T12:20:01.228+0000] {processor.py:176} INFO - Processing /opt/airflow/dags/example_bash_dag.py took 0.291 seconds
[2025-11-23T12:20:31.375+0000] {processor.py:154} INFO - Started process (PID=1199) to work on /opt/airflow/dags/example_bash_dag.py
[2025-11-23T12:20:31.377+0000] {processor.py:756} INFO - Processing file /opt/airflow/dags/example_bash_dag.py for tasks to queue
[2025-11-23T12:20:31.379+0000] {logging_mixin.py:120} INFO - [2025-11-23T12:20:31.379+0000] {dagbag.py:537} INFO - Filling up the DagBag from /opt/airflow/dags/example_bash_dag.py
[2025-11-23T12:20:31.427+0000] {processor.py:766} INFO - DAG(s) dict_keys(['example_bash_dag']) retrieved from /opt/airflow/dags/example_bash_dag.py
[2025-11-23T12:20:31.505+0000] {logging_mixin.py:120} INFO - [2025-11-23T12:20:31.505+0000] {dag.py:2585} INFO - Sync 1 DAGs
[2025-11-23T12:20:31.546+0000] {logging_mixin.py:120} INFO - [2025-11-23T12:20:31.544+0000] {dag.py:3340} INFO - Setting next_dagrun for example_bash_dag to 2025-11-23T00:00:00+00:00, run_after=2025-11-24T00:00:00+00:00
[2025-11-23T12:20:31.612+0000] {processor.py:176} INFO - Processing /opt/airflow/dags/example_bash_dag.py took 0.250 seconds
[2025-11-23T12:21:01.908+0000] {processor.py:154} INFO - Started process (PID=1224) to work on /opt/airflow/dags/example_bash_dag.py
[2025-11-23T12:21:01.912+0000] {processor.py:756} INFO - Processing file /opt/airflow/dags/example_bash_dag.py for tasks to queue
[2025-11-23T12:21:01.916+0000] {logging_mixin.py:120} INFO - [2025-11-23T12:21:01.915+0000] {dagbag.py:537} INFO - Filling up the DagBag from /opt/airflow/dags/example_bash_dag.py
[2025-11-23T12:21:01.968+0000] {processor.py:766} INFO - DAG(s) dict_keys(['example_bash_dag']) retrieved from /opt/airflow/dags/example_bash_dag.py
[2025-11-23T12:21:02.047+0000] {logging_mixin.py:120} INFO - [2025-11-23T12:21:02.047+0000] {dag.py:2585} INFO - Sync 1 DAGs
[2025-11-23T12:21:02.102+0000] {logging_mixin.py:120} INFO - [2025-11-23T12:21:02.102+0000] {dag.py:3340} INFO - Setting next_dagrun for example_bash_dag to 2025-11-23T00:00:00+00:00, run_after=2025-11-24T00:00:00+00:00
[2025-11-23T12:21:02.149+0000] {processor.py:176} INFO - Processing /opt/airflow/dags/example_bash_dag.py took 0.248 seconds
[2025-11-23T12:21:32.788+0000] {processor.py:154} INFO - Started process (PID=1261) to work on /opt/airflow/dags/example_bash_dag.py
[2025-11-23T12:21:32.790+0000] {processor.py:756} INFO - Processing file /opt/airflow/dags/example_bash_dag.py for tasks to queue
[2025-11-23T12:21:32.792+0000] {logging_mixin.py:120} INFO - [2025-11-23T12:21:32.791+0000] {dagbag.py:537} INFO - Filling up the DagBag from /opt/airflow/dags/example_bash_dag.py
[2025-11-23T12:21:32.863+0000] {processor.py:766} INFO - DAG(s) dict_keys(['example_bash_dag']) retrieved from /opt/airflow/dags/example_bash_dag.py
[2025-11-23T12:21:33.029+0000] {logging_mixin.py:120} INFO - [2025-11-23T12:21:33.029+0000] {dag.py:2585} INFO - Sync 1 DAGs
[2025-11-23T12:21:33.101+0000] {logging_mixin.py:120} INFO - [2025-11-23T12:21:33.100+0000] {dag.py:3340} INFO - Setting next_dagrun for example_bash_dag to 2025-11-23T00:00:00+00:00, run_after=2025-11-24T00:00:00+00:00
[2025-11-23T12:21:33.156+0000] {processor.py:176} INFO - Processing /opt/airflow/dags/example_bash_dag.py took 0.380 seconds
[2025-11-23T12:22:04.061+0000] {processor.py:154} INFO - Started process (PID=1289) to work on /opt/airflow/dags/example_bash_dag.py
[2025-11-23T12:22:04.069+0000] {processor.py:756} INFO - Processing file /opt/airflow/dags/example_bash_dag.py for tasks to queue
[2025-11-23T12:22:04.071+0000] {logging_mixin.py:120} INFO - [2025-11-23T12:22:04.071+0000] {dagbag.py:537} INFO - Filling up the DagBag from /opt/airflow/dags/example_bash_dag.py
[2025-11-23T12:22:04.266+0000] {processor.py:766} INFO - DAG(s) dict_keys(['example_bash_dag']) retrieved from /opt/airflow/dags/example_bash_dag.py
[2025-11-23T12:22:04.412+0000] {logging_mixin.py:120} INFO - [2025-11-23T12:22:04.412+0000] {dag.py:2585} INFO - Sync 1 DAGs
[2025-11-23T12:22:04.480+0000] {logging_mixin.py:120} INFO - [2025-11-23T12:22:04.480+0000] {dag.py:3340} INFO - Setting next_dagrun for example_bash_dag to 2025-11-23T00:00:00+00:00, run_after=2025-11-24T00:00:00+00:00
[2025-11-23T12:22:04.571+0000] {processor.py:176} INFO - Processing /opt/airflow/dags/example_bash_dag.py took 0.521 seconds
[2025-11-23T12:22:35.347+0000] {processor.py:154} INFO - Started process (PID=1324) to work on /opt/airflow/dags/example_bash_dag.py
[2025-11-23T12:22:35.349+0000] {processor.py:756} INFO - Processing file /opt/airflow/dags/example_bash_dag.py for tasks to queue
[2025-11-23T12:22:35.350+0000] {logging_mixin.py:120} INFO - [2025-11-23T12:22:35.350+0000] {dagbag.py:537} INFO - Filling up the DagBag from /opt/airflow/dags/example_bash_dag.py
[2025-11-23T12:22:35.399+0000] {processor.py:766} INFO - DAG(s) dict_keys(['example_bash_dag']) retrieved from /opt/airflow/dags/example_bash_dag.py
[2025-11-23T12:22:35.482+0000] {logging_mixin.py:120} INFO - [2025-11-23T12:22:35.482+0000] {dag.py:2585} INFO - Sync 1 DAGs
[2025-11-23T12:22:35.538+0000] {logging_mixin.py:120} INFO - [2025-11-23T12:22:35.538+0000] {dag.py:3340} INFO - Setting next_dagrun for example_bash_dag to 2025-11-23T00:00:00+00:00, run_after=2025-11-24T00:00:00+00:00
[2025-11-23T12:22:35.571+0000] {processor.py:176} INFO - Processing /opt/airflow/dags/example_bash_dag.py took 0.231 seconds
[2025-11-23T12:23:05.979+0000] {processor.py:154} INFO - Started process (PID=1350) to work on /opt/airflow/dags/example_bash_dag.py
[2025-11-23T12:23:05.982+0000] {processor.py:756} INFO - Processing file /opt/airflow/dags/example_bash_dag.py for tasks to queue
[2025-11-23T12:23:05.984+0000] {logging_mixin.py:120} INFO - [2025-11-23T12:23:05.984+0000] {dagbag.py:537} INFO - Filling up the DagBag from /opt/airflow/dags/example_bash_dag.py
[2025-11-23T12:23:06.022+0000] {processor.py:766} INFO - DAG(s) dict_keys(['example_bash_dag']) retrieved from /opt/airflow/dags/example_bash_dag.py
[2025-11-23T12:23:06.150+0000] {logging_mixin.py:120} INFO - [2025-11-23T12:23:06.150+0000] {dag.py:2585} INFO - Sync 1 DAGs
[2025-11-23T12:23:06.237+0000] {logging_mixin.py:120} INFO - [2025-11-23T12:23:06.236+0000] {dag.py:3340} INFO - Setting next_dagrun for example_bash_dag to 2025-11-23T00:00:00+00:00, run_after=2025-11-24T00:00:00+00:00
[2025-11-23T12:23:06.281+0000] {processor.py:176} INFO - Processing /opt/airflow/dags/example_bash_dag.py took 0.313 seconds
[2025-11-23T12:23:36.954+0000] {processor.py:154} INFO - Started process (PID=1384) to work on /opt/airflow/dags/example_bash_dag.py
[2025-11-23T12:23:36.957+0000] {processor.py:756} INFO - Processing file /opt/airflow/dags/example_bash_dag.py for tasks to queue
[2025-11-23T12:23:36.959+0000] {logging_mixin.py:120} INFO - [2025-11-23T12:23:36.959+0000] {dagbag.py:537} INFO - Filling up the DagBag from /opt/airflow/dags/example_bash_dag.py
[2025-11-23T12:23:37.010+0000] {processor.py:766} INFO - DAG(s) dict_keys(['example_bash_dag']) retrieved from /opt/airflow/dags/example_bash_dag.py
[2025-11-23T12:23:37.076+0000] {logging_mixin.py:120} INFO - [2025-11-23T12:23:37.076+0000] {dag.py:2585} INFO - Sync 1 DAGs
[2025-11-23T12:23:37.115+0000] {logging_mixin.py:120} INFO - [2025-11-23T12:23:37.115+0000] {dag.py:3340} INFO - Setting next_dagrun for example_bash_dag to 2025-11-23T00:00:00+00:00, run_after=2025-11-24T00:00:00+00:00
[2025-11-23T12:23:37.153+0000] {processor.py:176} INFO - Processing /opt/airflow/dags/example_bash_dag.py took 0.205 seconds
[2025-11-23T12:24:07.946+0000] {processor.py:154} INFO - Started process (PID=1410) to work on /opt/airflow/dags/example_bash_dag.py
[2025-11-23T12:24:07.948+0000] {processor.py:756} INFO - Processing file /opt/airflow/dags/example_bash_dag.py for tasks to queue
[2025-11-23T12:24:07.949+0000] {logging_mixin.py:120} INFO - [2025-11-23T12:24:07.949+0000] {dagbag.py:537} INFO - Filling up the DagBag from /opt/airflow/dags/example_bash_dag.py
[2025-11-23T12:24:07.998+0000] {processor.py:766} INFO - DAG(s) dict_keys(['example_bash_dag']) retrieved from /opt/airflow/dags/example_bash_dag.py
[2025-11-23T12:24:08.079+0000] {logging_mixin.py:120} INFO - [2025-11-23T12:24:08.079+0000] {dag.py:2585} INFO - Sync 1 DAGs
[2025-11-23T12:24:08.123+0000] {logging_mixin.py:120} INFO - [2025-11-23T12:24:08.123+0000] {dag.py:3340} INFO - Setting next_dagrun for example_bash_dag to 2025-11-23T00:00:00+00:00, run_after=2025-11-24T00:00:00+00:00
[2025-11-23T12:24:08.183+0000] {processor.py:176} INFO - Processing /opt/airflow/dags/example_bash_dag.py took 0.243 seconds
[2025-11-23T12:24:38.365+0000] {processor.py:154} INFO - Started process (PID=1445) to work on /opt/airflow/dags/example_bash_dag.py
[2025-11-23T12:24:38.367+0000] {processor.py:756} INFO - Processing file /opt/airflow/dags/example_bash_dag.py for tasks to queue
[2025-11-23T12:24:38.369+0000] {logging_mixin.py:120} INFO - [2025-11-23T12:24:38.369+0000] {dagbag.py:537} INFO - Filling up the DagBag from /opt/airflow/dags/example_bash_dag.py
[2025-11-23T12:24:38.420+0000] {processor.py:766} INFO - DAG(s) dict_keys(['example_bash_dag']) retrieved from /opt/airflow/dags/example_bash_dag.py
[2025-11-23T12:24:38.493+0000] {logging_mixin.py:120} INFO - [2025-11-23T12:24:38.493+0000] {dag.py:2585} INFO - Sync 1 DAGs
[2025-11-23T12:24:38.540+0000] {logging_mixin.py:120} INFO - [2025-11-23T12:24:38.540+0000] {dag.py:3340} INFO - Setting next_dagrun for example_bash_dag to 2025-11-23T00:00:00+00:00, run_after=2025-11-24T00:00:00+00:00
[2025-11-23T12:24:38.575+0000] {processor.py:176} INFO - Processing /opt/airflow/dags/example_bash_dag.py took 0.215 seconds
[2025-11-23T12:25:08.825+0000] {processor.py:154} INFO - Started process (PID=1472) to work on /opt/airflow/dags/example_bash_dag.py
[2025-11-23T12:25:08.826+0000] {processor.py:756} INFO - Processing file /opt/airflow/dags/example_bash_dag.py for tasks to queue
[2025-11-23T12:25:08.828+0000] {logging_mixin.py:120} INFO - [2025-11-23T12:25:08.828+0000] {dagbag.py:537} INFO - Filling up the DagBag from /opt/airflow/dags/example_bash_dag.py
[2025-11-23T12:25:08.867+0000] {processor.py:766} INFO - DAG(s) dict_keys(['example_bash_dag']) retrieved from /opt/airflow/dags/example_bash_dag.py
[2025-11-23T12:25:09.060+0000] {logging_mixin.py:120} INFO - [2025-11-23T12:25:09.058+0000] {dag.py:2585} INFO - Sync 1 DAGs
[2025-11-23T12:25:09.433+0000] {logging_mixin.py:120} INFO - [2025-11-23T12:25:09.432+0000] {dag.py:3340} INFO - Setting next_dagrun for example_bash_dag to 2025-11-23T00:00:00+00:00, run_after=2025-11-24T00:00:00+00:00
[2025-11-23T12:25:09.635+0000] {processor.py:176} INFO - Processing /opt/airflow/dags/example_bash_dag.py took 0.820 seconds
[2025-11-23T12:25:39.911+0000] {processor.py:154} INFO - Started process (PID=1507) to work on /opt/airflow/dags/example_bash_dag.py
[2025-11-23T12:25:39.915+0000] {processor.py:756} INFO - Processing file /opt/airflow/dags/example_bash_dag.py for tasks to queue
[2025-11-23T12:25:39.918+0000] {logging_mixin.py:120} INFO - [2025-11-23T12:25:39.917+0000] {dagbag.py:537} INFO - Filling up the DagBag from /opt/airflow/dags/example_bash_dag.py
[2025-11-23T12:25:39.960+0000] {processor.py:766} INFO - DAG(s) dict_keys(['example_bash_dag']) retrieved from /opt/airflow/dags/example_bash_dag.py
[2025-11-23T12:25:40.013+0000] {logging_mixin.py:120} INFO - [2025-11-23T12:25:40.012+0000] {dag.py:2585} INFO - Sync 1 DAGs
[2025-11-23T12:25:40.044+0000] {logging_mixin.py:120} INFO - [2025-11-23T12:25:40.044+0000] {dag.py:3340} INFO - Setting next_dagrun for example_bash_dag to 2025-11-23T00:00:00+00:00, run_after=2025-11-24T00:00:00+00:00
[2025-11-23T12:25:40.089+0000] {processor.py:176} INFO - Processing /opt/airflow/dags/example_bash_dag.py took 0.187 seconds
[2025-11-23T12:26:10.483+0000] {processor.py:154} INFO - Started process (PID=1543) to work on /opt/airflow/dags/example_bash_dag.py
[2025-11-23T12:26:10.485+0000] {processor.py:756} INFO - Processing file /opt/airflow/dags/example_bash_dag.py for tasks to queue
[2025-11-23T12:26:10.493+0000] {logging_mixin.py:120} INFO - [2025-11-23T12:26:10.493+0000] {dagbag.py:537} INFO - Filling up the DagBag from /opt/airflow/dags/example_bash_dag.py
[2025-11-23T12:26:10.660+0000] {processor.py:766} INFO - DAG(s) dict_keys(['example_bash_dag']) retrieved from /opt/airflow/dags/example_bash_dag.py
[2025-11-23T12:26:10.858+0000] {logging_mixin.py:120} INFO - [2025-11-23T12:26:10.858+0000] {dag.py:2585} INFO - Sync 1 DAGs
[2025-11-23T12:26:10.952+0000] {logging_mixin.py:120} INFO - [2025-11-23T12:26:10.952+0000] {dag.py:3340} INFO - Setting next_dagrun for example_bash_dag to 2025-11-23T00:00:00+00:00, run_after=2025-11-24T00:00:00+00:00
[2025-11-23T12:26:11.125+0000] {processor.py:176} INFO - Processing /opt/airflow/dags/example_bash_dag.py took 0.647 seconds
[2025-11-23T12:26:42.022+0000] {processor.py:154} INFO - Started process (PID=1568) to work on /opt/airflow/dags/example_bash_dag.py
[2025-11-23T12:26:42.024+0000] {processor.py:756} INFO - Processing file /opt/airflow/dags/example_bash_dag.py for tasks to queue
[2025-11-23T12:26:42.026+0000] {logging_mixin.py:120} INFO - [2025-11-23T12:26:42.025+0000] {dagbag.py:537} INFO - Filling up the DagBag from /opt/airflow/dags/example_bash_dag.py
[2025-11-23T12:26:42.098+0000] {processor.py:766} INFO - DAG(s) dict_keys(['example_bash_dag']) retrieved from /opt/airflow/dags/example_bash_dag.py
[2025-11-23T12:26:42.175+0000] {logging_mixin.py:120} INFO - [2025-11-23T12:26:42.175+0000] {dag.py:2585} INFO - Sync 1 DAGs
[2025-11-23T12:26:42.236+0000] {logging_mixin.py:120} INFO - [2025-11-23T12:26:42.236+0000] {dag.py:3340} INFO - Setting next_dagrun for example_bash_dag to 2025-11-23T00:00:00+00:00, run_after=2025-11-24T00:00:00+00:00
[2025-11-23T12:26:42.308+0000] {processor.py:176} INFO - Processing /opt/airflow/dags/example_bash_dag.py took 0.300 seconds
[2025-11-23T12:27:12.950+0000] {processor.py:154} INFO - Started process (PID=1601) to work on /opt/airflow/dags/example_bash_dag.py
[2025-11-23T12:27:12.954+0000] {processor.py:756} INFO - Processing file /opt/airflow/dags/example_bash_dag.py for tasks to queue
[2025-11-23T12:27:12.955+0000] {logging_mixin.py:120} INFO - [2025-11-23T12:27:12.955+0000] {dagbag.py:537} INFO - Filling up the DagBag from /opt/airflow/dags/example_bash_dag.py
[2025-11-23T12:27:13.001+0000] {processor.py:766} INFO - DAG(s) dict_keys(['example_bash_dag']) retrieved from /opt/airflow/dags/example_bash_dag.py
[2025-11-23T12:27:13.077+0000] {logging_mixin.py:120} INFO - [2025-11-23T12:27:13.077+0000] {dag.py:2585} INFO - Sync 1 DAGs
[2025-11-23T12:27:13.130+0000] {logging_mixin.py:120} INFO - [2025-11-23T12:27:13.130+0000] {dag.py:3340} INFO - Setting next_dagrun for example_bash_dag to 2025-11-23T00:00:00+00:00, run_after=2025-11-24T00:00:00+00:00
[2025-11-23T12:27:13.185+0000] {processor.py:176} INFO - Processing /opt/airflow/dags/example_bash_dag.py took 0.241 seconds
[2025-11-23T12:27:43.559+0000] {processor.py:154} INFO - Started process (PID=1627) to work on /opt/airflow/dags/example_bash_dag.py
[2025-11-23T12:27:43.561+0000] {processor.py:756} INFO - Processing file /opt/airflow/dags/example_bash_dag.py for tasks to queue
[2025-11-23T12:27:43.562+0000] {logging_mixin.py:120} INFO - [2025-11-23T12:27:43.562+0000] {dagbag.py:537} INFO - Filling up the DagBag from /opt/airflow/dags/example_bash_dag.py
[2025-11-23T12:27:43.605+0000] {processor.py:766} INFO - DAG(s) dict_keys(['example_bash_dag']) retrieved from /opt/airflow/dags/example_bash_dag.py
[2025-11-23T12:27:43.663+0000] {logging_mixin.py:120} INFO - [2025-11-23T12:27:43.662+0000] {dag.py:2585} INFO - Sync 1 DAGs
[2025-11-23T12:27:43.695+0000] {logging_mixin.py:120} INFO - [2025-11-23T12:27:43.694+0000] {dag.py:3340} INFO - Setting next_dagrun for example_bash_dag to 2025-11-23T00:00:00+00:00, run_after=2025-11-24T00:00:00+00:00
[2025-11-23T12:27:43.719+0000] {processor.py:176} INFO - Processing /opt/airflow/dags/example_bash_dag.py took 0.170 seconds
[2025-11-23T12:28:13.940+0000] {processor.py:154} INFO - Started process (PID=1661) to work on /opt/airflow/dags/example_bash_dag.py
[2025-11-23T12:28:13.942+0000] {processor.py:756} INFO - Processing file /opt/airflow/dags/example_bash_dag.py for tasks to queue
[2025-11-23T12:28:13.944+0000] {logging_mixin.py:120} INFO - [2025-11-23T12:28:13.943+0000] {dagbag.py:537} INFO - Filling up the DagBag from /opt/airflow/dags/example_bash_dag.py
[2025-11-23T12:28:14.010+0000] {processor.py:766} INFO - DAG(s) dict_keys(['example_bash_dag']) retrieved from /opt/airflow/dags/example_bash_dag.py
[2025-11-23T12:28:14.098+0000] {logging_mixin.py:120} INFO - [2025-11-23T12:28:14.098+0000] {dag.py:2585} INFO - Sync 1 DAGs
[2025-11-23T12:28:14.159+0000] {logging_mixin.py:120} INFO - [2025-11-23T12:28:14.158+0000] {dag.py:3340} INFO - Setting next_dagrun for example_bash_dag to 2025-11-23T00:00:00+00:00, run_after=2025-11-24T00:00:00+00:00
[2025-11-23T12:28:14.201+0000] {processor.py:176} INFO - Processing /opt/airflow/dags/example_bash_dag.py took 0.278 seconds
[2025-11-23T12:28:44.490+0000] {processor.py:154} INFO - Started process (PID=1686) to work on /opt/airflow/dags/example_bash_dag.py
[2025-11-23T12:28:44.492+0000] {processor.py:756} INFO - Processing file /opt/airflow/dags/example_bash_dag.py for tasks to queue
[2025-11-23T12:28:44.494+0000] {logging_mixin.py:120} INFO - [2025-11-23T12:28:44.494+0000] {dagbag.py:537} INFO - Filling up the DagBag from /opt/airflow/dags/example_bash_dag.py
[2025-11-23T12:28:44.539+0000] {processor.py:766} INFO - DAG(s) dict_keys(['example_bash_dag']) retrieved from /opt/airflow/dags/example_bash_dag.py
[2025-11-23T12:28:44.589+0000] {logging_mixin.py:120} INFO - [2025-11-23T12:28:44.589+0000] {dag.py:2585} INFO - Sync 1 DAGs
[2025-11-23T12:28:44.620+0000] {logging_mixin.py:120} INFO - [2025-11-23T12:28:44.619+0000] {dag.py:3340} INFO - Setting next_dagrun for example_bash_dag to 2025-11-23T00:00:00+00:00, run_after=2025-11-24T00:00:00+00:00
[2025-11-23T12:28:44.647+0000] {processor.py:176} INFO - Processing /opt/airflow/dags/example_bash_dag.py took 0.166 seconds
[2025-11-23T12:29:15.084+0000] {processor.py:154} INFO - Started process (PID=1721) to work on /opt/airflow/dags/example_bash_dag.py
[2025-11-23T12:29:15.086+0000] {processor.py:756} INFO - Processing file /opt/airflow/dags/example_bash_dag.py for tasks to queue
[2025-11-23T12:29:15.090+0000] {logging_mixin.py:120} INFO - [2025-11-23T12:29:15.090+0000] {dagbag.py:537} INFO - Filling up the DagBag from /opt/airflow/dags/example_bash_dag.py
[2025-11-23T12:29:15.131+0000] {processor.py:766} INFO - DAG(s) dict_keys(['example_bash_dag']) retrieved from /opt/airflow/dags/example_bash_dag.py
[2025-11-23T12:29:15.199+0000] {logging_mixin.py:120} INFO - [2025-11-23T12:29:15.198+0000] {dag.py:2585} INFO - Sync 1 DAGs
[2025-11-23T12:29:15.262+0000] {logging_mixin.py:120} INFO - [2025-11-23T12:29:15.262+0000] {dag.py:3340} INFO - Setting next_dagrun for example_bash_dag to 2025-11-23T00:00:00+00:00, run_after=2025-11-24T00:00:00+00:00
[2025-11-23T12:29:15.293+0000] {processor.py:176} INFO - Processing /opt/airflow/dags/example_bash_dag.py took 0.215 seconds
[2025-11-23T12:29:45.470+0000] {processor.py:154} INFO - Started process (PID=1747) to work on /opt/airflow/dags/example_bash_dag.py
[2025-11-23T12:29:45.471+0000] {processor.py:756} INFO - Processing file /opt/airflow/dags/example_bash_dag.py for tasks to queue
[2025-11-23T12:29:45.472+0000] {logging_mixin.py:120} INFO - [2025-11-23T12:29:45.472+0000] {dagbag.py:537} INFO - Filling up the DagBag from /opt/airflow/dags/example_bash_dag.py
[2025-11-23T12:29:45.502+0000] {processor.py:766} INFO - DAG(s) dict_keys(['example_bash_dag']) retrieved from /opt/airflow/dags/example_bash_dag.py
[2025-11-23T12:29:45.550+0000] {logging_mixin.py:120} INFO - [2025-11-23T12:29:45.549+0000] {dag.py:2585} INFO - Sync 1 DAGs
[2025-11-23T12:29:45.582+0000] {logging_mixin.py:120} INFO - [2025-11-23T12:29:45.582+0000] {dag.py:3340} INFO - Setting next_dagrun for example_bash_dag to 2025-11-23T00:00:00+00:00, run_after=2025-11-24T00:00:00+00:00
[2025-11-23T12:29:45.620+0000] {processor.py:176} INFO - Processing /opt/airflow/dags/example_bash_dag.py took 0.157 seconds
[2025-11-23T12:30:15.738+0000] {processor.py:154} INFO - Started process (PID=1782) to work on /opt/airflow/dags/example_bash_dag.py
[2025-11-23T12:30:15.740+0000] {processor.py:756} INFO - Processing file /opt/airflow/dags/example_bash_dag.py for tasks to queue
[2025-11-23T12:30:15.746+0000] {logging_mixin.py:120} INFO - [2025-11-23T12:30:15.745+0000] {dagbag.py:537} INFO - Filling up the DagBag from /opt/airflow/dags/example_bash_dag.py
[2025-11-23T12:30:15.786+0000] {processor.py:766} INFO - DAG(s) dict_keys(['example_bash_dag']) retrieved from /opt/airflow/dags/example_bash_dag.py
[2025-11-23T12:30:15.851+0000] {logging_mixin.py:120} INFO - [2025-11-23T12:30:15.850+0000] {dag.py:2585} INFO - Sync 1 DAGs
[2025-11-23T12:30:15.891+0000] {logging_mixin.py:120} INFO - [2025-11-23T12:30:15.891+0000] {dag.py:3340} INFO - Setting next_dagrun for example_bash_dag to 2025-11-23T00:00:00+00:00, run_after=2025-11-24T00:00:00+00:00
[2025-11-23T12:30:15.932+0000] {processor.py:176} INFO - Processing /opt/airflow/dags/example_bash_dag.py took 0.197 seconds
[2025-11-23T12:30:46.046+0000] {processor.py:154} INFO - Started process (PID=1809) to work on /opt/airflow/dags/example_bash_dag.py
[2025-11-23T12:30:46.048+0000] {processor.py:756} INFO - Processing file /opt/airflow/dags/example_bash_dag.py for tasks to queue
[2025-11-23T12:30:46.049+0000] {logging_mixin.py:120} INFO - [2025-11-23T12:30:46.049+0000] {dagbag.py:537} INFO - Filling up the DagBag from /opt/airflow/dags/example_bash_dag.py
[2025-11-23T12:30:46.103+0000] {processor.py:766} INFO - DAG(s) dict_keys(['example_bash_dag']) retrieved from /opt/airflow/dags/example_bash_dag.py
[2025-11-23T12:30:46.213+0000] {logging_mixin.py:120} INFO - [2025-11-23T12:30:46.212+0000] {dag.py:2585} INFO - Sync 1 DAGs
[2025-11-23T12:30:46.266+0000] {logging_mixin.py:120} INFO - [2025-11-23T12:30:46.266+0000] {dag.py:3340} INFO - Setting next_dagrun for example_bash_dag to 2025-11-23T00:00:00+00:00, run_after=2025-11-24T00:00:00+00:00
[2025-11-23T12:30:46.307+0000] {processor.py:176} INFO - Processing /opt/airflow/dags/example_bash_dag.py took 0.268 seconds
[2025-11-23T12:31:16.719+0000] {processor.py:154} INFO - Started process (PID=1844) to work on /opt/airflow/dags/example_bash_dag.py
[2025-11-23T12:31:16.721+0000] {processor.py:756} INFO - Processing file /opt/airflow/dags/example_bash_dag.py for tasks to queue
[2025-11-23T12:31:16.722+0000] {logging_mixin.py:120} INFO - [2025-11-23T12:31:16.721+0000] {dagbag.py:537} INFO - Filling up the DagBag from /opt/airflow/dags/example_bash_dag.py
[2025-11-23T12:31:16.756+0000] {processor.py:766} INFO - DAG(s) dict_keys(['example_bash_dag']) retrieved from /opt/airflow/dags/example_bash_dag.py
[2025-11-23T12:31:16.816+0000] {logging_mixin.py:120} INFO - [2025-11-23T12:31:16.816+0000] {dag.py:2585} INFO - Sync 1 DAGs
[2025-11-23T12:31:16.917+0000] {logging_mixin.py:120} INFO - [2025-11-23T12:31:16.917+0000] {dag.py:3340} INFO - Setting next_dagrun for example_bash_dag to 2025-11-23T00:00:00+00:00, run_after=2025-11-24T00:00:00+00:00
[2025-11-23T12:31:17.025+0000] {processor.py:176} INFO - Processing /opt/airflow/dags/example_bash_dag.py took 0.312 seconds
[2025-11-23T12:31:47.530+0000] {processor.py:154} INFO - Started process (PID=1870) to work on /opt/airflow/dags/example_bash_dag.py
[2025-11-23T12:31:47.531+0000] {processor.py:756} INFO - Processing file /opt/airflow/dags/example_bash_dag.py for tasks to queue
[2025-11-23T12:31:47.537+0000] {logging_mixin.py:120} INFO - [2025-11-23T12:31:47.536+0000] {dagbag.py:537} INFO - Filling up the DagBag from /opt/airflow/dags/example_bash_dag.py
[2025-11-23T12:31:47.620+0000] {processor.py:766} INFO - DAG(s) dict_keys(['example_bash_dag']) retrieved from /opt/airflow/dags/example_bash_dag.py
[2025-11-23T12:31:47.779+0000] {logging_mixin.py:120} INFO - [2025-11-23T12:31:47.778+0000] {dag.py:2585} INFO - Sync 1 DAGs
[2025-11-23T12:31:47.944+0000] {logging_mixin.py:120} INFO - [2025-11-23T12:31:47.944+0000] {dag.py:3340} INFO - Setting next_dagrun for example_bash_dag to 2025-11-23T00:00:00+00:00, run_after=2025-11-24T00:00:00+00:00
[2025-11-23T12:31:48.062+0000] {processor.py:176} INFO - Processing /opt/airflow/dags/example_bash_dag.py took 0.538 seconds
[2025-11-23T12:32:18.606+0000] {processor.py:154} INFO - Started process (PID=1905) to work on /opt/airflow/dags/example_bash_dag.py
[2025-11-23T12:32:18.607+0000] {processor.py:756} INFO - Processing file /opt/airflow/dags/example_bash_dag.py for tasks to queue
[2025-11-23T12:32:18.608+0000] {logging_mixin.py:120} INFO - [2025-11-23T12:32:18.608+0000] {dagbag.py:537} INFO - Filling up the DagBag from /opt/airflow/dags/example_bash_dag.py
[2025-11-23T12:32:18.642+0000] {processor.py:766} INFO - DAG(s) dict_keys(['example_bash_dag']) retrieved from /opt/airflow/dags/example_bash_dag.py
[2025-11-23T12:32:18.717+0000] {logging_mixin.py:120} INFO - [2025-11-23T12:32:18.717+0000] {dag.py:2585} INFO - Sync 1 DAGs
[2025-11-23T12:32:18.798+0000] {logging_mixin.py:120} INFO - [2025-11-23T12:32:18.797+0000] {dag.py:3340} INFO - Setting next_dagrun for example_bash_dag to 2025-11-23T00:00:00+00:00, run_after=2025-11-24T00:00:00+00:00
[2025-11-23T12:32:18.938+0000] {processor.py:176} INFO - Processing /opt/airflow/dags/example_bash_dag.py took 0.338 seconds
[2025-11-23T12:32:49.288+0000] {processor.py:154} INFO - Started process (PID=1930) to work on /opt/airflow/dags/example_bash_dag.py
[2025-11-23T12:32:49.290+0000] {processor.py:756} INFO - Processing file /opt/airflow/dags/example_bash_dag.py for tasks to queue
[2025-11-23T12:32:49.291+0000] {logging_mixin.py:120} INFO - [2025-11-23T12:32:49.291+0000] {dagbag.py:537} INFO - Filling up the DagBag from /opt/airflow/dags/example_bash_dag.py
[2025-11-23T12:32:49.329+0000] {processor.py:766} INFO - DAG(s) dict_keys(['example_bash_dag']) retrieved from /opt/airflow/dags/example_bash_dag.py
[2025-11-23T12:32:49.402+0000] {logging_mixin.py:120} INFO - [2025-11-23T12:32:49.402+0000] {dag.py:2585} INFO - Sync 1 DAGs
[2025-11-23T12:32:49.439+0000] {logging_mixin.py:120} INFO - [2025-11-23T12:32:49.438+0000] {dag.py:3340} INFO - Setting next_dagrun for example_bash_dag to 2025-11-23T00:00:00+00:00, run_after=2025-11-24T00:00:00+00:00
[2025-11-23T12:32:49.478+0000] {processor.py:176} INFO - Processing /opt/airflow/dags/example_bash_dag.py took 0.198 seconds
[2025-11-23T12:33:19.553+0000] {processor.py:154} INFO - Started process (PID=1965) to work on /opt/airflow/dags/example_bash_dag.py
[2025-11-23T12:33:19.556+0000] {processor.py:756} INFO - Processing file /opt/airflow/dags/example_bash_dag.py for tasks to queue
[2025-11-23T12:33:19.558+0000] {logging_mixin.py:120} INFO - [2025-11-23T12:33:19.557+0000] {dagbag.py:537} INFO - Filling up the DagBag from /opt/airflow/dags/example_bash_dag.py
[2025-11-23T12:33:19.608+0000] {processor.py:766} INFO - DAG(s) dict_keys(['example_bash_dag']) retrieved from /opt/airflow/dags/example_bash_dag.py
[2025-11-23T12:33:19.687+0000] {logging_mixin.py:120} INFO - [2025-11-23T12:33:19.687+0000] {dag.py:2585} INFO - Sync 1 DAGs
[2025-11-23T12:33:19.735+0000] {logging_mixin.py:120} INFO - [2025-11-23T12:33:19.735+0000] {dag.py:3340} INFO - Setting next_dagrun for example_bash_dag to 2025-11-23T00:00:00+00:00, run_after=2025-11-24T00:00:00+00:00
[2025-11-23T12:33:19.768+0000] {processor.py:176} INFO - Processing /opt/airflow/dags/example_bash_dag.py took 0.220 seconds
[2025-11-23T12:33:50.051+0000] {processor.py:154} INFO - Started process (PID=1991) to work on /opt/airflow/dags/example_bash_dag.py
[2025-11-23T12:33:50.053+0000] {processor.py:756} INFO - Processing file /opt/airflow/dags/example_bash_dag.py for tasks to queue
[2025-11-23T12:33:50.055+0000] {logging_mixin.py:120} INFO - [2025-11-23T12:33:50.054+0000] {dagbag.py:537} INFO - Filling up the DagBag from /opt/airflow/dags/example_bash_dag.py
[2025-11-23T12:33:50.092+0000] {processor.py:766} INFO - DAG(s) dict_keys(['example_bash_dag']) retrieved from /opt/airflow/dags/example_bash_dag.py
[2025-11-23T12:33:50.148+0000] {logging_mixin.py:120} INFO - [2025-11-23T12:33:50.148+0000] {dag.py:2585} INFO - Sync 1 DAGs
[2025-11-23T12:33:50.190+0000] {logging_mixin.py:120} INFO - [2025-11-23T12:33:50.189+0000] {dag.py:3340} INFO - Setting next_dagrun for example_bash_dag to 2025-11-23T00:00:00+00:00, run_after=2025-11-24T00:00:00+00:00
[2025-11-23T12:33:50.218+0000] {processor.py:176} INFO - Processing /opt/airflow/dags/example_bash_dag.py took 0.173 seconds
[2025-11-23T12:34:20.510+0000] {processor.py:154} INFO - Started process (PID=2027) to work on /opt/airflow/dags/example_bash_dag.py
[2025-11-23T12:34:20.513+0000] {processor.py:756} INFO - Processing file /opt/airflow/dags/example_bash_dag.py for tasks to queue
[2025-11-23T12:34:20.514+0000] {logging_mixin.py:120} INFO - [2025-11-23T12:34:20.514+0000] {dagbag.py:537} INFO - Filling up the DagBag from /opt/airflow/dags/example_bash_dag.py
[2025-11-23T12:34:20.549+0000] {processor.py:766} INFO - DAG(s) dict_keys(['example_bash_dag']) retrieved from /opt/airflow/dags/example_bash_dag.py
[2025-11-23T12:34:20.619+0000] {logging_mixin.py:120} INFO - [2025-11-23T12:34:20.619+0000] {dag.py:2585} INFO - Sync 1 DAGs
[2025-11-23T12:34:20.665+0000] {logging_mixin.py:120} INFO - [2025-11-23T12:34:20.665+0000] {dag.py:3340} INFO - Setting next_dagrun for example_bash_dag to 2025-11-23T00:00:00+00:00, run_after=2025-11-24T00:00:00+00:00
[2025-11-23T12:34:20.702+0000] {processor.py:176} INFO - Processing /opt/airflow/dags/example_bash_dag.py took 0.194 seconds
[2025-11-23T12:34:50.938+0000] {processor.py:154} INFO - Started process (PID=2062) to work on /opt/airflow/dags/example_bash_dag.py
[2025-11-23T12:34:50.940+0000] {processor.py:756} INFO - Processing file /opt/airflow/dags/example_bash_dag.py for tasks to queue
[2025-11-23T12:34:50.941+0000] {logging_mixin.py:120} INFO - [2025-11-23T12:34:50.941+0000] {dagbag.py:537} INFO - Filling up the DagBag from /opt/airflow/dags/example_bash_dag.py
[2025-11-23T12:34:50.997+0000] {processor.py:766} INFO - DAG(s) dict_keys(['example_bash_dag']) retrieved from /opt/airflow/dags/example_bash_dag.py
[2025-11-23T12:34:51.136+0000] {logging_mixin.py:120} INFO - [2025-11-23T12:34:51.136+0000] {dag.py:2585} INFO - Sync 1 DAGs
[2025-11-23T12:34:51.200+0000] {logging_mixin.py:120} INFO - [2025-11-23T12:34:51.200+0000] {dag.py:3340} INFO - Setting next_dagrun for example_bash_dag to 2025-11-23T00:00:00+00:00, run_after=2025-11-24T00:00:00+00:00
[2025-11-23T12:34:51.244+0000] {processor.py:176} INFO - Processing /opt/airflow/dags/example_bash_dag.py took 0.323 seconds
[2025-11-23T12:35:21.471+0000] {processor.py:154} INFO - Started process (PID=2089) to work on /opt/airflow/dags/example_bash_dag.py
[2025-11-23T12:35:21.473+0000] {processor.py:756} INFO - Processing file /opt/airflow/dags/example_bash_dag.py for tasks to queue
[2025-11-23T12:35:21.483+0000] {logging_mixin.py:120} INFO - [2025-11-23T12:35:21.481+0000] {dagbag.py:537} INFO - Filling up the DagBag from /opt/airflow/dags/example_bash_dag.py
[2025-11-23T12:35:21.579+0000] {processor.py:766} INFO - DAG(s) dict_keys(['example_bash_dag']) retrieved from /opt/airflow/dags/example_bash_dag.py
[2025-11-23T12:35:21.756+0000] {logging_mixin.py:120} INFO - [2025-11-23T12:35:21.755+0000] {dag.py:2585} INFO - Sync 1 DAGs
[2025-11-23T12:35:21.908+0000] {logging_mixin.py:120} INFO - [2025-11-23T12:35:21.907+0000] {dag.py:3340} INFO - Setting next_dagrun for example_bash_dag to 2025-11-23T00:00:00+00:00, run_after=2025-11-24T00:00:00+00:00
[2025-11-23T12:35:21.989+0000] {processor.py:176} INFO - Processing /opt/airflow/dags/example_bash_dag.py took 0.524 seconds
[2025-11-23T12:35:52.230+0000] {processor.py:154} INFO - Started process (PID=2125) to work on /opt/airflow/dags/example_bash_dag.py
[2025-11-23T12:35:52.231+0000] {processor.py:756} INFO - Processing file /opt/airflow/dags/example_bash_dag.py for tasks to queue
[2025-11-23T12:35:52.235+0000] {logging_mixin.py:120} INFO - [2025-11-23T12:35:52.235+0000] {dagbag.py:537} INFO - Filling up the DagBag from /opt/airflow/dags/example_bash_dag.py
[2025-11-23T12:35:52.273+0000] {processor.py:766} INFO - DAG(s) dict_keys(['example_bash_dag']) retrieved from /opt/airflow/dags/example_bash_dag.py
[2025-11-23T12:35:52.361+0000] {logging_mixin.py:120} INFO - [2025-11-23T12:35:52.361+0000] {dag.py:2585} INFO - Sync 1 DAGs
[2025-11-23T12:35:52.420+0000] {logging_mixin.py:120} INFO - [2025-11-23T12:35:52.419+0000] {dag.py:3340} INFO - Setting next_dagrun for example_bash_dag to 2025-11-23T00:00:00+00:00, run_after=2025-11-24T00:00:00+00:00
[2025-11-23T12:35:52.450+0000] {processor.py:176} INFO - Processing /opt/airflow/dags/example_bash_dag.py took 0.225 seconds
[2025-11-23T12:36:22.591+0000] {processor.py:154} INFO - Started process (PID=2150) to work on /opt/airflow/dags/example_bash_dag.py
[2025-11-23T12:36:22.592+0000] {processor.py:756} INFO - Processing file /opt/airflow/dags/example_bash_dag.py for tasks to queue
[2025-11-23T12:36:22.593+0000] {logging_mixin.py:120} INFO - [2025-11-23T12:36:22.593+0000] {dagbag.py:537} INFO - Filling up the DagBag from /opt/airflow/dags/example_bash_dag.py
[2025-11-23T12:36:22.646+0000] {processor.py:766} INFO - DAG(s) dict_keys(['example_bash_dag']) retrieved from /opt/airflow/dags/example_bash_dag.py
[2025-11-23T12:36:22.749+0000] {logging_mixin.py:120} INFO - [2025-11-23T12:36:22.748+0000] {dag.py:2585} INFO - Sync 1 DAGs
[2025-11-23T12:36:22.789+0000] {logging_mixin.py:120} INFO - [2025-11-23T12:36:22.789+0000] {dag.py:3340} INFO - Setting next_dagrun for example_bash_dag to 2025-11-23T00:00:00+00:00, run_after=2025-11-24T00:00:00+00:00
[2025-11-23T12:36:22.830+0000] {processor.py:176} INFO - Processing /opt/airflow/dags/example_bash_dag.py took 0.245 seconds
[2025-11-23T12:36:53.000+0000] {processor.py:154} INFO - Started process (PID=2185) to work on /opt/airflow/dags/example_bash_dag.py
[2025-11-23T12:36:53.003+0000] {processor.py:756} INFO - Processing file /opt/airflow/dags/example_bash_dag.py for tasks to queue
[2025-11-23T12:36:53.004+0000] {logging_mixin.py:120} INFO - [2025-11-23T12:36:53.004+0000] {dagbag.py:537} INFO - Filling up the DagBag from /opt/airflow/dags/example_bash_dag.py
[2025-11-23T12:36:53.036+0000] {processor.py:766} INFO - DAG(s) dict_keys(['example_bash_dag']) retrieved from /opt/airflow/dags/example_bash_dag.py
[2025-11-23T12:36:53.103+0000] {logging_mixin.py:120} INFO - [2025-11-23T12:36:53.103+0000] {dag.py:2585} INFO - Sync 1 DAGs
[2025-11-23T12:36:53.155+0000] {logging_mixin.py:120} INFO - [2025-11-23T12:36:53.154+0000] {dag.py:3340} INFO - Setting next_dagrun for example_bash_dag to 2025-11-23T00:00:00+00:00, run_after=2025-11-24T00:00:00+00:00
[2025-11-23T12:36:53.214+0000] {processor.py:176} INFO - Processing /opt/airflow/dags/example_bash_dag.py took 0.218 seconds
[2025-11-23T12:37:23.948+0000] {processor.py:154} INFO - Started process (PID=2211) to work on /opt/airflow/dags/example_bash_dag.py
[2025-11-23T12:37:23.949+0000] {processor.py:756} INFO - Processing file /opt/airflow/dags/example_bash_dag.py for tasks to queue
[2025-11-23T12:37:23.951+0000] {logging_mixin.py:120} INFO - [2025-11-23T12:37:23.951+0000] {dagbag.py:537} INFO - Filling up the DagBag from /opt/airflow/dags/example_bash_dag.py
[2025-11-23T12:37:23.992+0000] {processor.py:766} INFO - DAG(s) dict_keys(['example_bash_dag']) retrieved from /opt/airflow/dags/example_bash_dag.py
[2025-11-23T12:37:24.062+0000] {logging_mixin.py:120} INFO - [2025-11-23T12:37:24.061+0000] {dag.py:2585} INFO - Sync 1 DAGs
[2025-11-23T12:37:24.100+0000] {logging_mixin.py:120} INFO - [2025-11-23T12:37:24.100+0000] {dag.py:3340} INFO - Setting next_dagrun for example_bash_dag to 2025-11-23T00:00:00+00:00, run_after=2025-11-24T00:00:00+00:00
[2025-11-23T12:37:24.136+0000] {processor.py:176} INFO - Processing /opt/airflow/dags/example_bash_dag.py took 0.193 seconds
[2025-11-23T12:37:54.559+0000] {processor.py:154} INFO - Started process (PID=2245) to work on /opt/airflow/dags/example_bash_dag.py
[2025-11-23T12:37:54.569+0000] {processor.py:756} INFO - Processing file /opt/airflow/dags/example_bash_dag.py for tasks to queue
[2025-11-23T12:37:54.573+0000] {logging_mixin.py:120} INFO - [2025-11-23T12:37:54.572+0000] {dagbag.py:537} INFO - Filling up the DagBag from /opt/airflow/dags/example_bash_dag.py
[2025-11-23T12:37:54.706+0000] {processor.py:766} INFO - DAG(s) dict_keys(['example_bash_dag']) retrieved from /opt/airflow/dags/example_bash_dag.py
[2025-11-23T12:37:54.864+0000] {logging_mixin.py:120} INFO - [2025-11-23T12:37:54.863+0000] {dag.py:2585} INFO - Sync 1 DAGs
[2025-11-23T12:37:54.962+0000] {logging_mixin.py:120} INFO - [2025-11-23T12:37:54.962+0000] {dag.py:3340} INFO - Setting next_dagrun for example_bash_dag to 2025-11-23T00:00:00+00:00, run_after=2025-11-24T00:00:00+00:00
[2025-11-23T12:37:55.013+0000] {processor.py:176} INFO - Processing /opt/airflow/dags/example_bash_dag.py took 0.474 seconds
[2025-11-23T12:38:25.234+0000] {processor.py:154} INFO - Started process (PID=2280) to work on /opt/airflow/dags/example_bash_dag.py
[2025-11-23T12:38:25.236+0000] {processor.py:756} INFO - Processing file /opt/airflow/dags/example_bash_dag.py for tasks to queue
[2025-11-23T12:38:25.238+0000] {logging_mixin.py:120} INFO - [2025-11-23T12:38:25.237+0000] {dagbag.py:537} INFO - Filling up the DagBag from /opt/airflow/dags/example_bash_dag.py
[2025-11-23T12:38:25.280+0000] {processor.py:766} INFO - DAG(s) dict_keys(['example_bash_dag']) retrieved from /opt/airflow/dags/example_bash_dag.py
[2025-11-23T12:38:25.347+0000] {logging_mixin.py:120} INFO - [2025-11-23T12:38:25.346+0000] {dag.py:2585} INFO - Sync 1 DAGs
[2025-11-23T12:38:25.405+0000] {logging_mixin.py:120} INFO - [2025-11-23T12:38:25.404+0000] {dag.py:3340} INFO - Setting next_dagrun for example_bash_dag to 2025-11-23T00:00:00+00:00, run_after=2025-11-24T00:00:00+00:00
[2025-11-23T12:38:25.446+0000] {processor.py:176} INFO - Processing /opt/airflow/dags/example_bash_dag.py took 0.218 seconds
[2025-11-23T12:38:55.812+0000] {processor.py:154} INFO - Started process (PID=2305) to work on /opt/airflow/dags/example_bash_dag.py
[2025-11-23T12:38:55.814+0000] {processor.py:756} INFO - Processing file /opt/airflow/dags/example_bash_dag.py for tasks to queue
[2025-11-23T12:38:55.816+0000] {logging_mixin.py:120} INFO - [2025-11-23T12:38:55.815+0000] {dagbag.py:537} INFO - Filling up the DagBag from /opt/airflow/dags/example_bash_dag.py
[2025-11-23T12:38:55.857+0000] {processor.py:766} INFO - DAG(s) dict_keys(['example_bash_dag']) retrieved from /opt/airflow/dags/example_bash_dag.py
[2025-11-23T12:38:55.931+0000] {logging_mixin.py:120} INFO - [2025-11-23T12:38:55.931+0000] {dag.py:2585} INFO - Sync 1 DAGs
[2025-11-23T12:38:55.972+0000] {logging_mixin.py:120} INFO - [2025-11-23T12:38:55.972+0000] {dag.py:3340} INFO - Setting next_dagrun for example_bash_dag to 2025-11-23T00:00:00+00:00, run_after=2025-11-24T00:00:00+00:00
[2025-11-23T12:38:56.008+0000] {processor.py:176} INFO - Processing /opt/airflow/dags/example_bash_dag.py took 0.202 seconds
[2025-11-23T12:39:26.404+0000] {processor.py:154} INFO - Started process (PID=2339) to work on /opt/airflow/dags/example_bash_dag.py
[2025-11-23T12:39:26.407+0000] {processor.py:756} INFO - Processing file /opt/airflow/dags/example_bash_dag.py for tasks to queue
[2025-11-23T12:39:26.410+0000] {logging_mixin.py:120} INFO - [2025-11-23T12:39:26.409+0000] {dagbag.py:537} INFO - Filling up the DagBag from /opt/airflow/dags/example_bash_dag.py
[2025-11-23T12:39:26.470+0000] {processor.py:766} INFO - DAG(s) dict_keys(['example_bash_dag']) retrieved from /opt/airflow/dags/example_bash_dag.py
[2025-11-23T12:39:26.569+0000] {logging_mixin.py:120} INFO - [2025-11-23T12:39:26.568+0000] {dag.py:2585} INFO - Sync 1 DAGs
[2025-11-23T12:39:26.636+0000] {logging_mixin.py:120} INFO - [2025-11-23T12:39:26.635+0000] {dag.py:3340} INFO - Setting next_dagrun for example_bash_dag to 2025-11-23T00:00:00+00:00, run_after=2025-11-24T00:00:00+00:00
[2025-11-23T12:39:26.696+0000] {processor.py:176} INFO - Processing /opt/airflow/dags/example_bash_dag.py took 0.303 seconds
[2025-11-23T12:39:57.439+0000] {processor.py:154} INFO - Started process (PID=2365) to work on /opt/airflow/dags/example_bash_dag.py
[2025-11-23T12:39:57.440+0000] {processor.py:756} INFO - Processing file /opt/airflow/dags/example_bash_dag.py for tasks to queue
[2025-11-23T12:39:57.441+0000] {logging_mixin.py:120} INFO - [2025-11-23T12:39:57.441+0000] {dagbag.py:537} INFO - Filling up the DagBag from /opt/airflow/dags/example_bash_dag.py
[2025-11-23T12:39:57.473+0000] {processor.py:766} INFO - DAG(s) dict_keys(['example_bash_dag']) retrieved from /opt/airflow/dags/example_bash_dag.py
[2025-11-23T12:39:57.528+0000] {logging_mixin.py:120} INFO - [2025-11-23T12:39:57.528+0000] {dag.py:2585} INFO - Sync 1 DAGs
[2025-11-23T12:39:57.565+0000] {logging_mixin.py:120} INFO - [2025-11-23T12:39:57.565+0000] {dag.py:3340} INFO - Setting next_dagrun for example_bash_dag to 2025-11-23T00:00:00+00:00, run_after=2025-11-24T00:00:00+00:00
[2025-11-23T12:39:57.603+0000] {processor.py:176} INFO - Processing /opt/airflow/dags/example_bash_dag.py took 0.168 seconds
[2025-11-23T12:40:28.202+0000] {processor.py:154} INFO - Started process (PID=2399) to work on /opt/airflow/dags/example_bash_dag.py
[2025-11-23T12:40:28.204+0000] {processor.py:756} INFO - Processing file /opt/airflow/dags/example_bash_dag.py for tasks to queue
[2025-11-23T12:40:28.205+0000] {logging_mixin.py:120} INFO - [2025-11-23T12:40:28.205+0000] {dagbag.py:537} INFO - Filling up the DagBag from /opt/airflow/dags/example_bash_dag.py
[2025-11-23T12:40:28.297+0000] {processor.py:766} INFO - DAG(s) dict_keys(['example_bash_dag']) retrieved from /opt/airflow/dags/example_bash_dag.py
[2025-11-23T12:40:28.430+0000] {logging_mixin.py:120} INFO - [2025-11-23T12:40:28.430+0000] {dag.py:2585} INFO - Sync 1 DAGs
[2025-11-23T12:40:28.508+0000] {logging_mixin.py:120} INFO - [2025-11-23T12:40:28.507+0000] {dag.py:3340} INFO - Setting next_dagrun for example_bash_dag to 2025-11-23T00:00:00+00:00, run_after=2025-11-24T00:00:00+00:00
[2025-11-23T12:40:28.592+0000] {processor.py:176} INFO - Processing /opt/airflow/dags/example_bash_dag.py took 0.404 seconds
[2025-11-23T12:40:59.327+0000] {processor.py:154} INFO - Started process (PID=2435) to work on /opt/airflow/dags/example_bash_dag.py
[2025-11-23T12:40:59.330+0000] {processor.py:756} INFO - Processing file /opt/airflow/dags/example_bash_dag.py for tasks to queue
[2025-11-23T12:40:59.332+0000] {logging_mixin.py:120} INFO - [2025-11-23T12:40:59.332+0000] {dagbag.py:537} INFO - Filling up the DagBag from /opt/airflow/dags/example_bash_dag.py
[2025-11-23T12:40:59.382+0000] {processor.py:766} INFO - DAG(s) dict_keys(['example_bash_dag']) retrieved from /opt/airflow/dags/example_bash_dag.py
[2025-11-23T12:40:59.508+0000] {logging_mixin.py:120} INFO - [2025-11-23T12:40:59.508+0000] {dag.py:2585} INFO - Sync 1 DAGs
[2025-11-23T12:40:59.566+0000] {logging_mixin.py:120} INFO - [2025-11-23T12:40:59.565+0000] {dag.py:3340} INFO - Setting next_dagrun for example_bash_dag to 2025-11-23T00:00:00+00:00, run_after=2025-11-24T00:00:00+00:00
[2025-11-23T12:40:59.606+0000] {processor.py:176} INFO - Processing /opt/airflow/dags/example_bash_dag.py took 0.282 seconds
[2025-11-23T12:41:30.451+0000] {processor.py:154} INFO - Started process (PID=2461) to work on /opt/airflow/dags/example_bash_dag.py
[2025-11-23T12:41:30.454+0000] {processor.py:756} INFO - Processing file /opt/airflow/dags/example_bash_dag.py for tasks to queue
[2025-11-23T12:41:30.469+0000] {logging_mixin.py:120} INFO - [2025-11-23T12:41:30.466+0000] {dagbag.py:537} INFO - Filling up the DagBag from /opt/airflow/dags/example_bash_dag.py
[2025-11-23T12:41:30.551+0000] {processor.py:766} INFO - DAG(s) dict_keys(['example_bash_dag']) retrieved from /opt/airflow/dags/example_bash_dag.py
[2025-11-23T12:41:30.635+0000] {logging_mixin.py:120} INFO - [2025-11-23T12:41:30.635+0000] {dag.py:2585} INFO - Sync 1 DAGs
[2025-11-23T12:41:30.674+0000] {logging_mixin.py:120} INFO - [2025-11-23T12:41:30.674+0000] {dag.py:3340} INFO - Setting next_dagrun for example_bash_dag to 2025-11-23T00:00:00+00:00, run_after=2025-11-24T00:00:00+00:00
[2025-11-23T12:41:30.746+0000] {processor.py:176} INFO - Processing /opt/airflow/dags/example_bash_dag.py took 0.304 seconds
[2025-11-23T12:42:01.403+0000] {processor.py:154} INFO - Started process (PID=2495) to work on /opt/airflow/dags/example_bash_dag.py
[2025-11-23T12:42:01.405+0000] {processor.py:756} INFO - Processing file /opt/airflow/dags/example_bash_dag.py for tasks to queue
[2025-11-23T12:42:01.408+0000] {logging_mixin.py:120} INFO - [2025-11-23T12:42:01.407+0000] {dagbag.py:537} INFO - Filling up the DagBag from /opt/airflow/dags/example_bash_dag.py
[2025-11-23T12:42:01.573+0000] {processor.py:766} INFO - DAG(s) dict_keys(['example_bash_dag']) retrieved from /opt/airflow/dags/example_bash_dag.py
[2025-11-23T12:42:01.747+0000] {logging_mixin.py:120} INFO - [2025-11-23T12:42:01.747+0000] {dag.py:2585} INFO - Sync 1 DAGs
[2025-11-23T12:42:01.833+0000] {logging_mixin.py:120} INFO - [2025-11-23T12:42:01.832+0000] {dag.py:3340} INFO - Setting next_dagrun for example_bash_dag to 2025-11-23T00:00:00+00:00, run_after=2025-11-24T00:00:00+00:00
[2025-11-23T12:42:01.906+0000] {processor.py:176} INFO - Processing /opt/airflow/dags/example_bash_dag.py took 0.516 seconds
[2025-11-23T12:42:31.999+0000] {processor.py:154} INFO - Started process (PID=2521) to work on /opt/airflow/dags/example_bash_dag.py
[2025-11-23T12:42:32.001+0000] {processor.py:756} INFO - Processing file /opt/airflow/dags/example_bash_dag.py for tasks to queue
[2025-11-23T12:42:32.002+0000] {logging_mixin.py:120} INFO - [2025-11-23T12:42:32.002+0000] {dagbag.py:537} INFO - Filling up the DagBag from /opt/airflow/dags/example_bash_dag.py
[2025-11-23T12:42:32.055+0000] {processor.py:766} INFO - DAG(s) dict_keys(['example_bash_dag']) retrieved from /opt/airflow/dags/example_bash_dag.py
[2025-11-23T12:42:32.124+0000] {logging_mixin.py:120} INFO - [2025-11-23T12:42:32.124+0000] {dag.py:2585} INFO - Sync 1 DAGs
[2025-11-23T12:42:32.203+0000] {logging_mixin.py:120} INFO - [2025-11-23T12:42:32.203+0000] {dag.py:3340} INFO - Setting next_dagrun for example_bash_dag to 2025-11-23T00:00:00+00:00, run_after=2025-11-24T00:00:00+00:00
[2025-11-23T12:42:32.260+0000] {processor.py:176} INFO - Processing /opt/airflow/dags/example_bash_dag.py took 0.267 seconds
[2025-11-23T12:43:02.644+0000] {processor.py:154} INFO - Started process (PID=2556) to work on /opt/airflow/dags/example_bash_dag.py
[2025-11-23T12:43:02.646+0000] {processor.py:756} INFO - Processing file /opt/airflow/dags/example_bash_dag.py for tasks to queue
[2025-11-23T12:43:02.647+0000] {logging_mixin.py:120} INFO - [2025-11-23T12:43:02.647+0000] {dagbag.py:537} INFO - Filling up the DagBag from /opt/airflow/dags/example_bash_dag.py
[2025-11-23T12:43:02.696+0000] {processor.py:766} INFO - DAG(s) dict_keys(['example_bash_dag']) retrieved from /opt/airflow/dags/example_bash_dag.py
[2025-11-23T12:43:02.761+0000] {logging_mixin.py:120} INFO - [2025-11-23T12:43:02.761+0000] {dag.py:2585} INFO - Sync 1 DAGs
[2025-11-23T12:43:02.800+0000] {logging_mixin.py:120} INFO - [2025-11-23T12:43:02.800+0000] {dag.py:3340} INFO - Setting next_dagrun for example_bash_dag to 2025-11-23T00:00:00+00:00, run_after=2025-11-24T00:00:00+00:00
[2025-11-23T12:43:02.833+0000] {processor.py:176} INFO - Processing /opt/airflow/dags/example_bash_dag.py took 0.196 seconds
[2025-11-23T12:43:32.986+0000] {processor.py:154} INFO - Started process (PID=2590) to work on /opt/airflow/dags/example_bash_dag.py
[2025-11-23T12:43:32.987+0000] {processor.py:756} INFO - Processing file /opt/airflow/dags/example_bash_dag.py for tasks to queue
[2025-11-23T12:43:32.988+0000] {logging_mixin.py:120} INFO - [2025-11-23T12:43:32.988+0000] {dagbag.py:537} INFO - Filling up the DagBag from /opt/airflow/dags/example_bash_dag.py
[2025-11-23T12:43:33.040+0000] {processor.py:766} INFO - DAG(s) dict_keys(['example_bash_dag']) retrieved from /opt/airflow/dags/example_bash_dag.py
[2025-11-23T12:43:33.118+0000] {logging_mixin.py:120} INFO - [2025-11-23T12:43:33.118+0000] {dag.py:2585} INFO - Sync 1 DAGs
[2025-11-23T12:43:33.178+0000] {logging_mixin.py:120} INFO - [2025-11-23T12:43:33.178+0000] {dag.py:3340} INFO - Setting next_dagrun for example_bash_dag to 2025-11-23T00:00:00+00:00, run_after=2025-11-24T00:00:00+00:00
[2025-11-23T12:43:33.226+0000] {processor.py:176} INFO - Processing /opt/airflow/dags/example_bash_dag.py took 0.248 seconds
[2025-11-23T12:44:03.571+0000] {processor.py:154} INFO - Started process (PID=2618) to work on /opt/airflow/dags/example_bash_dag.py
[2025-11-23T12:44:03.573+0000] {processor.py:756} INFO - Processing file /opt/airflow/dags/example_bash_dag.py for tasks to queue
[2025-11-23T12:44:03.575+0000] {logging_mixin.py:120} INFO - [2025-11-23T12:44:03.575+0000] {dagbag.py:537} INFO - Filling up the DagBag from /opt/airflow/dags/example_bash_dag.py
[2025-11-23T12:44:03.629+0000] {processor.py:766} INFO - DAG(s) dict_keys(['example_bash_dag']) retrieved from /opt/airflow/dags/example_bash_dag.py
[2025-11-23T12:44:03.710+0000] {logging_mixin.py:120} INFO - [2025-11-23T12:44:03.710+0000] {dag.py:2585} INFO - Sync 1 DAGs
[2025-11-23T12:44:03.761+0000] {logging_mixin.py:120} INFO - [2025-11-23T12:44:03.761+0000] {dag.py:3340} INFO - Setting next_dagrun for example_bash_dag to 2025-11-23T00:00:00+00:00, run_after=2025-11-24T00:00:00+00:00
[2025-11-23T12:44:03.802+0000] {processor.py:176} INFO - Processing /opt/airflow/dags/example_bash_dag.py took 0.239 seconds
[2025-11-23T12:44:34.023+0000] {processor.py:154} INFO - Started process (PID=2654) to work on /opt/airflow/dags/example_bash_dag.py
[2025-11-23T12:44:34.026+0000] {processor.py:756} INFO - Processing file /opt/airflow/dags/example_bash_dag.py for tasks to queue
[2025-11-23T12:44:34.027+0000] {logging_mixin.py:120} INFO - [2025-11-23T12:44:34.027+0000] {dagbag.py:537} INFO - Filling up the DagBag from /opt/airflow/dags/example_bash_dag.py
[2025-11-23T12:44:34.067+0000] {processor.py:766} INFO - DAG(s) dict_keys(['example_bash_dag']) retrieved from /opt/airflow/dags/example_bash_dag.py
[2025-11-23T12:44:34.132+0000] {logging_mixin.py:120} INFO - [2025-11-23T12:44:34.132+0000] {dag.py:2585} INFO - Sync 1 DAGs
[2025-11-23T12:44:34.167+0000] {logging_mixin.py:120} INFO - [2025-11-23T12:44:34.167+0000] {dag.py:3340} INFO - Setting next_dagrun for example_bash_dag to 2025-11-23T00:00:00+00:00, run_after=2025-11-24T00:00:00+00:00
[2025-11-23T12:44:34.265+0000] {processor.py:176} INFO - Processing /opt/airflow/dags/example_bash_dag.py took 0.248 seconds
[2025-11-23T12:45:04.457+0000] {processor.py:154} INFO - Started process (PID=2680) to work on /opt/airflow/dags/example_bash_dag.py
[2025-11-23T12:45:04.462+0000] {processor.py:756} INFO - Processing file /opt/airflow/dags/example_bash_dag.py for tasks to queue
[2025-11-23T12:45:04.463+0000] {logging_mixin.py:120} INFO - [2025-11-23T12:45:04.463+0000] {dagbag.py:537} INFO - Filling up the DagBag from /opt/airflow/dags/example_bash_dag.py
[2025-11-23T12:45:04.508+0000] {processor.py:766} INFO - DAG(s) dict_keys(['example_bash_dag']) retrieved from /opt/airflow/dags/example_bash_dag.py
[2025-11-23T12:45:04.584+0000] {logging_mixin.py:120} INFO - [2025-11-23T12:45:04.584+0000] {dag.py:2585} INFO - Sync 1 DAGs
[2025-11-23T12:45:04.637+0000] {logging_mixin.py:120} INFO - [2025-11-23T12:45:04.637+0000] {dag.py:3340} INFO - Setting next_dagrun for example_bash_dag to 2025-11-23T00:00:00+00:00, run_after=2025-11-24T00:00:00+00:00
[2025-11-23T12:45:04.682+0000] {processor.py:176} INFO - Processing /opt/airflow/dags/example_bash_dag.py took 0.232 seconds
[2025-11-23T12:45:34.852+0000] {processor.py:154} INFO - Started process (PID=2715) to work on /opt/airflow/dags/example_bash_dag.py
[2025-11-23T12:45:34.854+0000] {processor.py:756} INFO - Processing file /opt/airflow/dags/example_bash_dag.py for tasks to queue
[2025-11-23T12:45:34.855+0000] {logging_mixin.py:120} INFO - [2025-11-23T12:45:34.855+0000] {dagbag.py:537} INFO - Filling up the DagBag from /opt/airflow/dags/example_bash_dag.py
[2025-11-23T12:45:34.894+0000] {processor.py:766} INFO - DAG(s) dict_keys(['example_bash_dag']) retrieved from /opt/airflow/dags/example_bash_dag.py
[2025-11-23T12:45:34.949+0000] {logging_mixin.py:120} INFO - [2025-11-23T12:45:34.949+0000] {dag.py:2585} INFO - Sync 1 DAGs
[2025-11-23T12:45:34.992+0000] {logging_mixin.py:120} INFO - [2025-11-23T12:45:34.992+0000] {dag.py:3340} INFO - Setting next_dagrun for example_bash_dag to 2025-11-23T00:00:00+00:00, run_after=2025-11-24T00:00:00+00:00
[2025-11-23T12:45:35.028+0000] {processor.py:176} INFO - Processing /opt/airflow/dags/example_bash_dag.py took 0.181 seconds
[2025-11-23T12:46:05.407+0000] {processor.py:154} INFO - Started process (PID=2746) to work on /opt/airflow/dags/example_bash_dag.py
[2025-11-23T12:46:05.409+0000] {processor.py:756} INFO - Processing file /opt/airflow/dags/example_bash_dag.py for tasks to queue
[2025-11-23T12:46:05.411+0000] {logging_mixin.py:120} INFO - [2025-11-23T12:46:05.411+0000] {dagbag.py:537} INFO - Filling up the DagBag from /opt/airflow/dags/example_bash_dag.py
[2025-11-23T12:46:05.466+0000] {processor.py:766} INFO - DAG(s) dict_keys(['example_bash_dag']) retrieved from /opt/airflow/dags/example_bash_dag.py
[2025-11-23T12:46:05.565+0000] {logging_mixin.py:120} INFO - [2025-11-23T12:46:05.564+0000] {dag.py:2585} INFO - Sync 1 DAGs
[2025-11-23T12:46:05.626+0000] {logging_mixin.py:120} INFO - [2025-11-23T12:46:05.625+0000] {dag.py:3340} INFO - Setting next_dagrun for example_bash_dag to 2025-11-23T00:00:00+00:00, run_after=2025-11-24T00:00:00+00:00
[2025-11-23T12:46:05.689+0000] {processor.py:176} INFO - Processing /opt/airflow/dags/example_bash_dag.py took 0.294 seconds
[2025-11-23T12:46:36.513+0000] {processor.py:154} INFO - Started process (PID=2776) to work on /opt/airflow/dags/example_bash_dag.py
[2025-11-23T12:46:36.514+0000] {processor.py:756} INFO - Processing file /opt/airflow/dags/example_bash_dag.py for tasks to queue
[2025-11-23T12:46:36.515+0000] {logging_mixin.py:120} INFO - [2025-11-23T12:46:36.515+0000] {dagbag.py:537} INFO - Filling up the DagBag from /opt/airflow/dags/example_bash_dag.py
[2025-11-23T12:46:36.555+0000] {processor.py:766} INFO - DAG(s) dict_keys(['example_bash_dag']) retrieved from /opt/airflow/dags/example_bash_dag.py
[2025-11-23T12:46:36.612+0000] {logging_mixin.py:120} INFO - [2025-11-23T12:46:36.611+0000] {dag.py:2585} INFO - Sync 1 DAGs
[2025-11-23T12:46:36.649+0000] {logging_mixin.py:120} INFO - [2025-11-23T12:46:36.648+0000] {dag.py:3340} INFO - Setting next_dagrun for example_bash_dag to 2025-11-23T00:00:00+00:00, run_after=2025-11-24T00:00:00+00:00
[2025-11-23T12:46:36.678+0000] {processor.py:176} INFO - Processing /opt/airflow/dags/example_bash_dag.py took 0.171 seconds
[2025-11-23T12:47:06.966+0000] {processor.py:154} INFO - Started process (PID=2810) to work on /opt/airflow/dags/example_bash_dag.py
[2025-11-23T12:47:06.968+0000] {processor.py:756} INFO - Processing file /opt/airflow/dags/example_bash_dag.py for tasks to queue
[2025-11-23T12:47:06.969+0000] {logging_mixin.py:120} INFO - [2025-11-23T12:47:06.969+0000] {dagbag.py:537} INFO - Filling up the DagBag from /opt/airflow/dags/example_bash_dag.py
[2025-11-23T12:47:07.021+0000] {processor.py:766} INFO - DAG(s) dict_keys(['example_bash_dag']) retrieved from /opt/airflow/dags/example_bash_dag.py
[2025-11-23T12:47:07.176+0000] {logging_mixin.py:120} INFO - [2025-11-23T12:47:07.175+0000] {dag.py:2585} INFO - Sync 1 DAGs
[2025-11-23T12:47:07.331+0000] {logging_mixin.py:120} INFO - [2025-11-23T12:47:07.330+0000] {dag.py:3340} INFO - Setting next_dagrun for example_bash_dag to 2025-11-23T00:00:00+00:00, run_after=2025-11-24T00:00:00+00:00
[2025-11-23T12:47:07.382+0000] {processor.py:176} INFO - Processing /opt/airflow/dags/example_bash_dag.py took 0.427 seconds
[2025-11-23T12:47:37.810+0000] {processor.py:154} INFO - Started process (PID=2837) to work on /opt/airflow/dags/example_bash_dag.py
[2025-11-23T12:47:37.811+0000] {processor.py:756} INFO - Processing file /opt/airflow/dags/example_bash_dag.py for tasks to queue
[2025-11-23T12:47:37.812+0000] {logging_mixin.py:120} INFO - [2025-11-23T12:47:37.812+0000] {dagbag.py:537} INFO - Filling up the DagBag from /opt/airflow/dags/example_bash_dag.py
[2025-11-23T12:47:37.900+0000] {processor.py:766} INFO - DAG(s) dict_keys(['example_bash_dag']) retrieved from /opt/airflow/dags/example_bash_dag.py
[2025-11-23T12:47:37.985+0000] {logging_mixin.py:120} INFO - [2025-11-23T12:47:37.985+0000] {dag.py:2585} INFO - Sync 1 DAGs
[2025-11-23T12:47:38.022+0000] {logging_mixin.py:120} INFO - [2025-11-23T12:47:38.021+0000] {dag.py:3340} INFO - Setting next_dagrun for example_bash_dag to 2025-11-23T00:00:00+00:00, run_after=2025-11-24T00:00:00+00:00
[2025-11-23T12:47:38.053+0000] {processor.py:176} INFO - Processing /opt/airflow/dags/example_bash_dag.py took 0.248 seconds
[2025-11-23T12:48:08.261+0000] {processor.py:154} INFO - Started process (PID=2872) to work on /opt/airflow/dags/example_bash_dag.py
[2025-11-23T12:48:08.262+0000] {processor.py:756} INFO - Processing file /opt/airflow/dags/example_bash_dag.py for tasks to queue
[2025-11-23T12:48:08.263+0000] {logging_mixin.py:120} INFO - [2025-11-23T12:48:08.263+0000] {dagbag.py:537} INFO - Filling up the DagBag from /opt/airflow/dags/example_bash_dag.py
[2025-11-23T12:48:08.307+0000] {processor.py:766} INFO - DAG(s) dict_keys(['example_bash_dag']) retrieved from /opt/airflow/dags/example_bash_dag.py
[2025-11-23T12:48:08.443+0000] {logging_mixin.py:120} INFO - [2025-11-23T12:48:08.443+0000] {dag.py:2585} INFO - Sync 1 DAGs
[2025-11-23T12:48:08.487+0000] {logging_mixin.py:120} INFO - [2025-11-23T12:48:08.487+0000] {dag.py:3340} INFO - Setting next_dagrun for example_bash_dag to 2025-11-23T00:00:00+00:00, run_after=2025-11-24T00:00:00+00:00
[2025-11-23T12:48:08.527+0000] {processor.py:176} INFO - Processing /opt/airflow/dags/example_bash_dag.py took 0.270 seconds
[2025-11-23T12:48:38.996+0000] {processor.py:154} INFO - Started process (PID=2899) to work on /opt/airflow/dags/example_bash_dag.py
[2025-11-23T12:48:38.998+0000] {processor.py:756} INFO - Processing file /opt/airflow/dags/example_bash_dag.py for tasks to queue
[2025-11-23T12:48:39.000+0000] {logging_mixin.py:120} INFO - [2025-11-23T12:48:39.000+0000] {dagbag.py:537} INFO - Filling up the DagBag from /opt/airflow/dags/example_bash_dag.py
[2025-11-23T12:48:39.047+0000] {processor.py:766} INFO - DAG(s) dict_keys(['example_bash_dag']) retrieved from /opt/airflow/dags/example_bash_dag.py
[2025-11-23T12:48:39.112+0000] {logging_mixin.py:120} INFO - [2025-11-23T12:48:39.112+0000] {dag.py:2585} INFO - Sync 1 DAGs
[2025-11-23T12:48:39.143+0000] {logging_mixin.py:120} INFO - [2025-11-23T12:48:39.142+0000] {dag.py:3340} INFO - Setting next_dagrun for example_bash_dag to 2025-11-23T00:00:00+00:00, run_after=2025-11-24T00:00:00+00:00
[2025-11-23T12:48:39.185+0000] {processor.py:176} INFO - Processing /opt/airflow/dags/example_bash_dag.py took 0.201 seconds
[2025-11-23T12:49:09.523+0000] {processor.py:154} INFO - Started process (PID=2934) to work on /opt/airflow/dags/example_bash_dag.py
[2025-11-23T12:49:09.527+0000] {processor.py:756} INFO - Processing file /opt/airflow/dags/example_bash_dag.py for tasks to queue
[2025-11-23T12:49:09.528+0000] {logging_mixin.py:120} INFO - [2025-11-23T12:49:09.528+0000] {dagbag.py:537} INFO - Filling up the DagBag from /opt/airflow/dags/example_bash_dag.py
[2025-11-23T12:49:09.575+0000] {processor.py:766} INFO - DAG(s) dict_keys(['example_bash_dag']) retrieved from /opt/airflow/dags/example_bash_dag.py
[2025-11-23T12:49:09.637+0000] {logging_mixin.py:120} INFO - [2025-11-23T12:49:09.637+0000] {dag.py:2585} INFO - Sync 1 DAGs
[2025-11-23T12:49:09.689+0000] {logging_mixin.py:120} INFO - [2025-11-23T12:49:09.688+0000] {dag.py:3340} INFO - Setting next_dagrun for example_bash_dag to 2025-11-23T00:00:00+00:00, run_after=2025-11-24T00:00:00+00:00
[2025-11-23T12:49:09.723+0000] {processor.py:176} INFO - Processing /opt/airflow/dags/example_bash_dag.py took 0.205 seconds
[2025-11-23T12:49:40.126+0000] {processor.py:154} INFO - Started process (PID=2970) to work on /opt/airflow/dags/example_bash_dag.py
[2025-11-23T12:49:40.128+0000] {processor.py:756} INFO - Processing file /opt/airflow/dags/example_bash_dag.py for tasks to queue
[2025-11-23T12:49:40.129+0000] {logging_mixin.py:120} INFO - [2025-11-23T12:49:40.129+0000] {dagbag.py:537} INFO - Filling up the DagBag from /opt/airflow/dags/example_bash_dag.py
[2025-11-23T12:49:40.168+0000] {processor.py:766} INFO - DAG(s) dict_keys(['example_bash_dag']) retrieved from /opt/airflow/dags/example_bash_dag.py
[2025-11-23T12:49:40.235+0000] {logging_mixin.py:120} INFO - [2025-11-23T12:49:40.235+0000] {dag.py:2585} INFO - Sync 1 DAGs
[2025-11-23T12:49:40.414+0000] {logging_mixin.py:120} INFO - [2025-11-23T12:49:40.414+0000] {dag.py:3340} INFO - Setting next_dagrun for example_bash_dag to 2025-11-23T00:00:00+00:00, run_after=2025-11-24T00:00:00+00:00
[2025-11-23T12:49:40.569+0000] {processor.py:176} INFO - Processing /opt/airflow/dags/example_bash_dag.py took 0.450 seconds
[2025-11-23T12:50:10.991+0000] {processor.py:154} INFO - Started process (PID=2997) to work on /opt/airflow/dags/example_bash_dag.py
[2025-11-23T12:50:10.992+0000] {processor.py:756} INFO - Processing file /opt/airflow/dags/example_bash_dag.py for tasks to queue
[2025-11-23T12:50:10.994+0000] {logging_mixin.py:120} INFO - [2025-11-23T12:50:10.993+0000] {dagbag.py:537} INFO - Filling up the DagBag from /opt/airflow/dags/example_bash_dag.py
[2025-11-23T12:50:11.031+0000] {processor.py:766} INFO - DAG(s) dict_keys(['example_bash_dag']) retrieved from /opt/airflow/dags/example_bash_dag.py
[2025-11-23T12:50:11.086+0000] {logging_mixin.py:120} INFO - [2025-11-23T12:50:11.086+0000] {dag.py:2585} INFO - Sync 1 DAGs
[2025-11-23T12:50:11.127+0000] {logging_mixin.py:120} INFO - [2025-11-23T12:50:11.127+0000] {dag.py:3340} INFO - Setting next_dagrun for example_bash_dag to 2025-11-23T00:00:00+00:00, run_after=2025-11-24T00:00:00+00:00
[2025-11-23T12:50:11.159+0000] {processor.py:176} INFO - Processing /opt/airflow/dags/example_bash_dag.py took 0.174 seconds
[2025-11-23T12:50:41.775+0000] {processor.py:154} INFO - Started process (PID=3033) to work on /opt/airflow/dags/example_bash_dag.py
[2025-11-23T12:50:41.777+0000] {processor.py:756} INFO - Processing file /opt/airflow/dags/example_bash_dag.py for tasks to queue
[2025-11-23T12:50:41.779+0000] {logging_mixin.py:120} INFO - [2025-11-23T12:50:41.778+0000] {dagbag.py:537} INFO - Filling up the DagBag from /opt/airflow/dags/example_bash_dag.py
[2025-11-23T12:50:41.813+0000] {processor.py:766} INFO - DAG(s) dict_keys(['example_bash_dag']) retrieved from /opt/airflow/dags/example_bash_dag.py
[2025-11-23T12:50:41.861+0000] {logging_mixin.py:120} INFO - [2025-11-23T12:50:41.860+0000] {dag.py:2585} INFO - Sync 1 DAGs
[2025-11-23T12:50:41.893+0000] {logging_mixin.py:120} INFO - [2025-11-23T12:50:41.893+0000] {dag.py:3340} INFO - Setting next_dagrun for example_bash_dag to 2025-11-23T00:00:00+00:00, run_after=2025-11-24T00:00:00+00:00
[2025-11-23T12:50:41.926+0000] {processor.py:176} INFO - Processing /opt/airflow/dags/example_bash_dag.py took 0.157 seconds
[2025-11-23T12:51:12.009+0000] {processor.py:154} INFO - Started process (PID=3059) to work on /opt/airflow/dags/example_bash_dag.py
[2025-11-23T12:51:12.010+0000] {processor.py:756} INFO - Processing file /opt/airflow/dags/example_bash_dag.py for tasks to queue
[2025-11-23T12:51:12.011+0000] {logging_mixin.py:120} INFO - [2025-11-23T12:51:12.011+0000] {dagbag.py:537} INFO - Filling up the DagBag from /opt/airflow/dags/example_bash_dag.py
[2025-11-23T12:51:12.045+0000] {processor.py:766} INFO - DAG(s) dict_keys(['example_bash_dag']) retrieved from /opt/airflow/dags/example_bash_dag.py
[2025-11-23T12:51:12.108+0000] {logging_mixin.py:120} INFO - [2025-11-23T12:51:12.107+0000] {dag.py:2585} INFO - Sync 1 DAGs
[2025-11-23T12:51:12.137+0000] {logging_mixin.py:120} INFO - [2025-11-23T12:51:12.137+0000] {dag.py:3340} INFO - Setting next_dagrun for example_bash_dag to 2025-11-23T00:00:00+00:00, run_after=2025-11-24T00:00:00+00:00
[2025-11-23T12:51:12.163+0000] {processor.py:176} INFO - Processing /opt/airflow/dags/example_bash_dag.py took 0.159 seconds
[2025-11-23T12:51:42.332+0000] {processor.py:154} INFO - Started process (PID=3094) to work on /opt/airflow/dags/example_bash_dag.py
[2025-11-23T12:51:42.333+0000] {processor.py:756} INFO - Processing file /opt/airflow/dags/example_bash_dag.py for tasks to queue
[2025-11-23T12:51:42.334+0000] {logging_mixin.py:120} INFO - [2025-11-23T12:51:42.334+0000] {dagbag.py:537} INFO - Filling up the DagBag from /opt/airflow/dags/example_bash_dag.py
[2025-11-23T12:51:42.368+0000] {processor.py:766} INFO - DAG(s) dict_keys(['example_bash_dag']) retrieved from /opt/airflow/dags/example_bash_dag.py
[2025-11-23T12:51:42.423+0000] {logging_mixin.py:120} INFO - [2025-11-23T12:51:42.423+0000] {dag.py:2585} INFO - Sync 1 DAGs
[2025-11-23T12:51:42.459+0000] {logging_mixin.py:120} INFO - [2025-11-23T12:51:42.459+0000] {dag.py:3340} INFO - Setting next_dagrun for example_bash_dag to 2025-11-23T00:00:00+00:00, run_after=2025-11-24T00:00:00+00:00
[2025-11-23T12:51:42.501+0000] {processor.py:176} INFO - Processing /opt/airflow/dags/example_bash_dag.py took 0.174 seconds
[2025-11-23T12:52:12.894+0000] {processor.py:154} INFO - Started process (PID=3120) to work on /opt/airflow/dags/example_bash_dag.py
[2025-11-23T12:52:12.895+0000] {processor.py:756} INFO - Processing file /opt/airflow/dags/example_bash_dag.py for tasks to queue
[2025-11-23T12:52:12.898+0000] {logging_mixin.py:120} INFO - [2025-11-23T12:52:12.898+0000] {dagbag.py:537} INFO - Filling up the DagBag from /opt/airflow/dags/example_bash_dag.py
[2025-11-23T12:52:12.941+0000] {processor.py:766} INFO - DAG(s) dict_keys(['example_bash_dag']) retrieved from /opt/airflow/dags/example_bash_dag.py
[2025-11-23T12:52:13.044+0000] {logging_mixin.py:120} INFO - [2025-11-23T12:52:13.044+0000] {dag.py:2585} INFO - Sync 1 DAGs
[2025-11-23T12:52:13.095+0000] {logging_mixin.py:120} INFO - [2025-11-23T12:52:13.095+0000] {dag.py:3340} INFO - Setting next_dagrun for example_bash_dag to 2025-11-23T00:00:00+00:00, run_after=2025-11-24T00:00:00+00:00
[2025-11-23T12:52:13.129+0000] {processor.py:176} INFO - Processing /opt/airflow/dags/example_bash_dag.py took 0.239 seconds
[2025-11-23T12:52:43.239+0000] {processor.py:154} INFO - Started process (PID=3155) to work on /opt/airflow/dags/example_bash_dag.py
[2025-11-23T12:52:43.241+0000] {processor.py:756} INFO - Processing file /opt/airflow/dags/example_bash_dag.py for tasks to queue
[2025-11-23T12:52:43.242+0000] {logging_mixin.py:120} INFO - [2025-11-23T12:52:43.242+0000] {dagbag.py:537} INFO - Filling up the DagBag from /opt/airflow/dags/example_bash_dag.py
[2025-11-23T12:52:43.298+0000] {processor.py:766} INFO - DAG(s) dict_keys(['example_bash_dag']) retrieved from /opt/airflow/dags/example_bash_dag.py
[2025-11-23T12:52:43.415+0000] {logging_mixin.py:120} INFO - [2025-11-23T12:52:43.415+0000] {dag.py:2585} INFO - Sync 1 DAGs
[2025-11-23T12:52:43.465+0000] {logging_mixin.py:120} INFO - [2025-11-23T12:52:43.465+0000] {dag.py:3340} INFO - Setting next_dagrun for example_bash_dag to 2025-11-23T00:00:00+00:00, run_after=2025-11-24T00:00:00+00:00
[2025-11-23T12:52:43.502+0000] {processor.py:176} INFO - Processing /opt/airflow/dags/example_bash_dag.py took 0.268 seconds
[2025-11-23T12:53:16.580+0000] {processor.py:154} INFO - Started process (PID=3188) to work on /opt/airflow/dags/example_bash_dag.py
[2025-11-23T12:53:16.588+0000] {processor.py:756} INFO - Processing file /opt/airflow/dags/example_bash_dag.py for tasks to queue
[2025-11-23T12:53:16.596+0000] {logging_mixin.py:120} INFO - [2025-11-23T12:53:16.596+0000] {dagbag.py:537} INFO - Filling up the DagBag from /opt/airflow/dags/example_bash_dag.py
[2025-11-23T12:53:16.706+0000] {processor.py:766} INFO - DAG(s) dict_keys(['example_bash_dag']) retrieved from /opt/airflow/dags/example_bash_dag.py
[2025-11-23T12:53:16.964+0000] {logging_mixin.py:120} INFO - [2025-11-23T12:53:16.964+0000] {dag.py:2585} INFO - Sync 1 DAGs
[2025-11-23T12:53:17.093+0000] {logging_mixin.py:120} INFO - [2025-11-23T12:53:17.091+0000] {dag.py:3340} INFO - Setting next_dagrun for example_bash_dag to 2025-11-23T00:00:00+00:00, run_after=2025-11-24T00:00:00+00:00
[2025-11-23T12:53:17.161+0000] {processor.py:176} INFO - Processing /opt/airflow/dags/example_bash_dag.py took 0.615 seconds
[2025-11-23T12:53:47.295+0000] {processor.py:154} INFO - Started process (PID=3213) to work on /opt/airflow/dags/example_bash_dag.py
[2025-11-23T12:53:47.296+0000] {processor.py:756} INFO - Processing file /opt/airflow/dags/example_bash_dag.py for tasks to queue
[2025-11-23T12:53:47.299+0000] {logging_mixin.py:120} INFO - [2025-11-23T12:53:47.298+0000] {dagbag.py:537} INFO - Filling up the DagBag from /opt/airflow/dags/example_bash_dag.py
[2025-11-23T12:53:47.354+0000] {processor.py:766} INFO - DAG(s) dict_keys(['example_bash_dag']) retrieved from /opt/airflow/dags/example_bash_dag.py
[2025-11-23T12:53:47.426+0000] {logging_mixin.py:120} INFO - [2025-11-23T12:53:47.426+0000] {dag.py:2585} INFO - Sync 1 DAGs
[2025-11-23T12:53:47.473+0000] {logging_mixin.py:120} INFO - [2025-11-23T12:53:47.473+0000] {dag.py:3340} INFO - Setting next_dagrun for example_bash_dag to 2025-11-23T00:00:00+00:00, run_after=2025-11-24T00:00:00+00:00
[2025-11-23T12:53:47.502+0000] {processor.py:176} INFO - Processing /opt/airflow/dags/example_bash_dag.py took 0.211 seconds
[2025-11-23T12:54:18.262+0000] {processor.py:154} INFO - Started process (PID=3248) to work on /opt/airflow/dags/example_bash_dag.py
[2025-11-23T12:54:18.275+0000] {processor.py:756} INFO - Processing file /opt/airflow/dags/example_bash_dag.py for tasks to queue
[2025-11-23T12:54:18.306+0000] {logging_mixin.py:120} INFO - [2025-11-23T12:54:18.306+0000] {dagbag.py:537} INFO - Filling up the DagBag from /opt/airflow/dags/example_bash_dag.py
[2025-11-23T12:54:18.486+0000] {processor.py:766} INFO - DAG(s) dict_keys(['example_bash_dag']) retrieved from /opt/airflow/dags/example_bash_dag.py
[2025-11-23T12:54:18.624+0000] {logging_mixin.py:120} INFO - [2025-11-23T12:54:18.624+0000] {dag.py:2585} INFO - Sync 1 DAGs
[2025-11-23T12:54:18.744+0000] {logging_mixin.py:120} INFO - [2025-11-23T12:54:18.743+0000] {dag.py:3340} INFO - Setting next_dagrun for example_bash_dag to 2025-11-23T00:00:00+00:00, run_after=2025-11-24T00:00:00+00:00
[2025-11-23T12:54:18.804+0000] {processor.py:176} INFO - Processing /opt/airflow/dags/example_bash_dag.py took 0.561 seconds
[2025-11-23T12:54:49.127+0000] {processor.py:154} INFO - Started process (PID=3273) to work on /opt/airflow/dags/example_bash_dag.py
[2025-11-23T12:54:49.129+0000] {processor.py:756} INFO - Processing file /opt/airflow/dags/example_bash_dag.py for tasks to queue
[2025-11-23T12:54:49.130+0000] {logging_mixin.py:120} INFO - [2025-11-23T12:54:49.130+0000] {dagbag.py:537} INFO - Filling up the DagBag from /opt/airflow/dags/example_bash_dag.py
[2025-11-23T12:54:49.163+0000] {processor.py:766} INFO - DAG(s) dict_keys(['example_bash_dag']) retrieved from /opt/airflow/dags/example_bash_dag.py
[2025-11-23T12:54:49.218+0000] {logging_mixin.py:120} INFO - [2025-11-23T12:54:49.218+0000] {dag.py:2585} INFO - Sync 1 DAGs
[2025-11-23T12:54:49.251+0000] {logging_mixin.py:120} INFO - [2025-11-23T12:54:49.251+0000] {dag.py:3340} INFO - Setting next_dagrun for example_bash_dag to 2025-11-23T00:00:00+00:00, run_after=2025-11-24T00:00:00+00:00
[2025-11-23T12:54:49.288+0000] {processor.py:176} INFO - Processing /opt/airflow/dags/example_bash_dag.py took 0.166 seconds
[2025-11-23T12:55:19.522+0000] {processor.py:154} INFO - Started process (PID=3307) to work on /opt/airflow/dags/example_bash_dag.py
[2025-11-23T12:55:19.523+0000] {processor.py:756} INFO - Processing file /opt/airflow/dags/example_bash_dag.py for tasks to queue
[2025-11-23T12:55:19.526+0000] {logging_mixin.py:120} INFO - [2025-11-23T12:55:19.525+0000] {dagbag.py:537} INFO - Filling up the DagBag from /opt/airflow/dags/example_bash_dag.py
[2025-11-23T12:55:19.565+0000] {processor.py:766} INFO - DAG(s) dict_keys(['example_bash_dag']) retrieved from /opt/airflow/dags/example_bash_dag.py
[2025-11-23T12:55:19.619+0000] {logging_mixin.py:120} INFO - [2025-11-23T12:55:19.619+0000] {dag.py:2585} INFO - Sync 1 DAGs
[2025-11-23T12:55:19.666+0000] {logging_mixin.py:120} INFO - [2025-11-23T12:55:19.665+0000] {dag.py:3340} INFO - Setting next_dagrun for example_bash_dag to 2025-11-23T00:00:00+00:00, run_after=2025-11-24T00:00:00+00:00
[2025-11-23T12:55:19.711+0000] {processor.py:176} INFO - Processing /opt/airflow/dags/example_bash_dag.py took 0.194 seconds
[2025-11-23T12:55:50.192+0000] {processor.py:154} INFO - Started process (PID=3333) to work on /opt/airflow/dags/example_bash_dag.py
[2025-11-23T12:55:50.193+0000] {processor.py:756} INFO - Processing file /opt/airflow/dags/example_bash_dag.py for tasks to queue
[2025-11-23T12:55:50.194+0000] {logging_mixin.py:120} INFO - [2025-11-23T12:55:50.194+0000] {dagbag.py:537} INFO - Filling up the DagBag from /opt/airflow/dags/example_bash_dag.py
[2025-11-23T12:55:50.223+0000] {processor.py:766} INFO - DAG(s) dict_keys(['example_bash_dag']) retrieved from /opt/airflow/dags/example_bash_dag.py
[2025-11-23T12:55:50.266+0000] {logging_mixin.py:120} INFO - [2025-11-23T12:55:50.266+0000] {dag.py:2585} INFO - Sync 1 DAGs
[2025-11-23T12:55:50.294+0000] {logging_mixin.py:120} INFO - [2025-11-23T12:55:50.294+0000] {dag.py:3340} INFO - Setting next_dagrun for example_bash_dag to 2025-11-23T00:00:00+00:00, run_after=2025-11-24T00:00:00+00:00
[2025-11-23T12:55:50.336+0000] {processor.py:176} INFO - Processing /opt/airflow/dags/example_bash_dag.py took 0.149 seconds
[2025-11-23T12:56:20.649+0000] {processor.py:154} INFO - Started process (PID=3360) to work on /opt/airflow/dags/example_bash_dag.py
[2025-11-23T12:56:20.650+0000] {processor.py:756} INFO - Processing file /opt/airflow/dags/example_bash_dag.py for tasks to queue
[2025-11-23T12:56:20.651+0000] {logging_mixin.py:120} INFO - [2025-11-23T12:56:20.651+0000] {dagbag.py:537} INFO - Filling up the DagBag from /opt/airflow/dags/example_bash_dag.py
[2025-11-23T12:56:20.708+0000] {processor.py:766} INFO - DAG(s) dict_keys(['example_bash_dag']) retrieved from /opt/airflow/dags/example_bash_dag.py
[2025-11-23T12:56:20.767+0000] {logging_mixin.py:120} INFO - [2025-11-23T12:56:20.767+0000] {dag.py:2585} INFO - Sync 1 DAGs
[2025-11-23T12:56:20.800+0000] {logging_mixin.py:120} INFO - [2025-11-23T12:56:20.800+0000] {dag.py:3340} INFO - Setting next_dagrun for example_bash_dag to 2025-11-23T00:00:00+00:00, run_after=2025-11-24T00:00:00+00:00
[2025-11-23T12:56:20.836+0000] {processor.py:176} INFO - Processing /opt/airflow/dags/example_bash_dag.py took 0.192 seconds
[2025-11-23T12:56:51.423+0000] {processor.py:154} INFO - Started process (PID=3401) to work on /opt/airflow/dags/example_bash_dag.py
[2025-11-23T12:56:51.425+0000] {processor.py:756} INFO - Processing file /opt/airflow/dags/example_bash_dag.py for tasks to queue
[2025-11-23T12:56:51.428+0000] {logging_mixin.py:120} INFO - [2025-11-23T12:56:51.428+0000] {dagbag.py:537} INFO - Filling up the DagBag from /opt/airflow/dags/example_bash_dag.py
[2025-11-23T12:56:51.471+0000] {processor.py:766} INFO - DAG(s) dict_keys(['example_bash_dag']) retrieved from /opt/airflow/dags/example_bash_dag.py
[2025-11-23T12:56:51.523+0000] {logging_mixin.py:120} INFO - [2025-11-23T12:56:51.523+0000] {dag.py:2585} INFO - Sync 1 DAGs
[2025-11-23T12:56:51.561+0000] {logging_mixin.py:120} INFO - [2025-11-23T12:56:51.560+0000] {dag.py:3340} INFO - Setting next_dagrun for example_bash_dag to 2025-11-23T00:00:00+00:00, run_after=2025-11-24T00:00:00+00:00
[2025-11-23T12:56:51.593+0000] {processor.py:176} INFO - Processing /opt/airflow/dags/example_bash_dag.py took 0.175 seconds
[2025-11-23T12:57:21.942+0000] {processor.py:154} INFO - Started process (PID=3428) to work on /opt/airflow/dags/example_bash_dag.py
[2025-11-23T12:57:21.945+0000] {processor.py:756} INFO - Processing file /opt/airflow/dags/example_bash_dag.py for tasks to queue
[2025-11-23T12:57:21.947+0000] {logging_mixin.py:120} INFO - [2025-11-23T12:57:21.946+0000] {dagbag.py:537} INFO - Filling up the DagBag from /opt/airflow/dags/example_bash_dag.py
[2025-11-23T12:57:22.008+0000] {processor.py:766} INFO - DAG(s) dict_keys(['example_bash_dag']) retrieved from /opt/airflow/dags/example_bash_dag.py
[2025-11-23T12:57:22.106+0000] {logging_mixin.py:120} INFO - [2025-11-23T12:57:22.105+0000] {dag.py:2585} INFO - Sync 1 DAGs
[2025-11-23T12:57:22.160+0000] {logging_mixin.py:120} INFO - [2025-11-23T12:57:22.160+0000] {dag.py:3340} INFO - Setting next_dagrun for example_bash_dag to 2025-11-23T00:00:00+00:00, run_after=2025-11-24T00:00:00+00:00
[2025-11-23T12:57:22.254+0000] {processor.py:176} INFO - Processing /opt/airflow/dags/example_bash_dag.py took 0.325 seconds
[2025-11-23T12:57:52.514+0000] {processor.py:154} INFO - Started process (PID=3466) to work on /opt/airflow/dags/example_bash_dag.py
[2025-11-23T12:57:52.516+0000] {processor.py:756} INFO - Processing file /opt/airflow/dags/example_bash_dag.py for tasks to queue
[2025-11-23T12:57:52.517+0000] {logging_mixin.py:120} INFO - [2025-11-23T12:57:52.517+0000] {dagbag.py:537} INFO - Filling up the DagBag from /opt/airflow/dags/example_bash_dag.py
[2025-11-23T12:57:52.547+0000] {processor.py:766} INFO - DAG(s) dict_keys(['example_bash_dag']) retrieved from /opt/airflow/dags/example_bash_dag.py
[2025-11-23T12:57:52.591+0000] {logging_mixin.py:120} INFO - [2025-11-23T12:57:52.591+0000] {dag.py:2585} INFO - Sync 1 DAGs
[2025-11-23T12:57:52.624+0000] {logging_mixin.py:120} INFO - [2025-11-23T12:57:52.624+0000] {dag.py:3340} INFO - Setting next_dagrun for example_bash_dag to 2025-11-23T00:00:00+00:00, run_after=2025-11-24T00:00:00+00:00
[2025-11-23T12:57:52.655+0000] {processor.py:176} INFO - Processing /opt/airflow/dags/example_bash_dag.py took 0.146 seconds
[2025-11-23T12:58:23.649+0000] {processor.py:154} INFO - Started process (PID=3497) to work on /opt/airflow/dags/example_bash_dag.py
[2025-11-23T12:58:23.652+0000] {processor.py:756} INFO - Processing file /opt/airflow/dags/example_bash_dag.py for tasks to queue
[2025-11-23T12:58:23.666+0000] {logging_mixin.py:120} INFO - [2025-11-23T12:58:23.666+0000] {dagbag.py:537} INFO - Filling up the DagBag from /opt/airflow/dags/example_bash_dag.py
[2025-11-23T12:58:23.740+0000] {processor.py:766} INFO - DAG(s) dict_keys(['example_bash_dag']) retrieved from /opt/airflow/dags/example_bash_dag.py
[2025-11-23T12:58:23.803+0000] {logging_mixin.py:120} INFO - [2025-11-23T12:58:23.803+0000] {dag.py:2585} INFO - Sync 1 DAGs
[2025-11-23T12:58:23.846+0000] {logging_mixin.py:120} INFO - [2025-11-23T12:58:23.846+0000] {dag.py:3340} INFO - Setting next_dagrun for example_bash_dag to 2025-11-23T00:00:00+00:00, run_after=2025-11-24T00:00:00+00:00
[2025-11-23T12:58:23.893+0000] {processor.py:176} INFO - Processing /opt/airflow/dags/example_bash_dag.py took 0.258 seconds
[2025-11-23T12:58:54.189+0000] {processor.py:154} INFO - Started process (PID=3524) to work on /opt/airflow/dags/example_bash_dag.py
[2025-11-23T12:58:54.191+0000] {processor.py:756} INFO - Processing file /opt/airflow/dags/example_bash_dag.py for tasks to queue
[2025-11-23T12:58:54.193+0000] {logging_mixin.py:120} INFO - [2025-11-23T12:58:54.193+0000] {dagbag.py:537} INFO - Filling up the DagBag from /opt/airflow/dags/example_bash_dag.py
[2025-11-23T12:58:54.273+0000] {processor.py:766} INFO - DAG(s) dict_keys(['example_bash_dag']) retrieved from /opt/airflow/dags/example_bash_dag.py
[2025-11-23T12:58:54.481+0000] {logging_mixin.py:120} INFO - [2025-11-23T12:58:54.481+0000] {dag.py:2585} INFO - Sync 1 DAGs
[2025-11-23T12:58:54.662+0000] {logging_mixin.py:120} INFO - [2025-11-23T12:58:54.662+0000] {dag.py:3340} INFO - Setting next_dagrun for example_bash_dag to 2025-11-23T00:00:00+00:00, run_after=2025-11-24T00:00:00+00:00
[2025-11-23T12:58:54.796+0000] {processor.py:176} INFO - Processing /opt/airflow/dags/example_bash_dag.py took 0.620 seconds
[2025-11-23T12:59:25.533+0000] {processor.py:154} INFO - Started process (PID=3560) to work on /opt/airflow/dags/example_bash_dag.py
[2025-11-23T12:59:25.535+0000] {processor.py:756} INFO - Processing file /opt/airflow/dags/example_bash_dag.py for tasks to queue
[2025-11-23T12:59:25.537+0000] {logging_mixin.py:120} INFO - [2025-11-23T12:59:25.536+0000] {dagbag.py:537} INFO - Filling up the DagBag from /opt/airflow/dags/example_bash_dag.py
[2025-11-23T12:59:25.605+0000] {processor.py:766} INFO - DAG(s) dict_keys(['example_bash_dag']) retrieved from /opt/airflow/dags/example_bash_dag.py
[2025-11-23T12:59:25.718+0000] {logging_mixin.py:120} INFO - [2025-11-23T12:59:25.718+0000] {dag.py:2585} INFO - Sync 1 DAGs
[2025-11-23T12:59:25.803+0000] {logging_mixin.py:120} INFO - [2025-11-23T12:59:25.803+0000] {dag.py:3340} INFO - Setting next_dagrun for example_bash_dag to 2025-11-23T00:00:00+00:00, run_after=2025-11-24T00:00:00+00:00
[2025-11-23T12:59:25.856+0000] {processor.py:176} INFO - Processing /opt/airflow/dags/example_bash_dag.py took 0.329 seconds
[2025-11-23T12:59:55.988+0000] {processor.py:154} INFO - Started process (PID=3586) to work on /opt/airflow/dags/example_bash_dag.py
[2025-11-23T12:59:55.990+0000] {processor.py:756} INFO - Processing file /opt/airflow/dags/example_bash_dag.py for tasks to queue
[2025-11-23T12:59:55.992+0000] {logging_mixin.py:120} INFO - [2025-11-23T12:59:55.992+0000] {dagbag.py:537} INFO - Filling up the DagBag from /opt/airflow/dags/example_bash_dag.py
[2025-11-23T12:59:56.027+0000] {processor.py:766} INFO - DAG(s) dict_keys(['example_bash_dag']) retrieved from /opt/airflow/dags/example_bash_dag.py
[2025-11-23T12:59:56.087+0000] {logging_mixin.py:120} INFO - [2025-11-23T12:59:56.087+0000] {dag.py:2585} INFO - Sync 1 DAGs
[2025-11-23T12:59:56.120+0000] {logging_mixin.py:120} INFO - [2025-11-23T12:59:56.120+0000] {dag.py:3340} INFO - Setting next_dagrun for example_bash_dag to 2025-11-23T00:00:00+00:00, run_after=2025-11-24T00:00:00+00:00
[2025-11-23T12:59:56.148+0000] {processor.py:176} INFO - Processing /opt/airflow/dags/example_bash_dag.py took 0.164 seconds
[2025-11-23T13:00:26.368+0000] {processor.py:154} INFO - Started process (PID=3621) to work on /opt/airflow/dags/example_bash_dag.py
[2025-11-23T13:00:26.369+0000] {processor.py:756} INFO - Processing file /opt/airflow/dags/example_bash_dag.py for tasks to queue
[2025-11-23T13:00:26.372+0000] {logging_mixin.py:120} INFO - [2025-11-23T13:00:26.371+0000] {dagbag.py:537} INFO - Filling up the DagBag from /opt/airflow/dags/example_bash_dag.py
[2025-11-23T13:00:26.418+0000] {processor.py:766} INFO - DAG(s) dict_keys(['example_bash_dag']) retrieved from /opt/airflow/dags/example_bash_dag.py
[2025-11-23T13:00:26.485+0000] {logging_mixin.py:120} INFO - [2025-11-23T13:00:26.485+0000] {dag.py:2585} INFO - Sync 1 DAGs
[2025-11-23T13:00:26.538+0000] {logging_mixin.py:120} INFO - [2025-11-23T13:00:26.538+0000] {dag.py:3340} INFO - Setting next_dagrun for example_bash_dag to 2025-11-23T00:00:00+00:00, run_after=2025-11-24T00:00:00+00:00
[2025-11-23T13:00:26.592+0000] {processor.py:176} INFO - Processing /opt/airflow/dags/example_bash_dag.py took 0.236 seconds
[2025-11-23T13:00:56.932+0000] {processor.py:154} INFO - Started process (PID=3650) to work on /opt/airflow/dags/example_bash_dag.py
[2025-11-23T13:00:56.934+0000] {processor.py:756} INFO - Processing file /opt/airflow/dags/example_bash_dag.py for tasks to queue
[2025-11-23T13:00:56.935+0000] {logging_mixin.py:120} INFO - [2025-11-23T13:00:56.935+0000] {dagbag.py:537} INFO - Filling up the DagBag from /opt/airflow/dags/example_bash_dag.py
[2025-11-23T13:00:56.978+0000] {processor.py:766} INFO - DAG(s) dict_keys(['example_bash_dag']) retrieved from /opt/airflow/dags/example_bash_dag.py
[2025-11-23T13:00:57.053+0000] {logging_mixin.py:120} INFO - [2025-11-23T13:00:57.052+0000] {dag.py:2585} INFO - Sync 1 DAGs
[2025-11-23T13:00:57.094+0000] {logging_mixin.py:120} INFO - [2025-11-23T13:00:57.093+0000] {dag.py:3340} INFO - Setting next_dagrun for example_bash_dag to 2025-11-23T00:00:00+00:00, run_after=2025-11-24T00:00:00+00:00
[2025-11-23T13:00:57.146+0000] {processor.py:176} INFO - Processing /opt/airflow/dags/example_bash_dag.py took 0.219 seconds
[2025-11-23T13:01:27.604+0000] {processor.py:154} INFO - Started process (PID=3677) to work on /opt/airflow/dags/example_bash_dag.py
[2025-11-23T13:01:27.606+0000] {processor.py:756} INFO - Processing file /opt/airflow/dags/example_bash_dag.py for tasks to queue
[2025-11-23T13:01:27.607+0000] {logging_mixin.py:120} INFO - [2025-11-23T13:01:27.607+0000] {dagbag.py:537} INFO - Filling up the DagBag from /opt/airflow/dags/example_bash_dag.py
[2025-11-23T13:01:27.649+0000] {processor.py:766} INFO - DAG(s) dict_keys(['example_bash_dag']) retrieved from /opt/airflow/dags/example_bash_dag.py
[2025-11-23T13:01:27.705+0000] {logging_mixin.py:120} INFO - [2025-11-23T13:01:27.705+0000] {dag.py:2585} INFO - Sync 1 DAGs
[2025-11-23T13:01:27.746+0000] {logging_mixin.py:120} INFO - [2025-11-23T13:01:27.746+0000] {dag.py:3340} INFO - Setting next_dagrun for example_bash_dag to 2025-11-23T00:00:00+00:00, run_after=2025-11-24T00:00:00+00:00
[2025-11-23T13:01:27.831+0000] {processor.py:176} INFO - Processing /opt/airflow/dags/example_bash_dag.py took 0.233 seconds
