[2025-07-13T09:47:25.763+0000] {processor.py:154} INFO - Started process (PID=52) to work on /home/airflow/.local/lib/python3.7/site-packages/airflow/example_dags/example_short_circuit_operator.py
[2025-07-13T09:47:25.773+0000] {processor.py:756} INFO - Processing file /home/airflow/.local/lib/python3.7/site-packages/airflow/example_dags/example_short_circuit_operator.py for tasks to queue
[2025-07-13T09:47:25.777+0000] {logging_mixin.py:120} INFO - [2025-07-13T09:47:25.777+0000] {dagbag.py:537} INFO - Filling up the DagBag from /home/airflow/.local/lib/python3.7/site-packages/airflow/example_dags/example_short_circuit_operator.py
[2025-07-13T09:47:25.909+0000] {processor.py:766} INFO - DAG(s) dict_keys(['example_short_circuit_operator']) retrieved from /home/airflow/.local/lib/python3.7/site-packages/airflow/example_dags/example_short_circuit_operator.py
[2025-07-13T09:47:26.549+0000] {logging_mixin.py:120} INFO - [2025-07-13T09:47:26.548+0000] {manager.py:507} INFO - Created Permission View: can delete on DAG:example_short_circuit_operator
[2025-07-13T09:47:26.586+0000] {logging_mixin.py:120} INFO - [2025-07-13T09:47:26.586+0000] {manager.py:507} INFO - Created Permission View: can read on DAG:example_short_circuit_operator
[2025-07-13T09:47:26.603+0000] {logging_mixin.py:120} INFO - [2025-07-13T09:47:26.603+0000] {manager.py:507} INFO - Created Permission View: can edit on DAG:example_short_circuit_operator
[2025-07-13T09:47:26.604+0000] {logging_mixin.py:120} INFO - [2025-07-13T09:47:26.604+0000] {dag.py:2585} INFO - Sync 1 DAGs
[2025-07-13T09:47:26.666+0000] {logging_mixin.py:120} INFO - [2025-07-13T09:47:26.666+0000] {dag.py:2606} INFO - Creating ORM DAG for example_short_circuit_operator
[2025-07-13T09:47:26.718+0000] {logging_mixin.py:120} INFO - [2025-07-13T09:47:26.718+0000] {dag.py:3340} INFO - Setting next_dagrun for example_short_circuit_operator to 2025-07-12T09:47:26.716547+00:00, run_after=2025-07-13T09:47:26.716547+00:00
[2025-07-13T09:47:26.818+0000] {processor.py:176} INFO - Processing /home/airflow/.local/lib/python3.7/site-packages/airflow/example_dags/example_short_circuit_operator.py took 1.073 seconds
[2025-07-13T09:48:08.286+0000] {processor.py:154} INFO - Started process (PID=105) to work on /home/airflow/.local/lib/python3.7/site-packages/airflow/example_dags/example_short_circuit_operator.py
[2025-07-13T09:48:08.294+0000] {processor.py:756} INFO - Processing file /home/airflow/.local/lib/python3.7/site-packages/airflow/example_dags/example_short_circuit_operator.py for tasks to queue
[2025-07-13T09:48:08.299+0000] {logging_mixin.py:120} INFO - [2025-07-13T09:48:08.298+0000] {dagbag.py:537} INFO - Filling up the DagBag from /home/airflow/.local/lib/python3.7/site-packages/airflow/example_dags/example_short_circuit_operator.py
[2025-07-13T09:48:08.344+0000] {processor.py:766} INFO - DAG(s) dict_keys(['example_short_circuit_operator']) retrieved from /home/airflow/.local/lib/python3.7/site-packages/airflow/example_dags/example_short_circuit_operator.py
[2025-07-13T09:48:08.463+0000] {logging_mixin.py:120} INFO - [2025-07-13T09:48:08.462+0000] {dag.py:2585} INFO - Sync 1 DAGs
[2025-07-13T09:48:08.545+0000] {logging_mixin.py:120} INFO - [2025-07-13T09:48:08.545+0000] {dag.py:3340} INFO - Setting next_dagrun for example_short_circuit_operator to 2025-07-12T09:48:08.544978+00:00, run_after=2025-07-13T09:48:08.544978+00:00
[2025-07-13T09:48:08.625+0000] {processor.py:176} INFO - Processing /home/airflow/.local/lib/python3.7/site-packages/airflow/example_dags/example_short_circuit_operator.py took 0.358 seconds
[2025-07-13T09:48:39.876+0000] {processor.py:154} INFO - Started process (PID=161) to work on /home/airflow/.local/lib/python3.7/site-packages/airflow/example_dags/example_short_circuit_operator.py
[2025-07-13T09:48:39.878+0000] {processor.py:756} INFO - Processing file /home/airflow/.local/lib/python3.7/site-packages/airflow/example_dags/example_short_circuit_operator.py for tasks to queue
[2025-07-13T09:48:39.880+0000] {logging_mixin.py:120} INFO - [2025-07-13T09:48:39.879+0000] {dagbag.py:537} INFO - Filling up the DagBag from /home/airflow/.local/lib/python3.7/site-packages/airflow/example_dags/example_short_circuit_operator.py
[2025-07-13T09:48:39.913+0000] {processor.py:766} INFO - DAG(s) dict_keys(['example_short_circuit_operator']) retrieved from /home/airflow/.local/lib/python3.7/site-packages/airflow/example_dags/example_short_circuit_operator.py
[2025-07-13T09:48:40.053+0000] {logging_mixin.py:120} INFO - [2025-07-13T09:48:40.053+0000] {dag.py:2585} INFO - Sync 1 DAGs
[2025-07-13T09:48:40.130+0000] {logging_mixin.py:120} INFO - [2025-07-13T09:48:40.128+0000] {dag.py:3340} INFO - Setting next_dagrun for example_short_circuit_operator to 2025-07-12T09:48:40.127477+00:00, run_after=2025-07-13T09:48:40.127477+00:00
[2025-07-13T09:48:40.288+0000] {processor.py:176} INFO - Processing /home/airflow/.local/lib/python3.7/site-packages/airflow/example_dags/example_short_circuit_operator.py took 0.419 seconds
[2025-07-13T09:49:11.159+0000] {processor.py:154} INFO - Started process (PID=218) to work on /home/airflow/.local/lib/python3.7/site-packages/airflow/example_dags/example_short_circuit_operator.py
[2025-07-13T09:49:11.168+0000] {processor.py:756} INFO - Processing file /home/airflow/.local/lib/python3.7/site-packages/airflow/example_dags/example_short_circuit_operator.py for tasks to queue
[2025-07-13T09:49:11.180+0000] {logging_mixin.py:120} INFO - [2025-07-13T09:49:11.180+0000] {dagbag.py:537} INFO - Filling up the DagBag from /home/airflow/.local/lib/python3.7/site-packages/airflow/example_dags/example_short_circuit_operator.py
[2025-07-13T09:49:11.291+0000] {processor.py:766} INFO - DAG(s) dict_keys(['example_short_circuit_operator']) retrieved from /home/airflow/.local/lib/python3.7/site-packages/airflow/example_dags/example_short_circuit_operator.py
[2025-07-13T09:49:11.546+0000] {logging_mixin.py:120} INFO - [2025-07-13T09:49:11.546+0000] {dag.py:2585} INFO - Sync 1 DAGs
[2025-07-13T09:49:11.615+0000] {logging_mixin.py:120} INFO - [2025-07-13T09:49:11.614+0000] {dag.py:3340} INFO - Setting next_dagrun for example_short_circuit_operator to 2025-07-12T09:49:11.614347+00:00, run_after=2025-07-13T09:49:11.614347+00:00
[2025-07-13T09:49:11.662+0000] {processor.py:176} INFO - Processing /home/airflow/.local/lib/python3.7/site-packages/airflow/example_dags/example_short_circuit_operator.py took 0.511 seconds
[2025-07-13T09:49:42.707+0000] {processor.py:154} INFO - Started process (PID=272) to work on /home/airflow/.local/lib/python3.7/site-packages/airflow/example_dags/example_short_circuit_operator.py
[2025-07-13T09:49:42.709+0000] {processor.py:756} INFO - Processing file /home/airflow/.local/lib/python3.7/site-packages/airflow/example_dags/example_short_circuit_operator.py for tasks to queue
[2025-07-13T09:49:42.711+0000] {logging_mixin.py:120} INFO - [2025-07-13T09:49:42.711+0000] {dagbag.py:537} INFO - Filling up the DagBag from /home/airflow/.local/lib/python3.7/site-packages/airflow/example_dags/example_short_circuit_operator.py
[2025-07-13T09:49:42.748+0000] {processor.py:766} INFO - DAG(s) dict_keys(['example_short_circuit_operator']) retrieved from /home/airflow/.local/lib/python3.7/site-packages/airflow/example_dags/example_short_circuit_operator.py
[2025-07-13T09:49:42.874+0000] {logging_mixin.py:120} INFO - [2025-07-13T09:49:42.874+0000] {dag.py:2585} INFO - Sync 1 DAGs
[2025-07-13T09:49:43.066+0000] {logging_mixin.py:120} INFO - [2025-07-13T09:49:43.066+0000] {dag.py:3340} INFO - Setting next_dagrun for example_short_circuit_operator to 2025-07-12T09:49:43.065765+00:00, run_after=2025-07-13T09:49:43.065765+00:00
[2025-07-13T09:49:43.131+0000] {processor.py:176} INFO - Processing /home/airflow/.local/lib/python3.7/site-packages/airflow/example_dags/example_short_circuit_operator.py took 0.432 seconds
[2025-07-13T09:50:14.014+0000] {processor.py:154} INFO - Started process (PID=334) to work on /home/airflow/.local/lib/python3.7/site-packages/airflow/example_dags/example_short_circuit_operator.py
[2025-07-13T09:50:14.027+0000] {processor.py:756} INFO - Processing file /home/airflow/.local/lib/python3.7/site-packages/airflow/example_dags/example_short_circuit_operator.py for tasks to queue
[2025-07-13T09:50:14.031+0000] {logging_mixin.py:120} INFO - [2025-07-13T09:50:14.031+0000] {dagbag.py:537} INFO - Filling up the DagBag from /home/airflow/.local/lib/python3.7/site-packages/airflow/example_dags/example_short_circuit_operator.py
[2025-07-13T09:50:14.101+0000] {processor.py:766} INFO - DAG(s) dict_keys(['example_short_circuit_operator']) retrieved from /home/airflow/.local/lib/python3.7/site-packages/airflow/example_dags/example_short_circuit_operator.py
[2025-07-13T09:50:14.205+0000] {logging_mixin.py:120} INFO - [2025-07-13T09:50:14.204+0000] {dag.py:2585} INFO - Sync 1 DAGs
[2025-07-13T09:50:14.261+0000] {logging_mixin.py:120} INFO - [2025-07-13T09:50:14.261+0000] {dag.py:3340} INFO - Setting next_dagrun for example_short_circuit_operator to 2025-07-12T09:50:14.260594+00:00, run_after=2025-07-13T09:50:14.260594+00:00
[2025-07-13T09:50:14.332+0000] {processor.py:176} INFO - Processing /home/airflow/.local/lib/python3.7/site-packages/airflow/example_dags/example_short_circuit_operator.py took 0.333 seconds
[2025-07-13T09:50:45.571+0000] {processor.py:154} INFO - Started process (PID=388) to work on /home/airflow/.local/lib/python3.7/site-packages/airflow/example_dags/example_short_circuit_operator.py
[2025-07-13T09:50:45.581+0000] {processor.py:756} INFO - Processing file /home/airflow/.local/lib/python3.7/site-packages/airflow/example_dags/example_short_circuit_operator.py for tasks to queue
[2025-07-13T09:50:45.604+0000] {logging_mixin.py:120} INFO - [2025-07-13T09:50:45.604+0000] {dagbag.py:537} INFO - Filling up the DagBag from /home/airflow/.local/lib/python3.7/site-packages/airflow/example_dags/example_short_circuit_operator.py
[2025-07-13T09:50:45.728+0000] {processor.py:766} INFO - DAG(s) dict_keys(['example_short_circuit_operator']) retrieved from /home/airflow/.local/lib/python3.7/site-packages/airflow/example_dags/example_short_circuit_operator.py
[2025-07-13T09:50:46.008+0000] {logging_mixin.py:120} INFO - [2025-07-13T09:50:46.008+0000] {dag.py:2585} INFO - Sync 1 DAGs
[2025-07-13T09:50:46.225+0000] {logging_mixin.py:120} INFO - [2025-07-13T09:50:46.214+0000] {dag.py:3340} INFO - Setting next_dagrun for example_short_circuit_operator to 2025-07-12T09:50:46.191962+00:00, run_after=2025-07-13T09:50:46.191962+00:00
[2025-07-13T09:50:46.457+0000] {processor.py:176} INFO - Processing /home/airflow/.local/lib/python3.7/site-packages/airflow/example_dags/example_short_circuit_operator.py took 0.896 seconds
[2025-07-13T09:51:24.280+0000] {processor.py:154} INFO - Started process (PID=442) to work on /home/airflow/.local/lib/python3.7/site-packages/airflow/example_dags/example_short_circuit_operator.py
[2025-07-13T09:51:24.286+0000] {processor.py:756} INFO - Processing file /home/airflow/.local/lib/python3.7/site-packages/airflow/example_dags/example_short_circuit_operator.py for tasks to queue
[2025-07-13T09:51:24.291+0000] {logging_mixin.py:120} INFO - [2025-07-13T09:51:24.289+0000] {dagbag.py:537} INFO - Filling up the DagBag from /home/airflow/.local/lib/python3.7/site-packages/airflow/example_dags/example_short_circuit_operator.py
[2025-07-13T09:51:24.764+0000] {processor.py:766} INFO - DAG(s) dict_keys(['example_short_circuit_operator']) retrieved from /home/airflow/.local/lib/python3.7/site-packages/airflow/example_dags/example_short_circuit_operator.py
[2025-07-13T09:51:25.060+0000] {logging_mixin.py:120} INFO - [2025-07-13T09:51:25.060+0000] {dag.py:2585} INFO - Sync 1 DAGs
[2025-07-13T09:51:25.313+0000] {logging_mixin.py:120} INFO - [2025-07-13T09:51:25.312+0000] {dag.py:3340} INFO - Setting next_dagrun for example_short_circuit_operator to 2025-07-12T09:51:25.312050+00:00, run_after=2025-07-13T09:51:25.312050+00:00
[2025-07-13T09:51:25.608+0000] {processor.py:176} INFO - Processing /home/airflow/.local/lib/python3.7/site-packages/airflow/example_dags/example_short_circuit_operator.py took 1.413 seconds
[2025-07-13T09:51:56.027+0000] {processor.py:154} INFO - Started process (PID=487) to work on /home/airflow/.local/lib/python3.7/site-packages/airflow/example_dags/example_short_circuit_operator.py
[2025-07-13T09:51:56.029+0000] {processor.py:756} INFO - Processing file /home/airflow/.local/lib/python3.7/site-packages/airflow/example_dags/example_short_circuit_operator.py for tasks to queue
[2025-07-13T09:51:56.037+0000] {logging_mixin.py:120} INFO - [2025-07-13T09:51:56.036+0000] {dagbag.py:537} INFO - Filling up the DagBag from /home/airflow/.local/lib/python3.7/site-packages/airflow/example_dags/example_short_circuit_operator.py
[2025-07-13T09:51:56.093+0000] {processor.py:766} INFO - DAG(s) dict_keys(['example_short_circuit_operator']) retrieved from /home/airflow/.local/lib/python3.7/site-packages/airflow/example_dags/example_short_circuit_operator.py
[2025-07-13T09:51:56.285+0000] {logging_mixin.py:120} INFO - [2025-07-13T09:51:56.284+0000] {dag.py:2585} INFO - Sync 1 DAGs
[2025-07-13T09:51:56.566+0000] {logging_mixin.py:120} INFO - [2025-07-13T09:51:56.565+0000] {dag.py:3340} INFO - Setting next_dagrun for example_short_circuit_operator to 2025-07-12T09:51:56.565174+00:00, run_after=2025-07-13T09:51:56.565174+00:00
[2025-07-13T09:51:56.817+0000] {processor.py:176} INFO - Processing /home/airflow/.local/lib/python3.7/site-packages/airflow/example_dags/example_short_circuit_operator.py took 0.807 seconds
[2025-07-13T09:52:27.576+0000] {processor.py:154} INFO - Started process (PID=547) to work on /home/airflow/.local/lib/python3.7/site-packages/airflow/example_dags/example_short_circuit_operator.py
[2025-07-13T09:52:27.587+0000] {processor.py:756} INFO - Processing file /home/airflow/.local/lib/python3.7/site-packages/airflow/example_dags/example_short_circuit_operator.py for tasks to queue
[2025-07-13T09:52:27.603+0000] {logging_mixin.py:120} INFO - [2025-07-13T09:52:27.602+0000] {dagbag.py:537} INFO - Filling up the DagBag from /home/airflow/.local/lib/python3.7/site-packages/airflow/example_dags/example_short_circuit_operator.py
[2025-07-13T09:52:27.793+0000] {processor.py:766} INFO - DAG(s) dict_keys(['example_short_circuit_operator']) retrieved from /home/airflow/.local/lib/python3.7/site-packages/airflow/example_dags/example_short_circuit_operator.py
[2025-07-13T09:52:28.162+0000] {logging_mixin.py:120} INFO - [2025-07-13T09:52:28.162+0000] {dag.py:2585} INFO - Sync 1 DAGs
[2025-07-13T09:52:28.401+0000] {logging_mixin.py:120} INFO - [2025-07-13T09:52:28.400+0000] {dag.py:3340} INFO - Setting next_dagrun for example_short_circuit_operator to 2025-07-12T09:52:28.400369+00:00, run_after=2025-07-13T09:52:28.400369+00:00
[2025-07-13T09:52:28.607+0000] {processor.py:176} INFO - Processing /home/airflow/.local/lib/python3.7/site-packages/airflow/example_dags/example_short_circuit_operator.py took 1.059 seconds
[2025-07-13T09:52:59.271+0000] {processor.py:154} INFO - Started process (PID=595) to work on /home/airflow/.local/lib/python3.7/site-packages/airflow/example_dags/example_short_circuit_operator.py
[2025-07-13T09:52:59.278+0000] {processor.py:756} INFO - Processing file /home/airflow/.local/lib/python3.7/site-packages/airflow/example_dags/example_short_circuit_operator.py for tasks to queue
[2025-07-13T09:52:59.280+0000] {logging_mixin.py:120} INFO - [2025-07-13T09:52:59.279+0000] {dagbag.py:537} INFO - Filling up the DagBag from /home/airflow/.local/lib/python3.7/site-packages/airflow/example_dags/example_short_circuit_operator.py
[2025-07-13T09:52:59.357+0000] {processor.py:766} INFO - DAG(s) dict_keys(['example_short_circuit_operator']) retrieved from /home/airflow/.local/lib/python3.7/site-packages/airflow/example_dags/example_short_circuit_operator.py
[2025-07-13T09:52:59.460+0000] {logging_mixin.py:120} INFO - [2025-07-13T09:52:59.460+0000] {dag.py:2585} INFO - Sync 1 DAGs
[2025-07-13T09:52:59.512+0000] {logging_mixin.py:120} INFO - [2025-07-13T09:52:59.512+0000] {dag.py:3340} INFO - Setting next_dagrun for example_short_circuit_operator to 2025-07-12T09:52:59.511678+00:00, run_after=2025-07-13T09:52:59.511678+00:00
[2025-07-13T09:52:59.553+0000] {processor.py:176} INFO - Processing /home/airflow/.local/lib/python3.7/site-packages/airflow/example_dags/example_short_circuit_operator.py took 0.287 seconds
[2025-07-13T09:53:30.259+0000] {processor.py:154} INFO - Started process (PID=658) to work on /home/airflow/.local/lib/python3.7/site-packages/airflow/example_dags/example_short_circuit_operator.py
[2025-07-13T09:53:30.261+0000] {processor.py:756} INFO - Processing file /home/airflow/.local/lib/python3.7/site-packages/airflow/example_dags/example_short_circuit_operator.py for tasks to queue
[2025-07-13T09:53:30.263+0000] {logging_mixin.py:120} INFO - [2025-07-13T09:53:30.262+0000] {dagbag.py:537} INFO - Filling up the DagBag from /home/airflow/.local/lib/python3.7/site-packages/airflow/example_dags/example_short_circuit_operator.py
[2025-07-13T09:53:30.297+0000] {processor.py:766} INFO - DAG(s) dict_keys(['example_short_circuit_operator']) retrieved from /home/airflow/.local/lib/python3.7/site-packages/airflow/example_dags/example_short_circuit_operator.py
[2025-07-13T09:53:30.442+0000] {logging_mixin.py:120} INFO - [2025-07-13T09:53:30.442+0000] {dag.py:2585} INFO - Sync 1 DAGs
[2025-07-13T09:53:30.482+0000] {logging_mixin.py:120} INFO - [2025-07-13T09:53:30.482+0000] {dag.py:3340} INFO - Setting next_dagrun for example_short_circuit_operator to 2025-07-12T09:53:30.482006+00:00, run_after=2025-07-13T09:53:30.482006+00:00
[2025-07-13T09:53:30.524+0000] {processor.py:176} INFO - Processing /home/airflow/.local/lib/python3.7/site-packages/airflow/example_dags/example_short_circuit_operator.py took 0.277 seconds
[2025-07-13T09:54:01.410+0000] {processor.py:154} INFO - Started process (PID=713) to work on /home/airflow/.local/lib/python3.7/site-packages/airflow/example_dags/example_short_circuit_operator.py
[2025-07-13T09:54:01.412+0000] {processor.py:756} INFO - Processing file /home/airflow/.local/lib/python3.7/site-packages/airflow/example_dags/example_short_circuit_operator.py for tasks to queue
[2025-07-13T09:54:01.413+0000] {logging_mixin.py:120} INFO - [2025-07-13T09:54:01.413+0000] {dagbag.py:537} INFO - Filling up the DagBag from /home/airflow/.local/lib/python3.7/site-packages/airflow/example_dags/example_short_circuit_operator.py
[2025-07-13T09:54:01.450+0000] {processor.py:766} INFO - DAG(s) dict_keys(['example_short_circuit_operator']) retrieved from /home/airflow/.local/lib/python3.7/site-packages/airflow/example_dags/example_short_circuit_operator.py
[2025-07-13T09:54:01.532+0000] {logging_mixin.py:120} INFO - [2025-07-13T09:54:01.531+0000] {dag.py:2585} INFO - Sync 1 DAGs
[2025-07-13T09:54:01.583+0000] {logging_mixin.py:120} INFO - [2025-07-13T09:54:01.582+0000] {dag.py:3340} INFO - Setting next_dagrun for example_short_circuit_operator to 2025-07-12T09:54:01.582411+00:00, run_after=2025-07-13T09:54:01.582411+00:00
[2025-07-13T09:54:01.627+0000] {processor.py:176} INFO - Processing /home/airflow/.local/lib/python3.7/site-packages/airflow/example_dags/example_short_circuit_operator.py took 0.223 seconds
[2025-07-13T09:54:31.842+0000] {processor.py:154} INFO - Started process (PID=767) to work on /home/airflow/.local/lib/python3.7/site-packages/airflow/example_dags/example_short_circuit_operator.py
[2025-07-13T09:54:31.859+0000] {processor.py:756} INFO - Processing file /home/airflow/.local/lib/python3.7/site-packages/airflow/example_dags/example_short_circuit_operator.py for tasks to queue
[2025-07-13T09:54:31.861+0000] {logging_mixin.py:120} INFO - [2025-07-13T09:54:31.861+0000] {dagbag.py:537} INFO - Filling up the DagBag from /home/airflow/.local/lib/python3.7/site-packages/airflow/example_dags/example_short_circuit_operator.py
[2025-07-13T09:54:31.935+0000] {processor.py:766} INFO - DAG(s) dict_keys(['example_short_circuit_operator']) retrieved from /home/airflow/.local/lib/python3.7/site-packages/airflow/example_dags/example_short_circuit_operator.py
[2025-07-13T09:54:32.061+0000] {logging_mixin.py:120} INFO - [2025-07-13T09:54:32.061+0000] {dag.py:2585} INFO - Sync 1 DAGs
[2025-07-13T09:54:32.104+0000] {logging_mixin.py:120} INFO - [2025-07-13T09:54:32.104+0000] {dag.py:3340} INFO - Setting next_dagrun for example_short_circuit_operator to 2025-07-12T09:54:32.103695+00:00, run_after=2025-07-13T09:54:32.103695+00:00
[2025-07-13T09:54:32.139+0000] {processor.py:176} INFO - Processing /home/airflow/.local/lib/python3.7/site-packages/airflow/example_dags/example_short_circuit_operator.py took 0.305 seconds
[2025-07-13T09:55:02.232+0000] {processor.py:154} INFO - Started process (PID=818) to work on /home/airflow/.local/lib/python3.7/site-packages/airflow/example_dags/example_short_circuit_operator.py
[2025-07-13T09:55:02.234+0000] {processor.py:756} INFO - Processing file /home/airflow/.local/lib/python3.7/site-packages/airflow/example_dags/example_short_circuit_operator.py for tasks to queue
[2025-07-13T09:55:02.235+0000] {logging_mixin.py:120} INFO - [2025-07-13T09:55:02.235+0000] {dagbag.py:537} INFO - Filling up the DagBag from /home/airflow/.local/lib/python3.7/site-packages/airflow/example_dags/example_short_circuit_operator.py
[2025-07-13T09:55:02.270+0000] {processor.py:766} INFO - DAG(s) dict_keys(['example_short_circuit_operator']) retrieved from /home/airflow/.local/lib/python3.7/site-packages/airflow/example_dags/example_short_circuit_operator.py
[2025-07-13T09:55:02.340+0000] {logging_mixin.py:120} INFO - [2025-07-13T09:55:02.340+0000] {dag.py:2585} INFO - Sync 1 DAGs
[2025-07-13T09:55:02.378+0000] {logging_mixin.py:120} INFO - [2025-07-13T09:55:02.378+0000] {dag.py:3340} INFO - Setting next_dagrun for example_short_circuit_operator to 2025-07-12T09:55:02.378422+00:00, run_after=2025-07-13T09:55:02.378422+00:00
[2025-07-13T09:55:02.423+0000] {processor.py:176} INFO - Processing /home/airflow/.local/lib/python3.7/site-packages/airflow/example_dags/example_short_circuit_operator.py took 0.194 seconds
[2025-07-13T09:55:32.516+0000] {processor.py:154} INFO - Started process (PID=880) to work on /home/airflow/.local/lib/python3.7/site-packages/airflow/example_dags/example_short_circuit_operator.py
[2025-07-13T09:55:32.519+0000] {processor.py:756} INFO - Processing file /home/airflow/.local/lib/python3.7/site-packages/airflow/example_dags/example_short_circuit_operator.py for tasks to queue
[2025-07-13T09:55:32.520+0000] {logging_mixin.py:120} INFO - [2025-07-13T09:55:32.520+0000] {dagbag.py:537} INFO - Filling up the DagBag from /home/airflow/.local/lib/python3.7/site-packages/airflow/example_dags/example_short_circuit_operator.py
[2025-07-13T09:55:32.547+0000] {processor.py:766} INFO - DAG(s) dict_keys(['example_short_circuit_operator']) retrieved from /home/airflow/.local/lib/python3.7/site-packages/airflow/example_dags/example_short_circuit_operator.py
[2025-07-13T09:55:32.604+0000] {logging_mixin.py:120} INFO - [2025-07-13T09:55:32.603+0000] {dag.py:2585} INFO - Sync 1 DAGs
[2025-07-13T09:55:32.636+0000] {logging_mixin.py:120} INFO - [2025-07-13T09:55:32.635+0000] {dag.py:3340} INFO - Setting next_dagrun for example_short_circuit_operator to 2025-07-12T09:55:32.635238+00:00, run_after=2025-07-13T09:55:32.635238+00:00
[2025-07-13T09:55:32.674+0000] {processor.py:176} INFO - Processing /home/airflow/.local/lib/python3.7/site-packages/airflow/example_dags/example_short_circuit_operator.py took 0.163 seconds
[2025-07-13T09:56:02.929+0000] {processor.py:154} INFO - Started process (PID=932) to work on /home/airflow/.local/lib/python3.7/site-packages/airflow/example_dags/example_short_circuit_operator.py
[2025-07-13T09:56:02.931+0000] {processor.py:756} INFO - Processing file /home/airflow/.local/lib/python3.7/site-packages/airflow/example_dags/example_short_circuit_operator.py for tasks to queue
[2025-07-13T09:56:02.932+0000] {logging_mixin.py:120} INFO - [2025-07-13T09:56:02.932+0000] {dagbag.py:537} INFO - Filling up the DagBag from /home/airflow/.local/lib/python3.7/site-packages/airflow/example_dags/example_short_circuit_operator.py
[2025-07-13T09:56:02.967+0000] {processor.py:766} INFO - DAG(s) dict_keys(['example_short_circuit_operator']) retrieved from /home/airflow/.local/lib/python3.7/site-packages/airflow/example_dags/example_short_circuit_operator.py
[2025-07-13T09:56:03.041+0000] {logging_mixin.py:120} INFO - [2025-07-13T09:56:03.040+0000] {dag.py:2585} INFO - Sync 1 DAGs
[2025-07-13T09:56:03.077+0000] {logging_mixin.py:120} INFO - [2025-07-13T09:56:03.077+0000] {dag.py:3340} INFO - Setting next_dagrun for example_short_circuit_operator to 2025-07-12T09:56:03.077360+00:00, run_after=2025-07-13T09:56:03.077360+00:00
[2025-07-13T09:56:03.116+0000] {processor.py:176} INFO - Processing /home/airflow/.local/lib/python3.7/site-packages/airflow/example_dags/example_short_circuit_operator.py took 0.193 seconds
[2025-07-13T09:56:33.603+0000] {processor.py:154} INFO - Started process (PID=995) to work on /home/airflow/.local/lib/python3.7/site-packages/airflow/example_dags/example_short_circuit_operator.py
[2025-07-13T09:56:33.604+0000] {processor.py:756} INFO - Processing file /home/airflow/.local/lib/python3.7/site-packages/airflow/example_dags/example_short_circuit_operator.py for tasks to queue
[2025-07-13T09:56:33.606+0000] {logging_mixin.py:120} INFO - [2025-07-13T09:56:33.605+0000] {dagbag.py:537} INFO - Filling up the DagBag from /home/airflow/.local/lib/python3.7/site-packages/airflow/example_dags/example_short_circuit_operator.py
[2025-07-13T09:56:33.628+0000] {processor.py:766} INFO - DAG(s) dict_keys(['example_short_circuit_operator']) retrieved from /home/airflow/.local/lib/python3.7/site-packages/airflow/example_dags/example_short_circuit_operator.py
[2025-07-13T09:56:33.687+0000] {logging_mixin.py:120} INFO - [2025-07-13T09:56:33.686+0000] {dag.py:2585} INFO - Sync 1 DAGs
[2025-07-13T09:56:33.726+0000] {logging_mixin.py:120} INFO - [2025-07-13T09:56:33.726+0000] {dag.py:3340} INFO - Setting next_dagrun for example_short_circuit_operator to 2025-07-12T09:56:33.726371+00:00, run_after=2025-07-13T09:56:33.726371+00:00
[2025-07-13T09:56:33.764+0000] {processor.py:176} INFO - Processing /home/airflow/.local/lib/python3.7/site-packages/airflow/example_dags/example_short_circuit_operator.py took 0.166 seconds
[2025-07-13T09:57:03.911+0000] {processor.py:154} INFO - Started process (PID=1058) to work on /home/airflow/.local/lib/python3.7/site-packages/airflow/example_dags/example_short_circuit_operator.py
[2025-07-13T09:57:03.913+0000] {processor.py:756} INFO - Processing file /home/airflow/.local/lib/python3.7/site-packages/airflow/example_dags/example_short_circuit_operator.py for tasks to queue
[2025-07-13T09:57:03.915+0000] {logging_mixin.py:120} INFO - [2025-07-13T09:57:03.915+0000] {dagbag.py:537} INFO - Filling up the DagBag from /home/airflow/.local/lib/python3.7/site-packages/airflow/example_dags/example_short_circuit_operator.py
[2025-07-13T09:57:03.950+0000] {processor.py:766} INFO - DAG(s) dict_keys(['example_short_circuit_operator']) retrieved from /home/airflow/.local/lib/python3.7/site-packages/airflow/example_dags/example_short_circuit_operator.py
[2025-07-13T09:57:04.037+0000] {logging_mixin.py:120} INFO - [2025-07-13T09:57:04.037+0000] {dag.py:2585} INFO - Sync 1 DAGs
[2025-07-13T09:57:04.093+0000] {logging_mixin.py:120} INFO - [2025-07-13T09:57:04.093+0000] {dag.py:3340} INFO - Setting next_dagrun for example_short_circuit_operator to 2025-07-12T09:57:04.093192+00:00, run_after=2025-07-13T09:57:04.093192+00:00
[2025-07-13T09:57:04.160+0000] {processor.py:176} INFO - Processing /home/airflow/.local/lib/python3.7/site-packages/airflow/example_dags/example_short_circuit_operator.py took 0.255 seconds
[2025-07-13T09:57:34.364+0000] {processor.py:154} INFO - Started process (PID=1112) to work on /home/airflow/.local/lib/python3.7/site-packages/airflow/example_dags/example_short_circuit_operator.py
[2025-07-13T09:57:34.365+0000] {processor.py:756} INFO - Processing file /home/airflow/.local/lib/python3.7/site-packages/airflow/example_dags/example_short_circuit_operator.py for tasks to queue
[2025-07-13T09:57:34.367+0000] {logging_mixin.py:120} INFO - [2025-07-13T09:57:34.366+0000] {dagbag.py:537} INFO - Filling up the DagBag from /home/airflow/.local/lib/python3.7/site-packages/airflow/example_dags/example_short_circuit_operator.py
[2025-07-13T09:57:34.400+0000] {processor.py:766} INFO - DAG(s) dict_keys(['example_short_circuit_operator']) retrieved from /home/airflow/.local/lib/python3.7/site-packages/airflow/example_dags/example_short_circuit_operator.py
[2025-07-13T09:57:34.486+0000] {logging_mixin.py:120} INFO - [2025-07-13T09:57:34.485+0000] {dag.py:2585} INFO - Sync 1 DAGs
[2025-07-13T09:57:34.527+0000] {logging_mixin.py:120} INFO - [2025-07-13T09:57:34.526+0000] {dag.py:3340} INFO - Setting next_dagrun for example_short_circuit_operator to 2025-07-12T09:57:34.526624+00:00, run_after=2025-07-13T09:57:34.526624+00:00
[2025-07-13T09:57:34.558+0000] {processor.py:176} INFO - Processing /home/airflow/.local/lib/python3.7/site-packages/airflow/example_dags/example_short_circuit_operator.py took 0.199 seconds
[2025-07-13T09:58:04.921+0000] {processor.py:154} INFO - Started process (PID=1177) to work on /home/airflow/.local/lib/python3.7/site-packages/airflow/example_dags/example_short_circuit_operator.py
[2025-07-13T09:58:04.922+0000] {processor.py:756} INFO - Processing file /home/airflow/.local/lib/python3.7/site-packages/airflow/example_dags/example_short_circuit_operator.py for tasks to queue
[2025-07-13T09:58:04.923+0000] {logging_mixin.py:120} INFO - [2025-07-13T09:58:04.923+0000] {dagbag.py:537} INFO - Filling up the DagBag from /home/airflow/.local/lib/python3.7/site-packages/airflow/example_dags/example_short_circuit_operator.py
[2025-07-13T09:58:04.944+0000] {processor.py:766} INFO - DAG(s) dict_keys(['example_short_circuit_operator']) retrieved from /home/airflow/.local/lib/python3.7/site-packages/airflow/example_dags/example_short_circuit_operator.py
[2025-07-13T09:58:05.005+0000] {logging_mixin.py:120} INFO - [2025-07-13T09:58:05.005+0000] {dag.py:2585} INFO - Sync 1 DAGs
[2025-07-13T09:58:05.038+0000] {logging_mixin.py:120} INFO - [2025-07-13T09:58:05.038+0000] {dag.py:3340} INFO - Setting next_dagrun for example_short_circuit_operator to 2025-07-12T09:58:05.038071+00:00, run_after=2025-07-13T09:58:05.038071+00:00
[2025-07-13T09:58:05.070+0000] {processor.py:176} INFO - Processing /home/airflow/.local/lib/python3.7/site-packages/airflow/example_dags/example_short_circuit_operator.py took 0.154 seconds
[2025-07-13T09:58:35.552+0000] {processor.py:154} INFO - Started process (PID=1230) to work on /home/airflow/.local/lib/python3.7/site-packages/airflow/example_dags/example_short_circuit_operator.py
[2025-07-13T09:58:35.554+0000] {processor.py:756} INFO - Processing file /home/airflow/.local/lib/python3.7/site-packages/airflow/example_dags/example_short_circuit_operator.py for tasks to queue
[2025-07-13T09:58:35.556+0000] {logging_mixin.py:120} INFO - [2025-07-13T09:58:35.556+0000] {dagbag.py:537} INFO - Filling up the DagBag from /home/airflow/.local/lib/python3.7/site-packages/airflow/example_dags/example_short_circuit_operator.py
[2025-07-13T09:58:35.596+0000] {processor.py:766} INFO - DAG(s) dict_keys(['example_short_circuit_operator']) retrieved from /home/airflow/.local/lib/python3.7/site-packages/airflow/example_dags/example_short_circuit_operator.py
[2025-07-13T09:58:35.679+0000] {logging_mixin.py:120} INFO - [2025-07-13T09:58:35.679+0000] {dag.py:2585} INFO - Sync 1 DAGs
[2025-07-13T09:58:35.714+0000] {logging_mixin.py:120} INFO - [2025-07-13T09:58:35.714+0000] {dag.py:3340} INFO - Setting next_dagrun for example_short_circuit_operator to 2025-07-12T09:58:35.714385+00:00, run_after=2025-07-13T09:58:35.714385+00:00
[2025-07-13T09:58:35.755+0000] {processor.py:176} INFO - Processing /home/airflow/.local/lib/python3.7/site-packages/airflow/example_dags/example_short_circuit_operator.py took 0.209 seconds
[2025-07-13T09:59:06.298+0000] {processor.py:154} INFO - Started process (PID=1293) to work on /home/airflow/.local/lib/python3.7/site-packages/airflow/example_dags/example_short_circuit_operator.py
[2025-07-13T09:59:06.299+0000] {processor.py:756} INFO - Processing file /home/airflow/.local/lib/python3.7/site-packages/airflow/example_dags/example_short_circuit_operator.py for tasks to queue
[2025-07-13T09:59:06.301+0000] {logging_mixin.py:120} INFO - [2025-07-13T09:59:06.301+0000] {dagbag.py:537} INFO - Filling up the DagBag from /home/airflow/.local/lib/python3.7/site-packages/airflow/example_dags/example_short_circuit_operator.py
[2025-07-13T09:59:06.333+0000] {processor.py:766} INFO - DAG(s) dict_keys(['example_short_circuit_operator']) retrieved from /home/airflow/.local/lib/python3.7/site-packages/airflow/example_dags/example_short_circuit_operator.py
[2025-07-13T09:59:06.402+0000] {logging_mixin.py:120} INFO - [2025-07-13T09:59:06.402+0000] {dag.py:2585} INFO - Sync 1 DAGs
[2025-07-13T09:59:06.435+0000] {logging_mixin.py:120} INFO - [2025-07-13T09:59:06.435+0000] {dag.py:3340} INFO - Setting next_dagrun for example_short_circuit_operator to 2025-07-12T09:59:06.434800+00:00, run_after=2025-07-13T09:59:06.434800+00:00
[2025-07-13T09:59:06.468+0000] {processor.py:176} INFO - Processing /home/airflow/.local/lib/python3.7/site-packages/airflow/example_dags/example_short_circuit_operator.py took 0.176 seconds
[2025-07-13T09:59:37.366+0000] {processor.py:154} INFO - Started process (PID=1352) to work on /home/airflow/.local/lib/python3.7/site-packages/airflow/example_dags/example_short_circuit_operator.py
[2025-07-13T09:59:37.371+0000] {processor.py:756} INFO - Processing file /home/airflow/.local/lib/python3.7/site-packages/airflow/example_dags/example_short_circuit_operator.py for tasks to queue
[2025-07-13T09:59:37.373+0000] {logging_mixin.py:120} INFO - [2025-07-13T09:59:37.373+0000] {dagbag.py:537} INFO - Filling up the DagBag from /home/airflow/.local/lib/python3.7/site-packages/airflow/example_dags/example_short_circuit_operator.py
[2025-07-13T09:59:37.414+0000] {processor.py:766} INFO - DAG(s) dict_keys(['example_short_circuit_operator']) retrieved from /home/airflow/.local/lib/python3.7/site-packages/airflow/example_dags/example_short_circuit_operator.py
[2025-07-13T09:59:37.512+0000] {logging_mixin.py:120} INFO - [2025-07-13T09:59:37.511+0000] {dag.py:2585} INFO - Sync 1 DAGs
[2025-07-13T09:59:37.579+0000] {logging_mixin.py:120} INFO - [2025-07-13T09:59:37.578+0000] {dag.py:3340} INFO - Setting next_dagrun for example_short_circuit_operator to 2025-07-12T09:59:37.578445+00:00, run_after=2025-07-13T09:59:37.578445+00:00
[2025-07-13T09:59:37.620+0000] {processor.py:176} INFO - Processing /home/airflow/.local/lib/python3.7/site-packages/airflow/example_dags/example_short_circuit_operator.py took 0.260 seconds
[2025-07-13T10:00:07.903+0000] {processor.py:154} INFO - Started process (PID=1408) to work on /home/airflow/.local/lib/python3.7/site-packages/airflow/example_dags/example_short_circuit_operator.py
[2025-07-13T10:00:07.905+0000] {processor.py:756} INFO - Processing file /home/airflow/.local/lib/python3.7/site-packages/airflow/example_dags/example_short_circuit_operator.py for tasks to queue
[2025-07-13T10:00:07.906+0000] {logging_mixin.py:120} INFO - [2025-07-13T10:00:07.905+0000] {dagbag.py:537} INFO - Filling up the DagBag from /home/airflow/.local/lib/python3.7/site-packages/airflow/example_dags/example_short_circuit_operator.py
[2025-07-13T10:00:07.927+0000] {processor.py:766} INFO - DAG(s) dict_keys(['example_short_circuit_operator']) retrieved from /home/airflow/.local/lib/python3.7/site-packages/airflow/example_dags/example_short_circuit_operator.py
[2025-07-13T10:00:07.987+0000] {logging_mixin.py:120} INFO - [2025-07-13T10:00:07.987+0000] {dag.py:2585} INFO - Sync 1 DAGs
[2025-07-13T10:00:08.027+0000] {logging_mixin.py:120} INFO - [2025-07-13T10:00:08.027+0000] {dag.py:3340} INFO - Setting next_dagrun for example_short_circuit_operator to 2025-07-12T10:00:08.027178+00:00, run_after=2025-07-13T10:00:08.027178+00:00
[2025-07-13T10:00:08.065+0000] {processor.py:176} INFO - Processing /home/airflow/.local/lib/python3.7/site-packages/airflow/example_dags/example_short_circuit_operator.py took 0.166 seconds
[2025-07-13T10:00:38.755+0000] {processor.py:154} INFO - Started process (PID=1472) to work on /home/airflow/.local/lib/python3.7/site-packages/airflow/example_dags/example_short_circuit_operator.py
[2025-07-13T10:00:38.757+0000] {processor.py:756} INFO - Processing file /home/airflow/.local/lib/python3.7/site-packages/airflow/example_dags/example_short_circuit_operator.py for tasks to queue
[2025-07-13T10:00:38.759+0000] {logging_mixin.py:120} INFO - [2025-07-13T10:00:38.758+0000] {dagbag.py:537} INFO - Filling up the DagBag from /home/airflow/.local/lib/python3.7/site-packages/airflow/example_dags/example_short_circuit_operator.py
[2025-07-13T10:00:38.807+0000] {processor.py:766} INFO - DAG(s) dict_keys(['example_short_circuit_operator']) retrieved from /home/airflow/.local/lib/python3.7/site-packages/airflow/example_dags/example_short_circuit_operator.py
[2025-07-13T10:00:38.972+0000] {logging_mixin.py:120} INFO - [2025-07-13T10:00:38.972+0000] {dag.py:2585} INFO - Sync 1 DAGs
[2025-07-13T10:00:39.042+0000] {logging_mixin.py:120} INFO - [2025-07-13T10:00:39.042+0000] {dag.py:3340} INFO - Setting next_dagrun for example_short_circuit_operator to 2025-07-12T10:00:39.041637+00:00, run_after=2025-07-13T10:00:39.041637+00:00
[2025-07-13T10:00:39.085+0000] {processor.py:176} INFO - Processing /home/airflow/.local/lib/python3.7/site-packages/airflow/example_dags/example_short_circuit_operator.py took 0.336 seconds
[2025-07-13T10:01:09.766+0000] {processor.py:154} INFO - Started process (PID=1526) to work on /home/airflow/.local/lib/python3.7/site-packages/airflow/example_dags/example_short_circuit_operator.py
[2025-07-13T10:01:09.768+0000] {processor.py:756} INFO - Processing file /home/airflow/.local/lib/python3.7/site-packages/airflow/example_dags/example_short_circuit_operator.py for tasks to queue
[2025-07-13T10:01:09.769+0000] {logging_mixin.py:120} INFO - [2025-07-13T10:01:09.769+0000] {dagbag.py:537} INFO - Filling up the DagBag from /home/airflow/.local/lib/python3.7/site-packages/airflow/example_dags/example_short_circuit_operator.py
[2025-07-13T10:01:09.797+0000] {processor.py:766} INFO - DAG(s) dict_keys(['example_short_circuit_operator']) retrieved from /home/airflow/.local/lib/python3.7/site-packages/airflow/example_dags/example_short_circuit_operator.py
[2025-07-13T10:01:09.858+0000] {logging_mixin.py:120} INFO - [2025-07-13T10:01:09.858+0000] {dag.py:2585} INFO - Sync 1 DAGs
[2025-07-13T10:01:09.890+0000] {logging_mixin.py:120} INFO - [2025-07-13T10:01:09.889+0000] {dag.py:3340} INFO - Setting next_dagrun for example_short_circuit_operator to 2025-07-12T10:01:09.889538+00:00, run_after=2025-07-13T10:01:09.889538+00:00
[2025-07-13T10:01:09.919+0000] {processor.py:176} INFO - Processing /home/airflow/.local/lib/python3.7/site-packages/airflow/example_dags/example_short_circuit_operator.py took 0.159 seconds
[2025-07-13T10:01:40.537+0000] {processor.py:154} INFO - Started process (PID=1589) to work on /home/airflow/.local/lib/python3.7/site-packages/airflow/example_dags/example_short_circuit_operator.py
[2025-07-13T10:01:40.538+0000] {processor.py:756} INFO - Processing file /home/airflow/.local/lib/python3.7/site-packages/airflow/example_dags/example_short_circuit_operator.py for tasks to queue
[2025-07-13T10:01:40.540+0000] {logging_mixin.py:120} INFO - [2025-07-13T10:01:40.540+0000] {dagbag.py:537} INFO - Filling up the DagBag from /home/airflow/.local/lib/python3.7/site-packages/airflow/example_dags/example_short_circuit_operator.py
[2025-07-13T10:01:40.560+0000] {processor.py:766} INFO - DAG(s) dict_keys(['example_short_circuit_operator']) retrieved from /home/airflow/.local/lib/python3.7/site-packages/airflow/example_dags/example_short_circuit_operator.py
[2025-07-13T10:01:40.620+0000] {logging_mixin.py:120} INFO - [2025-07-13T10:01:40.620+0000] {dag.py:2585} INFO - Sync 1 DAGs
[2025-07-13T10:01:40.652+0000] {logging_mixin.py:120} INFO - [2025-07-13T10:01:40.652+0000] {dag.py:3340} INFO - Setting next_dagrun for example_short_circuit_operator to 2025-07-12T10:01:40.652207+00:00, run_after=2025-07-13T10:01:40.652207+00:00
[2025-07-13T10:01:40.680+0000] {processor.py:176} INFO - Processing /home/airflow/.local/lib/python3.7/site-packages/airflow/example_dags/example_short_circuit_operator.py took 0.147 seconds
[2025-07-13T10:02:11.532+0000] {processor.py:154} INFO - Started process (PID=1643) to work on /home/airflow/.local/lib/python3.7/site-packages/airflow/example_dags/example_short_circuit_operator.py
[2025-07-13T10:02:11.533+0000] {processor.py:756} INFO - Processing file /home/airflow/.local/lib/python3.7/site-packages/airflow/example_dags/example_short_circuit_operator.py for tasks to queue
[2025-07-13T10:02:11.534+0000] {logging_mixin.py:120} INFO - [2025-07-13T10:02:11.534+0000] {dagbag.py:537} INFO - Filling up the DagBag from /home/airflow/.local/lib/python3.7/site-packages/airflow/example_dags/example_short_circuit_operator.py
[2025-07-13T10:02:11.557+0000] {processor.py:766} INFO - DAG(s) dict_keys(['example_short_circuit_operator']) retrieved from /home/airflow/.local/lib/python3.7/site-packages/airflow/example_dags/example_short_circuit_operator.py
[2025-07-13T10:02:11.631+0000] {logging_mixin.py:120} INFO - [2025-07-13T10:02:11.631+0000] {dag.py:2585} INFO - Sync 1 DAGs
[2025-07-13T10:02:11.671+0000] {logging_mixin.py:120} INFO - [2025-07-13T10:02:11.671+0000] {dag.py:3340} INFO - Setting next_dagrun for example_short_circuit_operator to 2025-07-12T10:02:11.670939+00:00, run_after=2025-07-13T10:02:11.670939+00:00
[2025-07-13T10:02:11.710+0000] {processor.py:176} INFO - Processing /home/airflow/.local/lib/python3.7/site-packages/airflow/example_dags/example_short_circuit_operator.py took 0.182 seconds
[2025-07-13T10:02:41.874+0000] {processor.py:154} INFO - Started process (PID=1706) to work on /home/airflow/.local/lib/python3.7/site-packages/airflow/example_dags/example_short_circuit_operator.py
[2025-07-13T10:02:41.876+0000] {processor.py:756} INFO - Processing file /home/airflow/.local/lib/python3.7/site-packages/airflow/example_dags/example_short_circuit_operator.py for tasks to queue
[2025-07-13T10:02:41.878+0000] {logging_mixin.py:120} INFO - [2025-07-13T10:02:41.878+0000] {dagbag.py:537} INFO - Filling up the DagBag from /home/airflow/.local/lib/python3.7/site-packages/airflow/example_dags/example_short_circuit_operator.py
[2025-07-13T10:02:41.910+0000] {processor.py:766} INFO - DAG(s) dict_keys(['example_short_circuit_operator']) retrieved from /home/airflow/.local/lib/python3.7/site-packages/airflow/example_dags/example_short_circuit_operator.py
[2025-07-13T10:02:41.999+0000] {logging_mixin.py:120} INFO - [2025-07-13T10:02:41.998+0000] {dag.py:2585} INFO - Sync 1 DAGs
[2025-07-13T10:02:42.061+0000] {logging_mixin.py:120} INFO - [2025-07-13T10:02:42.061+0000] {dag.py:3340} INFO - Setting next_dagrun for example_short_circuit_operator to 2025-07-12T10:02:42.060426+00:00, run_after=2025-07-13T10:02:42.060426+00:00
[2025-07-13T10:02:42.109+0000] {processor.py:176} INFO - Processing /home/airflow/.local/lib/python3.7/site-packages/airflow/example_dags/example_short_circuit_operator.py took 0.239 seconds
[2025-07-13T10:03:12.470+0000] {processor.py:154} INFO - Started process (PID=1769) to work on /home/airflow/.local/lib/python3.7/site-packages/airflow/example_dags/example_short_circuit_operator.py
[2025-07-13T10:03:12.472+0000] {processor.py:756} INFO - Processing file /home/airflow/.local/lib/python3.7/site-packages/airflow/example_dags/example_short_circuit_operator.py for tasks to queue
[2025-07-13T10:03:12.473+0000] {logging_mixin.py:120} INFO - [2025-07-13T10:03:12.473+0000] {dagbag.py:537} INFO - Filling up the DagBag from /home/airflow/.local/lib/python3.7/site-packages/airflow/example_dags/example_short_circuit_operator.py
[2025-07-13T10:03:12.507+0000] {processor.py:766} INFO - DAG(s) dict_keys(['example_short_circuit_operator']) retrieved from /home/airflow/.local/lib/python3.7/site-packages/airflow/example_dags/example_short_circuit_operator.py
[2025-07-13T10:03:12.572+0000] {logging_mixin.py:120} INFO - [2025-07-13T10:03:12.572+0000] {dag.py:2585} INFO - Sync 1 DAGs
[2025-07-13T10:03:12.615+0000] {logging_mixin.py:120} INFO - [2025-07-13T10:03:12.615+0000] {dag.py:3340} INFO - Setting next_dagrun for example_short_circuit_operator to 2025-07-12T10:03:12.614864+00:00, run_after=2025-07-13T10:03:12.614864+00:00
[2025-07-13T10:03:12.642+0000] {processor.py:176} INFO - Processing /home/airflow/.local/lib/python3.7/site-packages/airflow/example_dags/example_short_circuit_operator.py took 0.177 seconds
[2025-07-13T10:03:43.073+0000] {processor.py:154} INFO - Started process (PID=1823) to work on /home/airflow/.local/lib/python3.7/site-packages/airflow/example_dags/example_short_circuit_operator.py
[2025-07-13T10:03:43.075+0000] {processor.py:756} INFO - Processing file /home/airflow/.local/lib/python3.7/site-packages/airflow/example_dags/example_short_circuit_operator.py for tasks to queue
[2025-07-13T10:03:43.080+0000] {logging_mixin.py:120} INFO - [2025-07-13T10:03:43.079+0000] {dagbag.py:537} INFO - Filling up the DagBag from /home/airflow/.local/lib/python3.7/site-packages/airflow/example_dags/example_short_circuit_operator.py
[2025-07-13T10:03:43.126+0000] {processor.py:766} INFO - DAG(s) dict_keys(['example_short_circuit_operator']) retrieved from /home/airflow/.local/lib/python3.7/site-packages/airflow/example_dags/example_short_circuit_operator.py
[2025-07-13T10:03:43.228+0000] {logging_mixin.py:120} INFO - [2025-07-13T10:03:43.228+0000] {dag.py:2585} INFO - Sync 1 DAGs
[2025-07-13T10:03:43.279+0000] {logging_mixin.py:120} INFO - [2025-07-13T10:03:43.279+0000] {dag.py:3340} INFO - Setting next_dagrun for example_short_circuit_operator to 2025-07-12T10:03:43.279147+00:00, run_after=2025-07-13T10:03:43.279147+00:00
[2025-07-13T10:03:43.311+0000] {processor.py:176} INFO - Processing /home/airflow/.local/lib/python3.7/site-packages/airflow/example_dags/example_short_circuit_operator.py took 0.244 seconds
[2025-07-13T10:04:13.536+0000] {processor.py:154} INFO - Started process (PID=1886) to work on /home/airflow/.local/lib/python3.7/site-packages/airflow/example_dags/example_short_circuit_operator.py
[2025-07-13T10:04:13.538+0000] {processor.py:756} INFO - Processing file /home/airflow/.local/lib/python3.7/site-packages/airflow/example_dags/example_short_circuit_operator.py for tasks to queue
[2025-07-13T10:04:13.540+0000] {logging_mixin.py:120} INFO - [2025-07-13T10:04:13.540+0000] {dagbag.py:537} INFO - Filling up the DagBag from /home/airflow/.local/lib/python3.7/site-packages/airflow/example_dags/example_short_circuit_operator.py
[2025-07-13T10:04:13.580+0000] {processor.py:766} INFO - DAG(s) dict_keys(['example_short_circuit_operator']) retrieved from /home/airflow/.local/lib/python3.7/site-packages/airflow/example_dags/example_short_circuit_operator.py
[2025-07-13T10:04:13.656+0000] {logging_mixin.py:120} INFO - [2025-07-13T10:04:13.656+0000] {dag.py:2585} INFO - Sync 1 DAGs
[2025-07-13T10:04:13.696+0000] {logging_mixin.py:120} INFO - [2025-07-13T10:04:13.696+0000] {dag.py:3340} INFO - Setting next_dagrun for example_short_circuit_operator to 2025-07-12T10:04:13.695583+00:00, run_after=2025-07-13T10:04:13.695583+00:00
[2025-07-13T10:04:13.740+0000] {processor.py:176} INFO - Processing /home/airflow/.local/lib/python3.7/site-packages/airflow/example_dags/example_short_circuit_operator.py took 0.215 seconds
[2025-07-13T10:04:43.993+0000] {processor.py:154} INFO - Started process (PID=1950) to work on /home/airflow/.local/lib/python3.7/site-packages/airflow/example_dags/example_short_circuit_operator.py
[2025-07-13T10:04:43.994+0000] {processor.py:756} INFO - Processing file /home/airflow/.local/lib/python3.7/site-packages/airflow/example_dags/example_short_circuit_operator.py for tasks to queue
[2025-07-13T10:04:43.995+0000] {logging_mixin.py:120} INFO - [2025-07-13T10:04:43.995+0000] {dagbag.py:537} INFO - Filling up the DagBag from /home/airflow/.local/lib/python3.7/site-packages/airflow/example_dags/example_short_circuit_operator.py
[2025-07-13T10:04:44.015+0000] {processor.py:766} INFO - DAG(s) dict_keys(['example_short_circuit_operator']) retrieved from /home/airflow/.local/lib/python3.7/site-packages/airflow/example_dags/example_short_circuit_operator.py
[2025-07-13T10:04:44.063+0000] {logging_mixin.py:120} INFO - [2025-07-13T10:04:44.063+0000] {dag.py:2585} INFO - Sync 1 DAGs
[2025-07-13T10:04:44.091+0000] {logging_mixin.py:120} INFO - [2025-07-13T10:04:44.091+0000] {dag.py:3340} INFO - Setting next_dagrun for example_short_circuit_operator to 2025-07-12T10:04:44.091185+00:00, run_after=2025-07-13T10:04:44.091185+00:00
[2025-07-13T10:04:44.120+0000] {processor.py:176} INFO - Processing /home/airflow/.local/lib/python3.7/site-packages/airflow/example_dags/example_short_circuit_operator.py took 0.131 seconds
[2025-07-13T10:05:14.356+0000] {processor.py:154} INFO - Started process (PID=2001) to work on /home/airflow/.local/lib/python3.7/site-packages/airflow/example_dags/example_short_circuit_operator.py
[2025-07-13T10:05:14.358+0000] {processor.py:756} INFO - Processing file /home/airflow/.local/lib/python3.7/site-packages/airflow/example_dags/example_short_circuit_operator.py for tasks to queue
[2025-07-13T10:05:14.359+0000] {logging_mixin.py:120} INFO - [2025-07-13T10:05:14.359+0000] {dagbag.py:537} INFO - Filling up the DagBag from /home/airflow/.local/lib/python3.7/site-packages/airflow/example_dags/example_short_circuit_operator.py
[2025-07-13T10:05:14.387+0000] {processor.py:766} INFO - DAG(s) dict_keys(['example_short_circuit_operator']) retrieved from /home/airflow/.local/lib/python3.7/site-packages/airflow/example_dags/example_short_circuit_operator.py
[2025-07-13T10:05:14.469+0000] {logging_mixin.py:120} INFO - [2025-07-13T10:05:14.469+0000] {dag.py:2585} INFO - Sync 1 DAGs
[2025-07-13T10:05:14.512+0000] {logging_mixin.py:120} INFO - [2025-07-13T10:05:14.512+0000] {dag.py:3340} INFO - Setting next_dagrun for example_short_circuit_operator to 2025-07-12T10:05:14.511829+00:00, run_after=2025-07-13T10:05:14.511829+00:00
[2025-07-13T10:05:14.550+0000] {processor.py:176} INFO - Processing /home/airflow/.local/lib/python3.7/site-packages/airflow/example_dags/example_short_circuit_operator.py took 0.199 seconds
[2025-07-13T10:05:44.749+0000] {processor.py:154} INFO - Started process (PID=2064) to work on /home/airflow/.local/lib/python3.7/site-packages/airflow/example_dags/example_short_circuit_operator.py
[2025-07-13T10:05:44.750+0000] {processor.py:756} INFO - Processing file /home/airflow/.local/lib/python3.7/site-packages/airflow/example_dags/example_short_circuit_operator.py for tasks to queue
[2025-07-13T10:05:44.751+0000] {logging_mixin.py:120} INFO - [2025-07-13T10:05:44.751+0000] {dagbag.py:537} INFO - Filling up the DagBag from /home/airflow/.local/lib/python3.7/site-packages/airflow/example_dags/example_short_circuit_operator.py
[2025-07-13T10:05:44.780+0000] {processor.py:766} INFO - DAG(s) dict_keys(['example_short_circuit_operator']) retrieved from /home/airflow/.local/lib/python3.7/site-packages/airflow/example_dags/example_short_circuit_operator.py
[2025-07-13T10:05:44.840+0000] {logging_mixin.py:120} INFO - [2025-07-13T10:05:44.839+0000] {dag.py:2585} INFO - Sync 1 DAGs
[2025-07-13T10:05:44.875+0000] {logging_mixin.py:120} INFO - [2025-07-13T10:05:44.875+0000] {dag.py:3340} INFO - Setting next_dagrun for example_short_circuit_operator to 2025-07-12T10:05:44.874751+00:00, run_after=2025-07-13T10:05:44.874751+00:00
[2025-07-13T10:05:44.904+0000] {processor.py:176} INFO - Processing /home/airflow/.local/lib/python3.7/site-packages/airflow/example_dags/example_short_circuit_operator.py took 0.159 seconds
[2025-07-13T10:06:15.695+0000] {processor.py:154} INFO - Started process (PID=2127) to work on /home/airflow/.local/lib/python3.7/site-packages/airflow/example_dags/example_short_circuit_operator.py
[2025-07-13T10:06:15.697+0000] {processor.py:756} INFO - Processing file /home/airflow/.local/lib/python3.7/site-packages/airflow/example_dags/example_short_circuit_operator.py for tasks to queue
[2025-07-13T10:06:15.698+0000] {logging_mixin.py:120} INFO - [2025-07-13T10:06:15.698+0000] {dagbag.py:537} INFO - Filling up the DagBag from /home/airflow/.local/lib/python3.7/site-packages/airflow/example_dags/example_short_circuit_operator.py
[2025-07-13T10:06:15.723+0000] {processor.py:766} INFO - DAG(s) dict_keys(['example_short_circuit_operator']) retrieved from /home/airflow/.local/lib/python3.7/site-packages/airflow/example_dags/example_short_circuit_operator.py
[2025-07-13T10:06:15.790+0000] {logging_mixin.py:120} INFO - [2025-07-13T10:06:15.790+0000] {dag.py:2585} INFO - Sync 1 DAGs
[2025-07-13T10:06:15.827+0000] {logging_mixin.py:120} INFO - [2025-07-13T10:06:15.827+0000] {dag.py:3340} INFO - Setting next_dagrun for example_short_circuit_operator to 2025-07-12T10:06:15.827017+00:00, run_after=2025-07-13T10:06:15.827017+00:00
[2025-07-13T10:06:15.854+0000] {processor.py:176} INFO - Processing /home/airflow/.local/lib/python3.7/site-packages/airflow/example_dags/example_short_circuit_operator.py took 0.165 seconds
[2025-07-13T10:06:46.594+0000] {processor.py:154} INFO - Started process (PID=2182) to work on /home/airflow/.local/lib/python3.7/site-packages/airflow/example_dags/example_short_circuit_operator.py
[2025-07-13T10:06:46.596+0000] {processor.py:756} INFO - Processing file /home/airflow/.local/lib/python3.7/site-packages/airflow/example_dags/example_short_circuit_operator.py for tasks to queue
[2025-07-13T10:06:46.597+0000] {logging_mixin.py:120} INFO - [2025-07-13T10:06:46.597+0000] {dagbag.py:537} INFO - Filling up the DagBag from /home/airflow/.local/lib/python3.7/site-packages/airflow/example_dags/example_short_circuit_operator.py
[2025-07-13T10:06:46.625+0000] {processor.py:766} INFO - DAG(s) dict_keys(['example_short_circuit_operator']) retrieved from /home/airflow/.local/lib/python3.7/site-packages/airflow/example_dags/example_short_circuit_operator.py
[2025-07-13T10:06:46.703+0000] {logging_mixin.py:120} INFO - [2025-07-13T10:06:46.703+0000] {dag.py:2585} INFO - Sync 1 DAGs
[2025-07-13T10:06:46.752+0000] {logging_mixin.py:120} INFO - [2025-07-13T10:06:46.752+0000] {dag.py:3340} INFO - Setting next_dagrun for example_short_circuit_operator to 2025-07-12T10:06:46.752102+00:00, run_after=2025-07-13T10:06:46.752102+00:00
[2025-07-13T10:06:46.858+0000] {processor.py:176} INFO - Processing /home/airflow/.local/lib/python3.7/site-packages/airflow/example_dags/example_short_circuit_operator.py took 0.269 seconds
[2025-07-13T10:07:17.396+0000] {processor.py:154} INFO - Started process (PID=2245) to work on /home/airflow/.local/lib/python3.7/site-packages/airflow/example_dags/example_short_circuit_operator.py
[2025-07-13T10:07:17.397+0000] {processor.py:756} INFO - Processing file /home/airflow/.local/lib/python3.7/site-packages/airflow/example_dags/example_short_circuit_operator.py for tasks to queue
[2025-07-13T10:07:17.399+0000] {logging_mixin.py:120} INFO - [2025-07-13T10:07:17.398+0000] {dagbag.py:537} INFO - Filling up the DagBag from /home/airflow/.local/lib/python3.7/site-packages/airflow/example_dags/example_short_circuit_operator.py
[2025-07-13T10:07:17.420+0000] {processor.py:766} INFO - DAG(s) dict_keys(['example_short_circuit_operator']) retrieved from /home/airflow/.local/lib/python3.7/site-packages/airflow/example_dags/example_short_circuit_operator.py
[2025-07-13T10:07:17.574+0000] {logging_mixin.py:120} INFO - [2025-07-13T10:07:17.573+0000] {dag.py:2585} INFO - Sync 1 DAGs
[2025-07-13T10:07:17.609+0000] {logging_mixin.py:120} INFO - [2025-07-13T10:07:17.608+0000] {dag.py:3340} INFO - Setting next_dagrun for example_short_circuit_operator to 2025-07-12T10:07:17.608503+00:00, run_after=2025-07-13T10:07:17.608503+00:00
[2025-07-13T10:07:17.637+0000] {processor.py:176} INFO - Processing /home/airflow/.local/lib/python3.7/site-packages/airflow/example_dags/example_short_circuit_operator.py took 0.249 seconds
[2025-07-13T10:07:48.077+0000] {processor.py:154} INFO - Started process (PID=2300) to work on /home/airflow/.local/lib/python3.7/site-packages/airflow/example_dags/example_short_circuit_operator.py
[2025-07-13T10:07:48.080+0000] {processor.py:756} INFO - Processing file /home/airflow/.local/lib/python3.7/site-packages/airflow/example_dags/example_short_circuit_operator.py for tasks to queue
[2025-07-13T10:07:48.085+0000] {logging_mixin.py:120} INFO - [2025-07-13T10:07:48.085+0000] {dagbag.py:537} INFO - Filling up the DagBag from /home/airflow/.local/lib/python3.7/site-packages/airflow/example_dags/example_short_circuit_operator.py
[2025-07-13T10:07:48.151+0000] {processor.py:766} INFO - DAG(s) dict_keys(['example_short_circuit_operator']) retrieved from /home/airflow/.local/lib/python3.7/site-packages/airflow/example_dags/example_short_circuit_operator.py
[2025-07-13T10:07:48.329+0000] {logging_mixin.py:120} INFO - [2025-07-13T10:07:48.329+0000] {dag.py:2585} INFO - Sync 1 DAGs
[2025-07-13T10:07:48.563+0000] {logging_mixin.py:120} INFO - [2025-07-13T10:07:48.563+0000] {dag.py:3340} INFO - Setting next_dagrun for example_short_circuit_operator to 2025-07-12T10:07:48.562509+00:00, run_after=2025-07-13T10:07:48.562509+00:00
[2025-07-13T10:07:48.686+0000] {processor.py:176} INFO - Processing /home/airflow/.local/lib/python3.7/site-packages/airflow/example_dags/example_short_circuit_operator.py took 0.630 seconds
[2025-07-13T10:08:19.065+0000] {processor.py:154} INFO - Started process (PID=2362) to work on /home/airflow/.local/lib/python3.7/site-packages/airflow/example_dags/example_short_circuit_operator.py
[2025-07-13T10:08:19.066+0000] {processor.py:756} INFO - Processing file /home/airflow/.local/lib/python3.7/site-packages/airflow/example_dags/example_short_circuit_operator.py for tasks to queue
[2025-07-13T10:08:19.068+0000] {logging_mixin.py:120} INFO - [2025-07-13T10:08:19.067+0000] {dagbag.py:537} INFO - Filling up the DagBag from /home/airflow/.local/lib/python3.7/site-packages/airflow/example_dags/example_short_circuit_operator.py
[2025-07-13T10:08:19.099+0000] {processor.py:766} INFO - DAG(s) dict_keys(['example_short_circuit_operator']) retrieved from /home/airflow/.local/lib/python3.7/site-packages/airflow/example_dags/example_short_circuit_operator.py
[2025-07-13T10:08:19.171+0000] {logging_mixin.py:120} INFO - [2025-07-13T10:08:19.170+0000] {dag.py:2585} INFO - Sync 1 DAGs
[2025-07-13T10:08:19.218+0000] {logging_mixin.py:120} INFO - [2025-07-13T10:08:19.218+0000] {dag.py:3340} INFO - Setting next_dagrun for example_short_circuit_operator to 2025-07-12T10:08:19.218118+00:00, run_after=2025-07-13T10:08:19.218118+00:00
[2025-07-13T10:08:19.261+0000] {processor.py:176} INFO - Processing /home/airflow/.local/lib/python3.7/site-packages/airflow/example_dags/example_short_circuit_operator.py took 0.202 seconds
[2025-07-13T10:08:49.971+0000] {processor.py:154} INFO - Started process (PID=2423) to work on /home/airflow/.local/lib/python3.7/site-packages/airflow/example_dags/example_short_circuit_operator.py
[2025-07-13T10:08:49.973+0000] {processor.py:756} INFO - Processing file /home/airflow/.local/lib/python3.7/site-packages/airflow/example_dags/example_short_circuit_operator.py for tasks to queue
[2025-07-13T10:08:49.974+0000] {logging_mixin.py:120} INFO - [2025-07-13T10:08:49.974+0000] {dagbag.py:537} INFO - Filling up the DagBag from /home/airflow/.local/lib/python3.7/site-packages/airflow/example_dags/example_short_circuit_operator.py
[2025-07-13T10:08:50.004+0000] {processor.py:766} INFO - DAG(s) dict_keys(['example_short_circuit_operator']) retrieved from /home/airflow/.local/lib/python3.7/site-packages/airflow/example_dags/example_short_circuit_operator.py
[2025-07-13T10:08:50.085+0000] {logging_mixin.py:120} INFO - [2025-07-13T10:08:50.084+0000] {dag.py:2585} INFO - Sync 1 DAGs
[2025-07-13T10:08:50.188+0000] {logging_mixin.py:120} INFO - [2025-07-13T10:08:50.187+0000] {dag.py:3340} INFO - Setting next_dagrun for example_short_circuit_operator to 2025-07-12T10:08:50.187437+00:00, run_after=2025-07-13T10:08:50.187437+00:00
[2025-07-13T10:08:50.269+0000] {processor.py:176} INFO - Processing /home/airflow/.local/lib/python3.7/site-packages/airflow/example_dags/example_short_circuit_operator.py took 0.304 seconds
[2025-07-13T10:09:20.497+0000] {processor.py:154} INFO - Started process (PID=2479) to work on /home/airflow/.local/lib/python3.7/site-packages/airflow/example_dags/example_short_circuit_operator.py
[2025-07-13T10:09:20.498+0000] {processor.py:756} INFO - Processing file /home/airflow/.local/lib/python3.7/site-packages/airflow/example_dags/example_short_circuit_operator.py for tasks to queue
[2025-07-13T10:09:20.503+0000] {logging_mixin.py:120} INFO - [2025-07-13T10:09:20.503+0000] {dagbag.py:537} INFO - Filling up the DagBag from /home/airflow/.local/lib/python3.7/site-packages/airflow/example_dags/example_short_circuit_operator.py
[2025-07-13T10:09:20.529+0000] {processor.py:766} INFO - DAG(s) dict_keys(['example_short_circuit_operator']) retrieved from /home/airflow/.local/lib/python3.7/site-packages/airflow/example_dags/example_short_circuit_operator.py
[2025-07-13T10:09:20.588+0000] {logging_mixin.py:120} INFO - [2025-07-13T10:09:20.588+0000] {dag.py:2585} INFO - Sync 1 DAGs
[2025-07-13T10:09:20.627+0000] {logging_mixin.py:120} INFO - [2025-07-13T10:09:20.627+0000] {dag.py:3340} INFO - Setting next_dagrun for example_short_circuit_operator to 2025-07-12T10:09:20.627014+00:00, run_after=2025-07-13T10:09:20.627014+00:00
[2025-07-13T10:09:20.660+0000] {processor.py:176} INFO - Processing /home/airflow/.local/lib/python3.7/site-packages/airflow/example_dags/example_short_circuit_operator.py took 0.168 seconds
[2025-07-13T10:09:51.567+0000] {processor.py:154} INFO - Started process (PID=2542) to work on /home/airflow/.local/lib/python3.7/site-packages/airflow/example_dags/example_short_circuit_operator.py
[2025-07-13T10:09:51.569+0000] {processor.py:756} INFO - Processing file /home/airflow/.local/lib/python3.7/site-packages/airflow/example_dags/example_short_circuit_operator.py for tasks to queue
[2025-07-13T10:09:51.570+0000] {logging_mixin.py:120} INFO - [2025-07-13T10:09:51.570+0000] {dagbag.py:537} INFO - Filling up the DagBag from /home/airflow/.local/lib/python3.7/site-packages/airflow/example_dags/example_short_circuit_operator.py
[2025-07-13T10:09:51.594+0000] {processor.py:766} INFO - DAG(s) dict_keys(['example_short_circuit_operator']) retrieved from /home/airflow/.local/lib/python3.7/site-packages/airflow/example_dags/example_short_circuit_operator.py
[2025-07-13T10:09:51.656+0000] {logging_mixin.py:120} INFO - [2025-07-13T10:09:51.656+0000] {dag.py:2585} INFO - Sync 1 DAGs
[2025-07-13T10:09:51.689+0000] {logging_mixin.py:120} INFO - [2025-07-13T10:09:51.689+0000] {dag.py:3340} INFO - Setting next_dagrun for example_short_circuit_operator to 2025-07-12T10:09:51.689190+00:00, run_after=2025-07-13T10:09:51.689190+00:00
[2025-07-13T10:09:51.720+0000] {processor.py:176} INFO - Processing /home/airflow/.local/lib/python3.7/site-packages/airflow/example_dags/example_short_circuit_operator.py took 0.158 seconds
[2025-07-13T10:10:22.526+0000] {processor.py:154} INFO - Started process (PID=2596) to work on /home/airflow/.local/lib/python3.7/site-packages/airflow/example_dags/example_short_circuit_operator.py
[2025-07-13T10:10:22.527+0000] {processor.py:756} INFO - Processing file /home/airflow/.local/lib/python3.7/site-packages/airflow/example_dags/example_short_circuit_operator.py for tasks to queue
[2025-07-13T10:10:22.528+0000] {logging_mixin.py:120} INFO - [2025-07-13T10:10:22.528+0000] {dagbag.py:537} INFO - Filling up the DagBag from /home/airflow/.local/lib/python3.7/site-packages/airflow/example_dags/example_short_circuit_operator.py
[2025-07-13T10:10:22.550+0000] {processor.py:766} INFO - DAG(s) dict_keys(['example_short_circuit_operator']) retrieved from /home/airflow/.local/lib/python3.7/site-packages/airflow/example_dags/example_short_circuit_operator.py
[2025-07-13T10:10:22.611+0000] {logging_mixin.py:120} INFO - [2025-07-13T10:10:22.611+0000] {dag.py:2585} INFO - Sync 1 DAGs
[2025-07-13T10:10:22.641+0000] {logging_mixin.py:120} INFO - [2025-07-13T10:10:22.641+0000] {dag.py:3340} INFO - Setting next_dagrun for example_short_circuit_operator to 2025-07-12T10:10:22.641201+00:00, run_after=2025-07-13T10:10:22.641201+00:00
[2025-07-13T10:10:22.675+0000] {processor.py:176} INFO - Processing /home/airflow/.local/lib/python3.7/site-packages/airflow/example_dags/example_short_circuit_operator.py took 0.154 seconds
[2025-07-13T10:10:53.364+0000] {processor.py:154} INFO - Started process (PID=2659) to work on /home/airflow/.local/lib/python3.7/site-packages/airflow/example_dags/example_short_circuit_operator.py
[2025-07-13T10:10:53.365+0000] {processor.py:756} INFO - Processing file /home/airflow/.local/lib/python3.7/site-packages/airflow/example_dags/example_short_circuit_operator.py for tasks to queue
[2025-07-13T10:10:53.367+0000] {logging_mixin.py:120} INFO - [2025-07-13T10:10:53.366+0000] {dagbag.py:537} INFO - Filling up the DagBag from /home/airflow/.local/lib/python3.7/site-packages/airflow/example_dags/example_short_circuit_operator.py
[2025-07-13T10:10:53.391+0000] {processor.py:766} INFO - DAG(s) dict_keys(['example_short_circuit_operator']) retrieved from /home/airflow/.local/lib/python3.7/site-packages/airflow/example_dags/example_short_circuit_operator.py
[2025-07-13T10:10:53.447+0000] {logging_mixin.py:120} INFO - [2025-07-13T10:10:53.446+0000] {dag.py:2585} INFO - Sync 1 DAGs
[2025-07-13T10:10:53.482+0000] {logging_mixin.py:120} INFO - [2025-07-13T10:10:53.482+0000] {dag.py:3340} INFO - Setting next_dagrun for example_short_circuit_operator to 2025-07-12T10:10:53.481738+00:00, run_after=2025-07-13T10:10:53.481738+00:00
[2025-07-13T10:10:53.515+0000] {processor.py:176} INFO - Processing /home/airflow/.local/lib/python3.7/site-packages/airflow/example_dags/example_short_circuit_operator.py took 0.156 seconds
[2025-07-13T10:11:24.370+0000] {processor.py:154} INFO - Started process (PID=2722) to work on /home/airflow/.local/lib/python3.7/site-packages/airflow/example_dags/example_short_circuit_operator.py
[2025-07-13T10:11:24.372+0000] {processor.py:756} INFO - Processing file /home/airflow/.local/lib/python3.7/site-packages/airflow/example_dags/example_short_circuit_operator.py for tasks to queue
[2025-07-13T10:11:24.373+0000] {logging_mixin.py:120} INFO - [2025-07-13T10:11:24.373+0000] {dagbag.py:537} INFO - Filling up the DagBag from /home/airflow/.local/lib/python3.7/site-packages/airflow/example_dags/example_short_circuit_operator.py
[2025-07-13T10:11:24.402+0000] {processor.py:766} INFO - DAG(s) dict_keys(['example_short_circuit_operator']) retrieved from /home/airflow/.local/lib/python3.7/site-packages/airflow/example_dags/example_short_circuit_operator.py
[2025-07-13T10:11:24.465+0000] {logging_mixin.py:120} INFO - [2025-07-13T10:11:24.465+0000] {dag.py:2585} INFO - Sync 1 DAGs
[2025-07-13T10:11:24.509+0000] {logging_mixin.py:120} INFO - [2025-07-13T10:11:24.509+0000] {dag.py:3340} INFO - Setting next_dagrun for example_short_circuit_operator to 2025-07-12T10:11:24.508924+00:00, run_after=2025-07-13T10:11:24.508924+00:00
[2025-07-13T10:11:24.548+0000] {processor.py:176} INFO - Processing /home/airflow/.local/lib/python3.7/site-packages/airflow/example_dags/example_short_circuit_operator.py took 0.183 seconds
[2025-07-13T10:11:55.104+0000] {processor.py:154} INFO - Started process (PID=2776) to work on /home/airflow/.local/lib/python3.7/site-packages/airflow/example_dags/example_short_circuit_operator.py
[2025-07-13T10:11:55.105+0000] {processor.py:756} INFO - Processing file /home/airflow/.local/lib/python3.7/site-packages/airflow/example_dags/example_short_circuit_operator.py for tasks to queue
[2025-07-13T10:11:55.106+0000] {logging_mixin.py:120} INFO - [2025-07-13T10:11:55.106+0000] {dagbag.py:537} INFO - Filling up the DagBag from /home/airflow/.local/lib/python3.7/site-packages/airflow/example_dags/example_short_circuit_operator.py
[2025-07-13T10:11:55.136+0000] {processor.py:766} INFO - DAG(s) dict_keys(['example_short_circuit_operator']) retrieved from /home/airflow/.local/lib/python3.7/site-packages/airflow/example_dags/example_short_circuit_operator.py
[2025-07-13T10:11:55.210+0000] {logging_mixin.py:120} INFO - [2025-07-13T10:11:55.209+0000] {dag.py:2585} INFO - Sync 1 DAGs
[2025-07-13T10:11:55.257+0000] {logging_mixin.py:120} INFO - [2025-07-13T10:11:55.257+0000] {dag.py:3340} INFO - Setting next_dagrun for example_short_circuit_operator to 2025-07-12T10:11:55.256478+00:00, run_after=2025-07-13T10:11:55.256478+00:00
[2025-07-13T10:11:55.303+0000] {processor.py:176} INFO - Processing /home/airflow/.local/lib/python3.7/site-packages/airflow/example_dags/example_short_circuit_operator.py took 0.204 seconds
[2025-07-13T10:12:25.787+0000] {processor.py:154} INFO - Started process (PID=2840) to work on /home/airflow/.local/lib/python3.7/site-packages/airflow/example_dags/example_short_circuit_operator.py
[2025-07-13T10:12:25.789+0000] {processor.py:756} INFO - Processing file /home/airflow/.local/lib/python3.7/site-packages/airflow/example_dags/example_short_circuit_operator.py for tasks to queue
[2025-07-13T10:12:25.790+0000] {logging_mixin.py:120} INFO - [2025-07-13T10:12:25.790+0000] {dagbag.py:537} INFO - Filling up the DagBag from /home/airflow/.local/lib/python3.7/site-packages/airflow/example_dags/example_short_circuit_operator.py
[2025-07-13T10:12:25.814+0000] {processor.py:766} INFO - DAG(s) dict_keys(['example_short_circuit_operator']) retrieved from /home/airflow/.local/lib/python3.7/site-packages/airflow/example_dags/example_short_circuit_operator.py
[2025-07-13T10:12:25.872+0000] {logging_mixin.py:120} INFO - [2025-07-13T10:12:25.872+0000] {dag.py:2585} INFO - Sync 1 DAGs
[2025-07-13T10:12:25.908+0000] {logging_mixin.py:120} INFO - [2025-07-13T10:12:25.907+0000] {dag.py:3340} INFO - Setting next_dagrun for example_short_circuit_operator to 2025-07-12T10:12:25.907707+00:00, run_after=2025-07-13T10:12:25.907707+00:00
[2025-07-13T10:12:25.939+0000] {processor.py:176} INFO - Processing /home/airflow/.local/lib/python3.7/site-packages/airflow/example_dags/example_short_circuit_operator.py took 0.156 seconds
[2025-07-13T10:12:56.109+0000] {processor.py:154} INFO - Started process (PID=2903) to work on /home/airflow/.local/lib/python3.7/site-packages/airflow/example_dags/example_short_circuit_operator.py
[2025-07-13T10:12:56.111+0000] {processor.py:756} INFO - Processing file /home/airflow/.local/lib/python3.7/site-packages/airflow/example_dags/example_short_circuit_operator.py for tasks to queue
[2025-07-13T10:12:56.113+0000] {logging_mixin.py:120} INFO - [2025-07-13T10:12:56.112+0000] {dagbag.py:537} INFO - Filling up the DagBag from /home/airflow/.local/lib/python3.7/site-packages/airflow/example_dags/example_short_circuit_operator.py
[2025-07-13T10:12:56.147+0000] {processor.py:766} INFO - DAG(s) dict_keys(['example_short_circuit_operator']) retrieved from /home/airflow/.local/lib/python3.7/site-packages/airflow/example_dags/example_short_circuit_operator.py
[2025-07-13T10:12:56.227+0000] {logging_mixin.py:120} INFO - [2025-07-13T10:12:56.226+0000] {dag.py:2585} INFO - Sync 1 DAGs
[2025-07-13T10:12:56.273+0000] {logging_mixin.py:120} INFO - [2025-07-13T10:12:56.272+0000] {dag.py:3340} INFO - Setting next_dagrun for example_short_circuit_operator to 2025-07-12T10:12:56.272426+00:00, run_after=2025-07-13T10:12:56.272426+00:00
[2025-07-13T10:12:56.316+0000] {processor.py:176} INFO - Processing /home/airflow/.local/lib/python3.7/site-packages/airflow/example_dags/example_short_circuit_operator.py took 0.211 seconds
[2025-07-13T10:13:26.552+0000] {processor.py:154} INFO - Started process (PID=2957) to work on /home/airflow/.local/lib/python3.7/site-packages/airflow/example_dags/example_short_circuit_operator.py
[2025-07-13T10:13:26.553+0000] {processor.py:756} INFO - Processing file /home/airflow/.local/lib/python3.7/site-packages/airflow/example_dags/example_short_circuit_operator.py for tasks to queue
[2025-07-13T10:13:26.554+0000] {logging_mixin.py:120} INFO - [2025-07-13T10:13:26.554+0000] {dagbag.py:537} INFO - Filling up the DagBag from /home/airflow/.local/lib/python3.7/site-packages/airflow/example_dags/example_short_circuit_operator.py
[2025-07-13T10:13:26.594+0000] {processor.py:766} INFO - DAG(s) dict_keys(['example_short_circuit_operator']) retrieved from /home/airflow/.local/lib/python3.7/site-packages/airflow/example_dags/example_short_circuit_operator.py
[2025-07-13T10:13:26.703+0000] {logging_mixin.py:120} INFO - [2025-07-13T10:13:26.703+0000] {dag.py:2585} INFO - Sync 1 DAGs
[2025-07-13T10:13:26.738+0000] {logging_mixin.py:120} INFO - [2025-07-13T10:13:26.738+0000] {dag.py:3340} INFO - Setting next_dagrun for example_short_circuit_operator to 2025-07-12T10:13:26.738092+00:00, run_after=2025-07-13T10:13:26.738092+00:00
[2025-07-13T10:13:26.774+0000] {processor.py:176} INFO - Processing /home/airflow/.local/lib/python3.7/site-packages/airflow/example_dags/example_short_circuit_operator.py took 0.226 seconds
[2025-07-13T10:13:56.979+0000] {processor.py:154} INFO - Started process (PID=3020) to work on /home/airflow/.local/lib/python3.7/site-packages/airflow/example_dags/example_short_circuit_operator.py
[2025-07-13T10:13:56.980+0000] {processor.py:756} INFO - Processing file /home/airflow/.local/lib/python3.7/site-packages/airflow/example_dags/example_short_circuit_operator.py for tasks to queue
[2025-07-13T10:13:56.982+0000] {logging_mixin.py:120} INFO - [2025-07-13T10:13:56.981+0000] {dagbag.py:537} INFO - Filling up the DagBag from /home/airflow/.local/lib/python3.7/site-packages/airflow/example_dags/example_short_circuit_operator.py
[2025-07-13T10:13:57.007+0000] {processor.py:766} INFO - DAG(s) dict_keys(['example_short_circuit_operator']) retrieved from /home/airflow/.local/lib/python3.7/site-packages/airflow/example_dags/example_short_circuit_operator.py
[2025-07-13T10:13:57.145+0000] {logging_mixin.py:120} INFO - [2025-07-13T10:13:57.144+0000] {dag.py:2585} INFO - Sync 1 DAGs
[2025-07-13T10:13:57.232+0000] {logging_mixin.py:120} INFO - [2025-07-13T10:13:57.232+0000] {dag.py:3340} INFO - Setting next_dagrun for example_short_circuit_operator to 2025-07-12T10:13:57.231758+00:00, run_after=2025-07-13T10:13:57.231758+00:00
[2025-07-13T10:13:57.272+0000] {processor.py:176} INFO - Processing /home/airflow/.local/lib/python3.7/site-packages/airflow/example_dags/example_short_circuit_operator.py took 0.298 seconds
[2025-07-13T10:14:27.454+0000] {processor.py:154} INFO - Started process (PID=3081) to work on /home/airflow/.local/lib/python3.7/site-packages/airflow/example_dags/example_short_circuit_operator.py
[2025-07-13T10:14:27.456+0000] {processor.py:756} INFO - Processing file /home/airflow/.local/lib/python3.7/site-packages/airflow/example_dags/example_short_circuit_operator.py for tasks to queue
[2025-07-13T10:14:27.459+0000] {logging_mixin.py:120} INFO - [2025-07-13T10:14:27.459+0000] {dagbag.py:537} INFO - Filling up the DagBag from /home/airflow/.local/lib/python3.7/site-packages/airflow/example_dags/example_short_circuit_operator.py
[2025-07-13T10:14:27.507+0000] {processor.py:766} INFO - DAG(s) dict_keys(['example_short_circuit_operator']) retrieved from /home/airflow/.local/lib/python3.7/site-packages/airflow/example_dags/example_short_circuit_operator.py
[2025-07-13T10:14:27.595+0000] {logging_mixin.py:120} INFO - [2025-07-13T10:14:27.594+0000] {dag.py:2585} INFO - Sync 1 DAGs
[2025-07-13T10:14:27.630+0000] {logging_mixin.py:120} INFO - [2025-07-13T10:14:27.630+0000] {dag.py:3340} INFO - Setting next_dagrun for example_short_circuit_operator to 2025-07-12T10:14:27.630271+00:00, run_after=2025-07-13T10:14:27.630271+00:00
[2025-07-13T10:14:27.670+0000] {processor.py:176} INFO - Processing /home/airflow/.local/lib/python3.7/site-packages/airflow/example_dags/example_short_circuit_operator.py took 0.228 seconds
[2025-07-13T10:14:57.840+0000] {processor.py:154} INFO - Started process (PID=3136) to work on /home/airflow/.local/lib/python3.7/site-packages/airflow/example_dags/example_short_circuit_operator.py
[2025-07-13T10:14:57.841+0000] {processor.py:756} INFO - Processing file /home/airflow/.local/lib/python3.7/site-packages/airflow/example_dags/example_short_circuit_operator.py for tasks to queue
[2025-07-13T10:14:57.842+0000] {logging_mixin.py:120} INFO - [2025-07-13T10:14:57.842+0000] {dagbag.py:537} INFO - Filling up the DagBag from /home/airflow/.local/lib/python3.7/site-packages/airflow/example_dags/example_short_circuit_operator.py
[2025-07-13T10:14:57.864+0000] {processor.py:766} INFO - DAG(s) dict_keys(['example_short_circuit_operator']) retrieved from /home/airflow/.local/lib/python3.7/site-packages/airflow/example_dags/example_short_circuit_operator.py
[2025-07-13T10:14:57.925+0000] {logging_mixin.py:120} INFO - [2025-07-13T10:14:57.925+0000] {dag.py:2585} INFO - Sync 1 DAGs
[2025-07-13T10:14:57.960+0000] {logging_mixin.py:120} INFO - [2025-07-13T10:14:57.960+0000] {dag.py:3340} INFO - Setting next_dagrun for example_short_circuit_operator to 2025-07-12T10:14:57.959812+00:00, run_after=2025-07-13T10:14:57.959812+00:00
[2025-07-13T10:14:58.001+0000] {processor.py:176} INFO - Processing /home/airflow/.local/lib/python3.7/site-packages/airflow/example_dags/example_short_circuit_operator.py took 0.165 seconds
[2025-07-13T10:15:28.519+0000] {processor.py:154} INFO - Started process (PID=3199) to work on /home/airflow/.local/lib/python3.7/site-packages/airflow/example_dags/example_short_circuit_operator.py
[2025-07-13T10:15:28.521+0000] {processor.py:756} INFO - Processing file /home/airflow/.local/lib/python3.7/site-packages/airflow/example_dags/example_short_circuit_operator.py for tasks to queue
[2025-07-13T10:15:28.523+0000] {logging_mixin.py:120} INFO - [2025-07-13T10:15:28.522+0000] {dagbag.py:537} INFO - Filling up the DagBag from /home/airflow/.local/lib/python3.7/site-packages/airflow/example_dags/example_short_circuit_operator.py
[2025-07-13T10:15:28.546+0000] {processor.py:766} INFO - DAG(s) dict_keys(['example_short_circuit_operator']) retrieved from /home/airflow/.local/lib/python3.7/site-packages/airflow/example_dags/example_short_circuit_operator.py
[2025-07-13T10:15:28.603+0000] {logging_mixin.py:120} INFO - [2025-07-13T10:15:28.603+0000] {dag.py:2585} INFO - Sync 1 DAGs
[2025-07-13T10:15:28.636+0000] {logging_mixin.py:120} INFO - [2025-07-13T10:15:28.636+0000] {dag.py:3340} INFO - Setting next_dagrun for example_short_circuit_operator to 2025-07-12T10:15:28.636080+00:00, run_after=2025-07-13T10:15:28.636080+00:00
[2025-07-13T10:15:28.670+0000] {processor.py:176} INFO - Processing /home/airflow/.local/lib/python3.7/site-packages/airflow/example_dags/example_short_circuit_operator.py took 0.156 seconds
[2025-07-13T10:15:58.866+0000] {processor.py:154} INFO - Started process (PID=3253) to work on /home/airflow/.local/lib/python3.7/site-packages/airflow/example_dags/example_short_circuit_operator.py
[2025-07-13T10:15:58.868+0000] {processor.py:756} INFO - Processing file /home/airflow/.local/lib/python3.7/site-packages/airflow/example_dags/example_short_circuit_operator.py for tasks to queue
[2025-07-13T10:15:58.869+0000] {logging_mixin.py:120} INFO - [2025-07-13T10:15:58.869+0000] {dagbag.py:537} INFO - Filling up the DagBag from /home/airflow/.local/lib/python3.7/site-packages/airflow/example_dags/example_short_circuit_operator.py
[2025-07-13T10:15:58.896+0000] {processor.py:766} INFO - DAG(s) dict_keys(['example_short_circuit_operator']) retrieved from /home/airflow/.local/lib/python3.7/site-packages/airflow/example_dags/example_short_circuit_operator.py
[2025-07-13T10:15:58.951+0000] {logging_mixin.py:120} INFO - [2025-07-13T10:15:58.950+0000] {dag.py:2585} INFO - Sync 1 DAGs
[2025-07-13T10:15:58.983+0000] {logging_mixin.py:120} INFO - [2025-07-13T10:15:58.983+0000] {dag.py:3340} INFO - Setting next_dagrun for example_short_circuit_operator to 2025-07-12T10:15:58.982794+00:00, run_after=2025-07-13T10:15:58.982794+00:00
[2025-07-13T10:15:59.015+0000] {processor.py:176} INFO - Processing /home/airflow/.local/lib/python3.7/site-packages/airflow/example_dags/example_short_circuit_operator.py took 0.154 seconds
[2025-07-13T10:16:29.303+0000] {processor.py:154} INFO - Started process (PID=3316) to work on /home/airflow/.local/lib/python3.7/site-packages/airflow/example_dags/example_short_circuit_operator.py
[2025-07-13T10:16:29.305+0000] {processor.py:756} INFO - Processing file /home/airflow/.local/lib/python3.7/site-packages/airflow/example_dags/example_short_circuit_operator.py for tasks to queue
[2025-07-13T10:16:29.306+0000] {logging_mixin.py:120} INFO - [2025-07-13T10:16:29.306+0000] {dagbag.py:537} INFO - Filling up the DagBag from /home/airflow/.local/lib/python3.7/site-packages/airflow/example_dags/example_short_circuit_operator.py
[2025-07-13T10:16:29.341+0000] {processor.py:766} INFO - DAG(s) dict_keys(['example_short_circuit_operator']) retrieved from /home/airflow/.local/lib/python3.7/site-packages/airflow/example_dags/example_short_circuit_operator.py
[2025-07-13T10:16:29.434+0000] {logging_mixin.py:120} INFO - [2025-07-13T10:16:29.433+0000] {dag.py:2585} INFO - Sync 1 DAGs
[2025-07-13T10:16:29.481+0000] {logging_mixin.py:120} INFO - [2025-07-13T10:16:29.481+0000] {dag.py:3340} INFO - Setting next_dagrun for example_short_circuit_operator to 2025-07-12T10:16:29.481008+00:00, run_after=2025-07-13T10:16:29.481008+00:00
[2025-07-13T10:16:29.526+0000] {processor.py:176} INFO - Processing /home/airflow/.local/lib/python3.7/site-packages/airflow/example_dags/example_short_circuit_operator.py took 0.228 seconds
[2025-07-13T10:16:59.760+0000] {processor.py:154} INFO - Started process (PID=3379) to work on /home/airflow/.local/lib/python3.7/site-packages/airflow/example_dags/example_short_circuit_operator.py
[2025-07-13T10:16:59.761+0000] {processor.py:756} INFO - Processing file /home/airflow/.local/lib/python3.7/site-packages/airflow/example_dags/example_short_circuit_operator.py for tasks to queue
[2025-07-13T10:16:59.763+0000] {logging_mixin.py:120} INFO - [2025-07-13T10:16:59.763+0000] {dagbag.py:537} INFO - Filling up the DagBag from /home/airflow/.local/lib/python3.7/site-packages/airflow/example_dags/example_short_circuit_operator.py
[2025-07-13T10:16:59.791+0000] {processor.py:766} INFO - DAG(s) dict_keys(['example_short_circuit_operator']) retrieved from /home/airflow/.local/lib/python3.7/site-packages/airflow/example_dags/example_short_circuit_operator.py
[2025-07-13T10:16:59.848+0000] {logging_mixin.py:120} INFO - [2025-07-13T10:16:59.848+0000] {dag.py:2585} INFO - Sync 1 DAGs
[2025-07-13T10:16:59.882+0000] {logging_mixin.py:120} INFO - [2025-07-13T10:16:59.882+0000] {dag.py:3340} INFO - Setting next_dagrun for example_short_circuit_operator to 2025-07-12T10:16:59.881841+00:00, run_after=2025-07-13T10:16:59.881841+00:00
[2025-07-13T10:16:59.918+0000] {processor.py:176} INFO - Processing /home/airflow/.local/lib/python3.7/site-packages/airflow/example_dags/example_short_circuit_operator.py took 0.162 seconds
[2025-07-13T10:17:30.112+0000] {processor.py:154} INFO - Started process (PID=3433) to work on /home/airflow/.local/lib/python3.7/site-packages/airflow/example_dags/example_short_circuit_operator.py
[2025-07-13T10:17:30.114+0000] {processor.py:756} INFO - Processing file /home/airflow/.local/lib/python3.7/site-packages/airflow/example_dags/example_short_circuit_operator.py for tasks to queue
[2025-07-13T10:17:30.116+0000] {logging_mixin.py:120} INFO - [2025-07-13T10:17:30.115+0000] {dagbag.py:537} INFO - Filling up the DagBag from /home/airflow/.local/lib/python3.7/site-packages/airflow/example_dags/example_short_circuit_operator.py
[2025-07-13T10:17:30.145+0000] {processor.py:766} INFO - DAG(s) dict_keys(['example_short_circuit_operator']) retrieved from /home/airflow/.local/lib/python3.7/site-packages/airflow/example_dags/example_short_circuit_operator.py
[2025-07-13T10:17:30.215+0000] {logging_mixin.py:120} INFO - [2025-07-13T10:17:30.215+0000] {dag.py:2585} INFO - Sync 1 DAGs
[2025-07-13T10:17:30.254+0000] {logging_mixin.py:120} INFO - [2025-07-13T10:17:30.253+0000] {dag.py:3340} INFO - Setting next_dagrun for example_short_circuit_operator to 2025-07-12T10:17:30.252794+00:00, run_after=2025-07-13T10:17:30.252794+00:00
[2025-07-13T10:17:30.345+0000] {processor.py:176} INFO - Processing /home/airflow/.local/lib/python3.7/site-packages/airflow/example_dags/example_short_circuit_operator.py took 0.238 seconds
[2025-07-13T10:18:00.797+0000] {processor.py:154} INFO - Started process (PID=3496) to work on /home/airflow/.local/lib/python3.7/site-packages/airflow/example_dags/example_short_circuit_operator.py
[2025-07-13T10:18:00.798+0000] {processor.py:756} INFO - Processing file /home/airflow/.local/lib/python3.7/site-packages/airflow/example_dags/example_short_circuit_operator.py for tasks to queue
[2025-07-13T10:18:00.800+0000] {logging_mixin.py:120} INFO - [2025-07-13T10:18:00.799+0000] {dagbag.py:537} INFO - Filling up the DagBag from /home/airflow/.local/lib/python3.7/site-packages/airflow/example_dags/example_short_circuit_operator.py
[2025-07-13T10:18:00.828+0000] {processor.py:766} INFO - DAG(s) dict_keys(['example_short_circuit_operator']) retrieved from /home/airflow/.local/lib/python3.7/site-packages/airflow/example_dags/example_short_circuit_operator.py
[2025-07-13T10:18:00.889+0000] {logging_mixin.py:120} INFO - [2025-07-13T10:18:00.889+0000] {dag.py:2585} INFO - Sync 1 DAGs
[2025-07-13T10:18:00.919+0000] {logging_mixin.py:120} INFO - [2025-07-13T10:18:00.919+0000] {dag.py:3340} INFO - Setting next_dagrun for example_short_circuit_operator to 2025-07-12T10:18:00.919252+00:00, run_after=2025-07-13T10:18:00.919252+00:00
[2025-07-13T10:18:00.950+0000] {processor.py:176} INFO - Processing /home/airflow/.local/lib/python3.7/site-packages/airflow/example_dags/example_short_circuit_operator.py took 0.157 seconds
[2025-07-13T10:18:31.671+0000] {processor.py:154} INFO - Started process (PID=3560) to work on /home/airflow/.local/lib/python3.7/site-packages/airflow/example_dags/example_short_circuit_operator.py
[2025-07-13T10:18:31.672+0000] {processor.py:756} INFO - Processing file /home/airflow/.local/lib/python3.7/site-packages/airflow/example_dags/example_short_circuit_operator.py for tasks to queue
[2025-07-13T10:18:31.673+0000] {logging_mixin.py:120} INFO - [2025-07-13T10:18:31.673+0000] {dagbag.py:537} INFO - Filling up the DagBag from /home/airflow/.local/lib/python3.7/site-packages/airflow/example_dags/example_short_circuit_operator.py
[2025-07-13T10:18:31.696+0000] {processor.py:766} INFO - DAG(s) dict_keys(['example_short_circuit_operator']) retrieved from /home/airflow/.local/lib/python3.7/site-packages/airflow/example_dags/example_short_circuit_operator.py
[2025-07-13T10:18:31.757+0000] {logging_mixin.py:120} INFO - [2025-07-13T10:18:31.757+0000] {dag.py:2585} INFO - Sync 1 DAGs
[2025-07-13T10:18:31.793+0000] {logging_mixin.py:120} INFO - [2025-07-13T10:18:31.792+0000] {dag.py:3340} INFO - Setting next_dagrun for example_short_circuit_operator to 2025-07-12T10:18:31.792515+00:00, run_after=2025-07-13T10:18:31.792515+00:00
[2025-07-13T10:18:31.821+0000] {processor.py:176} INFO - Processing /home/airflow/.local/lib/python3.7/site-packages/airflow/example_dags/example_short_circuit_operator.py took 0.154 seconds
[2025-07-13T10:19:01.922+0000] {processor.py:154} INFO - Started process (PID=3614) to work on /home/airflow/.local/lib/python3.7/site-packages/airflow/example_dags/example_short_circuit_operator.py
[2025-07-13T10:19:01.923+0000] {processor.py:756} INFO - Processing file /home/airflow/.local/lib/python3.7/site-packages/airflow/example_dags/example_short_circuit_operator.py for tasks to queue
[2025-07-13T10:19:01.925+0000] {logging_mixin.py:120} INFO - [2025-07-13T10:19:01.924+0000] {dagbag.py:537} INFO - Filling up the DagBag from /home/airflow/.local/lib/python3.7/site-packages/airflow/example_dags/example_short_circuit_operator.py
[2025-07-13T10:19:01.946+0000] {processor.py:766} INFO - DAG(s) dict_keys(['example_short_circuit_operator']) retrieved from /home/airflow/.local/lib/python3.7/site-packages/airflow/example_dags/example_short_circuit_operator.py
[2025-07-13T10:19:02.008+0000] {logging_mixin.py:120} INFO - [2025-07-13T10:19:02.008+0000] {dag.py:2585} INFO - Sync 1 DAGs
[2025-07-13T10:19:02.047+0000] {logging_mixin.py:120} INFO - [2025-07-13T10:19:02.047+0000] {dag.py:3340} INFO - Setting next_dagrun for example_short_circuit_operator to 2025-07-12T10:19:02.047164+00:00, run_after=2025-07-13T10:19:02.047164+00:00
[2025-07-13T10:19:02.078+0000] {processor.py:176} INFO - Processing /home/airflow/.local/lib/python3.7/site-packages/airflow/example_dags/example_short_circuit_operator.py took 0.160 seconds
[2025-07-13T10:19:32.381+0000] {processor.py:154} INFO - Started process (PID=3677) to work on /home/airflow/.local/lib/python3.7/site-packages/airflow/example_dags/example_short_circuit_operator.py
[2025-07-13T10:19:32.382+0000] {processor.py:756} INFO - Processing file /home/airflow/.local/lib/python3.7/site-packages/airflow/example_dags/example_short_circuit_operator.py for tasks to queue
[2025-07-13T10:19:32.383+0000] {logging_mixin.py:120} INFO - [2025-07-13T10:19:32.383+0000] {dagbag.py:537} INFO - Filling up the DagBag from /home/airflow/.local/lib/python3.7/site-packages/airflow/example_dags/example_short_circuit_operator.py
[2025-07-13T10:19:32.417+0000] {processor.py:766} INFO - DAG(s) dict_keys(['example_short_circuit_operator']) retrieved from /home/airflow/.local/lib/python3.7/site-packages/airflow/example_dags/example_short_circuit_operator.py
[2025-07-13T10:19:32.472+0000] {logging_mixin.py:120} INFO - [2025-07-13T10:19:32.472+0000] {dag.py:2585} INFO - Sync 1 DAGs
[2025-07-13T10:19:32.507+0000] {logging_mixin.py:120} INFO - [2025-07-13T10:19:32.507+0000] {dag.py:3340} INFO - Setting next_dagrun for example_short_circuit_operator to 2025-07-12T10:19:32.506794+00:00, run_after=2025-07-13T10:19:32.506794+00:00
[2025-07-13T10:19:32.541+0000] {processor.py:176} INFO - Processing /home/airflow/.local/lib/python3.7/site-packages/airflow/example_dags/example_short_circuit_operator.py took 0.164 seconds
[2025-07-13T10:20:02.904+0000] {processor.py:154} INFO - Started process (PID=3729) to work on /home/airflow/.local/lib/python3.7/site-packages/airflow/example_dags/example_short_circuit_operator.py
[2025-07-13T10:20:02.905+0000] {processor.py:756} INFO - Processing file /home/airflow/.local/lib/python3.7/site-packages/airflow/example_dags/example_short_circuit_operator.py for tasks to queue
[2025-07-13T10:20:02.906+0000] {logging_mixin.py:120} INFO - [2025-07-13T10:20:02.906+0000] {dagbag.py:537} INFO - Filling up the DagBag from /home/airflow/.local/lib/python3.7/site-packages/airflow/example_dags/example_short_circuit_operator.py
[2025-07-13T10:20:02.927+0000] {processor.py:766} INFO - DAG(s) dict_keys(['example_short_circuit_operator']) retrieved from /home/airflow/.local/lib/python3.7/site-packages/airflow/example_dags/example_short_circuit_operator.py
[2025-07-13T10:20:03.000+0000] {logging_mixin.py:120} INFO - [2025-07-13T10:20:03.000+0000] {dag.py:2585} INFO - Sync 1 DAGs
[2025-07-13T10:20:03.052+0000] {logging_mixin.py:120} INFO - [2025-07-13T10:20:03.051+0000] {dag.py:3340} INFO - Setting next_dagrun for example_short_circuit_operator to 2025-07-12T10:20:03.051460+00:00, run_after=2025-07-13T10:20:03.051460+00:00
[2025-07-13T10:20:03.095+0000] {processor.py:176} INFO - Processing /home/airflow/.local/lib/python3.7/site-packages/airflow/example_dags/example_short_circuit_operator.py took 0.198 seconds
[2025-07-13T10:20:33.204+0000] {processor.py:154} INFO - Started process (PID=3792) to work on /home/airflow/.local/lib/python3.7/site-packages/airflow/example_dags/example_short_circuit_operator.py
[2025-07-13T10:20:33.206+0000] {processor.py:756} INFO - Processing file /home/airflow/.local/lib/python3.7/site-packages/airflow/example_dags/example_short_circuit_operator.py for tasks to queue
[2025-07-13T10:20:33.208+0000] {logging_mixin.py:120} INFO - [2025-07-13T10:20:33.208+0000] {dagbag.py:537} INFO - Filling up the DagBag from /home/airflow/.local/lib/python3.7/site-packages/airflow/example_dags/example_short_circuit_operator.py
[2025-07-13T10:20:33.249+0000] {processor.py:766} INFO - DAG(s) dict_keys(['example_short_circuit_operator']) retrieved from /home/airflow/.local/lib/python3.7/site-packages/airflow/example_dags/example_short_circuit_operator.py
[2025-07-13T10:20:33.353+0000] {logging_mixin.py:120} INFO - [2025-07-13T10:20:33.353+0000] {dag.py:2585} INFO - Sync 1 DAGs
[2025-07-13T10:20:33.451+0000] {logging_mixin.py:120} INFO - [2025-07-13T10:20:33.450+0000] {dag.py:3340} INFO - Setting next_dagrun for example_short_circuit_operator to 2025-07-12T10:20:33.450519+00:00, run_after=2025-07-13T10:20:33.450519+00:00
[2025-07-13T10:20:33.502+0000] {processor.py:176} INFO - Processing /home/airflow/.local/lib/python3.7/site-packages/airflow/example_dags/example_short_circuit_operator.py took 0.304 seconds
[2025-07-13T10:21:04.080+0000] {processor.py:154} INFO - Started process (PID=3857) to work on /home/airflow/.local/lib/python3.7/site-packages/airflow/example_dags/example_short_circuit_operator.py
[2025-07-13T10:21:04.081+0000] {processor.py:756} INFO - Processing file /home/airflow/.local/lib/python3.7/site-packages/airflow/example_dags/example_short_circuit_operator.py for tasks to queue
[2025-07-13T10:21:04.083+0000] {logging_mixin.py:120} INFO - [2025-07-13T10:21:04.083+0000] {dagbag.py:537} INFO - Filling up the DagBag from /home/airflow/.local/lib/python3.7/site-packages/airflow/example_dags/example_short_circuit_operator.py
[2025-07-13T10:21:04.122+0000] {processor.py:766} INFO - DAG(s) dict_keys(['example_short_circuit_operator']) retrieved from /home/airflow/.local/lib/python3.7/site-packages/airflow/example_dags/example_short_circuit_operator.py
[2025-07-13T10:21:04.205+0000] {logging_mixin.py:120} INFO - [2025-07-13T10:21:04.205+0000] {dag.py:2585} INFO - Sync 1 DAGs
[2025-07-13T10:21:04.260+0000] {logging_mixin.py:120} INFO - [2025-07-13T10:21:04.260+0000] {dag.py:3340} INFO - Setting next_dagrun for example_short_circuit_operator to 2025-07-12T10:21:04.260036+00:00, run_after=2025-07-13T10:21:04.260036+00:00
[2025-07-13T10:21:04.297+0000] {processor.py:176} INFO - Processing /home/airflow/.local/lib/python3.7/site-packages/airflow/example_dags/example_short_circuit_operator.py took 0.222 seconds
[2025-07-13T10:21:34.495+0000] {processor.py:154} INFO - Started process (PID=3911) to work on /home/airflow/.local/lib/python3.7/site-packages/airflow/example_dags/example_short_circuit_operator.py
[2025-07-13T10:21:34.497+0000] {processor.py:756} INFO - Processing file /home/airflow/.local/lib/python3.7/site-packages/airflow/example_dags/example_short_circuit_operator.py for tasks to queue
[2025-07-13T10:21:34.499+0000] {logging_mixin.py:120} INFO - [2025-07-13T10:21:34.498+0000] {dagbag.py:537} INFO - Filling up the DagBag from /home/airflow/.local/lib/python3.7/site-packages/airflow/example_dags/example_short_circuit_operator.py
[2025-07-13T10:21:34.523+0000] {processor.py:766} INFO - DAG(s) dict_keys(['example_short_circuit_operator']) retrieved from /home/airflow/.local/lib/python3.7/site-packages/airflow/example_dags/example_short_circuit_operator.py
[2025-07-13T10:21:34.589+0000] {logging_mixin.py:120} INFO - [2025-07-13T10:21:34.589+0000] {dag.py:2585} INFO - Sync 1 DAGs
[2025-07-13T10:21:34.627+0000] {logging_mixin.py:120} INFO - [2025-07-13T10:21:34.627+0000] {dag.py:3340} INFO - Setting next_dagrun for example_short_circuit_operator to 2025-07-12T10:21:34.626907+00:00, run_after=2025-07-13T10:21:34.626907+00:00
[2025-07-13T10:21:34.660+0000] {processor.py:176} INFO - Processing /home/airflow/.local/lib/python3.7/site-packages/airflow/example_dags/example_short_circuit_operator.py took 0.170 seconds
[2025-07-13T10:22:04.806+0000] {processor.py:154} INFO - Started process (PID=3973) to work on /home/airflow/.local/lib/python3.7/site-packages/airflow/example_dags/example_short_circuit_operator.py
[2025-07-13T10:22:04.808+0000] {processor.py:756} INFO - Processing file /home/airflow/.local/lib/python3.7/site-packages/airflow/example_dags/example_short_circuit_operator.py for tasks to queue
[2025-07-13T10:22:04.810+0000] {logging_mixin.py:120} INFO - [2025-07-13T10:22:04.810+0000] {dagbag.py:537} INFO - Filling up the DagBag from /home/airflow/.local/lib/python3.7/site-packages/airflow/example_dags/example_short_circuit_operator.py
[2025-07-13T10:22:04.839+0000] {processor.py:766} INFO - DAG(s) dict_keys(['example_short_circuit_operator']) retrieved from /home/airflow/.local/lib/python3.7/site-packages/airflow/example_dags/example_short_circuit_operator.py
[2025-07-13T10:22:04.922+0000] {logging_mixin.py:120} INFO - [2025-07-13T10:22:04.922+0000] {dag.py:2585} INFO - Sync 1 DAGs
[2025-07-13T10:22:04.958+0000] {logging_mixin.py:120} INFO - [2025-07-13T10:22:04.957+0000] {dag.py:3340} INFO - Setting next_dagrun for example_short_circuit_operator to 2025-07-12T10:22:04.957559+00:00, run_after=2025-07-13T10:22:04.957559+00:00
[2025-07-13T10:22:04.991+0000] {processor.py:176} INFO - Processing /home/airflow/.local/lib/python3.7/site-packages/airflow/example_dags/example_short_circuit_operator.py took 0.191 seconds
[2025-07-13T10:22:35.247+0000] {processor.py:154} INFO - Started process (PID=4036) to work on /home/airflow/.local/lib/python3.7/site-packages/airflow/example_dags/example_short_circuit_operator.py
[2025-07-13T10:22:35.249+0000] {processor.py:756} INFO - Processing file /home/airflow/.local/lib/python3.7/site-packages/airflow/example_dags/example_short_circuit_operator.py for tasks to queue
[2025-07-13T10:22:35.251+0000] {logging_mixin.py:120} INFO - [2025-07-13T10:22:35.250+0000] {dagbag.py:537} INFO - Filling up the DagBag from /home/airflow/.local/lib/python3.7/site-packages/airflow/example_dags/example_short_circuit_operator.py
[2025-07-13T10:22:35.283+0000] {processor.py:766} INFO - DAG(s) dict_keys(['example_short_circuit_operator']) retrieved from /home/airflow/.local/lib/python3.7/site-packages/airflow/example_dags/example_short_circuit_operator.py
[2025-07-13T10:22:35.363+0000] {logging_mixin.py:120} INFO - [2025-07-13T10:22:35.363+0000] {dag.py:2585} INFO - Sync 1 DAGs
[2025-07-13T10:22:35.413+0000] {logging_mixin.py:120} INFO - [2025-07-13T10:22:35.412+0000] {dag.py:3340} INFO - Setting next_dagrun for example_short_circuit_operator to 2025-07-12T10:22:35.412414+00:00, run_after=2025-07-13T10:22:35.412414+00:00
[2025-07-13T10:22:35.454+0000] {processor.py:176} INFO - Processing /home/airflow/.local/lib/python3.7/site-packages/airflow/example_dags/example_short_circuit_operator.py took 0.214 seconds
[2025-07-13T10:23:05.590+0000] {processor.py:154} INFO - Started process (PID=4089) to work on /home/airflow/.local/lib/python3.7/site-packages/airflow/example_dags/example_short_circuit_operator.py
[2025-07-13T10:23:05.591+0000] {processor.py:756} INFO - Processing file /home/airflow/.local/lib/python3.7/site-packages/airflow/example_dags/example_short_circuit_operator.py for tasks to queue
[2025-07-13T10:23:05.593+0000] {logging_mixin.py:120} INFO - [2025-07-13T10:23:05.593+0000] {dagbag.py:537} INFO - Filling up the DagBag from /home/airflow/.local/lib/python3.7/site-packages/airflow/example_dags/example_short_circuit_operator.py
[2025-07-13T10:23:05.627+0000] {processor.py:766} INFO - DAG(s) dict_keys(['example_short_circuit_operator']) retrieved from /home/airflow/.local/lib/python3.7/site-packages/airflow/example_dags/example_short_circuit_operator.py
[2025-07-13T10:23:05.715+0000] {logging_mixin.py:120} INFO - [2025-07-13T10:23:05.715+0000] {dag.py:2585} INFO - Sync 1 DAGs
[2025-07-13T10:23:05.757+0000] {logging_mixin.py:120} INFO - [2025-07-13T10:23:05.757+0000] {dag.py:3340} INFO - Setting next_dagrun for example_short_circuit_operator to 2025-07-12T10:23:05.756764+00:00, run_after=2025-07-13T10:23:05.756764+00:00
[2025-07-13T10:23:05.785+0000] {processor.py:176} INFO - Processing /home/airflow/.local/lib/python3.7/site-packages/airflow/example_dags/example_short_circuit_operator.py took 0.201 seconds
[2025-07-13T10:23:36.063+0000] {processor.py:154} INFO - Started process (PID=4152) to work on /home/airflow/.local/lib/python3.7/site-packages/airflow/example_dags/example_short_circuit_operator.py
[2025-07-13T10:23:36.067+0000] {processor.py:756} INFO - Processing file /home/airflow/.local/lib/python3.7/site-packages/airflow/example_dags/example_short_circuit_operator.py for tasks to queue
[2025-07-13T10:23:36.074+0000] {logging_mixin.py:120} INFO - [2025-07-13T10:23:36.073+0000] {dagbag.py:537} INFO - Filling up the DagBag from /home/airflow/.local/lib/python3.7/site-packages/airflow/example_dags/example_short_circuit_operator.py
[2025-07-13T10:23:36.106+0000] {processor.py:766} INFO - DAG(s) dict_keys(['example_short_circuit_operator']) retrieved from /home/airflow/.local/lib/python3.7/site-packages/airflow/example_dags/example_short_circuit_operator.py
[2025-07-13T10:23:36.186+0000] {logging_mixin.py:120} INFO - [2025-07-13T10:23:36.186+0000] {dag.py:2585} INFO - Sync 1 DAGs
[2025-07-13T10:23:36.231+0000] {logging_mixin.py:120} INFO - [2025-07-13T10:23:36.230+0000] {dag.py:3340} INFO - Setting next_dagrun for example_short_circuit_operator to 2025-07-12T10:23:36.230515+00:00, run_after=2025-07-13T10:23:36.230515+00:00
[2025-07-13T10:23:36.274+0000] {processor.py:176} INFO - Processing /home/airflow/.local/lib/python3.7/site-packages/airflow/example_dags/example_short_circuit_operator.py took 0.217 seconds
[2025-07-13T10:24:06.468+0000] {processor.py:154} INFO - Started process (PID=4216) to work on /home/airflow/.local/lib/python3.7/site-packages/airflow/example_dags/example_short_circuit_operator.py
[2025-07-13T10:24:06.469+0000] {processor.py:756} INFO - Processing file /home/airflow/.local/lib/python3.7/site-packages/airflow/example_dags/example_short_circuit_operator.py for tasks to queue
[2025-07-13T10:24:06.471+0000] {logging_mixin.py:120} INFO - [2025-07-13T10:24:06.470+0000] {dagbag.py:537} INFO - Filling up the DagBag from /home/airflow/.local/lib/python3.7/site-packages/airflow/example_dags/example_short_circuit_operator.py
[2025-07-13T10:24:06.499+0000] {processor.py:766} INFO - DAG(s) dict_keys(['example_short_circuit_operator']) retrieved from /home/airflow/.local/lib/python3.7/site-packages/airflow/example_dags/example_short_circuit_operator.py
[2025-07-13T10:24:06.572+0000] {logging_mixin.py:120} INFO - [2025-07-13T10:24:06.572+0000] {dag.py:2585} INFO - Sync 1 DAGs
[2025-07-13T10:24:06.612+0000] {logging_mixin.py:120} INFO - [2025-07-13T10:24:06.612+0000] {dag.py:3340} INFO - Setting next_dagrun for example_short_circuit_operator to 2025-07-12T10:24:06.611942+00:00, run_after=2025-07-13T10:24:06.611942+00:00
[2025-07-13T10:24:06.651+0000] {processor.py:176} INFO - Processing /home/airflow/.local/lib/python3.7/site-packages/airflow/example_dags/example_short_circuit_operator.py took 0.188 seconds
[2025-07-13T10:24:36.818+0000] {processor.py:154} INFO - Started process (PID=4270) to work on /home/airflow/.local/lib/python3.7/site-packages/airflow/example_dags/example_short_circuit_operator.py
[2025-07-13T10:24:36.820+0000] {processor.py:756} INFO - Processing file /home/airflow/.local/lib/python3.7/site-packages/airflow/example_dags/example_short_circuit_operator.py for tasks to queue
[2025-07-13T10:24:36.822+0000] {logging_mixin.py:120} INFO - [2025-07-13T10:24:36.822+0000] {dagbag.py:537} INFO - Filling up the DagBag from /home/airflow/.local/lib/python3.7/site-packages/airflow/example_dags/example_short_circuit_operator.py
[2025-07-13T10:24:36.863+0000] {processor.py:766} INFO - DAG(s) dict_keys(['example_short_circuit_operator']) retrieved from /home/airflow/.local/lib/python3.7/site-packages/airflow/example_dags/example_short_circuit_operator.py
[2025-07-13T10:24:36.953+0000] {logging_mixin.py:120} INFO - [2025-07-13T10:24:36.953+0000] {dag.py:2585} INFO - Sync 1 DAGs
[2025-07-13T10:24:37.040+0000] {logging_mixin.py:120} INFO - [2025-07-13T10:24:37.039+0000] {dag.py:3340} INFO - Setting next_dagrun for example_short_circuit_operator to 2025-07-12T10:24:37.039413+00:00, run_after=2025-07-13T10:24:37.039413+00:00
[2025-07-13T10:24:37.158+0000] {processor.py:176} INFO - Processing /home/airflow/.local/lib/python3.7/site-packages/airflow/example_dags/example_short_circuit_operator.py took 0.346 seconds
[2025-07-13T10:25:07.888+0000] {processor.py:154} INFO - Started process (PID=4333) to work on /home/airflow/.local/lib/python3.7/site-packages/airflow/example_dags/example_short_circuit_operator.py
[2025-07-13T10:25:07.890+0000] {processor.py:756} INFO - Processing file /home/airflow/.local/lib/python3.7/site-packages/airflow/example_dags/example_short_circuit_operator.py for tasks to queue
[2025-07-13T10:25:07.891+0000] {logging_mixin.py:120} INFO - [2025-07-13T10:25:07.891+0000] {dagbag.py:537} INFO - Filling up the DagBag from /home/airflow/.local/lib/python3.7/site-packages/airflow/example_dags/example_short_circuit_operator.py
[2025-07-13T10:25:07.919+0000] {processor.py:766} INFO - DAG(s) dict_keys(['example_short_circuit_operator']) retrieved from /home/airflow/.local/lib/python3.7/site-packages/airflow/example_dags/example_short_circuit_operator.py
[2025-07-13T10:25:07.974+0000] {logging_mixin.py:120} INFO - [2025-07-13T10:25:07.974+0000] {dag.py:2585} INFO - Sync 1 DAGs
[2025-07-13T10:25:08.013+0000] {logging_mixin.py:120} INFO - [2025-07-13T10:25:08.013+0000] {dag.py:3340} INFO - Setting next_dagrun for example_short_circuit_operator to 2025-07-12T10:25:08.012675+00:00, run_after=2025-07-13T10:25:08.012675+00:00
[2025-07-13T10:25:08.049+0000] {processor.py:176} INFO - Processing /home/airflow/.local/lib/python3.7/site-packages/airflow/example_dags/example_short_circuit_operator.py took 0.166 seconds
[2025-07-13T10:25:38.357+0000] {processor.py:154} INFO - Started process (PID=4395) to work on /home/airflow/.local/lib/python3.7/site-packages/airflow/example_dags/example_short_circuit_operator.py
[2025-07-13T10:25:38.363+0000] {processor.py:756} INFO - Processing file /home/airflow/.local/lib/python3.7/site-packages/airflow/example_dags/example_short_circuit_operator.py for tasks to queue
[2025-07-13T10:25:38.369+0000] {logging_mixin.py:120} INFO - [2025-07-13T10:25:38.369+0000] {dagbag.py:537} INFO - Filling up the DagBag from /home/airflow/.local/lib/python3.7/site-packages/airflow/example_dags/example_short_circuit_operator.py
[2025-07-13T10:25:38.409+0000] {processor.py:766} INFO - DAG(s) dict_keys(['example_short_circuit_operator']) retrieved from /home/airflow/.local/lib/python3.7/site-packages/airflow/example_dags/example_short_circuit_operator.py
[2025-07-13T10:25:38.515+0000] {logging_mixin.py:120} INFO - [2025-07-13T10:25:38.515+0000] {dag.py:2585} INFO - Sync 1 DAGs
[2025-07-13T10:25:38.584+0000] {logging_mixin.py:120} INFO - [2025-07-13T10:25:38.583+0000] {dag.py:3340} INFO - Setting next_dagrun for example_short_circuit_operator to 2025-07-12T10:25:38.583279+00:00, run_after=2025-07-13T10:25:38.583279+00:00
[2025-07-13T10:25:38.642+0000] {processor.py:176} INFO - Processing /home/airflow/.local/lib/python3.7/site-packages/airflow/example_dags/example_short_circuit_operator.py took 0.291 seconds
[2025-07-13T10:26:08.719+0000] {processor.py:154} INFO - Started process (PID=4449) to work on /home/airflow/.local/lib/python3.7/site-packages/airflow/example_dags/example_short_circuit_operator.py
[2025-07-13T10:26:08.721+0000] {processor.py:756} INFO - Processing file /home/airflow/.local/lib/python3.7/site-packages/airflow/example_dags/example_short_circuit_operator.py for tasks to queue
[2025-07-13T10:26:08.723+0000] {logging_mixin.py:120} INFO - [2025-07-13T10:26:08.722+0000] {dagbag.py:537} INFO - Filling up the DagBag from /home/airflow/.local/lib/python3.7/site-packages/airflow/example_dags/example_short_circuit_operator.py
[2025-07-13T10:26:08.744+0000] {processor.py:766} INFO - DAG(s) dict_keys(['example_short_circuit_operator']) retrieved from /home/airflow/.local/lib/python3.7/site-packages/airflow/example_dags/example_short_circuit_operator.py
[2025-07-13T10:26:08.796+0000] {logging_mixin.py:120} INFO - [2025-07-13T10:26:08.796+0000] {dag.py:2585} INFO - Sync 1 DAGs
[2025-07-13T10:26:08.832+0000] {logging_mixin.py:120} INFO - [2025-07-13T10:26:08.831+0000] {dag.py:3340} INFO - Setting next_dagrun for example_short_circuit_operator to 2025-07-12T10:26:08.831476+00:00, run_after=2025-07-13T10:26:08.831476+00:00
[2025-07-13T10:26:08.868+0000] {processor.py:176} INFO - Processing /home/airflow/.local/lib/python3.7/site-packages/airflow/example_dags/example_short_circuit_operator.py took 0.153 seconds
[2025-07-13T10:26:39.211+0000] {processor.py:154} INFO - Started process (PID=4511) to work on /home/airflow/.local/lib/python3.7/site-packages/airflow/example_dags/example_short_circuit_operator.py
[2025-07-13T10:26:39.213+0000] {processor.py:756} INFO - Processing file /home/airflow/.local/lib/python3.7/site-packages/airflow/example_dags/example_short_circuit_operator.py for tasks to queue
[2025-07-13T10:26:39.214+0000] {logging_mixin.py:120} INFO - [2025-07-13T10:26:39.214+0000] {dagbag.py:537} INFO - Filling up the DagBag from /home/airflow/.local/lib/python3.7/site-packages/airflow/example_dags/example_short_circuit_operator.py
[2025-07-13T10:26:39.234+0000] {processor.py:766} INFO - DAG(s) dict_keys(['example_short_circuit_operator']) retrieved from /home/airflow/.local/lib/python3.7/site-packages/airflow/example_dags/example_short_circuit_operator.py
[2025-07-13T10:26:39.312+0000] {logging_mixin.py:120} INFO - [2025-07-13T10:26:39.311+0000] {dag.py:2585} INFO - Sync 1 DAGs
[2025-07-13T10:26:39.352+0000] {logging_mixin.py:120} INFO - [2025-07-13T10:26:39.352+0000] {dag.py:3340} INFO - Setting next_dagrun for example_short_circuit_operator to 2025-07-12T10:26:39.352173+00:00, run_after=2025-07-13T10:26:39.352173+00:00
[2025-07-13T10:26:39.390+0000] {processor.py:176} INFO - Processing /home/airflow/.local/lib/python3.7/site-packages/airflow/example_dags/example_short_circuit_operator.py took 0.184 seconds
[2025-07-13T10:27:09.666+0000] {processor.py:154} INFO - Started process (PID=4565) to work on /home/airflow/.local/lib/python3.7/site-packages/airflow/example_dags/example_short_circuit_operator.py
[2025-07-13T10:27:09.668+0000] {processor.py:756} INFO - Processing file /home/airflow/.local/lib/python3.7/site-packages/airflow/example_dags/example_short_circuit_operator.py for tasks to queue
[2025-07-13T10:27:09.669+0000] {logging_mixin.py:120} INFO - [2025-07-13T10:27:09.669+0000] {dagbag.py:537} INFO - Filling up the DagBag from /home/airflow/.local/lib/python3.7/site-packages/airflow/example_dags/example_short_circuit_operator.py
[2025-07-13T10:27:09.690+0000] {processor.py:766} INFO - DAG(s) dict_keys(['example_short_circuit_operator']) retrieved from /home/airflow/.local/lib/python3.7/site-packages/airflow/example_dags/example_short_circuit_operator.py
[2025-07-13T10:27:09.773+0000] {logging_mixin.py:120} INFO - [2025-07-13T10:27:09.773+0000] {dag.py:2585} INFO - Sync 1 DAGs
[2025-07-13T10:27:09.823+0000] {logging_mixin.py:120} INFO - [2025-07-13T10:27:09.823+0000] {dag.py:3340} INFO - Setting next_dagrun for example_short_circuit_operator to 2025-07-12T10:27:09.822602+00:00, run_after=2025-07-13T10:27:09.822602+00:00
[2025-07-13T10:27:09.870+0000] {processor.py:176} INFO - Processing /home/airflow/.local/lib/python3.7/site-packages/airflow/example_dags/example_short_circuit_operator.py took 0.208 seconds
[2025-07-13T10:27:39.929+0000] {processor.py:154} INFO - Started process (PID=4628) to work on /home/airflow/.local/lib/python3.7/site-packages/airflow/example_dags/example_short_circuit_operator.py
[2025-07-13T10:27:39.930+0000] {processor.py:756} INFO - Processing file /home/airflow/.local/lib/python3.7/site-packages/airflow/example_dags/example_short_circuit_operator.py for tasks to queue
[2025-07-13T10:27:39.931+0000] {logging_mixin.py:120} INFO - [2025-07-13T10:27:39.931+0000] {dagbag.py:537} INFO - Filling up the DagBag from /home/airflow/.local/lib/python3.7/site-packages/airflow/example_dags/example_short_circuit_operator.py
[2025-07-13T10:27:39.951+0000] {processor.py:766} INFO - DAG(s) dict_keys(['example_short_circuit_operator']) retrieved from /home/airflow/.local/lib/python3.7/site-packages/airflow/example_dags/example_short_circuit_operator.py
[2025-07-13T10:27:39.998+0000] {logging_mixin.py:120} INFO - [2025-07-13T10:27:39.998+0000] {dag.py:2585} INFO - Sync 1 DAGs
[2025-07-13T10:27:40.027+0000] {logging_mixin.py:120} INFO - [2025-07-13T10:27:40.027+0000] {dag.py:3340} INFO - Setting next_dagrun for example_short_circuit_operator to 2025-07-12T10:27:40.027120+00:00, run_after=2025-07-13T10:27:40.027120+00:00
[2025-07-13T10:27:40.052+0000] {processor.py:176} INFO - Processing /home/airflow/.local/lib/python3.7/site-packages/airflow/example_dags/example_short_circuit_operator.py took 0.128 seconds
[2025-07-13T10:28:10.335+0000] {processor.py:154} INFO - Started process (PID=4690) to work on /home/airflow/.local/lib/python3.7/site-packages/airflow/example_dags/example_short_circuit_operator.py
[2025-07-13T10:28:10.336+0000] {processor.py:756} INFO - Processing file /home/airflow/.local/lib/python3.7/site-packages/airflow/example_dags/example_short_circuit_operator.py for tasks to queue
[2025-07-13T10:28:10.337+0000] {logging_mixin.py:120} INFO - [2025-07-13T10:28:10.337+0000] {dagbag.py:537} INFO - Filling up the DagBag from /home/airflow/.local/lib/python3.7/site-packages/airflow/example_dags/example_short_circuit_operator.py
[2025-07-13T10:28:10.368+0000] {processor.py:766} INFO - DAG(s) dict_keys(['example_short_circuit_operator']) retrieved from /home/airflow/.local/lib/python3.7/site-packages/airflow/example_dags/example_short_circuit_operator.py
[2025-07-13T10:28:10.448+0000] {logging_mixin.py:120} INFO - [2025-07-13T10:28:10.447+0000] {dag.py:2585} INFO - Sync 1 DAGs
[2025-07-13T10:28:10.484+0000] {logging_mixin.py:120} INFO - [2025-07-13T10:28:10.484+0000] {dag.py:3340} INFO - Setting next_dagrun for example_short_circuit_operator to 2025-07-12T10:28:10.483583+00:00, run_after=2025-07-13T10:28:10.483583+00:00
[2025-07-13T10:28:10.522+0000] {processor.py:176} INFO - Processing /home/airflow/.local/lib/python3.7/site-packages/airflow/example_dags/example_short_circuit_operator.py took 0.192 seconds
[2025-07-13T10:28:40.564+0000] {processor.py:154} INFO - Started process (PID=4745) to work on /home/airflow/.local/lib/python3.7/site-packages/airflow/example_dags/example_short_circuit_operator.py
[2025-07-13T10:28:40.565+0000] {processor.py:756} INFO - Processing file /home/airflow/.local/lib/python3.7/site-packages/airflow/example_dags/example_short_circuit_operator.py for tasks to queue
[2025-07-13T10:28:40.567+0000] {logging_mixin.py:120} INFO - [2025-07-13T10:28:40.567+0000] {dagbag.py:537} INFO - Filling up the DagBag from /home/airflow/.local/lib/python3.7/site-packages/airflow/example_dags/example_short_circuit_operator.py
[2025-07-13T10:28:40.591+0000] {processor.py:766} INFO - DAG(s) dict_keys(['example_short_circuit_operator']) retrieved from /home/airflow/.local/lib/python3.7/site-packages/airflow/example_dags/example_short_circuit_operator.py
[2025-07-13T10:28:40.640+0000] {logging_mixin.py:120} INFO - [2025-07-13T10:28:40.639+0000] {dag.py:2585} INFO - Sync 1 DAGs
[2025-07-13T10:28:40.666+0000] {logging_mixin.py:120} INFO - [2025-07-13T10:28:40.666+0000] {dag.py:3340} INFO - Setting next_dagrun for example_short_circuit_operator to 2025-07-12T10:28:40.666392+00:00, run_after=2025-07-13T10:28:40.666392+00:00
[2025-07-13T10:28:40.691+0000] {processor.py:176} INFO - Processing /home/airflow/.local/lib/python3.7/site-packages/airflow/example_dags/example_short_circuit_operator.py took 0.132 seconds
[2025-07-13T10:29:10.874+0000] {processor.py:154} INFO - Started process (PID=4808) to work on /home/airflow/.local/lib/python3.7/site-packages/airflow/example_dags/example_short_circuit_operator.py
[2025-07-13T10:29:10.876+0000] {processor.py:756} INFO - Processing file /home/airflow/.local/lib/python3.7/site-packages/airflow/example_dags/example_short_circuit_operator.py for tasks to queue
[2025-07-13T10:29:10.879+0000] {logging_mixin.py:120} INFO - [2025-07-13T10:29:10.879+0000] {dagbag.py:537} INFO - Filling up the DagBag from /home/airflow/.local/lib/python3.7/site-packages/airflow/example_dags/example_short_circuit_operator.py
[2025-07-13T10:29:10.932+0000] {processor.py:766} INFO - DAG(s) dict_keys(['example_short_circuit_operator']) retrieved from /home/airflow/.local/lib/python3.7/site-packages/airflow/example_dags/example_short_circuit_operator.py
[2025-07-13T10:29:11.068+0000] {logging_mixin.py:120} INFO - [2025-07-13T10:29:11.067+0000] {dag.py:2585} INFO - Sync 1 DAGs
[2025-07-13T10:29:11.136+0000] {logging_mixin.py:120} INFO - [2025-07-13T10:29:11.135+0000] {dag.py:3340} INFO - Setting next_dagrun for example_short_circuit_operator to 2025-07-12T10:29:11.135533+00:00, run_after=2025-07-13T10:29:11.135533+00:00
[2025-07-13T10:29:11.171+0000] {processor.py:176} INFO - Processing /home/airflow/.local/lib/python3.7/site-packages/airflow/example_dags/example_short_circuit_operator.py took 0.303 seconds
[2025-07-13T10:29:41.304+0000] {processor.py:154} INFO - Started process (PID=4862) to work on /home/airflow/.local/lib/python3.7/site-packages/airflow/example_dags/example_short_circuit_operator.py
[2025-07-13T10:29:41.308+0000] {processor.py:756} INFO - Processing file /home/airflow/.local/lib/python3.7/site-packages/airflow/example_dags/example_short_circuit_operator.py for tasks to queue
[2025-07-13T10:29:41.310+0000] {logging_mixin.py:120} INFO - [2025-07-13T10:29:41.310+0000] {dagbag.py:537} INFO - Filling up the DagBag from /home/airflow/.local/lib/python3.7/site-packages/airflow/example_dags/example_short_circuit_operator.py
[2025-07-13T10:29:41.351+0000] {processor.py:766} INFO - DAG(s) dict_keys(['example_short_circuit_operator']) retrieved from /home/airflow/.local/lib/python3.7/site-packages/airflow/example_dags/example_short_circuit_operator.py
[2025-07-13T10:29:41.433+0000] {logging_mixin.py:120} INFO - [2025-07-13T10:29:41.433+0000] {dag.py:2585} INFO - Sync 1 DAGs
[2025-07-13T10:29:41.471+0000] {logging_mixin.py:120} INFO - [2025-07-13T10:29:41.471+0000] {dag.py:3340} INFO - Setting next_dagrun for example_short_circuit_operator to 2025-07-12T10:29:41.470997+00:00, run_after=2025-07-13T10:29:41.470997+00:00
[2025-07-13T10:29:41.510+0000] {processor.py:176} INFO - Processing /home/airflow/.local/lib/python3.7/site-packages/airflow/example_dags/example_short_circuit_operator.py took 0.212 seconds
[2025-07-13T10:30:11.880+0000] {processor.py:154} INFO - Started process (PID=4925) to work on /home/airflow/.local/lib/python3.7/site-packages/airflow/example_dags/example_short_circuit_operator.py
[2025-07-13T10:30:11.882+0000] {processor.py:756} INFO - Processing file /home/airflow/.local/lib/python3.7/site-packages/airflow/example_dags/example_short_circuit_operator.py for tasks to queue
[2025-07-13T10:30:11.883+0000] {logging_mixin.py:120} INFO - [2025-07-13T10:30:11.883+0000] {dagbag.py:537} INFO - Filling up the DagBag from /home/airflow/.local/lib/python3.7/site-packages/airflow/example_dags/example_short_circuit_operator.py
[2025-07-13T10:30:11.915+0000] {processor.py:766} INFO - DAG(s) dict_keys(['example_short_circuit_operator']) retrieved from /home/airflow/.local/lib/python3.7/site-packages/airflow/example_dags/example_short_circuit_operator.py
[2025-07-13T10:30:11.975+0000] {logging_mixin.py:120} INFO - [2025-07-13T10:30:11.975+0000] {dag.py:2585} INFO - Sync 1 DAGs
[2025-07-13T10:30:12.009+0000] {logging_mixin.py:120} INFO - [2025-07-13T10:30:12.009+0000] {dag.py:3340} INFO - Setting next_dagrun for example_short_circuit_operator to 2025-07-12T10:30:12.008814+00:00, run_after=2025-07-13T10:30:12.008814+00:00
[2025-07-13T10:30:12.039+0000] {processor.py:176} INFO - Processing /home/airflow/.local/lib/python3.7/site-packages/airflow/example_dags/example_short_circuit_operator.py took 0.163 seconds
[2025-07-13T10:30:42.790+0000] {processor.py:154} INFO - Started process (PID=4980) to work on /home/airflow/.local/lib/python3.7/site-packages/airflow/example_dags/example_short_circuit_operator.py
[2025-07-13T10:30:42.792+0000] {processor.py:756} INFO - Processing file /home/airflow/.local/lib/python3.7/site-packages/airflow/example_dags/example_short_circuit_operator.py for tasks to queue
[2025-07-13T10:30:42.793+0000] {logging_mixin.py:120} INFO - [2025-07-13T10:30:42.793+0000] {dagbag.py:537} INFO - Filling up the DagBag from /home/airflow/.local/lib/python3.7/site-packages/airflow/example_dags/example_short_circuit_operator.py
[2025-07-13T10:30:42.826+0000] {processor.py:766} INFO - DAG(s) dict_keys(['example_short_circuit_operator']) retrieved from /home/airflow/.local/lib/python3.7/site-packages/airflow/example_dags/example_short_circuit_operator.py
[2025-07-13T10:30:42.892+0000] {logging_mixin.py:120} INFO - [2025-07-13T10:30:42.892+0000] {dag.py:2585} INFO - Sync 1 DAGs
[2025-07-13T10:30:42.929+0000] {logging_mixin.py:120} INFO - [2025-07-13T10:30:42.929+0000] {dag.py:3340} INFO - Setting next_dagrun for example_short_circuit_operator to 2025-07-12T10:30:42.928683+00:00, run_after=2025-07-13T10:30:42.928683+00:00
[2025-07-13T10:30:42.964+0000] {processor.py:176} INFO - Processing /home/airflow/.local/lib/python3.7/site-packages/airflow/example_dags/example_short_circuit_operator.py took 0.180 seconds
[2025-07-13T10:31:13.185+0000] {processor.py:154} INFO - Started process (PID=5043) to work on /home/airflow/.local/lib/python3.7/site-packages/airflow/example_dags/example_short_circuit_operator.py
[2025-07-13T10:31:13.186+0000] {processor.py:756} INFO - Processing file /home/airflow/.local/lib/python3.7/site-packages/airflow/example_dags/example_short_circuit_operator.py for tasks to queue
[2025-07-13T10:31:13.188+0000] {logging_mixin.py:120} INFO - [2025-07-13T10:31:13.188+0000] {dagbag.py:537} INFO - Filling up the DagBag from /home/airflow/.local/lib/python3.7/site-packages/airflow/example_dags/example_short_circuit_operator.py
[2025-07-13T10:31:13.223+0000] {processor.py:766} INFO - DAG(s) dict_keys(['example_short_circuit_operator']) retrieved from /home/airflow/.local/lib/python3.7/site-packages/airflow/example_dags/example_short_circuit_operator.py
[2025-07-13T10:31:13.287+0000] {logging_mixin.py:120} INFO - [2025-07-13T10:31:13.286+0000] {dag.py:2585} INFO - Sync 1 DAGs
[2025-07-13T10:31:13.317+0000] {logging_mixin.py:120} INFO - [2025-07-13T10:31:13.317+0000] {dag.py:3340} INFO - Setting next_dagrun for example_short_circuit_operator to 2025-07-12T10:31:13.317229+00:00, run_after=2025-07-13T10:31:13.317229+00:00
[2025-07-13T10:31:13.352+0000] {processor.py:176} INFO - Processing /home/airflow/.local/lib/python3.7/site-packages/airflow/example_dags/example_short_circuit_operator.py took 0.171 seconds
[2025-07-13T10:31:43.653+0000] {processor.py:154} INFO - Started process (PID=5106) to work on /home/airflow/.local/lib/python3.7/site-packages/airflow/example_dags/example_short_circuit_operator.py
[2025-07-13T10:31:43.655+0000] {processor.py:756} INFO - Processing file /home/airflow/.local/lib/python3.7/site-packages/airflow/example_dags/example_short_circuit_operator.py for tasks to queue
[2025-07-13T10:31:43.657+0000] {logging_mixin.py:120} INFO - [2025-07-13T10:31:43.656+0000] {dagbag.py:537} INFO - Filling up the DagBag from /home/airflow/.local/lib/python3.7/site-packages/airflow/example_dags/example_short_circuit_operator.py
[2025-07-13T10:31:43.690+0000] {processor.py:766} INFO - DAG(s) dict_keys(['example_short_circuit_operator']) retrieved from /home/airflow/.local/lib/python3.7/site-packages/airflow/example_dags/example_short_circuit_operator.py
[2025-07-13T10:31:43.771+0000] {logging_mixin.py:120} INFO - [2025-07-13T10:31:43.771+0000] {dag.py:2585} INFO - Sync 1 DAGs
[2025-07-13T10:31:43.810+0000] {logging_mixin.py:120} INFO - [2025-07-13T10:31:43.809+0000] {dag.py:3340} INFO - Setting next_dagrun for example_short_circuit_operator to 2025-07-12T10:31:43.809084+00:00, run_after=2025-07-13T10:31:43.809084+00:00
[2025-07-13T10:31:43.853+0000] {processor.py:176} INFO - Processing /home/airflow/.local/lib/python3.7/site-packages/airflow/example_dags/example_short_circuit_operator.py took 0.208 seconds
[2025-07-13T10:32:14.077+0000] {processor.py:154} INFO - Started process (PID=5159) to work on /home/airflow/.local/lib/python3.7/site-packages/airflow/example_dags/example_short_circuit_operator.py
[2025-07-13T10:32:14.079+0000] {processor.py:756} INFO - Processing file /home/airflow/.local/lib/python3.7/site-packages/airflow/example_dags/example_short_circuit_operator.py for tasks to queue
[2025-07-13T10:32:14.080+0000] {logging_mixin.py:120} INFO - [2025-07-13T10:32:14.080+0000] {dagbag.py:537} INFO - Filling up the DagBag from /home/airflow/.local/lib/python3.7/site-packages/airflow/example_dags/example_short_circuit_operator.py
[2025-07-13T10:32:14.110+0000] {processor.py:766} INFO - DAG(s) dict_keys(['example_short_circuit_operator']) retrieved from /home/airflow/.local/lib/python3.7/site-packages/airflow/example_dags/example_short_circuit_operator.py
[2025-07-13T10:32:14.189+0000] {logging_mixin.py:120} INFO - [2025-07-13T10:32:14.189+0000] {dag.py:2585} INFO - Sync 1 DAGs
[2025-07-13T10:32:14.235+0000] {logging_mixin.py:120} INFO - [2025-07-13T10:32:14.235+0000] {dag.py:3340} INFO - Setting next_dagrun for example_short_circuit_operator to 2025-07-12T10:32:14.235122+00:00, run_after=2025-07-13T10:32:14.235122+00:00
[2025-07-13T10:32:14.279+0000] {processor.py:176} INFO - Processing /home/airflow/.local/lib/python3.7/site-packages/airflow/example_dags/example_short_circuit_operator.py took 0.210 seconds
[2025-07-13T10:32:44.662+0000] {processor.py:154} INFO - Started process (PID=5222) to work on /home/airflow/.local/lib/python3.7/site-packages/airflow/example_dags/example_short_circuit_operator.py
[2025-07-13T10:32:44.664+0000] {processor.py:756} INFO - Processing file /home/airflow/.local/lib/python3.7/site-packages/airflow/example_dags/example_short_circuit_operator.py for tasks to queue
[2025-07-13T10:32:44.665+0000] {logging_mixin.py:120} INFO - [2025-07-13T10:32:44.665+0000] {dagbag.py:537} INFO - Filling up the DagBag from /home/airflow/.local/lib/python3.7/site-packages/airflow/example_dags/example_short_circuit_operator.py
[2025-07-13T10:32:44.691+0000] {processor.py:766} INFO - DAG(s) dict_keys(['example_short_circuit_operator']) retrieved from /home/airflow/.local/lib/python3.7/site-packages/airflow/example_dags/example_short_circuit_operator.py
[2025-07-13T10:32:44.749+0000] {logging_mixin.py:120} INFO - [2025-07-13T10:32:44.749+0000] {dag.py:2585} INFO - Sync 1 DAGs
[2025-07-13T10:32:44.780+0000] {logging_mixin.py:120} INFO - [2025-07-13T10:32:44.780+0000] {dag.py:3340} INFO - Setting next_dagrun for example_short_circuit_operator to 2025-07-12T10:32:44.780440+00:00, run_after=2025-07-13T10:32:44.780440+00:00
[2025-07-13T10:32:44.816+0000] {processor.py:176} INFO - Processing /home/airflow/.local/lib/python3.7/site-packages/airflow/example_dags/example_short_circuit_operator.py took 0.157 seconds
[2025-07-13T10:33:14.877+0000] {processor.py:154} INFO - Started process (PID=5275) to work on /home/airflow/.local/lib/python3.7/site-packages/airflow/example_dags/example_short_circuit_operator.py
[2025-07-13T10:33:14.879+0000] {processor.py:756} INFO - Processing file /home/airflow/.local/lib/python3.7/site-packages/airflow/example_dags/example_short_circuit_operator.py for tasks to queue
[2025-07-13T10:33:14.880+0000] {logging_mixin.py:120} INFO - [2025-07-13T10:33:14.880+0000] {dagbag.py:537} INFO - Filling up the DagBag from /home/airflow/.local/lib/python3.7/site-packages/airflow/example_dags/example_short_circuit_operator.py
[2025-07-13T10:33:14.899+0000] {processor.py:766} INFO - DAG(s) dict_keys(['example_short_circuit_operator']) retrieved from /home/airflow/.local/lib/python3.7/site-packages/airflow/example_dags/example_short_circuit_operator.py
[2025-07-13T10:33:14.957+0000] {logging_mixin.py:120} INFO - [2025-07-13T10:33:14.957+0000] {dag.py:2585} INFO - Sync 1 DAGs
[2025-07-13T10:33:14.994+0000] {logging_mixin.py:120} INFO - [2025-07-13T10:33:14.993+0000] {dag.py:3340} INFO - Setting next_dagrun for example_short_circuit_operator to 2025-07-12T10:33:14.993582+00:00, run_after=2025-07-13T10:33:14.993582+00:00
[2025-07-13T10:33:15.025+0000] {processor.py:176} INFO - Processing /home/airflow/.local/lib/python3.7/site-packages/airflow/example_dags/example_short_circuit_operator.py took 0.153 seconds
[2025-07-13T10:33:45.495+0000] {processor.py:154} INFO - Started process (PID=5340) to work on /home/airflow/.local/lib/python3.7/site-packages/airflow/example_dags/example_short_circuit_operator.py
[2025-07-13T10:33:45.498+0000] {processor.py:756} INFO - Processing file /home/airflow/.local/lib/python3.7/site-packages/airflow/example_dags/example_short_circuit_operator.py for tasks to queue
[2025-07-13T10:33:45.505+0000] {logging_mixin.py:120} INFO - [2025-07-13T10:33:45.505+0000] {dagbag.py:537} INFO - Filling up the DagBag from /home/airflow/.local/lib/python3.7/site-packages/airflow/example_dags/example_short_circuit_operator.py
[2025-07-13T10:33:45.564+0000] {processor.py:766} INFO - DAG(s) dict_keys(['example_short_circuit_operator']) retrieved from /home/airflow/.local/lib/python3.7/site-packages/airflow/example_dags/example_short_circuit_operator.py
[2025-07-13T10:33:45.661+0000] {logging_mixin.py:120} INFO - [2025-07-13T10:33:45.661+0000] {dag.py:2585} INFO - Sync 1 DAGs
[2025-07-13T10:33:45.716+0000] {logging_mixin.py:120} INFO - [2025-07-13T10:33:45.716+0000] {dag.py:3340} INFO - Setting next_dagrun for example_short_circuit_operator to 2025-07-12T10:33:45.715756+00:00, run_after=2025-07-13T10:33:45.715756+00:00
[2025-07-13T10:33:45.746+0000] {processor.py:176} INFO - Processing /home/airflow/.local/lib/python3.7/site-packages/airflow/example_dags/example_short_circuit_operator.py took 0.258 seconds
[2025-07-13T10:34:15.814+0000] {processor.py:154} INFO - Started process (PID=5403) to work on /home/airflow/.local/lib/python3.7/site-packages/airflow/example_dags/example_short_circuit_operator.py
[2025-07-13T10:34:15.816+0000] {processor.py:756} INFO - Processing file /home/airflow/.local/lib/python3.7/site-packages/airflow/example_dags/example_short_circuit_operator.py for tasks to queue
[2025-07-13T10:34:15.817+0000] {logging_mixin.py:120} INFO - [2025-07-13T10:34:15.817+0000] {dagbag.py:537} INFO - Filling up the DagBag from /home/airflow/.local/lib/python3.7/site-packages/airflow/example_dags/example_short_circuit_operator.py
[2025-07-13T10:34:15.838+0000] {processor.py:766} INFO - DAG(s) dict_keys(['example_short_circuit_operator']) retrieved from /home/airflow/.local/lib/python3.7/site-packages/airflow/example_dags/example_short_circuit_operator.py
[2025-07-13T10:34:15.895+0000] {logging_mixin.py:120} INFO - [2025-07-13T10:34:15.895+0000] {dag.py:2585} INFO - Sync 1 DAGs
[2025-07-13T10:34:15.932+0000] {logging_mixin.py:120} INFO - [2025-07-13T10:34:15.932+0000] {dag.py:3340} INFO - Setting next_dagrun for example_short_circuit_operator to 2025-07-12T10:34:15.931823+00:00, run_after=2025-07-13T10:34:15.931823+00:00
[2025-07-13T10:34:15.964+0000] {processor.py:176} INFO - Processing /home/airflow/.local/lib/python3.7/site-packages/airflow/example_dags/example_short_circuit_operator.py took 0.154 seconds
[2025-07-13T10:34:46.127+0000] {processor.py:154} INFO - Started process (PID=5456) to work on /home/airflow/.local/lib/python3.7/site-packages/airflow/example_dags/example_short_circuit_operator.py
[2025-07-13T10:34:46.129+0000] {processor.py:756} INFO - Processing file /home/airflow/.local/lib/python3.7/site-packages/airflow/example_dags/example_short_circuit_operator.py for tasks to queue
[2025-07-13T10:34:46.130+0000] {logging_mixin.py:120} INFO - [2025-07-13T10:34:46.130+0000] {dagbag.py:537} INFO - Filling up the DagBag from /home/airflow/.local/lib/python3.7/site-packages/airflow/example_dags/example_short_circuit_operator.py
[2025-07-13T10:34:46.153+0000] {processor.py:766} INFO - DAG(s) dict_keys(['example_short_circuit_operator']) retrieved from /home/airflow/.local/lib/python3.7/site-packages/airflow/example_dags/example_short_circuit_operator.py
[2025-07-13T10:34:46.211+0000] {logging_mixin.py:120} INFO - [2025-07-13T10:34:46.211+0000] {dag.py:2585} INFO - Sync 1 DAGs
[2025-07-13T10:34:46.248+0000] {logging_mixin.py:120} INFO - [2025-07-13T10:34:46.248+0000] {dag.py:3340} INFO - Setting next_dagrun for example_short_circuit_operator to 2025-07-12T10:34:46.248167+00:00, run_after=2025-07-13T10:34:46.248167+00:00
[2025-07-13T10:34:46.284+0000] {processor.py:176} INFO - Processing /home/airflow/.local/lib/python3.7/site-packages/airflow/example_dags/example_short_circuit_operator.py took 0.161 seconds
[2025-07-13T10:35:16.559+0000] {processor.py:154} INFO - Started process (PID=5519) to work on /home/airflow/.local/lib/python3.7/site-packages/airflow/example_dags/example_short_circuit_operator.py
[2025-07-13T10:35:16.561+0000] {processor.py:756} INFO - Processing file /home/airflow/.local/lib/python3.7/site-packages/airflow/example_dags/example_short_circuit_operator.py for tasks to queue
[2025-07-13T10:35:16.563+0000] {logging_mixin.py:120} INFO - [2025-07-13T10:35:16.562+0000] {dagbag.py:537} INFO - Filling up the DagBag from /home/airflow/.local/lib/python3.7/site-packages/airflow/example_dags/example_short_circuit_operator.py
[2025-07-13T10:35:16.593+0000] {processor.py:766} INFO - DAG(s) dict_keys(['example_short_circuit_operator']) retrieved from /home/airflow/.local/lib/python3.7/site-packages/airflow/example_dags/example_short_circuit_operator.py
[2025-07-13T10:35:16.656+0000] {logging_mixin.py:120} INFO - [2025-07-13T10:35:16.655+0000] {dag.py:2585} INFO - Sync 1 DAGs
[2025-07-13T10:35:16.695+0000] {logging_mixin.py:120} INFO - [2025-07-13T10:35:16.694+0000] {dag.py:3340} INFO - Setting next_dagrun for example_short_circuit_operator to 2025-07-12T10:35:16.694003+00:00, run_after=2025-07-13T10:35:16.694003+00:00
[2025-07-13T10:35:16.735+0000] {processor.py:176} INFO - Processing /home/airflow/.local/lib/python3.7/site-packages/airflow/example_dags/example_short_circuit_operator.py took 0.181 seconds
[2025-07-13T10:35:46.842+0000] {processor.py:154} INFO - Started process (PID=5581) to work on /home/airflow/.local/lib/python3.7/site-packages/airflow/example_dags/example_short_circuit_operator.py
[2025-07-13T10:35:46.844+0000] {processor.py:756} INFO - Processing file /home/airflow/.local/lib/python3.7/site-packages/airflow/example_dags/example_short_circuit_operator.py for tasks to queue
[2025-07-13T10:35:46.845+0000] {logging_mixin.py:120} INFO - [2025-07-13T10:35:46.845+0000] {dagbag.py:537} INFO - Filling up the DagBag from /home/airflow/.local/lib/python3.7/site-packages/airflow/example_dags/example_short_circuit_operator.py
[2025-07-13T10:35:46.881+0000] {processor.py:766} INFO - DAG(s) dict_keys(['example_short_circuit_operator']) retrieved from /home/airflow/.local/lib/python3.7/site-packages/airflow/example_dags/example_short_circuit_operator.py
[2025-07-13T10:35:46.987+0000] {logging_mixin.py:120} INFO - [2025-07-13T10:35:46.986+0000] {dag.py:2585} INFO - Sync 1 DAGs
[2025-07-13T10:35:47.038+0000] {logging_mixin.py:120} INFO - [2025-07-13T10:35:47.038+0000] {dag.py:3340} INFO - Setting next_dagrun for example_short_circuit_operator to 2025-07-12T10:35:47.038096+00:00, run_after=2025-07-13T10:35:47.038096+00:00
[2025-07-13T10:35:47.083+0000] {processor.py:176} INFO - Processing /home/airflow/.local/lib/python3.7/site-packages/airflow/example_dags/example_short_circuit_operator.py took 0.248 seconds
[2025-07-13T10:36:17.275+0000] {processor.py:154} INFO - Started process (PID=5636) to work on /home/airflow/.local/lib/python3.7/site-packages/airflow/example_dags/example_short_circuit_operator.py
[2025-07-13T10:36:17.276+0000] {processor.py:756} INFO - Processing file /home/airflow/.local/lib/python3.7/site-packages/airflow/example_dags/example_short_circuit_operator.py for tasks to queue
[2025-07-13T10:36:17.277+0000] {logging_mixin.py:120} INFO - [2025-07-13T10:36:17.277+0000] {dagbag.py:537} INFO - Filling up the DagBag from /home/airflow/.local/lib/python3.7/site-packages/airflow/example_dags/example_short_circuit_operator.py
[2025-07-13T10:36:17.307+0000] {processor.py:766} INFO - DAG(s) dict_keys(['example_short_circuit_operator']) retrieved from /home/airflow/.local/lib/python3.7/site-packages/airflow/example_dags/example_short_circuit_operator.py
[2025-07-13T10:36:17.375+0000] {logging_mixin.py:120} INFO - [2025-07-13T10:36:17.375+0000] {dag.py:2585} INFO - Sync 1 DAGs
[2025-07-13T10:36:17.431+0000] {logging_mixin.py:120} INFO - [2025-07-13T10:36:17.430+0000] {dag.py:3340} INFO - Setting next_dagrun for example_short_circuit_operator to 2025-07-12T10:36:17.428924+00:00, run_after=2025-07-13T10:36:17.428924+00:00
[2025-07-13T10:36:17.506+0000] {processor.py:176} INFO - Processing /home/airflow/.local/lib/python3.7/site-packages/airflow/example_dags/example_short_circuit_operator.py took 0.235 seconds
[2025-07-13T10:36:47.637+0000] {processor.py:154} INFO - Started process (PID=5699) to work on /home/airflow/.local/lib/python3.7/site-packages/airflow/example_dags/example_short_circuit_operator.py
[2025-07-13T10:36:47.638+0000] {processor.py:756} INFO - Processing file /home/airflow/.local/lib/python3.7/site-packages/airflow/example_dags/example_short_circuit_operator.py for tasks to queue
[2025-07-13T10:36:47.639+0000] {logging_mixin.py:120} INFO - [2025-07-13T10:36:47.639+0000] {dagbag.py:537} INFO - Filling up the DagBag from /home/airflow/.local/lib/python3.7/site-packages/airflow/example_dags/example_short_circuit_operator.py
[2025-07-13T10:36:47.660+0000] {processor.py:766} INFO - DAG(s) dict_keys(['example_short_circuit_operator']) retrieved from /home/airflow/.local/lib/python3.7/site-packages/airflow/example_dags/example_short_circuit_operator.py
[2025-07-13T10:36:47.729+0000] {logging_mixin.py:120} INFO - [2025-07-13T10:36:47.728+0000] {dag.py:2585} INFO - Sync 1 DAGs
[2025-07-13T10:36:47.781+0000] {logging_mixin.py:120} INFO - [2025-07-13T10:36:47.780+0000] {dag.py:3340} INFO - Setting next_dagrun for example_short_circuit_operator to 2025-07-12T10:36:47.780538+00:00, run_after=2025-07-13T10:36:47.780538+00:00
[2025-07-13T10:36:47.838+0000] {processor.py:176} INFO - Processing /home/airflow/.local/lib/python3.7/site-packages/airflow/example_dags/example_short_circuit_operator.py took 0.205 seconds
[2025-07-13T10:37:18.221+0000] {processor.py:154} INFO - Started process (PID=5753) to work on /home/airflow/.local/lib/python3.7/site-packages/airflow/example_dags/example_short_circuit_operator.py
[2025-07-13T10:37:18.223+0000] {processor.py:756} INFO - Processing file /home/airflow/.local/lib/python3.7/site-packages/airflow/example_dags/example_short_circuit_operator.py for tasks to queue
[2025-07-13T10:37:18.224+0000] {logging_mixin.py:120} INFO - [2025-07-13T10:37:18.224+0000] {dagbag.py:537} INFO - Filling up the DagBag from /home/airflow/.local/lib/python3.7/site-packages/airflow/example_dags/example_short_circuit_operator.py
[2025-07-13T10:37:18.247+0000] {processor.py:766} INFO - DAG(s) dict_keys(['example_short_circuit_operator']) retrieved from /home/airflow/.local/lib/python3.7/site-packages/airflow/example_dags/example_short_circuit_operator.py
[2025-07-13T10:37:18.309+0000] {logging_mixin.py:120} INFO - [2025-07-13T10:37:18.309+0000] {dag.py:2585} INFO - Sync 1 DAGs
[2025-07-13T10:37:18.342+0000] {logging_mixin.py:120} INFO - [2025-07-13T10:37:18.342+0000] {dag.py:3340} INFO - Setting next_dagrun for example_short_circuit_operator to 2025-07-12T10:37:18.341711+00:00, run_after=2025-07-13T10:37:18.341711+00:00
[2025-07-13T10:37:18.373+0000] {processor.py:176} INFO - Processing /home/airflow/.local/lib/python3.7/site-packages/airflow/example_dags/example_short_circuit_operator.py took 0.158 seconds
[2025-07-13T10:37:48.447+0000] {processor.py:154} INFO - Started process (PID=5815) to work on /home/airflow/.local/lib/python3.7/site-packages/airflow/example_dags/example_short_circuit_operator.py
[2025-07-13T10:37:48.448+0000] {processor.py:756} INFO - Processing file /home/airflow/.local/lib/python3.7/site-packages/airflow/example_dags/example_short_circuit_operator.py for tasks to queue
[2025-07-13T10:37:48.449+0000] {logging_mixin.py:120} INFO - [2025-07-13T10:37:48.449+0000] {dagbag.py:537} INFO - Filling up the DagBag from /home/airflow/.local/lib/python3.7/site-packages/airflow/example_dags/example_short_circuit_operator.py
[2025-07-13T10:37:48.471+0000] {processor.py:766} INFO - DAG(s) dict_keys(['example_short_circuit_operator']) retrieved from /home/airflow/.local/lib/python3.7/site-packages/airflow/example_dags/example_short_circuit_operator.py
[2025-07-13T10:37:48.541+0000] {logging_mixin.py:120} INFO - [2025-07-13T10:37:48.541+0000] {dag.py:2585} INFO - Sync 1 DAGs
[2025-07-13T10:37:48.589+0000] {logging_mixin.py:120} INFO - [2025-07-13T10:37:48.589+0000] {dag.py:3340} INFO - Setting next_dagrun for example_short_circuit_operator to 2025-07-12T10:37:48.589191+00:00, run_after=2025-07-13T10:37:48.589191+00:00
[2025-07-13T10:37:48.624+0000] {processor.py:176} INFO - Processing /home/airflow/.local/lib/python3.7/site-packages/airflow/example_dags/example_short_circuit_operator.py took 0.181 seconds
[2025-07-13T10:38:19.086+0000] {processor.py:154} INFO - Started process (PID=5878) to work on /home/airflow/.local/lib/python3.7/site-packages/airflow/example_dags/example_short_circuit_operator.py
[2025-07-13T10:38:19.088+0000] {processor.py:756} INFO - Processing file /home/airflow/.local/lib/python3.7/site-packages/airflow/example_dags/example_short_circuit_operator.py for tasks to queue
[2025-07-13T10:38:19.089+0000] {logging_mixin.py:120} INFO - [2025-07-13T10:38:19.089+0000] {dagbag.py:537} INFO - Filling up the DagBag from /home/airflow/.local/lib/python3.7/site-packages/airflow/example_dags/example_short_circuit_operator.py
[2025-07-13T10:38:19.112+0000] {processor.py:766} INFO - DAG(s) dict_keys(['example_short_circuit_operator']) retrieved from /home/airflow/.local/lib/python3.7/site-packages/airflow/example_dags/example_short_circuit_operator.py
[2025-07-13T10:38:19.168+0000] {logging_mixin.py:120} INFO - [2025-07-13T10:38:19.168+0000] {dag.py:2585} INFO - Sync 1 DAGs
[2025-07-13T10:38:19.202+0000] {logging_mixin.py:120} INFO - [2025-07-13T10:38:19.202+0000] {dag.py:3340} INFO - Setting next_dagrun for example_short_circuit_operator to 2025-07-12T10:38:19.201853+00:00, run_after=2025-07-13T10:38:19.201853+00:00
[2025-07-13T10:38:19.253+0000] {processor.py:176} INFO - Processing /home/airflow/.local/lib/python3.7/site-packages/airflow/example_dags/example_short_circuit_operator.py took 0.172 seconds
[2025-07-13T10:38:49.677+0000] {processor.py:154} INFO - Started process (PID=5932) to work on /home/airflow/.local/lib/python3.7/site-packages/airflow/example_dags/example_short_circuit_operator.py
[2025-07-13T10:38:49.679+0000] {processor.py:756} INFO - Processing file /home/airflow/.local/lib/python3.7/site-packages/airflow/example_dags/example_short_circuit_operator.py for tasks to queue
[2025-07-13T10:38:49.680+0000] {logging_mixin.py:120} INFO - [2025-07-13T10:38:49.680+0000] {dagbag.py:537} INFO - Filling up the DagBag from /home/airflow/.local/lib/python3.7/site-packages/airflow/example_dags/example_short_circuit_operator.py
[2025-07-13T10:38:49.702+0000] {processor.py:766} INFO - DAG(s) dict_keys(['example_short_circuit_operator']) retrieved from /home/airflow/.local/lib/python3.7/site-packages/airflow/example_dags/example_short_circuit_operator.py
[2025-07-13T10:38:49.759+0000] {logging_mixin.py:120} INFO - [2025-07-13T10:38:49.759+0000] {dag.py:2585} INFO - Sync 1 DAGs
[2025-07-13T10:38:49.795+0000] {logging_mixin.py:120} INFO - [2025-07-13T10:38:49.795+0000] {dag.py:3340} INFO - Setting next_dagrun for example_short_circuit_operator to 2025-07-12T10:38:49.795224+00:00, run_after=2025-07-13T10:38:49.795224+00:00
[2025-07-13T10:38:49.831+0000] {processor.py:176} INFO - Processing /home/airflow/.local/lib/python3.7/site-packages/airflow/example_dags/example_short_circuit_operator.py took 0.160 seconds
[2025-07-13T10:39:20.205+0000] {processor.py:154} INFO - Started process (PID=5995) to work on /home/airflow/.local/lib/python3.7/site-packages/airflow/example_dags/example_short_circuit_operator.py
[2025-07-13T10:39:20.207+0000] {processor.py:756} INFO - Processing file /home/airflow/.local/lib/python3.7/site-packages/airflow/example_dags/example_short_circuit_operator.py for tasks to queue
[2025-07-13T10:39:20.209+0000] {logging_mixin.py:120} INFO - [2025-07-13T10:39:20.209+0000] {dagbag.py:537} INFO - Filling up the DagBag from /home/airflow/.local/lib/python3.7/site-packages/airflow/example_dags/example_short_circuit_operator.py
[2025-07-13T10:39:20.251+0000] {processor.py:766} INFO - DAG(s) dict_keys(['example_short_circuit_operator']) retrieved from /home/airflow/.local/lib/python3.7/site-packages/airflow/example_dags/example_short_circuit_operator.py
[2025-07-13T10:39:20.347+0000] {logging_mixin.py:120} INFO - [2025-07-13T10:39:20.346+0000] {dag.py:2585} INFO - Sync 1 DAGs
[2025-07-13T10:39:20.402+0000] {logging_mixin.py:120} INFO - [2025-07-13T10:39:20.402+0000] {dag.py:3340} INFO - Setting next_dagrun for example_short_circuit_operator to 2025-07-12T10:39:20.401917+00:00, run_after=2025-07-13T10:39:20.401917+00:00
[2025-07-13T10:39:20.448+0000] {processor.py:176} INFO - Processing /home/airflow/.local/lib/python3.7/site-packages/airflow/example_dags/example_short_circuit_operator.py took 0.251 seconds
[2025-07-13T10:39:50.565+0000] {processor.py:154} INFO - Started process (PID=6057) to work on /home/airflow/.local/lib/python3.7/site-packages/airflow/example_dags/example_short_circuit_operator.py
[2025-07-13T10:39:50.568+0000] {processor.py:756} INFO - Processing file /home/airflow/.local/lib/python3.7/site-packages/airflow/example_dags/example_short_circuit_operator.py for tasks to queue
[2025-07-13T10:39:50.570+0000] {logging_mixin.py:120} INFO - [2025-07-13T10:39:50.569+0000] {dagbag.py:537} INFO - Filling up the DagBag from /home/airflow/.local/lib/python3.7/site-packages/airflow/example_dags/example_short_circuit_operator.py
[2025-07-13T10:39:50.595+0000] {processor.py:766} INFO - DAG(s) dict_keys(['example_short_circuit_operator']) retrieved from /home/airflow/.local/lib/python3.7/site-packages/airflow/example_dags/example_short_circuit_operator.py
[2025-07-13T10:39:50.653+0000] {logging_mixin.py:120} INFO - [2025-07-13T10:39:50.653+0000] {dag.py:2585} INFO - Sync 1 DAGs
[2025-07-13T10:39:50.684+0000] {logging_mixin.py:120} INFO - [2025-07-13T10:39:50.683+0000] {dag.py:3340} INFO - Setting next_dagrun for example_short_circuit_operator to 2025-07-12T10:39:50.683596+00:00, run_after=2025-07-13T10:39:50.683596+00:00
[2025-07-13T10:39:50.712+0000] {processor.py:176} INFO - Processing /home/airflow/.local/lib/python3.7/site-packages/airflow/example_dags/example_short_circuit_operator.py took 0.153 seconds
[2025-07-13T10:40:20.896+0000] {processor.py:154} INFO - Started process (PID=6111) to work on /home/airflow/.local/lib/python3.7/site-packages/airflow/example_dags/example_short_circuit_operator.py
[2025-07-13T10:40:20.904+0000] {processor.py:756} INFO - Processing file /home/airflow/.local/lib/python3.7/site-packages/airflow/example_dags/example_short_circuit_operator.py for tasks to queue
[2025-07-13T10:40:20.907+0000] {logging_mixin.py:120} INFO - [2025-07-13T10:40:20.907+0000] {dagbag.py:537} INFO - Filling up the DagBag from /home/airflow/.local/lib/python3.7/site-packages/airflow/example_dags/example_short_circuit_operator.py
[2025-07-13T10:40:20.985+0000] {processor.py:766} INFO - DAG(s) dict_keys(['example_short_circuit_operator']) retrieved from /home/airflow/.local/lib/python3.7/site-packages/airflow/example_dags/example_short_circuit_operator.py
[2025-07-13T10:40:21.123+0000] {logging_mixin.py:120} INFO - [2025-07-13T10:40:21.123+0000] {dag.py:2585} INFO - Sync 1 DAGs
[2025-07-13T10:40:21.255+0000] {logging_mixin.py:120} INFO - [2025-07-13T10:40:21.255+0000] {dag.py:3340} INFO - Setting next_dagrun for example_short_circuit_operator to 2025-07-12T10:40:21.254844+00:00, run_after=2025-07-13T10:40:21.254844+00:00
[2025-07-13T10:40:21.335+0000] {processor.py:176} INFO - Processing /home/airflow/.local/lib/python3.7/site-packages/airflow/example_dags/example_short_circuit_operator.py took 0.449 seconds
[2025-07-13T10:40:51.439+0000] {processor.py:154} INFO - Started process (PID=6174) to work on /home/airflow/.local/lib/python3.7/site-packages/airflow/example_dags/example_short_circuit_operator.py
[2025-07-13T10:40:51.440+0000] {processor.py:756} INFO - Processing file /home/airflow/.local/lib/python3.7/site-packages/airflow/example_dags/example_short_circuit_operator.py for tasks to queue
[2025-07-13T10:40:51.442+0000] {logging_mixin.py:120} INFO - [2025-07-13T10:40:51.441+0000] {dagbag.py:537} INFO - Filling up the DagBag from /home/airflow/.local/lib/python3.7/site-packages/airflow/example_dags/example_short_circuit_operator.py
[2025-07-13T10:40:51.464+0000] {processor.py:766} INFO - DAG(s) dict_keys(['example_short_circuit_operator']) retrieved from /home/airflow/.local/lib/python3.7/site-packages/airflow/example_dags/example_short_circuit_operator.py
[2025-07-13T10:40:51.523+0000] {logging_mixin.py:120} INFO - [2025-07-13T10:40:51.523+0000] {dag.py:2585} INFO - Sync 1 DAGs
[2025-07-13T10:40:51.556+0000] {logging_mixin.py:120} INFO - [2025-07-13T10:40:51.555+0000] {dag.py:3340} INFO - Setting next_dagrun for example_short_circuit_operator to 2025-07-12T10:40:51.555474+00:00, run_after=2025-07-13T10:40:51.555474+00:00
[2025-07-13T10:40:51.587+0000] {processor.py:176} INFO - Processing /home/airflow/.local/lib/python3.7/site-packages/airflow/example_dags/example_short_circuit_operator.py took 0.152 seconds
[2025-07-13T10:41:22.138+0000] {processor.py:154} INFO - Started process (PID=6236) to work on /home/airflow/.local/lib/python3.7/site-packages/airflow/example_dags/example_short_circuit_operator.py
[2025-07-13T10:41:22.139+0000] {processor.py:756} INFO - Processing file /home/airflow/.local/lib/python3.7/site-packages/airflow/example_dags/example_short_circuit_operator.py for tasks to queue
[2025-07-13T10:41:22.141+0000] {logging_mixin.py:120} INFO - [2025-07-13T10:41:22.140+0000] {dagbag.py:537} INFO - Filling up the DagBag from /home/airflow/.local/lib/python3.7/site-packages/airflow/example_dags/example_short_circuit_operator.py
[2025-07-13T10:41:22.168+0000] {processor.py:766} INFO - DAG(s) dict_keys(['example_short_circuit_operator']) retrieved from /home/airflow/.local/lib/python3.7/site-packages/airflow/example_dags/example_short_circuit_operator.py
[2025-07-13T10:41:22.226+0000] {logging_mixin.py:120} INFO - [2025-07-13T10:41:22.226+0000] {dag.py:2585} INFO - Sync 1 DAGs
[2025-07-13T10:41:22.257+0000] {logging_mixin.py:120} INFO - [2025-07-13T10:41:22.257+0000] {dag.py:3340} INFO - Setting next_dagrun for example_short_circuit_operator to 2025-07-12T10:41:22.256816+00:00, run_after=2025-07-13T10:41:22.256816+00:00
[2025-07-13T10:41:22.290+0000] {processor.py:176} INFO - Processing /home/airflow/.local/lib/python3.7/site-packages/airflow/example_dags/example_short_circuit_operator.py took 0.156 seconds
[2025-07-13T10:41:52.495+0000] {processor.py:154} INFO - Started process (PID=6290) to work on /home/airflow/.local/lib/python3.7/site-packages/airflow/example_dags/example_short_circuit_operator.py
[2025-07-13T10:41:52.496+0000] {processor.py:756} INFO - Processing file /home/airflow/.local/lib/python3.7/site-packages/airflow/example_dags/example_short_circuit_operator.py for tasks to queue
[2025-07-13T10:41:52.497+0000] {logging_mixin.py:120} INFO - [2025-07-13T10:41:52.497+0000] {dagbag.py:537} INFO - Filling up the DagBag from /home/airflow/.local/lib/python3.7/site-packages/airflow/example_dags/example_short_circuit_operator.py
[2025-07-13T10:41:52.523+0000] {processor.py:766} INFO - DAG(s) dict_keys(['example_short_circuit_operator']) retrieved from /home/airflow/.local/lib/python3.7/site-packages/airflow/example_dags/example_short_circuit_operator.py
[2025-07-13T10:41:52.594+0000] {logging_mixin.py:120} INFO - [2025-07-13T10:41:52.593+0000] {dag.py:2585} INFO - Sync 1 DAGs
[2025-07-13T10:41:52.623+0000] {logging_mixin.py:120} INFO - [2025-07-13T10:41:52.623+0000] {dag.py:3340} INFO - Setting next_dagrun for example_short_circuit_operator to 2025-07-12T10:41:52.622666+00:00, run_after=2025-07-13T10:41:52.622666+00:00
[2025-07-13T10:41:52.651+0000] {processor.py:176} INFO - Processing /home/airflow/.local/lib/python3.7/site-packages/airflow/example_dags/example_short_circuit_operator.py took 0.160 seconds
[2025-07-13T10:54:43.670+0000] {processor.py:154} INFO - Started process (PID=6349) to work on /home/airflow/.local/lib/python3.7/site-packages/airflow/example_dags/example_short_circuit_operator.py
[2025-07-13T10:54:43.673+0000] {processor.py:756} INFO - Processing file /home/airflow/.local/lib/python3.7/site-packages/airflow/example_dags/example_short_circuit_operator.py for tasks to queue
[2025-07-13T10:54:43.675+0000] {logging_mixin.py:120} INFO - [2025-07-13T10:54:43.674+0000] {dagbag.py:537} INFO - Filling up the DagBag from /home/airflow/.local/lib/python3.7/site-packages/airflow/example_dags/example_short_circuit_operator.py
[2025-07-13T10:54:43.733+0000] {processor.py:766} INFO - DAG(s) dict_keys(['example_short_circuit_operator']) retrieved from /home/airflow/.local/lib/python3.7/site-packages/airflow/example_dags/example_short_circuit_operator.py
[2025-07-13T10:54:48.901+0000] {logging_mixin.py:120} INFO - [2025-07-13T10:54:48.901+0000] {dag.py:2585} INFO - Sync 1 DAGs
[2025-07-13T10:54:49.141+0000] {logging_mixin.py:120} INFO - [2025-07-13T10:54:49.141+0000] {dag.py:3340} INFO - Setting next_dagrun for example_short_circuit_operator to 2025-07-12T10:54:49.140991+00:00, run_after=2025-07-13T10:54:49.140991+00:00
[2025-07-13T10:54:49.259+0000] {processor.py:176} INFO - Processing /home/airflow/.local/lib/python3.7/site-packages/airflow/example_dags/example_short_circuit_operator.py took 5.595 seconds
[2025-07-13T10:55:19.707+0000] {processor.py:154} INFO - Started process (PID=6403) to work on /home/airflow/.local/lib/python3.7/site-packages/airflow/example_dags/example_short_circuit_operator.py
[2025-07-13T10:55:19.709+0000] {processor.py:756} INFO - Processing file /home/airflow/.local/lib/python3.7/site-packages/airflow/example_dags/example_short_circuit_operator.py for tasks to queue
[2025-07-13T10:55:19.711+0000] {logging_mixin.py:120} INFO - [2025-07-13T10:55:19.710+0000] {dagbag.py:537} INFO - Filling up the DagBag from /home/airflow/.local/lib/python3.7/site-packages/airflow/example_dags/example_short_circuit_operator.py
[2025-07-13T10:55:19.775+0000] {processor.py:766} INFO - DAG(s) dict_keys(['example_short_circuit_operator']) retrieved from /home/airflow/.local/lib/python3.7/site-packages/airflow/example_dags/example_short_circuit_operator.py
[2025-07-13T10:55:19.956+0000] {logging_mixin.py:120} INFO - [2025-07-13T10:55:19.956+0000] {dag.py:2585} INFO - Sync 1 DAGs
[2025-07-13T10:55:20.033+0000] {logging_mixin.py:120} INFO - [2025-07-13T10:55:20.033+0000] {dag.py:3340} INFO - Setting next_dagrun for example_short_circuit_operator to 2025-07-12T10:55:20.033207+00:00, run_after=2025-07-13T10:55:20.033207+00:00
[2025-07-13T10:55:20.170+0000] {processor.py:176} INFO - Processing /home/airflow/.local/lib/python3.7/site-packages/airflow/example_dags/example_short_circuit_operator.py took 0.475 seconds
[2025-07-13T10:55:50.604+0000] {processor.py:154} INFO - Started process (PID=6456) to work on /home/airflow/.local/lib/python3.7/site-packages/airflow/example_dags/example_short_circuit_operator.py
[2025-07-13T10:55:50.606+0000] {processor.py:756} INFO - Processing file /home/airflow/.local/lib/python3.7/site-packages/airflow/example_dags/example_short_circuit_operator.py for tasks to queue
[2025-07-13T10:55:50.607+0000] {logging_mixin.py:120} INFO - [2025-07-13T10:55:50.607+0000] {dagbag.py:537} INFO - Filling up the DagBag from /home/airflow/.local/lib/python3.7/site-packages/airflow/example_dags/example_short_circuit_operator.py
[2025-07-13T10:55:50.632+0000] {processor.py:766} INFO - DAG(s) dict_keys(['example_short_circuit_operator']) retrieved from /home/airflow/.local/lib/python3.7/site-packages/airflow/example_dags/example_short_circuit_operator.py
[2025-07-13T10:55:50.709+0000] {logging_mixin.py:120} INFO - [2025-07-13T10:55:50.709+0000] {dag.py:2585} INFO - Sync 1 DAGs
[2025-07-13T10:55:50.749+0000] {logging_mixin.py:120} INFO - [2025-07-13T10:55:50.749+0000] {dag.py:3340} INFO - Setting next_dagrun for example_short_circuit_operator to 2025-07-12T10:55:50.749219+00:00, run_after=2025-07-13T10:55:50.749219+00:00
[2025-07-13T10:55:50.782+0000] {processor.py:176} INFO - Processing /home/airflow/.local/lib/python3.7/site-packages/airflow/example_dags/example_short_circuit_operator.py took 0.186 seconds
[2025-07-13T10:56:20.946+0000] {processor.py:154} INFO - Started process (PID=6520) to work on /home/airflow/.local/lib/python3.7/site-packages/airflow/example_dags/example_short_circuit_operator.py
[2025-07-13T10:56:20.948+0000] {processor.py:756} INFO - Processing file /home/airflow/.local/lib/python3.7/site-packages/airflow/example_dags/example_short_circuit_operator.py for tasks to queue
[2025-07-13T10:56:20.949+0000] {logging_mixin.py:120} INFO - [2025-07-13T10:56:20.949+0000] {dagbag.py:537} INFO - Filling up the DagBag from /home/airflow/.local/lib/python3.7/site-packages/airflow/example_dags/example_short_circuit_operator.py
[2025-07-13T10:56:20.969+0000] {processor.py:766} INFO - DAG(s) dict_keys(['example_short_circuit_operator']) retrieved from /home/airflow/.local/lib/python3.7/site-packages/airflow/example_dags/example_short_circuit_operator.py
[2025-07-13T10:56:21.025+0000] {logging_mixin.py:120} INFO - [2025-07-13T10:56:21.025+0000] {dag.py:2585} INFO - Sync 1 DAGs
[2025-07-13T10:56:21.052+0000] {logging_mixin.py:120} INFO - [2025-07-13T10:56:21.052+0000] {dag.py:3340} INFO - Setting next_dagrun for example_short_circuit_operator to 2025-07-12T10:56:21.052401+00:00, run_after=2025-07-13T10:56:21.052401+00:00
[2025-07-13T10:56:21.083+0000] {processor.py:176} INFO - Processing /home/airflow/.local/lib/python3.7/site-packages/airflow/example_dags/example_short_circuit_operator.py took 0.142 seconds
[2025-07-13T10:56:51.362+0000] {processor.py:154} INFO - Started process (PID=6581) to work on /home/airflow/.local/lib/python3.7/site-packages/airflow/example_dags/example_short_circuit_operator.py
[2025-07-13T10:56:51.364+0000] {processor.py:756} INFO - Processing file /home/airflow/.local/lib/python3.7/site-packages/airflow/example_dags/example_short_circuit_operator.py for tasks to queue
[2025-07-13T10:56:51.365+0000] {logging_mixin.py:120} INFO - [2025-07-13T10:56:51.365+0000] {dagbag.py:537} INFO - Filling up the DagBag from /home/airflow/.local/lib/python3.7/site-packages/airflow/example_dags/example_short_circuit_operator.py
[2025-07-13T10:56:51.395+0000] {processor.py:766} INFO - DAG(s) dict_keys(['example_short_circuit_operator']) retrieved from /home/airflow/.local/lib/python3.7/site-packages/airflow/example_dags/example_short_circuit_operator.py
[2025-07-13T10:56:51.482+0000] {logging_mixin.py:120} INFO - [2025-07-13T10:56:51.482+0000] {dag.py:2585} INFO - Sync 1 DAGs
[2025-07-13T10:56:51.524+0000] {logging_mixin.py:120} INFO - [2025-07-13T10:56:51.524+0000] {dag.py:3340} INFO - Setting next_dagrun for example_short_circuit_operator to 2025-07-12T10:56:51.523752+00:00, run_after=2025-07-13T10:56:51.523752+00:00
[2025-07-13T10:56:51.557+0000] {processor.py:176} INFO - Processing /home/airflow/.local/lib/python3.7/site-packages/airflow/example_dags/example_short_circuit_operator.py took 0.199 seconds
[2025-07-13T10:57:21.933+0000] {processor.py:154} INFO - Started process (PID=6635) to work on /home/airflow/.local/lib/python3.7/site-packages/airflow/example_dags/example_short_circuit_operator.py
[2025-07-13T10:57:21.935+0000] {processor.py:756} INFO - Processing file /home/airflow/.local/lib/python3.7/site-packages/airflow/example_dags/example_short_circuit_operator.py for tasks to queue
[2025-07-13T10:57:21.937+0000] {logging_mixin.py:120} INFO - [2025-07-13T10:57:21.936+0000] {dagbag.py:537} INFO - Filling up the DagBag from /home/airflow/.local/lib/python3.7/site-packages/airflow/example_dags/example_short_circuit_operator.py
[2025-07-13T10:57:21.965+0000] {processor.py:766} INFO - DAG(s) dict_keys(['example_short_circuit_operator']) retrieved from /home/airflow/.local/lib/python3.7/site-packages/airflow/example_dags/example_short_circuit_operator.py
[2025-07-13T10:57:22.030+0000] {logging_mixin.py:120} INFO - [2025-07-13T10:57:22.029+0000] {dag.py:2585} INFO - Sync 1 DAGs
[2025-07-13T10:57:22.062+0000] {logging_mixin.py:120} INFO - [2025-07-13T10:57:22.062+0000] {dag.py:3340} INFO - Setting next_dagrun for example_short_circuit_operator to 2025-07-12T10:57:22.062259+00:00, run_after=2025-07-13T10:57:22.062259+00:00
[2025-07-13T10:57:22.094+0000] {processor.py:176} INFO - Processing /home/airflow/.local/lib/python3.7/site-packages/airflow/example_dags/example_short_circuit_operator.py took 0.166 seconds
[2025-07-13T10:57:52.527+0000] {processor.py:154} INFO - Started process (PID=6699) to work on /home/airflow/.local/lib/python3.7/site-packages/airflow/example_dags/example_short_circuit_operator.py
[2025-07-13T10:57:52.529+0000] {processor.py:756} INFO - Processing file /home/airflow/.local/lib/python3.7/site-packages/airflow/example_dags/example_short_circuit_operator.py for tasks to queue
[2025-07-13T10:57:52.530+0000] {logging_mixin.py:120} INFO - [2025-07-13T10:57:52.530+0000] {dagbag.py:537} INFO - Filling up the DagBag from /home/airflow/.local/lib/python3.7/site-packages/airflow/example_dags/example_short_circuit_operator.py
[2025-07-13T10:57:52.555+0000] {processor.py:766} INFO - DAG(s) dict_keys(['example_short_circuit_operator']) retrieved from /home/airflow/.local/lib/python3.7/site-packages/airflow/example_dags/example_short_circuit_operator.py
[2025-07-13T10:57:52.607+0000] {logging_mixin.py:120} INFO - [2025-07-13T10:57:52.607+0000] {dag.py:2585} INFO - Sync 1 DAGs
[2025-07-13T10:57:52.635+0000] {logging_mixin.py:120} INFO - [2025-07-13T10:57:52.635+0000] {dag.py:3340} INFO - Setting next_dagrun for example_short_circuit_operator to 2025-07-12T10:57:52.635103+00:00, run_after=2025-07-13T10:57:52.635103+00:00
[2025-07-13T10:57:52.667+0000] {processor.py:176} INFO - Processing /home/airflow/.local/lib/python3.7/site-packages/airflow/example_dags/example_short_circuit_operator.py took 0.144 seconds
[2025-07-13T10:58:22.734+0000] {processor.py:154} INFO - Started process (PID=6753) to work on /home/airflow/.local/lib/python3.7/site-packages/airflow/example_dags/example_short_circuit_operator.py
[2025-07-13T10:58:22.735+0000] {processor.py:756} INFO - Processing file /home/airflow/.local/lib/python3.7/site-packages/airflow/example_dags/example_short_circuit_operator.py for tasks to queue
[2025-07-13T10:58:22.737+0000] {logging_mixin.py:120} INFO - [2025-07-13T10:58:22.736+0000] {dagbag.py:537} INFO - Filling up the DagBag from /home/airflow/.local/lib/python3.7/site-packages/airflow/example_dags/example_short_circuit_operator.py
[2025-07-13T10:58:22.761+0000] {processor.py:766} INFO - DAG(s) dict_keys(['example_short_circuit_operator']) retrieved from /home/airflow/.local/lib/python3.7/site-packages/airflow/example_dags/example_short_circuit_operator.py
[2025-07-13T10:58:22.816+0000] {logging_mixin.py:120} INFO - [2025-07-13T10:58:22.816+0000] {dag.py:2585} INFO - Sync 1 DAGs
[2025-07-13T10:58:22.853+0000] {logging_mixin.py:120} INFO - [2025-07-13T10:58:22.853+0000] {dag.py:3340} INFO - Setting next_dagrun for example_short_circuit_operator to 2025-07-12T10:58:22.853013+00:00, run_after=2025-07-13T10:58:22.853013+00:00
[2025-07-13T10:58:22.887+0000] {processor.py:176} INFO - Processing /home/airflow/.local/lib/python3.7/site-packages/airflow/example_dags/example_short_circuit_operator.py took 0.157 seconds
[2025-07-13T10:58:53.266+0000] {processor.py:154} INFO - Started process (PID=6815) to work on /home/airflow/.local/lib/python3.7/site-packages/airflow/example_dags/example_short_circuit_operator.py
[2025-07-13T10:58:53.267+0000] {processor.py:756} INFO - Processing file /home/airflow/.local/lib/python3.7/site-packages/airflow/example_dags/example_short_circuit_operator.py for tasks to queue
[2025-07-13T10:58:53.269+0000] {logging_mixin.py:120} INFO - [2025-07-13T10:58:53.269+0000] {dagbag.py:537} INFO - Filling up the DagBag from /home/airflow/.local/lib/python3.7/site-packages/airflow/example_dags/example_short_circuit_operator.py
[2025-07-13T10:58:53.289+0000] {processor.py:766} INFO - DAG(s) dict_keys(['example_short_circuit_operator']) retrieved from /home/airflow/.local/lib/python3.7/site-packages/airflow/example_dags/example_short_circuit_operator.py
[2025-07-13T10:58:53.346+0000] {logging_mixin.py:120} INFO - [2025-07-13T10:58:53.346+0000] {dag.py:2585} INFO - Sync 1 DAGs
[2025-07-13T10:58:53.379+0000] {logging_mixin.py:120} INFO - [2025-07-13T10:58:53.379+0000] {dag.py:3340} INFO - Setting next_dagrun for example_short_circuit_operator to 2025-07-12T10:58:53.378787+00:00, run_after=2025-07-13T10:58:53.378787+00:00
[2025-07-13T10:58:53.413+0000] {processor.py:176} INFO - Processing /home/airflow/.local/lib/python3.7/site-packages/airflow/example_dags/example_short_circuit_operator.py took 0.151 seconds
[2025-07-13T10:59:23.936+0000] {processor.py:154} INFO - Started process (PID=6878) to work on /home/airflow/.local/lib/python3.7/site-packages/airflow/example_dags/example_short_circuit_operator.py
[2025-07-13T10:59:23.937+0000] {processor.py:756} INFO - Processing file /home/airflow/.local/lib/python3.7/site-packages/airflow/example_dags/example_short_circuit_operator.py for tasks to queue
[2025-07-13T10:59:23.939+0000] {logging_mixin.py:120} INFO - [2025-07-13T10:59:23.939+0000] {dagbag.py:537} INFO - Filling up the DagBag from /home/airflow/.local/lib/python3.7/site-packages/airflow/example_dags/example_short_circuit_operator.py
[2025-07-13T10:59:23.980+0000] {processor.py:766} INFO - DAG(s) dict_keys(['example_short_circuit_operator']) retrieved from /home/airflow/.local/lib/python3.7/site-packages/airflow/example_dags/example_short_circuit_operator.py
[2025-07-13T10:59:24.054+0000] {logging_mixin.py:120} INFO - [2025-07-13T10:59:24.054+0000] {dag.py:2585} INFO - Sync 1 DAGs
[2025-07-13T10:59:24.098+0000] {logging_mixin.py:120} INFO - [2025-07-13T10:59:24.098+0000] {dag.py:3340} INFO - Setting next_dagrun for example_short_circuit_operator to 2025-07-12T10:59:24.098268+00:00, run_after=2025-07-13T10:59:24.098268+00:00
[2025-07-13T10:59:24.145+0000] {processor.py:176} INFO - Processing /home/airflow/.local/lib/python3.7/site-packages/airflow/example_dags/example_short_circuit_operator.py took 0.217 seconds
[2025-07-13T10:59:54.428+0000] {processor.py:154} INFO - Started process (PID=6932) to work on /home/airflow/.local/lib/python3.7/site-packages/airflow/example_dags/example_short_circuit_operator.py
[2025-07-13T10:59:54.430+0000] {processor.py:756} INFO - Processing file /home/airflow/.local/lib/python3.7/site-packages/airflow/example_dags/example_short_circuit_operator.py for tasks to queue
[2025-07-13T10:59:54.432+0000] {logging_mixin.py:120} INFO - [2025-07-13T10:59:54.431+0000] {dagbag.py:537} INFO - Filling up the DagBag from /home/airflow/.local/lib/python3.7/site-packages/airflow/example_dags/example_short_circuit_operator.py
[2025-07-13T10:59:54.452+0000] {processor.py:766} INFO - DAG(s) dict_keys(['example_short_circuit_operator']) retrieved from /home/airflow/.local/lib/python3.7/site-packages/airflow/example_dags/example_short_circuit_operator.py
[2025-07-13T10:59:54.579+0000] {logging_mixin.py:120} INFO - [2025-07-13T10:59:54.579+0000] {dag.py:2585} INFO - Sync 1 DAGs
[2025-07-13T10:59:54.670+0000] {logging_mixin.py:120} INFO - [2025-07-13T10:59:54.670+0000] {dag.py:3340} INFO - Setting next_dagrun for example_short_circuit_operator to 2025-07-12T10:59:54.670029+00:00, run_after=2025-07-13T10:59:54.670029+00:00
[2025-07-13T10:59:54.698+0000] {processor.py:176} INFO - Processing /home/airflow/.local/lib/python3.7/site-packages/airflow/example_dags/example_short_circuit_operator.py took 0.274 seconds
[2025-07-13T11:00:25.179+0000] {processor.py:154} INFO - Started process (PID=6994) to work on /home/airflow/.local/lib/python3.7/site-packages/airflow/example_dags/example_short_circuit_operator.py
[2025-07-13T11:00:25.181+0000] {processor.py:756} INFO - Processing file /home/airflow/.local/lib/python3.7/site-packages/airflow/example_dags/example_short_circuit_operator.py for tasks to queue
[2025-07-13T11:00:25.182+0000] {logging_mixin.py:120} INFO - [2025-07-13T11:00:25.182+0000] {dagbag.py:537} INFO - Filling up the DagBag from /home/airflow/.local/lib/python3.7/site-packages/airflow/example_dags/example_short_circuit_operator.py
[2025-07-13T11:00:25.201+0000] {processor.py:766} INFO - DAG(s) dict_keys(['example_short_circuit_operator']) retrieved from /home/airflow/.local/lib/python3.7/site-packages/airflow/example_dags/example_short_circuit_operator.py
[2025-07-13T11:00:25.255+0000] {logging_mixin.py:120} INFO - [2025-07-13T11:00:25.254+0000] {dag.py:2585} INFO - Sync 1 DAGs
[2025-07-13T11:00:25.283+0000] {logging_mixin.py:120} INFO - [2025-07-13T11:00:25.283+0000] {dag.py:3340} INFO - Setting next_dagrun for example_short_circuit_operator to 2025-07-12T11:00:25.282761+00:00, run_after=2025-07-13T11:00:25.282761+00:00
[2025-07-13T11:00:25.313+0000] {processor.py:176} INFO - Processing /home/airflow/.local/lib/python3.7/site-packages/airflow/example_dags/example_short_circuit_operator.py took 0.139 seconds
[2025-07-13T11:00:55.581+0000] {processor.py:154} INFO - Started process (PID=7057) to work on /home/airflow/.local/lib/python3.7/site-packages/airflow/example_dags/example_short_circuit_operator.py
[2025-07-13T11:00:55.582+0000] {processor.py:756} INFO - Processing file /home/airflow/.local/lib/python3.7/site-packages/airflow/example_dags/example_short_circuit_operator.py for tasks to queue
[2025-07-13T11:00:55.584+0000] {logging_mixin.py:120} INFO - [2025-07-13T11:00:55.583+0000] {dagbag.py:537} INFO - Filling up the DagBag from /home/airflow/.local/lib/python3.7/site-packages/airflow/example_dags/example_short_circuit_operator.py
[2025-07-13T11:00:55.611+0000] {processor.py:766} INFO - DAG(s) dict_keys(['example_short_circuit_operator']) retrieved from /home/airflow/.local/lib/python3.7/site-packages/airflow/example_dags/example_short_circuit_operator.py
[2025-07-13T11:00:55.699+0000] {logging_mixin.py:120} INFO - [2025-07-13T11:00:55.698+0000] {dag.py:2585} INFO - Sync 1 DAGs
[2025-07-13T11:00:55.750+0000] {logging_mixin.py:120} INFO - [2025-07-13T11:00:55.750+0000] {dag.py:3340} INFO - Setting next_dagrun for example_short_circuit_operator to 2025-07-12T11:00:55.749939+00:00, run_after=2025-07-13T11:00:55.749939+00:00
[2025-07-13T11:00:55.784+0000] {processor.py:176} INFO - Processing /home/airflow/.local/lib/python3.7/site-packages/airflow/example_dags/example_short_circuit_operator.py took 0.207 seconds
[2025-07-13T11:01:25.993+0000] {processor.py:154} INFO - Started process (PID=7111) to work on /home/airflow/.local/lib/python3.7/site-packages/airflow/example_dags/example_short_circuit_operator.py
[2025-07-13T11:01:25.995+0000] {processor.py:756} INFO - Processing file /home/airflow/.local/lib/python3.7/site-packages/airflow/example_dags/example_short_circuit_operator.py for tasks to queue
[2025-07-13T11:01:25.996+0000] {logging_mixin.py:120} INFO - [2025-07-13T11:01:25.996+0000] {dagbag.py:537} INFO - Filling up the DagBag from /home/airflow/.local/lib/python3.7/site-packages/airflow/example_dags/example_short_circuit_operator.py
[2025-07-13T11:01:26.025+0000] {processor.py:766} INFO - DAG(s) dict_keys(['example_short_circuit_operator']) retrieved from /home/airflow/.local/lib/python3.7/site-packages/airflow/example_dags/example_short_circuit_operator.py
[2025-07-13T11:01:26.103+0000] {logging_mixin.py:120} INFO - [2025-07-13T11:01:26.103+0000] {dag.py:2585} INFO - Sync 1 DAGs
[2025-07-13T11:01:26.141+0000] {logging_mixin.py:120} INFO - [2025-07-13T11:01:26.140+0000] {dag.py:3340} INFO - Setting next_dagrun for example_short_circuit_operator to 2025-07-12T11:01:26.140432+00:00, run_after=2025-07-13T11:01:26.140432+00:00
[2025-07-13T11:01:26.172+0000] {processor.py:176} INFO - Processing /home/airflow/.local/lib/python3.7/site-packages/airflow/example_dags/example_short_circuit_operator.py took 0.187 seconds
[2025-07-13T11:01:56.354+0000] {processor.py:154} INFO - Started process (PID=7174) to work on /home/airflow/.local/lib/python3.7/site-packages/airflow/example_dags/example_short_circuit_operator.py
[2025-07-13T11:01:56.355+0000] {processor.py:756} INFO - Processing file /home/airflow/.local/lib/python3.7/site-packages/airflow/example_dags/example_short_circuit_operator.py for tasks to queue
[2025-07-13T11:01:56.356+0000] {logging_mixin.py:120} INFO - [2025-07-13T11:01:56.356+0000] {dagbag.py:537} INFO - Filling up the DagBag from /home/airflow/.local/lib/python3.7/site-packages/airflow/example_dags/example_short_circuit_operator.py
[2025-07-13T11:01:56.377+0000] {processor.py:766} INFO - DAG(s) dict_keys(['example_short_circuit_operator']) retrieved from /home/airflow/.local/lib/python3.7/site-packages/airflow/example_dags/example_short_circuit_operator.py
[2025-07-13T11:01:56.429+0000] {logging_mixin.py:120} INFO - [2025-07-13T11:01:56.429+0000] {dag.py:2585} INFO - Sync 1 DAGs
[2025-07-13T11:01:56.465+0000] {logging_mixin.py:120} INFO - [2025-07-13T11:01:56.465+0000] {dag.py:3340} INFO - Setting next_dagrun for example_short_circuit_operator to 2025-07-12T11:01:56.465419+00:00, run_after=2025-07-13T11:01:56.465419+00:00
[2025-07-13T11:01:56.499+0000] {processor.py:176} INFO - Processing /home/airflow/.local/lib/python3.7/site-packages/airflow/example_dags/example_short_circuit_operator.py took 0.149 seconds
[2025-07-13T11:02:26.889+0000] {processor.py:154} INFO - Started process (PID=7237) to work on /home/airflow/.local/lib/python3.7/site-packages/airflow/example_dags/example_short_circuit_operator.py
[2025-07-13T11:02:26.890+0000] {processor.py:756} INFO - Processing file /home/airflow/.local/lib/python3.7/site-packages/airflow/example_dags/example_short_circuit_operator.py for tasks to queue
[2025-07-13T11:02:26.892+0000] {logging_mixin.py:120} INFO - [2025-07-13T11:02:26.892+0000] {dagbag.py:537} INFO - Filling up the DagBag from /home/airflow/.local/lib/python3.7/site-packages/airflow/example_dags/example_short_circuit_operator.py
[2025-07-13T11:02:26.922+0000] {processor.py:766} INFO - DAG(s) dict_keys(['example_short_circuit_operator']) retrieved from /home/airflow/.local/lib/python3.7/site-packages/airflow/example_dags/example_short_circuit_operator.py
[2025-07-13T11:02:26.977+0000] {logging_mixin.py:120} INFO - [2025-07-13T11:02:26.977+0000] {dag.py:2585} INFO - Sync 1 DAGs
[2025-07-13T11:02:27.008+0000] {logging_mixin.py:120} INFO - [2025-07-13T11:02:27.008+0000] {dag.py:3340} INFO - Setting next_dagrun for example_short_circuit_operator to 2025-07-12T11:02:27.008160+00:00, run_after=2025-07-13T11:02:27.008160+00:00
[2025-07-13T11:02:27.049+0000] {processor.py:176} INFO - Processing /home/airflow/.local/lib/python3.7/site-packages/airflow/example_dags/example_short_circuit_operator.py took 0.167 seconds
[2025-07-13T11:02:57.096+0000] {processor.py:154} INFO - Started process (PID=7290) to work on /home/airflow/.local/lib/python3.7/site-packages/airflow/example_dags/example_short_circuit_operator.py
[2025-07-13T11:02:57.097+0000] {processor.py:756} INFO - Processing file /home/airflow/.local/lib/python3.7/site-packages/airflow/example_dags/example_short_circuit_operator.py for tasks to queue
[2025-07-13T11:02:57.098+0000] {logging_mixin.py:120} INFO - [2025-07-13T11:02:57.098+0000] {dagbag.py:537} INFO - Filling up the DagBag from /home/airflow/.local/lib/python3.7/site-packages/airflow/example_dags/example_short_circuit_operator.py
[2025-07-13T11:02:57.124+0000] {processor.py:766} INFO - DAG(s) dict_keys(['example_short_circuit_operator']) retrieved from /home/airflow/.local/lib/python3.7/site-packages/airflow/example_dags/example_short_circuit_operator.py
[2025-07-13T11:02:57.181+0000] {logging_mixin.py:120} INFO - [2025-07-13T11:02:57.180+0000] {dag.py:2585} INFO - Sync 1 DAGs
[2025-07-13T11:02:57.224+0000] {logging_mixin.py:120} INFO - [2025-07-13T11:02:57.224+0000] {dag.py:3340} INFO - Setting next_dagrun for example_short_circuit_operator to 2025-07-12T11:02:57.223809+00:00, run_after=2025-07-13T11:02:57.223809+00:00
[2025-07-13T11:02:57.283+0000] {processor.py:176} INFO - Processing /home/airflow/.local/lib/python3.7/site-packages/airflow/example_dags/example_short_circuit_operator.py took 0.194 seconds
[2025-07-13T11:03:27.511+0000] {processor.py:154} INFO - Started process (PID=7354) to work on /home/airflow/.local/lib/python3.7/site-packages/airflow/example_dags/example_short_circuit_operator.py
[2025-07-13T11:03:27.514+0000] {processor.py:756} INFO - Processing file /home/airflow/.local/lib/python3.7/site-packages/airflow/example_dags/example_short_circuit_operator.py for tasks to queue
[2025-07-13T11:03:27.516+0000] {logging_mixin.py:120} INFO - [2025-07-13T11:03:27.515+0000] {dagbag.py:537} INFO - Filling up the DagBag from /home/airflow/.local/lib/python3.7/site-packages/airflow/example_dags/example_short_circuit_operator.py
[2025-07-13T11:03:27.546+0000] {processor.py:766} INFO - DAG(s) dict_keys(['example_short_circuit_operator']) retrieved from /home/airflow/.local/lib/python3.7/site-packages/airflow/example_dags/example_short_circuit_operator.py
[2025-07-13T11:03:27.717+0000] {logging_mixin.py:120} INFO - [2025-07-13T11:03:27.717+0000] {dag.py:2585} INFO - Sync 1 DAGs
[2025-07-13T11:03:27.759+0000] {logging_mixin.py:120} INFO - [2025-07-13T11:03:27.759+0000] {dag.py:3340} INFO - Setting next_dagrun for example_short_circuit_operator to 2025-07-12T11:03:27.758772+00:00, run_after=2025-07-13T11:03:27.758772+00:00
[2025-07-13T11:03:27.804+0000] {processor.py:176} INFO - Processing /home/airflow/.local/lib/python3.7/site-packages/airflow/example_dags/example_short_circuit_operator.py took 0.305 seconds
[2025-07-13T11:03:58.011+0000] {processor.py:154} INFO - Started process (PID=7417) to work on /home/airflow/.local/lib/python3.7/site-packages/airflow/example_dags/example_short_circuit_operator.py
[2025-07-13T11:03:58.012+0000] {processor.py:756} INFO - Processing file /home/airflow/.local/lib/python3.7/site-packages/airflow/example_dags/example_short_circuit_operator.py for tasks to queue
[2025-07-13T11:03:58.014+0000] {logging_mixin.py:120} INFO - [2025-07-13T11:03:58.014+0000] {dagbag.py:537} INFO - Filling up the DagBag from /home/airflow/.local/lib/python3.7/site-packages/airflow/example_dags/example_short_circuit_operator.py
[2025-07-13T11:03:58.044+0000] {processor.py:766} INFO - DAG(s) dict_keys(['example_short_circuit_operator']) retrieved from /home/airflow/.local/lib/python3.7/site-packages/airflow/example_dags/example_short_circuit_operator.py
[2025-07-13T11:03:58.104+0000] {logging_mixin.py:120} INFO - [2025-07-13T11:03:58.104+0000] {dag.py:2585} INFO - Sync 1 DAGs
[2025-07-13T11:03:58.140+0000] {logging_mixin.py:120} INFO - [2025-07-13T11:03:58.140+0000] {dag.py:3340} INFO - Setting next_dagrun for example_short_circuit_operator to 2025-07-12T11:03:58.139715+00:00, run_after=2025-07-13T11:03:58.139715+00:00
[2025-07-13T11:03:58.177+0000] {processor.py:176} INFO - Processing /home/airflow/.local/lib/python3.7/site-packages/airflow/example_dags/example_short_circuit_operator.py took 0.172 seconds
[2025-07-13T11:04:28.333+0000] {processor.py:154} INFO - Started process (PID=7471) to work on /home/airflow/.local/lib/python3.7/site-packages/airflow/example_dags/example_short_circuit_operator.py
[2025-07-13T11:04:28.335+0000] {processor.py:756} INFO - Processing file /home/airflow/.local/lib/python3.7/site-packages/airflow/example_dags/example_short_circuit_operator.py for tasks to queue
[2025-07-13T11:04:28.337+0000] {logging_mixin.py:120} INFO - [2025-07-13T11:04:28.337+0000] {dagbag.py:537} INFO - Filling up the DagBag from /home/airflow/.local/lib/python3.7/site-packages/airflow/example_dags/example_short_circuit_operator.py
[2025-07-13T11:04:28.359+0000] {processor.py:766} INFO - DAG(s) dict_keys(['example_short_circuit_operator']) retrieved from /home/airflow/.local/lib/python3.7/site-packages/airflow/example_dags/example_short_circuit_operator.py
[2025-07-13T11:04:28.415+0000] {logging_mixin.py:120} INFO - [2025-07-13T11:04:28.415+0000] {dag.py:2585} INFO - Sync 1 DAGs
[2025-07-13T11:04:28.443+0000] {logging_mixin.py:120} INFO - [2025-07-13T11:04:28.443+0000] {dag.py:3340} INFO - Setting next_dagrun for example_short_circuit_operator to 2025-07-12T11:04:28.442796+00:00, run_after=2025-07-13T11:04:28.442796+00:00
[2025-07-13T11:04:28.474+0000] {processor.py:176} INFO - Processing /home/airflow/.local/lib/python3.7/site-packages/airflow/example_dags/example_short_circuit_operator.py took 0.146 seconds
[2025-07-13T11:04:58.808+0000] {processor.py:154} INFO - Started process (PID=7535) to work on /home/airflow/.local/lib/python3.7/site-packages/airflow/example_dags/example_short_circuit_operator.py
[2025-07-13T11:04:58.810+0000] {processor.py:756} INFO - Processing file /home/airflow/.local/lib/python3.7/site-packages/airflow/example_dags/example_short_circuit_operator.py for tasks to queue
[2025-07-13T11:04:58.811+0000] {logging_mixin.py:120} INFO - [2025-07-13T11:04:58.811+0000] {dagbag.py:537} INFO - Filling up the DagBag from /home/airflow/.local/lib/python3.7/site-packages/airflow/example_dags/example_short_circuit_operator.py
[2025-07-13T11:04:58.840+0000] {processor.py:766} INFO - DAG(s) dict_keys(['example_short_circuit_operator']) retrieved from /home/airflow/.local/lib/python3.7/site-packages/airflow/example_dags/example_short_circuit_operator.py
[2025-07-13T11:04:58.915+0000] {logging_mixin.py:120} INFO - [2025-07-13T11:04:58.915+0000] {dag.py:2585} INFO - Sync 1 DAGs
[2025-07-13T11:04:58.942+0000] {logging_mixin.py:120} INFO - [2025-07-13T11:04:58.942+0000] {dag.py:3340} INFO - Setting next_dagrun for example_short_circuit_operator to 2025-07-12T11:04:58.942097+00:00, run_after=2025-07-13T11:04:58.942097+00:00
[2025-07-13T11:04:58.979+0000] {processor.py:176} INFO - Processing /home/airflow/.local/lib/python3.7/site-packages/airflow/example_dags/example_short_circuit_operator.py took 0.175 seconds
[2025-07-13T11:05:29.653+0000] {processor.py:154} INFO - Started process (PID=7598) to work on /home/airflow/.local/lib/python3.7/site-packages/airflow/example_dags/example_short_circuit_operator.py
[2025-07-13T11:05:29.655+0000] {processor.py:756} INFO - Processing file /home/airflow/.local/lib/python3.7/site-packages/airflow/example_dags/example_short_circuit_operator.py for tasks to queue
[2025-07-13T11:05:29.656+0000] {logging_mixin.py:120} INFO - [2025-07-13T11:05:29.656+0000] {dagbag.py:537} INFO - Filling up the DagBag from /home/airflow/.local/lib/python3.7/site-packages/airflow/example_dags/example_short_circuit_operator.py
[2025-07-13T11:05:29.686+0000] {processor.py:766} INFO - DAG(s) dict_keys(['example_short_circuit_operator']) retrieved from /home/airflow/.local/lib/python3.7/site-packages/airflow/example_dags/example_short_circuit_operator.py
[2025-07-13T11:05:29.754+0000] {logging_mixin.py:120} INFO - [2025-07-13T11:05:29.753+0000] {dag.py:2585} INFO - Sync 1 DAGs
[2025-07-13T11:05:29.809+0000] {logging_mixin.py:120} INFO - [2025-07-13T11:05:29.809+0000] {dag.py:3340} INFO - Setting next_dagrun for example_short_circuit_operator to 2025-07-12T11:05:29.809159+00:00, run_after=2025-07-13T11:05:29.809159+00:00
[2025-07-13T11:05:29.843+0000] {processor.py:176} INFO - Processing /home/airflow/.local/lib/python3.7/site-packages/airflow/example_dags/example_short_circuit_operator.py took 0.195 seconds
[2025-07-13T11:06:00.043+0000] {processor.py:154} INFO - Started process (PID=7652) to work on /home/airflow/.local/lib/python3.7/site-packages/airflow/example_dags/example_short_circuit_operator.py
[2025-07-13T11:06:00.044+0000] {processor.py:756} INFO - Processing file /home/airflow/.local/lib/python3.7/site-packages/airflow/example_dags/example_short_circuit_operator.py for tasks to queue
[2025-07-13T11:06:00.045+0000] {logging_mixin.py:120} INFO - [2025-07-13T11:06:00.045+0000] {dagbag.py:537} INFO - Filling up the DagBag from /home/airflow/.local/lib/python3.7/site-packages/airflow/example_dags/example_short_circuit_operator.py
[2025-07-13T11:06:00.068+0000] {processor.py:766} INFO - DAG(s) dict_keys(['example_short_circuit_operator']) retrieved from /home/airflow/.local/lib/python3.7/site-packages/airflow/example_dags/example_short_circuit_operator.py
[2025-07-13T11:06:00.119+0000] {logging_mixin.py:120} INFO - [2025-07-13T11:06:00.119+0000] {dag.py:2585} INFO - Sync 1 DAGs
[2025-07-13T11:06:00.149+0000] {logging_mixin.py:120} INFO - [2025-07-13T11:06:00.149+0000] {dag.py:3340} INFO - Setting next_dagrun for example_short_circuit_operator to 2025-07-12T11:06:00.148762+00:00, run_after=2025-07-13T11:06:00.148762+00:00
[2025-07-13T11:06:00.178+0000] {processor.py:176} INFO - Processing /home/airflow/.local/lib/python3.7/site-packages/airflow/example_dags/example_short_circuit_operator.py took 0.140 seconds
[2025-07-13T11:06:30.413+0000] {processor.py:154} INFO - Started process (PID=7715) to work on /home/airflow/.local/lib/python3.7/site-packages/airflow/example_dags/example_short_circuit_operator.py
[2025-07-13T11:06:30.415+0000] {processor.py:756} INFO - Processing file /home/airflow/.local/lib/python3.7/site-packages/airflow/example_dags/example_short_circuit_operator.py for tasks to queue
[2025-07-13T11:06:30.416+0000] {logging_mixin.py:120} INFO - [2025-07-13T11:06:30.416+0000] {dagbag.py:537} INFO - Filling up the DagBag from /home/airflow/.local/lib/python3.7/site-packages/airflow/example_dags/example_short_circuit_operator.py
[2025-07-13T11:06:30.439+0000] {processor.py:766} INFO - DAG(s) dict_keys(['example_short_circuit_operator']) retrieved from /home/airflow/.local/lib/python3.7/site-packages/airflow/example_dags/example_short_circuit_operator.py
[2025-07-13T11:06:30.493+0000] {logging_mixin.py:120} INFO - [2025-07-13T11:06:30.493+0000] {dag.py:2585} INFO - Sync 1 DAGs
[2025-07-13T11:06:30.522+0000] {logging_mixin.py:120} INFO - [2025-07-13T11:06:30.522+0000] {dag.py:3340} INFO - Setting next_dagrun for example_short_circuit_operator to 2025-07-12T11:06:30.521788+00:00, run_after=2025-07-13T11:06:30.521788+00:00
[2025-07-13T11:06:30.548+0000] {processor.py:176} INFO - Processing /home/airflow/.local/lib/python3.7/site-packages/airflow/example_dags/example_short_circuit_operator.py took 0.138 seconds
[2025-07-13T11:07:01.045+0000] {processor.py:154} INFO - Started process (PID=7769) to work on /home/airflow/.local/lib/python3.7/site-packages/airflow/example_dags/example_short_circuit_operator.py
[2025-07-13T11:07:01.046+0000] {processor.py:756} INFO - Processing file /home/airflow/.local/lib/python3.7/site-packages/airflow/example_dags/example_short_circuit_operator.py for tasks to queue
[2025-07-13T11:07:01.050+0000] {logging_mixin.py:120} INFO - [2025-07-13T11:07:01.049+0000] {dagbag.py:537} INFO - Filling up the DagBag from /home/airflow/.local/lib/python3.7/site-packages/airflow/example_dags/example_short_circuit_operator.py
[2025-07-13T11:07:01.083+0000] {processor.py:766} INFO - DAG(s) dict_keys(['example_short_circuit_operator']) retrieved from /home/airflow/.local/lib/python3.7/site-packages/airflow/example_dags/example_short_circuit_operator.py
[2025-07-13T11:07:01.138+0000] {logging_mixin.py:120} INFO - [2025-07-13T11:07:01.138+0000] {dag.py:2585} INFO - Sync 1 DAGs
[2025-07-13T11:07:01.176+0000] {logging_mixin.py:120} INFO - [2025-07-13T11:07:01.176+0000] {dag.py:3340} INFO - Setting next_dagrun for example_short_circuit_operator to 2025-07-12T11:07:01.175669+00:00, run_after=2025-07-13T11:07:01.175669+00:00
[2025-07-13T11:07:01.207+0000] {processor.py:176} INFO - Processing /home/airflow/.local/lib/python3.7/site-packages/airflow/example_dags/example_short_circuit_operator.py took 0.168 seconds
[2025-07-13T11:07:31.292+0000] {processor.py:154} INFO - Started process (PID=7832) to work on /home/airflow/.local/lib/python3.7/site-packages/airflow/example_dags/example_short_circuit_operator.py
[2025-07-13T11:07:31.293+0000] {processor.py:756} INFO - Processing file /home/airflow/.local/lib/python3.7/site-packages/airflow/example_dags/example_short_circuit_operator.py for tasks to queue
[2025-07-13T11:07:31.294+0000] {logging_mixin.py:120} INFO - [2025-07-13T11:07:31.294+0000] {dagbag.py:537} INFO - Filling up the DagBag from /home/airflow/.local/lib/python3.7/site-packages/airflow/example_dags/example_short_circuit_operator.py
[2025-07-13T11:07:31.317+0000] {processor.py:766} INFO - DAG(s) dict_keys(['example_short_circuit_operator']) retrieved from /home/airflow/.local/lib/python3.7/site-packages/airflow/example_dags/example_short_circuit_operator.py
[2025-07-13T11:07:31.372+0000] {logging_mixin.py:120} INFO - [2025-07-13T11:07:31.372+0000] {dag.py:2585} INFO - Sync 1 DAGs
[2025-07-13T11:07:31.408+0000] {logging_mixin.py:120} INFO - [2025-07-13T11:07:31.408+0000] {dag.py:3340} INFO - Setting next_dagrun for example_short_circuit_operator to 2025-07-12T11:07:31.408372+00:00, run_after=2025-07-13T11:07:31.408372+00:00
[2025-07-13T11:07:31.443+0000] {processor.py:176} INFO - Processing /home/airflow/.local/lib/python3.7/site-packages/airflow/example_dags/example_short_circuit_operator.py took 0.157 seconds
[2025-07-13T11:08:01.804+0000] {processor.py:154} INFO - Started process (PID=7886) to work on /home/airflow/.local/lib/python3.7/site-packages/airflow/example_dags/example_short_circuit_operator.py
[2025-07-13T11:08:01.806+0000] {processor.py:756} INFO - Processing file /home/airflow/.local/lib/python3.7/site-packages/airflow/example_dags/example_short_circuit_operator.py for tasks to queue
[2025-07-13T11:08:01.808+0000] {logging_mixin.py:120} INFO - [2025-07-13T11:08:01.808+0000] {dagbag.py:537} INFO - Filling up the DagBag from /home/airflow/.local/lib/python3.7/site-packages/airflow/example_dags/example_short_circuit_operator.py
[2025-07-13T11:08:01.837+0000] {processor.py:766} INFO - DAG(s) dict_keys(['example_short_circuit_operator']) retrieved from /home/airflow/.local/lib/python3.7/site-packages/airflow/example_dags/example_short_circuit_operator.py
[2025-07-13T11:08:01.895+0000] {logging_mixin.py:120} INFO - [2025-07-13T11:08:01.895+0000] {dag.py:2585} INFO - Sync 1 DAGs
[2025-07-13T11:08:01.926+0000] {logging_mixin.py:120} INFO - [2025-07-13T11:08:01.926+0000] {dag.py:3340} INFO - Setting next_dagrun for example_short_circuit_operator to 2025-07-12T11:08:01.926040+00:00, run_after=2025-07-13T11:08:01.926040+00:00
[2025-07-13T11:08:01.965+0000] {processor.py:176} INFO - Processing /home/airflow/.local/lib/python3.7/site-packages/airflow/example_dags/example_short_circuit_operator.py took 0.168 seconds
[2025-07-13T11:08:32.244+0000] {processor.py:154} INFO - Started process (PID=7950) to work on /home/airflow/.local/lib/python3.7/site-packages/airflow/example_dags/example_short_circuit_operator.py
[2025-07-13T11:08:32.245+0000] {processor.py:756} INFO - Processing file /home/airflow/.local/lib/python3.7/site-packages/airflow/example_dags/example_short_circuit_operator.py for tasks to queue
[2025-07-13T11:08:32.247+0000] {logging_mixin.py:120} INFO - [2025-07-13T11:08:32.247+0000] {dagbag.py:537} INFO - Filling up the DagBag from /home/airflow/.local/lib/python3.7/site-packages/airflow/example_dags/example_short_circuit_operator.py
[2025-07-13T11:08:32.274+0000] {processor.py:766} INFO - DAG(s) dict_keys(['example_short_circuit_operator']) retrieved from /home/airflow/.local/lib/python3.7/site-packages/airflow/example_dags/example_short_circuit_operator.py
[2025-07-13T11:08:32.328+0000] {logging_mixin.py:120} INFO - [2025-07-13T11:08:32.328+0000] {dag.py:2585} INFO - Sync 1 DAGs
[2025-07-13T11:08:32.358+0000] {logging_mixin.py:120} INFO - [2025-07-13T11:08:32.358+0000] {dag.py:3340} INFO - Setting next_dagrun for example_short_circuit_operator to 2025-07-12T11:08:32.358220+00:00, run_after=2025-07-13T11:08:32.358220+00:00
[2025-07-13T11:08:32.388+0000] {processor.py:176} INFO - Processing /home/airflow/.local/lib/python3.7/site-packages/airflow/example_dags/example_short_circuit_operator.py took 0.149 seconds
[2025-07-13T11:09:02.620+0000] {processor.py:154} INFO - Started process (PID=8004) to work on /home/airflow/.local/lib/python3.7/site-packages/airflow/example_dags/example_short_circuit_operator.py
[2025-07-13T11:09:02.621+0000] {processor.py:756} INFO - Processing file /home/airflow/.local/lib/python3.7/site-packages/airflow/example_dags/example_short_circuit_operator.py for tasks to queue
[2025-07-13T11:09:02.623+0000] {logging_mixin.py:120} INFO - [2025-07-13T11:09:02.623+0000] {dagbag.py:537} INFO - Filling up the DagBag from /home/airflow/.local/lib/python3.7/site-packages/airflow/example_dags/example_short_circuit_operator.py
[2025-07-13T11:09:02.657+0000] {processor.py:766} INFO - DAG(s) dict_keys(['example_short_circuit_operator']) retrieved from /home/airflow/.local/lib/python3.7/site-packages/airflow/example_dags/example_short_circuit_operator.py
[2025-07-13T11:09:02.738+0000] {logging_mixin.py:120} INFO - [2025-07-13T11:09:02.738+0000] {dag.py:2585} INFO - Sync 1 DAGs
[2025-07-13T11:09:02.780+0000] {logging_mixin.py:120} INFO - [2025-07-13T11:09:02.780+0000] {dag.py:3340} INFO - Setting next_dagrun for example_short_circuit_operator to 2025-07-12T11:09:02.780147+00:00, run_after=2025-07-13T11:09:02.780147+00:00
[2025-07-13T11:09:02.813+0000] {processor.py:176} INFO - Processing /home/airflow/.local/lib/python3.7/site-packages/airflow/example_dags/example_short_circuit_operator.py took 0.198 seconds
[2025-07-13T11:09:33.494+0000] {processor.py:154} INFO - Started process (PID=8067) to work on /home/airflow/.local/lib/python3.7/site-packages/airflow/example_dags/example_short_circuit_operator.py
[2025-07-13T11:09:33.495+0000] {processor.py:756} INFO - Processing file /home/airflow/.local/lib/python3.7/site-packages/airflow/example_dags/example_short_circuit_operator.py for tasks to queue
[2025-07-13T11:09:33.497+0000] {logging_mixin.py:120} INFO - [2025-07-13T11:09:33.497+0000] {dagbag.py:537} INFO - Filling up the DagBag from /home/airflow/.local/lib/python3.7/site-packages/airflow/example_dags/example_short_circuit_operator.py
[2025-07-13T11:09:33.526+0000] {processor.py:766} INFO - DAG(s) dict_keys(['example_short_circuit_operator']) retrieved from /home/airflow/.local/lib/python3.7/site-packages/airflow/example_dags/example_short_circuit_operator.py
[2025-07-13T11:09:33.586+0000] {logging_mixin.py:120} INFO - [2025-07-13T11:09:33.586+0000] {dag.py:2585} INFO - Sync 1 DAGs
[2025-07-13T11:09:33.620+0000] {logging_mixin.py:120} INFO - [2025-07-13T11:09:33.620+0000] {dag.py:3340} INFO - Setting next_dagrun for example_short_circuit_operator to 2025-07-12T11:09:33.620031+00:00, run_after=2025-07-13T11:09:33.620031+00:00
[2025-07-13T11:09:33.651+0000] {processor.py:176} INFO - Processing /home/airflow/.local/lib/python3.7/site-packages/airflow/example_dags/example_short_circuit_operator.py took 0.161 seconds
[2025-07-13T11:10:04.607+0000] {processor.py:154} INFO - Started process (PID=8130) to work on /home/airflow/.local/lib/python3.7/site-packages/airflow/example_dags/example_short_circuit_operator.py
[2025-07-13T11:10:04.609+0000] {processor.py:756} INFO - Processing file /home/airflow/.local/lib/python3.7/site-packages/airflow/example_dags/example_short_circuit_operator.py for tasks to queue
[2025-07-13T11:10:04.611+0000] {logging_mixin.py:120} INFO - [2025-07-13T11:10:04.610+0000] {dagbag.py:537} INFO - Filling up the DagBag from /home/airflow/.local/lib/python3.7/site-packages/airflow/example_dags/example_short_circuit_operator.py
[2025-07-13T11:10:04.644+0000] {processor.py:766} INFO - DAG(s) dict_keys(['example_short_circuit_operator']) retrieved from /home/airflow/.local/lib/python3.7/site-packages/airflow/example_dags/example_short_circuit_operator.py
[2025-07-13T11:10:04.716+0000] {logging_mixin.py:120} INFO - [2025-07-13T11:10:04.715+0000] {dag.py:2585} INFO - Sync 1 DAGs
[2025-07-13T11:10:04.753+0000] {logging_mixin.py:120} INFO - [2025-07-13T11:10:04.753+0000] {dag.py:3340} INFO - Setting next_dagrun for example_short_circuit_operator to 2025-07-12T11:10:04.753107+00:00, run_after=2025-07-13T11:10:04.753107+00:00
[2025-07-13T11:10:04.787+0000] {processor.py:176} INFO - Processing /home/airflow/.local/lib/python3.7/site-packages/airflow/example_dags/example_short_circuit_operator.py took 0.185 seconds
[2025-07-13T11:10:35.103+0000] {processor.py:154} INFO - Started process (PID=8184) to work on /home/airflow/.local/lib/python3.7/site-packages/airflow/example_dags/example_short_circuit_operator.py
[2025-07-13T11:10:35.104+0000] {processor.py:756} INFO - Processing file /home/airflow/.local/lib/python3.7/site-packages/airflow/example_dags/example_short_circuit_operator.py for tasks to queue
[2025-07-13T11:10:35.106+0000] {logging_mixin.py:120} INFO - [2025-07-13T11:10:35.105+0000] {dagbag.py:537} INFO - Filling up the DagBag from /home/airflow/.local/lib/python3.7/site-packages/airflow/example_dags/example_short_circuit_operator.py
[2025-07-13T11:10:35.127+0000] {processor.py:766} INFO - DAG(s) dict_keys(['example_short_circuit_operator']) retrieved from /home/airflow/.local/lib/python3.7/site-packages/airflow/example_dags/example_short_circuit_operator.py
[2025-07-13T11:10:35.183+0000] {logging_mixin.py:120} INFO - [2025-07-13T11:10:35.183+0000] {dag.py:2585} INFO - Sync 1 DAGs
[2025-07-13T11:10:35.213+0000] {logging_mixin.py:120} INFO - [2025-07-13T11:10:35.213+0000] {dag.py:3340} INFO - Setting next_dagrun for example_short_circuit_operator to 2025-07-12T11:10:35.213079+00:00, run_after=2025-07-13T11:10:35.213079+00:00
[2025-07-13T11:10:35.240+0000] {processor.py:176} INFO - Processing /home/airflow/.local/lib/python3.7/site-packages/airflow/example_dags/example_short_circuit_operator.py took 0.143 seconds
[2025-07-13T11:11:05.440+0000] {processor.py:154} INFO - Started process (PID=8247) to work on /home/airflow/.local/lib/python3.7/site-packages/airflow/example_dags/example_short_circuit_operator.py
[2025-07-13T11:11:05.442+0000] {processor.py:756} INFO - Processing file /home/airflow/.local/lib/python3.7/site-packages/airflow/example_dags/example_short_circuit_operator.py for tasks to queue
[2025-07-13T11:11:05.443+0000] {logging_mixin.py:120} INFO - [2025-07-13T11:11:05.443+0000] {dagbag.py:537} INFO - Filling up the DagBag from /home/airflow/.local/lib/python3.7/site-packages/airflow/example_dags/example_short_circuit_operator.py
[2025-07-13T11:11:05.483+0000] {processor.py:766} INFO - DAG(s) dict_keys(['example_short_circuit_operator']) retrieved from /home/airflow/.local/lib/python3.7/site-packages/airflow/example_dags/example_short_circuit_operator.py
[2025-07-13T11:11:05.559+0000] {logging_mixin.py:120} INFO - [2025-07-13T11:11:05.559+0000] {dag.py:2585} INFO - Sync 1 DAGs
[2025-07-13T11:11:05.588+0000] {logging_mixin.py:120} INFO - [2025-07-13T11:11:05.588+0000] {dag.py:3340} INFO - Setting next_dagrun for example_short_circuit_operator to 2025-07-12T11:11:05.588220+00:00, run_after=2025-07-13T11:11:05.588220+00:00
[2025-07-13T11:11:05.615+0000] {processor.py:176} INFO - Processing /home/airflow/.local/lib/python3.7/site-packages/airflow/example_dags/example_short_circuit_operator.py took 0.183 seconds
[2025-07-13T11:11:35.994+0000] {processor.py:154} INFO - Started process (PID=8310) to work on /home/airflow/.local/lib/python3.7/site-packages/airflow/example_dags/example_short_circuit_operator.py
[2025-07-13T11:11:35.995+0000] {processor.py:756} INFO - Processing file /home/airflow/.local/lib/python3.7/site-packages/airflow/example_dags/example_short_circuit_operator.py for tasks to queue
[2025-07-13T11:11:35.997+0000] {logging_mixin.py:120} INFO - [2025-07-13T11:11:35.997+0000] {dagbag.py:537} INFO - Filling up the DagBag from /home/airflow/.local/lib/python3.7/site-packages/airflow/example_dags/example_short_circuit_operator.py
[2025-07-13T11:11:36.025+0000] {processor.py:766} INFO - DAG(s) dict_keys(['example_short_circuit_operator']) retrieved from /home/airflow/.local/lib/python3.7/site-packages/airflow/example_dags/example_short_circuit_operator.py
[2025-07-13T11:11:36.103+0000] {logging_mixin.py:120} INFO - [2025-07-13T11:11:36.103+0000] {dag.py:2585} INFO - Sync 1 DAGs
[2025-07-13T11:11:36.162+0000] {logging_mixin.py:120} INFO - [2025-07-13T11:11:36.161+0000] {dag.py:3340} INFO - Setting next_dagrun for example_short_circuit_operator to 2025-07-12T11:11:36.161528+00:00, run_after=2025-07-13T11:11:36.161528+00:00
[2025-07-13T11:11:36.203+0000] {processor.py:176} INFO - Processing /home/airflow/.local/lib/python3.7/site-packages/airflow/example_dags/example_short_circuit_operator.py took 0.215 seconds
[2025-07-13T11:12:06.771+0000] {processor.py:154} INFO - Started process (PID=8364) to work on /home/airflow/.local/lib/python3.7/site-packages/airflow/example_dags/example_short_circuit_operator.py
[2025-07-13T11:12:06.772+0000] {processor.py:756} INFO - Processing file /home/airflow/.local/lib/python3.7/site-packages/airflow/example_dags/example_short_circuit_operator.py for tasks to queue
[2025-07-13T11:12:06.773+0000] {logging_mixin.py:120} INFO - [2025-07-13T11:12:06.773+0000] {dagbag.py:537} INFO - Filling up the DagBag from /home/airflow/.local/lib/python3.7/site-packages/airflow/example_dags/example_short_circuit_operator.py
[2025-07-13T11:12:06.800+0000] {processor.py:766} INFO - DAG(s) dict_keys(['example_short_circuit_operator']) retrieved from /home/airflow/.local/lib/python3.7/site-packages/airflow/example_dags/example_short_circuit_operator.py
[2025-07-13T11:12:06.858+0000] {logging_mixin.py:120} INFO - [2025-07-13T11:12:06.858+0000] {dag.py:2585} INFO - Sync 1 DAGs
[2025-07-13T11:12:06.890+0000] {logging_mixin.py:120} INFO - [2025-07-13T11:12:06.890+0000] {dag.py:3340} INFO - Setting next_dagrun for example_short_circuit_operator to 2025-07-12T11:12:06.889971+00:00, run_after=2025-07-13T11:12:06.889971+00:00
[2025-07-13T11:12:06.922+0000] {processor.py:176} INFO - Processing /home/airflow/.local/lib/python3.7/site-packages/airflow/example_dags/example_short_circuit_operator.py took 0.155 seconds
[2025-07-13T11:12:37.423+0000] {processor.py:154} INFO - Started process (PID=8427) to work on /home/airflow/.local/lib/python3.7/site-packages/airflow/example_dags/example_short_circuit_operator.py
[2025-07-13T11:12:37.425+0000] {processor.py:756} INFO - Processing file /home/airflow/.local/lib/python3.7/site-packages/airflow/example_dags/example_short_circuit_operator.py for tasks to queue
[2025-07-13T11:12:37.427+0000] {logging_mixin.py:120} INFO - [2025-07-13T11:12:37.426+0000] {dagbag.py:537} INFO - Filling up the DagBag from /home/airflow/.local/lib/python3.7/site-packages/airflow/example_dags/example_short_circuit_operator.py
[2025-07-13T11:12:37.455+0000] {processor.py:766} INFO - DAG(s) dict_keys(['example_short_circuit_operator']) retrieved from /home/airflow/.local/lib/python3.7/site-packages/airflow/example_dags/example_short_circuit_operator.py
[2025-07-13T11:12:37.535+0000] {logging_mixin.py:120} INFO - [2025-07-13T11:12:37.534+0000] {dag.py:2585} INFO - Sync 1 DAGs
[2025-07-13T11:12:37.596+0000] {logging_mixin.py:120} INFO - [2025-07-13T11:12:37.596+0000] {dag.py:3340} INFO - Setting next_dagrun for example_short_circuit_operator to 2025-07-12T11:12:37.595850+00:00, run_after=2025-07-13T11:12:37.595850+00:00
[2025-07-13T11:12:37.727+0000] {processor.py:176} INFO - Processing /home/airflow/.local/lib/python3.7/site-packages/airflow/example_dags/example_short_circuit_operator.py took 0.309 seconds
[2025-07-13T11:13:07.884+0000] {processor.py:154} INFO - Started process (PID=8489) to work on /home/airflow/.local/lib/python3.7/site-packages/airflow/example_dags/example_short_circuit_operator.py
[2025-07-13T11:13:07.886+0000] {processor.py:756} INFO - Processing file /home/airflow/.local/lib/python3.7/site-packages/airflow/example_dags/example_short_circuit_operator.py for tasks to queue
[2025-07-13T11:13:07.887+0000] {logging_mixin.py:120} INFO - [2025-07-13T11:13:07.887+0000] {dagbag.py:537} INFO - Filling up the DagBag from /home/airflow/.local/lib/python3.7/site-packages/airflow/example_dags/example_short_circuit_operator.py
[2025-07-13T11:13:07.919+0000] {processor.py:766} INFO - DAG(s) dict_keys(['example_short_circuit_operator']) retrieved from /home/airflow/.local/lib/python3.7/site-packages/airflow/example_dags/example_short_circuit_operator.py
[2025-07-13T11:13:07.971+0000] {logging_mixin.py:120} INFO - [2025-07-13T11:13:07.971+0000] {dag.py:2585} INFO - Sync 1 DAGs
[2025-07-13T11:13:08.001+0000] {logging_mixin.py:120} INFO - [2025-07-13T11:13:08.001+0000] {dag.py:3340} INFO - Setting next_dagrun for example_short_circuit_operator to 2025-07-12T11:13:08.000652+00:00, run_after=2025-07-13T11:13:08.000652+00:00
[2025-07-13T11:13:08.030+0000] {processor.py:176} INFO - Processing /home/airflow/.local/lib/python3.7/site-packages/airflow/example_dags/example_short_circuit_operator.py took 0.150 seconds
[2025-07-13T11:13:38.474+0000] {processor.py:154} INFO - Started process (PID=8543) to work on /home/airflow/.local/lib/python3.7/site-packages/airflow/example_dags/example_short_circuit_operator.py
[2025-07-13T11:13:38.475+0000] {processor.py:756} INFO - Processing file /home/airflow/.local/lib/python3.7/site-packages/airflow/example_dags/example_short_circuit_operator.py for tasks to queue
[2025-07-13T11:13:38.476+0000] {logging_mixin.py:120} INFO - [2025-07-13T11:13:38.476+0000] {dagbag.py:537} INFO - Filling up the DagBag from /home/airflow/.local/lib/python3.7/site-packages/airflow/example_dags/example_short_circuit_operator.py
[2025-07-13T11:13:38.502+0000] {processor.py:766} INFO - DAG(s) dict_keys(['example_short_circuit_operator']) retrieved from /home/airflow/.local/lib/python3.7/site-packages/airflow/example_dags/example_short_circuit_operator.py
[2025-07-13T11:13:38.554+0000] {logging_mixin.py:120} INFO - [2025-07-13T11:13:38.554+0000] {dag.py:2585} INFO - Sync 1 DAGs
[2025-07-13T11:13:38.587+0000] {logging_mixin.py:120} INFO - [2025-07-13T11:13:38.586+0000] {dag.py:3340} INFO - Setting next_dagrun for example_short_circuit_operator to 2025-07-12T11:13:38.586467+00:00, run_after=2025-07-13T11:13:38.586467+00:00
[2025-07-13T11:13:38.625+0000] {processor.py:176} INFO - Processing /home/airflow/.local/lib/python3.7/site-packages/airflow/example_dags/example_short_circuit_operator.py took 0.156 seconds
[2025-07-13T11:14:09.440+0000] {processor.py:154} INFO - Started process (PID=8606) to work on /home/airflow/.local/lib/python3.7/site-packages/airflow/example_dags/example_short_circuit_operator.py
[2025-07-13T11:14:09.442+0000] {processor.py:756} INFO - Processing file /home/airflow/.local/lib/python3.7/site-packages/airflow/example_dags/example_short_circuit_operator.py for tasks to queue
[2025-07-13T11:14:09.444+0000] {logging_mixin.py:120} INFO - [2025-07-13T11:14:09.444+0000] {dagbag.py:537} INFO - Filling up the DagBag from /home/airflow/.local/lib/python3.7/site-packages/airflow/example_dags/example_short_circuit_operator.py
[2025-07-13T11:14:09.472+0000] {processor.py:766} INFO - DAG(s) dict_keys(['example_short_circuit_operator']) retrieved from /home/airflow/.local/lib/python3.7/site-packages/airflow/example_dags/example_short_circuit_operator.py
[2025-07-13T11:14:09.539+0000] {logging_mixin.py:120} INFO - [2025-07-13T11:14:09.539+0000] {dag.py:2585} INFO - Sync 1 DAGs
[2025-07-13T11:14:09.603+0000] {logging_mixin.py:120} INFO - [2025-07-13T11:14:09.603+0000] {dag.py:3340} INFO - Setting next_dagrun for example_short_circuit_operator to 2025-07-12T11:14:09.603132+00:00, run_after=2025-07-13T11:14:09.603132+00:00
[2025-07-13T11:14:09.649+0000] {processor.py:176} INFO - Processing /home/airflow/.local/lib/python3.7/site-packages/airflow/example_dags/example_short_circuit_operator.py took 0.215 seconds
[2025-07-13T11:14:39.907+0000] {processor.py:154} INFO - Started process (PID=8669) to work on /home/airflow/.local/lib/python3.7/site-packages/airflow/example_dags/example_short_circuit_operator.py
[2025-07-13T11:14:39.909+0000] {processor.py:756} INFO - Processing file /home/airflow/.local/lib/python3.7/site-packages/airflow/example_dags/example_short_circuit_operator.py for tasks to queue
[2025-07-13T11:14:39.910+0000] {logging_mixin.py:120} INFO - [2025-07-13T11:14:39.910+0000] {dagbag.py:537} INFO - Filling up the DagBag from /home/airflow/.local/lib/python3.7/site-packages/airflow/example_dags/example_short_circuit_operator.py
[2025-07-13T11:14:39.940+0000] {processor.py:766} INFO - DAG(s) dict_keys(['example_short_circuit_operator']) retrieved from /home/airflow/.local/lib/python3.7/site-packages/airflow/example_dags/example_short_circuit_operator.py
[2025-07-13T11:14:40.006+0000] {logging_mixin.py:120} INFO - [2025-07-13T11:14:40.006+0000] {dag.py:2585} INFO - Sync 1 DAGs
[2025-07-13T11:14:40.051+0000] {logging_mixin.py:120} INFO - [2025-07-13T11:14:40.050+0000] {dag.py:3340} INFO - Setting next_dagrun for example_short_circuit_operator to 2025-07-12T11:14:40.050353+00:00, run_after=2025-07-13T11:14:40.050353+00:00
[2025-07-13T11:14:40.087+0000] {processor.py:176} INFO - Processing /home/airflow/.local/lib/python3.7/site-packages/airflow/example_dags/example_short_circuit_operator.py took 0.186 seconds
[2025-07-13T11:15:10.452+0000] {processor.py:154} INFO - Started process (PID=8723) to work on /home/airflow/.local/lib/python3.7/site-packages/airflow/example_dags/example_short_circuit_operator.py
[2025-07-13T11:15:10.453+0000] {processor.py:756} INFO - Processing file /home/airflow/.local/lib/python3.7/site-packages/airflow/example_dags/example_short_circuit_operator.py for tasks to queue
[2025-07-13T11:15:10.454+0000] {logging_mixin.py:120} INFO - [2025-07-13T11:15:10.454+0000] {dagbag.py:537} INFO - Filling up the DagBag from /home/airflow/.local/lib/python3.7/site-packages/airflow/example_dags/example_short_circuit_operator.py
[2025-07-13T11:15:10.477+0000] {processor.py:766} INFO - DAG(s) dict_keys(['example_short_circuit_operator']) retrieved from /home/airflow/.local/lib/python3.7/site-packages/airflow/example_dags/example_short_circuit_operator.py
[2025-07-13T11:15:10.537+0000] {logging_mixin.py:120} INFO - [2025-07-13T11:15:10.537+0000] {dag.py:2585} INFO - Sync 1 DAGs
[2025-07-13T11:15:10.574+0000] {logging_mixin.py:120} INFO - [2025-07-13T11:15:10.574+0000] {dag.py:3340} INFO - Setting next_dagrun for example_short_circuit_operator to 2025-07-12T11:15:10.573838+00:00, run_after=2025-07-13T11:15:10.573838+00:00
[2025-07-13T11:15:10.605+0000] {processor.py:176} INFO - Processing /home/airflow/.local/lib/python3.7/site-packages/airflow/example_dags/example_short_circuit_operator.py took 0.157 seconds
[2025-07-13T11:15:41.161+0000] {processor.py:154} INFO - Started process (PID=8786) to work on /home/airflow/.local/lib/python3.7/site-packages/airflow/example_dags/example_short_circuit_operator.py
[2025-07-13T11:15:41.163+0000] {processor.py:756} INFO - Processing file /home/airflow/.local/lib/python3.7/site-packages/airflow/example_dags/example_short_circuit_operator.py for tasks to queue
[2025-07-13T11:15:41.164+0000] {logging_mixin.py:120} INFO - [2025-07-13T11:15:41.164+0000] {dagbag.py:537} INFO - Filling up the DagBag from /home/airflow/.local/lib/python3.7/site-packages/airflow/example_dags/example_short_circuit_operator.py
[2025-07-13T11:15:41.192+0000] {processor.py:766} INFO - DAG(s) dict_keys(['example_short_circuit_operator']) retrieved from /home/airflow/.local/lib/python3.7/site-packages/airflow/example_dags/example_short_circuit_operator.py
[2025-07-13T11:15:41.251+0000] {logging_mixin.py:120} INFO - [2025-07-13T11:15:41.251+0000] {dag.py:2585} INFO - Sync 1 DAGs
[2025-07-13T11:15:41.282+0000] {logging_mixin.py:120} INFO - [2025-07-13T11:15:41.282+0000] {dag.py:3340} INFO - Setting next_dagrun for example_short_circuit_operator to 2025-07-12T11:15:41.281838+00:00, run_after=2025-07-13T11:15:41.281838+00:00
[2025-07-13T11:15:41.308+0000] {processor.py:176} INFO - Processing /home/airflow/.local/lib/python3.7/site-packages/airflow/example_dags/example_short_circuit_operator.py took 0.151 seconds
[2025-07-13T11:16:12.092+0000] {processor.py:154} INFO - Started process (PID=8849) to work on /home/airflow/.local/lib/python3.7/site-packages/airflow/example_dags/example_short_circuit_operator.py
[2025-07-13T11:16:12.094+0000] {processor.py:756} INFO - Processing file /home/airflow/.local/lib/python3.7/site-packages/airflow/example_dags/example_short_circuit_operator.py for tasks to queue
[2025-07-13T11:16:12.097+0000] {logging_mixin.py:120} INFO - [2025-07-13T11:16:12.096+0000] {dagbag.py:537} INFO - Filling up the DagBag from /home/airflow/.local/lib/python3.7/site-packages/airflow/example_dags/example_short_circuit_operator.py
[2025-07-13T11:16:12.124+0000] {processor.py:766} INFO - DAG(s) dict_keys(['example_short_circuit_operator']) retrieved from /home/airflow/.local/lib/python3.7/site-packages/airflow/example_dags/example_short_circuit_operator.py
[2025-07-13T11:16:12.179+0000] {logging_mixin.py:120} INFO - [2025-07-13T11:16:12.179+0000] {dag.py:2585} INFO - Sync 1 DAGs
[2025-07-13T11:16:12.210+0000] {logging_mixin.py:120} INFO - [2025-07-13T11:16:12.210+0000] {dag.py:3340} INFO - Setting next_dagrun for example_short_circuit_operator to 2025-07-12T11:16:12.210016+00:00, run_after=2025-07-13T11:16:12.210016+00:00
[2025-07-13T11:16:12.245+0000] {processor.py:176} INFO - Processing /home/airflow/.local/lib/python3.7/site-packages/airflow/example_dags/example_short_circuit_operator.py took 0.158 seconds
[2025-07-13T11:16:42.543+0000] {processor.py:154} INFO - Started process (PID=8903) to work on /home/airflow/.local/lib/python3.7/site-packages/airflow/example_dags/example_short_circuit_operator.py
[2025-07-13T11:16:42.545+0000] {processor.py:756} INFO - Processing file /home/airflow/.local/lib/python3.7/site-packages/airflow/example_dags/example_short_circuit_operator.py for tasks to queue
[2025-07-13T11:16:42.546+0000] {logging_mixin.py:120} INFO - [2025-07-13T11:16:42.546+0000] {dagbag.py:537} INFO - Filling up the DagBag from /home/airflow/.local/lib/python3.7/site-packages/airflow/example_dags/example_short_circuit_operator.py
[2025-07-13T11:16:42.571+0000] {processor.py:766} INFO - DAG(s) dict_keys(['example_short_circuit_operator']) retrieved from /home/airflow/.local/lib/python3.7/site-packages/airflow/example_dags/example_short_circuit_operator.py
[2025-07-13T11:16:42.643+0000] {logging_mixin.py:120} INFO - [2025-07-13T11:16:42.643+0000] {dag.py:2585} INFO - Sync 1 DAGs
[2025-07-13T11:16:42.693+0000] {logging_mixin.py:120} INFO - [2025-07-13T11:16:42.692+0000] {dag.py:3340} INFO - Setting next_dagrun for example_short_circuit_operator to 2025-07-12T11:16:42.692578+00:00, run_after=2025-07-13T11:16:42.692578+00:00
[2025-07-13T11:16:42.734+0000] {processor.py:176} INFO - Processing /home/airflow/.local/lib/python3.7/site-packages/airflow/example_dags/example_short_circuit_operator.py took 0.197 seconds
[2025-07-13T11:17:13.176+0000] {processor.py:154} INFO - Started process (PID=8967) to work on /home/airflow/.local/lib/python3.7/site-packages/airflow/example_dags/example_short_circuit_operator.py
[2025-07-13T11:17:13.178+0000] {processor.py:756} INFO - Processing file /home/airflow/.local/lib/python3.7/site-packages/airflow/example_dags/example_short_circuit_operator.py for tasks to queue
[2025-07-13T11:17:13.179+0000] {logging_mixin.py:120} INFO - [2025-07-13T11:17:13.178+0000] {dagbag.py:537} INFO - Filling up the DagBag from /home/airflow/.local/lib/python3.7/site-packages/airflow/example_dags/example_short_circuit_operator.py
[2025-07-13T11:17:13.214+0000] {processor.py:766} INFO - DAG(s) dict_keys(['example_short_circuit_operator']) retrieved from /home/airflow/.local/lib/python3.7/site-packages/airflow/example_dags/example_short_circuit_operator.py
[2025-07-13T11:17:13.285+0000] {logging_mixin.py:120} INFO - [2025-07-13T11:17:13.285+0000] {dag.py:2585} INFO - Sync 1 DAGs
[2025-07-13T11:17:13.312+0000] {logging_mixin.py:120} INFO - [2025-07-13T11:17:13.312+0000] {dag.py:3340} INFO - Setting next_dagrun for example_short_circuit_operator to 2025-07-12T11:17:13.312127+00:00, run_after=2025-07-13T11:17:13.312127+00:00
[2025-07-13T11:17:13.346+0000] {processor.py:176} INFO - Processing /home/airflow/.local/lib/python3.7/site-packages/airflow/example_dags/example_short_circuit_operator.py took 0.173 seconds
[2025-07-13T11:17:43.507+0000] {processor.py:154} INFO - Started process (PID=9031) to work on /home/airflow/.local/lib/python3.7/site-packages/airflow/example_dags/example_short_circuit_operator.py
[2025-07-13T11:17:43.508+0000] {processor.py:756} INFO - Processing file /home/airflow/.local/lib/python3.7/site-packages/airflow/example_dags/example_short_circuit_operator.py for tasks to queue
[2025-07-13T11:17:43.510+0000] {logging_mixin.py:120} INFO - [2025-07-13T11:17:43.510+0000] {dagbag.py:537} INFO - Filling up the DagBag from /home/airflow/.local/lib/python3.7/site-packages/airflow/example_dags/example_short_circuit_operator.py
[2025-07-13T11:17:43.538+0000] {processor.py:766} INFO - DAG(s) dict_keys(['example_short_circuit_operator']) retrieved from /home/airflow/.local/lib/python3.7/site-packages/airflow/example_dags/example_short_circuit_operator.py
[2025-07-13T11:17:43.628+0000] {logging_mixin.py:120} INFO - [2025-07-13T11:17:43.628+0000] {dag.py:2585} INFO - Sync 1 DAGs
[2025-07-13T11:17:43.684+0000] {logging_mixin.py:120} INFO - [2025-07-13T11:17:43.684+0000] {dag.py:3340} INFO - Setting next_dagrun for example_short_circuit_operator to 2025-07-12T11:17:43.683875+00:00, run_after=2025-07-13T11:17:43.683875+00:00
[2025-07-13T11:17:43.733+0000] {processor.py:176} INFO - Processing /home/airflow/.local/lib/python3.7/site-packages/airflow/example_dags/example_short_circuit_operator.py took 0.230 seconds
[2025-07-13T11:18:14.068+0000] {processor.py:154} INFO - Started process (PID=9085) to work on /home/airflow/.local/lib/python3.7/site-packages/airflow/example_dags/example_short_circuit_operator.py
[2025-07-13T11:18:14.069+0000] {processor.py:756} INFO - Processing file /home/airflow/.local/lib/python3.7/site-packages/airflow/example_dags/example_short_circuit_operator.py for tasks to queue
[2025-07-13T11:18:14.071+0000] {logging_mixin.py:120} INFO - [2025-07-13T11:18:14.071+0000] {dagbag.py:537} INFO - Filling up the DagBag from /home/airflow/.local/lib/python3.7/site-packages/airflow/example_dags/example_short_circuit_operator.py
[2025-07-13T11:18:14.101+0000] {processor.py:766} INFO - DAG(s) dict_keys(['example_short_circuit_operator']) retrieved from /home/airflow/.local/lib/python3.7/site-packages/airflow/example_dags/example_short_circuit_operator.py
[2025-07-13T11:18:14.167+0000] {logging_mixin.py:120} INFO - [2025-07-13T11:18:14.167+0000] {dag.py:2585} INFO - Sync 1 DAGs
[2025-07-13T11:18:14.221+0000] {logging_mixin.py:120} INFO - [2025-07-13T11:18:14.221+0000] {dag.py:3340} INFO - Setting next_dagrun for example_short_circuit_operator to 2025-07-12T11:18:14.221092+00:00, run_after=2025-07-13T11:18:14.221092+00:00
[2025-07-13T11:18:14.259+0000] {processor.py:176} INFO - Processing /home/airflow/.local/lib/python3.7/site-packages/airflow/example_dags/example_short_circuit_operator.py took 0.196 seconds
[2025-07-13T11:18:44.998+0000] {processor.py:154} INFO - Started process (PID=9148) to work on /home/airflow/.local/lib/python3.7/site-packages/airflow/example_dags/example_short_circuit_operator.py
[2025-07-13T11:18:44.999+0000] {processor.py:756} INFO - Processing file /home/airflow/.local/lib/python3.7/site-packages/airflow/example_dags/example_short_circuit_operator.py for tasks to queue
[2025-07-13T11:18:45.000+0000] {logging_mixin.py:120} INFO - [2025-07-13T11:18:45.000+0000] {dagbag.py:537} INFO - Filling up the DagBag from /home/airflow/.local/lib/python3.7/site-packages/airflow/example_dags/example_short_circuit_operator.py
[2025-07-13T11:18:45.022+0000] {processor.py:766} INFO - DAG(s) dict_keys(['example_short_circuit_operator']) retrieved from /home/airflow/.local/lib/python3.7/site-packages/airflow/example_dags/example_short_circuit_operator.py
[2025-07-13T11:18:45.084+0000] {logging_mixin.py:120} INFO - [2025-07-13T11:18:45.084+0000] {dag.py:2585} INFO - Sync 1 DAGs
[2025-07-13T11:18:45.118+0000] {logging_mixin.py:120} INFO - [2025-07-13T11:18:45.118+0000] {dag.py:3340} INFO - Setting next_dagrun for example_short_circuit_operator to 2025-07-12T11:18:45.118192+00:00, run_after=2025-07-13T11:18:45.118192+00:00
[2025-07-13T11:18:45.144+0000] {processor.py:176} INFO - Processing /home/airflow/.local/lib/python3.7/site-packages/airflow/example_dags/example_short_circuit_operator.py took 0.150 seconds
[2025-07-13T11:19:16.224+0000] {processor.py:154} INFO - Started process (PID=9202) to work on /home/airflow/.local/lib/python3.7/site-packages/airflow/example_dags/example_short_circuit_operator.py
[2025-07-13T11:19:16.229+0000] {processor.py:756} INFO - Processing file /home/airflow/.local/lib/python3.7/site-packages/airflow/example_dags/example_short_circuit_operator.py for tasks to queue
[2025-07-13T11:19:16.233+0000] {logging_mixin.py:120} INFO - [2025-07-13T11:19:16.233+0000] {dagbag.py:537} INFO - Filling up the DagBag from /home/airflow/.local/lib/python3.7/site-packages/airflow/example_dags/example_short_circuit_operator.py
[2025-07-13T11:19:16.288+0000] {processor.py:766} INFO - DAG(s) dict_keys(['example_short_circuit_operator']) retrieved from /home/airflow/.local/lib/python3.7/site-packages/airflow/example_dags/example_short_circuit_operator.py
[2025-07-13T11:19:16.384+0000] {logging_mixin.py:120} INFO - [2025-07-13T11:19:16.383+0000] {dag.py:2585} INFO - Sync 1 DAGs
[2025-07-13T11:19:16.471+0000] {logging_mixin.py:120} INFO - [2025-07-13T11:19:16.470+0000] {dag.py:3340} INFO - Setting next_dagrun for example_short_circuit_operator to 2025-07-12T11:19:16.470120+00:00, run_after=2025-07-13T11:19:16.470120+00:00
[2025-07-13T11:19:16.724+0000] {processor.py:176} INFO - Processing /home/airflow/.local/lib/python3.7/site-packages/airflow/example_dags/example_short_circuit_operator.py took 0.506 seconds
[2025-07-13T11:19:47.572+0000] {processor.py:154} INFO - Started process (PID=9255) to work on /home/airflow/.local/lib/python3.7/site-packages/airflow/example_dags/example_short_circuit_operator.py
[2025-07-13T11:19:47.584+0000] {processor.py:756} INFO - Processing file /home/airflow/.local/lib/python3.7/site-packages/airflow/example_dags/example_short_circuit_operator.py for tasks to queue
[2025-07-13T11:19:47.589+0000] {logging_mixin.py:120} INFO - [2025-07-13T11:19:47.588+0000] {dagbag.py:537} INFO - Filling up the DagBag from /home/airflow/.local/lib/python3.7/site-packages/airflow/example_dags/example_short_circuit_operator.py
[2025-07-13T11:19:47.684+0000] {processor.py:766} INFO - DAG(s) dict_keys(['example_short_circuit_operator']) retrieved from /home/airflow/.local/lib/python3.7/site-packages/airflow/example_dags/example_short_circuit_operator.py
[2025-07-13T11:19:47.837+0000] {logging_mixin.py:120} INFO - [2025-07-13T11:19:47.837+0000] {dag.py:2585} INFO - Sync 1 DAGs
[2025-07-13T11:19:48.017+0000] {logging_mixin.py:120} INFO - [2025-07-13T11:19:48.017+0000] {dag.py:3340} INFO - Setting next_dagrun for example_short_circuit_operator to 2025-07-12T11:19:48.017009+00:00, run_after=2025-07-13T11:19:48.017009+00:00
[2025-07-13T11:19:48.136+0000] {processor.py:176} INFO - Processing /home/airflow/.local/lib/python3.7/site-packages/airflow/example_dags/example_short_circuit_operator.py took 0.581 seconds
[2025-07-13T11:20:18.262+0000] {processor.py:154} INFO - Started process (PID=9318) to work on /home/airflow/.local/lib/python3.7/site-packages/airflow/example_dags/example_short_circuit_operator.py
[2025-07-13T11:20:18.264+0000] {processor.py:756} INFO - Processing file /home/airflow/.local/lib/python3.7/site-packages/airflow/example_dags/example_short_circuit_operator.py for tasks to queue
[2025-07-13T11:20:18.266+0000] {logging_mixin.py:120} INFO - [2025-07-13T11:20:18.266+0000] {dagbag.py:537} INFO - Filling up the DagBag from /home/airflow/.local/lib/python3.7/site-packages/airflow/example_dags/example_short_circuit_operator.py
[2025-07-13T11:20:18.294+0000] {processor.py:766} INFO - DAG(s) dict_keys(['example_short_circuit_operator']) retrieved from /home/airflow/.local/lib/python3.7/site-packages/airflow/example_dags/example_short_circuit_operator.py
[2025-07-13T11:20:18.368+0000] {logging_mixin.py:120} INFO - [2025-07-13T11:20:18.367+0000] {dag.py:2585} INFO - Sync 1 DAGs
[2025-07-13T11:20:18.418+0000] {logging_mixin.py:120} INFO - [2025-07-13T11:20:18.418+0000] {dag.py:3340} INFO - Setting next_dagrun for example_short_circuit_operator to 2025-07-12T11:20:18.418339+00:00, run_after=2025-07-13T11:20:18.418339+00:00
[2025-07-13T11:20:18.446+0000] {processor.py:176} INFO - Processing /home/airflow/.local/lib/python3.7/site-packages/airflow/example_dags/example_short_circuit_operator.py took 0.189 seconds
[2025-07-13T11:20:48.715+0000] {processor.py:154} INFO - Started process (PID=9373) to work on /home/airflow/.local/lib/python3.7/site-packages/airflow/example_dags/example_short_circuit_operator.py
[2025-07-13T11:20:48.717+0000] {processor.py:756} INFO - Processing file /home/airflow/.local/lib/python3.7/site-packages/airflow/example_dags/example_short_circuit_operator.py for tasks to queue
[2025-07-13T11:20:48.718+0000] {logging_mixin.py:120} INFO - [2025-07-13T11:20:48.718+0000] {dagbag.py:537} INFO - Filling up the DagBag from /home/airflow/.local/lib/python3.7/site-packages/airflow/example_dags/example_short_circuit_operator.py
[2025-07-13T11:20:48.754+0000] {processor.py:766} INFO - DAG(s) dict_keys(['example_short_circuit_operator']) retrieved from /home/airflow/.local/lib/python3.7/site-packages/airflow/example_dags/example_short_circuit_operator.py
[2025-07-13T11:20:48.829+0000] {logging_mixin.py:120} INFO - [2025-07-13T11:20:48.829+0000] {dag.py:2585} INFO - Sync 1 DAGs
[2025-07-13T11:20:48.873+0000] {logging_mixin.py:120} INFO - [2025-07-13T11:20:48.873+0000] {dag.py:3340} INFO - Setting next_dagrun for example_short_circuit_operator to 2025-07-12T11:20:48.873323+00:00, run_after=2025-07-13T11:20:48.873323+00:00
[2025-07-13T11:20:48.911+0000] {processor.py:176} INFO - Processing /home/airflow/.local/lib/python3.7/site-packages/airflow/example_dags/example_short_circuit_operator.py took 0.200 seconds
[2025-07-13T11:21:19.615+0000] {processor.py:154} INFO - Started process (PID=9427) to work on /home/airflow/.local/lib/python3.7/site-packages/airflow/example_dags/example_short_circuit_operator.py
[2025-07-13T11:21:19.616+0000] {processor.py:756} INFO - Processing file /home/airflow/.local/lib/python3.7/site-packages/airflow/example_dags/example_short_circuit_operator.py for tasks to queue
[2025-07-13T11:21:19.618+0000] {logging_mixin.py:120} INFO - [2025-07-13T11:21:19.618+0000] {dagbag.py:537} INFO - Filling up the DagBag from /home/airflow/.local/lib/python3.7/site-packages/airflow/example_dags/example_short_circuit_operator.py
[2025-07-13T11:21:19.647+0000] {processor.py:766} INFO - DAG(s) dict_keys(['example_short_circuit_operator']) retrieved from /home/airflow/.local/lib/python3.7/site-packages/airflow/example_dags/example_short_circuit_operator.py
[2025-07-13T11:21:19.712+0000] {logging_mixin.py:120} INFO - [2025-07-13T11:21:19.712+0000] {dag.py:2585} INFO - Sync 1 DAGs
[2025-07-13T11:21:19.749+0000] {logging_mixin.py:120} INFO - [2025-07-13T11:21:19.749+0000] {dag.py:3340} INFO - Setting next_dagrun for example_short_circuit_operator to 2025-07-12T11:21:19.748666+00:00, run_after=2025-07-13T11:21:19.748666+00:00
[2025-07-13T11:21:19.785+0000] {processor.py:176} INFO - Processing /home/airflow/.local/lib/python3.7/site-packages/airflow/example_dags/example_short_circuit_operator.py took 0.177 seconds
[2025-07-13T11:21:50.780+0000] {processor.py:154} INFO - Started process (PID=9489) to work on /home/airflow/.local/lib/python3.7/site-packages/airflow/example_dags/example_short_circuit_operator.py
[2025-07-13T11:21:50.797+0000] {processor.py:756} INFO - Processing file /home/airflow/.local/lib/python3.7/site-packages/airflow/example_dags/example_short_circuit_operator.py for tasks to queue
[2025-07-13T11:21:50.812+0000] {logging_mixin.py:120} INFO - [2025-07-13T11:21:50.812+0000] {dagbag.py:537} INFO - Filling up the DagBag from /home/airflow/.local/lib/python3.7/site-packages/airflow/example_dags/example_short_circuit_operator.py
[2025-07-13T11:21:50.924+0000] {processor.py:766} INFO - DAG(s) dict_keys(['example_short_circuit_operator']) retrieved from /home/airflow/.local/lib/python3.7/site-packages/airflow/example_dags/example_short_circuit_operator.py
[2025-07-13T11:21:51.198+0000] {logging_mixin.py:120} INFO - [2025-07-13T11:21:51.197+0000] {dag.py:2585} INFO - Sync 1 DAGs
[2025-07-13T11:21:51.403+0000] {logging_mixin.py:120} INFO - [2025-07-13T11:21:51.402+0000] {dag.py:3340} INFO - Setting next_dagrun for example_short_circuit_operator to 2025-07-12T11:21:51.390688+00:00, run_after=2025-07-13T11:21:51.390688+00:00
[2025-07-13T11:21:51.588+0000] {processor.py:176} INFO - Processing /home/airflow/.local/lib/python3.7/site-packages/airflow/example_dags/example_short_circuit_operator.py took 0.872 seconds
[2025-07-13T11:22:21.930+0000] {processor.py:154} INFO - Started process (PID=9543) to work on /home/airflow/.local/lib/python3.7/site-packages/airflow/example_dags/example_short_circuit_operator.py
[2025-07-13T11:22:21.943+0000] {processor.py:756} INFO - Processing file /home/airflow/.local/lib/python3.7/site-packages/airflow/example_dags/example_short_circuit_operator.py for tasks to queue
[2025-07-13T11:22:21.944+0000] {logging_mixin.py:120} INFO - [2025-07-13T11:22:21.944+0000] {dagbag.py:537} INFO - Filling up the DagBag from /home/airflow/.local/lib/python3.7/site-packages/airflow/example_dags/example_short_circuit_operator.py
[2025-07-13T11:22:22.142+0000] {processor.py:766} INFO - DAG(s) dict_keys(['example_short_circuit_operator']) retrieved from /home/airflow/.local/lib/python3.7/site-packages/airflow/example_dags/example_short_circuit_operator.py
[2025-07-13T11:22:22.601+0000] {logging_mixin.py:120} INFO - [2025-07-13T11:22:22.600+0000] {dag.py:2585} INFO - Sync 1 DAGs
[2025-07-13T11:22:22.768+0000] {logging_mixin.py:120} INFO - [2025-07-13T11:22:22.768+0000] {dag.py:3340} INFO - Setting next_dagrun for example_short_circuit_operator to 2025-07-12T11:22:22.767488+00:00, run_after=2025-07-13T11:22:22.767488+00:00
[2025-07-13T11:22:23.203+0000] {processor.py:176} INFO - Processing /home/airflow/.local/lib/python3.7/site-packages/airflow/example_dags/example_short_circuit_operator.py took 1.288 seconds
[2025-07-13T11:22:54.028+0000] {processor.py:154} INFO - Started process (PID=9598) to work on /home/airflow/.local/lib/python3.7/site-packages/airflow/example_dags/example_short_circuit_operator.py
[2025-07-13T11:22:54.030+0000] {processor.py:756} INFO - Processing file /home/airflow/.local/lib/python3.7/site-packages/airflow/example_dags/example_short_circuit_operator.py for tasks to queue
[2025-07-13T11:22:54.037+0000] {logging_mixin.py:120} INFO - [2025-07-13T11:22:54.037+0000] {dagbag.py:537} INFO - Filling up the DagBag from /home/airflow/.local/lib/python3.7/site-packages/airflow/example_dags/example_short_circuit_operator.py
[2025-07-13T11:22:54.160+0000] {processor.py:766} INFO - DAG(s) dict_keys(['example_short_circuit_operator']) retrieved from /home/airflow/.local/lib/python3.7/site-packages/airflow/example_dags/example_short_circuit_operator.py
[2025-07-13T11:22:54.252+0000] {logging_mixin.py:120} INFO - [2025-07-13T11:22:54.251+0000] {dag.py:2585} INFO - Sync 1 DAGs
[2025-07-13T11:22:54.303+0000] {logging_mixin.py:120} INFO - [2025-07-13T11:22:54.303+0000] {dag.py:3340} INFO - Setting next_dagrun for example_short_circuit_operator to 2025-07-12T11:22:54.302995+00:00, run_after=2025-07-13T11:22:54.302995+00:00
[2025-07-13T11:22:54.354+0000] {processor.py:176} INFO - Processing /home/airflow/.local/lib/python3.7/site-packages/airflow/example_dags/example_short_circuit_operator.py took 0.350 seconds
[2025-07-13T11:23:24.975+0000] {processor.py:154} INFO - Started process (PID=9652) to work on /home/airflow/.local/lib/python3.7/site-packages/airflow/example_dags/example_short_circuit_operator.py
[2025-07-13T11:23:24.976+0000] {processor.py:756} INFO - Processing file /home/airflow/.local/lib/python3.7/site-packages/airflow/example_dags/example_short_circuit_operator.py for tasks to queue
[2025-07-13T11:23:24.978+0000] {logging_mixin.py:120} INFO - [2025-07-13T11:23:24.977+0000] {dagbag.py:537} INFO - Filling up the DagBag from /home/airflow/.local/lib/python3.7/site-packages/airflow/example_dags/example_short_circuit_operator.py
[2025-07-13T11:23:25.004+0000] {processor.py:766} INFO - DAG(s) dict_keys(['example_short_circuit_operator']) retrieved from /home/airflow/.local/lib/python3.7/site-packages/airflow/example_dags/example_short_circuit_operator.py
[2025-07-13T11:23:25.092+0000] {logging_mixin.py:120} INFO - [2025-07-13T11:23:25.092+0000] {dag.py:2585} INFO - Sync 1 DAGs
[2025-07-13T11:23:25.140+0000] {logging_mixin.py:120} INFO - [2025-07-13T11:23:25.140+0000] {dag.py:3340} INFO - Setting next_dagrun for example_short_circuit_operator to 2025-07-12T11:23:25.140236+00:00, run_after=2025-07-13T11:23:25.140236+00:00
[2025-07-13T11:23:25.173+0000] {processor.py:176} INFO - Processing /home/airflow/.local/lib/python3.7/site-packages/airflow/example_dags/example_short_circuit_operator.py took 0.202 seconds
[2025-07-13T11:23:55.382+0000] {processor.py:154} INFO - Started process (PID=9706) to work on /home/airflow/.local/lib/python3.7/site-packages/airflow/example_dags/example_short_circuit_operator.py
[2025-07-13T11:23:55.385+0000] {processor.py:756} INFO - Processing file /home/airflow/.local/lib/python3.7/site-packages/airflow/example_dags/example_short_circuit_operator.py for tasks to queue
[2025-07-13T11:23:55.387+0000] {logging_mixin.py:120} INFO - [2025-07-13T11:23:55.386+0000] {dagbag.py:537} INFO - Filling up the DagBag from /home/airflow/.local/lib/python3.7/site-packages/airflow/example_dags/example_short_circuit_operator.py
[2025-07-13T11:23:55.420+0000] {processor.py:766} INFO - DAG(s) dict_keys(['example_short_circuit_operator']) retrieved from /home/airflow/.local/lib/python3.7/site-packages/airflow/example_dags/example_short_circuit_operator.py
[2025-07-13T11:23:55.496+0000] {logging_mixin.py:120} INFO - [2025-07-13T11:23:55.496+0000] {dag.py:2585} INFO - Sync 1 DAGs
[2025-07-13T11:23:55.525+0000] {logging_mixin.py:120} INFO - [2025-07-13T11:23:55.525+0000] {dag.py:3340} INFO - Setting next_dagrun for example_short_circuit_operator to 2025-07-12T11:23:55.524905+00:00, run_after=2025-07-13T11:23:55.524905+00:00
[2025-07-13T11:23:55.556+0000] {processor.py:176} INFO - Processing /home/airflow/.local/lib/python3.7/site-packages/airflow/example_dags/example_short_circuit_operator.py took 0.179 seconds
[2025-07-13T11:24:26.509+0000] {processor.py:154} INFO - Started process (PID=9770) to work on /home/airflow/.local/lib/python3.7/site-packages/airflow/example_dags/example_short_circuit_operator.py
[2025-07-13T11:24:26.510+0000] {processor.py:756} INFO - Processing file /home/airflow/.local/lib/python3.7/site-packages/airflow/example_dags/example_short_circuit_operator.py for tasks to queue
[2025-07-13T11:24:26.512+0000] {logging_mixin.py:120} INFO - [2025-07-13T11:24:26.512+0000] {dagbag.py:537} INFO - Filling up the DagBag from /home/airflow/.local/lib/python3.7/site-packages/airflow/example_dags/example_short_circuit_operator.py
[2025-07-13T11:24:26.541+0000] {processor.py:766} INFO - DAG(s) dict_keys(['example_short_circuit_operator']) retrieved from /home/airflow/.local/lib/python3.7/site-packages/airflow/example_dags/example_short_circuit_operator.py
[2025-07-13T11:24:26.610+0000] {logging_mixin.py:120} INFO - [2025-07-13T11:24:26.610+0000] {dag.py:2585} INFO - Sync 1 DAGs
[2025-07-13T11:24:26.658+0000] {logging_mixin.py:120} INFO - [2025-07-13T11:24:26.658+0000] {dag.py:3340} INFO - Setting next_dagrun for example_short_circuit_operator to 2025-07-12T11:24:26.658539+00:00, run_after=2025-07-13T11:24:26.658539+00:00
[2025-07-13T11:24:26.692+0000] {processor.py:176} INFO - Processing /home/airflow/.local/lib/python3.7/site-packages/airflow/example_dags/example_short_circuit_operator.py took 0.188 seconds
[2025-07-13T11:24:56.805+0000] {processor.py:154} INFO - Started process (PID=9823) to work on /home/airflow/.local/lib/python3.7/site-packages/airflow/example_dags/example_short_circuit_operator.py
[2025-07-13T11:24:56.807+0000] {processor.py:756} INFO - Processing file /home/airflow/.local/lib/python3.7/site-packages/airflow/example_dags/example_short_circuit_operator.py for tasks to queue
[2025-07-13T11:24:56.808+0000] {logging_mixin.py:120} INFO - [2025-07-13T11:24:56.808+0000] {dagbag.py:537} INFO - Filling up the DagBag from /home/airflow/.local/lib/python3.7/site-packages/airflow/example_dags/example_short_circuit_operator.py
[2025-07-13T11:24:56.837+0000] {processor.py:766} INFO - DAG(s) dict_keys(['example_short_circuit_operator']) retrieved from /home/airflow/.local/lib/python3.7/site-packages/airflow/example_dags/example_short_circuit_operator.py
[2025-07-13T11:24:56.905+0000] {logging_mixin.py:120} INFO - [2025-07-13T11:24:56.905+0000] {dag.py:2585} INFO - Sync 1 DAGs
[2025-07-13T11:24:56.944+0000] {logging_mixin.py:120} INFO - [2025-07-13T11:24:56.944+0000] {dag.py:3340} INFO - Setting next_dagrun for example_short_circuit_operator to 2025-07-12T11:24:56.944061+00:00, run_after=2025-07-13T11:24:56.944061+00:00
[2025-07-13T11:24:56.980+0000] {processor.py:176} INFO - Processing /home/airflow/.local/lib/python3.7/site-packages/airflow/example_dags/example_short_circuit_operator.py took 0.180 seconds
[2025-07-13T11:25:27.353+0000] {processor.py:154} INFO - Started process (PID=9887) to work on /home/airflow/.local/lib/python3.7/site-packages/airflow/example_dags/example_short_circuit_operator.py
[2025-07-13T11:25:27.355+0000] {processor.py:756} INFO - Processing file /home/airflow/.local/lib/python3.7/site-packages/airflow/example_dags/example_short_circuit_operator.py for tasks to queue
[2025-07-13T11:25:27.356+0000] {logging_mixin.py:120} INFO - [2025-07-13T11:25:27.356+0000] {dagbag.py:537} INFO - Filling up the DagBag from /home/airflow/.local/lib/python3.7/site-packages/airflow/example_dags/example_short_circuit_operator.py
[2025-07-13T11:25:27.385+0000] {processor.py:766} INFO - DAG(s) dict_keys(['example_short_circuit_operator']) retrieved from /home/airflow/.local/lib/python3.7/site-packages/airflow/example_dags/example_short_circuit_operator.py
[2025-07-13T11:25:27.454+0000] {logging_mixin.py:120} INFO - [2025-07-13T11:25:27.454+0000] {dag.py:2585} INFO - Sync 1 DAGs
[2025-07-13T11:25:27.498+0000] {logging_mixin.py:120} INFO - [2025-07-13T11:25:27.498+0000] {dag.py:3340} INFO - Setting next_dagrun for example_short_circuit_operator to 2025-07-12T11:25:27.498275+00:00, run_after=2025-07-13T11:25:27.498275+00:00
[2025-07-13T11:25:27.535+0000] {processor.py:176} INFO - Processing /home/airflow/.local/lib/python3.7/site-packages/airflow/example_dags/example_short_circuit_operator.py took 0.189 seconds
[2025-07-13T11:25:57.649+0000] {processor.py:154} INFO - Started process (PID=9950) to work on /home/airflow/.local/lib/python3.7/site-packages/airflow/example_dags/example_short_circuit_operator.py
[2025-07-13T11:25:57.651+0000] {processor.py:756} INFO - Processing file /home/airflow/.local/lib/python3.7/site-packages/airflow/example_dags/example_short_circuit_operator.py for tasks to queue
[2025-07-13T11:25:57.652+0000] {logging_mixin.py:120} INFO - [2025-07-13T11:25:57.652+0000] {dagbag.py:537} INFO - Filling up the DagBag from /home/airflow/.local/lib/python3.7/site-packages/airflow/example_dags/example_short_circuit_operator.py
[2025-07-13T11:25:57.678+0000] {processor.py:766} INFO - DAG(s) dict_keys(['example_short_circuit_operator']) retrieved from /home/airflow/.local/lib/python3.7/site-packages/airflow/example_dags/example_short_circuit_operator.py
[2025-07-13T11:25:57.749+0000] {logging_mixin.py:120} INFO - [2025-07-13T11:25:57.749+0000] {dag.py:2585} INFO - Sync 1 DAGs
[2025-07-13T11:25:57.791+0000] {logging_mixin.py:120} INFO - [2025-07-13T11:25:57.791+0000] {dag.py:3340} INFO - Setting next_dagrun for example_short_circuit_operator to 2025-07-12T11:25:57.790959+00:00, run_after=2025-07-13T11:25:57.790959+00:00
[2025-07-13T11:25:57.855+0000] {processor.py:176} INFO - Processing /home/airflow/.local/lib/python3.7/site-packages/airflow/example_dags/example_short_circuit_operator.py took 0.213 seconds
[2025-07-13T11:26:28.536+0000] {processor.py:154} INFO - Started process (PID=10004) to work on /home/airflow/.local/lib/python3.7/site-packages/airflow/example_dags/example_short_circuit_operator.py
[2025-07-13T11:26:28.551+0000] {processor.py:756} INFO - Processing file /home/airflow/.local/lib/python3.7/site-packages/airflow/example_dags/example_short_circuit_operator.py for tasks to queue
[2025-07-13T11:26:28.554+0000] {logging_mixin.py:120} INFO - [2025-07-13T11:26:28.554+0000] {dagbag.py:537} INFO - Filling up the DagBag from /home/airflow/.local/lib/python3.7/site-packages/airflow/example_dags/example_short_circuit_operator.py
[2025-07-13T11:26:28.623+0000] {processor.py:766} INFO - DAG(s) dict_keys(['example_short_circuit_operator']) retrieved from /home/airflow/.local/lib/python3.7/site-packages/airflow/example_dags/example_short_circuit_operator.py
[2025-07-13T11:26:28.839+0000] {logging_mixin.py:120} INFO - [2025-07-13T11:26:28.839+0000] {dag.py:2585} INFO - Sync 1 DAGs
[2025-07-13T11:26:28.972+0000] {logging_mixin.py:120} INFO - [2025-07-13T11:26:28.972+0000] {dag.py:3340} INFO - Setting next_dagrun for example_short_circuit_operator to 2025-07-12T11:26:28.971941+00:00, run_after=2025-07-13T11:26:28.971941+00:00
[2025-07-13T11:26:29.154+0000] {processor.py:176} INFO - Processing /home/airflow/.local/lib/python3.7/site-packages/airflow/example_dags/example_short_circuit_operator.py took 0.625 seconds
[2025-07-13T11:26:59.280+0000] {processor.py:154} INFO - Started process (PID=10056) to work on /home/airflow/.local/lib/python3.7/site-packages/airflow/example_dags/example_short_circuit_operator.py
[2025-07-13T11:26:59.282+0000] {processor.py:756} INFO - Processing file /home/airflow/.local/lib/python3.7/site-packages/airflow/example_dags/example_short_circuit_operator.py for tasks to queue
[2025-07-13T11:26:59.283+0000] {logging_mixin.py:120} INFO - [2025-07-13T11:26:59.283+0000] {dagbag.py:537} INFO - Filling up the DagBag from /home/airflow/.local/lib/python3.7/site-packages/airflow/example_dags/example_short_circuit_operator.py
[2025-07-13T11:26:59.310+0000] {processor.py:766} INFO - DAG(s) dict_keys(['example_short_circuit_operator']) retrieved from /home/airflow/.local/lib/python3.7/site-packages/airflow/example_dags/example_short_circuit_operator.py
[2025-07-13T11:26:59.379+0000] {logging_mixin.py:120} INFO - [2025-07-13T11:26:59.379+0000] {dag.py:2585} INFO - Sync 1 DAGs
[2025-07-13T11:26:59.417+0000] {logging_mixin.py:120} INFO - [2025-07-13T11:26:59.417+0000] {dag.py:3340} INFO - Setting next_dagrun for example_short_circuit_operator to 2025-07-12T11:26:59.417285+00:00, run_after=2025-07-13T11:26:59.417285+00:00
[2025-07-13T11:26:59.455+0000] {processor.py:176} INFO - Processing /home/airflow/.local/lib/python3.7/site-packages/airflow/example_dags/example_short_circuit_operator.py took 0.182 seconds
[2025-07-13T11:27:30.036+0000] {processor.py:154} INFO - Started process (PID=10120) to work on /home/airflow/.local/lib/python3.7/site-packages/airflow/example_dags/example_short_circuit_operator.py
[2025-07-13T11:27:30.044+0000] {processor.py:756} INFO - Processing file /home/airflow/.local/lib/python3.7/site-packages/airflow/example_dags/example_short_circuit_operator.py for tasks to queue
[2025-07-13T11:27:30.051+0000] {logging_mixin.py:120} INFO - [2025-07-13T11:27:30.051+0000] {dagbag.py:537} INFO - Filling up the DagBag from /home/airflow/.local/lib/python3.7/site-packages/airflow/example_dags/example_short_circuit_operator.py
[2025-07-13T11:27:30.099+0000] {processor.py:766} INFO - DAG(s) dict_keys(['example_short_circuit_operator']) retrieved from /home/airflow/.local/lib/python3.7/site-packages/airflow/example_dags/example_short_circuit_operator.py
[2025-07-13T11:27:30.256+0000] {logging_mixin.py:120} INFO - [2025-07-13T11:27:30.255+0000] {dag.py:2585} INFO - Sync 1 DAGs
[2025-07-13T11:27:30.403+0000] {logging_mixin.py:120} INFO - [2025-07-13T11:27:30.402+0000] {dag.py:3340} INFO - Setting next_dagrun for example_short_circuit_operator to 2025-07-12T11:27:30.402248+00:00, run_after=2025-07-13T11:27:30.402248+00:00
[2025-07-13T11:27:30.467+0000] {processor.py:176} INFO - Processing /home/airflow/.local/lib/python3.7/site-packages/airflow/example_dags/example_short_circuit_operator.py took 0.446 seconds
[2025-07-13T11:28:01.246+0000] {processor.py:154} INFO - Started process (PID=10174) to work on /home/airflow/.local/lib/python3.7/site-packages/airflow/example_dags/example_short_circuit_operator.py
[2025-07-13T11:28:01.247+0000] {processor.py:756} INFO - Processing file /home/airflow/.local/lib/python3.7/site-packages/airflow/example_dags/example_short_circuit_operator.py for tasks to queue
[2025-07-13T11:28:01.249+0000] {logging_mixin.py:120} INFO - [2025-07-13T11:28:01.248+0000] {dagbag.py:537} INFO - Filling up the DagBag from /home/airflow/.local/lib/python3.7/site-packages/airflow/example_dags/example_short_circuit_operator.py
[2025-07-13T11:28:01.287+0000] {processor.py:766} INFO - DAG(s) dict_keys(['example_short_circuit_operator']) retrieved from /home/airflow/.local/lib/python3.7/site-packages/airflow/example_dags/example_short_circuit_operator.py
[2025-07-13T11:28:01.363+0000] {logging_mixin.py:120} INFO - [2025-07-13T11:28:01.362+0000] {dag.py:2585} INFO - Sync 1 DAGs
[2025-07-13T11:28:01.400+0000] {logging_mixin.py:120} INFO - [2025-07-13T11:28:01.400+0000] {dag.py:3340} INFO - Setting next_dagrun for example_short_circuit_operator to 2025-07-12T11:28:01.399766+00:00, run_after=2025-07-13T11:28:01.399766+00:00
[2025-07-13T11:28:01.678+0000] {processor.py:176} INFO - Processing /home/airflow/.local/lib/python3.7/site-packages/airflow/example_dags/example_short_circuit_operator.py took 0.441 seconds
[2025-07-13T11:28:32.050+0000] {processor.py:154} INFO - Started process (PID=10237) to work on /home/airflow/.local/lib/python3.7/site-packages/airflow/example_dags/example_short_circuit_operator.py
[2025-07-13T11:28:32.052+0000] {processor.py:756} INFO - Processing file /home/airflow/.local/lib/python3.7/site-packages/airflow/example_dags/example_short_circuit_operator.py for tasks to queue
[2025-07-13T11:28:32.053+0000] {logging_mixin.py:120} INFO - [2025-07-13T11:28:32.053+0000] {dagbag.py:537} INFO - Filling up the DagBag from /home/airflow/.local/lib/python3.7/site-packages/airflow/example_dags/example_short_circuit_operator.py
[2025-07-13T11:28:32.109+0000] {processor.py:766} INFO - DAG(s) dict_keys(['example_short_circuit_operator']) retrieved from /home/airflow/.local/lib/python3.7/site-packages/airflow/example_dags/example_short_circuit_operator.py
[2025-07-13T11:28:32.262+0000] {logging_mixin.py:120} INFO - [2025-07-13T11:28:32.262+0000] {dag.py:2585} INFO - Sync 1 DAGs
[2025-07-13T11:28:32.347+0000] {logging_mixin.py:120} INFO - [2025-07-13T11:28:32.346+0000] {dag.py:3340} INFO - Setting next_dagrun for example_short_circuit_operator to 2025-07-12T11:28:32.346122+00:00, run_after=2025-07-13T11:28:32.346122+00:00
[2025-07-13T11:28:32.450+0000] {processor.py:176} INFO - Processing /home/airflow/.local/lib/python3.7/site-packages/airflow/example_dags/example_short_circuit_operator.py took 0.410 seconds
[2025-07-13T11:29:02.685+0000] {processor.py:154} INFO - Started process (PID=10291) to work on /home/airflow/.local/lib/python3.7/site-packages/airflow/example_dags/example_short_circuit_operator.py
[2025-07-13T11:29:02.690+0000] {processor.py:756} INFO - Processing file /home/airflow/.local/lib/python3.7/site-packages/airflow/example_dags/example_short_circuit_operator.py for tasks to queue
[2025-07-13T11:29:02.693+0000] {logging_mixin.py:120} INFO - [2025-07-13T11:29:02.693+0000] {dagbag.py:537} INFO - Filling up the DagBag from /home/airflow/.local/lib/python3.7/site-packages/airflow/example_dags/example_short_circuit_operator.py
[2025-07-13T11:29:02.764+0000] {processor.py:766} INFO - DAG(s) dict_keys(['example_short_circuit_operator']) retrieved from /home/airflow/.local/lib/python3.7/site-packages/airflow/example_dags/example_short_circuit_operator.py
[2025-07-13T11:29:03.064+0000] {logging_mixin.py:120} INFO - [2025-07-13T11:29:03.064+0000] {dag.py:2585} INFO - Sync 1 DAGs
[2025-07-13T11:29:03.239+0000] {logging_mixin.py:120} INFO - [2025-07-13T11:29:03.239+0000] {dag.py:3340} INFO - Setting next_dagrun for example_short_circuit_operator to 2025-07-12T11:29:03.238444+00:00, run_after=2025-07-13T11:29:03.238444+00:00
[2025-07-13T11:29:03.406+0000] {processor.py:176} INFO - Processing /home/airflow/.local/lib/python3.7/site-packages/airflow/example_dags/example_short_circuit_operator.py took 0.735 seconds
[2025-07-13T11:29:33.667+0000] {processor.py:154} INFO - Started process (PID=10345) to work on /home/airflow/.local/lib/python3.7/site-packages/airflow/example_dags/example_short_circuit_operator.py
[2025-07-13T11:29:33.669+0000] {processor.py:756} INFO - Processing file /home/airflow/.local/lib/python3.7/site-packages/airflow/example_dags/example_short_circuit_operator.py for tasks to queue
[2025-07-13T11:29:33.670+0000] {logging_mixin.py:120} INFO - [2025-07-13T11:29:33.670+0000] {dagbag.py:537} INFO - Filling up the DagBag from /home/airflow/.local/lib/python3.7/site-packages/airflow/example_dags/example_short_circuit_operator.py
[2025-07-13T11:29:33.708+0000] {processor.py:766} INFO - DAG(s) dict_keys(['example_short_circuit_operator']) retrieved from /home/airflow/.local/lib/python3.7/site-packages/airflow/example_dags/example_short_circuit_operator.py
[2025-07-13T11:29:33.806+0000] {logging_mixin.py:120} INFO - [2025-07-13T11:29:33.806+0000] {dag.py:2585} INFO - Sync 1 DAGs
[2025-07-13T11:29:33.882+0000] {logging_mixin.py:120} INFO - [2025-07-13T11:29:33.882+0000] {dag.py:3340} INFO - Setting next_dagrun for example_short_circuit_operator to 2025-07-12T11:29:33.881562+00:00, run_after=2025-07-13T11:29:33.881562+00:00
[2025-07-13T11:29:33.962+0000] {processor.py:176} INFO - Processing /home/airflow/.local/lib/python3.7/site-packages/airflow/example_dags/example_short_circuit_operator.py took 0.298 seconds
[2025-07-13T11:30:04.543+0000] {processor.py:154} INFO - Started process (PID=10408) to work on /home/airflow/.local/lib/python3.7/site-packages/airflow/example_dags/example_short_circuit_operator.py
[2025-07-13T11:30:04.549+0000] {processor.py:756} INFO - Processing file /home/airflow/.local/lib/python3.7/site-packages/airflow/example_dags/example_short_circuit_operator.py for tasks to queue
[2025-07-13T11:30:04.556+0000] {logging_mixin.py:120} INFO - [2025-07-13T11:30:04.556+0000] {dagbag.py:537} INFO - Filling up the DagBag from /home/airflow/.local/lib/python3.7/site-packages/airflow/example_dags/example_short_circuit_operator.py
[2025-07-13T11:30:04.615+0000] {processor.py:766} INFO - DAG(s) dict_keys(['example_short_circuit_operator']) retrieved from /home/airflow/.local/lib/python3.7/site-packages/airflow/example_dags/example_short_circuit_operator.py
[2025-07-13T11:30:04.762+0000] {logging_mixin.py:120} INFO - [2025-07-13T11:30:04.761+0000] {dag.py:2585} INFO - Sync 1 DAGs
[2025-07-13T11:30:04.850+0000] {logging_mixin.py:120} INFO - [2025-07-13T11:30:04.850+0000] {dag.py:3340} INFO - Setting next_dagrun for example_short_circuit_operator to 2025-07-12T11:30:04.849903+00:00, run_after=2025-07-13T11:30:04.849903+00:00
[2025-07-13T11:30:04.916+0000] {processor.py:176} INFO - Processing /home/airflow/.local/lib/python3.7/site-packages/airflow/example_dags/example_short_circuit_operator.py took 0.380 seconds
[2025-07-13T11:30:35.857+0000] {processor.py:154} INFO - Started process (PID=10461) to work on /home/airflow/.local/lib/python3.7/site-packages/airflow/example_dags/example_short_circuit_operator.py
[2025-07-13T11:30:35.860+0000] {processor.py:756} INFO - Processing file /home/airflow/.local/lib/python3.7/site-packages/airflow/example_dags/example_short_circuit_operator.py for tasks to queue
[2025-07-13T11:30:35.862+0000] {logging_mixin.py:120} INFO - [2025-07-13T11:30:35.862+0000] {dagbag.py:537} INFO - Filling up the DagBag from /home/airflow/.local/lib/python3.7/site-packages/airflow/example_dags/example_short_circuit_operator.py
[2025-07-13T11:30:35.937+0000] {processor.py:766} INFO - DAG(s) dict_keys(['example_short_circuit_operator']) retrieved from /home/airflow/.local/lib/python3.7/site-packages/airflow/example_dags/example_short_circuit_operator.py
[2025-07-13T11:30:36.201+0000] {logging_mixin.py:120} INFO - [2025-07-13T11:30:36.201+0000] {dag.py:2585} INFO - Sync 1 DAGs
[2025-07-13T11:30:36.403+0000] {logging_mixin.py:120} INFO - [2025-07-13T11:30:36.402+0000] {dag.py:3340} INFO - Setting next_dagrun for example_short_circuit_operator to 2025-07-12T11:30:36.402118+00:00, run_after=2025-07-13T11:30:36.402118+00:00
[2025-07-13T11:30:36.460+0000] {processor.py:176} INFO - Processing /home/airflow/.local/lib/python3.7/site-packages/airflow/example_dags/example_short_circuit_operator.py took 0.610 seconds
[2025-07-13T11:31:09.787+0000] {processor.py:154} INFO - Started process (PID=10511) to work on /home/airflow/.local/lib/python3.7/site-packages/airflow/example_dags/example_short_circuit_operator.py
[2025-07-13T11:31:09.815+0000] {processor.py:756} INFO - Processing file /home/airflow/.local/lib/python3.7/site-packages/airflow/example_dags/example_short_circuit_operator.py for tasks to queue
[2025-07-13T11:31:09.817+0000] {logging_mixin.py:120} INFO - [2025-07-13T11:31:09.817+0000] {dagbag.py:537} INFO - Filling up the DagBag from /home/airflow/.local/lib/python3.7/site-packages/airflow/example_dags/example_short_circuit_operator.py
[2025-07-13T11:31:10.027+0000] {processor.py:766} INFO - DAG(s) dict_keys(['example_short_circuit_operator']) retrieved from /home/airflow/.local/lib/python3.7/site-packages/airflow/example_dags/example_short_circuit_operator.py
[2025-07-13T11:31:10.469+0000] {logging_mixin.py:120} INFO - [2025-07-13T11:31:10.469+0000] {dag.py:2585} INFO - Sync 1 DAGs
[2025-07-13T11:31:10.694+0000] {logging_mixin.py:120} INFO - [2025-07-13T11:31:10.693+0000] {dag.py:3340} INFO - Setting next_dagrun for example_short_circuit_operator to 2025-07-12T11:31:10.692754+00:00, run_after=2025-07-13T11:31:10.692754+00:00
[2025-07-13T11:31:10.886+0000] {processor.py:176} INFO - Processing /home/airflow/.local/lib/python3.7/site-packages/airflow/example_dags/example_short_circuit_operator.py took 1.137 seconds
[2025-07-13T11:31:41.163+0000] {processor.py:154} INFO - Started process (PID=10573) to work on /home/airflow/.local/lib/python3.7/site-packages/airflow/example_dags/example_short_circuit_operator.py
[2025-07-13T11:31:41.175+0000] {processor.py:756} INFO - Processing file /home/airflow/.local/lib/python3.7/site-packages/airflow/example_dags/example_short_circuit_operator.py for tasks to queue
[2025-07-13T11:31:41.179+0000] {logging_mixin.py:120} INFO - [2025-07-13T11:31:41.178+0000] {dagbag.py:537} INFO - Filling up the DagBag from /home/airflow/.local/lib/python3.7/site-packages/airflow/example_dags/example_short_circuit_operator.py
[2025-07-13T11:31:41.213+0000] {processor.py:766} INFO - DAG(s) dict_keys(['example_short_circuit_operator']) retrieved from /home/airflow/.local/lib/python3.7/site-packages/airflow/example_dags/example_short_circuit_operator.py
[2025-07-13T11:31:41.280+0000] {logging_mixin.py:120} INFO - [2025-07-13T11:31:41.280+0000] {dag.py:2585} INFO - Sync 1 DAGs
[2025-07-13T11:31:41.319+0000] {logging_mixin.py:120} INFO - [2025-07-13T11:31:41.318+0000] {dag.py:3340} INFO - Setting next_dagrun for example_short_circuit_operator to 2025-07-12T11:31:41.318604+00:00, run_after=2025-07-13T11:31:41.318604+00:00
[2025-07-13T11:31:41.354+0000] {processor.py:176} INFO - Processing /home/airflow/.local/lib/python3.7/site-packages/airflow/example_dags/example_short_circuit_operator.py took 0.201 seconds
[2025-07-13T11:32:12.250+0000] {processor.py:154} INFO - Started process (PID=10627) to work on /home/airflow/.local/lib/python3.7/site-packages/airflow/example_dags/example_short_circuit_operator.py
[2025-07-13T11:32:12.251+0000] {processor.py:756} INFO - Processing file /home/airflow/.local/lib/python3.7/site-packages/airflow/example_dags/example_short_circuit_operator.py for tasks to queue
[2025-07-13T11:32:12.252+0000] {logging_mixin.py:120} INFO - [2025-07-13T11:32:12.252+0000] {dagbag.py:537} INFO - Filling up the DagBag from /home/airflow/.local/lib/python3.7/site-packages/airflow/example_dags/example_short_circuit_operator.py
[2025-07-13T11:32:12.280+0000] {processor.py:766} INFO - DAG(s) dict_keys(['example_short_circuit_operator']) retrieved from /home/airflow/.local/lib/python3.7/site-packages/airflow/example_dags/example_short_circuit_operator.py
[2025-07-13T11:32:12.365+0000] {logging_mixin.py:120} INFO - [2025-07-13T11:32:12.365+0000] {dag.py:2585} INFO - Sync 1 DAGs
[2025-07-13T11:32:12.415+0000] {logging_mixin.py:120} INFO - [2025-07-13T11:32:12.415+0000] {dag.py:3340} INFO - Setting next_dagrun for example_short_circuit_operator to 2025-07-12T11:32:12.414977+00:00, run_after=2025-07-13T11:32:12.414977+00:00
[2025-07-13T11:32:12.458+0000] {processor.py:176} INFO - Processing /home/airflow/.local/lib/python3.7/site-packages/airflow/example_dags/example_short_circuit_operator.py took 0.213 seconds
[2025-07-13T11:32:42.722+0000] {processor.py:154} INFO - Started process (PID=10690) to work on /home/airflow/.local/lib/python3.7/site-packages/airflow/example_dags/example_short_circuit_operator.py
[2025-07-13T11:32:42.724+0000] {processor.py:756} INFO - Processing file /home/airflow/.local/lib/python3.7/site-packages/airflow/example_dags/example_short_circuit_operator.py for tasks to queue
[2025-07-13T11:32:42.725+0000] {logging_mixin.py:120} INFO - [2025-07-13T11:32:42.725+0000] {dagbag.py:537} INFO - Filling up the DagBag from /home/airflow/.local/lib/python3.7/site-packages/airflow/example_dags/example_short_circuit_operator.py
[2025-07-13T11:32:42.753+0000] {processor.py:766} INFO - DAG(s) dict_keys(['example_short_circuit_operator']) retrieved from /home/airflow/.local/lib/python3.7/site-packages/airflow/example_dags/example_short_circuit_operator.py
[2025-07-13T11:32:42.823+0000] {logging_mixin.py:120} INFO - [2025-07-13T11:32:42.822+0000] {dag.py:2585} INFO - Sync 1 DAGs
[2025-07-13T11:32:42.875+0000] {logging_mixin.py:120} INFO - [2025-07-13T11:32:42.875+0000] {dag.py:3340} INFO - Setting next_dagrun for example_short_circuit_operator to 2025-07-12T11:32:42.874617+00:00, run_after=2025-07-13T11:32:42.874617+00:00
[2025-07-13T11:32:42.924+0000] {processor.py:176} INFO - Processing /home/airflow/.local/lib/python3.7/site-packages/airflow/example_dags/example_short_circuit_operator.py took 0.206 seconds
[2025-07-13T11:33:13.082+0000] {processor.py:154} INFO - Started process (PID=10743) to work on /home/airflow/.local/lib/python3.7/site-packages/airflow/example_dags/example_short_circuit_operator.py
[2025-07-13T11:33:13.111+0000] {processor.py:756} INFO - Processing file /home/airflow/.local/lib/python3.7/site-packages/airflow/example_dags/example_short_circuit_operator.py for tasks to queue
[2025-07-13T11:33:13.118+0000] {logging_mixin.py:120} INFO - [2025-07-13T11:33:13.116+0000] {dagbag.py:537} INFO - Filling up the DagBag from /home/airflow/.local/lib/python3.7/site-packages/airflow/example_dags/example_short_circuit_operator.py
[2025-07-13T11:33:13.161+0000] {processor.py:766} INFO - DAG(s) dict_keys(['example_short_circuit_operator']) retrieved from /home/airflow/.local/lib/python3.7/site-packages/airflow/example_dags/example_short_circuit_operator.py
[2025-07-13T11:33:13.264+0000] {logging_mixin.py:120} INFO - [2025-07-13T11:33:13.264+0000] {dag.py:2585} INFO - Sync 1 DAGs
[2025-07-13T11:33:13.302+0000] {logging_mixin.py:120} INFO - [2025-07-13T11:33:13.301+0000] {dag.py:3340} INFO - Setting next_dagrun for example_short_circuit_operator to 2025-07-12T11:33:13.301679+00:00, run_after=2025-07-13T11:33:13.301679+00:00
[2025-07-13T11:33:13.332+0000] {processor.py:176} INFO - Processing /home/airflow/.local/lib/python3.7/site-packages/airflow/example_dags/example_short_circuit_operator.py took 0.259 seconds
[2025-07-13T11:33:43.373+0000] {processor.py:154} INFO - Started process (PID=10799) to work on /home/airflow/.local/lib/python3.7/site-packages/airflow/example_dags/example_short_circuit_operator.py
[2025-07-13T11:33:43.374+0000] {processor.py:756} INFO - Processing file /home/airflow/.local/lib/python3.7/site-packages/airflow/example_dags/example_short_circuit_operator.py for tasks to queue
[2025-07-13T11:33:43.377+0000] {logging_mixin.py:120} INFO - [2025-07-13T11:33:43.376+0000] {dagbag.py:537} INFO - Filling up the DagBag from /home/airflow/.local/lib/python3.7/site-packages/airflow/example_dags/example_short_circuit_operator.py
[2025-07-13T11:33:43.408+0000] {processor.py:766} INFO - DAG(s) dict_keys(['example_short_circuit_operator']) retrieved from /home/airflow/.local/lib/python3.7/site-packages/airflow/example_dags/example_short_circuit_operator.py
[2025-07-13T11:33:43.479+0000] {logging_mixin.py:120} INFO - [2025-07-13T11:33:43.479+0000] {dag.py:2585} INFO - Sync 1 DAGs
[2025-07-13T11:33:43.517+0000] {logging_mixin.py:120} INFO - [2025-07-13T11:33:43.517+0000] {dag.py:3340} INFO - Setting next_dagrun for example_short_circuit_operator to 2025-07-12T11:33:43.517273+00:00, run_after=2025-07-13T11:33:43.517273+00:00
[2025-07-13T11:33:43.546+0000] {processor.py:176} INFO - Processing /home/airflow/.local/lib/python3.7/site-packages/airflow/example_dags/example_short_circuit_operator.py took 0.179 seconds
[2025-07-13T11:34:13.607+0000] {processor.py:154} INFO - Started process (PID=10862) to work on /home/airflow/.local/lib/python3.7/site-packages/airflow/example_dags/example_short_circuit_operator.py
[2025-07-13T11:34:13.610+0000] {processor.py:756} INFO - Processing file /home/airflow/.local/lib/python3.7/site-packages/airflow/example_dags/example_short_circuit_operator.py for tasks to queue
[2025-07-13T11:34:13.614+0000] {logging_mixin.py:120} INFO - [2025-07-13T11:34:13.613+0000] {dagbag.py:537} INFO - Filling up the DagBag from /home/airflow/.local/lib/python3.7/site-packages/airflow/example_dags/example_short_circuit_operator.py
[2025-07-13T11:34:13.647+0000] {processor.py:766} INFO - DAG(s) dict_keys(['example_short_circuit_operator']) retrieved from /home/airflow/.local/lib/python3.7/site-packages/airflow/example_dags/example_short_circuit_operator.py
[2025-07-13T11:34:13.739+0000] {logging_mixin.py:120} INFO - [2025-07-13T11:34:13.739+0000] {dag.py:2585} INFO - Sync 1 DAGs
[2025-07-13T11:34:13.860+0000] {logging_mixin.py:120} INFO - [2025-07-13T11:34:13.860+0000] {dag.py:3340} INFO - Setting next_dagrun for example_short_circuit_operator to 2025-07-12T11:34:13.859678+00:00, run_after=2025-07-13T11:34:13.859678+00:00
[2025-07-13T11:34:13.947+0000] {processor.py:176} INFO - Processing /home/airflow/.local/lib/python3.7/site-packages/airflow/example_dags/example_short_circuit_operator.py took 0.345 seconds
[2025-07-13T11:34:44.158+0000] {processor.py:154} INFO - Started process (PID=10916) to work on /home/airflow/.local/lib/python3.7/site-packages/airflow/example_dags/example_short_circuit_operator.py
[2025-07-13T11:34:44.161+0000] {processor.py:756} INFO - Processing file /home/airflow/.local/lib/python3.7/site-packages/airflow/example_dags/example_short_circuit_operator.py for tasks to queue
[2025-07-13T11:34:44.163+0000] {logging_mixin.py:120} INFO - [2025-07-13T11:34:44.163+0000] {dagbag.py:537} INFO - Filling up the DagBag from /home/airflow/.local/lib/python3.7/site-packages/airflow/example_dags/example_short_circuit_operator.py
[2025-07-13T11:34:44.212+0000] {processor.py:766} INFO - DAG(s) dict_keys(['example_short_circuit_operator']) retrieved from /home/airflow/.local/lib/python3.7/site-packages/airflow/example_dags/example_short_circuit_operator.py
[2025-07-13T11:34:44.301+0000] {logging_mixin.py:120} INFO - [2025-07-13T11:34:44.301+0000] {dag.py:2585} INFO - Sync 1 DAGs
[2025-07-13T11:34:44.339+0000] {logging_mixin.py:120} INFO - [2025-07-13T11:34:44.339+0000] {dag.py:3340} INFO - Setting next_dagrun for example_short_circuit_operator to 2025-07-12T11:34:44.338936+00:00, run_after=2025-07-13T11:34:44.338936+00:00
[2025-07-13T11:34:44.376+0000] {processor.py:176} INFO - Processing /home/airflow/.local/lib/python3.7/site-packages/airflow/example_dags/example_short_circuit_operator.py took 0.225 seconds
[2025-07-13T11:35:14.477+0000] {processor.py:154} INFO - Started process (PID=10978) to work on /home/airflow/.local/lib/python3.7/site-packages/airflow/example_dags/example_short_circuit_operator.py
[2025-07-13T11:35:14.479+0000] {processor.py:756} INFO - Processing file /home/airflow/.local/lib/python3.7/site-packages/airflow/example_dags/example_short_circuit_operator.py for tasks to queue
[2025-07-13T11:35:14.481+0000] {logging_mixin.py:120} INFO - [2025-07-13T11:35:14.480+0000] {dagbag.py:537} INFO - Filling up the DagBag from /home/airflow/.local/lib/python3.7/site-packages/airflow/example_dags/example_short_circuit_operator.py
[2025-07-13T11:35:14.513+0000] {processor.py:766} INFO - DAG(s) dict_keys(['example_short_circuit_operator']) retrieved from /home/airflow/.local/lib/python3.7/site-packages/airflow/example_dags/example_short_circuit_operator.py
[2025-07-13T11:35:14.633+0000] {logging_mixin.py:120} INFO - [2025-07-13T11:35:14.632+0000] {dag.py:2585} INFO - Sync 1 DAGs
[2025-07-13T11:35:14.689+0000] {logging_mixin.py:120} INFO - [2025-07-13T11:35:14.689+0000] {dag.py:3340} INFO - Setting next_dagrun for example_short_circuit_operator to 2025-07-12T11:35:14.689120+00:00, run_after=2025-07-13T11:35:14.689120+00:00
[2025-07-13T11:35:14.727+0000] {processor.py:176} INFO - Processing /home/airflow/.local/lib/python3.7/site-packages/airflow/example_dags/example_short_circuit_operator.py took 0.257 seconds
[2025-07-13T11:35:44.796+0000] {processor.py:154} INFO - Started process (PID=11032) to work on /home/airflow/.local/lib/python3.7/site-packages/airflow/example_dags/example_short_circuit_operator.py
[2025-07-13T11:35:44.797+0000] {processor.py:756} INFO - Processing file /home/airflow/.local/lib/python3.7/site-packages/airflow/example_dags/example_short_circuit_operator.py for tasks to queue
[2025-07-13T11:35:44.798+0000] {logging_mixin.py:120} INFO - [2025-07-13T11:35:44.798+0000] {dagbag.py:537} INFO - Filling up the DagBag from /home/airflow/.local/lib/python3.7/site-packages/airflow/example_dags/example_short_circuit_operator.py
[2025-07-13T11:35:44.818+0000] {processor.py:766} INFO - DAG(s) dict_keys(['example_short_circuit_operator']) retrieved from /home/airflow/.local/lib/python3.7/site-packages/airflow/example_dags/example_short_circuit_operator.py
[2025-07-13T11:35:44.879+0000] {logging_mixin.py:120} INFO - [2025-07-13T11:35:44.879+0000] {dag.py:2585} INFO - Sync 1 DAGs
[2025-07-13T11:35:44.915+0000] {logging_mixin.py:120} INFO - [2025-07-13T11:35:44.915+0000] {dag.py:3340} INFO - Setting next_dagrun for example_short_circuit_operator to 2025-07-12T11:35:44.915272+00:00, run_after=2025-07-13T11:35:44.915272+00:00
[2025-07-13T11:35:44.956+0000] {processor.py:176} INFO - Processing /home/airflow/.local/lib/python3.7/site-packages/airflow/example_dags/example_short_circuit_operator.py took 0.165 seconds
[2025-07-13T11:36:15.568+0000] {processor.py:154} INFO - Started process (PID=11097) to work on /home/airflow/.local/lib/python3.7/site-packages/airflow/example_dags/example_short_circuit_operator.py
[2025-07-13T11:36:15.570+0000] {processor.py:756} INFO - Processing file /home/airflow/.local/lib/python3.7/site-packages/airflow/example_dags/example_short_circuit_operator.py for tasks to queue
[2025-07-13T11:36:15.574+0000] {logging_mixin.py:120} INFO - [2025-07-13T11:36:15.574+0000] {dagbag.py:537} INFO - Filling up the DagBag from /home/airflow/.local/lib/python3.7/site-packages/airflow/example_dags/example_short_circuit_operator.py
[2025-07-13T11:36:15.621+0000] {processor.py:766} INFO - DAG(s) dict_keys(['example_short_circuit_operator']) retrieved from /home/airflow/.local/lib/python3.7/site-packages/airflow/example_dags/example_short_circuit_operator.py
[2025-07-13T11:36:15.718+0000] {logging_mixin.py:120} INFO - [2025-07-13T11:36:15.718+0000] {dag.py:2585} INFO - Sync 1 DAGs
[2025-07-13T11:36:15.772+0000] {logging_mixin.py:120} INFO - [2025-07-13T11:36:15.772+0000] {dag.py:3340} INFO - Setting next_dagrun for example_short_circuit_operator to 2025-07-12T11:36:15.770787+00:00, run_after=2025-07-13T11:36:15.770787+00:00
[2025-07-13T11:36:15.844+0000] {processor.py:176} INFO - Processing /home/airflow/.local/lib/python3.7/site-packages/airflow/example_dags/example_short_circuit_operator.py took 0.293 seconds
[2025-07-13T11:36:46.472+0000] {processor.py:154} INFO - Started process (PID=11151) to work on /home/airflow/.local/lib/python3.7/site-packages/airflow/example_dags/example_short_circuit_operator.py
[2025-07-13T11:36:46.474+0000] {processor.py:756} INFO - Processing file /home/airflow/.local/lib/python3.7/site-packages/airflow/example_dags/example_short_circuit_operator.py for tasks to queue
[2025-07-13T11:36:46.476+0000] {logging_mixin.py:120} INFO - [2025-07-13T11:36:46.476+0000] {dagbag.py:537} INFO - Filling up the DagBag from /home/airflow/.local/lib/python3.7/site-packages/airflow/example_dags/example_short_circuit_operator.py
[2025-07-13T11:36:46.526+0000] {processor.py:766} INFO - DAG(s) dict_keys(['example_short_circuit_operator']) retrieved from /home/airflow/.local/lib/python3.7/site-packages/airflow/example_dags/example_short_circuit_operator.py
[2025-07-13T11:36:46.681+0000] {logging_mixin.py:120} INFO - [2025-07-13T11:36:46.680+0000] {dag.py:2585} INFO - Sync 1 DAGs
[2025-07-13T11:36:46.784+0000] {logging_mixin.py:120} INFO - [2025-07-13T11:36:46.783+0000] {dag.py:3340} INFO - Setting next_dagrun for example_short_circuit_operator to 2025-07-12T11:36:46.783218+00:00, run_after=2025-07-13T11:36:46.783218+00:00
[2025-07-13T11:36:46.843+0000] {processor.py:176} INFO - Processing /home/airflow/.local/lib/python3.7/site-packages/airflow/example_dags/example_short_circuit_operator.py took 0.374 seconds
[2025-07-13T11:37:17.703+0000] {processor.py:154} INFO - Started process (PID=11214) to work on /home/airflow/.local/lib/python3.7/site-packages/airflow/example_dags/example_short_circuit_operator.py
[2025-07-13T11:37:17.705+0000] {processor.py:756} INFO - Processing file /home/airflow/.local/lib/python3.7/site-packages/airflow/example_dags/example_short_circuit_operator.py for tasks to queue
[2025-07-13T11:37:17.711+0000] {logging_mixin.py:120} INFO - [2025-07-13T11:37:17.709+0000] {dagbag.py:537} INFO - Filling up the DagBag from /home/airflow/.local/lib/python3.7/site-packages/airflow/example_dags/example_short_circuit_operator.py
[2025-07-13T11:37:17.763+0000] {processor.py:766} INFO - DAG(s) dict_keys(['example_short_circuit_operator']) retrieved from /home/airflow/.local/lib/python3.7/site-packages/airflow/example_dags/example_short_circuit_operator.py
[2025-07-13T11:37:17.851+0000] {logging_mixin.py:120} INFO - [2025-07-13T11:37:17.850+0000] {dag.py:2585} INFO - Sync 1 DAGs
[2025-07-13T11:37:17.924+0000] {logging_mixin.py:120} INFO - [2025-07-13T11:37:17.923+0000] {dag.py:3340} INFO - Setting next_dagrun for example_short_circuit_operator to 2025-07-12T11:37:17.921279+00:00, run_after=2025-07-13T11:37:17.921279+00:00
[2025-07-13T11:37:18.017+0000] {processor.py:176} INFO - Processing /home/airflow/.local/lib/python3.7/site-packages/airflow/example_dags/example_short_circuit_operator.py took 0.320 seconds
[2025-07-13T11:37:48.631+0000] {processor.py:154} INFO - Started process (PID=11269) to work on /home/airflow/.local/lib/python3.7/site-packages/airflow/example_dags/example_short_circuit_operator.py
[2025-07-13T11:37:48.632+0000] {processor.py:756} INFO - Processing file /home/airflow/.local/lib/python3.7/site-packages/airflow/example_dags/example_short_circuit_operator.py for tasks to queue
[2025-07-13T11:37:48.633+0000] {logging_mixin.py:120} INFO - [2025-07-13T11:37:48.633+0000] {dagbag.py:537} INFO - Filling up the DagBag from /home/airflow/.local/lib/python3.7/site-packages/airflow/example_dags/example_short_circuit_operator.py
[2025-07-13T11:37:48.656+0000] {processor.py:766} INFO - DAG(s) dict_keys(['example_short_circuit_operator']) retrieved from /home/airflow/.local/lib/python3.7/site-packages/airflow/example_dags/example_short_circuit_operator.py
[2025-07-13T11:37:48.727+0000] {logging_mixin.py:120} INFO - [2025-07-13T11:37:48.727+0000] {dag.py:2585} INFO - Sync 1 DAGs
[2025-07-13T11:37:48.772+0000] {logging_mixin.py:120} INFO - [2025-07-13T11:37:48.771+0000] {dag.py:3340} INFO - Setting next_dagrun for example_short_circuit_operator to 2025-07-12T11:37:48.771254+00:00, run_after=2025-07-13T11:37:48.771254+00:00
[2025-07-13T11:37:48.828+0000] {processor.py:176} INFO - Processing /home/airflow/.local/lib/python3.7/site-packages/airflow/example_dags/example_short_circuit_operator.py took 0.201 seconds
[2025-07-13T11:38:19.818+0000] {processor.py:154} INFO - Started process (PID=11331) to work on /home/airflow/.local/lib/python3.7/site-packages/airflow/example_dags/example_short_circuit_operator.py
[2025-07-13T11:38:19.824+0000] {processor.py:756} INFO - Processing file /home/airflow/.local/lib/python3.7/site-packages/airflow/example_dags/example_short_circuit_operator.py for tasks to queue
[2025-07-13T11:38:19.827+0000] {logging_mixin.py:120} INFO - [2025-07-13T11:38:19.826+0000] {dagbag.py:537} INFO - Filling up the DagBag from /home/airflow/.local/lib/python3.7/site-packages/airflow/example_dags/example_short_circuit_operator.py
[2025-07-13T11:38:19.894+0000] {processor.py:766} INFO - DAG(s) dict_keys(['example_short_circuit_operator']) retrieved from /home/airflow/.local/lib/python3.7/site-packages/airflow/example_dags/example_short_circuit_operator.py
[2025-07-13T11:38:20.023+0000] {logging_mixin.py:120} INFO - [2025-07-13T11:38:20.022+0000] {dag.py:2585} INFO - Sync 1 DAGs
[2025-07-13T11:38:20.147+0000] {logging_mixin.py:120} INFO - [2025-07-13T11:38:20.147+0000] {dag.py:3340} INFO - Setting next_dagrun for example_short_circuit_operator to 2025-07-12T11:38:20.146902+00:00, run_after=2025-07-13T11:38:20.146902+00:00
[2025-07-13T11:38:20.209+0000] {processor.py:176} INFO - Processing /home/airflow/.local/lib/python3.7/site-packages/airflow/example_dags/example_short_circuit_operator.py took 0.396 seconds
[2025-07-13T11:38:50.940+0000] {processor.py:154} INFO - Started process (PID=11385) to work on /home/airflow/.local/lib/python3.7/site-packages/airflow/example_dags/example_short_circuit_operator.py
[2025-07-13T11:38:50.941+0000] {processor.py:756} INFO - Processing file /home/airflow/.local/lib/python3.7/site-packages/airflow/example_dags/example_short_circuit_operator.py for tasks to queue
[2025-07-13T11:38:50.942+0000] {logging_mixin.py:120} INFO - [2025-07-13T11:38:50.942+0000] {dagbag.py:537} INFO - Filling up the DagBag from /home/airflow/.local/lib/python3.7/site-packages/airflow/example_dags/example_short_circuit_operator.py
[2025-07-13T11:38:50.967+0000] {processor.py:766} INFO - DAG(s) dict_keys(['example_short_circuit_operator']) retrieved from /home/airflow/.local/lib/python3.7/site-packages/airflow/example_dags/example_short_circuit_operator.py
[2025-07-13T11:38:51.034+0000] {logging_mixin.py:120} INFO - [2025-07-13T11:38:51.033+0000] {dag.py:2585} INFO - Sync 1 DAGs
[2025-07-13T11:38:51.075+0000] {logging_mixin.py:120} INFO - [2025-07-13T11:38:51.075+0000] {dag.py:3340} INFO - Setting next_dagrun for example_short_circuit_operator to 2025-07-12T11:38:51.075132+00:00, run_after=2025-07-13T11:38:51.075132+00:00
[2025-07-13T11:38:51.108+0000] {processor.py:176} INFO - Processing /home/airflow/.local/lib/python3.7/site-packages/airflow/example_dags/example_short_circuit_operator.py took 0.174 seconds
[2025-07-13T11:39:21.283+0000] {processor.py:154} INFO - Started process (PID=11439) to work on /home/airflow/.local/lib/python3.7/site-packages/airflow/example_dags/example_short_circuit_operator.py
[2025-07-13T11:39:21.285+0000] {processor.py:756} INFO - Processing file /home/airflow/.local/lib/python3.7/site-packages/airflow/example_dags/example_short_circuit_operator.py for tasks to queue
[2025-07-13T11:39:21.287+0000] {logging_mixin.py:120} INFO - [2025-07-13T11:39:21.286+0000] {dagbag.py:537} INFO - Filling up the DagBag from /home/airflow/.local/lib/python3.7/site-packages/airflow/example_dags/example_short_circuit_operator.py
[2025-07-13T11:39:21.321+0000] {processor.py:766} INFO - DAG(s) dict_keys(['example_short_circuit_operator']) retrieved from /home/airflow/.local/lib/python3.7/site-packages/airflow/example_dags/example_short_circuit_operator.py
[2025-07-13T11:39:21.429+0000] {logging_mixin.py:120} INFO - [2025-07-13T11:39:21.429+0000] {dag.py:2585} INFO - Sync 1 DAGs
[2025-07-13T11:39:21.520+0000] {logging_mixin.py:120} INFO - [2025-07-13T11:39:21.520+0000] {dag.py:3340} INFO - Setting next_dagrun for example_short_circuit_operator to 2025-07-12T11:39:21.519198+00:00, run_after=2025-07-13T11:39:21.519198+00:00
[2025-07-13T11:39:21.573+0000] {processor.py:176} INFO - Processing /home/airflow/.local/lib/python3.7/site-packages/airflow/example_dags/example_short_circuit_operator.py took 0.295 seconds
[2025-07-13T11:39:52.370+0000] {processor.py:154} INFO - Started process (PID=11494) to work on /home/airflow/.local/lib/python3.7/site-packages/airflow/example_dags/example_short_circuit_operator.py
[2025-07-13T11:39:52.371+0000] {processor.py:756} INFO - Processing file /home/airflow/.local/lib/python3.7/site-packages/airflow/example_dags/example_short_circuit_operator.py for tasks to queue
[2025-07-13T11:39:52.373+0000] {logging_mixin.py:120} INFO - [2025-07-13T11:39:52.373+0000] {dagbag.py:537} INFO - Filling up the DagBag from /home/airflow/.local/lib/python3.7/site-packages/airflow/example_dags/example_short_circuit_operator.py
[2025-07-13T11:39:52.404+0000] {processor.py:766} INFO - DAG(s) dict_keys(['example_short_circuit_operator']) retrieved from /home/airflow/.local/lib/python3.7/site-packages/airflow/example_dags/example_short_circuit_operator.py
[2025-07-13T11:39:52.474+0000] {logging_mixin.py:120} INFO - [2025-07-13T11:39:52.474+0000] {dag.py:2585} INFO - Sync 1 DAGs
[2025-07-13T11:39:52.517+0000] {logging_mixin.py:120} INFO - [2025-07-13T11:39:52.517+0000] {dag.py:3340} INFO - Setting next_dagrun for example_short_circuit_operator to 2025-07-12T11:39:52.516929+00:00, run_after=2025-07-13T11:39:52.516929+00:00
[2025-07-13T11:39:52.557+0000] {processor.py:176} INFO - Processing /home/airflow/.local/lib/python3.7/site-packages/airflow/example_dags/example_short_circuit_operator.py took 0.194 seconds
[2025-07-13T11:40:22.732+0000] {processor.py:154} INFO - Started process (PID=11558) to work on /home/airflow/.local/lib/python3.7/site-packages/airflow/example_dags/example_short_circuit_operator.py
[2025-07-13T11:40:22.733+0000] {processor.py:756} INFO - Processing file /home/airflow/.local/lib/python3.7/site-packages/airflow/example_dags/example_short_circuit_operator.py for tasks to queue
[2025-07-13T11:40:22.735+0000] {logging_mixin.py:120} INFO - [2025-07-13T11:40:22.735+0000] {dagbag.py:537} INFO - Filling up the DagBag from /home/airflow/.local/lib/python3.7/site-packages/airflow/example_dags/example_short_circuit_operator.py
[2025-07-13T11:40:22.772+0000] {processor.py:766} INFO - DAG(s) dict_keys(['example_short_circuit_operator']) retrieved from /home/airflow/.local/lib/python3.7/site-packages/airflow/example_dags/example_short_circuit_operator.py
[2025-07-13T11:40:22.839+0000] {logging_mixin.py:120} INFO - [2025-07-13T11:40:22.839+0000] {dag.py:2585} INFO - Sync 1 DAGs
[2025-07-13T11:40:22.881+0000] {logging_mixin.py:120} INFO - [2025-07-13T11:40:22.880+0000] {dag.py:3340} INFO - Setting next_dagrun for example_short_circuit_operator to 2025-07-12T11:40:22.880443+00:00, run_after=2025-07-13T11:40:22.880443+00:00
[2025-07-13T11:40:22.970+0000] {processor.py:176} INFO - Processing /home/airflow/.local/lib/python3.7/site-packages/airflow/example_dags/example_short_circuit_operator.py took 0.250 seconds
[2025-07-13T11:40:53.811+0000] {processor.py:154} INFO - Started process (PID=11612) to work on /home/airflow/.local/lib/python3.7/site-packages/airflow/example_dags/example_short_circuit_operator.py
[2025-07-13T11:40:53.814+0000] {processor.py:756} INFO - Processing file /home/airflow/.local/lib/python3.7/site-packages/airflow/example_dags/example_short_circuit_operator.py for tasks to queue
[2025-07-13T11:40:53.815+0000] {logging_mixin.py:120} INFO - [2025-07-13T11:40:53.815+0000] {dagbag.py:537} INFO - Filling up the DagBag from /home/airflow/.local/lib/python3.7/site-packages/airflow/example_dags/example_short_circuit_operator.py
[2025-07-13T11:40:53.845+0000] {processor.py:766} INFO - DAG(s) dict_keys(['example_short_circuit_operator']) retrieved from /home/airflow/.local/lib/python3.7/site-packages/airflow/example_dags/example_short_circuit_operator.py
[2025-07-13T11:40:53.920+0000] {logging_mixin.py:120} INFO - [2025-07-13T11:40:53.920+0000] {dag.py:2585} INFO - Sync 1 DAGs
[2025-07-13T11:40:53.959+0000] {logging_mixin.py:120} INFO - [2025-07-13T11:40:53.959+0000] {dag.py:3340} INFO - Setting next_dagrun for example_short_circuit_operator to 2025-07-12T11:40:53.958818+00:00, run_after=2025-07-13T11:40:53.958818+00:00
[2025-07-13T11:40:53.993+0000] {processor.py:176} INFO - Processing /home/airflow/.local/lib/python3.7/site-packages/airflow/example_dags/example_short_circuit_operator.py took 0.185 seconds
[2025-07-13T11:41:24.416+0000] {processor.py:154} INFO - Started process (PID=11674) to work on /home/airflow/.local/lib/python3.7/site-packages/airflow/example_dags/example_short_circuit_operator.py
[2025-07-13T11:41:24.418+0000] {processor.py:756} INFO - Processing file /home/airflow/.local/lib/python3.7/site-packages/airflow/example_dags/example_short_circuit_operator.py for tasks to queue
[2025-07-13T11:41:24.419+0000] {logging_mixin.py:120} INFO - [2025-07-13T11:41:24.419+0000] {dagbag.py:537} INFO - Filling up the DagBag from /home/airflow/.local/lib/python3.7/site-packages/airflow/example_dags/example_short_circuit_operator.py
[2025-07-13T11:41:24.444+0000] {processor.py:766} INFO - DAG(s) dict_keys(['example_short_circuit_operator']) retrieved from /home/airflow/.local/lib/python3.7/site-packages/airflow/example_dags/example_short_circuit_operator.py
[2025-07-13T11:41:24.501+0000] {logging_mixin.py:120} INFO - [2025-07-13T11:41:24.501+0000] {dag.py:2585} INFO - Sync 1 DAGs
[2025-07-13T11:41:24.537+0000] {logging_mixin.py:120} INFO - [2025-07-13T11:41:24.537+0000] {dag.py:3340} INFO - Setting next_dagrun for example_short_circuit_operator to 2025-07-12T11:41:24.537047+00:00, run_after=2025-07-13T11:41:24.537047+00:00
[2025-07-13T11:41:24.570+0000] {processor.py:176} INFO - Processing /home/airflow/.local/lib/python3.7/site-packages/airflow/example_dags/example_short_circuit_operator.py took 0.157 seconds
[2025-07-13T11:41:55.219+0000] {processor.py:154} INFO - Started process (PID=11728) to work on /home/airflow/.local/lib/python3.7/site-packages/airflow/example_dags/example_short_circuit_operator.py
[2025-07-13T11:41:55.221+0000] {processor.py:756} INFO - Processing file /home/airflow/.local/lib/python3.7/site-packages/airflow/example_dags/example_short_circuit_operator.py for tasks to queue
[2025-07-13T11:41:55.222+0000] {logging_mixin.py:120} INFO - [2025-07-13T11:41:55.222+0000] {dagbag.py:537} INFO - Filling up the DagBag from /home/airflow/.local/lib/python3.7/site-packages/airflow/example_dags/example_short_circuit_operator.py
[2025-07-13T11:41:55.248+0000] {processor.py:766} INFO - DAG(s) dict_keys(['example_short_circuit_operator']) retrieved from /home/airflow/.local/lib/python3.7/site-packages/airflow/example_dags/example_short_circuit_operator.py
[2025-07-13T11:41:55.303+0000] {logging_mixin.py:120} INFO - [2025-07-13T11:41:55.303+0000] {dag.py:2585} INFO - Sync 1 DAGs
[2025-07-13T11:41:55.334+0000] {logging_mixin.py:120} INFO - [2025-07-13T11:41:55.334+0000] {dag.py:3340} INFO - Setting next_dagrun for example_short_circuit_operator to 2025-07-12T11:41:55.334161+00:00, run_after=2025-07-13T11:41:55.334161+00:00
[2025-07-13T11:41:55.366+0000] {processor.py:176} INFO - Processing /home/airflow/.local/lib/python3.7/site-packages/airflow/example_dags/example_short_circuit_operator.py took 0.153 seconds
[2025-07-13T11:42:25.576+0000] {processor.py:154} INFO - Started process (PID=11791) to work on /home/airflow/.local/lib/python3.7/site-packages/airflow/example_dags/example_short_circuit_operator.py
[2025-07-13T11:42:25.577+0000] {processor.py:756} INFO - Processing file /home/airflow/.local/lib/python3.7/site-packages/airflow/example_dags/example_short_circuit_operator.py for tasks to queue
[2025-07-13T11:42:25.578+0000] {logging_mixin.py:120} INFO - [2025-07-13T11:42:25.578+0000] {dagbag.py:537} INFO - Filling up the DagBag from /home/airflow/.local/lib/python3.7/site-packages/airflow/example_dags/example_short_circuit_operator.py
[2025-07-13T11:42:25.602+0000] {processor.py:766} INFO - DAG(s) dict_keys(['example_short_circuit_operator']) retrieved from /home/airflow/.local/lib/python3.7/site-packages/airflow/example_dags/example_short_circuit_operator.py
[2025-07-13T11:42:25.665+0000] {logging_mixin.py:120} INFO - [2025-07-13T11:42:25.665+0000] {dag.py:2585} INFO - Sync 1 DAGs
[2025-07-13T11:42:25.694+0000] {logging_mixin.py:120} INFO - [2025-07-13T11:42:25.694+0000] {dag.py:3340} INFO - Setting next_dagrun for example_short_circuit_operator to 2025-07-12T11:42:25.694340+00:00, run_after=2025-07-13T11:42:25.694340+00:00
[2025-07-13T11:42:25.739+0000] {processor.py:176} INFO - Processing /home/airflow/.local/lib/python3.7/site-packages/airflow/example_dags/example_short_circuit_operator.py took 0.167 seconds
[2025-07-13T11:42:56.065+0000] {processor.py:154} INFO - Started process (PID=11845) to work on /home/airflow/.local/lib/python3.7/site-packages/airflow/example_dags/example_short_circuit_operator.py
[2025-07-13T11:42:56.067+0000] {processor.py:756} INFO - Processing file /home/airflow/.local/lib/python3.7/site-packages/airflow/example_dags/example_short_circuit_operator.py for tasks to queue
[2025-07-13T11:42:56.068+0000] {logging_mixin.py:120} INFO - [2025-07-13T11:42:56.068+0000] {dagbag.py:537} INFO - Filling up the DagBag from /home/airflow/.local/lib/python3.7/site-packages/airflow/example_dags/example_short_circuit_operator.py
[2025-07-13T11:42:56.091+0000] {processor.py:766} INFO - DAG(s) dict_keys(['example_short_circuit_operator']) retrieved from /home/airflow/.local/lib/python3.7/site-packages/airflow/example_dags/example_short_circuit_operator.py
[2025-07-13T11:42:56.147+0000] {logging_mixin.py:120} INFO - [2025-07-13T11:42:56.147+0000] {dag.py:2585} INFO - Sync 1 DAGs
[2025-07-13T11:42:56.183+0000] {logging_mixin.py:120} INFO - [2025-07-13T11:42:56.182+0000] {dag.py:3340} INFO - Setting next_dagrun for example_short_circuit_operator to 2025-07-12T11:42:56.182174+00:00, run_after=2025-07-13T11:42:56.182174+00:00
[2025-07-13T11:42:56.213+0000] {processor.py:176} INFO - Processing /home/airflow/.local/lib/python3.7/site-packages/airflow/example_dags/example_short_circuit_operator.py took 0.152 seconds
[2025-07-13T11:43:26.937+0000] {processor.py:154} INFO - Started process (PID=11908) to work on /home/airflow/.local/lib/python3.7/site-packages/airflow/example_dags/example_short_circuit_operator.py
[2025-07-13T11:43:26.939+0000] {processor.py:756} INFO - Processing file /home/airflow/.local/lib/python3.7/site-packages/airflow/example_dags/example_short_circuit_operator.py for tasks to queue
[2025-07-13T11:43:26.940+0000] {logging_mixin.py:120} INFO - [2025-07-13T11:43:26.940+0000] {dagbag.py:537} INFO - Filling up the DagBag from /home/airflow/.local/lib/python3.7/site-packages/airflow/example_dags/example_short_circuit_operator.py
[2025-07-13T11:43:26.962+0000] {processor.py:766} INFO - DAG(s) dict_keys(['example_short_circuit_operator']) retrieved from /home/airflow/.local/lib/python3.7/site-packages/airflow/example_dags/example_short_circuit_operator.py
[2025-07-13T11:43:27.020+0000] {logging_mixin.py:120} INFO - [2025-07-13T11:43:27.020+0000] {dag.py:2585} INFO - Sync 1 DAGs
[2025-07-13T11:43:27.053+0000] {logging_mixin.py:120} INFO - [2025-07-13T11:43:27.053+0000] {dag.py:3340} INFO - Setting next_dagrun for example_short_circuit_operator to 2025-07-12T11:43:27.052998+00:00, run_after=2025-07-13T11:43:27.052998+00:00
[2025-07-13T11:43:27.089+0000] {processor.py:176} INFO - Processing /home/airflow/.local/lib/python3.7/site-packages/airflow/example_dags/example_short_circuit_operator.py took 0.155 seconds
[2025-07-13T11:43:57.924+0000] {processor.py:154} INFO - Started process (PID=11962) to work on /home/airflow/.local/lib/python3.7/site-packages/airflow/example_dags/example_short_circuit_operator.py
[2025-07-13T11:43:57.926+0000] {processor.py:756} INFO - Processing file /home/airflow/.local/lib/python3.7/site-packages/airflow/example_dags/example_short_circuit_operator.py for tasks to queue
[2025-07-13T11:43:57.927+0000] {logging_mixin.py:120} INFO - [2025-07-13T11:43:57.927+0000] {dagbag.py:537} INFO - Filling up the DagBag from /home/airflow/.local/lib/python3.7/site-packages/airflow/example_dags/example_short_circuit_operator.py
[2025-07-13T11:43:57.957+0000] {processor.py:766} INFO - DAG(s) dict_keys(['example_short_circuit_operator']) retrieved from /home/airflow/.local/lib/python3.7/site-packages/airflow/example_dags/example_short_circuit_operator.py
[2025-07-13T11:43:58.025+0000] {logging_mixin.py:120} INFO - [2025-07-13T11:43:58.025+0000] {dag.py:2585} INFO - Sync 1 DAGs
[2025-07-13T11:43:58.060+0000] {logging_mixin.py:120} INFO - [2025-07-13T11:43:58.059+0000] {dag.py:3340} INFO - Setting next_dagrun for example_short_circuit_operator to 2025-07-12T11:43:58.059531+00:00, run_after=2025-07-13T11:43:58.059531+00:00
[2025-07-13T11:43:58.092+0000] {processor.py:176} INFO - Processing /home/airflow/.local/lib/python3.7/site-packages/airflow/example_dags/example_short_circuit_operator.py took 0.174 seconds
[2025-07-13T11:44:28.314+0000] {processor.py:154} INFO - Started process (PID=12025) to work on /home/airflow/.local/lib/python3.7/site-packages/airflow/example_dags/example_short_circuit_operator.py
[2025-07-13T11:44:28.316+0000] {processor.py:756} INFO - Processing file /home/airflow/.local/lib/python3.7/site-packages/airflow/example_dags/example_short_circuit_operator.py for tasks to queue
[2025-07-13T11:44:28.317+0000] {logging_mixin.py:120} INFO - [2025-07-13T11:44:28.317+0000] {dagbag.py:537} INFO - Filling up the DagBag from /home/airflow/.local/lib/python3.7/site-packages/airflow/example_dags/example_short_circuit_operator.py
[2025-07-13T11:44:28.343+0000] {processor.py:766} INFO - DAG(s) dict_keys(['example_short_circuit_operator']) retrieved from /home/airflow/.local/lib/python3.7/site-packages/airflow/example_dags/example_short_circuit_operator.py
[2025-07-13T11:44:28.410+0000] {logging_mixin.py:120} INFO - [2025-07-13T11:44:28.410+0000] {dag.py:2585} INFO - Sync 1 DAGs
[2025-07-13T11:44:28.460+0000] {logging_mixin.py:120} INFO - [2025-07-13T11:44:28.459+0000] {dag.py:3340} INFO - Setting next_dagrun for example_short_circuit_operator to 2025-07-12T11:44:28.459574+00:00, run_after=2025-07-13T11:44:28.459574+00:00
[2025-07-13T11:44:28.499+0000] {processor.py:176} INFO - Processing /home/airflow/.local/lib/python3.7/site-packages/airflow/example_dags/example_short_circuit_operator.py took 0.191 seconds
[2025-07-13T11:44:58.555+0000] {processor.py:154} INFO - Started process (PID=12078) to work on /home/airflow/.local/lib/python3.7/site-packages/airflow/example_dags/example_short_circuit_operator.py
[2025-07-13T11:44:58.557+0000] {processor.py:756} INFO - Processing file /home/airflow/.local/lib/python3.7/site-packages/airflow/example_dags/example_short_circuit_operator.py for tasks to queue
[2025-07-13T11:44:58.559+0000] {logging_mixin.py:120} INFO - [2025-07-13T11:44:58.558+0000] {dagbag.py:537} INFO - Filling up the DagBag from /home/airflow/.local/lib/python3.7/site-packages/airflow/example_dags/example_short_circuit_operator.py
[2025-07-13T11:44:58.600+0000] {processor.py:766} INFO - DAG(s) dict_keys(['example_short_circuit_operator']) retrieved from /home/airflow/.local/lib/python3.7/site-packages/airflow/example_dags/example_short_circuit_operator.py
[2025-07-13T11:44:58.691+0000] {logging_mixin.py:120} INFO - [2025-07-13T11:44:58.691+0000] {dag.py:2585} INFO - Sync 1 DAGs
[2025-07-13T11:44:58.757+0000] {logging_mixin.py:120} INFO - [2025-07-13T11:44:58.757+0000] {dag.py:3340} INFO - Setting next_dagrun for example_short_circuit_operator to 2025-07-12T11:44:58.756747+00:00, run_after=2025-07-13T11:44:58.756747+00:00
[2025-07-13T11:44:58.804+0000] {processor.py:176} INFO - Processing /home/airflow/.local/lib/python3.7/site-packages/airflow/example_dags/example_short_circuit_operator.py took 0.256 seconds
[2025-07-13T11:45:29.025+0000] {processor.py:154} INFO - Started process (PID=12140) to work on /home/airflow/.local/lib/python3.7/site-packages/airflow/example_dags/example_short_circuit_operator.py
[2025-07-13T11:45:29.027+0000] {processor.py:756} INFO - Processing file /home/airflow/.local/lib/python3.7/site-packages/airflow/example_dags/example_short_circuit_operator.py for tasks to queue
[2025-07-13T11:45:29.029+0000] {logging_mixin.py:120} INFO - [2025-07-13T11:45:29.029+0000] {dagbag.py:537} INFO - Filling up the DagBag from /home/airflow/.local/lib/python3.7/site-packages/airflow/example_dags/example_short_circuit_operator.py
[2025-07-13T11:45:29.057+0000] {processor.py:766} INFO - DAG(s) dict_keys(['example_short_circuit_operator']) retrieved from /home/airflow/.local/lib/python3.7/site-packages/airflow/example_dags/example_short_circuit_operator.py
[2025-07-13T11:45:29.134+0000] {logging_mixin.py:120} INFO - [2025-07-13T11:45:29.134+0000] {dag.py:2585} INFO - Sync 1 DAGs
[2025-07-13T11:45:29.178+0000] {logging_mixin.py:120} INFO - [2025-07-13T11:45:29.178+0000] {dag.py:3340} INFO - Setting next_dagrun for example_short_circuit_operator to 2025-07-12T11:45:29.178518+00:00, run_after=2025-07-13T11:45:29.178518+00:00
[2025-07-13T11:45:29.269+0000] {processor.py:176} INFO - Processing /home/airflow/.local/lib/python3.7/site-packages/airflow/example_dags/example_short_circuit_operator.py took 0.250 seconds
[2025-07-13T11:45:59.749+0000] {processor.py:154} INFO - Started process (PID=12195) to work on /home/airflow/.local/lib/python3.7/site-packages/airflow/example_dags/example_short_circuit_operator.py
[2025-07-13T11:45:59.751+0000] {processor.py:756} INFO - Processing file /home/airflow/.local/lib/python3.7/site-packages/airflow/example_dags/example_short_circuit_operator.py for tasks to queue
[2025-07-13T11:45:59.752+0000] {logging_mixin.py:120} INFO - [2025-07-13T11:45:59.752+0000] {dagbag.py:537} INFO - Filling up the DagBag from /home/airflow/.local/lib/python3.7/site-packages/airflow/example_dags/example_short_circuit_operator.py
[2025-07-13T11:45:59.781+0000] {processor.py:766} INFO - DAG(s) dict_keys(['example_short_circuit_operator']) retrieved from /home/airflow/.local/lib/python3.7/site-packages/airflow/example_dags/example_short_circuit_operator.py
[2025-07-13T11:45:59.853+0000] {logging_mixin.py:120} INFO - [2025-07-13T11:45:59.853+0000] {dag.py:2585} INFO - Sync 1 DAGs
[2025-07-13T11:45:59.900+0000] {logging_mixin.py:120} INFO - [2025-07-13T11:45:59.899+0000] {dag.py:3340} INFO - Setting next_dagrun for example_short_circuit_operator to 2025-07-12T11:45:59.899225+00:00, run_after=2025-07-13T11:45:59.899225+00:00
[2025-07-13T11:45:59.938+0000] {processor.py:176} INFO - Processing /home/airflow/.local/lib/python3.7/site-packages/airflow/example_dags/example_short_circuit_operator.py took 0.195 seconds
[2025-07-13T11:46:30.920+0000] {processor.py:154} INFO - Started process (PID=12259) to work on /home/airflow/.local/lib/python3.7/site-packages/airflow/example_dags/example_short_circuit_operator.py
[2025-07-13T11:46:30.921+0000] {processor.py:756} INFO - Processing file /home/airflow/.local/lib/python3.7/site-packages/airflow/example_dags/example_short_circuit_operator.py for tasks to queue
[2025-07-13T11:46:30.923+0000] {logging_mixin.py:120} INFO - [2025-07-13T11:46:30.922+0000] {dagbag.py:537} INFO - Filling up the DagBag from /home/airflow/.local/lib/python3.7/site-packages/airflow/example_dags/example_short_circuit_operator.py
[2025-07-13T11:46:30.952+0000] {processor.py:766} INFO - DAG(s) dict_keys(['example_short_circuit_operator']) retrieved from /home/airflow/.local/lib/python3.7/site-packages/airflow/example_dags/example_short_circuit_operator.py
[2025-07-13T11:46:31.026+0000] {logging_mixin.py:120} INFO - [2025-07-13T11:46:31.026+0000] {dag.py:2585} INFO - Sync 1 DAGs
[2025-07-13T11:46:31.072+0000] {logging_mixin.py:120} INFO - [2025-07-13T11:46:31.072+0000] {dag.py:3340} INFO - Setting next_dagrun for example_short_circuit_operator to 2025-07-12T11:46:31.072237+00:00, run_after=2025-07-13T11:46:31.072237+00:00
[2025-07-13T11:46:31.115+0000] {processor.py:176} INFO - Processing /home/airflow/.local/lib/python3.7/site-packages/airflow/example_dags/example_short_circuit_operator.py took 0.200 seconds
[2025-07-13T11:47:01.549+0000] {processor.py:154} INFO - Started process (PID=12322) to work on /home/airflow/.local/lib/python3.7/site-packages/airflow/example_dags/example_short_circuit_operator.py
[2025-07-13T11:47:01.550+0000] {processor.py:756} INFO - Processing file /home/airflow/.local/lib/python3.7/site-packages/airflow/example_dags/example_short_circuit_operator.py for tasks to queue
[2025-07-13T11:47:01.552+0000] {logging_mixin.py:120} INFO - [2025-07-13T11:47:01.552+0000] {dagbag.py:537} INFO - Filling up the DagBag from /home/airflow/.local/lib/python3.7/site-packages/airflow/example_dags/example_short_circuit_operator.py
[2025-07-13T11:47:01.608+0000] {processor.py:766} INFO - DAG(s) dict_keys(['example_short_circuit_operator']) retrieved from /home/airflow/.local/lib/python3.7/site-packages/airflow/example_dags/example_short_circuit_operator.py
[2025-07-13T11:47:01.728+0000] {logging_mixin.py:120} INFO - [2025-07-13T11:47:01.728+0000] {dag.py:2585} INFO - Sync 1 DAGs
[2025-07-13T11:47:01.808+0000] {logging_mixin.py:120} INFO - [2025-07-13T11:47:01.808+0000] {dag.py:3340} INFO - Setting next_dagrun for example_short_circuit_operator to 2025-07-12T11:47:01.807314+00:00, run_after=2025-07-13T11:47:01.807314+00:00
[2025-07-13T11:47:01.852+0000] {processor.py:176} INFO - Processing /home/airflow/.local/lib/python3.7/site-packages/airflow/example_dags/example_short_circuit_operator.py took 0.312 seconds
[2025-07-13T11:47:32.609+0000] {processor.py:154} INFO - Started process (PID=12372) to work on /home/airflow/.local/lib/python3.7/site-packages/airflow/example_dags/example_short_circuit_operator.py
[2025-07-13T11:47:32.611+0000] {processor.py:756} INFO - Processing file /home/airflow/.local/lib/python3.7/site-packages/airflow/example_dags/example_short_circuit_operator.py for tasks to queue
[2025-07-13T11:47:32.615+0000] {logging_mixin.py:120} INFO - [2025-07-13T11:47:32.614+0000] {dagbag.py:537} INFO - Filling up the DagBag from /home/airflow/.local/lib/python3.7/site-packages/airflow/example_dags/example_short_circuit_operator.py
[2025-07-13T11:47:32.656+0000] {processor.py:766} INFO - DAG(s) dict_keys(['example_short_circuit_operator']) retrieved from /home/airflow/.local/lib/python3.7/site-packages/airflow/example_dags/example_short_circuit_operator.py
[2025-07-13T11:47:32.756+0000] {logging_mixin.py:120} INFO - [2025-07-13T11:47:32.756+0000] {dag.py:2585} INFO - Sync 1 DAGs
[2025-07-13T11:47:32.854+0000] {logging_mixin.py:120} INFO - [2025-07-13T11:47:32.854+0000] {dag.py:3340} INFO - Setting next_dagrun for example_short_circuit_operator to 2025-07-12T11:47:32.853779+00:00, run_after=2025-07-13T11:47:32.853779+00:00
[2025-07-13T11:47:32.937+0000] {processor.py:176} INFO - Processing /home/airflow/.local/lib/python3.7/site-packages/airflow/example_dags/example_short_circuit_operator.py took 0.335 seconds
[2025-07-13T11:48:03.184+0000] {processor.py:154} INFO - Started process (PID=12435) to work on /home/airflow/.local/lib/python3.7/site-packages/airflow/example_dags/example_short_circuit_operator.py
[2025-07-13T11:48:03.186+0000] {processor.py:756} INFO - Processing file /home/airflow/.local/lib/python3.7/site-packages/airflow/example_dags/example_short_circuit_operator.py for tasks to queue
[2025-07-13T11:48:03.187+0000] {logging_mixin.py:120} INFO - [2025-07-13T11:48:03.187+0000] {dagbag.py:537} INFO - Filling up the DagBag from /home/airflow/.local/lib/python3.7/site-packages/airflow/example_dags/example_short_circuit_operator.py
[2025-07-13T11:48:03.224+0000] {processor.py:766} INFO - DAG(s) dict_keys(['example_short_circuit_operator']) retrieved from /home/airflow/.local/lib/python3.7/site-packages/airflow/example_dags/example_short_circuit_operator.py
[2025-07-13T11:48:03.314+0000] {logging_mixin.py:120} INFO - [2025-07-13T11:48:03.314+0000] {dag.py:2585} INFO - Sync 1 DAGs
[2025-07-13T11:48:03.359+0000] {logging_mixin.py:120} INFO - [2025-07-13T11:48:03.359+0000] {dag.py:3340} INFO - Setting next_dagrun for example_short_circuit_operator to 2025-07-12T11:48:03.359009+00:00, run_after=2025-07-13T11:48:03.359009+00:00
[2025-07-13T11:48:03.401+0000] {processor.py:176} INFO - Processing /home/airflow/.local/lib/python3.7/site-packages/airflow/example_dags/example_short_circuit_operator.py took 0.225 seconds
[2025-07-13T11:48:33.573+0000] {processor.py:154} INFO - Started process (PID=12497) to work on /home/airflow/.local/lib/python3.7/site-packages/airflow/example_dags/example_short_circuit_operator.py
[2025-07-13T11:48:33.575+0000] {processor.py:756} INFO - Processing file /home/airflow/.local/lib/python3.7/site-packages/airflow/example_dags/example_short_circuit_operator.py for tasks to queue
[2025-07-13T11:48:33.579+0000] {logging_mixin.py:120} INFO - [2025-07-13T11:48:33.578+0000] {dagbag.py:537} INFO - Filling up the DagBag from /home/airflow/.local/lib/python3.7/site-packages/airflow/example_dags/example_short_circuit_operator.py
[2025-07-13T11:48:33.621+0000] {processor.py:766} INFO - DAG(s) dict_keys(['example_short_circuit_operator']) retrieved from /home/airflow/.local/lib/python3.7/site-packages/airflow/example_dags/example_short_circuit_operator.py
[2025-07-13T11:48:33.739+0000] {logging_mixin.py:120} INFO - [2025-07-13T11:48:33.739+0000] {dag.py:2585} INFO - Sync 1 DAGs
[2025-07-13T11:48:33.874+0000] {logging_mixin.py:120} INFO - [2025-07-13T11:48:33.873+0000] {dag.py:3340} INFO - Setting next_dagrun for example_short_circuit_operator to 2025-07-12T11:48:33.873303+00:00, run_after=2025-07-13T11:48:33.873303+00:00
[2025-07-13T11:48:34.065+0000] {processor.py:176} INFO - Processing /home/airflow/.local/lib/python3.7/site-packages/airflow/example_dags/example_short_circuit_operator.py took 0.503 seconds
[2025-07-13T11:49:04.796+0000] {processor.py:154} INFO - Started process (PID=12553) to work on /home/airflow/.local/lib/python3.7/site-packages/airflow/example_dags/example_short_circuit_operator.py
[2025-07-13T11:49:04.804+0000] {processor.py:756} INFO - Processing file /home/airflow/.local/lib/python3.7/site-packages/airflow/example_dags/example_short_circuit_operator.py for tasks to queue
[2025-07-13T11:49:04.813+0000] {logging_mixin.py:120} INFO - [2025-07-13T11:49:04.813+0000] {dagbag.py:537} INFO - Filling up the DagBag from /home/airflow/.local/lib/python3.7/site-packages/airflow/example_dags/example_short_circuit_operator.py
[2025-07-13T11:49:04.876+0000] {processor.py:766} INFO - DAG(s) dict_keys(['example_short_circuit_operator']) retrieved from /home/airflow/.local/lib/python3.7/site-packages/airflow/example_dags/example_short_circuit_operator.py
[2025-07-13T11:49:05.018+0000] {logging_mixin.py:120} INFO - [2025-07-13T11:49:05.018+0000] {dag.py:2585} INFO - Sync 1 DAGs
[2025-07-13T11:49:05.087+0000] {logging_mixin.py:120} INFO - [2025-07-13T11:49:05.086+0000] {dag.py:3340} INFO - Setting next_dagrun for example_short_circuit_operator to 2025-07-12T11:49:05.086253+00:00, run_after=2025-07-13T11:49:05.086253+00:00
[2025-07-13T11:49:05.160+0000] {processor.py:176} INFO - Processing /home/airflow/.local/lib/python3.7/site-packages/airflow/example_dags/example_short_circuit_operator.py took 0.373 seconds
[2025-07-13T11:49:35.965+0000] {processor.py:154} INFO - Started process (PID=12603) to work on /home/airflow/.local/lib/python3.7/site-packages/airflow/example_dags/example_short_circuit_operator.py
[2025-07-13T11:49:35.967+0000] {processor.py:756} INFO - Processing file /home/airflow/.local/lib/python3.7/site-packages/airflow/example_dags/example_short_circuit_operator.py for tasks to queue
[2025-07-13T11:49:35.969+0000] {logging_mixin.py:120} INFO - [2025-07-13T11:49:35.969+0000] {dagbag.py:537} INFO - Filling up the DagBag from /home/airflow/.local/lib/python3.7/site-packages/airflow/example_dags/example_short_circuit_operator.py
[2025-07-13T11:49:36.047+0000] {processor.py:766} INFO - DAG(s) dict_keys(['example_short_circuit_operator']) retrieved from /home/airflow/.local/lib/python3.7/site-packages/airflow/example_dags/example_short_circuit_operator.py
[2025-07-13T11:49:36.191+0000] {logging_mixin.py:120} INFO - [2025-07-13T11:49:36.190+0000] {dag.py:2585} INFO - Sync 1 DAGs
[2025-07-13T11:49:36.298+0000] {logging_mixin.py:120} INFO - [2025-07-13T11:49:36.297+0000] {dag.py:3340} INFO - Setting next_dagrun for example_short_circuit_operator to 2025-07-12T11:49:36.297477+00:00, run_after=2025-07-13T11:49:36.297477+00:00
[2025-07-13T11:49:36.387+0000] {processor.py:176} INFO - Processing /home/airflow/.local/lib/python3.7/site-packages/airflow/example_dags/example_short_circuit_operator.py took 0.440 seconds
[2025-07-13T11:50:06.595+0000] {processor.py:154} INFO - Started process (PID=12666) to work on /home/airflow/.local/lib/python3.7/site-packages/airflow/example_dags/example_short_circuit_operator.py
[2025-07-13T11:50:06.597+0000] {processor.py:756} INFO - Processing file /home/airflow/.local/lib/python3.7/site-packages/airflow/example_dags/example_short_circuit_operator.py for tasks to queue
[2025-07-13T11:50:06.598+0000] {logging_mixin.py:120} INFO - [2025-07-13T11:50:06.598+0000] {dagbag.py:537} INFO - Filling up the DagBag from /home/airflow/.local/lib/python3.7/site-packages/airflow/example_dags/example_short_circuit_operator.py
[2025-07-13T11:50:06.622+0000] {processor.py:766} INFO - DAG(s) dict_keys(['example_short_circuit_operator']) retrieved from /home/airflow/.local/lib/python3.7/site-packages/airflow/example_dags/example_short_circuit_operator.py
[2025-07-13T11:50:06.687+0000] {logging_mixin.py:120} INFO - [2025-07-13T11:50:06.686+0000] {dag.py:2585} INFO - Sync 1 DAGs
[2025-07-13T11:50:06.719+0000] {logging_mixin.py:120} INFO - [2025-07-13T11:50:06.718+0000] {dag.py:3340} INFO - Setting next_dagrun for example_short_circuit_operator to 2025-07-12T11:50:06.718489+00:00, run_after=2025-07-13T11:50:06.718489+00:00
[2025-07-13T11:50:06.746+0000] {processor.py:176} INFO - Processing /home/airflow/.local/lib/python3.7/site-packages/airflow/example_dags/example_short_circuit_operator.py took 0.156 seconds
[2025-07-13T11:50:36.790+0000] {processor.py:154} INFO - Started process (PID=12720) to work on /home/airflow/.local/lib/python3.7/site-packages/airflow/example_dags/example_short_circuit_operator.py
[2025-07-13T11:50:36.793+0000] {processor.py:756} INFO - Processing file /home/airflow/.local/lib/python3.7/site-packages/airflow/example_dags/example_short_circuit_operator.py for tasks to queue
[2025-07-13T11:50:36.795+0000] {logging_mixin.py:120} INFO - [2025-07-13T11:50:36.794+0000] {dagbag.py:537} INFO - Filling up the DagBag from /home/airflow/.local/lib/python3.7/site-packages/airflow/example_dags/example_short_circuit_operator.py
[2025-07-13T11:50:36.822+0000] {processor.py:766} INFO - DAG(s) dict_keys(['example_short_circuit_operator']) retrieved from /home/airflow/.local/lib/python3.7/site-packages/airflow/example_dags/example_short_circuit_operator.py
[2025-07-13T11:50:36.944+0000] {logging_mixin.py:120} INFO - [2025-07-13T11:50:36.944+0000] {dag.py:2585} INFO - Sync 1 DAGs
[2025-07-13T11:50:37.055+0000] {logging_mixin.py:120} INFO - [2025-07-13T11:50:37.055+0000] {dag.py:3340} INFO - Setting next_dagrun for example_short_circuit_operator to 2025-07-12T11:50:37.054574+00:00, run_after=2025-07-13T11:50:37.054574+00:00
[2025-07-13T11:50:37.148+0000] {processor.py:176} INFO - Processing /home/airflow/.local/lib/python3.7/site-packages/airflow/example_dags/example_short_circuit_operator.py took 0.362 seconds
[2025-07-13T11:51:07.549+0000] {processor.py:154} INFO - Started process (PID=12781) to work on /home/airflow/.local/lib/python3.7/site-packages/airflow/example_dags/example_short_circuit_operator.py
[2025-07-13T11:51:07.550+0000] {processor.py:756} INFO - Processing file /home/airflow/.local/lib/python3.7/site-packages/airflow/example_dags/example_short_circuit_operator.py for tasks to queue
[2025-07-13T11:51:07.551+0000] {logging_mixin.py:120} INFO - [2025-07-13T11:51:07.551+0000] {dagbag.py:537} INFO - Filling up the DagBag from /home/airflow/.local/lib/python3.7/site-packages/airflow/example_dags/example_short_circuit_operator.py
[2025-07-13T11:51:07.581+0000] {processor.py:766} INFO - DAG(s) dict_keys(['example_short_circuit_operator']) retrieved from /home/airflow/.local/lib/python3.7/site-packages/airflow/example_dags/example_short_circuit_operator.py
[2025-07-13T11:51:07.645+0000] {logging_mixin.py:120} INFO - [2025-07-13T11:51:07.645+0000] {dag.py:2585} INFO - Sync 1 DAGs
[2025-07-13T11:51:07.683+0000] {logging_mixin.py:120} INFO - [2025-07-13T11:51:07.683+0000] {dag.py:3340} INFO - Setting next_dagrun for example_short_circuit_operator to 2025-07-12T11:51:07.682753+00:00, run_after=2025-07-13T11:51:07.682753+00:00
[2025-07-13T11:51:07.717+0000] {processor.py:176} INFO - Processing /home/airflow/.local/lib/python3.7/site-packages/airflow/example_dags/example_short_circuit_operator.py took 0.175 seconds
[2025-07-13T11:51:38.378+0000] {processor.py:154} INFO - Started process (PID=12845) to work on /home/airflow/.local/lib/python3.7/site-packages/airflow/example_dags/example_short_circuit_operator.py
[2025-07-13T11:51:38.379+0000] {processor.py:756} INFO - Processing file /home/airflow/.local/lib/python3.7/site-packages/airflow/example_dags/example_short_circuit_operator.py for tasks to queue
[2025-07-13T11:51:38.380+0000] {logging_mixin.py:120} INFO - [2025-07-13T11:51:38.380+0000] {dagbag.py:537} INFO - Filling up the DagBag from /home/airflow/.local/lib/python3.7/site-packages/airflow/example_dags/example_short_circuit_operator.py
[2025-07-13T11:51:38.404+0000] {processor.py:766} INFO - DAG(s) dict_keys(['example_short_circuit_operator']) retrieved from /home/airflow/.local/lib/python3.7/site-packages/airflow/example_dags/example_short_circuit_operator.py
[2025-07-13T11:51:38.472+0000] {logging_mixin.py:120} INFO - [2025-07-13T11:51:38.472+0000] {dag.py:2585} INFO - Sync 1 DAGs
[2025-07-13T11:51:38.513+0000] {logging_mixin.py:120} INFO - [2025-07-13T11:51:38.513+0000] {dag.py:3340} INFO - Setting next_dagrun for example_short_circuit_operator to 2025-07-12T11:51:38.513279+00:00, run_after=2025-07-13T11:51:38.513279+00:00
[2025-07-13T11:51:38.550+0000] {processor.py:176} INFO - Processing /home/airflow/.local/lib/python3.7/site-packages/airflow/example_dags/example_short_circuit_operator.py took 0.180 seconds
[2025-07-13T11:52:09.376+0000] {processor.py:154} INFO - Started process (PID=12899) to work on /home/airflow/.local/lib/python3.7/site-packages/airflow/example_dags/example_short_circuit_operator.py
[2025-07-13T11:52:09.378+0000] {processor.py:756} INFO - Processing file /home/airflow/.local/lib/python3.7/site-packages/airflow/example_dags/example_short_circuit_operator.py for tasks to queue
[2025-07-13T11:52:09.380+0000] {logging_mixin.py:120} INFO - [2025-07-13T11:52:09.379+0000] {dagbag.py:537} INFO - Filling up the DagBag from /home/airflow/.local/lib/python3.7/site-packages/airflow/example_dags/example_short_circuit_operator.py
[2025-07-13T11:52:09.409+0000] {processor.py:766} INFO - DAG(s) dict_keys(['example_short_circuit_operator']) retrieved from /home/airflow/.local/lib/python3.7/site-packages/airflow/example_dags/example_short_circuit_operator.py
[2025-07-13T11:52:09.493+0000] {logging_mixin.py:120} INFO - [2025-07-13T11:52:09.492+0000] {dag.py:2585} INFO - Sync 1 DAGs
[2025-07-13T11:52:09.542+0000] {logging_mixin.py:120} INFO - [2025-07-13T11:52:09.541+0000] {dag.py:3340} INFO - Setting next_dagrun for example_short_circuit_operator to 2025-07-12T11:52:09.540970+00:00, run_after=2025-07-13T11:52:09.540970+00:00
[2025-07-13T11:52:09.595+0000] {processor.py:176} INFO - Processing /home/airflow/.local/lib/python3.7/site-packages/airflow/example_dags/example_short_circuit_operator.py took 0.225 seconds
[2025-07-13T11:52:39.722+0000] {processor.py:154} INFO - Started process (PID=12960) to work on /home/airflow/.local/lib/python3.7/site-packages/airflow/example_dags/example_short_circuit_operator.py
[2025-07-13T11:52:39.724+0000] {processor.py:756} INFO - Processing file /home/airflow/.local/lib/python3.7/site-packages/airflow/example_dags/example_short_circuit_operator.py for tasks to queue
[2025-07-13T11:52:39.725+0000] {logging_mixin.py:120} INFO - [2025-07-13T11:52:39.725+0000] {dagbag.py:537} INFO - Filling up the DagBag from /home/airflow/.local/lib/python3.7/site-packages/airflow/example_dags/example_short_circuit_operator.py
[2025-07-13T11:52:39.748+0000] {processor.py:766} INFO - DAG(s) dict_keys(['example_short_circuit_operator']) retrieved from /home/airflow/.local/lib/python3.7/site-packages/airflow/example_dags/example_short_circuit_operator.py
[2025-07-13T11:52:39.814+0000] {logging_mixin.py:120} INFO - [2025-07-13T11:52:39.814+0000] {dag.py:2585} INFO - Sync 1 DAGs
[2025-07-13T11:52:39.848+0000] {logging_mixin.py:120} INFO - [2025-07-13T11:52:39.848+0000] {dag.py:3340} INFO - Setting next_dagrun for example_short_circuit_operator to 2025-07-12T11:52:39.848409+00:00, run_after=2025-07-13T11:52:39.848409+00:00
[2025-07-13T11:52:39.879+0000] {processor.py:176} INFO - Processing /home/airflow/.local/lib/python3.7/site-packages/airflow/example_dags/example_short_circuit_operator.py took 0.163 seconds
