[2025-07-13T09:47:22.801+0000] {processor.py:154} INFO - Started process (PID=50) to work on /home/airflow/.local/lib/python3.7/site-packages/airflow/example_dags/example_complex.py
[2025-07-13T09:47:22.802+0000] {processor.py:756} INFO - Processing file /home/airflow/.local/lib/python3.7/site-packages/airflow/example_dags/example_complex.py for tasks to queue
[2025-07-13T09:47:22.803+0000] {logging_mixin.py:120} INFO - [2025-07-13T09:47:22.803+0000] {dagbag.py:537} INFO - Filling up the DagBag from /home/airflow/.local/lib/python3.7/site-packages/airflow/example_dags/example_complex.py
[2025-07-13T09:47:22.906+0000] {logging_mixin.py:120} INFO - [2025-07-13T09:47:22.906+0000] {taskmixin.py:205} WARNING - Dependency <Task(BashOperator): create_entry_group>, delete_entry_group already registered for DAG: example_complex
[2025-07-13T09:47:22.907+0000] {logging_mixin.py:120} INFO - [2025-07-13T09:47:22.907+0000] {taskmixin.py:205} WARNING - Dependency <Task(BashOperator): delete_entry_group>, create_entry_group already registered for DAG: example_complex
[2025-07-13T09:47:22.908+0000] {logging_mixin.py:120} INFO - [2025-07-13T09:47:22.908+0000] {taskmixin.py:205} WARNING - Dependency <Task(BashOperator): create_entry_gcs>, delete_entry already registered for DAG: example_complex
[2025-07-13T09:47:22.909+0000] {logging_mixin.py:120} INFO - [2025-07-13T09:47:22.909+0000] {taskmixin.py:205} WARNING - Dependency <Task(BashOperator): delete_entry>, create_entry_gcs already registered for DAG: example_complex
[2025-07-13T09:47:22.910+0000] {logging_mixin.py:120} INFO - [2025-07-13T09:47:22.910+0000] {taskmixin.py:205} WARNING - Dependency <Task(BashOperator): create_tag>, delete_tag already registered for DAG: example_complex
[2025-07-13T09:47:22.911+0000] {logging_mixin.py:120} INFO - [2025-07-13T09:47:22.911+0000] {taskmixin.py:205} WARNING - Dependency <Task(BashOperator): delete_tag>, create_tag already registered for DAG: example_complex
[2025-07-13T09:47:23.081+0000] {processor.py:766} INFO - DAG(s) dict_keys(['example_complex']) retrieved from /home/airflow/.local/lib/python3.7/site-packages/airflow/example_dags/example_complex.py
[2025-07-13T09:47:24.871+0000] {logging_mixin.py:120} INFO - [2025-07-13T09:47:24.871+0000] {manager.py:507} INFO - Created Permission View: can delete on DAG:example_complex
[2025-07-13T09:47:24.948+0000] {logging_mixin.py:120} INFO - [2025-07-13T09:47:24.948+0000] {manager.py:507} INFO - Created Permission View: can read on DAG:example_complex
[2025-07-13T09:47:25.046+0000] {logging_mixin.py:120} INFO - [2025-07-13T09:47:25.045+0000] {manager.py:507} INFO - Created Permission View: can edit on DAG:example_complex
[2025-07-13T09:47:25.057+0000] {logging_mixin.py:120} INFO - [2025-07-13T09:47:25.056+0000] {dag.py:2585} INFO - Sync 1 DAGs
[2025-07-13T09:47:25.152+0000] {logging_mixin.py:120} INFO - [2025-07-13T09:47:25.151+0000] {dag.py:2606} INFO - Creating ORM DAG for example_complex
[2025-07-13T09:47:25.219+0000] {logging_mixin.py:120} INFO - [2025-07-13T09:47:25.219+0000] {dag.py:3340} INFO - Setting next_dagrun for example_complex to None, run_after=None
[2025-07-13T09:47:25.535+0000] {processor.py:176} INFO - Processing /home/airflow/.local/lib/python3.7/site-packages/airflow/example_dags/example_complex.py took 2.745 seconds
[2025-07-13T09:48:07.789+0000] {processor.py:154} INFO - Started process (PID=103) to work on /home/airflow/.local/lib/python3.7/site-packages/airflow/example_dags/example_complex.py
[2025-07-13T09:48:07.791+0000] {processor.py:756} INFO - Processing file /home/airflow/.local/lib/python3.7/site-packages/airflow/example_dags/example_complex.py for tasks to queue
[2025-07-13T09:48:07.793+0000] {logging_mixin.py:120} INFO - [2025-07-13T09:48:07.793+0000] {dagbag.py:537} INFO - Filling up the DagBag from /home/airflow/.local/lib/python3.7/site-packages/airflow/example_dags/example_complex.py
[2025-07-13T09:48:07.833+0000] {logging_mixin.py:120} INFO - [2025-07-13T09:48:07.829+0000] {taskmixin.py:205} WARNING - Dependency <Task(BashOperator): create_entry_group>, delete_entry_group already registered for DAG: example_complex
[2025-07-13T09:48:07.834+0000] {logging_mixin.py:120} INFO - [2025-07-13T09:48:07.834+0000] {taskmixin.py:205} WARNING - Dependency <Task(BashOperator): delete_entry_group>, create_entry_group already registered for DAG: example_complex
[2025-07-13T09:48:07.835+0000] {logging_mixin.py:120} INFO - [2025-07-13T09:48:07.835+0000] {taskmixin.py:205} WARNING - Dependency <Task(BashOperator): create_entry_gcs>, delete_entry already registered for DAG: example_complex
[2025-07-13T09:48:07.836+0000] {logging_mixin.py:120} INFO - [2025-07-13T09:48:07.836+0000] {taskmixin.py:205} WARNING - Dependency <Task(BashOperator): delete_entry>, create_entry_gcs already registered for DAG: example_complex
[2025-07-13T09:48:07.837+0000] {logging_mixin.py:120} INFO - [2025-07-13T09:48:07.837+0000] {taskmixin.py:205} WARNING - Dependency <Task(BashOperator): create_tag>, delete_tag already registered for DAG: example_complex
[2025-07-13T09:48:07.838+0000] {logging_mixin.py:120} INFO - [2025-07-13T09:48:07.838+0000] {taskmixin.py:205} WARNING - Dependency <Task(BashOperator): delete_tag>, create_tag already registered for DAG: example_complex
[2025-07-13T09:48:07.863+0000] {processor.py:766} INFO - DAG(s) dict_keys(['example_complex']) retrieved from /home/airflow/.local/lib/python3.7/site-packages/airflow/example_dags/example_complex.py
[2025-07-13T09:48:08.055+0000] {logging_mixin.py:120} INFO - [2025-07-13T09:48:08.054+0000] {dag.py:2585} INFO - Sync 1 DAGs
[2025-07-13T09:48:08.104+0000] {logging_mixin.py:120} INFO - [2025-07-13T09:48:08.104+0000] {dag.py:3340} INFO - Setting next_dagrun for example_complex to None, run_after=None
[2025-07-13T09:48:08.176+0000] {processor.py:176} INFO - Processing /home/airflow/.local/lib/python3.7/site-packages/airflow/example_dags/example_complex.py took 0.398 seconds
[2025-07-13T09:48:39.309+0000] {processor.py:154} INFO - Started process (PID=159) to work on /home/airflow/.local/lib/python3.7/site-packages/airflow/example_dags/example_complex.py
[2025-07-13T09:48:39.311+0000] {processor.py:756} INFO - Processing file /home/airflow/.local/lib/python3.7/site-packages/airflow/example_dags/example_complex.py for tasks to queue
[2025-07-13T09:48:39.313+0000] {logging_mixin.py:120} INFO - [2025-07-13T09:48:39.313+0000] {dagbag.py:537} INFO - Filling up the DagBag from /home/airflow/.local/lib/python3.7/site-packages/airflow/example_dags/example_complex.py
[2025-07-13T09:48:39.357+0000] {logging_mixin.py:120} INFO - [2025-07-13T09:48:39.357+0000] {taskmixin.py:205} WARNING - Dependency <Task(BashOperator): create_entry_group>, delete_entry_group already registered for DAG: example_complex
[2025-07-13T09:48:39.358+0000] {logging_mixin.py:120} INFO - [2025-07-13T09:48:39.358+0000] {taskmixin.py:205} WARNING - Dependency <Task(BashOperator): delete_entry_group>, create_entry_group already registered for DAG: example_complex
[2025-07-13T09:48:39.360+0000] {logging_mixin.py:120} INFO - [2025-07-13T09:48:39.360+0000] {taskmixin.py:205} WARNING - Dependency <Task(BashOperator): create_entry_gcs>, delete_entry already registered for DAG: example_complex
[2025-07-13T09:48:39.366+0000] {logging_mixin.py:120} INFO - [2025-07-13T09:48:39.362+0000] {taskmixin.py:205} WARNING - Dependency <Task(BashOperator): delete_entry>, create_entry_gcs already registered for DAG: example_complex
[2025-07-13T09:48:39.370+0000] {logging_mixin.py:120} INFO - [2025-07-13T09:48:39.370+0000] {taskmixin.py:205} WARNING - Dependency <Task(BashOperator): create_tag>, delete_tag already registered for DAG: example_complex
[2025-07-13T09:48:39.373+0000] {logging_mixin.py:120} INFO - [2025-07-13T09:48:39.372+0000] {taskmixin.py:205} WARNING - Dependency <Task(BashOperator): delete_tag>, create_tag already registered for DAG: example_complex
[2025-07-13T09:48:39.402+0000] {processor.py:766} INFO - DAG(s) dict_keys(['example_complex']) retrieved from /home/airflow/.local/lib/python3.7/site-packages/airflow/example_dags/example_complex.py
[2025-07-13T09:48:39.620+0000] {logging_mixin.py:120} INFO - [2025-07-13T09:48:39.620+0000] {dag.py:2585} INFO - Sync 1 DAGs
[2025-07-13T09:48:39.732+0000] {logging_mixin.py:120} INFO - [2025-07-13T09:48:39.732+0000] {dag.py:3340} INFO - Setting next_dagrun for example_complex to None, run_after=None
[2025-07-13T09:48:39.788+0000] {processor.py:176} INFO - Processing /home/airflow/.local/lib/python3.7/site-packages/airflow/example_dags/example_complex.py took 0.487 seconds
[2025-07-13T09:49:09.887+0000] {processor.py:154} INFO - Started process (PID=215) to work on /home/airflow/.local/lib/python3.7/site-packages/airflow/example_dags/example_complex.py
[2025-07-13T09:49:09.892+0000] {processor.py:756} INFO - Processing file /home/airflow/.local/lib/python3.7/site-packages/airflow/example_dags/example_complex.py for tasks to queue
[2025-07-13T09:49:09.894+0000] {logging_mixin.py:120} INFO - [2025-07-13T09:49:09.894+0000] {dagbag.py:537} INFO - Filling up the DagBag from /home/airflow/.local/lib/python3.7/site-packages/airflow/example_dags/example_complex.py
[2025-07-13T09:49:09.934+0000] {logging_mixin.py:120} INFO - [2025-07-13T09:49:09.934+0000] {taskmixin.py:205} WARNING - Dependency <Task(BashOperator): create_entry_group>, delete_entry_group already registered for DAG: example_complex
[2025-07-13T09:49:09.936+0000] {logging_mixin.py:120} INFO - [2025-07-13T09:49:09.935+0000] {taskmixin.py:205} WARNING - Dependency <Task(BashOperator): delete_entry_group>, create_entry_group already registered for DAG: example_complex
[2025-07-13T09:49:09.937+0000] {logging_mixin.py:120} INFO - [2025-07-13T09:49:09.937+0000] {taskmixin.py:205} WARNING - Dependency <Task(BashOperator): create_entry_gcs>, delete_entry already registered for DAG: example_complex
[2025-07-13T09:49:09.938+0000] {logging_mixin.py:120} INFO - [2025-07-13T09:49:09.937+0000] {taskmixin.py:205} WARNING - Dependency <Task(BashOperator): delete_entry>, create_entry_gcs already registered for DAG: example_complex
[2025-07-13T09:49:09.939+0000] {logging_mixin.py:120} INFO - [2025-07-13T09:49:09.939+0000] {taskmixin.py:205} WARNING - Dependency <Task(BashOperator): create_tag>, delete_tag already registered for DAG: example_complex
[2025-07-13T09:49:09.941+0000] {logging_mixin.py:120} INFO - [2025-07-13T09:49:09.941+0000] {taskmixin.py:205} WARNING - Dependency <Task(BashOperator): delete_tag>, create_tag already registered for DAG: example_complex
[2025-07-13T09:49:09.954+0000] {processor.py:766} INFO - DAG(s) dict_keys(['example_complex']) retrieved from /home/airflow/.local/lib/python3.7/site-packages/airflow/example_dags/example_complex.py
[2025-07-13T09:49:10.062+0000] {logging_mixin.py:120} INFO - [2025-07-13T09:49:10.062+0000] {dag.py:2585} INFO - Sync 1 DAGs
[2025-07-13T09:49:10.165+0000] {logging_mixin.py:120} INFO - [2025-07-13T09:49:10.165+0000] {dag.py:3340} INFO - Setting next_dagrun for example_complex to None, run_after=None
[2025-07-13T09:49:10.260+0000] {processor.py:176} INFO - Processing /home/airflow/.local/lib/python3.7/site-packages/airflow/example_dags/example_complex.py took 0.381 seconds
[2025-07-13T09:49:41.428+0000] {processor.py:154} INFO - Started process (PID=268) to work on /home/airflow/.local/lib/python3.7/site-packages/airflow/example_dags/example_complex.py
[2025-07-13T09:49:41.471+0000] {processor.py:756} INFO - Processing file /home/airflow/.local/lib/python3.7/site-packages/airflow/example_dags/example_complex.py for tasks to queue
[2025-07-13T09:49:41.485+0000] {logging_mixin.py:120} INFO - [2025-07-13T09:49:41.478+0000] {dagbag.py:537} INFO - Filling up the DagBag from /home/airflow/.local/lib/python3.7/site-packages/airflow/example_dags/example_complex.py
[2025-07-13T09:49:41.705+0000] {logging_mixin.py:120} INFO - [2025-07-13T09:49:41.704+0000] {taskmixin.py:205} WARNING - Dependency <Task(BashOperator): create_entry_group>, delete_entry_group already registered for DAG: example_complex
[2025-07-13T09:49:41.762+0000] {logging_mixin.py:120} INFO - [2025-07-13T09:49:41.731+0000] {taskmixin.py:205} WARNING - Dependency <Task(BashOperator): delete_entry_group>, create_entry_group already registered for DAG: example_complex
[2025-07-13T09:49:41.817+0000] {logging_mixin.py:120} INFO - [2025-07-13T09:49:41.816+0000] {taskmixin.py:205} WARNING - Dependency <Task(BashOperator): create_entry_gcs>, delete_entry already registered for DAG: example_complex
[2025-07-13T09:49:41.839+0000] {logging_mixin.py:120} INFO - [2025-07-13T09:49:41.839+0000] {taskmixin.py:205} WARNING - Dependency <Task(BashOperator): delete_entry>, create_entry_gcs already registered for DAG: example_complex
[2025-07-13T09:49:41.847+0000] {logging_mixin.py:120} INFO - [2025-07-13T09:49:41.847+0000] {taskmixin.py:205} WARNING - Dependency <Task(BashOperator): create_tag>, delete_tag already registered for DAG: example_complex
[2025-07-13T09:49:41.860+0000] {logging_mixin.py:120} INFO - [2025-07-13T09:49:41.860+0000] {taskmixin.py:205} WARNING - Dependency <Task(BashOperator): delete_tag>, create_tag already registered for DAG: example_complex
[2025-07-13T09:49:41.907+0000] {processor.py:766} INFO - DAG(s) dict_keys(['example_complex']) retrieved from /home/airflow/.local/lib/python3.7/site-packages/airflow/example_dags/example_complex.py
[2025-07-13T09:49:42.109+0000] {logging_mixin.py:120} INFO - [2025-07-13T09:49:42.108+0000] {dag.py:2585} INFO - Sync 1 DAGs
[2025-07-13T09:49:42.202+0000] {logging_mixin.py:120} INFO - [2025-07-13T09:49:42.202+0000] {dag.py:3340} INFO - Setting next_dagrun for example_complex to None, run_after=None
[2025-07-13T09:49:42.289+0000] {processor.py:176} INFO - Processing /home/airflow/.local/lib/python3.7/site-packages/airflow/example_dags/example_complex.py took 0.882 seconds
[2025-07-13T09:50:13.171+0000] {processor.py:154} INFO - Started process (PID=331) to work on /home/airflow/.local/lib/python3.7/site-packages/airflow/example_dags/example_complex.py
[2025-07-13T09:50:13.173+0000] {processor.py:756} INFO - Processing file /home/airflow/.local/lib/python3.7/site-packages/airflow/example_dags/example_complex.py for tasks to queue
[2025-07-13T09:50:13.182+0000] {logging_mixin.py:120} INFO - [2025-07-13T09:50:13.181+0000] {dagbag.py:537} INFO - Filling up the DagBag from /home/airflow/.local/lib/python3.7/site-packages/airflow/example_dags/example_complex.py
[2025-07-13T09:50:13.223+0000] {logging_mixin.py:120} INFO - [2025-07-13T09:50:13.223+0000] {taskmixin.py:205} WARNING - Dependency <Task(BashOperator): create_entry_group>, delete_entry_group already registered for DAG: example_complex
[2025-07-13T09:50:13.224+0000] {logging_mixin.py:120} INFO - [2025-07-13T09:50:13.224+0000] {taskmixin.py:205} WARNING - Dependency <Task(BashOperator): delete_entry_group>, create_entry_group already registered for DAG: example_complex
[2025-07-13T09:50:13.228+0000] {logging_mixin.py:120} INFO - [2025-07-13T09:50:13.225+0000] {taskmixin.py:205} WARNING - Dependency <Task(BashOperator): create_entry_gcs>, delete_entry already registered for DAG: example_complex
[2025-07-13T09:50:13.229+0000] {logging_mixin.py:120} INFO - [2025-07-13T09:50:13.229+0000] {taskmixin.py:205} WARNING - Dependency <Task(BashOperator): delete_entry>, create_entry_gcs already registered for DAG: example_complex
[2025-07-13T09:50:13.233+0000] {logging_mixin.py:120} INFO - [2025-07-13T09:50:13.231+0000] {taskmixin.py:205} WARNING - Dependency <Task(BashOperator): create_tag>, delete_tag already registered for DAG: example_complex
[2025-07-13T09:50:13.235+0000] {logging_mixin.py:120} INFO - [2025-07-13T09:50:13.235+0000] {taskmixin.py:205} WARNING - Dependency <Task(BashOperator): delete_tag>, create_tag already registered for DAG: example_complex
[2025-07-13T09:50:13.259+0000] {processor.py:766} INFO - DAG(s) dict_keys(['example_complex']) retrieved from /home/airflow/.local/lib/python3.7/site-packages/airflow/example_dags/example_complex.py
[2025-07-13T09:50:13.399+0000] {logging_mixin.py:120} INFO - [2025-07-13T09:50:13.398+0000] {dag.py:2585} INFO - Sync 1 DAGs
[2025-07-13T09:50:13.465+0000] {logging_mixin.py:120} INFO - [2025-07-13T09:50:13.464+0000] {dag.py:3340} INFO - Setting next_dagrun for example_complex to None, run_after=None
[2025-07-13T09:50:13.521+0000] {processor.py:176} INFO - Processing /home/airflow/.local/lib/python3.7/site-packages/airflow/example_dags/example_complex.py took 0.361 seconds
[2025-07-13T09:50:44.585+0000] {processor.py:154} INFO - Started process (PID=383) to work on /home/airflow/.local/lib/python3.7/site-packages/airflow/example_dags/example_complex.py
[2025-07-13T09:50:44.591+0000] {processor.py:756} INFO - Processing file /home/airflow/.local/lib/python3.7/site-packages/airflow/example_dags/example_complex.py for tasks to queue
[2025-07-13T09:50:44.593+0000] {logging_mixin.py:120} INFO - [2025-07-13T09:50:44.593+0000] {dagbag.py:537} INFO - Filling up the DagBag from /home/airflow/.local/lib/python3.7/site-packages/airflow/example_dags/example_complex.py
[2025-07-13T09:50:44.641+0000] {logging_mixin.py:120} INFO - [2025-07-13T09:50:44.641+0000] {taskmixin.py:205} WARNING - Dependency <Task(BashOperator): create_entry_group>, delete_entry_group already registered for DAG: example_complex
[2025-07-13T09:50:44.642+0000] {logging_mixin.py:120} INFO - [2025-07-13T09:50:44.642+0000] {taskmixin.py:205} WARNING - Dependency <Task(BashOperator): delete_entry_group>, create_entry_group already registered for DAG: example_complex
[2025-07-13T09:50:44.644+0000] {logging_mixin.py:120} INFO - [2025-07-13T09:50:44.644+0000] {taskmixin.py:205} WARNING - Dependency <Task(BashOperator): create_entry_gcs>, delete_entry already registered for DAG: example_complex
[2025-07-13T09:50:44.646+0000] {logging_mixin.py:120} INFO - [2025-07-13T09:50:44.645+0000] {taskmixin.py:205} WARNING - Dependency <Task(BashOperator): delete_entry>, create_entry_gcs already registered for DAG: example_complex
[2025-07-13T09:50:44.648+0000] {logging_mixin.py:120} INFO - [2025-07-13T09:50:44.648+0000] {taskmixin.py:205} WARNING - Dependency <Task(BashOperator): create_tag>, delete_tag already registered for DAG: example_complex
[2025-07-13T09:50:44.650+0000] {logging_mixin.py:120} INFO - [2025-07-13T09:50:44.650+0000] {taskmixin.py:205} WARNING - Dependency <Task(BashOperator): delete_tag>, create_tag already registered for DAG: example_complex
[2025-07-13T09:50:44.675+0000] {processor.py:766} INFO - DAG(s) dict_keys(['example_complex']) retrieved from /home/airflow/.local/lib/python3.7/site-packages/airflow/example_dags/example_complex.py
[2025-07-13T09:50:44.913+0000] {logging_mixin.py:120} INFO - [2025-07-13T09:50:44.913+0000] {dag.py:2585} INFO - Sync 1 DAGs
[2025-07-13T09:50:44.995+0000] {logging_mixin.py:120} INFO - [2025-07-13T09:50:44.995+0000] {dag.py:3340} INFO - Setting next_dagrun for example_complex to None, run_after=None
[2025-07-13T09:50:45.050+0000] {processor.py:176} INFO - Processing /home/airflow/.local/lib/python3.7/site-packages/airflow/example_dags/example_complex.py took 0.473 seconds
[2025-07-13T09:51:19.441+0000] {processor.py:154} INFO - Started process (PID=437) to work on /home/airflow/.local/lib/python3.7/site-packages/airflow/example_dags/example_complex.py
[2025-07-13T09:51:19.476+0000] {processor.py:756} INFO - Processing file /home/airflow/.local/lib/python3.7/site-packages/airflow/example_dags/example_complex.py for tasks to queue
[2025-07-13T09:51:19.505+0000] {logging_mixin.py:120} INFO - [2025-07-13T09:51:19.505+0000] {dagbag.py:537} INFO - Filling up the DagBag from /home/airflow/.local/lib/python3.7/site-packages/airflow/example_dags/example_complex.py
[2025-07-13T09:51:19.924+0000] {logging_mixin.py:120} INFO - [2025-07-13T09:51:19.897+0000] {taskmixin.py:205} WARNING - Dependency <Task(BashOperator): create_entry_group>, delete_entry_group already registered for DAG: example_complex
[2025-07-13T09:51:19.928+0000] {logging_mixin.py:120} INFO - [2025-07-13T09:51:19.927+0000] {taskmixin.py:205} WARNING - Dependency <Task(BashOperator): delete_entry_group>, create_entry_group already registered for DAG: example_complex
[2025-07-13T09:51:19.934+0000] {logging_mixin.py:120} INFO - [2025-07-13T09:51:19.933+0000] {taskmixin.py:205} WARNING - Dependency <Task(BashOperator): create_entry_gcs>, delete_entry already registered for DAG: example_complex
[2025-07-13T09:51:19.949+0000] {logging_mixin.py:120} INFO - [2025-07-13T09:51:19.948+0000] {taskmixin.py:205} WARNING - Dependency <Task(BashOperator): delete_entry>, create_entry_gcs already registered for DAG: example_complex
[2025-07-13T09:51:19.951+0000] {logging_mixin.py:120} INFO - [2025-07-13T09:51:19.951+0000] {taskmixin.py:205} WARNING - Dependency <Task(BashOperator): create_tag>, delete_tag already registered for DAG: example_complex
[2025-07-13T09:51:19.970+0000] {logging_mixin.py:120} INFO - [2025-07-13T09:51:19.970+0000] {taskmixin.py:205} WARNING - Dependency <Task(BashOperator): delete_tag>, create_tag already registered for DAG: example_complex
[2025-07-13T09:51:20.262+0000] {processor.py:766} INFO - DAG(s) dict_keys(['example_complex']) retrieved from /home/airflow/.local/lib/python3.7/site-packages/airflow/example_dags/example_complex.py
[2025-07-13T09:51:20.728+0000] {logging_mixin.py:120} INFO - [2025-07-13T09:51:20.727+0000] {dag.py:2585} INFO - Sync 1 DAGs
[2025-07-13T09:51:21.098+0000] {logging_mixin.py:120} INFO - [2025-07-13T09:51:21.097+0000] {dag.py:3340} INFO - Setting next_dagrun for example_complex to None, run_after=None
[2025-07-13T09:51:21.439+0000] {processor.py:176} INFO - Processing /home/airflow/.local/lib/python3.7/site-packages/airflow/example_dags/example_complex.py took 2.036 seconds
[2025-07-13T09:51:52.116+0000] {processor.py:154} INFO - Started process (PID=484) to work on /home/airflow/.local/lib/python3.7/site-packages/airflow/example_dags/example_complex.py
[2025-07-13T09:51:52.117+0000] {processor.py:756} INFO - Processing file /home/airflow/.local/lib/python3.7/site-packages/airflow/example_dags/example_complex.py for tasks to queue
[2025-07-13T09:51:52.118+0000] {logging_mixin.py:120} INFO - [2025-07-13T09:51:52.118+0000] {dagbag.py:537} INFO - Filling up the DagBag from /home/airflow/.local/lib/python3.7/site-packages/airflow/example_dags/example_complex.py
[2025-07-13T09:51:52.196+0000] {logging_mixin.py:120} INFO - [2025-07-13T09:51:52.196+0000] {taskmixin.py:205} WARNING - Dependency <Task(BashOperator): create_entry_group>, delete_entry_group already registered for DAG: example_complex
[2025-07-13T09:51:52.202+0000] {logging_mixin.py:120} INFO - [2025-07-13T09:51:52.202+0000] {taskmixin.py:205} WARNING - Dependency <Task(BashOperator): delete_entry_group>, create_entry_group already registered for DAG: example_complex
[2025-07-13T09:51:52.208+0000] {logging_mixin.py:120} INFO - [2025-07-13T09:51:52.207+0000] {taskmixin.py:205} WARNING - Dependency <Task(BashOperator): create_entry_gcs>, delete_entry already registered for DAG: example_complex
[2025-07-13T09:51:52.209+0000] {logging_mixin.py:120} INFO - [2025-07-13T09:51:52.209+0000] {taskmixin.py:205} WARNING - Dependency <Task(BashOperator): delete_entry>, create_entry_gcs already registered for DAG: example_complex
[2025-07-13T09:51:52.210+0000] {logging_mixin.py:120} INFO - [2025-07-13T09:51:52.210+0000] {taskmixin.py:205} WARNING - Dependency <Task(BashOperator): create_tag>, delete_tag already registered for DAG: example_complex
[2025-07-13T09:51:52.211+0000] {logging_mixin.py:120} INFO - [2025-07-13T09:51:52.211+0000] {taskmixin.py:205} WARNING - Dependency <Task(BashOperator): delete_tag>, create_tag already registered for DAG: example_complex
[2025-07-13T09:51:52.226+0000] {processor.py:766} INFO - DAG(s) dict_keys(['example_complex']) retrieved from /home/airflow/.local/lib/python3.7/site-packages/airflow/example_dags/example_complex.py
[2025-07-13T09:51:52.393+0000] {logging_mixin.py:120} INFO - [2025-07-13T09:51:52.393+0000] {dag.py:2585} INFO - Sync 1 DAGs
[2025-07-13T09:51:52.518+0000] {logging_mixin.py:120} INFO - [2025-07-13T09:51:52.518+0000] {dag.py:3340} INFO - Setting next_dagrun for example_complex to None, run_after=None
[2025-07-13T09:51:52.771+0000] {processor.py:176} INFO - Processing /home/airflow/.local/lib/python3.7/site-packages/airflow/example_dags/example_complex.py took 0.666 seconds
[2025-07-13T09:52:24.137+0000] {processor.py:154} INFO - Started process (PID=536) to work on /home/airflow/.local/lib/python3.7/site-packages/airflow/example_dags/example_complex.py
[2025-07-13T09:52:24.140+0000] {processor.py:756} INFO - Processing file /home/airflow/.local/lib/python3.7/site-packages/airflow/example_dags/example_complex.py for tasks to queue
[2025-07-13T09:52:24.167+0000] {logging_mixin.py:120} INFO - [2025-07-13T09:52:24.166+0000] {dagbag.py:537} INFO - Filling up the DagBag from /home/airflow/.local/lib/python3.7/site-packages/airflow/example_dags/example_complex.py
[2025-07-13T09:52:24.256+0000] {logging_mixin.py:120} INFO - [2025-07-13T09:52:24.256+0000] {taskmixin.py:205} WARNING - Dependency <Task(BashOperator): create_entry_group>, delete_entry_group already registered for DAG: example_complex
[2025-07-13T09:52:24.344+0000] {logging_mixin.py:120} INFO - [2025-07-13T09:52:24.344+0000] {taskmixin.py:205} WARNING - Dependency <Task(BashOperator): delete_entry_group>, create_entry_group already registered for DAG: example_complex
[2025-07-13T09:52:24.395+0000] {logging_mixin.py:120} INFO - [2025-07-13T09:52:24.394+0000] {taskmixin.py:205} WARNING - Dependency <Task(BashOperator): create_entry_gcs>, delete_entry already registered for DAG: example_complex
[2025-07-13T09:52:24.399+0000] {logging_mixin.py:120} INFO - [2025-07-13T09:52:24.398+0000] {taskmixin.py:205} WARNING - Dependency <Task(BashOperator): delete_entry>, create_entry_gcs already registered for DAG: example_complex
[2025-07-13T09:52:24.400+0000] {logging_mixin.py:120} INFO - [2025-07-13T09:52:24.400+0000] {taskmixin.py:205} WARNING - Dependency <Task(BashOperator): create_tag>, delete_tag already registered for DAG: example_complex
[2025-07-13T09:52:24.416+0000] {logging_mixin.py:120} INFO - [2025-07-13T09:52:24.416+0000] {taskmixin.py:205} WARNING - Dependency <Task(BashOperator): delete_tag>, create_tag already registered for DAG: example_complex
[2025-07-13T09:52:24.503+0000] {processor.py:766} INFO - DAG(s) dict_keys(['example_complex']) retrieved from /home/airflow/.local/lib/python3.7/site-packages/airflow/example_dags/example_complex.py
[2025-07-13T09:52:24.803+0000] {logging_mixin.py:120} INFO - [2025-07-13T09:52:24.803+0000] {dag.py:2585} INFO - Sync 1 DAGs
[2025-07-13T09:52:25.005+0000] {logging_mixin.py:120} INFO - [2025-07-13T09:52:25.005+0000] {dag.py:3340} INFO - Setting next_dagrun for example_complex to None, run_after=None
[2025-07-13T09:52:25.129+0000] {processor.py:176} INFO - Processing /home/airflow/.local/lib/python3.7/site-packages/airflow/example_dags/example_complex.py took 1.018 seconds
[2025-07-13T09:52:55.544+0000] {processor.py:154} INFO - Started process (PID=591) to work on /home/airflow/.local/lib/python3.7/site-packages/airflow/example_dags/example_complex.py
[2025-07-13T09:52:55.546+0000] {processor.py:756} INFO - Processing file /home/airflow/.local/lib/python3.7/site-packages/airflow/example_dags/example_complex.py for tasks to queue
[2025-07-13T09:52:55.547+0000] {logging_mixin.py:120} INFO - [2025-07-13T09:52:55.547+0000] {dagbag.py:537} INFO - Filling up the DagBag from /home/airflow/.local/lib/python3.7/site-packages/airflow/example_dags/example_complex.py
[2025-07-13T09:52:55.569+0000] {logging_mixin.py:120} INFO - [2025-07-13T09:52:55.569+0000] {taskmixin.py:205} WARNING - Dependency <Task(BashOperator): create_entry_group>, delete_entry_group already registered for DAG: example_complex
[2025-07-13T09:52:55.573+0000] {logging_mixin.py:120} INFO - [2025-07-13T09:52:55.572+0000] {taskmixin.py:205} WARNING - Dependency <Task(BashOperator): delete_entry_group>, create_entry_group already registered for DAG: example_complex
[2025-07-13T09:52:55.577+0000] {logging_mixin.py:120} INFO - [2025-07-13T09:52:55.577+0000] {taskmixin.py:205} WARNING - Dependency <Task(BashOperator): create_entry_gcs>, delete_entry already registered for DAG: example_complex
[2025-07-13T09:52:55.578+0000] {logging_mixin.py:120} INFO - [2025-07-13T09:52:55.578+0000] {taskmixin.py:205} WARNING - Dependency <Task(BashOperator): delete_entry>, create_entry_gcs already registered for DAG: example_complex
[2025-07-13T09:52:55.579+0000] {logging_mixin.py:120} INFO - [2025-07-13T09:52:55.579+0000] {taskmixin.py:205} WARNING - Dependency <Task(BashOperator): create_tag>, delete_tag already registered for DAG: example_complex
[2025-07-13T09:52:55.579+0000] {logging_mixin.py:120} INFO - [2025-07-13T09:52:55.579+0000] {taskmixin.py:205} WARNING - Dependency <Task(BashOperator): delete_tag>, create_tag already registered for DAG: example_complex
[2025-07-13T09:52:55.593+0000] {processor.py:766} INFO - DAG(s) dict_keys(['example_complex']) retrieved from /home/airflow/.local/lib/python3.7/site-packages/airflow/example_dags/example_complex.py
[2025-07-13T09:52:55.789+0000] {logging_mixin.py:120} INFO - [2025-07-13T09:52:55.788+0000] {dag.py:2585} INFO - Sync 1 DAGs
[2025-07-13T09:52:55.847+0000] {logging_mixin.py:120} INFO - [2025-07-13T09:52:55.846+0000] {dag.py:3340} INFO - Setting next_dagrun for example_complex to None, run_after=None
[2025-07-13T09:52:55.926+0000] {processor.py:176} INFO - Processing /home/airflow/.local/lib/python3.7/site-packages/airflow/example_dags/example_complex.py took 0.388 seconds
[2025-07-13T09:53:26.193+0000] {processor.py:154} INFO - Started process (PID=654) to work on /home/airflow/.local/lib/python3.7/site-packages/airflow/example_dags/example_complex.py
[2025-07-13T09:53:26.196+0000] {processor.py:756} INFO - Processing file /home/airflow/.local/lib/python3.7/site-packages/airflow/example_dags/example_complex.py for tasks to queue
[2025-07-13T09:53:26.198+0000] {logging_mixin.py:120} INFO - [2025-07-13T09:53:26.197+0000] {dagbag.py:537} INFO - Filling up the DagBag from /home/airflow/.local/lib/python3.7/site-packages/airflow/example_dags/example_complex.py
[2025-07-13T09:53:26.228+0000] {logging_mixin.py:120} INFO - [2025-07-13T09:53:26.228+0000] {taskmixin.py:205} WARNING - Dependency <Task(BashOperator): create_entry_group>, delete_entry_group already registered for DAG: example_complex
[2025-07-13T09:53:26.231+0000] {logging_mixin.py:120} INFO - [2025-07-13T09:53:26.231+0000] {taskmixin.py:205} WARNING - Dependency <Task(BashOperator): delete_entry_group>, create_entry_group already registered for DAG: example_complex
[2025-07-13T09:53:26.233+0000] {logging_mixin.py:120} INFO - [2025-07-13T09:53:26.233+0000] {taskmixin.py:205} WARNING - Dependency <Task(BashOperator): create_entry_gcs>, delete_entry already registered for DAG: example_complex
[2025-07-13T09:53:26.235+0000] {logging_mixin.py:120} INFO - [2025-07-13T09:53:26.235+0000] {taskmixin.py:205} WARNING - Dependency <Task(BashOperator): delete_entry>, create_entry_gcs already registered for DAG: example_complex
[2025-07-13T09:53:26.237+0000] {logging_mixin.py:120} INFO - [2025-07-13T09:53:26.236+0000] {taskmixin.py:205} WARNING - Dependency <Task(BashOperator): create_tag>, delete_tag already registered for DAG: example_complex
[2025-07-13T09:53:26.237+0000] {logging_mixin.py:120} INFO - [2025-07-13T09:53:26.237+0000] {taskmixin.py:205} WARNING - Dependency <Task(BashOperator): delete_tag>, create_tag already registered for DAG: example_complex
[2025-07-13T09:53:26.261+0000] {processor.py:766} INFO - DAG(s) dict_keys(['example_complex']) retrieved from /home/airflow/.local/lib/python3.7/site-packages/airflow/example_dags/example_complex.py
[2025-07-13T09:53:26.629+0000] {logging_mixin.py:120} INFO - [2025-07-13T09:53:26.629+0000] {dag.py:2585} INFO - Sync 1 DAGs
[2025-07-13T09:53:26.780+0000] {logging_mixin.py:120} INFO - [2025-07-13T09:53:26.780+0000] {dag.py:3340} INFO - Setting next_dagrun for example_complex to None, run_after=None
[2025-07-13T09:53:26.953+0000] {processor.py:176} INFO - Processing /home/airflow/.local/lib/python3.7/site-packages/airflow/example_dags/example_complex.py took 0.763 seconds
[2025-07-13T09:53:58.282+0000] {processor.py:154} INFO - Started process (PID=709) to work on /home/airflow/.local/lib/python3.7/site-packages/airflow/example_dags/example_complex.py
[2025-07-13T09:53:58.284+0000] {processor.py:756} INFO - Processing file /home/airflow/.local/lib/python3.7/site-packages/airflow/example_dags/example_complex.py for tasks to queue
[2025-07-13T09:53:58.292+0000] {logging_mixin.py:120} INFO - [2025-07-13T09:53:58.289+0000] {dagbag.py:537} INFO - Filling up the DagBag from /home/airflow/.local/lib/python3.7/site-packages/airflow/example_dags/example_complex.py
[2025-07-13T09:53:58.332+0000] {logging_mixin.py:120} INFO - [2025-07-13T09:53:58.332+0000] {taskmixin.py:205} WARNING - Dependency <Task(BashOperator): create_entry_group>, delete_entry_group already registered for DAG: example_complex
[2025-07-13T09:53:58.333+0000] {logging_mixin.py:120} INFO - [2025-07-13T09:53:58.333+0000] {taskmixin.py:205} WARNING - Dependency <Task(BashOperator): delete_entry_group>, create_entry_group already registered for DAG: example_complex
[2025-07-13T09:53:58.334+0000] {logging_mixin.py:120} INFO - [2025-07-13T09:53:58.334+0000] {taskmixin.py:205} WARNING - Dependency <Task(BashOperator): create_entry_gcs>, delete_entry already registered for DAG: example_complex
[2025-07-13T09:53:58.335+0000] {logging_mixin.py:120} INFO - [2025-07-13T09:53:58.334+0000] {taskmixin.py:205} WARNING - Dependency <Task(BashOperator): delete_entry>, create_entry_gcs already registered for DAG: example_complex
[2025-07-13T09:53:58.335+0000] {logging_mixin.py:120} INFO - [2025-07-13T09:53:58.335+0000] {taskmixin.py:205} WARNING - Dependency <Task(BashOperator): create_tag>, delete_tag already registered for DAG: example_complex
[2025-07-13T09:53:58.336+0000] {logging_mixin.py:120} INFO - [2025-07-13T09:53:58.336+0000] {taskmixin.py:205} WARNING - Dependency <Task(BashOperator): delete_tag>, create_tag already registered for DAG: example_complex
[2025-07-13T09:53:58.353+0000] {processor.py:766} INFO - DAG(s) dict_keys(['example_complex']) retrieved from /home/airflow/.local/lib/python3.7/site-packages/airflow/example_dags/example_complex.py
[2025-07-13T09:53:58.443+0000] {logging_mixin.py:120} INFO - [2025-07-13T09:53:58.443+0000] {dag.py:2585} INFO - Sync 1 DAGs
[2025-07-13T09:53:58.499+0000] {logging_mixin.py:120} INFO - [2025-07-13T09:53:58.499+0000] {dag.py:3340} INFO - Setting next_dagrun for example_complex to None, run_after=None
[2025-07-13T09:53:58.536+0000] {processor.py:176} INFO - Processing /home/airflow/.local/lib/python3.7/site-packages/airflow/example_dags/example_complex.py took 0.266 seconds
[2025-07-13T09:54:28.936+0000] {processor.py:154} INFO - Started process (PID=760) to work on /home/airflow/.local/lib/python3.7/site-packages/airflow/example_dags/example_complex.py
[2025-07-13T09:54:28.939+0000] {processor.py:756} INFO - Processing file /home/airflow/.local/lib/python3.7/site-packages/airflow/example_dags/example_complex.py for tasks to queue
[2025-07-13T09:54:28.943+0000] {logging_mixin.py:120} INFO - [2025-07-13T09:54:28.943+0000] {dagbag.py:537} INFO - Filling up the DagBag from /home/airflow/.local/lib/python3.7/site-packages/airflow/example_dags/example_complex.py
[2025-07-13T09:54:29.031+0000] {logging_mixin.py:120} INFO - [2025-07-13T09:54:29.031+0000] {taskmixin.py:205} WARNING - Dependency <Task(BashOperator): create_entry_group>, delete_entry_group already registered for DAG: example_complex
[2025-07-13T09:54:29.085+0000] {logging_mixin.py:120} INFO - [2025-07-13T09:54:29.085+0000] {taskmixin.py:205} WARNING - Dependency <Task(BashOperator): delete_entry_group>, create_entry_group already registered for DAG: example_complex
[2025-07-13T09:54:29.158+0000] {logging_mixin.py:120} INFO - [2025-07-13T09:54:29.158+0000] {taskmixin.py:205} WARNING - Dependency <Task(BashOperator): create_entry_gcs>, delete_entry already registered for DAG: example_complex
[2025-07-13T09:54:29.220+0000] {logging_mixin.py:120} INFO - [2025-07-13T09:54:29.220+0000] {taskmixin.py:205} WARNING - Dependency <Task(BashOperator): delete_entry>, create_entry_gcs already registered for DAG: example_complex
[2025-07-13T09:54:29.265+0000] {logging_mixin.py:120} INFO - [2025-07-13T09:54:29.265+0000] {taskmixin.py:205} WARNING - Dependency <Task(BashOperator): create_tag>, delete_tag already registered for DAG: example_complex
[2025-07-13T09:54:29.313+0000] {logging_mixin.py:120} INFO - [2025-07-13T09:54:29.312+0000] {taskmixin.py:205} WARNING - Dependency <Task(BashOperator): delete_tag>, create_tag already registered for DAG: example_complex
[2025-07-13T09:54:29.399+0000] {processor.py:766} INFO - DAG(s) dict_keys(['example_complex']) retrieved from /home/airflow/.local/lib/python3.7/site-packages/airflow/example_dags/example_complex.py
[2025-07-13T09:54:29.702+0000] {logging_mixin.py:120} INFO - [2025-07-13T09:54:29.693+0000] {dag.py:2585} INFO - Sync 1 DAGs
[2025-07-13T09:54:29.844+0000] {logging_mixin.py:120} INFO - [2025-07-13T09:54:29.844+0000] {dag.py:3340} INFO - Setting next_dagrun for example_complex to None, run_after=None
[2025-07-13T09:54:30.009+0000] {processor.py:176} INFO - Processing /home/airflow/.local/lib/python3.7/site-packages/airflow/example_dags/example_complex.py took 1.079 seconds
[2025-07-13T09:55:00.597+0000] {processor.py:154} INFO - Started process (PID=813) to work on /home/airflow/.local/lib/python3.7/site-packages/airflow/example_dags/example_complex.py
[2025-07-13T09:55:00.599+0000] {processor.py:756} INFO - Processing file /home/airflow/.local/lib/python3.7/site-packages/airflow/example_dags/example_complex.py for tasks to queue
[2025-07-13T09:55:00.600+0000] {logging_mixin.py:120} INFO - [2025-07-13T09:55:00.600+0000] {dagbag.py:537} INFO - Filling up the DagBag from /home/airflow/.local/lib/python3.7/site-packages/airflow/example_dags/example_complex.py
[2025-07-13T09:55:00.624+0000] {logging_mixin.py:120} INFO - [2025-07-13T09:55:00.624+0000] {taskmixin.py:205} WARNING - Dependency <Task(BashOperator): create_entry_group>, delete_entry_group already registered for DAG: example_complex
[2025-07-13T09:55:00.625+0000] {logging_mixin.py:120} INFO - [2025-07-13T09:55:00.625+0000] {taskmixin.py:205} WARNING - Dependency <Task(BashOperator): delete_entry_group>, create_entry_group already registered for DAG: example_complex
[2025-07-13T09:55:00.626+0000] {logging_mixin.py:120} INFO - [2025-07-13T09:55:00.626+0000] {taskmixin.py:205} WARNING - Dependency <Task(BashOperator): create_entry_gcs>, delete_entry already registered for DAG: example_complex
[2025-07-13T09:55:00.627+0000] {logging_mixin.py:120} INFO - [2025-07-13T09:55:00.627+0000] {taskmixin.py:205} WARNING - Dependency <Task(BashOperator): delete_entry>, create_entry_gcs already registered for DAG: example_complex
[2025-07-13T09:55:00.629+0000] {logging_mixin.py:120} INFO - [2025-07-13T09:55:00.628+0000] {taskmixin.py:205} WARNING - Dependency <Task(BashOperator): create_tag>, delete_tag already registered for DAG: example_complex
[2025-07-13T09:55:00.630+0000] {logging_mixin.py:120} INFO - [2025-07-13T09:55:00.629+0000] {taskmixin.py:205} WARNING - Dependency <Task(BashOperator): delete_tag>, create_tag already registered for DAG: example_complex
[2025-07-13T09:55:00.643+0000] {processor.py:766} INFO - DAG(s) dict_keys(['example_complex']) retrieved from /home/airflow/.local/lib/python3.7/site-packages/airflow/example_dags/example_complex.py
[2025-07-13T09:55:00.708+0000] {logging_mixin.py:120} INFO - [2025-07-13T09:55:00.708+0000] {dag.py:2585} INFO - Sync 1 DAGs
[2025-07-13T09:55:00.743+0000] {logging_mixin.py:120} INFO - [2025-07-13T09:55:00.743+0000] {dag.py:3340} INFO - Setting next_dagrun for example_complex to None, run_after=None
[2025-07-13T09:55:00.780+0000] {processor.py:176} INFO - Processing /home/airflow/.local/lib/python3.7/site-packages/airflow/example_dags/example_complex.py took 0.188 seconds
[2025-07-13T09:55:31.014+0000] {processor.py:154} INFO - Started process (PID=875) to work on /home/airflow/.local/lib/python3.7/site-packages/airflow/example_dags/example_complex.py
[2025-07-13T09:55:31.016+0000] {processor.py:756} INFO - Processing file /home/airflow/.local/lib/python3.7/site-packages/airflow/example_dags/example_complex.py for tasks to queue
[2025-07-13T09:55:31.017+0000] {logging_mixin.py:120} INFO - [2025-07-13T09:55:31.017+0000] {dagbag.py:537} INFO - Filling up the DagBag from /home/airflow/.local/lib/python3.7/site-packages/airflow/example_dags/example_complex.py
[2025-07-13T09:55:31.032+0000] {logging_mixin.py:120} INFO - [2025-07-13T09:55:31.032+0000] {taskmixin.py:205} WARNING - Dependency <Task(BashOperator): create_entry_group>, delete_entry_group already registered for DAG: example_complex
[2025-07-13T09:55:31.033+0000] {logging_mixin.py:120} INFO - [2025-07-13T09:55:31.033+0000] {taskmixin.py:205} WARNING - Dependency <Task(BashOperator): delete_entry_group>, create_entry_group already registered for DAG: example_complex
[2025-07-13T09:55:31.034+0000] {logging_mixin.py:120} INFO - [2025-07-13T09:55:31.034+0000] {taskmixin.py:205} WARNING - Dependency <Task(BashOperator): create_entry_gcs>, delete_entry already registered for DAG: example_complex
[2025-07-13T09:55:31.034+0000] {logging_mixin.py:120} INFO - [2025-07-13T09:55:31.034+0000] {taskmixin.py:205} WARNING - Dependency <Task(BashOperator): delete_entry>, create_entry_gcs already registered for DAG: example_complex
[2025-07-13T09:55:31.035+0000] {logging_mixin.py:120} INFO - [2025-07-13T09:55:31.035+0000] {taskmixin.py:205} WARNING - Dependency <Task(BashOperator): create_tag>, delete_tag already registered for DAG: example_complex
[2025-07-13T09:55:31.036+0000] {logging_mixin.py:120} INFO - [2025-07-13T09:55:31.035+0000] {taskmixin.py:205} WARNING - Dependency <Task(BashOperator): delete_tag>, create_tag already registered for DAG: example_complex
[2025-07-13T09:55:31.046+0000] {processor.py:766} INFO - DAG(s) dict_keys(['example_complex']) retrieved from /home/airflow/.local/lib/python3.7/site-packages/airflow/example_dags/example_complex.py
[2025-07-13T09:55:31.115+0000] {logging_mixin.py:120} INFO - [2025-07-13T09:55:31.115+0000] {dag.py:2585} INFO - Sync 1 DAGs
[2025-07-13T09:55:31.146+0000] {logging_mixin.py:120} INFO - [2025-07-13T09:55:31.146+0000] {dag.py:3340} INFO - Setting next_dagrun for example_complex to None, run_after=None
[2025-07-13T09:55:31.183+0000] {processor.py:176} INFO - Processing /home/airflow/.local/lib/python3.7/site-packages/airflow/example_dags/example_complex.py took 0.174 seconds
[2025-07-13T09:56:01.720+0000] {processor.py:154} INFO - Started process (PID=929) to work on /home/airflow/.local/lib/python3.7/site-packages/airflow/example_dags/example_complex.py
[2025-07-13T09:56:01.722+0000] {processor.py:756} INFO - Processing file /home/airflow/.local/lib/python3.7/site-packages/airflow/example_dags/example_complex.py for tasks to queue
[2025-07-13T09:56:01.724+0000] {logging_mixin.py:120} INFO - [2025-07-13T09:56:01.724+0000] {dagbag.py:537} INFO - Filling up the DagBag from /home/airflow/.local/lib/python3.7/site-packages/airflow/example_dags/example_complex.py
[2025-07-13T09:56:01.740+0000] {logging_mixin.py:120} INFO - [2025-07-13T09:56:01.740+0000] {taskmixin.py:205} WARNING - Dependency <Task(BashOperator): create_entry_group>, delete_entry_group already registered for DAG: example_complex
[2025-07-13T09:56:01.741+0000] {logging_mixin.py:120} INFO - [2025-07-13T09:56:01.740+0000] {taskmixin.py:205} WARNING - Dependency <Task(BashOperator): delete_entry_group>, create_entry_group already registered for DAG: example_complex
[2025-07-13T09:56:01.742+0000] {logging_mixin.py:120} INFO - [2025-07-13T09:56:01.742+0000] {taskmixin.py:205} WARNING - Dependency <Task(BashOperator): create_entry_gcs>, delete_entry already registered for DAG: example_complex
[2025-07-13T09:56:01.743+0000] {logging_mixin.py:120} INFO - [2025-07-13T09:56:01.743+0000] {taskmixin.py:205} WARNING - Dependency <Task(BashOperator): delete_entry>, create_entry_gcs already registered for DAG: example_complex
[2025-07-13T09:56:01.744+0000] {logging_mixin.py:120} INFO - [2025-07-13T09:56:01.744+0000] {taskmixin.py:205} WARNING - Dependency <Task(BashOperator): create_tag>, delete_tag already registered for DAG: example_complex
[2025-07-13T09:56:01.745+0000] {logging_mixin.py:120} INFO - [2025-07-13T09:56:01.744+0000] {taskmixin.py:205} WARNING - Dependency <Task(BashOperator): delete_tag>, create_tag already registered for DAG: example_complex
[2025-07-13T09:56:01.755+0000] {processor.py:766} INFO - DAG(s) dict_keys(['example_complex']) retrieved from /home/airflow/.local/lib/python3.7/site-packages/airflow/example_dags/example_complex.py
[2025-07-13T09:56:01.833+0000] {logging_mixin.py:120} INFO - [2025-07-13T09:56:01.833+0000] {dag.py:2585} INFO - Sync 1 DAGs
[2025-07-13T09:56:01.874+0000] {logging_mixin.py:120} INFO - [2025-07-13T09:56:01.874+0000] {dag.py:3340} INFO - Setting next_dagrun for example_complex to None, run_after=None
[2025-07-13T09:56:01.913+0000] {processor.py:176} INFO - Processing /home/airflow/.local/lib/python3.7/site-packages/airflow/example_dags/example_complex.py took 0.200 seconds
[2025-07-13T09:56:32.438+0000] {processor.py:154} INFO - Started process (PID=992) to work on /home/airflow/.local/lib/python3.7/site-packages/airflow/example_dags/example_complex.py
[2025-07-13T09:56:32.439+0000] {processor.py:756} INFO - Processing file /home/airflow/.local/lib/python3.7/site-packages/airflow/example_dags/example_complex.py for tasks to queue
[2025-07-13T09:56:32.440+0000] {logging_mixin.py:120} INFO - [2025-07-13T09:56:32.440+0000] {dagbag.py:537} INFO - Filling up the DagBag from /home/airflow/.local/lib/python3.7/site-packages/airflow/example_dags/example_complex.py
[2025-07-13T09:56:32.454+0000] {logging_mixin.py:120} INFO - [2025-07-13T09:56:32.454+0000] {taskmixin.py:205} WARNING - Dependency <Task(BashOperator): create_entry_group>, delete_entry_group already registered for DAG: example_complex
[2025-07-13T09:56:32.455+0000] {logging_mixin.py:120} INFO - [2025-07-13T09:56:32.454+0000] {taskmixin.py:205} WARNING - Dependency <Task(BashOperator): delete_entry_group>, create_entry_group already registered for DAG: example_complex
[2025-07-13T09:56:32.455+0000] {logging_mixin.py:120} INFO - [2025-07-13T09:56:32.455+0000] {taskmixin.py:205} WARNING - Dependency <Task(BashOperator): create_entry_gcs>, delete_entry already registered for DAG: example_complex
[2025-07-13T09:56:32.456+0000] {logging_mixin.py:120} INFO - [2025-07-13T09:56:32.456+0000] {taskmixin.py:205} WARNING - Dependency <Task(BashOperator): delete_entry>, create_entry_gcs already registered for DAG: example_complex
[2025-07-13T09:56:32.457+0000] {logging_mixin.py:120} INFO - [2025-07-13T09:56:32.457+0000] {taskmixin.py:205} WARNING - Dependency <Task(BashOperator): create_tag>, delete_tag already registered for DAG: example_complex
[2025-07-13T09:56:32.458+0000] {logging_mixin.py:120} INFO - [2025-07-13T09:56:32.458+0000] {taskmixin.py:205} WARNING - Dependency <Task(BashOperator): delete_tag>, create_tag already registered for DAG: example_complex
[2025-07-13T09:56:32.468+0000] {processor.py:766} INFO - DAG(s) dict_keys(['example_complex']) retrieved from /home/airflow/.local/lib/python3.7/site-packages/airflow/example_dags/example_complex.py
[2025-07-13T09:56:32.532+0000] {logging_mixin.py:120} INFO - [2025-07-13T09:56:32.532+0000] {dag.py:2585} INFO - Sync 1 DAGs
[2025-07-13T09:56:32.568+0000] {logging_mixin.py:120} INFO - [2025-07-13T09:56:32.568+0000] {dag.py:3340} INFO - Setting next_dagrun for example_complex to None, run_after=None
[2025-07-13T09:56:32.603+0000] {processor.py:176} INFO - Processing /home/airflow/.local/lib/python3.7/site-packages/airflow/example_dags/example_complex.py took 0.171 seconds
[2025-07-13T09:57:02.645+0000] {processor.py:154} INFO - Started process (PID=1046) to work on /home/airflow/.local/lib/python3.7/site-packages/airflow/example_dags/example_complex.py
[2025-07-13T09:57:02.647+0000] {processor.py:756} INFO - Processing file /home/airflow/.local/lib/python3.7/site-packages/airflow/example_dags/example_complex.py for tasks to queue
[2025-07-13T09:57:02.648+0000] {logging_mixin.py:120} INFO - [2025-07-13T09:57:02.648+0000] {dagbag.py:537} INFO - Filling up the DagBag from /home/airflow/.local/lib/python3.7/site-packages/airflow/example_dags/example_complex.py
[2025-07-13T09:57:02.677+0000] {logging_mixin.py:120} INFO - [2025-07-13T09:57:02.677+0000] {taskmixin.py:205} WARNING - Dependency <Task(BashOperator): create_entry_group>, delete_entry_group already registered for DAG: example_complex
[2025-07-13T09:57:02.679+0000] {logging_mixin.py:120} INFO - [2025-07-13T09:57:02.678+0000] {taskmixin.py:205} WARNING - Dependency <Task(BashOperator): delete_entry_group>, create_entry_group already registered for DAG: example_complex
[2025-07-13T09:57:02.680+0000] {logging_mixin.py:120} INFO - [2025-07-13T09:57:02.679+0000] {taskmixin.py:205} WARNING - Dependency <Task(BashOperator): create_entry_gcs>, delete_entry already registered for DAG: example_complex
[2025-07-13T09:57:02.681+0000] {logging_mixin.py:120} INFO - [2025-07-13T09:57:02.680+0000] {taskmixin.py:205} WARNING - Dependency <Task(BashOperator): delete_entry>, create_entry_gcs already registered for DAG: example_complex
[2025-07-13T09:57:02.682+0000] {logging_mixin.py:120} INFO - [2025-07-13T09:57:02.681+0000] {taskmixin.py:205} WARNING - Dependency <Task(BashOperator): create_tag>, delete_tag already registered for DAG: example_complex
[2025-07-13T09:57:02.683+0000] {logging_mixin.py:120} INFO - [2025-07-13T09:57:02.683+0000] {taskmixin.py:205} WARNING - Dependency <Task(BashOperator): delete_tag>, create_tag already registered for DAG: example_complex
[2025-07-13T09:57:02.692+0000] {processor.py:766} INFO - DAG(s) dict_keys(['example_complex']) retrieved from /home/airflow/.local/lib/python3.7/site-packages/airflow/example_dags/example_complex.py
[2025-07-13T09:57:02.764+0000] {logging_mixin.py:120} INFO - [2025-07-13T09:57:02.764+0000] {dag.py:2585} INFO - Sync 1 DAGs
[2025-07-13T09:57:02.799+0000] {logging_mixin.py:120} INFO - [2025-07-13T09:57:02.799+0000] {dag.py:3340} INFO - Setting next_dagrun for example_complex to None, run_after=None
[2025-07-13T09:57:02.830+0000] {processor.py:176} INFO - Processing /home/airflow/.local/lib/python3.7/site-packages/airflow/example_dags/example_complex.py took 0.188 seconds
[2025-07-13T09:57:32.990+0000] {processor.py:154} INFO - Started process (PID=1109) to work on /home/airflow/.local/lib/python3.7/site-packages/airflow/example_dags/example_complex.py
[2025-07-13T09:57:32.992+0000] {processor.py:756} INFO - Processing file /home/airflow/.local/lib/python3.7/site-packages/airflow/example_dags/example_complex.py for tasks to queue
[2025-07-13T09:57:32.993+0000] {logging_mixin.py:120} INFO - [2025-07-13T09:57:32.993+0000] {dagbag.py:537} INFO - Filling up the DagBag from /home/airflow/.local/lib/python3.7/site-packages/airflow/example_dags/example_complex.py
[2025-07-13T09:57:33.007+0000] {logging_mixin.py:120} INFO - [2025-07-13T09:57:33.007+0000] {taskmixin.py:205} WARNING - Dependency <Task(BashOperator): create_entry_group>, delete_entry_group already registered for DAG: example_complex
[2025-07-13T09:57:33.008+0000] {logging_mixin.py:120} INFO - [2025-07-13T09:57:33.008+0000] {taskmixin.py:205} WARNING - Dependency <Task(BashOperator): delete_entry_group>, create_entry_group already registered for DAG: example_complex
[2025-07-13T09:57:33.008+0000] {logging_mixin.py:120} INFO - [2025-07-13T09:57:33.008+0000] {taskmixin.py:205} WARNING - Dependency <Task(BashOperator): create_entry_gcs>, delete_entry already registered for DAG: example_complex
[2025-07-13T09:57:33.009+0000] {logging_mixin.py:120} INFO - [2025-07-13T09:57:33.009+0000] {taskmixin.py:205} WARNING - Dependency <Task(BashOperator): delete_entry>, create_entry_gcs already registered for DAG: example_complex
[2025-07-13T09:57:33.010+0000] {logging_mixin.py:120} INFO - [2025-07-13T09:57:33.009+0000] {taskmixin.py:205} WARNING - Dependency <Task(BashOperator): create_tag>, delete_tag already registered for DAG: example_complex
[2025-07-13T09:57:33.010+0000] {logging_mixin.py:120} INFO - [2025-07-13T09:57:33.010+0000] {taskmixin.py:205} WARNING - Dependency <Task(BashOperator): delete_tag>, create_tag already registered for DAG: example_complex
[2025-07-13T09:57:33.019+0000] {processor.py:766} INFO - DAG(s) dict_keys(['example_complex']) retrieved from /home/airflow/.local/lib/python3.7/site-packages/airflow/example_dags/example_complex.py
[2025-07-13T09:57:33.074+0000] {logging_mixin.py:120} INFO - [2025-07-13T09:57:33.074+0000] {dag.py:2585} INFO - Sync 1 DAGs
[2025-07-13T09:57:33.101+0000] {logging_mixin.py:120} INFO - [2025-07-13T09:57:33.100+0000] {dag.py:3340} INFO - Setting next_dagrun for example_complex to None, run_after=None
[2025-07-13T09:57:33.125+0000] {processor.py:176} INFO - Processing /home/airflow/.local/lib/python3.7/site-packages/airflow/example_dags/example_complex.py took 0.139 seconds
[2025-07-13T09:58:03.902+0000] {processor.py:154} INFO - Started process (PID=1174) to work on /home/airflow/.local/lib/python3.7/site-packages/airflow/example_dags/example_complex.py
[2025-07-13T09:58:03.904+0000] {processor.py:756} INFO - Processing file /home/airflow/.local/lib/python3.7/site-packages/airflow/example_dags/example_complex.py for tasks to queue
[2025-07-13T09:58:03.906+0000] {logging_mixin.py:120} INFO - [2025-07-13T09:58:03.905+0000] {dagbag.py:537} INFO - Filling up the DagBag from /home/airflow/.local/lib/python3.7/site-packages/airflow/example_dags/example_complex.py
[2025-07-13T09:58:03.923+0000] {logging_mixin.py:120} INFO - [2025-07-13T09:58:03.922+0000] {taskmixin.py:205} WARNING - Dependency <Task(BashOperator): create_entry_group>, delete_entry_group already registered for DAG: example_complex
[2025-07-13T09:58:03.924+0000] {logging_mixin.py:120} INFO - [2025-07-13T09:58:03.923+0000] {taskmixin.py:205} WARNING - Dependency <Task(BashOperator): delete_entry_group>, create_entry_group already registered for DAG: example_complex
[2025-07-13T09:58:03.925+0000] {logging_mixin.py:120} INFO - [2025-07-13T09:58:03.924+0000] {taskmixin.py:205} WARNING - Dependency <Task(BashOperator): create_entry_gcs>, delete_entry already registered for DAG: example_complex
[2025-07-13T09:58:03.925+0000] {logging_mixin.py:120} INFO - [2025-07-13T09:58:03.925+0000] {taskmixin.py:205} WARNING - Dependency <Task(BashOperator): delete_entry>, create_entry_gcs already registered for DAG: example_complex
[2025-07-13T09:58:03.927+0000] {logging_mixin.py:120} INFO - [2025-07-13T09:58:03.926+0000] {taskmixin.py:205} WARNING - Dependency <Task(BashOperator): create_tag>, delete_tag already registered for DAG: example_complex
[2025-07-13T09:58:03.928+0000] {logging_mixin.py:120} INFO - [2025-07-13T09:58:03.927+0000] {taskmixin.py:205} WARNING - Dependency <Task(BashOperator): delete_tag>, create_tag already registered for DAG: example_complex
[2025-07-13T09:58:03.942+0000] {processor.py:766} INFO - DAG(s) dict_keys(['example_complex']) retrieved from /home/airflow/.local/lib/python3.7/site-packages/airflow/example_dags/example_complex.py
[2025-07-13T09:58:04.021+0000] {logging_mixin.py:120} INFO - [2025-07-13T09:58:04.021+0000] {dag.py:2585} INFO - Sync 1 DAGs
[2025-07-13T09:58:04.080+0000] {logging_mixin.py:120} INFO - [2025-07-13T09:58:04.080+0000] {dag.py:3340} INFO - Setting next_dagrun for example_complex to None, run_after=None
[2025-07-13T09:58:04.125+0000] {processor.py:176} INFO - Processing /home/airflow/.local/lib/python3.7/site-packages/airflow/example_dags/example_complex.py took 0.229 seconds
[2025-07-13T09:58:35.035+0000] {processor.py:154} INFO - Started process (PID=1227) to work on /home/airflow/.local/lib/python3.7/site-packages/airflow/example_dags/example_complex.py
[2025-07-13T09:58:35.038+0000] {processor.py:756} INFO - Processing file /home/airflow/.local/lib/python3.7/site-packages/airflow/example_dags/example_complex.py for tasks to queue
[2025-07-13T09:58:35.042+0000] {logging_mixin.py:120} INFO - [2025-07-13T09:58:35.042+0000] {dagbag.py:537} INFO - Filling up the DagBag from /home/airflow/.local/lib/python3.7/site-packages/airflow/example_dags/example_complex.py
[2025-07-13T09:58:35.087+0000] {logging_mixin.py:120} INFO - [2025-07-13T09:58:35.086+0000] {taskmixin.py:205} WARNING - Dependency <Task(BashOperator): create_entry_group>, delete_entry_group already registered for DAG: example_complex
[2025-07-13T09:58:35.087+0000] {logging_mixin.py:120} INFO - [2025-07-13T09:58:35.087+0000] {taskmixin.py:205} WARNING - Dependency <Task(BashOperator): delete_entry_group>, create_entry_group already registered for DAG: example_complex
[2025-07-13T09:58:35.088+0000] {logging_mixin.py:120} INFO - [2025-07-13T09:58:35.088+0000] {taskmixin.py:205} WARNING - Dependency <Task(BashOperator): create_entry_gcs>, delete_entry already registered for DAG: example_complex
[2025-07-13T09:58:35.089+0000] {logging_mixin.py:120} INFO - [2025-07-13T09:58:35.089+0000] {taskmixin.py:205} WARNING - Dependency <Task(BashOperator): delete_entry>, create_entry_gcs already registered for DAG: example_complex
[2025-07-13T09:58:35.090+0000] {logging_mixin.py:120} INFO - [2025-07-13T09:58:35.090+0000] {taskmixin.py:205} WARNING - Dependency <Task(BashOperator): create_tag>, delete_tag already registered for DAG: example_complex
[2025-07-13T09:58:35.091+0000] {logging_mixin.py:120} INFO - [2025-07-13T09:58:35.091+0000] {taskmixin.py:205} WARNING - Dependency <Task(BashOperator): delete_tag>, create_tag already registered for DAG: example_complex
[2025-07-13T09:58:35.103+0000] {processor.py:766} INFO - DAG(s) dict_keys(['example_complex']) retrieved from /home/airflow/.local/lib/python3.7/site-packages/airflow/example_dags/example_complex.py
[2025-07-13T09:58:35.187+0000] {logging_mixin.py:120} INFO - [2025-07-13T09:58:35.186+0000] {dag.py:2585} INFO - Sync 1 DAGs
[2025-07-13T09:58:35.231+0000] {logging_mixin.py:120} INFO - [2025-07-13T09:58:35.231+0000] {dag.py:3340} INFO - Setting next_dagrun for example_complex to None, run_after=None
[2025-07-13T09:58:35.269+0000] {processor.py:176} INFO - Processing /home/airflow/.local/lib/python3.7/site-packages/airflow/example_dags/example_complex.py took 0.242 seconds
[2025-07-13T09:59:05.485+0000] {processor.py:154} INFO - Started process (PID=1288) to work on /home/airflow/.local/lib/python3.7/site-packages/airflow/example_dags/example_complex.py
[2025-07-13T09:59:05.487+0000] {processor.py:756} INFO - Processing file /home/airflow/.local/lib/python3.7/site-packages/airflow/example_dags/example_complex.py for tasks to queue
[2025-07-13T09:59:05.489+0000] {logging_mixin.py:120} INFO - [2025-07-13T09:59:05.488+0000] {dagbag.py:537} INFO - Filling up the DagBag from /home/airflow/.local/lib/python3.7/site-packages/airflow/example_dags/example_complex.py
[2025-07-13T09:59:05.506+0000] {logging_mixin.py:120} INFO - [2025-07-13T09:59:05.506+0000] {taskmixin.py:205} WARNING - Dependency <Task(BashOperator): create_entry_group>, delete_entry_group already registered for DAG: example_complex
[2025-07-13T09:59:05.507+0000] {logging_mixin.py:120} INFO - [2025-07-13T09:59:05.507+0000] {taskmixin.py:205} WARNING - Dependency <Task(BashOperator): delete_entry_group>, create_entry_group already registered for DAG: example_complex
[2025-07-13T09:59:05.508+0000] {logging_mixin.py:120} INFO - [2025-07-13T09:59:05.508+0000] {taskmixin.py:205} WARNING - Dependency <Task(BashOperator): create_entry_gcs>, delete_entry already registered for DAG: example_complex
[2025-07-13T09:59:05.509+0000] {logging_mixin.py:120} INFO - [2025-07-13T09:59:05.508+0000] {taskmixin.py:205} WARNING - Dependency <Task(BashOperator): delete_entry>, create_entry_gcs already registered for DAG: example_complex
[2025-07-13T09:59:05.509+0000] {logging_mixin.py:120} INFO - [2025-07-13T09:59:05.509+0000] {taskmixin.py:205} WARNING - Dependency <Task(BashOperator): create_tag>, delete_tag already registered for DAG: example_complex
[2025-07-13T09:59:05.510+0000] {logging_mixin.py:120} INFO - [2025-07-13T09:59:05.510+0000] {taskmixin.py:205} WARNING - Dependency <Task(BashOperator): delete_tag>, create_tag already registered for DAG: example_complex
[2025-07-13T09:59:05.524+0000] {processor.py:766} INFO - DAG(s) dict_keys(['example_complex']) retrieved from /home/airflow/.local/lib/python3.7/site-packages/airflow/example_dags/example_complex.py
[2025-07-13T09:59:05.608+0000] {logging_mixin.py:120} INFO - [2025-07-13T09:59:05.608+0000] {dag.py:2585} INFO - Sync 1 DAGs
[2025-07-13T09:59:05.661+0000] {logging_mixin.py:120} INFO - [2025-07-13T09:59:05.661+0000] {dag.py:3340} INFO - Setting next_dagrun for example_complex to None, run_after=None
[2025-07-13T09:59:05.711+0000] {processor.py:176} INFO - Processing /home/airflow/.local/lib/python3.7/site-packages/airflow/example_dags/example_complex.py took 0.230 seconds
[2025-07-13T09:59:35.967+0000] {processor.py:154} INFO - Started process (PID=1339) to work on /home/airflow/.local/lib/python3.7/site-packages/airflow/example_dags/example_complex.py
[2025-07-13T09:59:35.968+0000] {processor.py:756} INFO - Processing file /home/airflow/.local/lib/python3.7/site-packages/airflow/example_dags/example_complex.py for tasks to queue
[2025-07-13T09:59:35.970+0000] {logging_mixin.py:120} INFO - [2025-07-13T09:59:35.970+0000] {dagbag.py:537} INFO - Filling up the DagBag from /home/airflow/.local/lib/python3.7/site-packages/airflow/example_dags/example_complex.py
[2025-07-13T09:59:35.997+0000] {logging_mixin.py:120} INFO - [2025-07-13T09:59:35.997+0000] {taskmixin.py:205} WARNING - Dependency <Task(BashOperator): create_entry_group>, delete_entry_group already registered for DAG: example_complex
[2025-07-13T09:59:35.998+0000] {logging_mixin.py:120} INFO - [2025-07-13T09:59:35.998+0000] {taskmixin.py:205} WARNING - Dependency <Task(BashOperator): delete_entry_group>, create_entry_group already registered for DAG: example_complex
[2025-07-13T09:59:35.999+0000] {logging_mixin.py:120} INFO - [2025-07-13T09:59:35.999+0000] {taskmixin.py:205} WARNING - Dependency <Task(BashOperator): create_entry_gcs>, delete_entry already registered for DAG: example_complex
[2025-07-13T09:59:36.000+0000] {logging_mixin.py:120} INFO - [2025-07-13T09:59:36.000+0000] {taskmixin.py:205} WARNING - Dependency <Task(BashOperator): delete_entry>, create_entry_gcs already registered for DAG: example_complex
[2025-07-13T09:59:36.001+0000] {logging_mixin.py:120} INFO - [2025-07-13T09:59:36.001+0000] {taskmixin.py:205} WARNING - Dependency <Task(BashOperator): create_tag>, delete_tag already registered for DAG: example_complex
[2025-07-13T09:59:36.002+0000] {logging_mixin.py:120} INFO - [2025-07-13T09:59:36.001+0000] {taskmixin.py:205} WARNING - Dependency <Task(BashOperator): delete_tag>, create_tag already registered for DAG: example_complex
[2025-07-13T09:59:36.021+0000] {processor.py:766} INFO - DAG(s) dict_keys(['example_complex']) retrieved from /home/airflow/.local/lib/python3.7/site-packages/airflow/example_dags/example_complex.py
[2025-07-13T09:59:36.150+0000] {logging_mixin.py:120} INFO - [2025-07-13T09:59:36.147+0000] {dag.py:2585} INFO - Sync 1 DAGs
[2025-07-13T09:59:36.227+0000] {logging_mixin.py:120} INFO - [2025-07-13T09:59:36.225+0000] {dag.py:3340} INFO - Setting next_dagrun for example_complex to None, run_after=None
[2025-07-13T09:59:36.281+0000] {processor.py:176} INFO - Processing /home/airflow/.local/lib/python3.7/site-packages/airflow/example_dags/example_complex.py took 0.323 seconds
[2025-07-13T10:00:06.326+0000] {processor.py:154} INFO - Started process (PID=1402) to work on /home/airflow/.local/lib/python3.7/site-packages/airflow/example_dags/example_complex.py
[2025-07-13T10:00:06.327+0000] {processor.py:756} INFO - Processing file /home/airflow/.local/lib/python3.7/site-packages/airflow/example_dags/example_complex.py for tasks to queue
[2025-07-13T10:00:06.328+0000] {logging_mixin.py:120} INFO - [2025-07-13T10:00:06.328+0000] {dagbag.py:537} INFO - Filling up the DagBag from /home/airflow/.local/lib/python3.7/site-packages/airflow/example_dags/example_complex.py
[2025-07-13T10:00:06.342+0000] {logging_mixin.py:120} INFO - [2025-07-13T10:00:06.342+0000] {taskmixin.py:205} WARNING - Dependency <Task(BashOperator): create_entry_group>, delete_entry_group already registered for DAG: example_complex
[2025-07-13T10:00:06.343+0000] {logging_mixin.py:120} INFO - [2025-07-13T10:00:06.343+0000] {taskmixin.py:205} WARNING - Dependency <Task(BashOperator): delete_entry_group>, create_entry_group already registered for DAG: example_complex
[2025-07-13T10:00:06.343+0000] {logging_mixin.py:120} INFO - [2025-07-13T10:00:06.343+0000] {taskmixin.py:205} WARNING - Dependency <Task(BashOperator): create_entry_gcs>, delete_entry already registered for DAG: example_complex
[2025-07-13T10:00:06.344+0000] {logging_mixin.py:120} INFO - [2025-07-13T10:00:06.344+0000] {taskmixin.py:205} WARNING - Dependency <Task(BashOperator): delete_entry>, create_entry_gcs already registered for DAG: example_complex
[2025-07-13T10:00:06.344+0000] {logging_mixin.py:120} INFO - [2025-07-13T10:00:06.344+0000] {taskmixin.py:205} WARNING - Dependency <Task(BashOperator): create_tag>, delete_tag already registered for DAG: example_complex
[2025-07-13T10:00:06.345+0000] {logging_mixin.py:120} INFO - [2025-07-13T10:00:06.345+0000] {taskmixin.py:205} WARNING - Dependency <Task(BashOperator): delete_tag>, create_tag already registered for DAG: example_complex
[2025-07-13T10:00:06.354+0000] {processor.py:766} INFO - DAG(s) dict_keys(['example_complex']) retrieved from /home/airflow/.local/lib/python3.7/site-packages/airflow/example_dags/example_complex.py
[2025-07-13T10:00:06.409+0000] {logging_mixin.py:120} INFO - [2025-07-13T10:00:06.409+0000] {dag.py:2585} INFO - Sync 1 DAGs
[2025-07-13T10:00:06.435+0000] {logging_mixin.py:120} INFO - [2025-07-13T10:00:06.435+0000] {dag.py:3340} INFO - Setting next_dagrun for example_complex to None, run_after=None
[2025-07-13T10:00:06.463+0000] {processor.py:176} INFO - Processing /home/airflow/.local/lib/python3.7/site-packages/airflow/example_dags/example_complex.py took 0.142 seconds
[2025-07-13T10:00:36.662+0000] {processor.py:154} INFO - Started process (PID=1456) to work on /home/airflow/.local/lib/python3.7/site-packages/airflow/example_dags/example_complex.py
[2025-07-13T10:00:36.664+0000] {processor.py:756} INFO - Processing file /home/airflow/.local/lib/python3.7/site-packages/airflow/example_dags/example_complex.py for tasks to queue
[2025-07-13T10:00:36.666+0000] {logging_mixin.py:120} INFO - [2025-07-13T10:00:36.666+0000] {dagbag.py:537} INFO - Filling up the DagBag from /home/airflow/.local/lib/python3.7/site-packages/airflow/example_dags/example_complex.py
[2025-07-13T10:00:36.698+0000] {logging_mixin.py:120} INFO - [2025-07-13T10:00:36.698+0000] {taskmixin.py:205} WARNING - Dependency <Task(BashOperator): create_entry_group>, delete_entry_group already registered for DAG: example_complex
[2025-07-13T10:00:36.699+0000] {logging_mixin.py:120} INFO - [2025-07-13T10:00:36.698+0000] {taskmixin.py:205} WARNING - Dependency <Task(BashOperator): delete_entry_group>, create_entry_group already registered for DAG: example_complex
[2025-07-13T10:00:36.700+0000] {logging_mixin.py:120} INFO - [2025-07-13T10:00:36.699+0000] {taskmixin.py:205} WARNING - Dependency <Task(BashOperator): create_entry_gcs>, delete_entry already registered for DAG: example_complex
[2025-07-13T10:00:36.701+0000] {logging_mixin.py:120} INFO - [2025-07-13T10:00:36.701+0000] {taskmixin.py:205} WARNING - Dependency <Task(BashOperator): delete_entry>, create_entry_gcs already registered for DAG: example_complex
[2025-07-13T10:00:36.703+0000] {logging_mixin.py:120} INFO - [2025-07-13T10:00:36.703+0000] {taskmixin.py:205} WARNING - Dependency <Task(BashOperator): create_tag>, delete_tag already registered for DAG: example_complex
[2025-07-13T10:00:36.707+0000] {logging_mixin.py:120} INFO - [2025-07-13T10:00:36.705+0000] {taskmixin.py:205} WARNING - Dependency <Task(BashOperator): delete_tag>, create_tag already registered for DAG: example_complex
[2025-07-13T10:00:36.734+0000] {processor.py:766} INFO - DAG(s) dict_keys(['example_complex']) retrieved from /home/airflow/.local/lib/python3.7/site-packages/airflow/example_dags/example_complex.py
[2025-07-13T10:00:36.825+0000] {logging_mixin.py:120} INFO - [2025-07-13T10:00:36.825+0000] {dag.py:2585} INFO - Sync 1 DAGs
[2025-07-13T10:00:36.867+0000] {logging_mixin.py:120} INFO - [2025-07-13T10:00:36.867+0000] {dag.py:3340} INFO - Setting next_dagrun for example_complex to None, run_after=None
[2025-07-13T10:00:36.906+0000] {processor.py:176} INFO - Processing /home/airflow/.local/lib/python3.7/site-packages/airflow/example_dags/example_complex.py took 0.256 seconds
[2025-07-13T10:01:07.093+0000] {processor.py:154} INFO - Started process (PID=1520) to work on /home/airflow/.local/lib/python3.7/site-packages/airflow/example_dags/example_complex.py
[2025-07-13T10:01:07.094+0000] {processor.py:756} INFO - Processing file /home/airflow/.local/lib/python3.7/site-packages/airflow/example_dags/example_complex.py for tasks to queue
[2025-07-13T10:01:07.096+0000] {logging_mixin.py:120} INFO - [2025-07-13T10:01:07.095+0000] {dagbag.py:537} INFO - Filling up the DagBag from /home/airflow/.local/lib/python3.7/site-packages/airflow/example_dags/example_complex.py
[2025-07-13T10:01:07.110+0000] {logging_mixin.py:120} INFO - [2025-07-13T10:01:07.109+0000] {taskmixin.py:205} WARNING - Dependency <Task(BashOperator): create_entry_group>, delete_entry_group already registered for DAG: example_complex
[2025-07-13T10:01:07.110+0000] {logging_mixin.py:120} INFO - [2025-07-13T10:01:07.110+0000] {taskmixin.py:205} WARNING - Dependency <Task(BashOperator): delete_entry_group>, create_entry_group already registered for DAG: example_complex
[2025-07-13T10:01:07.111+0000] {logging_mixin.py:120} INFO - [2025-07-13T10:01:07.111+0000] {taskmixin.py:205} WARNING - Dependency <Task(BashOperator): create_entry_gcs>, delete_entry already registered for DAG: example_complex
[2025-07-13T10:01:07.111+0000] {logging_mixin.py:120} INFO - [2025-07-13T10:01:07.111+0000] {taskmixin.py:205} WARNING - Dependency <Task(BashOperator): delete_entry>, create_entry_gcs already registered for DAG: example_complex
[2025-07-13T10:01:07.112+0000] {logging_mixin.py:120} INFO - [2025-07-13T10:01:07.112+0000] {taskmixin.py:205} WARNING - Dependency <Task(BashOperator): create_tag>, delete_tag already registered for DAG: example_complex
[2025-07-13T10:01:07.112+0000] {logging_mixin.py:120} INFO - [2025-07-13T10:01:07.112+0000] {taskmixin.py:205} WARNING - Dependency <Task(BashOperator): delete_tag>, create_tag already registered for DAG: example_complex
[2025-07-13T10:01:07.122+0000] {processor.py:766} INFO - DAG(s) dict_keys(['example_complex']) retrieved from /home/airflow/.local/lib/python3.7/site-packages/airflow/example_dags/example_complex.py
[2025-07-13T10:01:07.183+0000] {logging_mixin.py:120} INFO - [2025-07-13T10:01:07.182+0000] {dag.py:2585} INFO - Sync 1 DAGs
[2025-07-13T10:01:07.216+0000] {logging_mixin.py:120} INFO - [2025-07-13T10:01:07.216+0000] {dag.py:3340} INFO - Setting next_dagrun for example_complex to None, run_after=None
[2025-07-13T10:01:07.252+0000] {processor.py:176} INFO - Processing /home/airflow/.local/lib/python3.7/site-packages/airflow/example_dags/example_complex.py took 0.162 seconds
[2025-07-13T10:01:38.009+0000] {processor.py:154} INFO - Started process (PID=1583) to work on /home/airflow/.local/lib/python3.7/site-packages/airflow/example_dags/example_complex.py
[2025-07-13T10:01:38.010+0000] {processor.py:756} INFO - Processing file /home/airflow/.local/lib/python3.7/site-packages/airflow/example_dags/example_complex.py for tasks to queue
[2025-07-13T10:01:38.012+0000] {logging_mixin.py:120} INFO - [2025-07-13T10:01:38.011+0000] {dagbag.py:537} INFO - Filling up the DagBag from /home/airflow/.local/lib/python3.7/site-packages/airflow/example_dags/example_complex.py
[2025-07-13T10:01:38.033+0000] {logging_mixin.py:120} INFO - [2025-07-13T10:01:38.033+0000] {taskmixin.py:205} WARNING - Dependency <Task(BashOperator): create_entry_group>, delete_entry_group already registered for DAG: example_complex
[2025-07-13T10:01:38.034+0000] {logging_mixin.py:120} INFO - [2025-07-13T10:01:38.034+0000] {taskmixin.py:205} WARNING - Dependency <Task(BashOperator): delete_entry_group>, create_entry_group already registered for DAG: example_complex
[2025-07-13T10:01:38.035+0000] {logging_mixin.py:120} INFO - [2025-07-13T10:01:38.035+0000] {taskmixin.py:205} WARNING - Dependency <Task(BashOperator): create_entry_gcs>, delete_entry already registered for DAG: example_complex
[2025-07-13T10:01:38.036+0000] {logging_mixin.py:120} INFO - [2025-07-13T10:01:38.035+0000] {taskmixin.py:205} WARNING - Dependency <Task(BashOperator): delete_entry>, create_entry_gcs already registered for DAG: example_complex
[2025-07-13T10:01:38.037+0000] {logging_mixin.py:120} INFO - [2025-07-13T10:01:38.036+0000] {taskmixin.py:205} WARNING - Dependency <Task(BashOperator): create_tag>, delete_tag already registered for DAG: example_complex
[2025-07-13T10:01:38.037+0000] {logging_mixin.py:120} INFO - [2025-07-13T10:01:38.037+0000] {taskmixin.py:205} WARNING - Dependency <Task(BashOperator): delete_tag>, create_tag already registered for DAG: example_complex
[2025-07-13T10:01:38.049+0000] {processor.py:766} INFO - DAG(s) dict_keys(['example_complex']) retrieved from /home/airflow/.local/lib/python3.7/site-packages/airflow/example_dags/example_complex.py
[2025-07-13T10:01:38.143+0000] {logging_mixin.py:120} INFO - [2025-07-13T10:01:38.143+0000] {dag.py:2585} INFO - Sync 1 DAGs
[2025-07-13T10:01:38.191+0000] {logging_mixin.py:120} INFO - [2025-07-13T10:01:38.191+0000] {dag.py:3340} INFO - Setting next_dagrun for example_complex to None, run_after=None
[2025-07-13T10:01:38.250+0000] {processor.py:176} INFO - Processing /home/airflow/.local/lib/python3.7/site-packages/airflow/example_dags/example_complex.py took 0.245 seconds
[2025-07-13T10:02:09.064+0000] {processor.py:154} INFO - Started process (PID=1637) to work on /home/airflow/.local/lib/python3.7/site-packages/airflow/example_dags/example_complex.py
[2025-07-13T10:02:09.066+0000] {processor.py:756} INFO - Processing file /home/airflow/.local/lib/python3.7/site-packages/airflow/example_dags/example_complex.py for tasks to queue
[2025-07-13T10:02:09.067+0000] {logging_mixin.py:120} INFO - [2025-07-13T10:02:09.067+0000] {dagbag.py:537} INFO - Filling up the DagBag from /home/airflow/.local/lib/python3.7/site-packages/airflow/example_dags/example_complex.py
[2025-07-13T10:02:09.081+0000] {logging_mixin.py:120} INFO - [2025-07-13T10:02:09.081+0000] {taskmixin.py:205} WARNING - Dependency <Task(BashOperator): create_entry_group>, delete_entry_group already registered for DAG: example_complex
[2025-07-13T10:02:09.082+0000] {logging_mixin.py:120} INFO - [2025-07-13T10:02:09.082+0000] {taskmixin.py:205} WARNING - Dependency <Task(BashOperator): delete_entry_group>, create_entry_group already registered for DAG: example_complex
[2025-07-13T10:02:09.083+0000] {logging_mixin.py:120} INFO - [2025-07-13T10:02:09.082+0000] {taskmixin.py:205} WARNING - Dependency <Task(BashOperator): create_entry_gcs>, delete_entry already registered for DAG: example_complex
[2025-07-13T10:02:09.083+0000] {logging_mixin.py:120} INFO - [2025-07-13T10:02:09.083+0000] {taskmixin.py:205} WARNING - Dependency <Task(BashOperator): delete_entry>, create_entry_gcs already registered for DAG: example_complex
[2025-07-13T10:02:09.084+0000] {logging_mixin.py:120} INFO - [2025-07-13T10:02:09.084+0000] {taskmixin.py:205} WARNING - Dependency <Task(BashOperator): create_tag>, delete_tag already registered for DAG: example_complex
[2025-07-13T10:02:09.084+0000] {logging_mixin.py:120} INFO - [2025-07-13T10:02:09.084+0000] {taskmixin.py:205} WARNING - Dependency <Task(BashOperator): delete_tag>, create_tag already registered for DAG: example_complex
[2025-07-13T10:02:09.095+0000] {processor.py:766} INFO - DAG(s) dict_keys(['example_complex']) retrieved from /home/airflow/.local/lib/python3.7/site-packages/airflow/example_dags/example_complex.py
[2025-07-13T10:02:09.159+0000] {logging_mixin.py:120} INFO - [2025-07-13T10:02:09.159+0000] {dag.py:2585} INFO - Sync 1 DAGs
[2025-07-13T10:02:09.190+0000] {logging_mixin.py:120} INFO - [2025-07-13T10:02:09.190+0000] {dag.py:3340} INFO - Setting next_dagrun for example_complex to None, run_after=None
[2025-07-13T10:02:09.226+0000] {processor.py:176} INFO - Processing /home/airflow/.local/lib/python3.7/site-packages/airflow/example_dags/example_complex.py took 0.167 seconds
[2025-07-13T10:02:40.153+0000] {processor.py:154} INFO - Started process (PID=1700) to work on /home/airflow/.local/lib/python3.7/site-packages/airflow/example_dags/example_complex.py
[2025-07-13T10:02:40.155+0000] {processor.py:756} INFO - Processing file /home/airflow/.local/lib/python3.7/site-packages/airflow/example_dags/example_complex.py for tasks to queue
[2025-07-13T10:02:40.156+0000] {logging_mixin.py:120} INFO - [2025-07-13T10:02:40.156+0000] {dagbag.py:537} INFO - Filling up the DagBag from /home/airflow/.local/lib/python3.7/site-packages/airflow/example_dags/example_complex.py
[2025-07-13T10:02:40.172+0000] {logging_mixin.py:120} INFO - [2025-07-13T10:02:40.172+0000] {taskmixin.py:205} WARNING - Dependency <Task(BashOperator): create_entry_group>, delete_entry_group already registered for DAG: example_complex
[2025-07-13T10:02:40.173+0000] {logging_mixin.py:120} INFO - [2025-07-13T10:02:40.173+0000] {taskmixin.py:205} WARNING - Dependency <Task(BashOperator): delete_entry_group>, create_entry_group already registered for DAG: example_complex
[2025-07-13T10:02:40.174+0000] {logging_mixin.py:120} INFO - [2025-07-13T10:02:40.173+0000] {taskmixin.py:205} WARNING - Dependency <Task(BashOperator): create_entry_gcs>, delete_entry already registered for DAG: example_complex
[2025-07-13T10:02:40.174+0000] {logging_mixin.py:120} INFO - [2025-07-13T10:02:40.174+0000] {taskmixin.py:205} WARNING - Dependency <Task(BashOperator): delete_entry>, create_entry_gcs already registered for DAG: example_complex
[2025-07-13T10:02:40.175+0000] {logging_mixin.py:120} INFO - [2025-07-13T10:02:40.175+0000] {taskmixin.py:205} WARNING - Dependency <Task(BashOperator): create_tag>, delete_tag already registered for DAG: example_complex
[2025-07-13T10:02:40.176+0000] {logging_mixin.py:120} INFO - [2025-07-13T10:02:40.175+0000] {taskmixin.py:205} WARNING - Dependency <Task(BashOperator): delete_tag>, create_tag already registered for DAG: example_complex
[2025-07-13T10:02:40.188+0000] {processor.py:766} INFO - DAG(s) dict_keys(['example_complex']) retrieved from /home/airflow/.local/lib/python3.7/site-packages/airflow/example_dags/example_complex.py
[2025-07-13T10:02:40.252+0000] {logging_mixin.py:120} INFO - [2025-07-13T10:02:40.252+0000] {dag.py:2585} INFO - Sync 1 DAGs
[2025-07-13T10:02:40.291+0000] {logging_mixin.py:120} INFO - [2025-07-13T10:02:40.291+0000] {dag.py:3340} INFO - Setting next_dagrun for example_complex to None, run_after=None
[2025-07-13T10:02:40.322+0000] {processor.py:176} INFO - Processing /home/airflow/.local/lib/python3.7/site-packages/airflow/example_dags/example_complex.py took 0.174 seconds
[2025-07-13T10:03:10.866+0000] {processor.py:154} INFO - Started process (PID=1763) to work on /home/airflow/.local/lib/python3.7/site-packages/airflow/example_dags/example_complex.py
[2025-07-13T10:03:10.868+0000] {processor.py:756} INFO - Processing file /home/airflow/.local/lib/python3.7/site-packages/airflow/example_dags/example_complex.py for tasks to queue
[2025-07-13T10:03:10.869+0000] {logging_mixin.py:120} INFO - [2025-07-13T10:03:10.869+0000] {dagbag.py:537} INFO - Filling up the DagBag from /home/airflow/.local/lib/python3.7/site-packages/airflow/example_dags/example_complex.py
[2025-07-13T10:03:10.885+0000] {logging_mixin.py:120} INFO - [2025-07-13T10:03:10.885+0000] {taskmixin.py:205} WARNING - Dependency <Task(BashOperator): create_entry_group>, delete_entry_group already registered for DAG: example_complex
[2025-07-13T10:03:10.886+0000] {logging_mixin.py:120} INFO - [2025-07-13T10:03:10.886+0000] {taskmixin.py:205} WARNING - Dependency <Task(BashOperator): delete_entry_group>, create_entry_group already registered for DAG: example_complex
[2025-07-13T10:03:10.887+0000] {logging_mixin.py:120} INFO - [2025-07-13T10:03:10.887+0000] {taskmixin.py:205} WARNING - Dependency <Task(BashOperator): create_entry_gcs>, delete_entry already registered for DAG: example_complex
[2025-07-13T10:03:10.887+0000] {logging_mixin.py:120} INFO - [2025-07-13T10:03:10.887+0000] {taskmixin.py:205} WARNING - Dependency <Task(BashOperator): delete_entry>, create_entry_gcs already registered for DAG: example_complex
[2025-07-13T10:03:10.888+0000] {logging_mixin.py:120} INFO - [2025-07-13T10:03:10.888+0000] {taskmixin.py:205} WARNING - Dependency <Task(BashOperator): create_tag>, delete_tag already registered for DAG: example_complex
[2025-07-13T10:03:10.888+0000] {logging_mixin.py:120} INFO - [2025-07-13T10:03:10.888+0000] {taskmixin.py:205} WARNING - Dependency <Task(BashOperator): delete_tag>, create_tag already registered for DAG: example_complex
[2025-07-13T10:03:10.899+0000] {processor.py:766} INFO - DAG(s) dict_keys(['example_complex']) retrieved from /home/airflow/.local/lib/python3.7/site-packages/airflow/example_dags/example_complex.py
[2025-07-13T10:03:10.963+0000] {logging_mixin.py:120} INFO - [2025-07-13T10:03:10.963+0000] {dag.py:2585} INFO - Sync 1 DAGs
[2025-07-13T10:03:10.993+0000] {logging_mixin.py:120} INFO - [2025-07-13T10:03:10.993+0000] {dag.py:3340} INFO - Setting next_dagrun for example_complex to None, run_after=None
[2025-07-13T10:03:11.023+0000] {processor.py:176} INFO - Processing /home/airflow/.local/lib/python3.7/site-packages/airflow/example_dags/example_complex.py took 0.162 seconds
[2025-07-13T10:03:41.377+0000] {processor.py:154} INFO - Started process (PID=1817) to work on /home/airflow/.local/lib/python3.7/site-packages/airflow/example_dags/example_complex.py
[2025-07-13T10:03:41.378+0000] {processor.py:756} INFO - Processing file /home/airflow/.local/lib/python3.7/site-packages/airflow/example_dags/example_complex.py for tasks to queue
[2025-07-13T10:03:41.380+0000] {logging_mixin.py:120} INFO - [2025-07-13T10:03:41.379+0000] {dagbag.py:537} INFO - Filling up the DagBag from /home/airflow/.local/lib/python3.7/site-packages/airflow/example_dags/example_complex.py
[2025-07-13T10:03:41.393+0000] {logging_mixin.py:120} INFO - [2025-07-13T10:03:41.393+0000] {taskmixin.py:205} WARNING - Dependency <Task(BashOperator): create_entry_group>, delete_entry_group already registered for DAG: example_complex
[2025-07-13T10:03:41.396+0000] {logging_mixin.py:120} INFO - [2025-07-13T10:03:41.396+0000] {taskmixin.py:205} WARNING - Dependency <Task(BashOperator): delete_entry_group>, create_entry_group already registered for DAG: example_complex
[2025-07-13T10:03:41.396+0000] {logging_mixin.py:120} INFO - [2025-07-13T10:03:41.396+0000] {taskmixin.py:205} WARNING - Dependency <Task(BashOperator): create_entry_gcs>, delete_entry already registered for DAG: example_complex
[2025-07-13T10:03:41.397+0000] {logging_mixin.py:120} INFO - [2025-07-13T10:03:41.397+0000] {taskmixin.py:205} WARNING - Dependency <Task(BashOperator): delete_entry>, create_entry_gcs already registered for DAG: example_complex
[2025-07-13T10:03:41.397+0000] {logging_mixin.py:120} INFO - [2025-07-13T10:03:41.397+0000] {taskmixin.py:205} WARNING - Dependency <Task(BashOperator): create_tag>, delete_tag already registered for DAG: example_complex
[2025-07-13T10:03:41.398+0000] {logging_mixin.py:120} INFO - [2025-07-13T10:03:41.398+0000] {taskmixin.py:205} WARNING - Dependency <Task(BashOperator): delete_tag>, create_tag already registered for DAG: example_complex
[2025-07-13T10:03:41.408+0000] {processor.py:766} INFO - DAG(s) dict_keys(['example_complex']) retrieved from /home/airflow/.local/lib/python3.7/site-packages/airflow/example_dags/example_complex.py
[2025-07-13T10:03:41.478+0000] {logging_mixin.py:120} INFO - [2025-07-13T10:03:41.478+0000] {dag.py:2585} INFO - Sync 1 DAGs
[2025-07-13T10:03:41.507+0000] {logging_mixin.py:120} INFO - [2025-07-13T10:03:41.507+0000] {dag.py:3340} INFO - Setting next_dagrun for example_complex to None, run_after=None
[2025-07-13T10:03:41.541+0000] {processor.py:176} INFO - Processing /home/airflow/.local/lib/python3.7/site-packages/airflow/example_dags/example_complex.py took 0.167 seconds
[2025-07-13T10:04:11.662+0000] {processor.py:154} INFO - Started process (PID=1880) to work on /home/airflow/.local/lib/python3.7/site-packages/airflow/example_dags/example_complex.py
[2025-07-13T10:04:11.663+0000] {processor.py:756} INFO - Processing file /home/airflow/.local/lib/python3.7/site-packages/airflow/example_dags/example_complex.py for tasks to queue
[2025-07-13T10:04:11.665+0000] {logging_mixin.py:120} INFO - [2025-07-13T10:04:11.664+0000] {dagbag.py:537} INFO - Filling up the DagBag from /home/airflow/.local/lib/python3.7/site-packages/airflow/example_dags/example_complex.py
[2025-07-13T10:04:11.679+0000] {logging_mixin.py:120} INFO - [2025-07-13T10:04:11.678+0000] {taskmixin.py:205} WARNING - Dependency <Task(BashOperator): create_entry_group>, delete_entry_group already registered for DAG: example_complex
[2025-07-13T10:04:11.679+0000] {logging_mixin.py:120} INFO - [2025-07-13T10:04:11.679+0000] {taskmixin.py:205} WARNING - Dependency <Task(BashOperator): delete_entry_group>, create_entry_group already registered for DAG: example_complex
[2025-07-13T10:04:11.680+0000] {logging_mixin.py:120} INFO - [2025-07-13T10:04:11.680+0000] {taskmixin.py:205} WARNING - Dependency <Task(BashOperator): create_entry_gcs>, delete_entry already registered for DAG: example_complex
[2025-07-13T10:04:11.681+0000] {logging_mixin.py:120} INFO - [2025-07-13T10:04:11.680+0000] {taskmixin.py:205} WARNING - Dependency <Task(BashOperator): delete_entry>, create_entry_gcs already registered for DAG: example_complex
[2025-07-13T10:04:11.682+0000] {logging_mixin.py:120} INFO - [2025-07-13T10:04:11.681+0000] {taskmixin.py:205} WARNING - Dependency <Task(BashOperator): create_tag>, delete_tag already registered for DAG: example_complex
[2025-07-13T10:04:11.682+0000] {logging_mixin.py:120} INFO - [2025-07-13T10:04:11.682+0000] {taskmixin.py:205} WARNING - Dependency <Task(BashOperator): delete_tag>, create_tag already registered for DAG: example_complex
[2025-07-13T10:04:11.694+0000] {processor.py:766} INFO - DAG(s) dict_keys(['example_complex']) retrieved from /home/airflow/.local/lib/python3.7/site-packages/airflow/example_dags/example_complex.py
[2025-07-13T10:04:11.765+0000] {logging_mixin.py:120} INFO - [2025-07-13T10:04:11.765+0000] {dag.py:2585} INFO - Sync 1 DAGs
[2025-07-13T10:04:11.795+0000] {logging_mixin.py:120} INFO - [2025-07-13T10:04:11.795+0000] {dag.py:3340} INFO - Setting next_dagrun for example_complex to None, run_after=None
[2025-07-13T10:04:11.825+0000] {processor.py:176} INFO - Processing /home/airflow/.local/lib/python3.7/site-packages/airflow/example_dags/example_complex.py took 0.167 seconds
[2025-07-13T10:04:42.173+0000] {processor.py:154} INFO - Started process (PID=1943) to work on /home/airflow/.local/lib/python3.7/site-packages/airflow/example_dags/example_complex.py
[2025-07-13T10:04:42.174+0000] {processor.py:756} INFO - Processing file /home/airflow/.local/lib/python3.7/site-packages/airflow/example_dags/example_complex.py for tasks to queue
[2025-07-13T10:04:42.176+0000] {logging_mixin.py:120} INFO - [2025-07-13T10:04:42.175+0000] {dagbag.py:537} INFO - Filling up the DagBag from /home/airflow/.local/lib/python3.7/site-packages/airflow/example_dags/example_complex.py
[2025-07-13T10:04:42.193+0000] {logging_mixin.py:120} INFO - [2025-07-13T10:04:42.193+0000] {taskmixin.py:205} WARNING - Dependency <Task(BashOperator): create_entry_group>, delete_entry_group already registered for DAG: example_complex
[2025-07-13T10:04:42.194+0000] {logging_mixin.py:120} INFO - [2025-07-13T10:04:42.194+0000] {taskmixin.py:205} WARNING - Dependency <Task(BashOperator): delete_entry_group>, create_entry_group already registered for DAG: example_complex
[2025-07-13T10:04:42.195+0000] {logging_mixin.py:120} INFO - [2025-07-13T10:04:42.194+0000] {taskmixin.py:205} WARNING - Dependency <Task(BashOperator): create_entry_gcs>, delete_entry already registered for DAG: example_complex
[2025-07-13T10:04:42.195+0000] {logging_mixin.py:120} INFO - [2025-07-13T10:04:42.195+0000] {taskmixin.py:205} WARNING - Dependency <Task(BashOperator): delete_entry>, create_entry_gcs already registered for DAG: example_complex
[2025-07-13T10:04:42.196+0000] {logging_mixin.py:120} INFO - [2025-07-13T10:04:42.196+0000] {taskmixin.py:205} WARNING - Dependency <Task(BashOperator): create_tag>, delete_tag already registered for DAG: example_complex
[2025-07-13T10:04:42.196+0000] {logging_mixin.py:120} INFO - [2025-07-13T10:04:42.196+0000] {taskmixin.py:205} WARNING - Dependency <Task(BashOperator): delete_tag>, create_tag already registered for DAG: example_complex
[2025-07-13T10:04:42.208+0000] {processor.py:766} INFO - DAG(s) dict_keys(['example_complex']) retrieved from /home/airflow/.local/lib/python3.7/site-packages/airflow/example_dags/example_complex.py
[2025-07-13T10:04:42.281+0000] {logging_mixin.py:120} INFO - [2025-07-13T10:04:42.280+0000] {dag.py:2585} INFO - Sync 1 DAGs
[2025-07-13T10:04:42.325+0000] {logging_mixin.py:120} INFO - [2025-07-13T10:04:42.324+0000] {dag.py:3340} INFO - Setting next_dagrun for example_complex to None, run_after=None
[2025-07-13T10:04:42.361+0000] {processor.py:176} INFO - Processing /home/airflow/.local/lib/python3.7/site-packages/airflow/example_dags/example_complex.py took 0.194 seconds
[2025-07-13T10:05:13.110+0000] {processor.py:154} INFO - Started process (PID=1998) to work on /home/airflow/.local/lib/python3.7/site-packages/airflow/example_dags/example_complex.py
[2025-07-13T10:05:13.111+0000] {processor.py:756} INFO - Processing file /home/airflow/.local/lib/python3.7/site-packages/airflow/example_dags/example_complex.py for tasks to queue
[2025-07-13T10:05:13.113+0000] {logging_mixin.py:120} INFO - [2025-07-13T10:05:13.113+0000] {dagbag.py:537} INFO - Filling up the DagBag from /home/airflow/.local/lib/python3.7/site-packages/airflow/example_dags/example_complex.py
[2025-07-13T10:05:13.129+0000] {logging_mixin.py:120} INFO - [2025-07-13T10:05:13.128+0000] {taskmixin.py:205} WARNING - Dependency <Task(BashOperator): create_entry_group>, delete_entry_group already registered for DAG: example_complex
[2025-07-13T10:05:13.129+0000] {logging_mixin.py:120} INFO - [2025-07-13T10:05:13.129+0000] {taskmixin.py:205} WARNING - Dependency <Task(BashOperator): delete_entry_group>, create_entry_group already registered for DAG: example_complex
[2025-07-13T10:05:13.130+0000] {logging_mixin.py:120} INFO - [2025-07-13T10:05:13.130+0000] {taskmixin.py:205} WARNING - Dependency <Task(BashOperator): create_entry_gcs>, delete_entry already registered for DAG: example_complex
[2025-07-13T10:05:13.131+0000] {logging_mixin.py:120} INFO - [2025-07-13T10:05:13.130+0000] {taskmixin.py:205} WARNING - Dependency <Task(BashOperator): delete_entry>, create_entry_gcs already registered for DAG: example_complex
[2025-07-13T10:05:13.132+0000] {logging_mixin.py:120} INFO - [2025-07-13T10:05:13.132+0000] {taskmixin.py:205} WARNING - Dependency <Task(BashOperator): create_tag>, delete_tag already registered for DAG: example_complex
[2025-07-13T10:05:13.133+0000] {logging_mixin.py:120} INFO - [2025-07-13T10:05:13.133+0000] {taskmixin.py:205} WARNING - Dependency <Task(BashOperator): delete_tag>, create_tag already registered for DAG: example_complex
[2025-07-13T10:05:13.146+0000] {processor.py:766} INFO - DAG(s) dict_keys(['example_complex']) retrieved from /home/airflow/.local/lib/python3.7/site-packages/airflow/example_dags/example_complex.py
[2025-07-13T10:05:13.221+0000] {logging_mixin.py:120} INFO - [2025-07-13T10:05:13.221+0000] {dag.py:2585} INFO - Sync 1 DAGs
[2025-07-13T10:05:13.265+0000] {logging_mixin.py:120} INFO - [2025-07-13T10:05:13.265+0000] {dag.py:3340} INFO - Setting next_dagrun for example_complex to None, run_after=None
[2025-07-13T10:05:13.304+0000] {processor.py:176} INFO - Processing /home/airflow/.local/lib/python3.7/site-packages/airflow/example_dags/example_complex.py took 0.199 seconds
[2025-07-13T10:05:43.509+0000] {processor.py:154} INFO - Started process (PID=2061) to work on /home/airflow/.local/lib/python3.7/site-packages/airflow/example_dags/example_complex.py
[2025-07-13T10:05:43.510+0000] {processor.py:756} INFO - Processing file /home/airflow/.local/lib/python3.7/site-packages/airflow/example_dags/example_complex.py for tasks to queue
[2025-07-13T10:05:43.511+0000] {logging_mixin.py:120} INFO - [2025-07-13T10:05:43.511+0000] {dagbag.py:537} INFO - Filling up the DagBag from /home/airflow/.local/lib/python3.7/site-packages/airflow/example_dags/example_complex.py
[2025-07-13T10:05:43.526+0000] {logging_mixin.py:120} INFO - [2025-07-13T10:05:43.526+0000] {taskmixin.py:205} WARNING - Dependency <Task(BashOperator): create_entry_group>, delete_entry_group already registered for DAG: example_complex
[2025-07-13T10:05:43.527+0000] {logging_mixin.py:120} INFO - [2025-07-13T10:05:43.527+0000] {taskmixin.py:205} WARNING - Dependency <Task(BashOperator): delete_entry_group>, create_entry_group already registered for DAG: example_complex
[2025-07-13T10:05:43.528+0000] {logging_mixin.py:120} INFO - [2025-07-13T10:05:43.528+0000] {taskmixin.py:205} WARNING - Dependency <Task(BashOperator): create_entry_gcs>, delete_entry already registered for DAG: example_complex
[2025-07-13T10:05:43.529+0000] {logging_mixin.py:120} INFO - [2025-07-13T10:05:43.529+0000] {taskmixin.py:205} WARNING - Dependency <Task(BashOperator): delete_entry>, create_entry_gcs already registered for DAG: example_complex
[2025-07-13T10:05:43.530+0000] {logging_mixin.py:120} INFO - [2025-07-13T10:05:43.529+0000] {taskmixin.py:205} WARNING - Dependency <Task(BashOperator): create_tag>, delete_tag already registered for DAG: example_complex
[2025-07-13T10:05:43.530+0000] {logging_mixin.py:120} INFO - [2025-07-13T10:05:43.530+0000] {taskmixin.py:205} WARNING - Dependency <Task(BashOperator): delete_tag>, create_tag already registered for DAG: example_complex
[2025-07-13T10:05:43.540+0000] {processor.py:766} INFO - DAG(s) dict_keys(['example_complex']) retrieved from /home/airflow/.local/lib/python3.7/site-packages/airflow/example_dags/example_complex.py
[2025-07-13T10:05:43.613+0000] {logging_mixin.py:120} INFO - [2025-07-13T10:05:43.613+0000] {dag.py:2585} INFO - Sync 1 DAGs
[2025-07-13T10:05:43.657+0000] {logging_mixin.py:120} INFO - [2025-07-13T10:05:43.657+0000] {dag.py:3340} INFO - Setting next_dagrun for example_complex to None, run_after=None
[2025-07-13T10:05:43.693+0000] {processor.py:176} INFO - Processing /home/airflow/.local/lib/python3.7/site-packages/airflow/example_dags/example_complex.py took 0.191 seconds
[2025-07-13T10:06:14.436+0000] {processor.py:154} INFO - Started process (PID=2124) to work on /home/airflow/.local/lib/python3.7/site-packages/airflow/example_dags/example_complex.py
[2025-07-13T10:06:14.438+0000] {processor.py:756} INFO - Processing file /home/airflow/.local/lib/python3.7/site-packages/airflow/example_dags/example_complex.py for tasks to queue
[2025-07-13T10:06:14.439+0000] {logging_mixin.py:120} INFO - [2025-07-13T10:06:14.439+0000] {dagbag.py:537} INFO - Filling up the DagBag from /home/airflow/.local/lib/python3.7/site-packages/airflow/example_dags/example_complex.py
[2025-07-13T10:06:14.457+0000] {logging_mixin.py:120} INFO - [2025-07-13T10:06:14.457+0000] {taskmixin.py:205} WARNING - Dependency <Task(BashOperator): create_entry_group>, delete_entry_group already registered for DAG: example_complex
[2025-07-13T10:06:14.457+0000] {logging_mixin.py:120} INFO - [2025-07-13T10:06:14.457+0000] {taskmixin.py:205} WARNING - Dependency <Task(BashOperator): delete_entry_group>, create_entry_group already registered for DAG: example_complex
[2025-07-13T10:06:14.458+0000] {logging_mixin.py:120} INFO - [2025-07-13T10:06:14.458+0000] {taskmixin.py:205} WARNING - Dependency <Task(BashOperator): create_entry_gcs>, delete_entry already registered for DAG: example_complex
[2025-07-13T10:06:14.459+0000] {logging_mixin.py:120} INFO - [2025-07-13T10:06:14.458+0000] {taskmixin.py:205} WARNING - Dependency <Task(BashOperator): delete_entry>, create_entry_gcs already registered for DAG: example_complex
[2025-07-13T10:06:14.460+0000] {logging_mixin.py:120} INFO - [2025-07-13T10:06:14.459+0000] {taskmixin.py:205} WARNING - Dependency <Task(BashOperator): create_tag>, delete_tag already registered for DAG: example_complex
[2025-07-13T10:06:14.460+0000] {logging_mixin.py:120} INFO - [2025-07-13T10:06:14.460+0000] {taskmixin.py:205} WARNING - Dependency <Task(BashOperator): delete_tag>, create_tag already registered for DAG: example_complex
[2025-07-13T10:06:14.470+0000] {processor.py:766} INFO - DAG(s) dict_keys(['example_complex']) retrieved from /home/airflow/.local/lib/python3.7/site-packages/airflow/example_dags/example_complex.py
[2025-07-13T10:06:14.545+0000] {logging_mixin.py:120} INFO - [2025-07-13T10:06:14.545+0000] {dag.py:2585} INFO - Sync 1 DAGs
[2025-07-13T10:06:14.601+0000] {logging_mixin.py:120} INFO - [2025-07-13T10:06:14.601+0000] {dag.py:3340} INFO - Setting next_dagrun for example_complex to None, run_after=None
[2025-07-13T10:06:14.641+0000] {processor.py:176} INFO - Processing /home/airflow/.local/lib/python3.7/site-packages/airflow/example_dags/example_complex.py took 0.211 seconds
[2025-07-13T10:06:45.364+0000] {processor.py:154} INFO - Started process (PID=2179) to work on /home/airflow/.local/lib/python3.7/site-packages/airflow/example_dags/example_complex.py
[2025-07-13T10:06:45.365+0000] {processor.py:756} INFO - Processing file /home/airflow/.local/lib/python3.7/site-packages/airflow/example_dags/example_complex.py for tasks to queue
[2025-07-13T10:06:45.367+0000] {logging_mixin.py:120} INFO - [2025-07-13T10:06:45.367+0000] {dagbag.py:537} INFO - Filling up the DagBag from /home/airflow/.local/lib/python3.7/site-packages/airflow/example_dags/example_complex.py
[2025-07-13T10:06:45.381+0000] {logging_mixin.py:120} INFO - [2025-07-13T10:06:45.381+0000] {taskmixin.py:205} WARNING - Dependency <Task(BashOperator): create_entry_group>, delete_entry_group already registered for DAG: example_complex
[2025-07-13T10:06:45.382+0000] {logging_mixin.py:120} INFO - [2025-07-13T10:06:45.382+0000] {taskmixin.py:205} WARNING - Dependency <Task(BashOperator): delete_entry_group>, create_entry_group already registered for DAG: example_complex
[2025-07-13T10:06:45.383+0000] {logging_mixin.py:120} INFO - [2025-07-13T10:06:45.383+0000] {taskmixin.py:205} WARNING - Dependency <Task(BashOperator): create_entry_gcs>, delete_entry already registered for DAG: example_complex
[2025-07-13T10:06:45.383+0000] {logging_mixin.py:120} INFO - [2025-07-13T10:06:45.383+0000] {taskmixin.py:205} WARNING - Dependency <Task(BashOperator): delete_entry>, create_entry_gcs already registered for DAG: example_complex
[2025-07-13T10:06:45.384+0000] {logging_mixin.py:120} INFO - [2025-07-13T10:06:45.384+0000] {taskmixin.py:205} WARNING - Dependency <Task(BashOperator): create_tag>, delete_tag already registered for DAG: example_complex
[2025-07-13T10:06:45.385+0000] {logging_mixin.py:120} INFO - [2025-07-13T10:06:45.385+0000] {taskmixin.py:205} WARNING - Dependency <Task(BashOperator): delete_tag>, create_tag already registered for DAG: example_complex
[2025-07-13T10:06:45.395+0000] {processor.py:766} INFO - DAG(s) dict_keys(['example_complex']) retrieved from /home/airflow/.local/lib/python3.7/site-packages/airflow/example_dags/example_complex.py
[2025-07-13T10:06:45.462+0000] {logging_mixin.py:120} INFO - [2025-07-13T10:06:45.461+0000] {dag.py:2585} INFO - Sync 1 DAGs
[2025-07-13T10:06:45.500+0000] {logging_mixin.py:120} INFO - [2025-07-13T10:06:45.500+0000] {dag.py:3340} INFO - Setting next_dagrun for example_complex to None, run_after=None
[2025-07-13T10:06:45.529+0000] {processor.py:176} INFO - Processing /home/airflow/.local/lib/python3.7/site-packages/airflow/example_dags/example_complex.py took 0.172 seconds
[2025-07-13T10:07:16.144+0000] {processor.py:154} INFO - Started process (PID=2242) to work on /home/airflow/.local/lib/python3.7/site-packages/airflow/example_dags/example_complex.py
[2025-07-13T10:07:16.148+0000] {processor.py:756} INFO - Processing file /home/airflow/.local/lib/python3.7/site-packages/airflow/example_dags/example_complex.py for tasks to queue
[2025-07-13T10:07:16.151+0000] {logging_mixin.py:120} INFO - [2025-07-13T10:07:16.151+0000] {dagbag.py:537} INFO - Filling up the DagBag from /home/airflow/.local/lib/python3.7/site-packages/airflow/example_dags/example_complex.py
[2025-07-13T10:07:16.179+0000] {logging_mixin.py:120} INFO - [2025-07-13T10:07:16.179+0000] {taskmixin.py:205} WARNING - Dependency <Task(BashOperator): create_entry_group>, delete_entry_group already registered for DAG: example_complex
[2025-07-13T10:07:16.181+0000] {logging_mixin.py:120} INFO - [2025-07-13T10:07:16.181+0000] {taskmixin.py:205} WARNING - Dependency <Task(BashOperator): delete_entry_group>, create_entry_group already registered for DAG: example_complex
[2025-07-13T10:07:16.182+0000] {logging_mixin.py:120} INFO - [2025-07-13T10:07:16.182+0000] {taskmixin.py:205} WARNING - Dependency <Task(BashOperator): create_entry_gcs>, delete_entry already registered for DAG: example_complex
[2025-07-13T10:07:16.183+0000] {logging_mixin.py:120} INFO - [2025-07-13T10:07:16.183+0000] {taskmixin.py:205} WARNING - Dependency <Task(BashOperator): delete_entry>, create_entry_gcs already registered for DAG: example_complex
[2025-07-13T10:07:16.184+0000] {logging_mixin.py:120} INFO - [2025-07-13T10:07:16.184+0000] {taskmixin.py:205} WARNING - Dependency <Task(BashOperator): create_tag>, delete_tag already registered for DAG: example_complex
[2025-07-13T10:07:16.185+0000] {logging_mixin.py:120} INFO - [2025-07-13T10:07:16.184+0000] {taskmixin.py:205} WARNING - Dependency <Task(BashOperator): delete_tag>, create_tag already registered for DAG: example_complex
[2025-07-13T10:07:16.194+0000] {processor.py:766} INFO - DAG(s) dict_keys(['example_complex']) retrieved from /home/airflow/.local/lib/python3.7/site-packages/airflow/example_dags/example_complex.py
[2025-07-13T10:07:16.257+0000] {logging_mixin.py:120} INFO - [2025-07-13T10:07:16.257+0000] {dag.py:2585} INFO - Sync 1 DAGs
[2025-07-13T10:07:16.290+0000] {logging_mixin.py:120} INFO - [2025-07-13T10:07:16.290+0000] {dag.py:3340} INFO - Setting next_dagrun for example_complex to None, run_after=None
[2025-07-13T10:07:16.329+0000] {processor.py:176} INFO - Processing /home/airflow/.local/lib/python3.7/site-packages/airflow/example_dags/example_complex.py took 0.191 seconds
[2025-07-13T10:07:46.641+0000] {processor.py:154} INFO - Started process (PID=2297) to work on /home/airflow/.local/lib/python3.7/site-packages/airflow/example_dags/example_complex.py
[2025-07-13T10:07:46.643+0000] {processor.py:756} INFO - Processing file /home/airflow/.local/lib/python3.7/site-packages/airflow/example_dags/example_complex.py for tasks to queue
[2025-07-13T10:07:46.645+0000] {logging_mixin.py:120} INFO - [2025-07-13T10:07:46.644+0000] {dagbag.py:537} INFO - Filling up the DagBag from /home/airflow/.local/lib/python3.7/site-packages/airflow/example_dags/example_complex.py
[2025-07-13T10:07:46.671+0000] {logging_mixin.py:120} INFO - [2025-07-13T10:07:46.671+0000] {taskmixin.py:205} WARNING - Dependency <Task(BashOperator): create_entry_group>, delete_entry_group already registered for DAG: example_complex
[2025-07-13T10:07:46.672+0000] {logging_mixin.py:120} INFO - [2025-07-13T10:07:46.672+0000] {taskmixin.py:205} WARNING - Dependency <Task(BashOperator): delete_entry_group>, create_entry_group already registered for DAG: example_complex
[2025-07-13T10:07:46.673+0000] {logging_mixin.py:120} INFO - [2025-07-13T10:07:46.673+0000] {taskmixin.py:205} WARNING - Dependency <Task(BashOperator): create_entry_gcs>, delete_entry already registered for DAG: example_complex
[2025-07-13T10:07:46.674+0000] {logging_mixin.py:120} INFO - [2025-07-13T10:07:46.673+0000] {taskmixin.py:205} WARNING - Dependency <Task(BashOperator): delete_entry>, create_entry_gcs already registered for DAG: example_complex
[2025-07-13T10:07:46.674+0000] {logging_mixin.py:120} INFO - [2025-07-13T10:07:46.674+0000] {taskmixin.py:205} WARNING - Dependency <Task(BashOperator): create_tag>, delete_tag already registered for DAG: example_complex
[2025-07-13T10:07:46.675+0000] {logging_mixin.py:120} INFO - [2025-07-13T10:07:46.675+0000] {taskmixin.py:205} WARNING - Dependency <Task(BashOperator): delete_tag>, create_tag already registered for DAG: example_complex
[2025-07-13T10:07:46.690+0000] {processor.py:766} INFO - DAG(s) dict_keys(['example_complex']) retrieved from /home/airflow/.local/lib/python3.7/site-packages/airflow/example_dags/example_complex.py
[2025-07-13T10:07:46.781+0000] {logging_mixin.py:120} INFO - [2025-07-13T10:07:46.781+0000] {dag.py:2585} INFO - Sync 1 DAGs
[2025-07-13T10:07:46.874+0000] {logging_mixin.py:120} INFO - [2025-07-13T10:07:46.874+0000] {dag.py:3340} INFO - Setting next_dagrun for example_complex to None, run_after=None
[2025-07-13T10:07:46.949+0000] {processor.py:176} INFO - Processing /home/airflow/.local/lib/python3.7/site-packages/airflow/example_dags/example_complex.py took 0.315 seconds
[2025-07-13T10:08:17.812+0000] {processor.py:154} INFO - Started process (PID=2359) to work on /home/airflow/.local/lib/python3.7/site-packages/airflow/example_dags/example_complex.py
[2025-07-13T10:08:17.813+0000] {processor.py:756} INFO - Processing file /home/airflow/.local/lib/python3.7/site-packages/airflow/example_dags/example_complex.py for tasks to queue
[2025-07-13T10:08:17.814+0000] {logging_mixin.py:120} INFO - [2025-07-13T10:08:17.814+0000] {dagbag.py:537} INFO - Filling up the DagBag from /home/airflow/.local/lib/python3.7/site-packages/airflow/example_dags/example_complex.py
[2025-07-13T10:08:17.833+0000] {logging_mixin.py:120} INFO - [2025-07-13T10:08:17.833+0000] {taskmixin.py:205} WARNING - Dependency <Task(BashOperator): create_entry_group>, delete_entry_group already registered for DAG: example_complex
[2025-07-13T10:08:17.834+0000] {logging_mixin.py:120} INFO - [2025-07-13T10:08:17.834+0000] {taskmixin.py:205} WARNING - Dependency <Task(BashOperator): delete_entry_group>, create_entry_group already registered for DAG: example_complex
[2025-07-13T10:08:17.835+0000] {logging_mixin.py:120} INFO - [2025-07-13T10:08:17.835+0000] {taskmixin.py:205} WARNING - Dependency <Task(BashOperator): create_entry_gcs>, delete_entry already registered for DAG: example_complex
[2025-07-13T10:08:17.835+0000] {logging_mixin.py:120} INFO - [2025-07-13T10:08:17.835+0000] {taskmixin.py:205} WARNING - Dependency <Task(BashOperator): delete_entry>, create_entry_gcs already registered for DAG: example_complex
[2025-07-13T10:08:17.836+0000] {logging_mixin.py:120} INFO - [2025-07-13T10:08:17.836+0000] {taskmixin.py:205} WARNING - Dependency <Task(BashOperator): create_tag>, delete_tag already registered for DAG: example_complex
[2025-07-13T10:08:17.837+0000] {logging_mixin.py:120} INFO - [2025-07-13T10:08:17.837+0000] {taskmixin.py:205} WARNING - Dependency <Task(BashOperator): delete_tag>, create_tag already registered for DAG: example_complex
[2025-07-13T10:08:17.850+0000] {processor.py:766} INFO - DAG(s) dict_keys(['example_complex']) retrieved from /home/airflow/.local/lib/python3.7/site-packages/airflow/example_dags/example_complex.py
[2025-07-13T10:08:17.920+0000] {logging_mixin.py:120} INFO - [2025-07-13T10:08:17.919+0000] {dag.py:2585} INFO - Sync 1 DAGs
[2025-07-13T10:08:17.951+0000] {logging_mixin.py:120} INFO - [2025-07-13T10:08:17.951+0000] {dag.py:3340} INFO - Setting next_dagrun for example_complex to None, run_after=None
[2025-07-13T10:08:17.983+0000] {processor.py:176} INFO - Processing /home/airflow/.local/lib/python3.7/site-packages/airflow/example_dags/example_complex.py took 0.176 seconds
[2025-07-13T10:08:48.638+0000] {processor.py:154} INFO - Started process (PID=2413) to work on /home/airflow/.local/lib/python3.7/site-packages/airflow/example_dags/example_complex.py
[2025-07-13T10:08:48.639+0000] {processor.py:756} INFO - Processing file /home/airflow/.local/lib/python3.7/site-packages/airflow/example_dags/example_complex.py for tasks to queue
[2025-07-13T10:08:48.640+0000] {logging_mixin.py:120} INFO - [2025-07-13T10:08:48.640+0000] {dagbag.py:537} INFO - Filling up the DagBag from /home/airflow/.local/lib/python3.7/site-packages/airflow/example_dags/example_complex.py
[2025-07-13T10:08:48.663+0000] {logging_mixin.py:120} INFO - [2025-07-13T10:08:48.662+0000] {taskmixin.py:205} WARNING - Dependency <Task(BashOperator): create_entry_group>, delete_entry_group already registered for DAG: example_complex
[2025-07-13T10:08:48.664+0000] {logging_mixin.py:120} INFO - [2025-07-13T10:08:48.663+0000] {taskmixin.py:205} WARNING - Dependency <Task(BashOperator): delete_entry_group>, create_entry_group already registered for DAG: example_complex
[2025-07-13T10:08:48.665+0000] {logging_mixin.py:120} INFO - [2025-07-13T10:08:48.664+0000] {taskmixin.py:205} WARNING - Dependency <Task(BashOperator): create_entry_gcs>, delete_entry already registered for DAG: example_complex
[2025-07-13T10:08:48.665+0000] {logging_mixin.py:120} INFO - [2025-07-13T10:08:48.665+0000] {taskmixin.py:205} WARNING - Dependency <Task(BashOperator): delete_entry>, create_entry_gcs already registered for DAG: example_complex
[2025-07-13T10:08:48.666+0000] {logging_mixin.py:120} INFO - [2025-07-13T10:08:48.666+0000] {taskmixin.py:205} WARNING - Dependency <Task(BashOperator): create_tag>, delete_tag already registered for DAG: example_complex
[2025-07-13T10:08:48.666+0000] {logging_mixin.py:120} INFO - [2025-07-13T10:08:48.666+0000] {taskmixin.py:205} WARNING - Dependency <Task(BashOperator): delete_tag>, create_tag already registered for DAG: example_complex
[2025-07-13T10:08:48.677+0000] {processor.py:766} INFO - DAG(s) dict_keys(['example_complex']) retrieved from /home/airflow/.local/lib/python3.7/site-packages/airflow/example_dags/example_complex.py
[2025-07-13T10:08:48.773+0000] {logging_mixin.py:120} INFO - [2025-07-13T10:08:48.773+0000] {dag.py:2585} INFO - Sync 1 DAGs
[2025-07-13T10:08:48.828+0000] {logging_mixin.py:120} INFO - [2025-07-13T10:08:48.828+0000] {dag.py:3340} INFO - Setting next_dagrun for example_complex to None, run_after=None
[2025-07-13T10:08:48.877+0000] {processor.py:176} INFO - Processing /home/airflow/.local/lib/python3.7/site-packages/airflow/example_dags/example_complex.py took 0.243 seconds
[2025-07-13T10:09:19.284+0000] {processor.py:154} INFO - Started process (PID=2476) to work on /home/airflow/.local/lib/python3.7/site-packages/airflow/example_dags/example_complex.py
[2025-07-13T10:09:19.285+0000] {processor.py:756} INFO - Processing file /home/airflow/.local/lib/python3.7/site-packages/airflow/example_dags/example_complex.py for tasks to queue
[2025-07-13T10:09:19.287+0000] {logging_mixin.py:120} INFO - [2025-07-13T10:09:19.287+0000] {dagbag.py:537} INFO - Filling up the DagBag from /home/airflow/.local/lib/python3.7/site-packages/airflow/example_dags/example_complex.py
[2025-07-13T10:09:19.302+0000] {logging_mixin.py:120} INFO - [2025-07-13T10:09:19.301+0000] {taskmixin.py:205} WARNING - Dependency <Task(BashOperator): create_entry_group>, delete_entry_group already registered for DAG: example_complex
[2025-07-13T10:09:19.302+0000] {logging_mixin.py:120} INFO - [2025-07-13T10:09:19.302+0000] {taskmixin.py:205} WARNING - Dependency <Task(BashOperator): delete_entry_group>, create_entry_group already registered for DAG: example_complex
[2025-07-13T10:09:19.303+0000] {logging_mixin.py:120} INFO - [2025-07-13T10:09:19.303+0000] {taskmixin.py:205} WARNING - Dependency <Task(BashOperator): create_entry_gcs>, delete_entry already registered for DAG: example_complex
[2025-07-13T10:09:19.304+0000] {logging_mixin.py:120} INFO - [2025-07-13T10:09:19.303+0000] {taskmixin.py:205} WARNING - Dependency <Task(BashOperator): delete_entry>, create_entry_gcs already registered for DAG: example_complex
[2025-07-13T10:09:19.304+0000] {logging_mixin.py:120} INFO - [2025-07-13T10:09:19.304+0000] {taskmixin.py:205} WARNING - Dependency <Task(BashOperator): create_tag>, delete_tag already registered for DAG: example_complex
[2025-07-13T10:09:19.305+0000] {logging_mixin.py:120} INFO - [2025-07-13T10:09:19.304+0000] {taskmixin.py:205} WARNING - Dependency <Task(BashOperator): delete_tag>, create_tag already registered for DAG: example_complex
[2025-07-13T10:09:19.314+0000] {processor.py:766} INFO - DAG(s) dict_keys(['example_complex']) retrieved from /home/airflow/.local/lib/python3.7/site-packages/airflow/example_dags/example_complex.py
[2025-07-13T10:09:19.377+0000] {logging_mixin.py:120} INFO - [2025-07-13T10:09:19.377+0000] {dag.py:2585} INFO - Sync 1 DAGs
[2025-07-13T10:09:19.407+0000] {logging_mixin.py:120} INFO - [2025-07-13T10:09:19.407+0000] {dag.py:3340} INFO - Setting next_dagrun for example_complex to None, run_after=None
[2025-07-13T10:09:19.438+0000] {processor.py:176} INFO - Processing /home/airflow/.local/lib/python3.7/site-packages/airflow/example_dags/example_complex.py took 0.160 seconds
[2025-07-13T10:09:50.249+0000] {processor.py:154} INFO - Started process (PID=2539) to work on /home/airflow/.local/lib/python3.7/site-packages/airflow/example_dags/example_complex.py
[2025-07-13T10:09:50.251+0000] {processor.py:756} INFO - Processing file /home/airflow/.local/lib/python3.7/site-packages/airflow/example_dags/example_complex.py for tasks to queue
[2025-07-13T10:09:50.253+0000] {logging_mixin.py:120} INFO - [2025-07-13T10:09:50.253+0000] {dagbag.py:537} INFO - Filling up the DagBag from /home/airflow/.local/lib/python3.7/site-packages/airflow/example_dags/example_complex.py
[2025-07-13T10:09:50.279+0000] {logging_mixin.py:120} INFO - [2025-07-13T10:09:50.278+0000] {taskmixin.py:205} WARNING - Dependency <Task(BashOperator): create_entry_group>, delete_entry_group already registered for DAG: example_complex
[2025-07-13T10:09:50.280+0000] {logging_mixin.py:120} INFO - [2025-07-13T10:09:50.279+0000] {taskmixin.py:205} WARNING - Dependency <Task(BashOperator): delete_entry_group>, create_entry_group already registered for DAG: example_complex
[2025-07-13T10:09:50.281+0000] {logging_mixin.py:120} INFO - [2025-07-13T10:09:50.280+0000] {taskmixin.py:205} WARNING - Dependency <Task(BashOperator): create_entry_gcs>, delete_entry already registered for DAG: example_complex
[2025-07-13T10:09:50.281+0000] {logging_mixin.py:120} INFO - [2025-07-13T10:09:50.281+0000] {taskmixin.py:205} WARNING - Dependency <Task(BashOperator): delete_entry>, create_entry_gcs already registered for DAG: example_complex
[2025-07-13T10:09:50.283+0000] {logging_mixin.py:120} INFO - [2025-07-13T10:09:50.283+0000] {taskmixin.py:205} WARNING - Dependency <Task(BashOperator): create_tag>, delete_tag already registered for DAG: example_complex
[2025-07-13T10:09:50.284+0000] {logging_mixin.py:120} INFO - [2025-07-13T10:09:50.284+0000] {taskmixin.py:205} WARNING - Dependency <Task(BashOperator): delete_tag>, create_tag already registered for DAG: example_complex
[2025-07-13T10:09:50.301+0000] {processor.py:766} INFO - DAG(s) dict_keys(['example_complex']) retrieved from /home/airflow/.local/lib/python3.7/site-packages/airflow/example_dags/example_complex.py
[2025-07-13T10:09:50.398+0000] {logging_mixin.py:120} INFO - [2025-07-13T10:09:50.398+0000] {dag.py:2585} INFO - Sync 1 DAGs
[2025-07-13T10:09:50.465+0000] {logging_mixin.py:120} INFO - [2025-07-13T10:09:50.465+0000] {dag.py:3340} INFO - Setting next_dagrun for example_complex to None, run_after=None
[2025-07-13T10:09:50.506+0000] {processor.py:176} INFO - Processing /home/airflow/.local/lib/python3.7/site-packages/airflow/example_dags/example_complex.py took 0.265 seconds
[2025-07-13T10:10:21.264+0000] {processor.py:154} INFO - Started process (PID=2593) to work on /home/airflow/.local/lib/python3.7/site-packages/airflow/example_dags/example_complex.py
[2025-07-13T10:10:21.265+0000] {processor.py:756} INFO - Processing file /home/airflow/.local/lib/python3.7/site-packages/airflow/example_dags/example_complex.py for tasks to queue
[2025-07-13T10:10:21.266+0000] {logging_mixin.py:120} INFO - [2025-07-13T10:10:21.266+0000] {dagbag.py:537} INFO - Filling up the DagBag from /home/airflow/.local/lib/python3.7/site-packages/airflow/example_dags/example_complex.py
[2025-07-13T10:10:21.288+0000] {logging_mixin.py:120} INFO - [2025-07-13T10:10:21.288+0000] {taskmixin.py:205} WARNING - Dependency <Task(BashOperator): create_entry_group>, delete_entry_group already registered for DAG: example_complex
[2025-07-13T10:10:21.289+0000] {logging_mixin.py:120} INFO - [2025-07-13T10:10:21.289+0000] {taskmixin.py:205} WARNING - Dependency <Task(BashOperator): delete_entry_group>, create_entry_group already registered for DAG: example_complex
[2025-07-13T10:10:21.290+0000] {logging_mixin.py:120} INFO - [2025-07-13T10:10:21.290+0000] {taskmixin.py:205} WARNING - Dependency <Task(BashOperator): create_entry_gcs>, delete_entry already registered for DAG: example_complex
[2025-07-13T10:10:21.291+0000] {logging_mixin.py:120} INFO - [2025-07-13T10:10:21.291+0000] {taskmixin.py:205} WARNING - Dependency <Task(BashOperator): delete_entry>, create_entry_gcs already registered for DAG: example_complex
[2025-07-13T10:10:21.292+0000] {logging_mixin.py:120} INFO - [2025-07-13T10:10:21.292+0000] {taskmixin.py:205} WARNING - Dependency <Task(BashOperator): create_tag>, delete_tag already registered for DAG: example_complex
[2025-07-13T10:10:21.293+0000] {logging_mixin.py:120} INFO - [2025-07-13T10:10:21.292+0000] {taskmixin.py:205} WARNING - Dependency <Task(BashOperator): delete_tag>, create_tag already registered for DAG: example_complex
[2025-07-13T10:10:21.303+0000] {processor.py:766} INFO - DAG(s) dict_keys(['example_complex']) retrieved from /home/airflow/.local/lib/python3.7/site-packages/airflow/example_dags/example_complex.py
[2025-07-13T10:10:21.389+0000] {logging_mixin.py:120} INFO - [2025-07-13T10:10:21.388+0000] {dag.py:2585} INFO - Sync 1 DAGs
[2025-07-13T10:10:21.438+0000] {logging_mixin.py:120} INFO - [2025-07-13T10:10:21.438+0000] {dag.py:3340} INFO - Setting next_dagrun for example_complex to None, run_after=None
[2025-07-13T10:10:21.473+0000] {processor.py:176} INFO - Processing /home/airflow/.local/lib/python3.7/site-packages/airflow/example_dags/example_complex.py took 0.213 seconds
[2025-07-13T10:10:52.129+0000] {processor.py:154} INFO - Started process (PID=2656) to work on /home/airflow/.local/lib/python3.7/site-packages/airflow/example_dags/example_complex.py
[2025-07-13T10:10:52.130+0000] {processor.py:756} INFO - Processing file /home/airflow/.local/lib/python3.7/site-packages/airflow/example_dags/example_complex.py for tasks to queue
[2025-07-13T10:10:52.132+0000] {logging_mixin.py:120} INFO - [2025-07-13T10:10:52.131+0000] {dagbag.py:537} INFO - Filling up the DagBag from /home/airflow/.local/lib/python3.7/site-packages/airflow/example_dags/example_complex.py
[2025-07-13T10:10:52.148+0000] {logging_mixin.py:120} INFO - [2025-07-13T10:10:52.147+0000] {taskmixin.py:205} WARNING - Dependency <Task(BashOperator): create_entry_group>, delete_entry_group already registered for DAG: example_complex
[2025-07-13T10:10:52.148+0000] {logging_mixin.py:120} INFO - [2025-07-13T10:10:52.148+0000] {taskmixin.py:205} WARNING - Dependency <Task(BashOperator): delete_entry_group>, create_entry_group already registered for DAG: example_complex
[2025-07-13T10:10:52.149+0000] {logging_mixin.py:120} INFO - [2025-07-13T10:10:52.149+0000] {taskmixin.py:205} WARNING - Dependency <Task(BashOperator): create_entry_gcs>, delete_entry already registered for DAG: example_complex
[2025-07-13T10:10:52.150+0000] {logging_mixin.py:120} INFO - [2025-07-13T10:10:52.149+0000] {taskmixin.py:205} WARNING - Dependency <Task(BashOperator): delete_entry>, create_entry_gcs already registered for DAG: example_complex
[2025-07-13T10:10:52.150+0000] {logging_mixin.py:120} INFO - [2025-07-13T10:10:52.150+0000] {taskmixin.py:205} WARNING - Dependency <Task(BashOperator): create_tag>, delete_tag already registered for DAG: example_complex
[2025-07-13T10:10:52.151+0000] {logging_mixin.py:120} INFO - [2025-07-13T10:10:52.151+0000] {taskmixin.py:205} WARNING - Dependency <Task(BashOperator): delete_tag>, create_tag already registered for DAG: example_complex
[2025-07-13T10:10:52.164+0000] {processor.py:766} INFO - DAG(s) dict_keys(['example_complex']) retrieved from /home/airflow/.local/lib/python3.7/site-packages/airflow/example_dags/example_complex.py
[2025-07-13T10:10:52.234+0000] {logging_mixin.py:120} INFO - [2025-07-13T10:10:52.233+0000] {dag.py:2585} INFO - Sync 1 DAGs
[2025-07-13T10:10:52.276+0000] {logging_mixin.py:120} INFO - [2025-07-13T10:10:52.275+0000] {dag.py:3340} INFO - Setting next_dagrun for example_complex to None, run_after=None
[2025-07-13T10:10:52.309+0000] {processor.py:176} INFO - Processing /home/airflow/.local/lib/python3.7/site-packages/airflow/example_dags/example_complex.py took 0.187 seconds
[2025-07-13T10:11:23.109+0000] {processor.py:154} INFO - Started process (PID=2719) to work on /home/airflow/.local/lib/python3.7/site-packages/airflow/example_dags/example_complex.py
[2025-07-13T10:11:23.111+0000] {processor.py:756} INFO - Processing file /home/airflow/.local/lib/python3.7/site-packages/airflow/example_dags/example_complex.py for tasks to queue
[2025-07-13T10:11:23.112+0000] {logging_mixin.py:120} INFO - [2025-07-13T10:11:23.112+0000] {dagbag.py:537} INFO - Filling up the DagBag from /home/airflow/.local/lib/python3.7/site-packages/airflow/example_dags/example_complex.py
[2025-07-13T10:11:23.133+0000] {logging_mixin.py:120} INFO - [2025-07-13T10:11:23.132+0000] {taskmixin.py:205} WARNING - Dependency <Task(BashOperator): create_entry_group>, delete_entry_group already registered for DAG: example_complex
[2025-07-13T10:11:23.133+0000] {logging_mixin.py:120} INFO - [2025-07-13T10:11:23.133+0000] {taskmixin.py:205} WARNING - Dependency <Task(BashOperator): delete_entry_group>, create_entry_group already registered for DAG: example_complex
[2025-07-13T10:11:23.134+0000] {logging_mixin.py:120} INFO - [2025-07-13T10:11:23.134+0000] {taskmixin.py:205} WARNING - Dependency <Task(BashOperator): create_entry_gcs>, delete_entry already registered for DAG: example_complex
[2025-07-13T10:11:23.134+0000] {logging_mixin.py:120} INFO - [2025-07-13T10:11:23.134+0000] {taskmixin.py:205} WARNING - Dependency <Task(BashOperator): delete_entry>, create_entry_gcs already registered for DAG: example_complex
[2025-07-13T10:11:23.135+0000] {logging_mixin.py:120} INFO - [2025-07-13T10:11:23.135+0000] {taskmixin.py:205} WARNING - Dependency <Task(BashOperator): create_tag>, delete_tag already registered for DAG: example_complex
[2025-07-13T10:11:23.136+0000] {logging_mixin.py:120} INFO - [2025-07-13T10:11:23.135+0000] {taskmixin.py:205} WARNING - Dependency <Task(BashOperator): delete_tag>, create_tag already registered for DAG: example_complex
[2025-07-13T10:11:23.146+0000] {processor.py:766} INFO - DAG(s) dict_keys(['example_complex']) retrieved from /home/airflow/.local/lib/python3.7/site-packages/airflow/example_dags/example_complex.py
[2025-07-13T10:11:23.231+0000] {logging_mixin.py:120} INFO - [2025-07-13T10:11:23.230+0000] {dag.py:2585} INFO - Sync 1 DAGs
[2025-07-13T10:11:23.279+0000] {logging_mixin.py:120} INFO - [2025-07-13T10:11:23.278+0000] {dag.py:3340} INFO - Setting next_dagrun for example_complex to None, run_after=None
[2025-07-13T10:11:23.318+0000] {processor.py:176} INFO - Processing /home/airflow/.local/lib/python3.7/site-packages/airflow/example_dags/example_complex.py took 0.215 seconds
[2025-07-13T10:11:53.847+0000] {processor.py:154} INFO - Started process (PID=2773) to work on /home/airflow/.local/lib/python3.7/site-packages/airflow/example_dags/example_complex.py
[2025-07-13T10:11:53.849+0000] {processor.py:756} INFO - Processing file /home/airflow/.local/lib/python3.7/site-packages/airflow/example_dags/example_complex.py for tasks to queue
[2025-07-13T10:11:53.850+0000] {logging_mixin.py:120} INFO - [2025-07-13T10:11:53.850+0000] {dagbag.py:537} INFO - Filling up the DagBag from /home/airflow/.local/lib/python3.7/site-packages/airflow/example_dags/example_complex.py
[2025-07-13T10:11:53.869+0000] {logging_mixin.py:120} INFO - [2025-07-13T10:11:53.868+0000] {taskmixin.py:205} WARNING - Dependency <Task(BashOperator): create_entry_group>, delete_entry_group already registered for DAG: example_complex
[2025-07-13T10:11:53.870+0000] {logging_mixin.py:120} INFO - [2025-07-13T10:11:53.869+0000] {taskmixin.py:205} WARNING - Dependency <Task(BashOperator): delete_entry_group>, create_entry_group already registered for DAG: example_complex
[2025-07-13T10:11:53.870+0000] {logging_mixin.py:120} INFO - [2025-07-13T10:11:53.870+0000] {taskmixin.py:205} WARNING - Dependency <Task(BashOperator): create_entry_gcs>, delete_entry already registered for DAG: example_complex
[2025-07-13T10:11:53.871+0000] {logging_mixin.py:120} INFO - [2025-07-13T10:11:53.871+0000] {taskmixin.py:205} WARNING - Dependency <Task(BashOperator): delete_entry>, create_entry_gcs already registered for DAG: example_complex
[2025-07-13T10:11:53.872+0000] {logging_mixin.py:120} INFO - [2025-07-13T10:11:53.872+0000] {taskmixin.py:205} WARNING - Dependency <Task(BashOperator): create_tag>, delete_tag already registered for DAG: example_complex
[2025-07-13T10:11:53.873+0000] {logging_mixin.py:120} INFO - [2025-07-13T10:11:53.872+0000] {taskmixin.py:205} WARNING - Dependency <Task(BashOperator): delete_tag>, create_tag already registered for DAG: example_complex
[2025-07-13T10:11:53.887+0000] {processor.py:766} INFO - DAG(s) dict_keys(['example_complex']) retrieved from /home/airflow/.local/lib/python3.7/site-packages/airflow/example_dags/example_complex.py
[2025-07-13T10:11:53.969+0000] {logging_mixin.py:120} INFO - [2025-07-13T10:11:53.969+0000] {dag.py:2585} INFO - Sync 1 DAGs
[2025-07-13T10:11:54.017+0000] {logging_mixin.py:120} INFO - [2025-07-13T10:11:54.017+0000] {dag.py:3340} INFO - Setting next_dagrun for example_complex to None, run_after=None
[2025-07-13T10:11:54.053+0000] {processor.py:176} INFO - Processing /home/airflow/.local/lib/python3.7/site-packages/airflow/example_dags/example_complex.py took 0.212 seconds
[2025-07-13T10:12:24.564+0000] {processor.py:154} INFO - Started process (PID=2837) to work on /home/airflow/.local/lib/python3.7/site-packages/airflow/example_dags/example_complex.py
[2025-07-13T10:12:24.565+0000] {processor.py:756} INFO - Processing file /home/airflow/.local/lib/python3.7/site-packages/airflow/example_dags/example_complex.py for tasks to queue
[2025-07-13T10:12:24.566+0000] {logging_mixin.py:120} INFO - [2025-07-13T10:12:24.566+0000] {dagbag.py:537} INFO - Filling up the DagBag from /home/airflow/.local/lib/python3.7/site-packages/airflow/example_dags/example_complex.py
[2025-07-13T10:12:24.585+0000] {logging_mixin.py:120} INFO - [2025-07-13T10:12:24.584+0000] {taskmixin.py:205} WARNING - Dependency <Task(BashOperator): create_entry_group>, delete_entry_group already registered for DAG: example_complex
[2025-07-13T10:12:24.586+0000] {logging_mixin.py:120} INFO - [2025-07-13T10:12:24.585+0000] {taskmixin.py:205} WARNING - Dependency <Task(BashOperator): delete_entry_group>, create_entry_group already registered for DAG: example_complex
[2025-07-13T10:12:24.586+0000] {logging_mixin.py:120} INFO - [2025-07-13T10:12:24.586+0000] {taskmixin.py:205} WARNING - Dependency <Task(BashOperator): create_entry_gcs>, delete_entry already registered for DAG: example_complex
[2025-07-13T10:12:24.587+0000] {logging_mixin.py:120} INFO - [2025-07-13T10:12:24.587+0000] {taskmixin.py:205} WARNING - Dependency <Task(BashOperator): delete_entry>, create_entry_gcs already registered for DAG: example_complex
[2025-07-13T10:12:24.589+0000] {logging_mixin.py:120} INFO - [2025-07-13T10:12:24.589+0000] {taskmixin.py:205} WARNING - Dependency <Task(BashOperator): create_tag>, delete_tag already registered for DAG: example_complex
[2025-07-13T10:12:24.589+0000] {logging_mixin.py:120} INFO - [2025-07-13T10:12:24.589+0000] {taskmixin.py:205} WARNING - Dependency <Task(BashOperator): delete_tag>, create_tag already registered for DAG: example_complex
[2025-07-13T10:12:24.602+0000] {processor.py:766} INFO - DAG(s) dict_keys(['example_complex']) retrieved from /home/airflow/.local/lib/python3.7/site-packages/airflow/example_dags/example_complex.py
[2025-07-13T10:12:24.667+0000] {logging_mixin.py:120} INFO - [2025-07-13T10:12:24.666+0000] {dag.py:2585} INFO - Sync 1 DAGs
[2025-07-13T10:12:24.704+0000] {logging_mixin.py:120} INFO - [2025-07-13T10:12:24.704+0000] {dag.py:3340} INFO - Setting next_dagrun for example_complex to None, run_after=None
[2025-07-13T10:12:24.735+0000] {processor.py:176} INFO - Processing /home/airflow/.local/lib/python3.7/site-packages/airflow/example_dags/example_complex.py took 0.175 seconds
[2025-07-13T10:12:54.860+0000] {processor.py:154} INFO - Started process (PID=2891) to work on /home/airflow/.local/lib/python3.7/site-packages/airflow/example_dags/example_complex.py
[2025-07-13T10:12:54.865+0000] {processor.py:756} INFO - Processing file /home/airflow/.local/lib/python3.7/site-packages/airflow/example_dags/example_complex.py for tasks to queue
[2025-07-13T10:12:54.867+0000] {logging_mixin.py:120} INFO - [2025-07-13T10:12:54.867+0000] {dagbag.py:537} INFO - Filling up the DagBag from /home/airflow/.local/lib/python3.7/site-packages/airflow/example_dags/example_complex.py
[2025-07-13T10:12:54.891+0000] {logging_mixin.py:120} INFO - [2025-07-13T10:12:54.891+0000] {taskmixin.py:205} WARNING - Dependency <Task(BashOperator): create_entry_group>, delete_entry_group already registered for DAG: example_complex
[2025-07-13T10:12:54.892+0000] {logging_mixin.py:120} INFO - [2025-07-13T10:12:54.892+0000] {taskmixin.py:205} WARNING - Dependency <Task(BashOperator): delete_entry_group>, create_entry_group already registered for DAG: example_complex
[2025-07-13T10:12:54.894+0000] {logging_mixin.py:120} INFO - [2025-07-13T10:12:54.894+0000] {taskmixin.py:205} WARNING - Dependency <Task(BashOperator): create_entry_gcs>, delete_entry already registered for DAG: example_complex
[2025-07-13T10:12:54.895+0000] {logging_mixin.py:120} INFO - [2025-07-13T10:12:54.895+0000] {taskmixin.py:205} WARNING - Dependency <Task(BashOperator): delete_entry>, create_entry_gcs already registered for DAG: example_complex
[2025-07-13T10:12:54.896+0000] {logging_mixin.py:120} INFO - [2025-07-13T10:12:54.896+0000] {taskmixin.py:205} WARNING - Dependency <Task(BashOperator): create_tag>, delete_tag already registered for DAG: example_complex
[2025-07-13T10:12:54.897+0000] {logging_mixin.py:120} INFO - [2025-07-13T10:12:54.897+0000] {taskmixin.py:205} WARNING - Dependency <Task(BashOperator): delete_tag>, create_tag already registered for DAG: example_complex
[2025-07-13T10:12:54.907+0000] {processor.py:766} INFO - DAG(s) dict_keys(['example_complex']) retrieved from /home/airflow/.local/lib/python3.7/site-packages/airflow/example_dags/example_complex.py
[2025-07-13T10:12:54.973+0000] {logging_mixin.py:120} INFO - [2025-07-13T10:12:54.973+0000] {dag.py:2585} INFO - Sync 1 DAGs
[2025-07-13T10:12:55.014+0000] {logging_mixin.py:120} INFO - [2025-07-13T10:12:55.014+0000] {dag.py:3340} INFO - Setting next_dagrun for example_complex to None, run_after=None
[2025-07-13T10:12:55.050+0000] {processor.py:176} INFO - Processing /home/airflow/.local/lib/python3.7/site-packages/airflow/example_dags/example_complex.py took 0.193 seconds
[2025-07-13T10:13:25.288+0000] {processor.py:154} INFO - Started process (PID=2954) to work on /home/airflow/.local/lib/python3.7/site-packages/airflow/example_dags/example_complex.py
[2025-07-13T10:13:25.290+0000] {processor.py:756} INFO - Processing file /home/airflow/.local/lib/python3.7/site-packages/airflow/example_dags/example_complex.py for tasks to queue
[2025-07-13T10:13:25.291+0000] {logging_mixin.py:120} INFO - [2025-07-13T10:13:25.291+0000] {dagbag.py:537} INFO - Filling up the DagBag from /home/airflow/.local/lib/python3.7/site-packages/airflow/example_dags/example_complex.py
[2025-07-13T10:13:25.311+0000] {logging_mixin.py:120} INFO - [2025-07-13T10:13:25.310+0000] {taskmixin.py:205} WARNING - Dependency <Task(BashOperator): create_entry_group>, delete_entry_group already registered for DAG: example_complex
[2025-07-13T10:13:25.312+0000] {logging_mixin.py:120} INFO - [2025-07-13T10:13:25.311+0000] {taskmixin.py:205} WARNING - Dependency <Task(BashOperator): delete_entry_group>, create_entry_group already registered for DAG: example_complex
[2025-07-13T10:13:25.313+0000] {logging_mixin.py:120} INFO - [2025-07-13T10:13:25.313+0000] {taskmixin.py:205} WARNING - Dependency <Task(BashOperator): create_entry_gcs>, delete_entry already registered for DAG: example_complex
[2025-07-13T10:13:25.314+0000] {logging_mixin.py:120} INFO - [2025-07-13T10:13:25.314+0000] {taskmixin.py:205} WARNING - Dependency <Task(BashOperator): delete_entry>, create_entry_gcs already registered for DAG: example_complex
[2025-07-13T10:13:25.315+0000] {logging_mixin.py:120} INFO - [2025-07-13T10:13:25.315+0000] {taskmixin.py:205} WARNING - Dependency <Task(BashOperator): create_tag>, delete_tag already registered for DAG: example_complex
[2025-07-13T10:13:25.316+0000] {logging_mixin.py:120} INFO - [2025-07-13T10:13:25.316+0000] {taskmixin.py:205} WARNING - Dependency <Task(BashOperator): delete_tag>, create_tag already registered for DAG: example_complex
[2025-07-13T10:13:25.329+0000] {processor.py:766} INFO - DAG(s) dict_keys(['example_complex']) retrieved from /home/airflow/.local/lib/python3.7/site-packages/airflow/example_dags/example_complex.py
[2025-07-13T10:13:25.407+0000] {logging_mixin.py:120} INFO - [2025-07-13T10:13:25.407+0000] {dag.py:2585} INFO - Sync 1 DAGs
[2025-07-13T10:13:25.451+0000] {logging_mixin.py:120} INFO - [2025-07-13T10:13:25.451+0000] {dag.py:3340} INFO - Setting next_dagrun for example_complex to None, run_after=None
[2025-07-13T10:13:25.494+0000] {processor.py:176} INFO - Processing /home/airflow/.local/lib/python3.7/site-packages/airflow/example_dags/example_complex.py took 0.210 seconds
[2025-07-13T10:13:55.709+0000] {processor.py:154} INFO - Started process (PID=3017) to work on /home/airflow/.local/lib/python3.7/site-packages/airflow/example_dags/example_complex.py
[2025-07-13T10:13:55.711+0000] {processor.py:756} INFO - Processing file /home/airflow/.local/lib/python3.7/site-packages/airflow/example_dags/example_complex.py for tasks to queue
[2025-07-13T10:13:55.713+0000] {logging_mixin.py:120} INFO - [2025-07-13T10:13:55.713+0000] {dagbag.py:537} INFO - Filling up the DagBag from /home/airflow/.local/lib/python3.7/site-packages/airflow/example_dags/example_complex.py
[2025-07-13T10:13:55.737+0000] {logging_mixin.py:120} INFO - [2025-07-13T10:13:55.736+0000] {taskmixin.py:205} WARNING - Dependency <Task(BashOperator): create_entry_group>, delete_entry_group already registered for DAG: example_complex
[2025-07-13T10:13:55.739+0000] {logging_mixin.py:120} INFO - [2025-07-13T10:13:55.737+0000] {taskmixin.py:205} WARNING - Dependency <Task(BashOperator): delete_entry_group>, create_entry_group already registered for DAG: example_complex
[2025-07-13T10:13:55.741+0000] {logging_mixin.py:120} INFO - [2025-07-13T10:13:55.741+0000] {taskmixin.py:205} WARNING - Dependency <Task(BashOperator): create_entry_gcs>, delete_entry already registered for DAG: example_complex
[2025-07-13T10:13:55.742+0000] {logging_mixin.py:120} INFO - [2025-07-13T10:13:55.742+0000] {taskmixin.py:205} WARNING - Dependency <Task(BashOperator): delete_entry>, create_entry_gcs already registered for DAG: example_complex
[2025-07-13T10:13:55.743+0000] {logging_mixin.py:120} INFO - [2025-07-13T10:13:55.743+0000] {taskmixin.py:205} WARNING - Dependency <Task(BashOperator): create_tag>, delete_tag already registered for DAG: example_complex
[2025-07-13T10:13:55.744+0000] {logging_mixin.py:120} INFO - [2025-07-13T10:13:55.744+0000] {taskmixin.py:205} WARNING - Dependency <Task(BashOperator): delete_tag>, create_tag already registered for DAG: example_complex
[2025-07-13T10:13:55.760+0000] {processor.py:766} INFO - DAG(s) dict_keys(['example_complex']) retrieved from /home/airflow/.local/lib/python3.7/site-packages/airflow/example_dags/example_complex.py
[2025-07-13T10:13:55.850+0000] {logging_mixin.py:120} INFO - [2025-07-13T10:13:55.850+0000] {dag.py:2585} INFO - Sync 1 DAGs
[2025-07-13T10:13:55.883+0000] {logging_mixin.py:120} INFO - [2025-07-13T10:13:55.882+0000] {dag.py:3340} INFO - Setting next_dagrun for example_complex to None, run_after=None
[2025-07-13T10:13:55.910+0000] {processor.py:176} INFO - Processing /home/airflow/.local/lib/python3.7/site-packages/airflow/example_dags/example_complex.py took 0.207 seconds
[2025-07-13T10:14:26.019+0000] {processor.py:154} INFO - Started process (PID=3071) to work on /home/airflow/.local/lib/python3.7/site-packages/airflow/example_dags/example_complex.py
[2025-07-13T10:14:26.021+0000] {processor.py:756} INFO - Processing file /home/airflow/.local/lib/python3.7/site-packages/airflow/example_dags/example_complex.py for tasks to queue
[2025-07-13T10:14:26.022+0000] {logging_mixin.py:120} INFO - [2025-07-13T10:14:26.022+0000] {dagbag.py:537} INFO - Filling up the DagBag from /home/airflow/.local/lib/python3.7/site-packages/airflow/example_dags/example_complex.py
[2025-07-13T10:14:26.034+0000] {logging_mixin.py:120} INFO - [2025-07-13T10:14:26.034+0000] {taskmixin.py:205} WARNING - Dependency <Task(BashOperator): create_entry_group>, delete_entry_group already registered for DAG: example_complex
[2025-07-13T10:14:26.035+0000] {logging_mixin.py:120} INFO - [2025-07-13T10:14:26.035+0000] {taskmixin.py:205} WARNING - Dependency <Task(BashOperator): delete_entry_group>, create_entry_group already registered for DAG: example_complex
[2025-07-13T10:14:26.036+0000] {logging_mixin.py:120} INFO - [2025-07-13T10:14:26.036+0000] {taskmixin.py:205} WARNING - Dependency <Task(BashOperator): create_entry_gcs>, delete_entry already registered for DAG: example_complex
[2025-07-13T10:14:26.036+0000] {logging_mixin.py:120} INFO - [2025-07-13T10:14:26.036+0000] {taskmixin.py:205} WARNING - Dependency <Task(BashOperator): delete_entry>, create_entry_gcs already registered for DAG: example_complex
[2025-07-13T10:14:26.037+0000] {logging_mixin.py:120} INFO - [2025-07-13T10:14:26.037+0000] {taskmixin.py:205} WARNING - Dependency <Task(BashOperator): create_tag>, delete_tag already registered for DAG: example_complex
[2025-07-13T10:14:26.038+0000] {logging_mixin.py:120} INFO - [2025-07-13T10:14:26.038+0000] {taskmixin.py:205} WARNING - Dependency <Task(BashOperator): delete_tag>, create_tag already registered for DAG: example_complex
[2025-07-13T10:14:26.048+0000] {processor.py:766} INFO - DAG(s) dict_keys(['example_complex']) retrieved from /home/airflow/.local/lib/python3.7/site-packages/airflow/example_dags/example_complex.py
[2025-07-13T10:14:26.101+0000] {logging_mixin.py:120} INFO - [2025-07-13T10:14:26.101+0000] {dag.py:2585} INFO - Sync 1 DAGs
[2025-07-13T10:14:26.128+0000] {logging_mixin.py:120} INFO - [2025-07-13T10:14:26.128+0000] {dag.py:3340} INFO - Setting next_dagrun for example_complex to None, run_after=None
[2025-07-13T10:14:26.160+0000] {processor.py:176} INFO - Processing /home/airflow/.local/lib/python3.7/site-packages/airflow/example_dags/example_complex.py took 0.144 seconds
[2025-07-13T10:14:56.419+0000] {processor.py:154} INFO - Started process (PID=3133) to work on /home/airflow/.local/lib/python3.7/site-packages/airflow/example_dags/example_complex.py
[2025-07-13T10:14:56.421+0000] {processor.py:756} INFO - Processing file /home/airflow/.local/lib/python3.7/site-packages/airflow/example_dags/example_complex.py for tasks to queue
[2025-07-13T10:14:56.422+0000] {logging_mixin.py:120} INFO - [2025-07-13T10:14:56.422+0000] {dagbag.py:537} INFO - Filling up the DagBag from /home/airflow/.local/lib/python3.7/site-packages/airflow/example_dags/example_complex.py
[2025-07-13T10:14:56.445+0000] {logging_mixin.py:120} INFO - [2025-07-13T10:14:56.445+0000] {taskmixin.py:205} WARNING - Dependency <Task(BashOperator): create_entry_group>, delete_entry_group already registered for DAG: example_complex
[2025-07-13T10:14:56.446+0000] {logging_mixin.py:120} INFO - [2025-07-13T10:14:56.446+0000] {taskmixin.py:205} WARNING - Dependency <Task(BashOperator): delete_entry_group>, create_entry_group already registered for DAG: example_complex
[2025-07-13T10:14:56.447+0000] {logging_mixin.py:120} INFO - [2025-07-13T10:14:56.446+0000] {taskmixin.py:205} WARNING - Dependency <Task(BashOperator): create_entry_gcs>, delete_entry already registered for DAG: example_complex
[2025-07-13T10:14:56.447+0000] {logging_mixin.py:120} INFO - [2025-07-13T10:14:56.447+0000] {taskmixin.py:205} WARNING - Dependency <Task(BashOperator): delete_entry>, create_entry_gcs already registered for DAG: example_complex
[2025-07-13T10:14:56.447+0000] {logging_mixin.py:120} INFO - [2025-07-13T10:14:56.447+0000] {taskmixin.py:205} WARNING - Dependency <Task(BashOperator): create_tag>, delete_tag already registered for DAG: example_complex
[2025-07-13T10:14:56.448+0000] {logging_mixin.py:120} INFO - [2025-07-13T10:14:56.448+0000] {taskmixin.py:205} WARNING - Dependency <Task(BashOperator): delete_tag>, create_tag already registered for DAG: example_complex
[2025-07-13T10:14:56.459+0000] {processor.py:766} INFO - DAG(s) dict_keys(['example_complex']) retrieved from /home/airflow/.local/lib/python3.7/site-packages/airflow/example_dags/example_complex.py
[2025-07-13T10:14:56.534+0000] {logging_mixin.py:120} INFO - [2025-07-13T10:14:56.534+0000] {dag.py:2585} INFO - Sync 1 DAGs
[2025-07-13T10:14:56.578+0000] {logging_mixin.py:120} INFO - [2025-07-13T10:14:56.577+0000] {dag.py:3340} INFO - Setting next_dagrun for example_complex to None, run_after=None
[2025-07-13T10:14:56.615+0000] {processor.py:176} INFO - Processing /home/airflow/.local/lib/python3.7/site-packages/airflow/example_dags/example_complex.py took 0.202 seconds
[2025-07-13T10:15:27.287+0000] {processor.py:154} INFO - Started process (PID=3196) to work on /home/airflow/.local/lib/python3.7/site-packages/airflow/example_dags/example_complex.py
[2025-07-13T10:15:27.288+0000] {processor.py:756} INFO - Processing file /home/airflow/.local/lib/python3.7/site-packages/airflow/example_dags/example_complex.py for tasks to queue
[2025-07-13T10:15:27.289+0000] {logging_mixin.py:120} INFO - [2025-07-13T10:15:27.289+0000] {dagbag.py:537} INFO - Filling up the DagBag from /home/airflow/.local/lib/python3.7/site-packages/airflow/example_dags/example_complex.py
[2025-07-13T10:15:27.309+0000] {logging_mixin.py:120} INFO - [2025-07-13T10:15:27.308+0000] {taskmixin.py:205} WARNING - Dependency <Task(BashOperator): create_entry_group>, delete_entry_group already registered for DAG: example_complex
[2025-07-13T10:15:27.309+0000] {logging_mixin.py:120} INFO - [2025-07-13T10:15:27.309+0000] {taskmixin.py:205} WARNING - Dependency <Task(BashOperator): delete_entry_group>, create_entry_group already registered for DAG: example_complex
[2025-07-13T10:15:27.310+0000] {logging_mixin.py:120} INFO - [2025-07-13T10:15:27.310+0000] {taskmixin.py:205} WARNING - Dependency <Task(BashOperator): create_entry_gcs>, delete_entry already registered for DAG: example_complex
[2025-07-13T10:15:27.310+0000] {logging_mixin.py:120} INFO - [2025-07-13T10:15:27.310+0000] {taskmixin.py:205} WARNING - Dependency <Task(BashOperator): delete_entry>, create_entry_gcs already registered for DAG: example_complex
[2025-07-13T10:15:27.311+0000] {logging_mixin.py:120} INFO - [2025-07-13T10:15:27.311+0000] {taskmixin.py:205} WARNING - Dependency <Task(BashOperator): create_tag>, delete_tag already registered for DAG: example_complex
[2025-07-13T10:15:27.311+0000] {logging_mixin.py:120} INFO - [2025-07-13T10:15:27.311+0000] {taskmixin.py:205} WARNING - Dependency <Task(BashOperator): delete_tag>, create_tag already registered for DAG: example_complex
[2025-07-13T10:15:27.320+0000] {processor.py:766} INFO - DAG(s) dict_keys(['example_complex']) retrieved from /home/airflow/.local/lib/python3.7/site-packages/airflow/example_dags/example_complex.py
[2025-07-13T10:15:27.384+0000] {logging_mixin.py:120} INFO - [2025-07-13T10:15:27.384+0000] {dag.py:2585} INFO - Sync 1 DAGs
[2025-07-13T10:15:27.427+0000] {logging_mixin.py:120} INFO - [2025-07-13T10:15:27.426+0000] {dag.py:3340} INFO - Setting next_dagrun for example_complex to None, run_after=None
[2025-07-13T10:15:27.462+0000] {processor.py:176} INFO - Processing /home/airflow/.local/lib/python3.7/site-packages/airflow/example_dags/example_complex.py took 0.181 seconds
[2025-07-13T10:15:57.634+0000] {processor.py:154} INFO - Started process (PID=3250) to work on /home/airflow/.local/lib/python3.7/site-packages/airflow/example_dags/example_complex.py
[2025-07-13T10:15:57.635+0000] {processor.py:756} INFO - Processing file /home/airflow/.local/lib/python3.7/site-packages/airflow/example_dags/example_complex.py for tasks to queue
[2025-07-13T10:15:57.636+0000] {logging_mixin.py:120} INFO - [2025-07-13T10:15:57.636+0000] {dagbag.py:537} INFO - Filling up the DagBag from /home/airflow/.local/lib/python3.7/site-packages/airflow/example_dags/example_complex.py
[2025-07-13T10:15:57.650+0000] {logging_mixin.py:120} INFO - [2025-07-13T10:15:57.650+0000] {taskmixin.py:205} WARNING - Dependency <Task(BashOperator): create_entry_group>, delete_entry_group already registered for DAG: example_complex
[2025-07-13T10:15:57.651+0000] {logging_mixin.py:120} INFO - [2025-07-13T10:15:57.650+0000] {taskmixin.py:205} WARNING - Dependency <Task(BashOperator): delete_entry_group>, create_entry_group already registered for DAG: example_complex
[2025-07-13T10:15:57.651+0000] {logging_mixin.py:120} INFO - [2025-07-13T10:15:57.651+0000] {taskmixin.py:205} WARNING - Dependency <Task(BashOperator): create_entry_gcs>, delete_entry already registered for DAG: example_complex
[2025-07-13T10:15:57.652+0000] {logging_mixin.py:120} INFO - [2025-07-13T10:15:57.652+0000] {taskmixin.py:205} WARNING - Dependency <Task(BashOperator): delete_entry>, create_entry_gcs already registered for DAG: example_complex
[2025-07-13T10:15:57.653+0000] {logging_mixin.py:120} INFO - [2025-07-13T10:15:57.652+0000] {taskmixin.py:205} WARNING - Dependency <Task(BashOperator): create_tag>, delete_tag already registered for DAG: example_complex
[2025-07-13T10:15:57.653+0000] {logging_mixin.py:120} INFO - [2025-07-13T10:15:57.653+0000] {taskmixin.py:205} WARNING - Dependency <Task(BashOperator): delete_tag>, create_tag already registered for DAG: example_complex
[2025-07-13T10:15:57.663+0000] {processor.py:766} INFO - DAG(s) dict_keys(['example_complex']) retrieved from /home/airflow/.local/lib/python3.7/site-packages/airflow/example_dags/example_complex.py
[2025-07-13T10:15:57.727+0000] {logging_mixin.py:120} INFO - [2025-07-13T10:15:57.726+0000] {dag.py:2585} INFO - Sync 1 DAGs
[2025-07-13T10:15:57.761+0000] {logging_mixin.py:120} INFO - [2025-07-13T10:15:57.761+0000] {dag.py:3340} INFO - Setting next_dagrun for example_complex to None, run_after=None
[2025-07-13T10:15:57.816+0000] {processor.py:176} INFO - Processing /home/airflow/.local/lib/python3.7/site-packages/airflow/example_dags/example_complex.py took 0.186 seconds
[2025-07-13T10:16:28.066+0000] {processor.py:154} INFO - Started process (PID=3313) to work on /home/airflow/.local/lib/python3.7/site-packages/airflow/example_dags/example_complex.py
[2025-07-13T10:16:28.068+0000] {processor.py:756} INFO - Processing file /home/airflow/.local/lib/python3.7/site-packages/airflow/example_dags/example_complex.py for tasks to queue
[2025-07-13T10:16:28.069+0000] {logging_mixin.py:120} INFO - [2025-07-13T10:16:28.069+0000] {dagbag.py:537} INFO - Filling up the DagBag from /home/airflow/.local/lib/python3.7/site-packages/airflow/example_dags/example_complex.py
[2025-07-13T10:16:28.085+0000] {logging_mixin.py:120} INFO - [2025-07-13T10:16:28.085+0000] {taskmixin.py:205} WARNING - Dependency <Task(BashOperator): create_entry_group>, delete_entry_group already registered for DAG: example_complex
[2025-07-13T10:16:28.086+0000] {logging_mixin.py:120} INFO - [2025-07-13T10:16:28.086+0000] {taskmixin.py:205} WARNING - Dependency <Task(BashOperator): delete_entry_group>, create_entry_group already registered for DAG: example_complex
[2025-07-13T10:16:28.087+0000] {logging_mixin.py:120} INFO - [2025-07-13T10:16:28.086+0000] {taskmixin.py:205} WARNING - Dependency <Task(BashOperator): create_entry_gcs>, delete_entry already registered for DAG: example_complex
[2025-07-13T10:16:28.087+0000] {logging_mixin.py:120} INFO - [2025-07-13T10:16:28.087+0000] {taskmixin.py:205} WARNING - Dependency <Task(BashOperator): delete_entry>, create_entry_gcs already registered for DAG: example_complex
[2025-07-13T10:16:28.088+0000] {logging_mixin.py:120} INFO - [2025-07-13T10:16:28.088+0000] {taskmixin.py:205} WARNING - Dependency <Task(BashOperator): create_tag>, delete_tag already registered for DAG: example_complex
[2025-07-13T10:16:28.089+0000] {logging_mixin.py:120} INFO - [2025-07-13T10:16:28.089+0000] {taskmixin.py:205} WARNING - Dependency <Task(BashOperator): delete_tag>, create_tag already registered for DAG: example_complex
[2025-07-13T10:16:28.102+0000] {processor.py:766} INFO - DAG(s) dict_keys(['example_complex']) retrieved from /home/airflow/.local/lib/python3.7/site-packages/airflow/example_dags/example_complex.py
[2025-07-13T10:16:28.172+0000] {logging_mixin.py:120} INFO - [2025-07-13T10:16:28.172+0000] {dag.py:2585} INFO - Sync 1 DAGs
[2025-07-13T10:16:28.208+0000] {logging_mixin.py:120} INFO - [2025-07-13T10:16:28.208+0000] {dag.py:3340} INFO - Setting next_dagrun for example_complex to None, run_after=None
[2025-07-13T10:16:28.254+0000] {processor.py:176} INFO - Processing /home/airflow/.local/lib/python3.7/site-packages/airflow/example_dags/example_complex.py took 0.192 seconds
[2025-07-13T10:16:58.528+0000] {processor.py:154} INFO - Started process (PID=3376) to work on /home/airflow/.local/lib/python3.7/site-packages/airflow/example_dags/example_complex.py
[2025-07-13T10:16:58.530+0000] {processor.py:756} INFO - Processing file /home/airflow/.local/lib/python3.7/site-packages/airflow/example_dags/example_complex.py for tasks to queue
[2025-07-13T10:16:58.531+0000] {logging_mixin.py:120} INFO - [2025-07-13T10:16:58.531+0000] {dagbag.py:537} INFO - Filling up the DagBag from /home/airflow/.local/lib/python3.7/site-packages/airflow/example_dags/example_complex.py
[2025-07-13T10:16:58.546+0000] {logging_mixin.py:120} INFO - [2025-07-13T10:16:58.546+0000] {taskmixin.py:205} WARNING - Dependency <Task(BashOperator): create_entry_group>, delete_entry_group already registered for DAG: example_complex
[2025-07-13T10:16:58.547+0000] {logging_mixin.py:120} INFO - [2025-07-13T10:16:58.547+0000] {taskmixin.py:205} WARNING - Dependency <Task(BashOperator): delete_entry_group>, create_entry_group already registered for DAG: example_complex
[2025-07-13T10:16:58.548+0000] {logging_mixin.py:120} INFO - [2025-07-13T10:16:58.548+0000] {taskmixin.py:205} WARNING - Dependency <Task(BashOperator): create_entry_gcs>, delete_entry already registered for DAG: example_complex
[2025-07-13T10:16:58.548+0000] {logging_mixin.py:120} INFO - [2025-07-13T10:16:58.548+0000] {taskmixin.py:205} WARNING - Dependency <Task(BashOperator): delete_entry>, create_entry_gcs already registered for DAG: example_complex
[2025-07-13T10:16:58.549+0000] {logging_mixin.py:120} INFO - [2025-07-13T10:16:58.549+0000] {taskmixin.py:205} WARNING - Dependency <Task(BashOperator): create_tag>, delete_tag already registered for DAG: example_complex
[2025-07-13T10:16:58.549+0000] {logging_mixin.py:120} INFO - [2025-07-13T10:16:58.549+0000] {taskmixin.py:205} WARNING - Dependency <Task(BashOperator): delete_tag>, create_tag already registered for DAG: example_complex
[2025-07-13T10:16:58.558+0000] {processor.py:766} INFO - DAG(s) dict_keys(['example_complex']) retrieved from /home/airflow/.local/lib/python3.7/site-packages/airflow/example_dags/example_complex.py
[2025-07-13T10:16:58.627+0000] {logging_mixin.py:120} INFO - [2025-07-13T10:16:58.626+0000] {dag.py:2585} INFO - Sync 1 DAGs
[2025-07-13T10:16:58.661+0000] {logging_mixin.py:120} INFO - [2025-07-13T10:16:58.661+0000] {dag.py:3340} INFO - Setting next_dagrun for example_complex to None, run_after=None
[2025-07-13T10:16:58.695+0000] {processor.py:176} INFO - Processing /home/airflow/.local/lib/python3.7/site-packages/airflow/example_dags/example_complex.py took 0.170 seconds
[2025-07-13T10:17:28.727+0000] {processor.py:154} INFO - Started process (PID=3430) to work on /home/airflow/.local/lib/python3.7/site-packages/airflow/example_dags/example_complex.py
[2025-07-13T10:17:28.728+0000] {processor.py:756} INFO - Processing file /home/airflow/.local/lib/python3.7/site-packages/airflow/example_dags/example_complex.py for tasks to queue
[2025-07-13T10:17:28.730+0000] {logging_mixin.py:120} INFO - [2025-07-13T10:17:28.730+0000] {dagbag.py:537} INFO - Filling up the DagBag from /home/airflow/.local/lib/python3.7/site-packages/airflow/example_dags/example_complex.py
[2025-07-13T10:17:28.748+0000] {logging_mixin.py:120} INFO - [2025-07-13T10:17:28.748+0000] {taskmixin.py:205} WARNING - Dependency <Task(BashOperator): create_entry_group>, delete_entry_group already registered for DAG: example_complex
[2025-07-13T10:17:28.749+0000] {logging_mixin.py:120} INFO - [2025-07-13T10:17:28.749+0000] {taskmixin.py:205} WARNING - Dependency <Task(BashOperator): delete_entry_group>, create_entry_group already registered for DAG: example_complex
[2025-07-13T10:17:28.750+0000] {logging_mixin.py:120} INFO - [2025-07-13T10:17:28.750+0000] {taskmixin.py:205} WARNING - Dependency <Task(BashOperator): create_entry_gcs>, delete_entry already registered for DAG: example_complex
[2025-07-13T10:17:28.751+0000] {logging_mixin.py:120} INFO - [2025-07-13T10:17:28.750+0000] {taskmixin.py:205} WARNING - Dependency <Task(BashOperator): delete_entry>, create_entry_gcs already registered for DAG: example_complex
[2025-07-13T10:17:28.752+0000] {logging_mixin.py:120} INFO - [2025-07-13T10:17:28.751+0000] {taskmixin.py:205} WARNING - Dependency <Task(BashOperator): create_tag>, delete_tag already registered for DAG: example_complex
[2025-07-13T10:17:28.752+0000] {logging_mixin.py:120} INFO - [2025-07-13T10:17:28.752+0000] {taskmixin.py:205} WARNING - Dependency <Task(BashOperator): delete_tag>, create_tag already registered for DAG: example_complex
[2025-07-13T10:17:28.765+0000] {processor.py:766} INFO - DAG(s) dict_keys(['example_complex']) retrieved from /home/airflow/.local/lib/python3.7/site-packages/airflow/example_dags/example_complex.py
[2025-07-13T10:17:28.900+0000] {logging_mixin.py:120} INFO - [2025-07-13T10:17:28.900+0000] {dag.py:2585} INFO - Sync 1 DAGs
[2025-07-13T10:17:28.963+0000] {logging_mixin.py:120} INFO - [2025-07-13T10:17:28.962+0000] {dag.py:3340} INFO - Setting next_dagrun for example_complex to None, run_after=None
[2025-07-13T10:17:28.994+0000] {processor.py:176} INFO - Processing /home/airflow/.local/lib/python3.7/site-packages/airflow/example_dags/example_complex.py took 0.273 seconds
[2025-07-13T10:17:59.245+0000] {processor.py:154} INFO - Started process (PID=3492) to work on /home/airflow/.local/lib/python3.7/site-packages/airflow/example_dags/example_complex.py
[2025-07-13T10:17:59.247+0000] {processor.py:756} INFO - Processing file /home/airflow/.local/lib/python3.7/site-packages/airflow/example_dags/example_complex.py for tasks to queue
[2025-07-13T10:17:59.248+0000] {logging_mixin.py:120} INFO - [2025-07-13T10:17:59.248+0000] {dagbag.py:537} INFO - Filling up the DagBag from /home/airflow/.local/lib/python3.7/site-packages/airflow/example_dags/example_complex.py
[2025-07-13T10:17:59.262+0000] {logging_mixin.py:120} INFO - [2025-07-13T10:17:59.262+0000] {taskmixin.py:205} WARNING - Dependency <Task(BashOperator): create_entry_group>, delete_entry_group already registered for DAG: example_complex
[2025-07-13T10:17:59.265+0000] {logging_mixin.py:120} INFO - [2025-07-13T10:17:59.265+0000] {taskmixin.py:205} WARNING - Dependency <Task(BashOperator): delete_entry_group>, create_entry_group already registered for DAG: example_complex
[2025-07-13T10:17:59.265+0000] {logging_mixin.py:120} INFO - [2025-07-13T10:17:59.265+0000] {taskmixin.py:205} WARNING - Dependency <Task(BashOperator): create_entry_gcs>, delete_entry already registered for DAG: example_complex
[2025-07-13T10:17:59.266+0000] {logging_mixin.py:120} INFO - [2025-07-13T10:17:59.266+0000] {taskmixin.py:205} WARNING - Dependency <Task(BashOperator): delete_entry>, create_entry_gcs already registered for DAG: example_complex
[2025-07-13T10:17:59.267+0000] {logging_mixin.py:120} INFO - [2025-07-13T10:17:59.267+0000] {taskmixin.py:205} WARNING - Dependency <Task(BashOperator): create_tag>, delete_tag already registered for DAG: example_complex
[2025-07-13T10:17:59.268+0000] {logging_mixin.py:120} INFO - [2025-07-13T10:17:59.268+0000] {taskmixin.py:205} WARNING - Dependency <Task(BashOperator): delete_tag>, create_tag already registered for DAG: example_complex
[2025-07-13T10:17:59.279+0000] {processor.py:766} INFO - DAG(s) dict_keys(['example_complex']) retrieved from /home/airflow/.local/lib/python3.7/site-packages/airflow/example_dags/example_complex.py
[2025-07-13T10:17:59.346+0000] {logging_mixin.py:120} INFO - [2025-07-13T10:17:59.346+0000] {dag.py:2585} INFO - Sync 1 DAGs
[2025-07-13T10:17:59.405+0000] {logging_mixin.py:120} INFO - [2025-07-13T10:17:59.405+0000] {dag.py:3340} INFO - Setting next_dagrun for example_complex to None, run_after=None
[2025-07-13T10:17:59.448+0000] {processor.py:176} INFO - Processing /home/airflow/.local/lib/python3.7/site-packages/airflow/example_dags/example_complex.py took 0.209 seconds
[2025-07-13T10:18:29.965+0000] {processor.py:154} INFO - Started process (PID=3554) to work on /home/airflow/.local/lib/python3.7/site-packages/airflow/example_dags/example_complex.py
[2025-07-13T10:18:29.968+0000] {processor.py:756} INFO - Processing file /home/airflow/.local/lib/python3.7/site-packages/airflow/example_dags/example_complex.py for tasks to queue
[2025-07-13T10:18:29.974+0000] {logging_mixin.py:120} INFO - [2025-07-13T10:18:29.973+0000] {dagbag.py:537} INFO - Filling up the DagBag from /home/airflow/.local/lib/python3.7/site-packages/airflow/example_dags/example_complex.py
[2025-07-13T10:18:30.006+0000] {logging_mixin.py:120} INFO - [2025-07-13T10:18:30.005+0000] {taskmixin.py:205} WARNING - Dependency <Task(BashOperator): create_entry_group>, delete_entry_group already registered for DAG: example_complex
[2025-07-13T10:18:30.007+0000] {logging_mixin.py:120} INFO - [2025-07-13T10:18:30.007+0000] {taskmixin.py:205} WARNING - Dependency <Task(BashOperator): delete_entry_group>, create_entry_group already registered for DAG: example_complex
[2025-07-13T10:18:30.008+0000] {logging_mixin.py:120} INFO - [2025-07-13T10:18:30.008+0000] {taskmixin.py:205} WARNING - Dependency <Task(BashOperator): create_entry_gcs>, delete_entry already registered for DAG: example_complex
[2025-07-13T10:18:30.009+0000] {logging_mixin.py:120} INFO - [2025-07-13T10:18:30.009+0000] {taskmixin.py:205} WARNING - Dependency <Task(BashOperator): delete_entry>, create_entry_gcs already registered for DAG: example_complex
[2025-07-13T10:18:30.010+0000] {logging_mixin.py:120} INFO - [2025-07-13T10:18:30.010+0000] {taskmixin.py:205} WARNING - Dependency <Task(BashOperator): create_tag>, delete_tag already registered for DAG: example_complex
[2025-07-13T10:18:30.011+0000] {logging_mixin.py:120} INFO - [2025-07-13T10:18:30.011+0000] {taskmixin.py:205} WARNING - Dependency <Task(BashOperator): delete_tag>, create_tag already registered for DAG: example_complex
[2025-07-13T10:18:30.025+0000] {processor.py:766} INFO - DAG(s) dict_keys(['example_complex']) retrieved from /home/airflow/.local/lib/python3.7/site-packages/airflow/example_dags/example_complex.py
[2025-07-13T10:18:30.114+0000] {logging_mixin.py:120} INFO - [2025-07-13T10:18:30.114+0000] {dag.py:2585} INFO - Sync 1 DAGs
[2025-07-13T10:18:30.169+0000] {logging_mixin.py:120} INFO - [2025-07-13T10:18:30.168+0000] {dag.py:3340} INFO - Setting next_dagrun for example_complex to None, run_after=None
[2025-07-13T10:18:30.213+0000] {processor.py:176} INFO - Processing /home/airflow/.local/lib/python3.7/site-packages/airflow/example_dags/example_complex.py took 0.258 seconds
[2025-07-13T10:19:00.327+0000] {processor.py:154} INFO - Started process (PID=3610) to work on /home/airflow/.local/lib/python3.7/site-packages/airflow/example_dags/example_complex.py
[2025-07-13T10:19:00.329+0000] {processor.py:756} INFO - Processing file /home/airflow/.local/lib/python3.7/site-packages/airflow/example_dags/example_complex.py for tasks to queue
[2025-07-13T10:19:00.330+0000] {logging_mixin.py:120} INFO - [2025-07-13T10:19:00.330+0000] {dagbag.py:537} INFO - Filling up the DagBag from /home/airflow/.local/lib/python3.7/site-packages/airflow/example_dags/example_complex.py
[2025-07-13T10:19:00.344+0000] {logging_mixin.py:120} INFO - [2025-07-13T10:19:00.344+0000] {taskmixin.py:205} WARNING - Dependency <Task(BashOperator): create_entry_group>, delete_entry_group already registered for DAG: example_complex
[2025-07-13T10:19:00.345+0000] {logging_mixin.py:120} INFO - [2025-07-13T10:19:00.345+0000] {taskmixin.py:205} WARNING - Dependency <Task(BashOperator): delete_entry_group>, create_entry_group already registered for DAG: example_complex
[2025-07-13T10:19:00.346+0000] {logging_mixin.py:120} INFO - [2025-07-13T10:19:00.346+0000] {taskmixin.py:205} WARNING - Dependency <Task(BashOperator): create_entry_gcs>, delete_entry already registered for DAG: example_complex
[2025-07-13T10:19:00.346+0000] {logging_mixin.py:120} INFO - [2025-07-13T10:19:00.346+0000] {taskmixin.py:205} WARNING - Dependency <Task(BashOperator): delete_entry>, create_entry_gcs already registered for DAG: example_complex
[2025-07-13T10:19:00.349+0000] {logging_mixin.py:120} INFO - [2025-07-13T10:19:00.348+0000] {taskmixin.py:205} WARNING - Dependency <Task(BashOperator): create_tag>, delete_tag already registered for DAG: example_complex
[2025-07-13T10:19:00.350+0000] {logging_mixin.py:120} INFO - [2025-07-13T10:19:00.349+0000] {taskmixin.py:205} WARNING - Dependency <Task(BashOperator): delete_tag>, create_tag already registered for DAG: example_complex
[2025-07-13T10:19:00.366+0000] {processor.py:766} INFO - DAG(s) dict_keys(['example_complex']) retrieved from /home/airflow/.local/lib/python3.7/site-packages/airflow/example_dags/example_complex.py
[2025-07-13T10:19:00.430+0000] {logging_mixin.py:120} INFO - [2025-07-13T10:19:00.429+0000] {dag.py:2585} INFO - Sync 1 DAGs
[2025-07-13T10:19:00.460+0000] {logging_mixin.py:120} INFO - [2025-07-13T10:19:00.460+0000] {dag.py:3340} INFO - Setting next_dagrun for example_complex to None, run_after=None
[2025-07-13T10:19:00.492+0000] {processor.py:176} INFO - Processing /home/airflow/.local/lib/python3.7/site-packages/airflow/example_dags/example_complex.py took 0.170 seconds
[2025-07-13T10:19:30.624+0000] {processor.py:154} INFO - Started process (PID=3673) to work on /home/airflow/.local/lib/python3.7/site-packages/airflow/example_dags/example_complex.py
[2025-07-13T10:19:30.626+0000] {processor.py:756} INFO - Processing file /home/airflow/.local/lib/python3.7/site-packages/airflow/example_dags/example_complex.py for tasks to queue
[2025-07-13T10:19:30.628+0000] {logging_mixin.py:120} INFO - [2025-07-13T10:19:30.628+0000] {dagbag.py:537} INFO - Filling up the DagBag from /home/airflow/.local/lib/python3.7/site-packages/airflow/example_dags/example_complex.py
[2025-07-13T10:19:30.645+0000] {logging_mixin.py:120} INFO - [2025-07-13T10:19:30.645+0000] {taskmixin.py:205} WARNING - Dependency <Task(BashOperator): create_entry_group>, delete_entry_group already registered for DAG: example_complex
[2025-07-13T10:19:30.646+0000] {logging_mixin.py:120} INFO - [2025-07-13T10:19:30.646+0000] {taskmixin.py:205} WARNING - Dependency <Task(BashOperator): delete_entry_group>, create_entry_group already registered for DAG: example_complex
[2025-07-13T10:19:30.647+0000] {logging_mixin.py:120} INFO - [2025-07-13T10:19:30.646+0000] {taskmixin.py:205} WARNING - Dependency <Task(BashOperator): create_entry_gcs>, delete_entry already registered for DAG: example_complex
[2025-07-13T10:19:30.647+0000] {logging_mixin.py:120} INFO - [2025-07-13T10:19:30.647+0000] {taskmixin.py:205} WARNING - Dependency <Task(BashOperator): delete_entry>, create_entry_gcs already registered for DAG: example_complex
[2025-07-13T10:19:30.648+0000] {logging_mixin.py:120} INFO - [2025-07-13T10:19:30.648+0000] {taskmixin.py:205} WARNING - Dependency <Task(BashOperator): create_tag>, delete_tag already registered for DAG: example_complex
[2025-07-13T10:19:30.649+0000] {logging_mixin.py:120} INFO - [2025-07-13T10:19:30.649+0000] {taskmixin.py:205} WARNING - Dependency <Task(BashOperator): delete_tag>, create_tag already registered for DAG: example_complex
[2025-07-13T10:19:30.659+0000] {processor.py:766} INFO - DAG(s) dict_keys(['example_complex']) retrieved from /home/airflow/.local/lib/python3.7/site-packages/airflow/example_dags/example_complex.py
[2025-07-13T10:19:30.726+0000] {logging_mixin.py:120} INFO - [2025-07-13T10:19:30.726+0000] {dag.py:2585} INFO - Sync 1 DAGs
[2025-07-13T10:19:30.761+0000] {logging_mixin.py:120} INFO - [2025-07-13T10:19:30.761+0000] {dag.py:3340} INFO - Setting next_dagrun for example_complex to None, run_after=None
[2025-07-13T10:19:30.800+0000] {processor.py:176} INFO - Processing /home/airflow/.local/lib/python3.7/site-packages/airflow/example_dags/example_complex.py took 0.184 seconds
[2025-07-13T10:20:00.867+0000] {processor.py:154} INFO - Started process (PID=3727) to work on /home/airflow/.local/lib/python3.7/site-packages/airflow/example_dags/example_complex.py
[2025-07-13T10:20:00.869+0000] {processor.py:756} INFO - Processing file /home/airflow/.local/lib/python3.7/site-packages/airflow/example_dags/example_complex.py for tasks to queue
[2025-07-13T10:20:00.870+0000] {logging_mixin.py:120} INFO - [2025-07-13T10:20:00.869+0000] {dagbag.py:537} INFO - Filling up the DagBag from /home/airflow/.local/lib/python3.7/site-packages/airflow/example_dags/example_complex.py
[2025-07-13T10:20:00.882+0000] {logging_mixin.py:120} INFO - [2025-07-13T10:20:00.882+0000] {taskmixin.py:205} WARNING - Dependency <Task(BashOperator): create_entry_group>, delete_entry_group already registered for DAG: example_complex
[2025-07-13T10:20:00.883+0000] {logging_mixin.py:120} INFO - [2025-07-13T10:20:00.883+0000] {taskmixin.py:205} WARNING - Dependency <Task(BashOperator): delete_entry_group>, create_entry_group already registered for DAG: example_complex
[2025-07-13T10:20:00.884+0000] {logging_mixin.py:120} INFO - [2025-07-13T10:20:00.884+0000] {taskmixin.py:205} WARNING - Dependency <Task(BashOperator): create_entry_gcs>, delete_entry already registered for DAG: example_complex
[2025-07-13T10:20:00.884+0000] {logging_mixin.py:120} INFO - [2025-07-13T10:20:00.884+0000] {taskmixin.py:205} WARNING - Dependency <Task(BashOperator): delete_entry>, create_entry_gcs already registered for DAG: example_complex
[2025-07-13T10:20:00.885+0000] {logging_mixin.py:120} INFO - [2025-07-13T10:20:00.885+0000] {taskmixin.py:205} WARNING - Dependency <Task(BashOperator): create_tag>, delete_tag already registered for DAG: example_complex
[2025-07-13T10:20:00.886+0000] {logging_mixin.py:120} INFO - [2025-07-13T10:20:00.886+0000] {taskmixin.py:205} WARNING - Dependency <Task(BashOperator): delete_tag>, create_tag already registered for DAG: example_complex
[2025-07-13T10:20:00.895+0000] {processor.py:766} INFO - DAG(s) dict_keys(['example_complex']) retrieved from /home/airflow/.local/lib/python3.7/site-packages/airflow/example_dags/example_complex.py
[2025-07-13T10:20:00.948+0000] {logging_mixin.py:120} INFO - [2025-07-13T10:20:00.948+0000] {dag.py:2585} INFO - Sync 1 DAGs
[2025-07-13T10:20:00.974+0000] {logging_mixin.py:120} INFO - [2025-07-13T10:20:00.974+0000] {dag.py:3340} INFO - Setting next_dagrun for example_complex to None, run_after=None
[2025-07-13T10:20:01.001+0000] {processor.py:176} INFO - Processing /home/airflow/.local/lib/python3.7/site-packages/airflow/example_dags/example_complex.py took 0.138 seconds
[2025-07-13T10:20:31.174+0000] {processor.py:154} INFO - Started process (PID=3790) to work on /home/airflow/.local/lib/python3.7/site-packages/airflow/example_dags/example_complex.py
[2025-07-13T10:20:31.176+0000] {processor.py:756} INFO - Processing file /home/airflow/.local/lib/python3.7/site-packages/airflow/example_dags/example_complex.py for tasks to queue
[2025-07-13T10:20:31.178+0000] {logging_mixin.py:120} INFO - [2025-07-13T10:20:31.178+0000] {dagbag.py:537} INFO - Filling up the DagBag from /home/airflow/.local/lib/python3.7/site-packages/airflow/example_dags/example_complex.py
[2025-07-13T10:20:31.206+0000] {logging_mixin.py:120} INFO - [2025-07-13T10:20:31.206+0000] {taskmixin.py:205} WARNING - Dependency <Task(BashOperator): create_entry_group>, delete_entry_group already registered for DAG: example_complex
[2025-07-13T10:20:31.207+0000] {logging_mixin.py:120} INFO - [2025-07-13T10:20:31.207+0000] {taskmixin.py:205} WARNING - Dependency <Task(BashOperator): delete_entry_group>, create_entry_group already registered for DAG: example_complex
[2025-07-13T10:20:31.209+0000] {logging_mixin.py:120} INFO - [2025-07-13T10:20:31.209+0000] {taskmixin.py:205} WARNING - Dependency <Task(BashOperator): create_entry_gcs>, delete_entry already registered for DAG: example_complex
[2025-07-13T10:20:31.210+0000] {logging_mixin.py:120} INFO - [2025-07-13T10:20:31.210+0000] {taskmixin.py:205} WARNING - Dependency <Task(BashOperator): delete_entry>, create_entry_gcs already registered for DAG: example_complex
[2025-07-13T10:20:31.211+0000] {logging_mixin.py:120} INFO - [2025-07-13T10:20:31.211+0000] {taskmixin.py:205} WARNING - Dependency <Task(BashOperator): create_tag>, delete_tag already registered for DAG: example_complex
[2025-07-13T10:20:31.212+0000] {logging_mixin.py:120} INFO - [2025-07-13T10:20:31.212+0000] {taskmixin.py:205} WARNING - Dependency <Task(BashOperator): delete_tag>, create_tag already registered for DAG: example_complex
[2025-07-13T10:20:31.238+0000] {processor.py:766} INFO - DAG(s) dict_keys(['example_complex']) retrieved from /home/airflow/.local/lib/python3.7/site-packages/airflow/example_dags/example_complex.py
[2025-07-13T10:20:31.353+0000] {logging_mixin.py:120} INFO - [2025-07-13T10:20:31.353+0000] {dag.py:2585} INFO - Sync 1 DAGs
[2025-07-13T10:20:31.386+0000] {logging_mixin.py:120} INFO - [2025-07-13T10:20:31.386+0000] {dag.py:3340} INFO - Setting next_dagrun for example_complex to None, run_after=None
[2025-07-13T10:20:31.419+0000] {processor.py:176} INFO - Processing /home/airflow/.local/lib/python3.7/site-packages/airflow/example_dags/example_complex.py took 0.250 seconds
[2025-07-13T10:21:01.898+0000] {processor.py:154} INFO - Started process (PID=3853) to work on /home/airflow/.local/lib/python3.7/site-packages/airflow/example_dags/example_complex.py
[2025-07-13T10:21:01.899+0000] {processor.py:756} INFO - Processing file /home/airflow/.local/lib/python3.7/site-packages/airflow/example_dags/example_complex.py for tasks to queue
[2025-07-13T10:21:01.900+0000] {logging_mixin.py:120} INFO - [2025-07-13T10:21:01.900+0000] {dagbag.py:537} INFO - Filling up the DagBag from /home/airflow/.local/lib/python3.7/site-packages/airflow/example_dags/example_complex.py
[2025-07-13T10:21:01.915+0000] {logging_mixin.py:120} INFO - [2025-07-13T10:21:01.915+0000] {taskmixin.py:205} WARNING - Dependency <Task(BashOperator): create_entry_group>, delete_entry_group already registered for DAG: example_complex
[2025-07-13T10:21:01.916+0000] {logging_mixin.py:120} INFO - [2025-07-13T10:21:01.916+0000] {taskmixin.py:205} WARNING - Dependency <Task(BashOperator): delete_entry_group>, create_entry_group already registered for DAG: example_complex
[2025-07-13T10:21:01.917+0000] {logging_mixin.py:120} INFO - [2025-07-13T10:21:01.916+0000] {taskmixin.py:205} WARNING - Dependency <Task(BashOperator): create_entry_gcs>, delete_entry already registered for DAG: example_complex
[2025-07-13T10:21:01.917+0000] {logging_mixin.py:120} INFO - [2025-07-13T10:21:01.917+0000] {taskmixin.py:205} WARNING - Dependency <Task(BashOperator): delete_entry>, create_entry_gcs already registered for DAG: example_complex
[2025-07-13T10:21:01.918+0000] {logging_mixin.py:120} INFO - [2025-07-13T10:21:01.918+0000] {taskmixin.py:205} WARNING - Dependency <Task(BashOperator): create_tag>, delete_tag already registered for DAG: example_complex
[2025-07-13T10:21:01.919+0000] {logging_mixin.py:120} INFO - [2025-07-13T10:21:01.918+0000] {taskmixin.py:205} WARNING - Dependency <Task(BashOperator): delete_tag>, create_tag already registered for DAG: example_complex
[2025-07-13T10:21:01.931+0000] {processor.py:766} INFO - DAG(s) dict_keys(['example_complex']) retrieved from /home/airflow/.local/lib/python3.7/site-packages/airflow/example_dags/example_complex.py
[2025-07-13T10:21:01.999+0000] {logging_mixin.py:120} INFO - [2025-07-13T10:21:01.999+0000] {dag.py:2585} INFO - Sync 1 DAGs
[2025-07-13T10:21:02.032+0000] {logging_mixin.py:120} INFO - [2025-07-13T10:21:02.032+0000] {dag.py:3340} INFO - Setting next_dagrun for example_complex to None, run_after=None
[2025-07-13T10:21:02.067+0000] {processor.py:176} INFO - Processing /home/airflow/.local/lib/python3.7/site-packages/airflow/example_dags/example_complex.py took 0.173 seconds
[2025-07-13T10:21:32.308+0000] {processor.py:154} INFO - Started process (PID=3909) to work on /home/airflow/.local/lib/python3.7/site-packages/airflow/example_dags/example_complex.py
[2025-07-13T10:21:32.309+0000] {processor.py:756} INFO - Processing file /home/airflow/.local/lib/python3.7/site-packages/airflow/example_dags/example_complex.py for tasks to queue
[2025-07-13T10:21:32.310+0000] {logging_mixin.py:120} INFO - [2025-07-13T10:21:32.310+0000] {dagbag.py:537} INFO - Filling up the DagBag from /home/airflow/.local/lib/python3.7/site-packages/airflow/example_dags/example_complex.py
[2025-07-13T10:21:32.322+0000] {logging_mixin.py:120} INFO - [2025-07-13T10:21:32.322+0000] {taskmixin.py:205} WARNING - Dependency <Task(BashOperator): create_entry_group>, delete_entry_group already registered for DAG: example_complex
[2025-07-13T10:21:32.323+0000] {logging_mixin.py:120} INFO - [2025-07-13T10:21:32.323+0000] {taskmixin.py:205} WARNING - Dependency <Task(BashOperator): delete_entry_group>, create_entry_group already registered for DAG: example_complex
[2025-07-13T10:21:32.323+0000] {logging_mixin.py:120} INFO - [2025-07-13T10:21:32.323+0000] {taskmixin.py:205} WARNING - Dependency <Task(BashOperator): create_entry_gcs>, delete_entry already registered for DAG: example_complex
[2025-07-13T10:21:32.324+0000] {logging_mixin.py:120} INFO - [2025-07-13T10:21:32.324+0000] {taskmixin.py:205} WARNING - Dependency <Task(BashOperator): delete_entry>, create_entry_gcs already registered for DAG: example_complex
[2025-07-13T10:21:32.325+0000] {logging_mixin.py:120} INFO - [2025-07-13T10:21:32.325+0000] {taskmixin.py:205} WARNING - Dependency <Task(BashOperator): create_tag>, delete_tag already registered for DAG: example_complex
[2025-07-13T10:21:32.326+0000] {logging_mixin.py:120} INFO - [2025-07-13T10:21:32.325+0000] {taskmixin.py:205} WARNING - Dependency <Task(BashOperator): delete_tag>, create_tag already registered for DAG: example_complex
[2025-07-13T10:21:32.334+0000] {processor.py:766} INFO - DAG(s) dict_keys(['example_complex']) retrieved from /home/airflow/.local/lib/python3.7/site-packages/airflow/example_dags/example_complex.py
[2025-07-13T10:21:32.387+0000] {logging_mixin.py:120} INFO - [2025-07-13T10:21:32.386+0000] {dag.py:2585} INFO - Sync 1 DAGs
[2025-07-13T10:21:32.415+0000] {logging_mixin.py:120} INFO - [2025-07-13T10:21:32.414+0000] {dag.py:3340} INFO - Setting next_dagrun for example_complex to None, run_after=None
[2025-07-13T10:21:32.439+0000] {processor.py:176} INFO - Processing /home/airflow/.local/lib/python3.7/site-packages/airflow/example_dags/example_complex.py took 0.136 seconds
[2025-07-13T10:22:02.784+0000] {processor.py:154} INFO - Started process (PID=3971) to work on /home/airflow/.local/lib/python3.7/site-packages/airflow/example_dags/example_complex.py
[2025-07-13T10:22:02.785+0000] {processor.py:756} INFO - Processing file /home/airflow/.local/lib/python3.7/site-packages/airflow/example_dags/example_complex.py for tasks to queue
[2025-07-13T10:22:02.787+0000] {logging_mixin.py:120} INFO - [2025-07-13T10:22:02.787+0000] {dagbag.py:537} INFO - Filling up the DagBag from /home/airflow/.local/lib/python3.7/site-packages/airflow/example_dags/example_complex.py
[2025-07-13T10:22:02.801+0000] {logging_mixin.py:120} INFO - [2025-07-13T10:22:02.801+0000] {taskmixin.py:205} WARNING - Dependency <Task(BashOperator): create_entry_group>, delete_entry_group already registered for DAG: example_complex
[2025-07-13T10:22:02.802+0000] {logging_mixin.py:120} INFO - [2025-07-13T10:22:02.802+0000] {taskmixin.py:205} WARNING - Dependency <Task(BashOperator): delete_entry_group>, create_entry_group already registered for DAG: example_complex
[2025-07-13T10:22:02.803+0000] {logging_mixin.py:120} INFO - [2025-07-13T10:22:02.802+0000] {taskmixin.py:205} WARNING - Dependency <Task(BashOperator): create_entry_gcs>, delete_entry already registered for DAG: example_complex
[2025-07-13T10:22:02.803+0000] {logging_mixin.py:120} INFO - [2025-07-13T10:22:02.803+0000] {taskmixin.py:205} WARNING - Dependency <Task(BashOperator): delete_entry>, create_entry_gcs already registered for DAG: example_complex
[2025-07-13T10:22:02.804+0000] {logging_mixin.py:120} INFO - [2025-07-13T10:22:02.804+0000] {taskmixin.py:205} WARNING - Dependency <Task(BashOperator): create_tag>, delete_tag already registered for DAG: example_complex
[2025-07-13T10:22:02.805+0000] {logging_mixin.py:120} INFO - [2025-07-13T10:22:02.804+0000] {taskmixin.py:205} WARNING - Dependency <Task(BashOperator): delete_tag>, create_tag already registered for DAG: example_complex
[2025-07-13T10:22:02.817+0000] {processor.py:766} INFO - DAG(s) dict_keys(['example_complex']) retrieved from /home/airflow/.local/lib/python3.7/site-packages/airflow/example_dags/example_complex.py
[2025-07-13T10:22:02.875+0000] {logging_mixin.py:120} INFO - [2025-07-13T10:22:02.874+0000] {dag.py:2585} INFO - Sync 1 DAGs
[2025-07-13T10:22:02.911+0000] {logging_mixin.py:120} INFO - [2025-07-13T10:22:02.911+0000] {dag.py:3340} INFO - Setting next_dagrun for example_complex to None, run_after=None
[2025-07-13T10:22:02.943+0000] {processor.py:176} INFO - Processing /home/airflow/.local/lib/python3.7/site-packages/airflow/example_dags/example_complex.py took 0.164 seconds
[2025-07-13T10:22:33.099+0000] {processor.py:154} INFO - Started process (PID=4025) to work on /home/airflow/.local/lib/python3.7/site-packages/airflow/example_dags/example_complex.py
[2025-07-13T10:22:33.100+0000] {processor.py:756} INFO - Processing file /home/airflow/.local/lib/python3.7/site-packages/airflow/example_dags/example_complex.py for tasks to queue
[2025-07-13T10:22:33.101+0000] {logging_mixin.py:120} INFO - [2025-07-13T10:22:33.101+0000] {dagbag.py:537} INFO - Filling up the DagBag from /home/airflow/.local/lib/python3.7/site-packages/airflow/example_dags/example_complex.py
[2025-07-13T10:22:33.115+0000] {logging_mixin.py:120} INFO - [2025-07-13T10:22:33.114+0000] {taskmixin.py:205} WARNING - Dependency <Task(BashOperator): create_entry_group>, delete_entry_group already registered for DAG: example_complex
[2025-07-13T10:22:33.115+0000] {logging_mixin.py:120} INFO - [2025-07-13T10:22:33.115+0000] {taskmixin.py:205} WARNING - Dependency <Task(BashOperator): delete_entry_group>, create_entry_group already registered for DAG: example_complex
[2025-07-13T10:22:33.116+0000] {logging_mixin.py:120} INFO - [2025-07-13T10:22:33.116+0000] {taskmixin.py:205} WARNING - Dependency <Task(BashOperator): create_entry_gcs>, delete_entry already registered for DAG: example_complex
[2025-07-13T10:22:33.117+0000] {logging_mixin.py:120} INFO - [2025-07-13T10:22:33.117+0000] {taskmixin.py:205} WARNING - Dependency <Task(BashOperator): delete_entry>, create_entry_gcs already registered for DAG: example_complex
[2025-07-13T10:22:33.118+0000] {logging_mixin.py:120} INFO - [2025-07-13T10:22:33.117+0000] {taskmixin.py:205} WARNING - Dependency <Task(BashOperator): create_tag>, delete_tag already registered for DAG: example_complex
[2025-07-13T10:22:33.118+0000] {logging_mixin.py:120} INFO - [2025-07-13T10:22:33.118+0000] {taskmixin.py:205} WARNING - Dependency <Task(BashOperator): delete_tag>, create_tag already registered for DAG: example_complex
[2025-07-13T10:22:33.127+0000] {processor.py:766} INFO - DAG(s) dict_keys(['example_complex']) retrieved from /home/airflow/.local/lib/python3.7/site-packages/airflow/example_dags/example_complex.py
[2025-07-13T10:22:33.181+0000] {logging_mixin.py:120} INFO - [2025-07-13T10:22:33.181+0000] {dag.py:2585} INFO - Sync 1 DAGs
[2025-07-13T10:22:33.208+0000] {logging_mixin.py:120} INFO - [2025-07-13T10:22:33.207+0000] {dag.py:3340} INFO - Setting next_dagrun for example_complex to None, run_after=None
[2025-07-13T10:22:33.239+0000] {processor.py:176} INFO - Processing /home/airflow/.local/lib/python3.7/site-packages/airflow/example_dags/example_complex.py took 0.145 seconds
[2025-07-13T10:23:03.423+0000] {processor.py:154} INFO - Started process (PID=4087) to work on /home/airflow/.local/lib/python3.7/site-packages/airflow/example_dags/example_complex.py
[2025-07-13T10:23:03.425+0000] {processor.py:756} INFO - Processing file /home/airflow/.local/lib/python3.7/site-packages/airflow/example_dags/example_complex.py for tasks to queue
[2025-07-13T10:23:03.429+0000] {logging_mixin.py:120} INFO - [2025-07-13T10:23:03.428+0000] {dagbag.py:537} INFO - Filling up the DagBag from /home/airflow/.local/lib/python3.7/site-packages/airflow/example_dags/example_complex.py
[2025-07-13T10:23:03.457+0000] {logging_mixin.py:120} INFO - [2025-07-13T10:23:03.456+0000] {taskmixin.py:205} WARNING - Dependency <Task(BashOperator): create_entry_group>, delete_entry_group already registered for DAG: example_complex
[2025-07-13T10:23:03.458+0000] {logging_mixin.py:120} INFO - [2025-07-13T10:23:03.458+0000] {taskmixin.py:205} WARNING - Dependency <Task(BashOperator): delete_entry_group>, create_entry_group already registered for DAG: example_complex
[2025-07-13T10:23:03.462+0000] {logging_mixin.py:120} INFO - [2025-07-13T10:23:03.461+0000] {taskmixin.py:205} WARNING - Dependency <Task(BashOperator): create_entry_gcs>, delete_entry already registered for DAG: example_complex
[2025-07-13T10:23:03.463+0000] {logging_mixin.py:120} INFO - [2025-07-13T10:23:03.463+0000] {taskmixin.py:205} WARNING - Dependency <Task(BashOperator): delete_entry>, create_entry_gcs already registered for DAG: example_complex
[2025-07-13T10:23:03.465+0000] {logging_mixin.py:120} INFO - [2025-07-13T10:23:03.464+0000] {taskmixin.py:205} WARNING - Dependency <Task(BashOperator): create_tag>, delete_tag already registered for DAG: example_complex
[2025-07-13T10:23:03.466+0000] {logging_mixin.py:120} INFO - [2025-07-13T10:23:03.466+0000] {taskmixin.py:205} WARNING - Dependency <Task(BashOperator): delete_tag>, create_tag already registered for DAG: example_complex
[2025-07-13T10:23:03.486+0000] {processor.py:766} INFO - DAG(s) dict_keys(['example_complex']) retrieved from /home/airflow/.local/lib/python3.7/site-packages/airflow/example_dags/example_complex.py
[2025-07-13T10:23:03.573+0000] {logging_mixin.py:120} INFO - [2025-07-13T10:23:03.573+0000] {dag.py:2585} INFO - Sync 1 DAGs
[2025-07-13T10:23:03.620+0000] {logging_mixin.py:120} INFO - [2025-07-13T10:23:03.620+0000] {dag.py:3340} INFO - Setting next_dagrun for example_complex to None, run_after=None
[2025-07-13T10:23:03.664+0000] {processor.py:176} INFO - Processing /home/airflow/.local/lib/python3.7/site-packages/airflow/example_dags/example_complex.py took 0.250 seconds
[2025-07-13T10:23:34.011+0000] {processor.py:154} INFO - Started process (PID=4150) to work on /home/airflow/.local/lib/python3.7/site-packages/airflow/example_dags/example_complex.py
[2025-07-13T10:23:34.013+0000] {processor.py:756} INFO - Processing file /home/airflow/.local/lib/python3.7/site-packages/airflow/example_dags/example_complex.py for tasks to queue
[2025-07-13T10:23:34.014+0000] {logging_mixin.py:120} INFO - [2025-07-13T10:23:34.013+0000] {dagbag.py:537} INFO - Filling up the DagBag from /home/airflow/.local/lib/python3.7/site-packages/airflow/example_dags/example_complex.py
[2025-07-13T10:23:34.030+0000] {logging_mixin.py:120} INFO - [2025-07-13T10:23:34.029+0000] {taskmixin.py:205} WARNING - Dependency <Task(BashOperator): create_entry_group>, delete_entry_group already registered for DAG: example_complex
[2025-07-13T10:23:34.031+0000] {logging_mixin.py:120} INFO - [2025-07-13T10:23:34.030+0000] {taskmixin.py:205} WARNING - Dependency <Task(BashOperator): delete_entry_group>, create_entry_group already registered for DAG: example_complex
[2025-07-13T10:23:34.031+0000] {logging_mixin.py:120} INFO - [2025-07-13T10:23:34.031+0000] {taskmixin.py:205} WARNING - Dependency <Task(BashOperator): create_entry_gcs>, delete_entry already registered for DAG: example_complex
[2025-07-13T10:23:34.032+0000] {logging_mixin.py:120} INFO - [2025-07-13T10:23:34.032+0000] {taskmixin.py:205} WARNING - Dependency <Task(BashOperator): delete_entry>, create_entry_gcs already registered for DAG: example_complex
[2025-07-13T10:23:34.033+0000] {logging_mixin.py:120} INFO - [2025-07-13T10:23:34.033+0000] {taskmixin.py:205} WARNING - Dependency <Task(BashOperator): create_tag>, delete_tag already registered for DAG: example_complex
[2025-07-13T10:23:34.034+0000] {logging_mixin.py:120} INFO - [2025-07-13T10:23:34.033+0000] {taskmixin.py:205} WARNING - Dependency <Task(BashOperator): delete_tag>, create_tag already registered for DAG: example_complex
[2025-07-13T10:23:34.044+0000] {processor.py:766} INFO - DAG(s) dict_keys(['example_complex']) retrieved from /home/airflow/.local/lib/python3.7/site-packages/airflow/example_dags/example_complex.py
[2025-07-13T10:23:34.109+0000] {logging_mixin.py:120} INFO - [2025-07-13T10:23:34.109+0000] {dag.py:2585} INFO - Sync 1 DAGs
[2025-07-13T10:23:34.141+0000] {logging_mixin.py:120} INFO - [2025-07-13T10:23:34.140+0000] {dag.py:3340} INFO - Setting next_dagrun for example_complex to None, run_after=None
[2025-07-13T10:23:34.169+0000] {processor.py:176} INFO - Processing /home/airflow/.local/lib/python3.7/site-packages/airflow/example_dags/example_complex.py took 0.162 seconds
[2025-07-13T10:24:04.307+0000] {processor.py:154} INFO - Started process (PID=4204) to work on /home/airflow/.local/lib/python3.7/site-packages/airflow/example_dags/example_complex.py
[2025-07-13T10:24:04.308+0000] {processor.py:756} INFO - Processing file /home/airflow/.local/lib/python3.7/site-packages/airflow/example_dags/example_complex.py for tasks to queue
[2025-07-13T10:24:04.309+0000] {logging_mixin.py:120} INFO - [2025-07-13T10:24:04.309+0000] {dagbag.py:537} INFO - Filling up the DagBag from /home/airflow/.local/lib/python3.7/site-packages/airflow/example_dags/example_complex.py
[2025-07-13T10:24:04.322+0000] {logging_mixin.py:120} INFO - [2025-07-13T10:24:04.322+0000] {taskmixin.py:205} WARNING - Dependency <Task(BashOperator): create_entry_group>, delete_entry_group already registered for DAG: example_complex
[2025-07-13T10:24:04.323+0000] {logging_mixin.py:120} INFO - [2025-07-13T10:24:04.323+0000] {taskmixin.py:205} WARNING - Dependency <Task(BashOperator): delete_entry_group>, create_entry_group already registered for DAG: example_complex
[2025-07-13T10:24:04.323+0000] {logging_mixin.py:120} INFO - [2025-07-13T10:24:04.323+0000] {taskmixin.py:205} WARNING - Dependency <Task(BashOperator): create_entry_gcs>, delete_entry already registered for DAG: example_complex
[2025-07-13T10:24:04.324+0000] {logging_mixin.py:120} INFO - [2025-07-13T10:24:04.324+0000] {taskmixin.py:205} WARNING - Dependency <Task(BashOperator): delete_entry>, create_entry_gcs already registered for DAG: example_complex
[2025-07-13T10:24:04.324+0000] {logging_mixin.py:120} INFO - [2025-07-13T10:24:04.324+0000] {taskmixin.py:205} WARNING - Dependency <Task(BashOperator): create_tag>, delete_tag already registered for DAG: example_complex
[2025-07-13T10:24:04.325+0000] {logging_mixin.py:120} INFO - [2025-07-13T10:24:04.325+0000] {taskmixin.py:205} WARNING - Dependency <Task(BashOperator): delete_tag>, create_tag already registered for DAG: example_complex
[2025-07-13T10:24:04.334+0000] {processor.py:766} INFO - DAG(s) dict_keys(['example_complex']) retrieved from /home/airflow/.local/lib/python3.7/site-packages/airflow/example_dags/example_complex.py
[2025-07-13T10:24:04.386+0000] {logging_mixin.py:120} INFO - [2025-07-13T10:24:04.386+0000] {dag.py:2585} INFO - Sync 1 DAGs
[2025-07-13T10:24:04.413+0000] {logging_mixin.py:120} INFO - [2025-07-13T10:24:04.413+0000] {dag.py:3340} INFO - Setting next_dagrun for example_complex to None, run_after=None
[2025-07-13T10:24:04.437+0000] {processor.py:176} INFO - Processing /home/airflow/.local/lib/python3.7/site-packages/airflow/example_dags/example_complex.py took 0.135 seconds
[2025-07-13T10:24:34.629+0000] {processor.py:154} INFO - Started process (PID=4268) to work on /home/airflow/.local/lib/python3.7/site-packages/airflow/example_dags/example_complex.py
[2025-07-13T10:24:34.630+0000] {processor.py:756} INFO - Processing file /home/airflow/.local/lib/python3.7/site-packages/airflow/example_dags/example_complex.py for tasks to queue
[2025-07-13T10:24:34.631+0000] {logging_mixin.py:120} INFO - [2025-07-13T10:24:34.631+0000] {dagbag.py:537} INFO - Filling up the DagBag from /home/airflow/.local/lib/python3.7/site-packages/airflow/example_dags/example_complex.py
[2025-07-13T10:24:34.643+0000] {logging_mixin.py:120} INFO - [2025-07-13T10:24:34.643+0000] {taskmixin.py:205} WARNING - Dependency <Task(BashOperator): create_entry_group>, delete_entry_group already registered for DAG: example_complex
[2025-07-13T10:24:34.644+0000] {logging_mixin.py:120} INFO - [2025-07-13T10:24:34.644+0000] {taskmixin.py:205} WARNING - Dependency <Task(BashOperator): delete_entry_group>, create_entry_group already registered for DAG: example_complex
[2025-07-13T10:24:34.645+0000] {logging_mixin.py:120} INFO - [2025-07-13T10:24:34.645+0000] {taskmixin.py:205} WARNING - Dependency <Task(BashOperator): create_entry_gcs>, delete_entry already registered for DAG: example_complex
[2025-07-13T10:24:34.646+0000] {logging_mixin.py:120} INFO - [2025-07-13T10:24:34.646+0000] {taskmixin.py:205} WARNING - Dependency <Task(BashOperator): delete_entry>, create_entry_gcs already registered for DAG: example_complex
[2025-07-13T10:24:34.647+0000] {logging_mixin.py:120} INFO - [2025-07-13T10:24:34.647+0000] {taskmixin.py:205} WARNING - Dependency <Task(BashOperator): create_tag>, delete_tag already registered for DAG: example_complex
[2025-07-13T10:24:34.647+0000] {logging_mixin.py:120} INFO - [2025-07-13T10:24:34.647+0000] {taskmixin.py:205} WARNING - Dependency <Task(BashOperator): delete_tag>, create_tag already registered for DAG: example_complex
[2025-07-13T10:24:34.656+0000] {processor.py:766} INFO - DAG(s) dict_keys(['example_complex']) retrieved from /home/airflow/.local/lib/python3.7/site-packages/airflow/example_dags/example_complex.py
[2025-07-13T10:24:34.722+0000] {logging_mixin.py:120} INFO - [2025-07-13T10:24:34.722+0000] {dag.py:2585} INFO - Sync 1 DAGs
[2025-07-13T10:24:34.754+0000] {logging_mixin.py:120} INFO - [2025-07-13T10:24:34.753+0000] {dag.py:3340} INFO - Setting next_dagrun for example_complex to None, run_after=None
[2025-07-13T10:24:34.788+0000] {processor.py:176} INFO - Processing /home/airflow/.local/lib/python3.7/site-packages/airflow/example_dags/example_complex.py took 0.164 seconds
[2025-07-13T10:25:04.861+0000] {processor.py:154} INFO - Started process (PID=4331) to work on /home/airflow/.local/lib/python3.7/site-packages/airflow/example_dags/example_complex.py
[2025-07-13T10:25:04.863+0000] {processor.py:756} INFO - Processing file /home/airflow/.local/lib/python3.7/site-packages/airflow/example_dags/example_complex.py for tasks to queue
[2025-07-13T10:25:04.864+0000] {logging_mixin.py:120} INFO - [2025-07-13T10:25:04.864+0000] {dagbag.py:537} INFO - Filling up the DagBag from /home/airflow/.local/lib/python3.7/site-packages/airflow/example_dags/example_complex.py
[2025-07-13T10:25:04.880+0000] {logging_mixin.py:120} INFO - [2025-07-13T10:25:04.879+0000] {taskmixin.py:205} WARNING - Dependency <Task(BashOperator): create_entry_group>, delete_entry_group already registered for DAG: example_complex
[2025-07-13T10:25:04.881+0000] {logging_mixin.py:120} INFO - [2025-07-13T10:25:04.880+0000] {taskmixin.py:205} WARNING - Dependency <Task(BashOperator): delete_entry_group>, create_entry_group already registered for DAG: example_complex
[2025-07-13T10:25:04.881+0000] {logging_mixin.py:120} INFO - [2025-07-13T10:25:04.881+0000] {taskmixin.py:205} WARNING - Dependency <Task(BashOperator): create_entry_gcs>, delete_entry already registered for DAG: example_complex
[2025-07-13T10:25:04.882+0000] {logging_mixin.py:120} INFO - [2025-07-13T10:25:04.882+0000] {taskmixin.py:205} WARNING - Dependency <Task(BashOperator): delete_entry>, create_entry_gcs already registered for DAG: example_complex
[2025-07-13T10:25:04.882+0000] {logging_mixin.py:120} INFO - [2025-07-13T10:25:04.882+0000] {taskmixin.py:205} WARNING - Dependency <Task(BashOperator): create_tag>, delete_tag already registered for DAG: example_complex
[2025-07-13T10:25:04.883+0000] {logging_mixin.py:120} INFO - [2025-07-13T10:25:04.883+0000] {taskmixin.py:205} WARNING - Dependency <Task(BashOperator): delete_tag>, create_tag already registered for DAG: example_complex
[2025-07-13T10:25:04.897+0000] {processor.py:766} INFO - DAG(s) dict_keys(['example_complex']) retrieved from /home/airflow/.local/lib/python3.7/site-packages/airflow/example_dags/example_complex.py
[2025-07-13T10:25:04.950+0000] {logging_mixin.py:120} INFO - [2025-07-13T10:25:04.950+0000] {dag.py:2585} INFO - Sync 1 DAGs
[2025-07-13T10:25:04.977+0000] {logging_mixin.py:120} INFO - [2025-07-13T10:25:04.977+0000] {dag.py:3340} INFO - Setting next_dagrun for example_complex to None, run_after=None
[2025-07-13T10:25:05.005+0000] {processor.py:176} INFO - Processing /home/airflow/.local/lib/python3.7/site-packages/airflow/example_dags/example_complex.py took 0.148 seconds
[2025-07-13T10:25:35.166+0000] {processor.py:154} INFO - Started process (PID=4384) to work on /home/airflow/.local/lib/python3.7/site-packages/airflow/example_dags/example_complex.py
[2025-07-13T10:25:35.168+0000] {processor.py:756} INFO - Processing file /home/airflow/.local/lib/python3.7/site-packages/airflow/example_dags/example_complex.py for tasks to queue
[2025-07-13T10:25:35.170+0000] {logging_mixin.py:120} INFO - [2025-07-13T10:25:35.169+0000] {dagbag.py:537} INFO - Filling up the DagBag from /home/airflow/.local/lib/python3.7/site-packages/airflow/example_dags/example_complex.py
[2025-07-13T10:25:35.183+0000] {logging_mixin.py:120} INFO - [2025-07-13T10:25:35.183+0000] {taskmixin.py:205} WARNING - Dependency <Task(BashOperator): create_entry_group>, delete_entry_group already registered for DAG: example_complex
[2025-07-13T10:25:35.184+0000] {logging_mixin.py:120} INFO - [2025-07-13T10:25:35.184+0000] {taskmixin.py:205} WARNING - Dependency <Task(BashOperator): delete_entry_group>, create_entry_group already registered for DAG: example_complex
[2025-07-13T10:25:35.185+0000] {logging_mixin.py:120} INFO - [2025-07-13T10:25:35.184+0000] {taskmixin.py:205} WARNING - Dependency <Task(BashOperator): create_entry_gcs>, delete_entry already registered for DAG: example_complex
[2025-07-13T10:25:35.185+0000] {logging_mixin.py:120} INFO - [2025-07-13T10:25:35.185+0000] {taskmixin.py:205} WARNING - Dependency <Task(BashOperator): delete_entry>, create_entry_gcs already registered for DAG: example_complex
[2025-07-13T10:25:35.186+0000] {logging_mixin.py:120} INFO - [2025-07-13T10:25:35.186+0000] {taskmixin.py:205} WARNING - Dependency <Task(BashOperator): create_tag>, delete_tag already registered for DAG: example_complex
[2025-07-13T10:25:35.187+0000] {logging_mixin.py:120} INFO - [2025-07-13T10:25:35.186+0000] {taskmixin.py:205} WARNING - Dependency <Task(BashOperator): delete_tag>, create_tag already registered for DAG: example_complex
[2025-07-13T10:25:35.195+0000] {processor.py:766} INFO - DAG(s) dict_keys(['example_complex']) retrieved from /home/airflow/.local/lib/python3.7/site-packages/airflow/example_dags/example_complex.py
[2025-07-13T10:25:35.248+0000] {logging_mixin.py:120} INFO - [2025-07-13T10:25:35.248+0000] {dag.py:2585} INFO - Sync 1 DAGs
[2025-07-13T10:25:35.275+0000] {logging_mixin.py:120} INFO - [2025-07-13T10:25:35.274+0000] {dag.py:3340} INFO - Setting next_dagrun for example_complex to None, run_after=None
[2025-07-13T10:25:35.305+0000] {processor.py:176} INFO - Processing /home/airflow/.local/lib/python3.7/site-packages/airflow/example_dags/example_complex.py took 0.145 seconds
[2025-07-13T10:26:05.522+0000] {processor.py:154} INFO - Started process (PID=4448) to work on /home/airflow/.local/lib/python3.7/site-packages/airflow/example_dags/example_complex.py
[2025-07-13T10:26:05.523+0000] {processor.py:756} INFO - Processing file /home/airflow/.local/lib/python3.7/site-packages/airflow/example_dags/example_complex.py for tasks to queue
[2025-07-13T10:26:05.525+0000] {logging_mixin.py:120} INFO - [2025-07-13T10:26:05.524+0000] {dagbag.py:537} INFO - Filling up the DagBag from /home/airflow/.local/lib/python3.7/site-packages/airflow/example_dags/example_complex.py
[2025-07-13T10:26:05.539+0000] {logging_mixin.py:120} INFO - [2025-07-13T10:26:05.538+0000] {taskmixin.py:205} WARNING - Dependency <Task(BashOperator): create_entry_group>, delete_entry_group already registered for DAG: example_complex
[2025-07-13T10:26:05.539+0000] {logging_mixin.py:120} INFO - [2025-07-13T10:26:05.539+0000] {taskmixin.py:205} WARNING - Dependency <Task(BashOperator): delete_entry_group>, create_entry_group already registered for DAG: example_complex
[2025-07-13T10:26:05.540+0000] {logging_mixin.py:120} INFO - [2025-07-13T10:26:05.540+0000] {taskmixin.py:205} WARNING - Dependency <Task(BashOperator): create_entry_gcs>, delete_entry already registered for DAG: example_complex
[2025-07-13T10:26:05.541+0000] {logging_mixin.py:120} INFO - [2025-07-13T10:26:05.541+0000] {taskmixin.py:205} WARNING - Dependency <Task(BashOperator): delete_entry>, create_entry_gcs already registered for DAG: example_complex
[2025-07-13T10:26:05.542+0000] {logging_mixin.py:120} INFO - [2025-07-13T10:26:05.542+0000] {taskmixin.py:205} WARNING - Dependency <Task(BashOperator): create_tag>, delete_tag already registered for DAG: example_complex
[2025-07-13T10:26:05.542+0000] {logging_mixin.py:120} INFO - [2025-07-13T10:26:05.542+0000] {taskmixin.py:205} WARNING - Dependency <Task(BashOperator): delete_tag>, create_tag already registered for DAG: example_complex
[2025-07-13T10:26:05.551+0000] {processor.py:766} INFO - DAG(s) dict_keys(['example_complex']) retrieved from /home/airflow/.local/lib/python3.7/site-packages/airflow/example_dags/example_complex.py
[2025-07-13T10:26:05.613+0000] {logging_mixin.py:120} INFO - [2025-07-13T10:26:05.613+0000] {dag.py:2585} INFO - Sync 1 DAGs
[2025-07-13T10:26:05.641+0000] {logging_mixin.py:120} INFO - [2025-07-13T10:26:05.640+0000] {dag.py:3340} INFO - Setting next_dagrun for example_complex to None, run_after=None
[2025-07-13T10:26:05.665+0000] {processor.py:176} INFO - Processing /home/airflow/.local/lib/python3.7/site-packages/airflow/example_dags/example_complex.py took 0.146 seconds
[2025-07-13T10:26:35.988+0000] {processor.py:154} INFO - Started process (PID=4500) to work on /home/airflow/.local/lib/python3.7/site-packages/airflow/example_dags/example_complex.py
[2025-07-13T10:26:35.990+0000] {processor.py:756} INFO - Processing file /home/airflow/.local/lib/python3.7/site-packages/airflow/example_dags/example_complex.py for tasks to queue
[2025-07-13T10:26:35.991+0000] {logging_mixin.py:120} INFO - [2025-07-13T10:26:35.991+0000] {dagbag.py:537} INFO - Filling up the DagBag from /home/airflow/.local/lib/python3.7/site-packages/airflow/example_dags/example_complex.py
[2025-07-13T10:26:36.009+0000] {logging_mixin.py:120} INFO - [2025-07-13T10:26:36.009+0000] {taskmixin.py:205} WARNING - Dependency <Task(BashOperator): create_entry_group>, delete_entry_group already registered for DAG: example_complex
[2025-07-13T10:26:36.010+0000] {logging_mixin.py:120} INFO - [2025-07-13T10:26:36.010+0000] {taskmixin.py:205} WARNING - Dependency <Task(BashOperator): delete_entry_group>, create_entry_group already registered for DAG: example_complex
[2025-07-13T10:26:36.010+0000] {logging_mixin.py:120} INFO - [2025-07-13T10:26:36.010+0000] {taskmixin.py:205} WARNING - Dependency <Task(BashOperator): create_entry_gcs>, delete_entry already registered for DAG: example_complex
[2025-07-13T10:26:36.011+0000] {logging_mixin.py:120} INFO - [2025-07-13T10:26:36.011+0000] {taskmixin.py:205} WARNING - Dependency <Task(BashOperator): delete_entry>, create_entry_gcs already registered for DAG: example_complex
[2025-07-13T10:26:36.012+0000] {logging_mixin.py:120} INFO - [2025-07-13T10:26:36.012+0000] {taskmixin.py:205} WARNING - Dependency <Task(BashOperator): create_tag>, delete_tag already registered for DAG: example_complex
[2025-07-13T10:26:36.012+0000] {logging_mixin.py:120} INFO - [2025-07-13T10:26:36.012+0000] {taskmixin.py:205} WARNING - Dependency <Task(BashOperator): delete_tag>, create_tag already registered for DAG: example_complex
[2025-07-13T10:26:36.021+0000] {processor.py:766} INFO - DAG(s) dict_keys(['example_complex']) retrieved from /home/airflow/.local/lib/python3.7/site-packages/airflow/example_dags/example_complex.py
[2025-07-13T10:26:36.099+0000] {logging_mixin.py:120} INFO - [2025-07-13T10:26:36.098+0000] {dag.py:2585} INFO - Sync 1 DAGs
[2025-07-13T10:26:36.131+0000] {logging_mixin.py:120} INFO - [2025-07-13T10:26:36.131+0000] {dag.py:3340} INFO - Setting next_dagrun for example_complex to None, run_after=None
[2025-07-13T10:26:36.171+0000] {processor.py:176} INFO - Processing /home/airflow/.local/lib/python3.7/site-packages/airflow/example_dags/example_complex.py took 0.186 seconds
[2025-07-13T10:27:06.476+0000] {processor.py:154} INFO - Started process (PID=4563) to work on /home/airflow/.local/lib/python3.7/site-packages/airflow/example_dags/example_complex.py
[2025-07-13T10:27:06.477+0000] {processor.py:756} INFO - Processing file /home/airflow/.local/lib/python3.7/site-packages/airflow/example_dags/example_complex.py for tasks to queue
[2025-07-13T10:27:06.479+0000] {logging_mixin.py:120} INFO - [2025-07-13T10:27:06.478+0000] {dagbag.py:537} INFO - Filling up the DagBag from /home/airflow/.local/lib/python3.7/site-packages/airflow/example_dags/example_complex.py
[2025-07-13T10:27:06.495+0000] {logging_mixin.py:120} INFO - [2025-07-13T10:27:06.495+0000] {taskmixin.py:205} WARNING - Dependency <Task(BashOperator): create_entry_group>, delete_entry_group already registered for DAG: example_complex
[2025-07-13T10:27:06.496+0000] {logging_mixin.py:120} INFO - [2025-07-13T10:27:06.496+0000] {taskmixin.py:205} WARNING - Dependency <Task(BashOperator): delete_entry_group>, create_entry_group already registered for DAG: example_complex
[2025-07-13T10:27:06.498+0000] {logging_mixin.py:120} INFO - [2025-07-13T10:27:06.497+0000] {taskmixin.py:205} WARNING - Dependency <Task(BashOperator): create_entry_gcs>, delete_entry already registered for DAG: example_complex
[2025-07-13T10:27:06.498+0000] {logging_mixin.py:120} INFO - [2025-07-13T10:27:06.498+0000] {taskmixin.py:205} WARNING - Dependency <Task(BashOperator): delete_entry>, create_entry_gcs already registered for DAG: example_complex
[2025-07-13T10:27:06.499+0000] {logging_mixin.py:120} INFO - [2025-07-13T10:27:06.499+0000] {taskmixin.py:205} WARNING - Dependency <Task(BashOperator): create_tag>, delete_tag already registered for DAG: example_complex
[2025-07-13T10:27:06.500+0000] {logging_mixin.py:120} INFO - [2025-07-13T10:27:06.500+0000] {taskmixin.py:205} WARNING - Dependency <Task(BashOperator): delete_tag>, create_tag already registered for DAG: example_complex
[2025-07-13T10:27:06.511+0000] {processor.py:766} INFO - DAG(s) dict_keys(['example_complex']) retrieved from /home/airflow/.local/lib/python3.7/site-packages/airflow/example_dags/example_complex.py
[2025-07-13T10:27:06.575+0000] {logging_mixin.py:120} INFO - [2025-07-13T10:27:06.575+0000] {dag.py:2585} INFO - Sync 1 DAGs
[2025-07-13T10:27:06.653+0000] {logging_mixin.py:120} INFO - [2025-07-13T10:27:06.653+0000] {dag.py:3340} INFO - Setting next_dagrun for example_complex to None, run_after=None
[2025-07-13T10:27:06.704+0000] {processor.py:176} INFO - Processing /home/airflow/.local/lib/python3.7/site-packages/airflow/example_dags/example_complex.py took 0.232 seconds
[2025-07-13T10:27:36.888+0000] {processor.py:154} INFO - Started process (PID=4627) to work on /home/airflow/.local/lib/python3.7/site-packages/airflow/example_dags/example_complex.py
[2025-07-13T10:27:36.889+0000] {processor.py:756} INFO - Processing file /home/airflow/.local/lib/python3.7/site-packages/airflow/example_dags/example_complex.py for tasks to queue
[2025-07-13T10:27:36.891+0000] {logging_mixin.py:120} INFO - [2025-07-13T10:27:36.890+0000] {dagbag.py:537} INFO - Filling up the DagBag from /home/airflow/.local/lib/python3.7/site-packages/airflow/example_dags/example_complex.py
[2025-07-13T10:27:36.903+0000] {logging_mixin.py:120} INFO - [2025-07-13T10:27:36.903+0000] {taskmixin.py:205} WARNING - Dependency <Task(BashOperator): create_entry_group>, delete_entry_group already registered for DAG: example_complex
[2025-07-13T10:27:36.904+0000] {logging_mixin.py:120} INFO - [2025-07-13T10:27:36.904+0000] {taskmixin.py:205} WARNING - Dependency <Task(BashOperator): delete_entry_group>, create_entry_group already registered for DAG: example_complex
[2025-07-13T10:27:36.904+0000] {logging_mixin.py:120} INFO - [2025-07-13T10:27:36.904+0000] {taskmixin.py:205} WARNING - Dependency <Task(BashOperator): create_entry_gcs>, delete_entry already registered for DAG: example_complex
[2025-07-13T10:27:36.905+0000] {logging_mixin.py:120} INFO - [2025-07-13T10:27:36.905+0000] {taskmixin.py:205} WARNING - Dependency <Task(BashOperator): delete_entry>, create_entry_gcs already registered for DAG: example_complex
[2025-07-13T10:27:36.906+0000] {logging_mixin.py:120} INFO - [2025-07-13T10:27:36.906+0000] {taskmixin.py:205} WARNING - Dependency <Task(BashOperator): create_tag>, delete_tag already registered for DAG: example_complex
[2025-07-13T10:27:36.907+0000] {logging_mixin.py:120} INFO - [2025-07-13T10:27:36.906+0000] {taskmixin.py:205} WARNING - Dependency <Task(BashOperator): delete_tag>, create_tag already registered for DAG: example_complex
[2025-07-13T10:27:36.916+0000] {processor.py:766} INFO - DAG(s) dict_keys(['example_complex']) retrieved from /home/airflow/.local/lib/python3.7/site-packages/airflow/example_dags/example_complex.py
[2025-07-13T10:27:36.967+0000] {logging_mixin.py:120} INFO - [2025-07-13T10:27:36.967+0000] {dag.py:2585} INFO - Sync 1 DAGs
[2025-07-13T10:27:37.000+0000] {logging_mixin.py:120} INFO - [2025-07-13T10:27:37.000+0000] {dag.py:3340} INFO - Setting next_dagrun for example_complex to None, run_after=None
[2025-07-13T10:27:37.027+0000] {processor.py:176} INFO - Processing /home/airflow/.local/lib/python3.7/site-packages/airflow/example_dags/example_complex.py took 0.144 seconds
[2025-07-13T10:28:07.088+0000] {processor.py:154} INFO - Started process (PID=4681) to work on /home/airflow/.local/lib/python3.7/site-packages/airflow/example_dags/example_complex.py
[2025-07-13T10:28:07.089+0000] {processor.py:756} INFO - Processing file /home/airflow/.local/lib/python3.7/site-packages/airflow/example_dags/example_complex.py for tasks to queue
[2025-07-13T10:28:07.090+0000] {logging_mixin.py:120} INFO - [2025-07-13T10:28:07.090+0000] {dagbag.py:537} INFO - Filling up the DagBag from /home/airflow/.local/lib/python3.7/site-packages/airflow/example_dags/example_complex.py
[2025-07-13T10:28:07.111+0000] {logging_mixin.py:120} INFO - [2025-07-13T10:28:07.110+0000] {taskmixin.py:205} WARNING - Dependency <Task(BashOperator): create_entry_group>, delete_entry_group already registered for DAG: example_complex
[2025-07-13T10:28:07.112+0000] {logging_mixin.py:120} INFO - [2025-07-13T10:28:07.112+0000] {taskmixin.py:205} WARNING - Dependency <Task(BashOperator): delete_entry_group>, create_entry_group already registered for DAG: example_complex
[2025-07-13T10:28:07.113+0000] {logging_mixin.py:120} INFO - [2025-07-13T10:28:07.113+0000] {taskmixin.py:205} WARNING - Dependency <Task(BashOperator): create_entry_gcs>, delete_entry already registered for DAG: example_complex
[2025-07-13T10:28:07.114+0000] {logging_mixin.py:120} INFO - [2025-07-13T10:28:07.113+0000] {taskmixin.py:205} WARNING - Dependency <Task(BashOperator): delete_entry>, create_entry_gcs already registered for DAG: example_complex
[2025-07-13T10:28:07.116+0000] {logging_mixin.py:120} INFO - [2025-07-13T10:28:07.116+0000] {taskmixin.py:205} WARNING - Dependency <Task(BashOperator): create_tag>, delete_tag already registered for DAG: example_complex
[2025-07-13T10:28:07.117+0000] {logging_mixin.py:120} INFO - [2025-07-13T10:28:07.117+0000] {taskmixin.py:205} WARNING - Dependency <Task(BashOperator): delete_tag>, create_tag already registered for DAG: example_complex
[2025-07-13T10:28:07.129+0000] {processor.py:766} INFO - DAG(s) dict_keys(['example_complex']) retrieved from /home/airflow/.local/lib/python3.7/site-packages/airflow/example_dags/example_complex.py
[2025-07-13T10:28:07.227+0000] {logging_mixin.py:120} INFO - [2025-07-13T10:28:07.227+0000] {dag.py:2585} INFO - Sync 1 DAGs
[2025-07-13T10:28:07.259+0000] {logging_mixin.py:120} INFO - [2025-07-13T10:28:07.259+0000] {dag.py:3340} INFO - Setting next_dagrun for example_complex to None, run_after=None
[2025-07-13T10:28:07.284+0000] {processor.py:176} INFO - Processing /home/airflow/.local/lib/python3.7/site-packages/airflow/example_dags/example_complex.py took 0.199 seconds
[2025-07-13T10:28:37.371+0000] {processor.py:154} INFO - Started process (PID=4744) to work on /home/airflow/.local/lib/python3.7/site-packages/airflow/example_dags/example_complex.py
[2025-07-13T10:28:37.373+0000] {processor.py:756} INFO - Processing file /home/airflow/.local/lib/python3.7/site-packages/airflow/example_dags/example_complex.py for tasks to queue
[2025-07-13T10:28:37.374+0000] {logging_mixin.py:120} INFO - [2025-07-13T10:28:37.374+0000] {dagbag.py:537} INFO - Filling up the DagBag from /home/airflow/.local/lib/python3.7/site-packages/airflow/example_dags/example_complex.py
[2025-07-13T10:28:37.388+0000] {logging_mixin.py:120} INFO - [2025-07-13T10:28:37.388+0000] {taskmixin.py:205} WARNING - Dependency <Task(BashOperator): create_entry_group>, delete_entry_group already registered for DAG: example_complex
[2025-07-13T10:28:37.389+0000] {logging_mixin.py:120} INFO - [2025-07-13T10:28:37.389+0000] {taskmixin.py:205} WARNING - Dependency <Task(BashOperator): delete_entry_group>, create_entry_group already registered for DAG: example_complex
[2025-07-13T10:28:37.390+0000] {logging_mixin.py:120} INFO - [2025-07-13T10:28:37.390+0000] {taskmixin.py:205} WARNING - Dependency <Task(BashOperator): create_entry_gcs>, delete_entry already registered for DAG: example_complex
[2025-07-13T10:28:37.390+0000] {logging_mixin.py:120} INFO - [2025-07-13T10:28:37.390+0000] {taskmixin.py:205} WARNING - Dependency <Task(BashOperator): delete_entry>, create_entry_gcs already registered for DAG: example_complex
[2025-07-13T10:28:37.391+0000] {logging_mixin.py:120} INFO - [2025-07-13T10:28:37.391+0000] {taskmixin.py:205} WARNING - Dependency <Task(BashOperator): create_tag>, delete_tag already registered for DAG: example_complex
[2025-07-13T10:28:37.391+0000] {logging_mixin.py:120} INFO - [2025-07-13T10:28:37.391+0000] {taskmixin.py:205} WARNING - Dependency <Task(BashOperator): delete_tag>, create_tag already registered for DAG: example_complex
[2025-07-13T10:28:37.400+0000] {processor.py:766} INFO - DAG(s) dict_keys(['example_complex']) retrieved from /home/airflow/.local/lib/python3.7/site-packages/airflow/example_dags/example_complex.py
[2025-07-13T10:28:37.452+0000] {logging_mixin.py:120} INFO - [2025-07-13T10:28:37.452+0000] {dag.py:2585} INFO - Sync 1 DAGs
[2025-07-13T10:28:37.479+0000] {logging_mixin.py:120} INFO - [2025-07-13T10:28:37.478+0000] {dag.py:3340} INFO - Setting next_dagrun for example_complex to None, run_after=None
[2025-07-13T10:28:37.507+0000] {processor.py:176} INFO - Processing /home/airflow/.local/lib/python3.7/site-packages/airflow/example_dags/example_complex.py took 0.140 seconds
[2025-07-13T10:29:07.752+0000] {processor.py:154} INFO - Started process (PID=4798) to work on /home/airflow/.local/lib/python3.7/site-packages/airflow/example_dags/example_complex.py
[2025-07-13T10:29:07.771+0000] {processor.py:756} INFO - Processing file /home/airflow/.local/lib/python3.7/site-packages/airflow/example_dags/example_complex.py for tasks to queue
[2025-07-13T10:29:07.793+0000] {logging_mixin.py:120} INFO - [2025-07-13T10:29:07.793+0000] {dagbag.py:537} INFO - Filling up the DagBag from /home/airflow/.local/lib/python3.7/site-packages/airflow/example_dags/example_complex.py
[2025-07-13T10:29:07.839+0000] {logging_mixin.py:120} INFO - [2025-07-13T10:29:07.839+0000] {taskmixin.py:205} WARNING - Dependency <Task(BashOperator): create_entry_group>, delete_entry_group already registered for DAG: example_complex
[2025-07-13T10:29:07.842+0000] {logging_mixin.py:120} INFO - [2025-07-13T10:29:07.841+0000] {taskmixin.py:205} WARNING - Dependency <Task(BashOperator): delete_entry_group>, create_entry_group already registered for DAG: example_complex
[2025-07-13T10:29:07.843+0000] {logging_mixin.py:120} INFO - [2025-07-13T10:29:07.843+0000] {taskmixin.py:205} WARNING - Dependency <Task(BashOperator): create_entry_gcs>, delete_entry already registered for DAG: example_complex
[2025-07-13T10:29:07.844+0000] {logging_mixin.py:120} INFO - [2025-07-13T10:29:07.844+0000] {taskmixin.py:205} WARNING - Dependency <Task(BashOperator): delete_entry>, create_entry_gcs already registered for DAG: example_complex
[2025-07-13T10:29:07.846+0000] {logging_mixin.py:120} INFO - [2025-07-13T10:29:07.845+0000] {taskmixin.py:205} WARNING - Dependency <Task(BashOperator): create_tag>, delete_tag already registered for DAG: example_complex
[2025-07-13T10:29:07.847+0000] {logging_mixin.py:120} INFO - [2025-07-13T10:29:07.846+0000] {taskmixin.py:205} WARNING - Dependency <Task(BashOperator): delete_tag>, create_tag already registered for DAG: example_complex
[2025-07-13T10:29:07.875+0000] {processor.py:766} INFO - DAG(s) dict_keys(['example_complex']) retrieved from /home/airflow/.local/lib/python3.7/site-packages/airflow/example_dags/example_complex.py
[2025-07-13T10:29:07.945+0000] {logging_mixin.py:120} INFO - [2025-07-13T10:29:07.945+0000] {dag.py:2585} INFO - Sync 1 DAGs
[2025-07-13T10:29:07.971+0000] {logging_mixin.py:120} INFO - [2025-07-13T10:29:07.971+0000] {dag.py:3340} INFO - Setting next_dagrun for example_complex to None, run_after=None
[2025-07-13T10:29:08.002+0000] {processor.py:176} INFO - Processing /home/airflow/.local/lib/python3.7/site-packages/airflow/example_dags/example_complex.py took 0.258 seconds
[2025-07-13T10:29:38.303+0000] {processor.py:154} INFO - Started process (PID=4861) to work on /home/airflow/.local/lib/python3.7/site-packages/airflow/example_dags/example_complex.py
[2025-07-13T10:29:38.305+0000] {processor.py:756} INFO - Processing file /home/airflow/.local/lib/python3.7/site-packages/airflow/example_dags/example_complex.py for tasks to queue
[2025-07-13T10:29:38.307+0000] {logging_mixin.py:120} INFO - [2025-07-13T10:29:38.306+0000] {dagbag.py:537} INFO - Filling up the DagBag from /home/airflow/.local/lib/python3.7/site-packages/airflow/example_dags/example_complex.py
[2025-07-13T10:29:38.328+0000] {logging_mixin.py:120} INFO - [2025-07-13T10:29:38.327+0000] {taskmixin.py:205} WARNING - Dependency <Task(BashOperator): create_entry_group>, delete_entry_group already registered for DAG: example_complex
[2025-07-13T10:29:38.328+0000] {logging_mixin.py:120} INFO - [2025-07-13T10:29:38.328+0000] {taskmixin.py:205} WARNING - Dependency <Task(BashOperator): delete_entry_group>, create_entry_group already registered for DAG: example_complex
[2025-07-13T10:29:38.329+0000] {logging_mixin.py:120} INFO - [2025-07-13T10:29:38.329+0000] {taskmixin.py:205} WARNING - Dependency <Task(BashOperator): create_entry_gcs>, delete_entry already registered for DAG: example_complex
[2025-07-13T10:29:38.330+0000] {logging_mixin.py:120} INFO - [2025-07-13T10:29:38.330+0000] {taskmixin.py:205} WARNING - Dependency <Task(BashOperator): delete_entry>, create_entry_gcs already registered for DAG: example_complex
[2025-07-13T10:29:38.331+0000] {logging_mixin.py:120} INFO - [2025-07-13T10:29:38.331+0000] {taskmixin.py:205} WARNING - Dependency <Task(BashOperator): create_tag>, delete_tag already registered for DAG: example_complex
[2025-07-13T10:29:38.332+0000] {logging_mixin.py:120} INFO - [2025-07-13T10:29:38.332+0000] {taskmixin.py:205} WARNING - Dependency <Task(BashOperator): delete_tag>, create_tag already registered for DAG: example_complex
[2025-07-13T10:29:38.345+0000] {processor.py:766} INFO - DAG(s) dict_keys(['example_complex']) retrieved from /home/airflow/.local/lib/python3.7/site-packages/airflow/example_dags/example_complex.py
[2025-07-13T10:29:38.419+0000] {logging_mixin.py:120} INFO - [2025-07-13T10:29:38.418+0000] {dag.py:2585} INFO - Sync 1 DAGs
[2025-07-13T10:29:38.454+0000] {logging_mixin.py:120} INFO - [2025-07-13T10:29:38.454+0000] {dag.py:3340} INFO - Setting next_dagrun for example_complex to None, run_after=None
[2025-07-13T10:29:38.489+0000] {processor.py:176} INFO - Processing /home/airflow/.local/lib/python3.7/site-packages/airflow/example_dags/example_complex.py took 0.200 seconds
[2025-07-13T10:30:08.673+0000] {processor.py:154} INFO - Started process (PID=4915) to work on /home/airflow/.local/lib/python3.7/site-packages/airflow/example_dags/example_complex.py
[2025-07-13T10:30:08.676+0000] {processor.py:756} INFO - Processing file /home/airflow/.local/lib/python3.7/site-packages/airflow/example_dags/example_complex.py for tasks to queue
[2025-07-13T10:30:08.677+0000] {logging_mixin.py:120} INFO - [2025-07-13T10:30:08.677+0000] {dagbag.py:537} INFO - Filling up the DagBag from /home/airflow/.local/lib/python3.7/site-packages/airflow/example_dags/example_complex.py
[2025-07-13T10:30:08.704+0000] {logging_mixin.py:120} INFO - [2025-07-13T10:30:08.704+0000] {taskmixin.py:205} WARNING - Dependency <Task(BashOperator): create_entry_group>, delete_entry_group already registered for DAG: example_complex
[2025-07-13T10:30:08.705+0000] {logging_mixin.py:120} INFO - [2025-07-13T10:30:08.705+0000] {taskmixin.py:205} WARNING - Dependency <Task(BashOperator): delete_entry_group>, create_entry_group already registered for DAG: example_complex
[2025-07-13T10:30:08.706+0000] {logging_mixin.py:120} INFO - [2025-07-13T10:30:08.706+0000] {taskmixin.py:205} WARNING - Dependency <Task(BashOperator): create_entry_gcs>, delete_entry already registered for DAG: example_complex
[2025-07-13T10:30:08.707+0000] {logging_mixin.py:120} INFO - [2025-07-13T10:30:08.707+0000] {taskmixin.py:205} WARNING - Dependency <Task(BashOperator): delete_entry>, create_entry_gcs already registered for DAG: example_complex
[2025-07-13T10:30:08.707+0000] {logging_mixin.py:120} INFO - [2025-07-13T10:30:08.707+0000] {taskmixin.py:205} WARNING - Dependency <Task(BashOperator): create_tag>, delete_tag already registered for DAG: example_complex
[2025-07-13T10:30:08.708+0000] {logging_mixin.py:120} INFO - [2025-07-13T10:30:08.708+0000] {taskmixin.py:205} WARNING - Dependency <Task(BashOperator): delete_tag>, create_tag already registered for DAG: example_complex
[2025-07-13T10:30:08.722+0000] {processor.py:766} INFO - DAG(s) dict_keys(['example_complex']) retrieved from /home/airflow/.local/lib/python3.7/site-packages/airflow/example_dags/example_complex.py
[2025-07-13T10:30:08.803+0000] {logging_mixin.py:120} INFO - [2025-07-13T10:30:08.803+0000] {dag.py:2585} INFO - Sync 1 DAGs
[2025-07-13T10:30:08.853+0000] {logging_mixin.py:120} INFO - [2025-07-13T10:30:08.852+0000] {dag.py:3340} INFO - Setting next_dagrun for example_complex to None, run_after=None
[2025-07-13T10:30:08.883+0000] {processor.py:176} INFO - Processing /home/airflow/.local/lib/python3.7/site-packages/airflow/example_dags/example_complex.py took 0.217 seconds
[2025-07-13T10:30:39.590+0000] {processor.py:154} INFO - Started process (PID=4978) to work on /home/airflow/.local/lib/python3.7/site-packages/airflow/example_dags/example_complex.py
[2025-07-13T10:30:39.591+0000] {processor.py:756} INFO - Processing file /home/airflow/.local/lib/python3.7/site-packages/airflow/example_dags/example_complex.py for tasks to queue
[2025-07-13T10:30:39.593+0000] {logging_mixin.py:120} INFO - [2025-07-13T10:30:39.592+0000] {dagbag.py:537} INFO - Filling up the DagBag from /home/airflow/.local/lib/python3.7/site-packages/airflow/example_dags/example_complex.py
[2025-07-13T10:30:39.614+0000] {logging_mixin.py:120} INFO - [2025-07-13T10:30:39.614+0000] {taskmixin.py:205} WARNING - Dependency <Task(BashOperator): create_entry_group>, delete_entry_group already registered for DAG: example_complex
[2025-07-13T10:30:39.615+0000] {logging_mixin.py:120} INFO - [2025-07-13T10:30:39.615+0000] {taskmixin.py:205} WARNING - Dependency <Task(BashOperator): delete_entry_group>, create_entry_group already registered for DAG: example_complex
[2025-07-13T10:30:39.616+0000] {logging_mixin.py:120} INFO - [2025-07-13T10:30:39.616+0000] {taskmixin.py:205} WARNING - Dependency <Task(BashOperator): create_entry_gcs>, delete_entry already registered for DAG: example_complex
[2025-07-13T10:30:39.617+0000] {logging_mixin.py:120} INFO - [2025-07-13T10:30:39.617+0000] {taskmixin.py:205} WARNING - Dependency <Task(BashOperator): delete_entry>, create_entry_gcs already registered for DAG: example_complex
[2025-07-13T10:30:39.618+0000] {logging_mixin.py:120} INFO - [2025-07-13T10:30:39.618+0000] {taskmixin.py:205} WARNING - Dependency <Task(BashOperator): create_tag>, delete_tag already registered for DAG: example_complex
[2025-07-13T10:30:39.619+0000] {logging_mixin.py:120} INFO - [2025-07-13T10:30:39.618+0000] {taskmixin.py:205} WARNING - Dependency <Task(BashOperator): delete_tag>, create_tag already registered for DAG: example_complex
[2025-07-13T10:30:39.633+0000] {processor.py:766} INFO - DAG(s) dict_keys(['example_complex']) retrieved from /home/airflow/.local/lib/python3.7/site-packages/airflow/example_dags/example_complex.py
[2025-07-13T10:30:39.716+0000] {logging_mixin.py:120} INFO - [2025-07-13T10:30:39.715+0000] {dag.py:2585} INFO - Sync 1 DAGs
[2025-07-13T10:30:39.758+0000] {logging_mixin.py:120} INFO - [2025-07-13T10:30:39.758+0000] {dag.py:3340} INFO - Setting next_dagrun for example_complex to None, run_after=None
[2025-07-13T10:30:39.792+0000] {processor.py:176} INFO - Processing /home/airflow/.local/lib/python3.7/site-packages/airflow/example_dags/example_complex.py took 0.208 seconds
[2025-07-13T10:31:10.158+0000] {processor.py:154} INFO - Started process (PID=5041) to work on /home/airflow/.local/lib/python3.7/site-packages/airflow/example_dags/example_complex.py
[2025-07-13T10:31:10.159+0000] {processor.py:756} INFO - Processing file /home/airflow/.local/lib/python3.7/site-packages/airflow/example_dags/example_complex.py for tasks to queue
[2025-07-13T10:31:10.160+0000] {logging_mixin.py:120} INFO - [2025-07-13T10:31:10.160+0000] {dagbag.py:537} INFO - Filling up the DagBag from /home/airflow/.local/lib/python3.7/site-packages/airflow/example_dags/example_complex.py
[2025-07-13T10:31:10.176+0000] {logging_mixin.py:120} INFO - [2025-07-13T10:31:10.176+0000] {taskmixin.py:205} WARNING - Dependency <Task(BashOperator): create_entry_group>, delete_entry_group already registered for DAG: example_complex
[2025-07-13T10:31:10.177+0000] {logging_mixin.py:120} INFO - [2025-07-13T10:31:10.177+0000] {taskmixin.py:205} WARNING - Dependency <Task(BashOperator): delete_entry_group>, create_entry_group already registered for DAG: example_complex
[2025-07-13T10:31:10.178+0000] {logging_mixin.py:120} INFO - [2025-07-13T10:31:10.178+0000] {taskmixin.py:205} WARNING - Dependency <Task(BashOperator): create_entry_gcs>, delete_entry already registered for DAG: example_complex
[2025-07-13T10:31:10.178+0000] {logging_mixin.py:120} INFO - [2025-07-13T10:31:10.178+0000] {taskmixin.py:205} WARNING - Dependency <Task(BashOperator): delete_entry>, create_entry_gcs already registered for DAG: example_complex
[2025-07-13T10:31:10.180+0000] {logging_mixin.py:120} INFO - [2025-07-13T10:31:10.179+0000] {taskmixin.py:205} WARNING - Dependency <Task(BashOperator): create_tag>, delete_tag already registered for DAG: example_complex
[2025-07-13T10:31:10.181+0000] {logging_mixin.py:120} INFO - [2025-07-13T10:31:10.180+0000] {taskmixin.py:205} WARNING - Dependency <Task(BashOperator): delete_tag>, create_tag already registered for DAG: example_complex
[2025-07-13T10:31:10.191+0000] {processor.py:766} INFO - DAG(s) dict_keys(['example_complex']) retrieved from /home/airflow/.local/lib/python3.7/site-packages/airflow/example_dags/example_complex.py
[2025-07-13T10:31:10.243+0000] {logging_mixin.py:120} INFO - [2025-07-13T10:31:10.243+0000] {dag.py:2585} INFO - Sync 1 DAGs
[2025-07-13T10:31:10.271+0000] {logging_mixin.py:120} INFO - [2025-07-13T10:31:10.271+0000] {dag.py:3340} INFO - Setting next_dagrun for example_complex to None, run_after=None
[2025-07-13T10:31:10.306+0000] {processor.py:176} INFO - Processing /home/airflow/.local/lib/python3.7/site-packages/airflow/example_dags/example_complex.py took 0.153 seconds
[2025-07-13T10:31:40.390+0000] {processor.py:154} INFO - Started process (PID=5094) to work on /home/airflow/.local/lib/python3.7/site-packages/airflow/example_dags/example_complex.py
[2025-07-13T10:31:40.392+0000] {processor.py:756} INFO - Processing file /home/airflow/.local/lib/python3.7/site-packages/airflow/example_dags/example_complex.py for tasks to queue
[2025-07-13T10:31:40.399+0000] {logging_mixin.py:120} INFO - [2025-07-13T10:31:40.399+0000] {dagbag.py:537} INFO - Filling up the DagBag from /home/airflow/.local/lib/python3.7/site-packages/airflow/example_dags/example_complex.py
[2025-07-13T10:31:40.423+0000] {logging_mixin.py:120} INFO - [2025-07-13T10:31:40.423+0000] {taskmixin.py:205} WARNING - Dependency <Task(BashOperator): create_entry_group>, delete_entry_group already registered for DAG: example_complex
[2025-07-13T10:31:40.424+0000] {logging_mixin.py:120} INFO - [2025-07-13T10:31:40.424+0000] {taskmixin.py:205} WARNING - Dependency <Task(BashOperator): delete_entry_group>, create_entry_group already registered for DAG: example_complex
[2025-07-13T10:31:40.425+0000] {logging_mixin.py:120} INFO - [2025-07-13T10:31:40.424+0000] {taskmixin.py:205} WARNING - Dependency <Task(BashOperator): create_entry_gcs>, delete_entry already registered for DAG: example_complex
[2025-07-13T10:31:40.425+0000] {logging_mixin.py:120} INFO - [2025-07-13T10:31:40.425+0000] {taskmixin.py:205} WARNING - Dependency <Task(BashOperator): delete_entry>, create_entry_gcs already registered for DAG: example_complex
[2025-07-13T10:31:40.426+0000] {logging_mixin.py:120} INFO - [2025-07-13T10:31:40.426+0000] {taskmixin.py:205} WARNING - Dependency <Task(BashOperator): create_tag>, delete_tag already registered for DAG: example_complex
[2025-07-13T10:31:40.426+0000] {logging_mixin.py:120} INFO - [2025-07-13T10:31:40.426+0000] {taskmixin.py:205} WARNING - Dependency <Task(BashOperator): delete_tag>, create_tag already registered for DAG: example_complex
[2025-07-13T10:31:40.439+0000] {processor.py:766} INFO - DAG(s) dict_keys(['example_complex']) retrieved from /home/airflow/.local/lib/python3.7/site-packages/airflow/example_dags/example_complex.py
[2025-07-13T10:31:40.529+0000] {logging_mixin.py:120} INFO - [2025-07-13T10:31:40.529+0000] {dag.py:2585} INFO - Sync 1 DAGs
[2025-07-13T10:31:40.564+0000] {logging_mixin.py:120} INFO - [2025-07-13T10:31:40.564+0000] {dag.py:3340} INFO - Setting next_dagrun for example_complex to None, run_after=None
[2025-07-13T10:31:40.599+0000] {processor.py:176} INFO - Processing /home/airflow/.local/lib/python3.7/site-packages/airflow/example_dags/example_complex.py took 0.213 seconds
[2025-07-13T10:32:10.899+0000] {processor.py:154} INFO - Started process (PID=5157) to work on /home/airflow/.local/lib/python3.7/site-packages/airflow/example_dags/example_complex.py
[2025-07-13T10:32:10.901+0000] {processor.py:756} INFO - Processing file /home/airflow/.local/lib/python3.7/site-packages/airflow/example_dags/example_complex.py for tasks to queue
[2025-07-13T10:32:10.902+0000] {logging_mixin.py:120} INFO - [2025-07-13T10:32:10.902+0000] {dagbag.py:537} INFO - Filling up the DagBag from /home/airflow/.local/lib/python3.7/site-packages/airflow/example_dags/example_complex.py
[2025-07-13T10:32:10.917+0000] {logging_mixin.py:120} INFO - [2025-07-13T10:32:10.916+0000] {taskmixin.py:205} WARNING - Dependency <Task(BashOperator): create_entry_group>, delete_entry_group already registered for DAG: example_complex
[2025-07-13T10:32:10.917+0000] {logging_mixin.py:120} INFO - [2025-07-13T10:32:10.917+0000] {taskmixin.py:205} WARNING - Dependency <Task(BashOperator): delete_entry_group>, create_entry_group already registered for DAG: example_complex
[2025-07-13T10:32:10.918+0000] {logging_mixin.py:120} INFO - [2025-07-13T10:32:10.918+0000] {taskmixin.py:205} WARNING - Dependency <Task(BashOperator): create_entry_gcs>, delete_entry already registered for DAG: example_complex
[2025-07-13T10:32:10.918+0000] {logging_mixin.py:120} INFO - [2025-07-13T10:32:10.918+0000] {taskmixin.py:205} WARNING - Dependency <Task(BashOperator): delete_entry>, create_entry_gcs already registered for DAG: example_complex
[2025-07-13T10:32:10.918+0000] {logging_mixin.py:120} INFO - [2025-07-13T10:32:10.918+0000] {taskmixin.py:205} WARNING - Dependency <Task(BashOperator): create_tag>, delete_tag already registered for DAG: example_complex
[2025-07-13T10:32:10.919+0000] {logging_mixin.py:120} INFO - [2025-07-13T10:32:10.919+0000] {taskmixin.py:205} WARNING - Dependency <Task(BashOperator): delete_tag>, create_tag already registered for DAG: example_complex
[2025-07-13T10:32:10.927+0000] {processor.py:766} INFO - DAG(s) dict_keys(['example_complex']) retrieved from /home/airflow/.local/lib/python3.7/site-packages/airflow/example_dags/example_complex.py
[2025-07-13T10:32:10.984+0000] {logging_mixin.py:120} INFO - [2025-07-13T10:32:10.984+0000] {dag.py:2585} INFO - Sync 1 DAGs
[2025-07-13T10:32:11.022+0000] {logging_mixin.py:120} INFO - [2025-07-13T10:32:11.022+0000] {dag.py:3340} INFO - Setting next_dagrun for example_complex to None, run_after=None
[2025-07-13T10:32:11.045+0000] {processor.py:176} INFO - Processing /home/airflow/.local/lib/python3.7/site-packages/airflow/example_dags/example_complex.py took 0.151 seconds
[2025-07-13T10:32:41.629+0000] {processor.py:154} INFO - Started process (PID=5220) to work on /home/airflow/.local/lib/python3.7/site-packages/airflow/example_dags/example_complex.py
[2025-07-13T10:32:41.630+0000] {processor.py:756} INFO - Processing file /home/airflow/.local/lib/python3.7/site-packages/airflow/example_dags/example_complex.py for tasks to queue
[2025-07-13T10:32:41.631+0000] {logging_mixin.py:120} INFO - [2025-07-13T10:32:41.631+0000] {dagbag.py:537} INFO - Filling up the DagBag from /home/airflow/.local/lib/python3.7/site-packages/airflow/example_dags/example_complex.py
[2025-07-13T10:32:41.644+0000] {logging_mixin.py:120} INFO - [2025-07-13T10:32:41.644+0000] {taskmixin.py:205} WARNING - Dependency <Task(BashOperator): create_entry_group>, delete_entry_group already registered for DAG: example_complex
[2025-07-13T10:32:41.645+0000] {logging_mixin.py:120} INFO - [2025-07-13T10:32:41.645+0000] {taskmixin.py:205} WARNING - Dependency <Task(BashOperator): delete_entry_group>, create_entry_group already registered for DAG: example_complex
[2025-07-13T10:32:41.646+0000] {logging_mixin.py:120} INFO - [2025-07-13T10:32:41.646+0000] {taskmixin.py:205} WARNING - Dependency <Task(BashOperator): create_entry_gcs>, delete_entry already registered for DAG: example_complex
[2025-07-13T10:32:41.646+0000] {logging_mixin.py:120} INFO - [2025-07-13T10:32:41.646+0000] {taskmixin.py:205} WARNING - Dependency <Task(BashOperator): delete_entry>, create_entry_gcs already registered for DAG: example_complex
[2025-07-13T10:32:41.647+0000] {logging_mixin.py:120} INFO - [2025-07-13T10:32:41.647+0000] {taskmixin.py:205} WARNING - Dependency <Task(BashOperator): create_tag>, delete_tag already registered for DAG: example_complex
[2025-07-13T10:32:41.648+0000] {logging_mixin.py:120} INFO - [2025-07-13T10:32:41.648+0000] {taskmixin.py:205} WARNING - Dependency <Task(BashOperator): delete_tag>, create_tag already registered for DAG: example_complex
[2025-07-13T10:32:41.660+0000] {processor.py:766} INFO - DAG(s) dict_keys(['example_complex']) retrieved from /home/airflow/.local/lib/python3.7/site-packages/airflow/example_dags/example_complex.py
[2025-07-13T10:32:41.721+0000] {logging_mixin.py:120} INFO - [2025-07-13T10:32:41.720+0000] {dag.py:2585} INFO - Sync 1 DAGs
[2025-07-13T10:32:41.749+0000] {logging_mixin.py:120} INFO - [2025-07-13T10:32:41.749+0000] {dag.py:3340} INFO - Setting next_dagrun for example_complex to None, run_after=None
[2025-07-13T10:32:41.779+0000] {processor.py:176} INFO - Processing /home/airflow/.local/lib/python3.7/site-packages/airflow/example_dags/example_complex.py took 0.155 seconds
[2025-07-13T10:33:11.851+0000] {processor.py:154} INFO - Started process (PID=5274) to work on /home/airflow/.local/lib/python3.7/site-packages/airflow/example_dags/example_complex.py
[2025-07-13T10:33:11.853+0000] {processor.py:756} INFO - Processing file /home/airflow/.local/lib/python3.7/site-packages/airflow/example_dags/example_complex.py for tasks to queue
[2025-07-13T10:33:11.854+0000] {logging_mixin.py:120} INFO - [2025-07-13T10:33:11.854+0000] {dagbag.py:537} INFO - Filling up the DagBag from /home/airflow/.local/lib/python3.7/site-packages/airflow/example_dags/example_complex.py
[2025-07-13T10:33:11.867+0000] {logging_mixin.py:120} INFO - [2025-07-13T10:33:11.867+0000] {taskmixin.py:205} WARNING - Dependency <Task(BashOperator): create_entry_group>, delete_entry_group already registered for DAG: example_complex
[2025-07-13T10:33:11.868+0000] {logging_mixin.py:120} INFO - [2025-07-13T10:33:11.868+0000] {taskmixin.py:205} WARNING - Dependency <Task(BashOperator): delete_entry_group>, create_entry_group already registered for DAG: example_complex
[2025-07-13T10:33:11.869+0000] {logging_mixin.py:120} INFO - [2025-07-13T10:33:11.868+0000] {taskmixin.py:205} WARNING - Dependency <Task(BashOperator): create_entry_gcs>, delete_entry already registered for DAG: example_complex
[2025-07-13T10:33:11.869+0000] {logging_mixin.py:120} INFO - [2025-07-13T10:33:11.869+0000] {taskmixin.py:205} WARNING - Dependency <Task(BashOperator): delete_entry>, create_entry_gcs already registered for DAG: example_complex
[2025-07-13T10:33:11.870+0000] {logging_mixin.py:120} INFO - [2025-07-13T10:33:11.870+0000] {taskmixin.py:205} WARNING - Dependency <Task(BashOperator): create_tag>, delete_tag already registered for DAG: example_complex
[2025-07-13T10:33:11.870+0000] {logging_mixin.py:120} INFO - [2025-07-13T10:33:11.870+0000] {taskmixin.py:205} WARNING - Dependency <Task(BashOperator): delete_tag>, create_tag already registered for DAG: example_complex
[2025-07-13T10:33:11.879+0000] {processor.py:766} INFO - DAG(s) dict_keys(['example_complex']) retrieved from /home/airflow/.local/lib/python3.7/site-packages/airflow/example_dags/example_complex.py
[2025-07-13T10:33:11.953+0000] {logging_mixin.py:120} INFO - [2025-07-13T10:33:11.953+0000] {dag.py:2585} INFO - Sync 1 DAGs
[2025-07-13T10:33:11.980+0000] {logging_mixin.py:120} INFO - [2025-07-13T10:33:11.980+0000] {dag.py:3340} INFO - Setting next_dagrun for example_complex to None, run_after=None
[2025-07-13T10:33:12.008+0000] {processor.py:176} INFO - Processing /home/airflow/.local/lib/python3.7/site-packages/airflow/example_dags/example_complex.py took 0.161 seconds
[2025-07-13T10:33:42.218+0000] {processor.py:154} INFO - Started process (PID=5338) to work on /home/airflow/.local/lib/python3.7/site-packages/airflow/example_dags/example_complex.py
[2025-07-13T10:33:42.220+0000] {processor.py:756} INFO - Processing file /home/airflow/.local/lib/python3.7/site-packages/airflow/example_dags/example_complex.py for tasks to queue
[2025-07-13T10:33:42.227+0000] {logging_mixin.py:120} INFO - [2025-07-13T10:33:42.226+0000] {dagbag.py:537} INFO - Filling up the DagBag from /home/airflow/.local/lib/python3.7/site-packages/airflow/example_dags/example_complex.py
[2025-07-13T10:33:42.260+0000] {logging_mixin.py:120} INFO - [2025-07-13T10:33:42.260+0000] {taskmixin.py:205} WARNING - Dependency <Task(BashOperator): create_entry_group>, delete_entry_group already registered for DAG: example_complex
[2025-07-13T10:33:42.262+0000] {logging_mixin.py:120} INFO - [2025-07-13T10:33:42.261+0000] {taskmixin.py:205} WARNING - Dependency <Task(BashOperator): delete_entry_group>, create_entry_group already registered for DAG: example_complex
[2025-07-13T10:33:42.266+0000] {logging_mixin.py:120} INFO - [2025-07-13T10:33:42.264+0000] {taskmixin.py:205} WARNING - Dependency <Task(BashOperator): create_entry_gcs>, delete_entry already registered for DAG: example_complex
[2025-07-13T10:33:42.267+0000] {logging_mixin.py:120} INFO - [2025-07-13T10:33:42.267+0000] {taskmixin.py:205} WARNING - Dependency <Task(BashOperator): delete_entry>, create_entry_gcs already registered for DAG: example_complex
[2025-07-13T10:33:42.270+0000] {logging_mixin.py:120} INFO - [2025-07-13T10:33:42.270+0000] {taskmixin.py:205} WARNING - Dependency <Task(BashOperator): create_tag>, delete_tag already registered for DAG: example_complex
[2025-07-13T10:33:42.272+0000] {logging_mixin.py:120} INFO - [2025-07-13T10:33:42.271+0000] {taskmixin.py:205} WARNING - Dependency <Task(BashOperator): delete_tag>, create_tag already registered for DAG: example_complex
[2025-07-13T10:33:42.300+0000] {processor.py:766} INFO - DAG(s) dict_keys(['example_complex']) retrieved from /home/airflow/.local/lib/python3.7/site-packages/airflow/example_dags/example_complex.py
[2025-07-13T10:33:42.368+0000] {logging_mixin.py:120} INFO - [2025-07-13T10:33:42.368+0000] {dag.py:2585} INFO - Sync 1 DAGs
[2025-07-13T10:33:42.395+0000] {logging_mixin.py:120} INFO - [2025-07-13T10:33:42.395+0000] {dag.py:3340} INFO - Setting next_dagrun for example_complex to None, run_after=None
[2025-07-13T10:33:42.423+0000] {processor.py:176} INFO - Processing /home/airflow/.local/lib/python3.7/site-packages/airflow/example_dags/example_complex.py took 0.219 seconds
[2025-07-13T10:34:12.628+0000] {processor.py:154} INFO - Started process (PID=5399) to work on /home/airflow/.local/lib/python3.7/site-packages/airflow/example_dags/example_complex.py
[2025-07-13T10:34:12.629+0000] {processor.py:756} INFO - Processing file /home/airflow/.local/lib/python3.7/site-packages/airflow/example_dags/example_complex.py for tasks to queue
[2025-07-13T10:34:12.632+0000] {logging_mixin.py:120} INFO - [2025-07-13T10:34:12.631+0000] {dagbag.py:537} INFO - Filling up the DagBag from /home/airflow/.local/lib/python3.7/site-packages/airflow/example_dags/example_complex.py
[2025-07-13T10:34:12.658+0000] {logging_mixin.py:120} INFO - [2025-07-13T10:34:12.657+0000] {taskmixin.py:205} WARNING - Dependency <Task(BashOperator): create_entry_group>, delete_entry_group already registered for DAG: example_complex
[2025-07-13T10:34:12.659+0000] {logging_mixin.py:120} INFO - [2025-07-13T10:34:12.658+0000] {taskmixin.py:205} WARNING - Dependency <Task(BashOperator): delete_entry_group>, create_entry_group already registered for DAG: example_complex
[2025-07-13T10:34:12.659+0000] {logging_mixin.py:120} INFO - [2025-07-13T10:34:12.659+0000] {taskmixin.py:205} WARNING - Dependency <Task(BashOperator): create_entry_gcs>, delete_entry already registered for DAG: example_complex
[2025-07-13T10:34:12.660+0000] {logging_mixin.py:120} INFO - [2025-07-13T10:34:12.660+0000] {taskmixin.py:205} WARNING - Dependency <Task(BashOperator): delete_entry>, create_entry_gcs already registered for DAG: example_complex
[2025-07-13T10:34:12.661+0000] {logging_mixin.py:120} INFO - [2025-07-13T10:34:12.661+0000] {taskmixin.py:205} WARNING - Dependency <Task(BashOperator): create_tag>, delete_tag already registered for DAG: example_complex
[2025-07-13T10:34:12.662+0000] {logging_mixin.py:120} INFO - [2025-07-13T10:34:12.661+0000] {taskmixin.py:205} WARNING - Dependency <Task(BashOperator): delete_tag>, create_tag already registered for DAG: example_complex
[2025-07-13T10:34:12.677+0000] {processor.py:766} INFO - DAG(s) dict_keys(['example_complex']) retrieved from /home/airflow/.local/lib/python3.7/site-packages/airflow/example_dags/example_complex.py
[2025-07-13T10:34:12.767+0000] {logging_mixin.py:120} INFO - [2025-07-13T10:34:12.765+0000] {dag.py:2585} INFO - Sync 1 DAGs
[2025-07-13T10:34:12.808+0000] {logging_mixin.py:120} INFO - [2025-07-13T10:34:12.808+0000] {dag.py:3340} INFO - Setting next_dagrun for example_complex to None, run_after=None
[2025-07-13T10:34:12.851+0000] {processor.py:176} INFO - Processing /home/airflow/.local/lib/python3.7/site-packages/airflow/example_dags/example_complex.py took 0.229 seconds
[2025-07-13T10:34:43.094+0000] {processor.py:154} INFO - Started process (PID=5454) to work on /home/airflow/.local/lib/python3.7/site-packages/airflow/example_dags/example_complex.py
[2025-07-13T10:34:43.095+0000] {processor.py:756} INFO - Processing file /home/airflow/.local/lib/python3.7/site-packages/airflow/example_dags/example_complex.py for tasks to queue
[2025-07-13T10:34:43.096+0000] {logging_mixin.py:120} INFO - [2025-07-13T10:34:43.096+0000] {dagbag.py:537} INFO - Filling up the DagBag from /home/airflow/.local/lib/python3.7/site-packages/airflow/example_dags/example_complex.py
[2025-07-13T10:34:43.109+0000] {logging_mixin.py:120} INFO - [2025-07-13T10:34:43.109+0000] {taskmixin.py:205} WARNING - Dependency <Task(BashOperator): create_entry_group>, delete_entry_group already registered for DAG: example_complex
[2025-07-13T10:34:43.110+0000] {logging_mixin.py:120} INFO - [2025-07-13T10:34:43.110+0000] {taskmixin.py:205} WARNING - Dependency <Task(BashOperator): delete_entry_group>, create_entry_group already registered for DAG: example_complex
[2025-07-13T10:34:43.110+0000] {logging_mixin.py:120} INFO - [2025-07-13T10:34:43.110+0000] {taskmixin.py:205} WARNING - Dependency <Task(BashOperator): create_entry_gcs>, delete_entry already registered for DAG: example_complex
[2025-07-13T10:34:43.111+0000] {logging_mixin.py:120} INFO - [2025-07-13T10:34:43.110+0000] {taskmixin.py:205} WARNING - Dependency <Task(BashOperator): delete_entry>, create_entry_gcs already registered for DAG: example_complex
[2025-07-13T10:34:43.111+0000] {logging_mixin.py:120} INFO - [2025-07-13T10:34:43.111+0000] {taskmixin.py:205} WARNING - Dependency <Task(BashOperator): create_tag>, delete_tag already registered for DAG: example_complex
[2025-07-13T10:34:43.112+0000] {logging_mixin.py:120} INFO - [2025-07-13T10:34:43.111+0000] {taskmixin.py:205} WARNING - Dependency <Task(BashOperator): delete_tag>, create_tag already registered for DAG: example_complex
[2025-07-13T10:34:43.120+0000] {processor.py:766} INFO - DAG(s) dict_keys(['example_complex']) retrieved from /home/airflow/.local/lib/python3.7/site-packages/airflow/example_dags/example_complex.py
[2025-07-13T10:34:43.172+0000] {logging_mixin.py:120} INFO - [2025-07-13T10:34:43.172+0000] {dag.py:2585} INFO - Sync 1 DAGs
[2025-07-13T10:34:43.200+0000] {logging_mixin.py:120} INFO - [2025-07-13T10:34:43.200+0000] {dag.py:3340} INFO - Setting next_dagrun for example_complex to None, run_after=None
[2025-07-13T10:34:43.232+0000] {processor.py:176} INFO - Processing /home/airflow/.local/lib/python3.7/site-packages/airflow/example_dags/example_complex.py took 0.142 seconds
[2025-07-13T10:35:13.528+0000] {processor.py:154} INFO - Started process (PID=5517) to work on /home/airflow/.local/lib/python3.7/site-packages/airflow/example_dags/example_complex.py
[2025-07-13T10:35:13.529+0000] {processor.py:756} INFO - Processing file /home/airflow/.local/lib/python3.7/site-packages/airflow/example_dags/example_complex.py for tasks to queue
[2025-07-13T10:35:13.530+0000] {logging_mixin.py:120} INFO - [2025-07-13T10:35:13.530+0000] {dagbag.py:537} INFO - Filling up the DagBag from /home/airflow/.local/lib/python3.7/site-packages/airflow/example_dags/example_complex.py
[2025-07-13T10:35:13.542+0000] {logging_mixin.py:120} INFO - [2025-07-13T10:35:13.542+0000] {taskmixin.py:205} WARNING - Dependency <Task(BashOperator): create_entry_group>, delete_entry_group already registered for DAG: example_complex
[2025-07-13T10:35:13.543+0000] {logging_mixin.py:120} INFO - [2025-07-13T10:35:13.543+0000] {taskmixin.py:205} WARNING - Dependency <Task(BashOperator): delete_entry_group>, create_entry_group already registered for DAG: example_complex
[2025-07-13T10:35:13.544+0000] {logging_mixin.py:120} INFO - [2025-07-13T10:35:13.543+0000] {taskmixin.py:205} WARNING - Dependency <Task(BashOperator): create_entry_gcs>, delete_entry already registered for DAG: example_complex
[2025-07-13T10:35:13.544+0000] {logging_mixin.py:120} INFO - [2025-07-13T10:35:13.544+0000] {taskmixin.py:205} WARNING - Dependency <Task(BashOperator): delete_entry>, create_entry_gcs already registered for DAG: example_complex
[2025-07-13T10:35:13.545+0000] {logging_mixin.py:120} INFO - [2025-07-13T10:35:13.545+0000] {taskmixin.py:205} WARNING - Dependency <Task(BashOperator): create_tag>, delete_tag already registered for DAG: example_complex
[2025-07-13T10:35:13.545+0000] {logging_mixin.py:120} INFO - [2025-07-13T10:35:13.545+0000] {taskmixin.py:205} WARNING - Dependency <Task(BashOperator): delete_tag>, create_tag already registered for DAG: example_complex
[2025-07-13T10:35:13.554+0000] {processor.py:766} INFO - DAG(s) dict_keys(['example_complex']) retrieved from /home/airflow/.local/lib/python3.7/site-packages/airflow/example_dags/example_complex.py
[2025-07-13T10:35:13.607+0000] {logging_mixin.py:120} INFO - [2025-07-13T10:35:13.607+0000] {dag.py:2585} INFO - Sync 1 DAGs
[2025-07-13T10:35:13.634+0000] {logging_mixin.py:120} INFO - [2025-07-13T10:35:13.634+0000] {dag.py:3340} INFO - Setting next_dagrun for example_complex to None, run_after=None
[2025-07-13T10:35:13.661+0000] {processor.py:176} INFO - Processing /home/airflow/.local/lib/python3.7/site-packages/airflow/example_dags/example_complex.py took 0.137 seconds
[2025-07-13T10:35:43.794+0000] {processor.py:154} INFO - Started process (PID=5570) to work on /home/airflow/.local/lib/python3.7/site-packages/airflow/example_dags/example_complex.py
[2025-07-13T10:35:43.795+0000] {processor.py:756} INFO - Processing file /home/airflow/.local/lib/python3.7/site-packages/airflow/example_dags/example_complex.py for tasks to queue
[2025-07-13T10:35:43.796+0000] {logging_mixin.py:120} INFO - [2025-07-13T10:35:43.796+0000] {dagbag.py:537} INFO - Filling up the DagBag from /home/airflow/.local/lib/python3.7/site-packages/airflow/example_dags/example_complex.py
[2025-07-13T10:35:43.811+0000] {logging_mixin.py:120} INFO - [2025-07-13T10:35:43.810+0000] {taskmixin.py:205} WARNING - Dependency <Task(BashOperator): create_entry_group>, delete_entry_group already registered for DAG: example_complex
[2025-07-13T10:35:43.812+0000] {logging_mixin.py:120} INFO - [2025-07-13T10:35:43.811+0000] {taskmixin.py:205} WARNING - Dependency <Task(BashOperator): delete_entry_group>, create_entry_group already registered for DAG: example_complex
[2025-07-13T10:35:43.812+0000] {logging_mixin.py:120} INFO - [2025-07-13T10:35:43.812+0000] {taskmixin.py:205} WARNING - Dependency <Task(BashOperator): create_entry_gcs>, delete_entry already registered for DAG: example_complex
[2025-07-13T10:35:43.813+0000] {logging_mixin.py:120} INFO - [2025-07-13T10:35:43.813+0000] {taskmixin.py:205} WARNING - Dependency <Task(BashOperator): delete_entry>, create_entry_gcs already registered for DAG: example_complex
[2025-07-13T10:35:43.814+0000] {logging_mixin.py:120} INFO - [2025-07-13T10:35:43.814+0000] {taskmixin.py:205} WARNING - Dependency <Task(BashOperator): create_tag>, delete_tag already registered for DAG: example_complex
[2025-07-13T10:35:43.814+0000] {logging_mixin.py:120} INFO - [2025-07-13T10:35:43.814+0000] {taskmixin.py:205} WARNING - Dependency <Task(BashOperator): delete_tag>, create_tag already registered for DAG: example_complex
[2025-07-13T10:35:43.824+0000] {processor.py:766} INFO - DAG(s) dict_keys(['example_complex']) retrieved from /home/airflow/.local/lib/python3.7/site-packages/airflow/example_dags/example_complex.py
[2025-07-13T10:35:43.883+0000] {logging_mixin.py:120} INFO - [2025-07-13T10:35:43.883+0000] {dag.py:2585} INFO - Sync 1 DAGs
[2025-07-13T10:35:43.909+0000] {logging_mixin.py:120} INFO - [2025-07-13T10:35:43.909+0000] {dag.py:3340} INFO - Setting next_dagrun for example_complex to None, run_after=None
[2025-07-13T10:35:43.938+0000] {processor.py:176} INFO - Processing /home/airflow/.local/lib/python3.7/site-packages/airflow/example_dags/example_complex.py took 0.149 seconds
[2025-07-13T10:36:14.032+0000] {processor.py:154} INFO - Started process (PID=5634) to work on /home/airflow/.local/lib/python3.7/site-packages/airflow/example_dags/example_complex.py
[2025-07-13T10:36:14.034+0000] {processor.py:756} INFO - Processing file /home/airflow/.local/lib/python3.7/site-packages/airflow/example_dags/example_complex.py for tasks to queue
[2025-07-13T10:36:14.035+0000] {logging_mixin.py:120} INFO - [2025-07-13T10:36:14.035+0000] {dagbag.py:537} INFO - Filling up the DagBag from /home/airflow/.local/lib/python3.7/site-packages/airflow/example_dags/example_complex.py
[2025-07-13T10:36:14.056+0000] {logging_mixin.py:120} INFO - [2025-07-13T10:36:14.056+0000] {taskmixin.py:205} WARNING - Dependency <Task(BashOperator): create_entry_group>, delete_entry_group already registered for DAG: example_complex
[2025-07-13T10:36:14.056+0000] {logging_mixin.py:120} INFO - [2025-07-13T10:36:14.056+0000] {taskmixin.py:205} WARNING - Dependency <Task(BashOperator): delete_entry_group>, create_entry_group already registered for DAG: example_complex
[2025-07-13T10:36:14.057+0000] {logging_mixin.py:120} INFO - [2025-07-13T10:36:14.057+0000] {taskmixin.py:205} WARNING - Dependency <Task(BashOperator): create_entry_gcs>, delete_entry already registered for DAG: example_complex
[2025-07-13T10:36:14.058+0000] {logging_mixin.py:120} INFO - [2025-07-13T10:36:14.057+0000] {taskmixin.py:205} WARNING - Dependency <Task(BashOperator): delete_entry>, create_entry_gcs already registered for DAG: example_complex
[2025-07-13T10:36:14.058+0000] {logging_mixin.py:120} INFO - [2025-07-13T10:36:14.058+0000] {taskmixin.py:205} WARNING - Dependency <Task(BashOperator): create_tag>, delete_tag already registered for DAG: example_complex
[2025-07-13T10:36:14.059+0000] {logging_mixin.py:120} INFO - [2025-07-13T10:36:14.059+0000] {taskmixin.py:205} WARNING - Dependency <Task(BashOperator): delete_tag>, create_tag already registered for DAG: example_complex
[2025-07-13T10:36:14.069+0000] {processor.py:766} INFO - DAG(s) dict_keys(['example_complex']) retrieved from /home/airflow/.local/lib/python3.7/site-packages/airflow/example_dags/example_complex.py
[2025-07-13T10:36:14.128+0000] {logging_mixin.py:120} INFO - [2025-07-13T10:36:14.128+0000] {dag.py:2585} INFO - Sync 1 DAGs
[2025-07-13T10:36:14.163+0000] {logging_mixin.py:120} INFO - [2025-07-13T10:36:14.163+0000] {dag.py:3340} INFO - Setting next_dagrun for example_complex to None, run_after=None
[2025-07-13T10:36:14.198+0000] {processor.py:176} INFO - Processing /home/airflow/.local/lib/python3.7/site-packages/airflow/example_dags/example_complex.py took 0.170 seconds
[2025-07-13T10:36:44.422+0000] {processor.py:154} INFO - Started process (PID=5688) to work on /home/airflow/.local/lib/python3.7/site-packages/airflow/example_dags/example_complex.py
[2025-07-13T10:36:44.424+0000] {processor.py:756} INFO - Processing file /home/airflow/.local/lib/python3.7/site-packages/airflow/example_dags/example_complex.py for tasks to queue
[2025-07-13T10:36:44.425+0000] {logging_mixin.py:120} INFO - [2025-07-13T10:36:44.425+0000] {dagbag.py:537} INFO - Filling up the DagBag from /home/airflow/.local/lib/python3.7/site-packages/airflow/example_dags/example_complex.py
[2025-07-13T10:36:44.442+0000] {logging_mixin.py:120} INFO - [2025-07-13T10:36:44.442+0000] {taskmixin.py:205} WARNING - Dependency <Task(BashOperator): create_entry_group>, delete_entry_group already registered for DAG: example_complex
[2025-07-13T10:36:44.443+0000] {logging_mixin.py:120} INFO - [2025-07-13T10:36:44.443+0000] {taskmixin.py:205} WARNING - Dependency <Task(BashOperator): delete_entry_group>, create_entry_group already registered for DAG: example_complex
[2025-07-13T10:36:44.444+0000] {logging_mixin.py:120} INFO - [2025-07-13T10:36:44.443+0000] {taskmixin.py:205} WARNING - Dependency <Task(BashOperator): create_entry_gcs>, delete_entry already registered for DAG: example_complex
[2025-07-13T10:36:44.444+0000] {logging_mixin.py:120} INFO - [2025-07-13T10:36:44.444+0000] {taskmixin.py:205} WARNING - Dependency <Task(BashOperator): delete_entry>, create_entry_gcs already registered for DAG: example_complex
[2025-07-13T10:36:44.445+0000] {logging_mixin.py:120} INFO - [2025-07-13T10:36:44.445+0000] {taskmixin.py:205} WARNING - Dependency <Task(BashOperator): create_tag>, delete_tag already registered for DAG: example_complex
[2025-07-13T10:36:44.446+0000] {logging_mixin.py:120} INFO - [2025-07-13T10:36:44.445+0000] {taskmixin.py:205} WARNING - Dependency <Task(BashOperator): delete_tag>, create_tag already registered for DAG: example_complex
[2025-07-13T10:36:44.458+0000] {processor.py:766} INFO - DAG(s) dict_keys(['example_complex']) retrieved from /home/airflow/.local/lib/python3.7/site-packages/airflow/example_dags/example_complex.py
[2025-07-13T10:36:44.525+0000] {logging_mixin.py:120} INFO - [2025-07-13T10:36:44.525+0000] {dag.py:2585} INFO - Sync 1 DAGs
[2025-07-13T10:36:44.553+0000] {logging_mixin.py:120} INFO - [2025-07-13T10:36:44.553+0000] {dag.py:3340} INFO - Setting next_dagrun for example_complex to None, run_after=None
[2025-07-13T10:36:44.582+0000] {processor.py:176} INFO - Processing /home/airflow/.local/lib/python3.7/site-packages/airflow/example_dags/example_complex.py took 0.163 seconds
[2025-07-13T10:37:15.037+0000] {processor.py:154} INFO - Started process (PID=5751) to work on /home/airflow/.local/lib/python3.7/site-packages/airflow/example_dags/example_complex.py
[2025-07-13T10:37:15.039+0000] {processor.py:756} INFO - Processing file /home/airflow/.local/lib/python3.7/site-packages/airflow/example_dags/example_complex.py for tasks to queue
[2025-07-13T10:37:15.040+0000] {logging_mixin.py:120} INFO - [2025-07-13T10:37:15.040+0000] {dagbag.py:537} INFO - Filling up the DagBag from /home/airflow/.local/lib/python3.7/site-packages/airflow/example_dags/example_complex.py
[2025-07-13T10:37:15.053+0000] {logging_mixin.py:120} INFO - [2025-07-13T10:37:15.053+0000] {taskmixin.py:205} WARNING - Dependency <Task(BashOperator): create_entry_group>, delete_entry_group already registered for DAG: example_complex
[2025-07-13T10:37:15.054+0000] {logging_mixin.py:120} INFO - [2025-07-13T10:37:15.054+0000] {taskmixin.py:205} WARNING - Dependency <Task(BashOperator): delete_entry_group>, create_entry_group already registered for DAG: example_complex
[2025-07-13T10:37:15.054+0000] {logging_mixin.py:120} INFO - [2025-07-13T10:37:15.054+0000] {taskmixin.py:205} WARNING - Dependency <Task(BashOperator): create_entry_gcs>, delete_entry already registered for DAG: example_complex
[2025-07-13T10:37:15.055+0000] {logging_mixin.py:120} INFO - [2025-07-13T10:37:15.055+0000] {taskmixin.py:205} WARNING - Dependency <Task(BashOperator): delete_entry>, create_entry_gcs already registered for DAG: example_complex
[2025-07-13T10:37:15.056+0000] {logging_mixin.py:120} INFO - [2025-07-13T10:37:15.056+0000] {taskmixin.py:205} WARNING - Dependency <Task(BashOperator): create_tag>, delete_tag already registered for DAG: example_complex
[2025-07-13T10:37:15.056+0000] {logging_mixin.py:120} INFO - [2025-07-13T10:37:15.056+0000] {taskmixin.py:205} WARNING - Dependency <Task(BashOperator): delete_tag>, create_tag already registered for DAG: example_complex
[2025-07-13T10:37:15.064+0000] {processor.py:766} INFO - DAG(s) dict_keys(['example_complex']) retrieved from /home/airflow/.local/lib/python3.7/site-packages/airflow/example_dags/example_complex.py
[2025-07-13T10:37:15.117+0000] {logging_mixin.py:120} INFO - [2025-07-13T10:37:15.117+0000] {dag.py:2585} INFO - Sync 1 DAGs
[2025-07-13T10:37:15.144+0000] {logging_mixin.py:120} INFO - [2025-07-13T10:37:15.144+0000] {dag.py:3340} INFO - Setting next_dagrun for example_complex to None, run_after=None
[2025-07-13T10:37:15.172+0000] {processor.py:176} INFO - Processing /home/airflow/.local/lib/python3.7/site-packages/airflow/example_dags/example_complex.py took 0.139 seconds
[2025-07-13T10:37:45.226+0000] {processor.py:154} INFO - Started process (PID=5813) to work on /home/airflow/.local/lib/python3.7/site-packages/airflow/example_dags/example_complex.py
[2025-07-13T10:37:45.227+0000] {processor.py:756} INFO - Processing file /home/airflow/.local/lib/python3.7/site-packages/airflow/example_dags/example_complex.py for tasks to queue
[2025-07-13T10:37:45.228+0000] {logging_mixin.py:120} INFO - [2025-07-13T10:37:45.228+0000] {dagbag.py:537} INFO - Filling up the DagBag from /home/airflow/.local/lib/python3.7/site-packages/airflow/example_dags/example_complex.py
[2025-07-13T10:37:45.246+0000] {logging_mixin.py:120} INFO - [2025-07-13T10:37:45.246+0000] {taskmixin.py:205} WARNING - Dependency <Task(BashOperator): create_entry_group>, delete_entry_group already registered for DAG: example_complex
[2025-07-13T10:37:45.247+0000] {logging_mixin.py:120} INFO - [2025-07-13T10:37:45.247+0000] {taskmixin.py:205} WARNING - Dependency <Task(BashOperator): delete_entry_group>, create_entry_group already registered for DAG: example_complex
[2025-07-13T10:37:45.248+0000] {logging_mixin.py:120} INFO - [2025-07-13T10:37:45.248+0000] {taskmixin.py:205} WARNING - Dependency <Task(BashOperator): create_entry_gcs>, delete_entry already registered for DAG: example_complex
[2025-07-13T10:37:45.248+0000] {logging_mixin.py:120} INFO - [2025-07-13T10:37:45.248+0000] {taskmixin.py:205} WARNING - Dependency <Task(BashOperator): delete_entry>, create_entry_gcs already registered for DAG: example_complex
[2025-07-13T10:37:45.249+0000] {logging_mixin.py:120} INFO - [2025-07-13T10:37:45.249+0000] {taskmixin.py:205} WARNING - Dependency <Task(BashOperator): create_tag>, delete_tag already registered for DAG: example_complex
[2025-07-13T10:37:45.250+0000] {logging_mixin.py:120} INFO - [2025-07-13T10:37:45.249+0000] {taskmixin.py:205} WARNING - Dependency <Task(BashOperator): delete_tag>, create_tag already registered for DAG: example_complex
[2025-07-13T10:37:45.260+0000] {processor.py:766} INFO - DAG(s) dict_keys(['example_complex']) retrieved from /home/airflow/.local/lib/python3.7/site-packages/airflow/example_dags/example_complex.py
[2025-07-13T10:37:45.325+0000] {logging_mixin.py:120} INFO - [2025-07-13T10:37:45.324+0000] {dag.py:2585} INFO - Sync 1 DAGs
[2025-07-13T10:37:45.357+0000] {logging_mixin.py:120} INFO - [2025-07-13T10:37:45.356+0000] {dag.py:3340} INFO - Setting next_dagrun for example_complex to None, run_after=None
[2025-07-13T10:37:45.387+0000] {processor.py:176} INFO - Processing /home/airflow/.local/lib/python3.7/site-packages/airflow/example_dags/example_complex.py took 0.164 seconds
[2025-07-13T10:38:16.062+0000] {processor.py:154} INFO - Started process (PID=5874) to work on /home/airflow/.local/lib/python3.7/site-packages/airflow/example_dags/example_complex.py
[2025-07-13T10:38:16.064+0000] {processor.py:756} INFO - Processing file /home/airflow/.local/lib/python3.7/site-packages/airflow/example_dags/example_complex.py for tasks to queue
[2025-07-13T10:38:16.065+0000] {logging_mixin.py:120} INFO - [2025-07-13T10:38:16.065+0000] {dagbag.py:537} INFO - Filling up the DagBag from /home/airflow/.local/lib/python3.7/site-packages/airflow/example_dags/example_complex.py
[2025-07-13T10:38:16.079+0000] {logging_mixin.py:120} INFO - [2025-07-13T10:38:16.078+0000] {taskmixin.py:205} WARNING - Dependency <Task(BashOperator): create_entry_group>, delete_entry_group already registered for DAG: example_complex
[2025-07-13T10:38:16.079+0000] {logging_mixin.py:120} INFO - [2025-07-13T10:38:16.079+0000] {taskmixin.py:205} WARNING - Dependency <Task(BashOperator): delete_entry_group>, create_entry_group already registered for DAG: example_complex
[2025-07-13T10:38:16.080+0000] {logging_mixin.py:120} INFO - [2025-07-13T10:38:16.080+0000] {taskmixin.py:205} WARNING - Dependency <Task(BashOperator): create_entry_gcs>, delete_entry already registered for DAG: example_complex
[2025-07-13T10:38:16.081+0000] {logging_mixin.py:120} INFO - [2025-07-13T10:38:16.080+0000] {taskmixin.py:205} WARNING - Dependency <Task(BashOperator): delete_entry>, create_entry_gcs already registered for DAG: example_complex
[2025-07-13T10:38:16.081+0000] {logging_mixin.py:120} INFO - [2025-07-13T10:38:16.081+0000] {taskmixin.py:205} WARNING - Dependency <Task(BashOperator): create_tag>, delete_tag already registered for DAG: example_complex
[2025-07-13T10:38:16.082+0000] {logging_mixin.py:120} INFO - [2025-07-13T10:38:16.082+0000] {taskmixin.py:205} WARNING - Dependency <Task(BashOperator): delete_tag>, create_tag already registered for DAG: example_complex
[2025-07-13T10:38:16.092+0000] {processor.py:766} INFO - DAG(s) dict_keys(['example_complex']) retrieved from /home/airflow/.local/lib/python3.7/site-packages/airflow/example_dags/example_complex.py
[2025-07-13T10:38:16.159+0000] {logging_mixin.py:120} INFO - [2025-07-13T10:38:16.159+0000] {dag.py:2585} INFO - Sync 1 DAGs
[2025-07-13T10:38:16.191+0000] {logging_mixin.py:120} INFO - [2025-07-13T10:38:16.191+0000] {dag.py:3340} INFO - Setting next_dagrun for example_complex to None, run_after=None
[2025-07-13T10:38:16.230+0000] {processor.py:176} INFO - Processing /home/airflow/.local/lib/python3.7/site-packages/airflow/example_dags/example_complex.py took 0.172 seconds
[2025-07-13T10:38:46.648+0000] {processor.py:154} INFO - Started process (PID=5930) to work on /home/airflow/.local/lib/python3.7/site-packages/airflow/example_dags/example_complex.py
[2025-07-13T10:38:46.649+0000] {processor.py:756} INFO - Processing file /home/airflow/.local/lib/python3.7/site-packages/airflow/example_dags/example_complex.py for tasks to queue
[2025-07-13T10:38:46.651+0000] {logging_mixin.py:120} INFO - [2025-07-13T10:38:46.650+0000] {dagbag.py:537} INFO - Filling up the DagBag from /home/airflow/.local/lib/python3.7/site-packages/airflow/example_dags/example_complex.py
[2025-07-13T10:38:46.668+0000] {logging_mixin.py:120} INFO - [2025-07-13T10:38:46.668+0000] {taskmixin.py:205} WARNING - Dependency <Task(BashOperator): create_entry_group>, delete_entry_group already registered for DAG: example_complex
[2025-07-13T10:38:46.669+0000] {logging_mixin.py:120} INFO - [2025-07-13T10:38:46.669+0000] {taskmixin.py:205} WARNING - Dependency <Task(BashOperator): delete_entry_group>, create_entry_group already registered for DAG: example_complex
[2025-07-13T10:38:46.673+0000] {logging_mixin.py:120} INFO - [2025-07-13T10:38:46.673+0000] {taskmixin.py:205} WARNING - Dependency <Task(BashOperator): create_entry_gcs>, delete_entry already registered for DAG: example_complex
[2025-07-13T10:38:46.674+0000] {logging_mixin.py:120} INFO - [2025-07-13T10:38:46.673+0000] {taskmixin.py:205} WARNING - Dependency <Task(BashOperator): delete_entry>, create_entry_gcs already registered for DAG: example_complex
[2025-07-13T10:38:46.674+0000] {logging_mixin.py:120} INFO - [2025-07-13T10:38:46.674+0000] {taskmixin.py:205} WARNING - Dependency <Task(BashOperator): create_tag>, delete_tag already registered for DAG: example_complex
[2025-07-13T10:38:46.675+0000] {logging_mixin.py:120} INFO - [2025-07-13T10:38:46.675+0000] {taskmixin.py:205} WARNING - Dependency <Task(BashOperator): delete_tag>, create_tag already registered for DAG: example_complex
[2025-07-13T10:38:46.685+0000] {processor.py:766} INFO - DAG(s) dict_keys(['example_complex']) retrieved from /home/airflow/.local/lib/python3.7/site-packages/airflow/example_dags/example_complex.py
[2025-07-13T10:38:46.757+0000] {logging_mixin.py:120} INFO - [2025-07-13T10:38:46.757+0000] {dag.py:2585} INFO - Sync 1 DAGs
[2025-07-13T10:38:46.794+0000] {logging_mixin.py:120} INFO - [2025-07-13T10:38:46.794+0000] {dag.py:3340} INFO - Setting next_dagrun for example_complex to None, run_after=None
[2025-07-13T10:38:46.838+0000] {processor.py:176} INFO - Processing /home/airflow/.local/lib/python3.7/site-packages/airflow/example_dags/example_complex.py took 0.194 seconds
[2025-07-13T10:39:16.972+0000] {processor.py:154} INFO - Started process (PID=5993) to work on /home/airflow/.local/lib/python3.7/site-packages/airflow/example_dags/example_complex.py
[2025-07-13T10:39:16.974+0000] {processor.py:756} INFO - Processing file /home/airflow/.local/lib/python3.7/site-packages/airflow/example_dags/example_complex.py for tasks to queue
[2025-07-13T10:39:16.975+0000] {logging_mixin.py:120} INFO - [2025-07-13T10:39:16.975+0000] {dagbag.py:537} INFO - Filling up the DagBag from /home/airflow/.local/lib/python3.7/site-packages/airflow/example_dags/example_complex.py
[2025-07-13T10:39:16.990+0000] {logging_mixin.py:120} INFO - [2025-07-13T10:39:16.990+0000] {taskmixin.py:205} WARNING - Dependency <Task(BashOperator): create_entry_group>, delete_entry_group already registered for DAG: example_complex
[2025-07-13T10:39:16.991+0000] {logging_mixin.py:120} INFO - [2025-07-13T10:39:16.990+0000] {taskmixin.py:205} WARNING - Dependency <Task(BashOperator): delete_entry_group>, create_entry_group already registered for DAG: example_complex
[2025-07-13T10:39:16.991+0000] {logging_mixin.py:120} INFO - [2025-07-13T10:39:16.991+0000] {taskmixin.py:205} WARNING - Dependency <Task(BashOperator): create_entry_gcs>, delete_entry already registered for DAG: example_complex
[2025-07-13T10:39:16.992+0000] {logging_mixin.py:120} INFO - [2025-07-13T10:39:16.992+0000] {taskmixin.py:205} WARNING - Dependency <Task(BashOperator): delete_entry>, create_entry_gcs already registered for DAG: example_complex
[2025-07-13T10:39:16.992+0000] {logging_mixin.py:120} INFO - [2025-07-13T10:39:16.992+0000] {taskmixin.py:205} WARNING - Dependency <Task(BashOperator): create_tag>, delete_tag already registered for DAG: example_complex
[2025-07-13T10:39:16.993+0000] {logging_mixin.py:120} INFO - [2025-07-13T10:39:16.993+0000] {taskmixin.py:205} WARNING - Dependency <Task(BashOperator): delete_tag>, create_tag already registered for DAG: example_complex
[2025-07-13T10:39:17.003+0000] {processor.py:766} INFO - DAG(s) dict_keys(['example_complex']) retrieved from /home/airflow/.local/lib/python3.7/site-packages/airflow/example_dags/example_complex.py
[2025-07-13T10:39:17.102+0000] {logging_mixin.py:120} INFO - [2025-07-13T10:39:17.102+0000] {dag.py:2585} INFO - Sync 1 DAGs
[2025-07-13T10:39:17.162+0000] {logging_mixin.py:120} INFO - [2025-07-13T10:39:17.162+0000] {dag.py:3340} INFO - Setting next_dagrun for example_complex to None, run_after=None
[2025-07-13T10:39:17.190+0000] {processor.py:176} INFO - Processing /home/airflow/.local/lib/python3.7/site-packages/airflow/example_dags/example_complex.py took 0.223 seconds
[2025-07-13T10:39:47.327+0000] {processor.py:154} INFO - Started process (PID=6045) to work on /home/airflow/.local/lib/python3.7/site-packages/airflow/example_dags/example_complex.py
[2025-07-13T10:39:47.329+0000] {processor.py:756} INFO - Processing file /home/airflow/.local/lib/python3.7/site-packages/airflow/example_dags/example_complex.py for tasks to queue
[2025-07-13T10:39:47.330+0000] {logging_mixin.py:120} INFO - [2025-07-13T10:39:47.330+0000] {dagbag.py:537} INFO - Filling up the DagBag from /home/airflow/.local/lib/python3.7/site-packages/airflow/example_dags/example_complex.py
[2025-07-13T10:39:47.345+0000] {logging_mixin.py:120} INFO - [2025-07-13T10:39:47.345+0000] {taskmixin.py:205} WARNING - Dependency <Task(BashOperator): create_entry_group>, delete_entry_group already registered for DAG: example_complex
[2025-07-13T10:39:47.346+0000] {logging_mixin.py:120} INFO - [2025-07-13T10:39:47.345+0000] {taskmixin.py:205} WARNING - Dependency <Task(BashOperator): delete_entry_group>, create_entry_group already registered for DAG: example_complex
[2025-07-13T10:39:47.346+0000] {logging_mixin.py:120} INFO - [2025-07-13T10:39:47.346+0000] {taskmixin.py:205} WARNING - Dependency <Task(BashOperator): create_entry_gcs>, delete_entry already registered for DAG: example_complex
[2025-07-13T10:39:47.347+0000] {logging_mixin.py:120} INFO - [2025-07-13T10:39:47.347+0000] {taskmixin.py:205} WARNING - Dependency <Task(BashOperator): delete_entry>, create_entry_gcs already registered for DAG: example_complex
[2025-07-13T10:39:47.348+0000] {logging_mixin.py:120} INFO - [2025-07-13T10:39:47.348+0000] {taskmixin.py:205} WARNING - Dependency <Task(BashOperator): create_tag>, delete_tag already registered for DAG: example_complex
[2025-07-13T10:39:47.348+0000] {logging_mixin.py:120} INFO - [2025-07-13T10:39:47.348+0000] {taskmixin.py:205} WARNING - Dependency <Task(BashOperator): delete_tag>, create_tag already registered for DAG: example_complex
[2025-07-13T10:39:47.358+0000] {processor.py:766} INFO - DAG(s) dict_keys(['example_complex']) retrieved from /home/airflow/.local/lib/python3.7/site-packages/airflow/example_dags/example_complex.py
[2025-07-13T10:39:47.425+0000] {logging_mixin.py:120} INFO - [2025-07-13T10:39:47.425+0000] {dag.py:2585} INFO - Sync 1 DAGs
[2025-07-13T10:39:47.465+0000] {logging_mixin.py:120} INFO - [2025-07-13T10:39:47.465+0000] {dag.py:3340} INFO - Setting next_dagrun for example_complex to None, run_after=None
[2025-07-13T10:39:47.497+0000] {processor.py:176} INFO - Processing /home/airflow/.local/lib/python3.7/site-packages/airflow/example_dags/example_complex.py took 0.173 seconds
[2025-07-13T10:40:17.558+0000] {processor.py:154} INFO - Started process (PID=6108) to work on /home/airflow/.local/lib/python3.7/site-packages/airflow/example_dags/example_complex.py
[2025-07-13T10:40:17.560+0000] {processor.py:756} INFO - Processing file /home/airflow/.local/lib/python3.7/site-packages/airflow/example_dags/example_complex.py for tasks to queue
[2025-07-13T10:40:17.562+0000] {logging_mixin.py:120} INFO - [2025-07-13T10:40:17.562+0000] {dagbag.py:537} INFO - Filling up the DagBag from /home/airflow/.local/lib/python3.7/site-packages/airflow/example_dags/example_complex.py
[2025-07-13T10:40:17.593+0000] {logging_mixin.py:120} INFO - [2025-07-13T10:40:17.593+0000] {taskmixin.py:205} WARNING - Dependency <Task(BashOperator): create_entry_group>, delete_entry_group already registered for DAG: example_complex
[2025-07-13T10:40:17.594+0000] {logging_mixin.py:120} INFO - [2025-07-13T10:40:17.594+0000] {taskmixin.py:205} WARNING - Dependency <Task(BashOperator): delete_entry_group>, create_entry_group already registered for DAG: example_complex
[2025-07-13T10:40:17.595+0000] {logging_mixin.py:120} INFO - [2025-07-13T10:40:17.595+0000] {taskmixin.py:205} WARNING - Dependency <Task(BashOperator): create_entry_gcs>, delete_entry already registered for DAG: example_complex
[2025-07-13T10:40:17.595+0000] {logging_mixin.py:120} INFO - [2025-07-13T10:40:17.595+0000] {taskmixin.py:205} WARNING - Dependency <Task(BashOperator): delete_entry>, create_entry_gcs already registered for DAG: example_complex
[2025-07-13T10:40:17.596+0000] {logging_mixin.py:120} INFO - [2025-07-13T10:40:17.596+0000] {taskmixin.py:205} WARNING - Dependency <Task(BashOperator): create_tag>, delete_tag already registered for DAG: example_complex
[2025-07-13T10:40:17.597+0000] {logging_mixin.py:120} INFO - [2025-07-13T10:40:17.597+0000] {taskmixin.py:205} WARNING - Dependency <Task(BashOperator): delete_tag>, create_tag already registered for DAG: example_complex
[2025-07-13T10:40:17.620+0000] {processor.py:766} INFO - DAG(s) dict_keys(['example_complex']) retrieved from /home/airflow/.local/lib/python3.7/site-packages/airflow/example_dags/example_complex.py
[2025-07-13T10:40:17.719+0000] {logging_mixin.py:120} INFO - [2025-07-13T10:40:17.719+0000] {dag.py:2585} INFO - Sync 1 DAGs
[2025-07-13T10:40:17.753+0000] {logging_mixin.py:120} INFO - [2025-07-13T10:40:17.753+0000] {dag.py:3340} INFO - Setting next_dagrun for example_complex to None, run_after=None
[2025-07-13T10:40:17.796+0000] {processor.py:176} INFO - Processing /home/airflow/.local/lib/python3.7/site-packages/airflow/example_dags/example_complex.py took 0.251 seconds
[2025-07-13T10:40:48.233+0000] {processor.py:154} INFO - Started process (PID=6171) to work on /home/airflow/.local/lib/python3.7/site-packages/airflow/example_dags/example_complex.py
[2025-07-13T10:40:48.235+0000] {processor.py:756} INFO - Processing file /home/airflow/.local/lib/python3.7/site-packages/airflow/example_dags/example_complex.py for tasks to queue
[2025-07-13T10:40:48.236+0000] {logging_mixin.py:120} INFO - [2025-07-13T10:40:48.236+0000] {dagbag.py:537} INFO - Filling up the DagBag from /home/airflow/.local/lib/python3.7/site-packages/airflow/example_dags/example_complex.py
[2025-07-13T10:40:48.249+0000] {logging_mixin.py:120} INFO - [2025-07-13T10:40:48.249+0000] {taskmixin.py:205} WARNING - Dependency <Task(BashOperator): create_entry_group>, delete_entry_group already registered for DAG: example_complex
[2025-07-13T10:40:48.250+0000] {logging_mixin.py:120} INFO - [2025-07-13T10:40:48.250+0000] {taskmixin.py:205} WARNING - Dependency <Task(BashOperator): delete_entry_group>, create_entry_group already registered for DAG: example_complex
[2025-07-13T10:40:48.250+0000] {logging_mixin.py:120} INFO - [2025-07-13T10:40:48.250+0000] {taskmixin.py:205} WARNING - Dependency <Task(BashOperator): create_entry_gcs>, delete_entry already registered for DAG: example_complex
[2025-07-13T10:40:48.251+0000] {logging_mixin.py:120} INFO - [2025-07-13T10:40:48.251+0000] {taskmixin.py:205} WARNING - Dependency <Task(BashOperator): delete_entry>, create_entry_gcs already registered for DAG: example_complex
[2025-07-13T10:40:48.251+0000] {logging_mixin.py:120} INFO - [2025-07-13T10:40:48.251+0000] {taskmixin.py:205} WARNING - Dependency <Task(BashOperator): create_tag>, delete_tag already registered for DAG: example_complex
[2025-07-13T10:40:48.251+0000] {logging_mixin.py:120} INFO - [2025-07-13T10:40:48.251+0000] {taskmixin.py:205} WARNING - Dependency <Task(BashOperator): delete_tag>, create_tag already registered for DAG: example_complex
[2025-07-13T10:40:48.260+0000] {processor.py:766} INFO - DAG(s) dict_keys(['example_complex']) retrieved from /home/airflow/.local/lib/python3.7/site-packages/airflow/example_dags/example_complex.py
[2025-07-13T10:40:48.312+0000] {logging_mixin.py:120} INFO - [2025-07-13T10:40:48.312+0000] {dag.py:2585} INFO - Sync 1 DAGs
[2025-07-13T10:40:48.341+0000] {logging_mixin.py:120} INFO - [2025-07-13T10:40:48.341+0000] {dag.py:3340} INFO - Setting next_dagrun for example_complex to None, run_after=None
[2025-07-13T10:40:48.372+0000] {processor.py:176} INFO - Processing /home/airflow/.local/lib/python3.7/site-packages/airflow/example_dags/example_complex.py took 0.146 seconds
[2025-07-13T10:41:18.886+0000] {processor.py:154} INFO - Started process (PID=6224) to work on /home/airflow/.local/lib/python3.7/site-packages/airflow/example_dags/example_complex.py
[2025-07-13T10:41:18.887+0000] {processor.py:756} INFO - Processing file /home/airflow/.local/lib/python3.7/site-packages/airflow/example_dags/example_complex.py for tasks to queue
[2025-07-13T10:41:18.889+0000] {logging_mixin.py:120} INFO - [2025-07-13T10:41:18.889+0000] {dagbag.py:537} INFO - Filling up the DagBag from /home/airflow/.local/lib/python3.7/site-packages/airflow/example_dags/example_complex.py
[2025-07-13T10:41:18.911+0000] {logging_mixin.py:120} INFO - [2025-07-13T10:41:18.911+0000] {taskmixin.py:205} WARNING - Dependency <Task(BashOperator): create_entry_group>, delete_entry_group already registered for DAG: example_complex
[2025-07-13T10:41:18.912+0000] {logging_mixin.py:120} INFO - [2025-07-13T10:41:18.912+0000] {taskmixin.py:205} WARNING - Dependency <Task(BashOperator): delete_entry_group>, create_entry_group already registered for DAG: example_complex
[2025-07-13T10:41:18.913+0000] {logging_mixin.py:120} INFO - [2025-07-13T10:41:18.913+0000] {taskmixin.py:205} WARNING - Dependency <Task(BashOperator): create_entry_gcs>, delete_entry already registered for DAG: example_complex
[2025-07-13T10:41:18.914+0000] {logging_mixin.py:120} INFO - [2025-07-13T10:41:18.914+0000] {taskmixin.py:205} WARNING - Dependency <Task(BashOperator): delete_entry>, create_entry_gcs already registered for DAG: example_complex
[2025-07-13T10:41:18.915+0000] {logging_mixin.py:120} INFO - [2025-07-13T10:41:18.915+0000] {taskmixin.py:205} WARNING - Dependency <Task(BashOperator): create_tag>, delete_tag already registered for DAG: example_complex
[2025-07-13T10:41:18.916+0000] {logging_mixin.py:120} INFO - [2025-07-13T10:41:18.916+0000] {taskmixin.py:205} WARNING - Dependency <Task(BashOperator): delete_tag>, create_tag already registered for DAG: example_complex
[2025-07-13T10:41:18.932+0000] {processor.py:766} INFO - DAG(s) dict_keys(['example_complex']) retrieved from /home/airflow/.local/lib/python3.7/site-packages/airflow/example_dags/example_complex.py
[2025-07-13T10:41:19.003+0000] {logging_mixin.py:120} INFO - [2025-07-13T10:41:19.003+0000] {dag.py:2585} INFO - Sync 1 DAGs
[2025-07-13T10:41:19.044+0000] {logging_mixin.py:120} INFO - [2025-07-13T10:41:19.044+0000] {dag.py:3340} INFO - Setting next_dagrun for example_complex to None, run_after=None
[2025-07-13T10:41:19.072+0000] {processor.py:176} INFO - Processing /home/airflow/.local/lib/python3.7/site-packages/airflow/example_dags/example_complex.py took 0.191 seconds
[2025-07-13T10:41:49.247+0000] {processor.py:154} INFO - Started process (PID=6287) to work on /home/airflow/.local/lib/python3.7/site-packages/airflow/example_dags/example_complex.py
[2025-07-13T10:41:49.248+0000] {processor.py:756} INFO - Processing file /home/airflow/.local/lib/python3.7/site-packages/airflow/example_dags/example_complex.py for tasks to queue
[2025-07-13T10:41:49.250+0000] {logging_mixin.py:120} INFO - [2025-07-13T10:41:49.249+0000] {dagbag.py:537} INFO - Filling up the DagBag from /home/airflow/.local/lib/python3.7/site-packages/airflow/example_dags/example_complex.py
[2025-07-13T10:41:49.263+0000] {logging_mixin.py:120} INFO - [2025-07-13T10:41:49.262+0000] {taskmixin.py:205} WARNING - Dependency <Task(BashOperator): create_entry_group>, delete_entry_group already registered for DAG: example_complex
[2025-07-13T10:41:49.263+0000] {logging_mixin.py:120} INFO - [2025-07-13T10:41:49.263+0000] {taskmixin.py:205} WARNING - Dependency <Task(BashOperator): delete_entry_group>, create_entry_group already registered for DAG: example_complex
[2025-07-13T10:41:49.264+0000] {logging_mixin.py:120} INFO - [2025-07-13T10:41:49.264+0000] {taskmixin.py:205} WARNING - Dependency <Task(BashOperator): create_entry_gcs>, delete_entry already registered for DAG: example_complex
[2025-07-13T10:41:49.265+0000] {logging_mixin.py:120} INFO - [2025-07-13T10:41:49.265+0000] {taskmixin.py:205} WARNING - Dependency <Task(BashOperator): delete_entry>, create_entry_gcs already registered for DAG: example_complex
[2025-07-13T10:41:49.265+0000] {logging_mixin.py:120} INFO - [2025-07-13T10:41:49.265+0000] {taskmixin.py:205} WARNING - Dependency <Task(BashOperator): create_tag>, delete_tag already registered for DAG: example_complex
[2025-07-13T10:41:49.266+0000] {logging_mixin.py:120} INFO - [2025-07-13T10:41:49.266+0000] {taskmixin.py:205} WARNING - Dependency <Task(BashOperator): delete_tag>, create_tag already registered for DAG: example_complex
[2025-07-13T10:41:49.274+0000] {processor.py:766} INFO - DAG(s) dict_keys(['example_complex']) retrieved from /home/airflow/.local/lib/python3.7/site-packages/airflow/example_dags/example_complex.py
[2025-07-13T10:41:49.348+0000] {logging_mixin.py:120} INFO - [2025-07-13T10:41:49.348+0000] {dag.py:2585} INFO - Sync 1 DAGs
[2025-07-13T10:41:49.384+0000] {logging_mixin.py:120} INFO - [2025-07-13T10:41:49.384+0000] {dag.py:3340} INFO - Setting next_dagrun for example_complex to None, run_after=None
[2025-07-13T10:41:49.418+0000] {processor.py:176} INFO - Processing /home/airflow/.local/lib/python3.7/site-packages/airflow/example_dags/example_complex.py took 0.175 seconds
[2025-07-13T10:54:36.633+0000] {processor.py:154} INFO - Started process (PID=6345) to work on /home/airflow/.local/lib/python3.7/site-packages/airflow/example_dags/example_complex.py
[2025-07-13T10:54:36.649+0000] {processor.py:756} INFO - Processing file /home/airflow/.local/lib/python3.7/site-packages/airflow/example_dags/example_complex.py for tasks to queue
[2025-07-13T10:54:36.665+0000] {logging_mixin.py:120} INFO - [2025-07-13T10:54:36.665+0000] {dagbag.py:537} INFO - Filling up the DagBag from /home/airflow/.local/lib/python3.7/site-packages/airflow/example_dags/example_complex.py
[2025-07-13T10:54:36.930+0000] {logging_mixin.py:120} INFO - [2025-07-13T10:54:36.929+0000] {taskmixin.py:205} WARNING - Dependency <Task(BashOperator): create_entry_group>, delete_entry_group already registered for DAG: example_complex
[2025-07-13T10:54:36.945+0000] {logging_mixin.py:120} INFO - [2025-07-13T10:54:36.944+0000] {taskmixin.py:205} WARNING - Dependency <Task(BashOperator): delete_entry_group>, create_entry_group already registered for DAG: example_complex
[2025-07-13T10:54:36.966+0000] {logging_mixin.py:120} INFO - [2025-07-13T10:54:36.965+0000] {taskmixin.py:205} WARNING - Dependency <Task(BashOperator): create_entry_gcs>, delete_entry already registered for DAG: example_complex
[2025-07-13T10:54:36.977+0000] {logging_mixin.py:120} INFO - [2025-07-13T10:54:36.976+0000] {taskmixin.py:205} WARNING - Dependency <Task(BashOperator): delete_entry>, create_entry_gcs already registered for DAG: example_complex
[2025-07-13T10:54:36.984+0000] {logging_mixin.py:120} INFO - [2025-07-13T10:54:36.983+0000] {taskmixin.py:205} WARNING - Dependency <Task(BashOperator): create_tag>, delete_tag already registered for DAG: example_complex
[2025-07-13T10:54:36.991+0000] {logging_mixin.py:120} INFO - [2025-07-13T10:54:36.991+0000] {taskmixin.py:205} WARNING - Dependency <Task(BashOperator): delete_tag>, create_tag already registered for DAG: example_complex
[2025-07-13T10:54:37.124+0000] {processor.py:766} INFO - DAG(s) dict_keys(['example_complex']) retrieved from /home/airflow/.local/lib/python3.7/site-packages/airflow/example_dags/example_complex.py
[2025-07-13T10:54:39.843+0000] {logging_mixin.py:120} INFO - [2025-07-13T10:54:39.842+0000] {dag.py:2585} INFO - Sync 1 DAGs
[2025-07-13T10:54:42.125+0000] {logging_mixin.py:120} INFO - [2025-07-13T10:54:42.124+0000] {dag.py:3340} INFO - Setting next_dagrun for example_complex to None, run_after=None
[2025-07-13T10:54:43.358+0000] {processor.py:176} INFO - Processing /home/airflow/.local/lib/python3.7/site-packages/airflow/example_dags/example_complex.py took 6.978 seconds
[2025-07-13T10:55:14.882+0000] {processor.py:154} INFO - Started process (PID=6401) to work on /home/airflow/.local/lib/python3.7/site-packages/airflow/example_dags/example_complex.py
[2025-07-13T10:55:14.968+0000] {processor.py:756} INFO - Processing file /home/airflow/.local/lib/python3.7/site-packages/airflow/example_dags/example_complex.py for tasks to queue
[2025-07-13T10:55:14.991+0000] {logging_mixin.py:120} INFO - [2025-07-13T10:55:14.991+0000] {dagbag.py:537} INFO - Filling up the DagBag from /home/airflow/.local/lib/python3.7/site-packages/airflow/example_dags/example_complex.py
[2025-07-13T10:55:15.525+0000] {logging_mixin.py:120} INFO - [2025-07-13T10:55:15.525+0000] {taskmixin.py:205} WARNING - Dependency <Task(BashOperator): create_entry_group>, delete_entry_group already registered for DAG: example_complex
[2025-07-13T10:55:15.527+0000] {logging_mixin.py:120} INFO - [2025-07-13T10:55:15.526+0000] {taskmixin.py:205} WARNING - Dependency <Task(BashOperator): delete_entry_group>, create_entry_group already registered for DAG: example_complex
[2025-07-13T10:55:15.528+0000] {logging_mixin.py:120} INFO - [2025-07-13T10:55:15.528+0000] {taskmixin.py:205} WARNING - Dependency <Task(BashOperator): create_entry_gcs>, delete_entry already registered for DAG: example_complex
[2025-07-13T10:55:15.530+0000] {logging_mixin.py:120} INFO - [2025-07-13T10:55:15.529+0000] {taskmixin.py:205} WARNING - Dependency <Task(BashOperator): delete_entry>, create_entry_gcs already registered for DAG: example_complex
[2025-07-13T10:55:15.576+0000] {logging_mixin.py:120} INFO - [2025-07-13T10:55:15.545+0000] {taskmixin.py:205} WARNING - Dependency <Task(BashOperator): create_tag>, delete_tag already registered for DAG: example_complex
[2025-07-13T10:55:15.581+0000] {logging_mixin.py:120} INFO - [2025-07-13T10:55:15.581+0000] {taskmixin.py:205} WARNING - Dependency <Task(BashOperator): delete_tag>, create_tag already registered for DAG: example_complex
[2025-07-13T10:55:15.679+0000] {processor.py:766} INFO - DAG(s) dict_keys(['example_complex']) retrieved from /home/airflow/.local/lib/python3.7/site-packages/airflow/example_dags/example_complex.py
[2025-07-13T10:55:16.601+0000] {logging_mixin.py:120} INFO - [2025-07-13T10:55:16.594+0000] {dag.py:2585} INFO - Sync 1 DAGs
[2025-07-13T10:55:16.808+0000] {logging_mixin.py:120} INFO - [2025-07-13T10:55:16.807+0000] {dag.py:3340} INFO - Setting next_dagrun for example_complex to None, run_after=None
[2025-07-13T10:55:16.949+0000] {processor.py:176} INFO - Processing /home/airflow/.local/lib/python3.7/site-packages/airflow/example_dags/example_complex.py took 2.410 seconds
[2025-07-13T10:55:47.366+0000] {processor.py:154} INFO - Started process (PID=6453) to work on /home/airflow/.local/lib/python3.7/site-packages/airflow/example_dags/example_complex.py
[2025-07-13T10:55:47.368+0000] {processor.py:756} INFO - Processing file /home/airflow/.local/lib/python3.7/site-packages/airflow/example_dags/example_complex.py for tasks to queue
[2025-07-13T10:55:47.370+0000] {logging_mixin.py:120} INFO - [2025-07-13T10:55:47.369+0000] {dagbag.py:537} INFO - Filling up the DagBag from /home/airflow/.local/lib/python3.7/site-packages/airflow/example_dags/example_complex.py
[2025-07-13T10:55:47.389+0000] {logging_mixin.py:120} INFO - [2025-07-13T10:55:47.389+0000] {taskmixin.py:205} WARNING - Dependency <Task(BashOperator): create_entry_group>, delete_entry_group already registered for DAG: example_complex
[2025-07-13T10:55:47.390+0000] {logging_mixin.py:120} INFO - [2025-07-13T10:55:47.390+0000] {taskmixin.py:205} WARNING - Dependency <Task(BashOperator): delete_entry_group>, create_entry_group already registered for DAG: example_complex
[2025-07-13T10:55:47.391+0000] {logging_mixin.py:120} INFO - [2025-07-13T10:55:47.390+0000] {taskmixin.py:205} WARNING - Dependency <Task(BashOperator): create_entry_gcs>, delete_entry already registered for DAG: example_complex
[2025-07-13T10:55:47.391+0000] {logging_mixin.py:120} INFO - [2025-07-13T10:55:47.391+0000] {taskmixin.py:205} WARNING - Dependency <Task(BashOperator): delete_entry>, create_entry_gcs already registered for DAG: example_complex
[2025-07-13T10:55:47.392+0000] {logging_mixin.py:120} INFO - [2025-07-13T10:55:47.392+0000] {taskmixin.py:205} WARNING - Dependency <Task(BashOperator): create_tag>, delete_tag already registered for DAG: example_complex
[2025-07-13T10:55:47.392+0000] {logging_mixin.py:120} INFO - [2025-07-13T10:55:47.392+0000] {taskmixin.py:205} WARNING - Dependency <Task(BashOperator): delete_tag>, create_tag already registered for DAG: example_complex
[2025-07-13T10:55:47.404+0000] {processor.py:766} INFO - DAG(s) dict_keys(['example_complex']) retrieved from /home/airflow/.local/lib/python3.7/site-packages/airflow/example_dags/example_complex.py
[2025-07-13T10:55:47.474+0000] {logging_mixin.py:120} INFO - [2025-07-13T10:55:47.474+0000] {dag.py:2585} INFO - Sync 1 DAGs
[2025-07-13T10:55:47.508+0000] {logging_mixin.py:120} INFO - [2025-07-13T10:55:47.508+0000] {dag.py:3340} INFO - Setting next_dagrun for example_complex to None, run_after=None
[2025-07-13T10:55:47.550+0000] {processor.py:176} INFO - Processing /home/airflow/.local/lib/python3.7/site-packages/airflow/example_dags/example_complex.py took 0.191 seconds
[2025-07-13T10:56:17.711+0000] {processor.py:154} INFO - Started process (PID=6517) to work on /home/airflow/.local/lib/python3.7/site-packages/airflow/example_dags/example_complex.py
[2025-07-13T10:56:17.713+0000] {processor.py:756} INFO - Processing file /home/airflow/.local/lib/python3.7/site-packages/airflow/example_dags/example_complex.py for tasks to queue
[2025-07-13T10:56:17.714+0000] {logging_mixin.py:120} INFO - [2025-07-13T10:56:17.714+0000] {dagbag.py:537} INFO - Filling up the DagBag from /home/airflow/.local/lib/python3.7/site-packages/airflow/example_dags/example_complex.py
[2025-07-13T10:56:17.728+0000] {logging_mixin.py:120} INFO - [2025-07-13T10:56:17.728+0000] {taskmixin.py:205} WARNING - Dependency <Task(BashOperator): create_entry_group>, delete_entry_group already registered for DAG: example_complex
[2025-07-13T10:56:17.729+0000] {logging_mixin.py:120} INFO - [2025-07-13T10:56:17.729+0000] {taskmixin.py:205} WARNING - Dependency <Task(BashOperator): delete_entry_group>, create_entry_group already registered for DAG: example_complex
[2025-07-13T10:56:17.729+0000] {logging_mixin.py:120} INFO - [2025-07-13T10:56:17.729+0000] {taskmixin.py:205} WARNING - Dependency <Task(BashOperator): create_entry_gcs>, delete_entry already registered for DAG: example_complex
[2025-07-13T10:56:17.730+0000] {logging_mixin.py:120} INFO - [2025-07-13T10:56:17.730+0000] {taskmixin.py:205} WARNING - Dependency <Task(BashOperator): delete_entry>, create_entry_gcs already registered for DAG: example_complex
[2025-07-13T10:56:17.731+0000] {logging_mixin.py:120} INFO - [2025-07-13T10:56:17.731+0000] {taskmixin.py:205} WARNING - Dependency <Task(BashOperator): create_tag>, delete_tag already registered for DAG: example_complex
[2025-07-13T10:56:17.731+0000] {logging_mixin.py:120} INFO - [2025-07-13T10:56:17.731+0000] {taskmixin.py:205} WARNING - Dependency <Task(BashOperator): delete_tag>, create_tag already registered for DAG: example_complex
[2025-07-13T10:56:17.741+0000] {processor.py:766} INFO - DAG(s) dict_keys(['example_complex']) retrieved from /home/airflow/.local/lib/python3.7/site-packages/airflow/example_dags/example_complex.py
[2025-07-13T10:56:17.809+0000] {logging_mixin.py:120} INFO - [2025-07-13T10:56:17.809+0000] {dag.py:2585} INFO - Sync 1 DAGs
[2025-07-13T10:56:17.836+0000] {logging_mixin.py:120} INFO - [2025-07-13T10:56:17.836+0000] {dag.py:3340} INFO - Setting next_dagrun for example_complex to None, run_after=None
[2025-07-13T10:56:17.875+0000] {processor.py:176} INFO - Processing /home/airflow/.local/lib/python3.7/site-packages/airflow/example_dags/example_complex.py took 0.169 seconds
[2025-07-13T10:56:48.045+0000] {processor.py:154} INFO - Started process (PID=6570) to work on /home/airflow/.local/lib/python3.7/site-packages/airflow/example_dags/example_complex.py
[2025-07-13T10:56:48.047+0000] {processor.py:756} INFO - Processing file /home/airflow/.local/lib/python3.7/site-packages/airflow/example_dags/example_complex.py for tasks to queue
[2025-07-13T10:56:48.048+0000] {logging_mixin.py:120} INFO - [2025-07-13T10:56:48.048+0000] {dagbag.py:537} INFO - Filling up the DagBag from /home/airflow/.local/lib/python3.7/site-packages/airflow/example_dags/example_complex.py
[2025-07-13T10:56:48.093+0000] {logging_mixin.py:120} INFO - [2025-07-13T10:56:48.093+0000] {taskmixin.py:205} WARNING - Dependency <Task(BashOperator): create_entry_group>, delete_entry_group already registered for DAG: example_complex
[2025-07-13T10:56:48.094+0000] {logging_mixin.py:120} INFO - [2025-07-13T10:56:48.093+0000] {taskmixin.py:205} WARNING - Dependency <Task(BashOperator): delete_entry_group>, create_entry_group already registered for DAG: example_complex
[2025-07-13T10:56:48.095+0000] {logging_mixin.py:120} INFO - [2025-07-13T10:56:48.094+0000] {taskmixin.py:205} WARNING - Dependency <Task(BashOperator): create_entry_gcs>, delete_entry already registered for DAG: example_complex
[2025-07-13T10:56:48.095+0000] {logging_mixin.py:120} INFO - [2025-07-13T10:56:48.095+0000] {taskmixin.py:205} WARNING - Dependency <Task(BashOperator): delete_entry>, create_entry_gcs already registered for DAG: example_complex
[2025-07-13T10:56:48.097+0000] {logging_mixin.py:120} INFO - [2025-07-13T10:56:48.096+0000] {taskmixin.py:205} WARNING - Dependency <Task(BashOperator): create_tag>, delete_tag already registered for DAG: example_complex
[2025-07-13T10:56:48.097+0000] {logging_mixin.py:120} INFO - [2025-07-13T10:56:48.097+0000] {taskmixin.py:205} WARNING - Dependency <Task(BashOperator): delete_tag>, create_tag already registered for DAG: example_complex
[2025-07-13T10:56:48.129+0000] {processor.py:766} INFO - DAG(s) dict_keys(['example_complex']) retrieved from /home/airflow/.local/lib/python3.7/site-packages/airflow/example_dags/example_complex.py
[2025-07-13T10:56:48.219+0000] {logging_mixin.py:120} INFO - [2025-07-13T10:56:48.219+0000] {dag.py:2585} INFO - Sync 1 DAGs
[2025-07-13T10:56:48.278+0000] {logging_mixin.py:120} INFO - [2025-07-13T10:56:48.278+0000] {dag.py:3340} INFO - Setting next_dagrun for example_complex to None, run_after=None
[2025-07-13T10:56:48.314+0000] {processor.py:176} INFO - Processing /home/airflow/.local/lib/python3.7/site-packages/airflow/example_dags/example_complex.py took 0.275 seconds
[2025-07-13T10:57:18.655+0000] {processor.py:154} INFO - Started process (PID=6632) to work on /home/airflow/.local/lib/python3.7/site-packages/airflow/example_dags/example_complex.py
[2025-07-13T10:57:18.657+0000] {processor.py:756} INFO - Processing file /home/airflow/.local/lib/python3.7/site-packages/airflow/example_dags/example_complex.py for tasks to queue
[2025-07-13T10:57:18.658+0000] {logging_mixin.py:120} INFO - [2025-07-13T10:57:18.658+0000] {dagbag.py:537} INFO - Filling up the DagBag from /home/airflow/.local/lib/python3.7/site-packages/airflow/example_dags/example_complex.py
[2025-07-13T10:57:18.678+0000] {logging_mixin.py:120} INFO - [2025-07-13T10:57:18.677+0000] {taskmixin.py:205} WARNING - Dependency <Task(BashOperator): create_entry_group>, delete_entry_group already registered for DAG: example_complex
[2025-07-13T10:57:18.679+0000] {logging_mixin.py:120} INFO - [2025-07-13T10:57:18.679+0000] {taskmixin.py:205} WARNING - Dependency <Task(BashOperator): delete_entry_group>, create_entry_group already registered for DAG: example_complex
[2025-07-13T10:57:18.682+0000] {logging_mixin.py:120} INFO - [2025-07-13T10:57:18.681+0000] {taskmixin.py:205} WARNING - Dependency <Task(BashOperator): create_entry_gcs>, delete_entry already registered for DAG: example_complex
[2025-07-13T10:57:18.683+0000] {logging_mixin.py:120} INFO - [2025-07-13T10:57:18.683+0000] {taskmixin.py:205} WARNING - Dependency <Task(BashOperator): delete_entry>, create_entry_gcs already registered for DAG: example_complex
[2025-07-13T10:57:18.685+0000] {logging_mixin.py:120} INFO - [2025-07-13T10:57:18.685+0000] {taskmixin.py:205} WARNING - Dependency <Task(BashOperator): create_tag>, delete_tag already registered for DAG: example_complex
[2025-07-13T10:57:18.686+0000] {logging_mixin.py:120} INFO - [2025-07-13T10:57:18.686+0000] {taskmixin.py:205} WARNING - Dependency <Task(BashOperator): delete_tag>, create_tag already registered for DAG: example_complex
[2025-07-13T10:57:18.709+0000] {processor.py:766} INFO - DAG(s) dict_keys(['example_complex']) retrieved from /home/airflow/.local/lib/python3.7/site-packages/airflow/example_dags/example_complex.py
[2025-07-13T10:57:18.823+0000] {logging_mixin.py:120} INFO - [2025-07-13T10:57:18.822+0000] {dag.py:2585} INFO - Sync 1 DAGs
[2025-07-13T10:57:18.861+0000] {logging_mixin.py:120} INFO - [2025-07-13T10:57:18.860+0000] {dag.py:3340} INFO - Setting next_dagrun for example_complex to None, run_after=None
[2025-07-13T10:57:18.888+0000] {processor.py:176} INFO - Processing /home/airflow/.local/lib/python3.7/site-packages/airflow/example_dags/example_complex.py took 0.238 seconds
[2025-07-13T10:57:49.274+0000] {processor.py:154} INFO - Started process (PID=6694) to work on /home/airflow/.local/lib/python3.7/site-packages/airflow/example_dags/example_complex.py
[2025-07-13T10:57:49.275+0000] {processor.py:756} INFO - Processing file /home/airflow/.local/lib/python3.7/site-packages/airflow/example_dags/example_complex.py for tasks to queue
[2025-07-13T10:57:49.277+0000] {logging_mixin.py:120} INFO - [2025-07-13T10:57:49.276+0000] {dagbag.py:537} INFO - Filling up the DagBag from /home/airflow/.local/lib/python3.7/site-packages/airflow/example_dags/example_complex.py
[2025-07-13T10:57:49.297+0000] {logging_mixin.py:120} INFO - [2025-07-13T10:57:49.297+0000] {taskmixin.py:205} WARNING - Dependency <Task(BashOperator): create_entry_group>, delete_entry_group already registered for DAG: example_complex
[2025-07-13T10:57:49.298+0000] {logging_mixin.py:120} INFO - [2025-07-13T10:57:49.298+0000] {taskmixin.py:205} WARNING - Dependency <Task(BashOperator): delete_entry_group>, create_entry_group already registered for DAG: example_complex
[2025-07-13T10:57:49.299+0000] {logging_mixin.py:120} INFO - [2025-07-13T10:57:49.299+0000] {taskmixin.py:205} WARNING - Dependency <Task(BashOperator): create_entry_gcs>, delete_entry already registered for DAG: example_complex
[2025-07-13T10:57:49.300+0000] {logging_mixin.py:120} INFO - [2025-07-13T10:57:49.300+0000] {taskmixin.py:205} WARNING - Dependency <Task(BashOperator): delete_entry>, create_entry_gcs already registered for DAG: example_complex
[2025-07-13T10:57:49.301+0000] {logging_mixin.py:120} INFO - [2025-07-13T10:57:49.300+0000] {taskmixin.py:205} WARNING - Dependency <Task(BashOperator): create_tag>, delete_tag already registered for DAG: example_complex
[2025-07-13T10:57:49.301+0000] {logging_mixin.py:120} INFO - [2025-07-13T10:57:49.301+0000] {taskmixin.py:205} WARNING - Dependency <Task(BashOperator): delete_tag>, create_tag already registered for DAG: example_complex
[2025-07-13T10:57:49.315+0000] {processor.py:766} INFO - DAG(s) dict_keys(['example_complex']) retrieved from /home/airflow/.local/lib/python3.7/site-packages/airflow/example_dags/example_complex.py
[2025-07-13T10:57:49.409+0000] {logging_mixin.py:120} INFO - [2025-07-13T10:57:49.409+0000] {dag.py:2585} INFO - Sync 1 DAGs
[2025-07-13T10:57:49.448+0000] {logging_mixin.py:120} INFO - [2025-07-13T10:57:49.448+0000] {dag.py:3340} INFO - Setting next_dagrun for example_complex to None, run_after=None
[2025-07-13T10:57:49.481+0000] {processor.py:176} INFO - Processing /home/airflow/.local/lib/python3.7/site-packages/airflow/example_dags/example_complex.py took 0.214 seconds
[2025-07-13T10:58:19.546+0000] {processor.py:154} INFO - Started process (PID=6750) to work on /home/airflow/.local/lib/python3.7/site-packages/airflow/example_dags/example_complex.py
[2025-07-13T10:58:19.548+0000] {processor.py:756} INFO - Processing file /home/airflow/.local/lib/python3.7/site-packages/airflow/example_dags/example_complex.py for tasks to queue
[2025-07-13T10:58:19.549+0000] {logging_mixin.py:120} INFO - [2025-07-13T10:58:19.549+0000] {dagbag.py:537} INFO - Filling up the DagBag from /home/airflow/.local/lib/python3.7/site-packages/airflow/example_dags/example_complex.py
[2025-07-13T10:58:19.563+0000] {logging_mixin.py:120} INFO - [2025-07-13T10:58:19.563+0000] {taskmixin.py:205} WARNING - Dependency <Task(BashOperator): create_entry_group>, delete_entry_group already registered for DAG: example_complex
[2025-07-13T10:58:19.564+0000] {logging_mixin.py:120} INFO - [2025-07-13T10:58:19.564+0000] {taskmixin.py:205} WARNING - Dependency <Task(BashOperator): delete_entry_group>, create_entry_group already registered for DAG: example_complex
[2025-07-13T10:58:19.565+0000] {logging_mixin.py:120} INFO - [2025-07-13T10:58:19.565+0000] {taskmixin.py:205} WARNING - Dependency <Task(BashOperator): create_entry_gcs>, delete_entry already registered for DAG: example_complex
[2025-07-13T10:58:19.566+0000] {logging_mixin.py:120} INFO - [2025-07-13T10:58:19.565+0000] {taskmixin.py:205} WARNING - Dependency <Task(BashOperator): delete_entry>, create_entry_gcs already registered for DAG: example_complex
[2025-07-13T10:58:19.567+0000] {logging_mixin.py:120} INFO - [2025-07-13T10:58:19.566+0000] {taskmixin.py:205} WARNING - Dependency <Task(BashOperator): create_tag>, delete_tag already registered for DAG: example_complex
[2025-07-13T10:58:19.567+0000] {logging_mixin.py:120} INFO - [2025-07-13T10:58:19.567+0000] {taskmixin.py:205} WARNING - Dependency <Task(BashOperator): delete_tag>, create_tag already registered for DAG: example_complex
[2025-07-13T10:58:19.576+0000] {processor.py:766} INFO - DAG(s) dict_keys(['example_complex']) retrieved from /home/airflow/.local/lib/python3.7/site-packages/airflow/example_dags/example_complex.py
[2025-07-13T10:58:19.633+0000] {logging_mixin.py:120} INFO - [2025-07-13T10:58:19.633+0000] {dag.py:2585} INFO - Sync 1 DAGs
[2025-07-13T10:58:19.662+0000] {logging_mixin.py:120} INFO - [2025-07-13T10:58:19.662+0000] {dag.py:3340} INFO - Setting next_dagrun for example_complex to None, run_after=None
[2025-07-13T10:58:19.692+0000] {processor.py:176} INFO - Processing /home/airflow/.local/lib/python3.7/site-packages/airflow/example_dags/example_complex.py took 0.150 seconds
[2025-07-13T10:58:50.002+0000] {processor.py:154} INFO - Started process (PID=6812) to work on /home/airflow/.local/lib/python3.7/site-packages/airflow/example_dags/example_complex.py
[2025-07-13T10:58:50.003+0000] {processor.py:756} INFO - Processing file /home/airflow/.local/lib/python3.7/site-packages/airflow/example_dags/example_complex.py for tasks to queue
[2025-07-13T10:58:50.005+0000] {logging_mixin.py:120} INFO - [2025-07-13T10:58:50.004+0000] {dagbag.py:537} INFO - Filling up the DagBag from /home/airflow/.local/lib/python3.7/site-packages/airflow/example_dags/example_complex.py
[2025-07-13T10:58:50.026+0000] {logging_mixin.py:120} INFO - [2025-07-13T10:58:50.026+0000] {taskmixin.py:205} WARNING - Dependency <Task(BashOperator): create_entry_group>, delete_entry_group already registered for DAG: example_complex
[2025-07-13T10:58:50.027+0000] {logging_mixin.py:120} INFO - [2025-07-13T10:58:50.027+0000] {taskmixin.py:205} WARNING - Dependency <Task(BashOperator): delete_entry_group>, create_entry_group already registered for DAG: example_complex
[2025-07-13T10:58:50.028+0000] {logging_mixin.py:120} INFO - [2025-07-13T10:58:50.028+0000] {taskmixin.py:205} WARNING - Dependency <Task(BashOperator): create_entry_gcs>, delete_entry already registered for DAG: example_complex
[2025-07-13T10:58:50.029+0000] {logging_mixin.py:120} INFO - [2025-07-13T10:58:50.029+0000] {taskmixin.py:205} WARNING - Dependency <Task(BashOperator): delete_entry>, create_entry_gcs already registered for DAG: example_complex
[2025-07-13T10:58:50.030+0000] {logging_mixin.py:120} INFO - [2025-07-13T10:58:50.030+0000] {taskmixin.py:205} WARNING - Dependency <Task(BashOperator): create_tag>, delete_tag already registered for DAG: example_complex
[2025-07-13T10:58:50.030+0000] {logging_mixin.py:120} INFO - [2025-07-13T10:58:50.030+0000] {taskmixin.py:205} WARNING - Dependency <Task(BashOperator): delete_tag>, create_tag already registered for DAG: example_complex
[2025-07-13T10:58:50.043+0000] {processor.py:766} INFO - DAG(s) dict_keys(['example_complex']) retrieved from /home/airflow/.local/lib/python3.7/site-packages/airflow/example_dags/example_complex.py
[2025-07-13T10:58:50.128+0000] {logging_mixin.py:120} INFO - [2025-07-13T10:58:50.127+0000] {dag.py:2585} INFO - Sync 1 DAGs
[2025-07-13T10:58:50.170+0000] {logging_mixin.py:120} INFO - [2025-07-13T10:58:50.170+0000] {dag.py:3340} INFO - Setting next_dagrun for example_complex to None, run_after=None
[2025-07-13T10:58:50.234+0000] {processor.py:176} INFO - Processing /home/airflow/.local/lib/python3.7/site-packages/airflow/example_dags/example_complex.py took 0.236 seconds
[2025-07-13T10:59:20.865+0000] {processor.py:154} INFO - Started process (PID=6866) to work on /home/airflow/.local/lib/python3.7/site-packages/airflow/example_dags/example_complex.py
[2025-07-13T10:59:20.866+0000] {processor.py:756} INFO - Processing file /home/airflow/.local/lib/python3.7/site-packages/airflow/example_dags/example_complex.py for tasks to queue
[2025-07-13T10:59:20.868+0000] {logging_mixin.py:120} INFO - [2025-07-13T10:59:20.867+0000] {dagbag.py:537} INFO - Filling up the DagBag from /home/airflow/.local/lib/python3.7/site-packages/airflow/example_dags/example_complex.py
[2025-07-13T10:59:20.897+0000] {logging_mixin.py:120} INFO - [2025-07-13T10:59:20.896+0000] {taskmixin.py:205} WARNING - Dependency <Task(BashOperator): create_entry_group>, delete_entry_group already registered for DAG: example_complex
[2025-07-13T10:59:20.898+0000] {logging_mixin.py:120} INFO - [2025-07-13T10:59:20.897+0000] {taskmixin.py:205} WARNING - Dependency <Task(BashOperator): delete_entry_group>, create_entry_group already registered for DAG: example_complex
[2025-07-13T10:59:20.899+0000] {logging_mixin.py:120} INFO - [2025-07-13T10:59:20.898+0000] {taskmixin.py:205} WARNING - Dependency <Task(BashOperator): create_entry_gcs>, delete_entry already registered for DAG: example_complex
[2025-07-13T10:59:20.899+0000] {logging_mixin.py:120} INFO - [2025-07-13T10:59:20.899+0000] {taskmixin.py:205} WARNING - Dependency <Task(BashOperator): delete_entry>, create_entry_gcs already registered for DAG: example_complex
[2025-07-13T10:59:20.900+0000] {logging_mixin.py:120} INFO - [2025-07-13T10:59:20.900+0000] {taskmixin.py:205} WARNING - Dependency <Task(BashOperator): create_tag>, delete_tag already registered for DAG: example_complex
[2025-07-13T10:59:20.901+0000] {logging_mixin.py:120} INFO - [2025-07-13T10:59:20.901+0000] {taskmixin.py:205} WARNING - Dependency <Task(BashOperator): delete_tag>, create_tag already registered for DAG: example_complex
[2025-07-13T10:59:20.921+0000] {processor.py:766} INFO - DAG(s) dict_keys(['example_complex']) retrieved from /home/airflow/.local/lib/python3.7/site-packages/airflow/example_dags/example_complex.py
[2025-07-13T10:59:21.039+0000] {logging_mixin.py:120} INFO - [2025-07-13T10:59:21.039+0000] {dag.py:2585} INFO - Sync 1 DAGs
[2025-07-13T10:59:21.071+0000] {logging_mixin.py:120} INFO - [2025-07-13T10:59:21.071+0000] {dag.py:3340} INFO - Setting next_dagrun for example_complex to None, run_after=None
[2025-07-13T10:59:21.096+0000] {processor.py:176} INFO - Processing /home/airflow/.local/lib/python3.7/site-packages/airflow/example_dags/example_complex.py took 0.238 seconds
[2025-07-13T10:59:51.378+0000] {processor.py:154} INFO - Started process (PID=6929) to work on /home/airflow/.local/lib/python3.7/site-packages/airflow/example_dags/example_complex.py
[2025-07-13T10:59:51.379+0000] {processor.py:756} INFO - Processing file /home/airflow/.local/lib/python3.7/site-packages/airflow/example_dags/example_complex.py for tasks to queue
[2025-07-13T10:59:51.380+0000] {logging_mixin.py:120} INFO - [2025-07-13T10:59:51.380+0000] {dagbag.py:537} INFO - Filling up the DagBag from /home/airflow/.local/lib/python3.7/site-packages/airflow/example_dags/example_complex.py
[2025-07-13T10:59:51.393+0000] {logging_mixin.py:120} INFO - [2025-07-13T10:59:51.392+0000] {taskmixin.py:205} WARNING - Dependency <Task(BashOperator): create_entry_group>, delete_entry_group already registered for DAG: example_complex
[2025-07-13T10:59:51.393+0000] {logging_mixin.py:120} INFO - [2025-07-13T10:59:51.393+0000] {taskmixin.py:205} WARNING - Dependency <Task(BashOperator): delete_entry_group>, create_entry_group already registered for DAG: example_complex
[2025-07-13T10:59:51.394+0000] {logging_mixin.py:120} INFO - [2025-07-13T10:59:51.394+0000] {taskmixin.py:205} WARNING - Dependency <Task(BashOperator): create_entry_gcs>, delete_entry already registered for DAG: example_complex
[2025-07-13T10:59:51.394+0000] {logging_mixin.py:120} INFO - [2025-07-13T10:59:51.394+0000] {taskmixin.py:205} WARNING - Dependency <Task(BashOperator): delete_entry>, create_entry_gcs already registered for DAG: example_complex
[2025-07-13T10:59:51.395+0000] {logging_mixin.py:120} INFO - [2025-07-13T10:59:51.395+0000] {taskmixin.py:205} WARNING - Dependency <Task(BashOperator): create_tag>, delete_tag already registered for DAG: example_complex
[2025-07-13T10:59:51.395+0000] {logging_mixin.py:120} INFO - [2025-07-13T10:59:51.395+0000] {taskmixin.py:205} WARNING - Dependency <Task(BashOperator): delete_tag>, create_tag already registered for DAG: example_complex
[2025-07-13T10:59:51.404+0000] {processor.py:766} INFO - DAG(s) dict_keys(['example_complex']) retrieved from /home/airflow/.local/lib/python3.7/site-packages/airflow/example_dags/example_complex.py
[2025-07-13T10:59:51.461+0000] {logging_mixin.py:120} INFO - [2025-07-13T10:59:51.461+0000] {dag.py:2585} INFO - Sync 1 DAGs
[2025-07-13T10:59:51.494+0000] {logging_mixin.py:120} INFO - [2025-07-13T10:59:51.494+0000] {dag.py:3340} INFO - Setting next_dagrun for example_complex to None, run_after=None
[2025-07-13T10:59:51.521+0000] {processor.py:176} INFO - Processing /home/airflow/.local/lib/python3.7/site-packages/airflow/example_dags/example_complex.py took 0.148 seconds
[2025-07-13T11:00:22.093+0000] {processor.py:154} INFO - Started process (PID=6991) to work on /home/airflow/.local/lib/python3.7/site-packages/airflow/example_dags/example_complex.py
[2025-07-13T11:00:22.094+0000] {processor.py:756} INFO - Processing file /home/airflow/.local/lib/python3.7/site-packages/airflow/example_dags/example_complex.py for tasks to queue
[2025-07-13T11:00:22.095+0000] {logging_mixin.py:120} INFO - [2025-07-13T11:00:22.095+0000] {dagbag.py:537} INFO - Filling up the DagBag from /home/airflow/.local/lib/python3.7/site-packages/airflow/example_dags/example_complex.py
[2025-07-13T11:00:22.110+0000] {logging_mixin.py:120} INFO - [2025-07-13T11:00:22.110+0000] {taskmixin.py:205} WARNING - Dependency <Task(BashOperator): create_entry_group>, delete_entry_group already registered for DAG: example_complex
[2025-07-13T11:00:22.111+0000] {logging_mixin.py:120} INFO - [2025-07-13T11:00:22.111+0000] {taskmixin.py:205} WARNING - Dependency <Task(BashOperator): delete_entry_group>, create_entry_group already registered for DAG: example_complex
[2025-07-13T11:00:22.112+0000] {logging_mixin.py:120} INFO - [2025-07-13T11:00:22.112+0000] {taskmixin.py:205} WARNING - Dependency <Task(BashOperator): create_entry_gcs>, delete_entry already registered for DAG: example_complex
[2025-07-13T11:00:22.113+0000] {logging_mixin.py:120} INFO - [2025-07-13T11:00:22.113+0000] {taskmixin.py:205} WARNING - Dependency <Task(BashOperator): delete_entry>, create_entry_gcs already registered for DAG: example_complex
[2025-07-13T11:00:22.113+0000] {logging_mixin.py:120} INFO - [2025-07-13T11:00:22.113+0000] {taskmixin.py:205} WARNING - Dependency <Task(BashOperator): create_tag>, delete_tag already registered for DAG: example_complex
[2025-07-13T11:00:22.114+0000] {logging_mixin.py:120} INFO - [2025-07-13T11:00:22.114+0000] {taskmixin.py:205} WARNING - Dependency <Task(BashOperator): delete_tag>, create_tag already registered for DAG: example_complex
[2025-07-13T11:00:22.125+0000] {processor.py:766} INFO - DAG(s) dict_keys(['example_complex']) retrieved from /home/airflow/.local/lib/python3.7/site-packages/airflow/example_dags/example_complex.py
[2025-07-13T11:00:22.185+0000] {logging_mixin.py:120} INFO - [2025-07-13T11:00:22.185+0000] {dag.py:2585} INFO - Sync 1 DAGs
[2025-07-13T11:00:22.217+0000] {logging_mixin.py:120} INFO - [2025-07-13T11:00:22.217+0000] {dag.py:3340} INFO - Setting next_dagrun for example_complex to None, run_after=None
[2025-07-13T11:00:22.256+0000] {processor.py:176} INFO - Processing /home/airflow/.local/lib/python3.7/site-packages/airflow/example_dags/example_complex.py took 0.169 seconds
[2025-07-13T11:00:52.361+0000] {processor.py:154} INFO - Started process (PID=7045) to work on /home/airflow/.local/lib/python3.7/site-packages/airflow/example_dags/example_complex.py
[2025-07-13T11:00:52.363+0000] {processor.py:756} INFO - Processing file /home/airflow/.local/lib/python3.7/site-packages/airflow/example_dags/example_complex.py for tasks to queue
[2025-07-13T11:00:52.364+0000] {logging_mixin.py:120} INFO - [2025-07-13T11:00:52.364+0000] {dagbag.py:537} INFO - Filling up the DagBag from /home/airflow/.local/lib/python3.7/site-packages/airflow/example_dags/example_complex.py
[2025-07-13T11:00:52.377+0000] {logging_mixin.py:120} INFO - [2025-07-13T11:00:52.377+0000] {taskmixin.py:205} WARNING - Dependency <Task(BashOperator): create_entry_group>, delete_entry_group already registered for DAG: example_complex
[2025-07-13T11:00:52.378+0000] {logging_mixin.py:120} INFO - [2025-07-13T11:00:52.377+0000] {taskmixin.py:205} WARNING - Dependency <Task(BashOperator): delete_entry_group>, create_entry_group already registered for DAG: example_complex
[2025-07-13T11:00:52.378+0000] {logging_mixin.py:120} INFO - [2025-07-13T11:00:52.378+0000] {taskmixin.py:205} WARNING - Dependency <Task(BashOperator): create_entry_gcs>, delete_entry already registered for DAG: example_complex
[2025-07-13T11:00:52.379+0000] {logging_mixin.py:120} INFO - [2025-07-13T11:00:52.379+0000] {taskmixin.py:205} WARNING - Dependency <Task(BashOperator): delete_entry>, create_entry_gcs already registered for DAG: example_complex
[2025-07-13T11:00:52.380+0000] {logging_mixin.py:120} INFO - [2025-07-13T11:00:52.380+0000] {taskmixin.py:205} WARNING - Dependency <Task(BashOperator): create_tag>, delete_tag already registered for DAG: example_complex
[2025-07-13T11:00:52.380+0000] {logging_mixin.py:120} INFO - [2025-07-13T11:00:52.380+0000] {taskmixin.py:205} WARNING - Dependency <Task(BashOperator): delete_tag>, create_tag already registered for DAG: example_complex
[2025-07-13T11:00:52.389+0000] {processor.py:766} INFO - DAG(s) dict_keys(['example_complex']) retrieved from /home/airflow/.local/lib/python3.7/site-packages/airflow/example_dags/example_complex.py
[2025-07-13T11:00:52.458+0000] {logging_mixin.py:120} INFO - [2025-07-13T11:00:52.457+0000] {dag.py:2585} INFO - Sync 1 DAGs
[2025-07-13T11:00:52.489+0000] {logging_mixin.py:120} INFO - [2025-07-13T11:00:52.488+0000] {dag.py:3340} INFO - Setting next_dagrun for example_complex to None, run_after=None
[2025-07-13T11:00:52.526+0000] {processor.py:176} INFO - Processing /home/airflow/.local/lib/python3.7/site-packages/airflow/example_dags/example_complex.py took 0.168 seconds
[2025-07-13T11:01:22.933+0000] {processor.py:154} INFO - Started process (PID=7108) to work on /home/airflow/.local/lib/python3.7/site-packages/airflow/example_dags/example_complex.py
[2025-07-13T11:01:22.935+0000] {processor.py:756} INFO - Processing file /home/airflow/.local/lib/python3.7/site-packages/airflow/example_dags/example_complex.py for tasks to queue
[2025-07-13T11:01:22.936+0000] {logging_mixin.py:120} INFO - [2025-07-13T11:01:22.935+0000] {dagbag.py:537} INFO - Filling up the DagBag from /home/airflow/.local/lib/python3.7/site-packages/airflow/example_dags/example_complex.py
[2025-07-13T11:01:22.953+0000] {logging_mixin.py:120} INFO - [2025-07-13T11:01:22.953+0000] {taskmixin.py:205} WARNING - Dependency <Task(BashOperator): create_entry_group>, delete_entry_group already registered for DAG: example_complex
[2025-07-13T11:01:22.954+0000] {logging_mixin.py:120} INFO - [2025-07-13T11:01:22.954+0000] {taskmixin.py:205} WARNING - Dependency <Task(BashOperator): delete_entry_group>, create_entry_group already registered for DAG: example_complex
[2025-07-13T11:01:22.954+0000] {logging_mixin.py:120} INFO - [2025-07-13T11:01:22.954+0000] {taskmixin.py:205} WARNING - Dependency <Task(BashOperator): create_entry_gcs>, delete_entry already registered for DAG: example_complex
[2025-07-13T11:01:22.955+0000] {logging_mixin.py:120} INFO - [2025-07-13T11:01:22.955+0000] {taskmixin.py:205} WARNING - Dependency <Task(BashOperator): delete_entry>, create_entry_gcs already registered for DAG: example_complex
[2025-07-13T11:01:22.956+0000] {logging_mixin.py:120} INFO - [2025-07-13T11:01:22.955+0000] {taskmixin.py:205} WARNING - Dependency <Task(BashOperator): create_tag>, delete_tag already registered for DAG: example_complex
[2025-07-13T11:01:22.956+0000] {logging_mixin.py:120} INFO - [2025-07-13T11:01:22.956+0000] {taskmixin.py:205} WARNING - Dependency <Task(BashOperator): delete_tag>, create_tag already registered for DAG: example_complex
[2025-07-13T11:01:22.969+0000] {processor.py:766} INFO - DAG(s) dict_keys(['example_complex']) retrieved from /home/airflow/.local/lib/python3.7/site-packages/airflow/example_dags/example_complex.py
[2025-07-13T11:01:23.032+0000] {logging_mixin.py:120} INFO - [2025-07-13T11:01:23.032+0000] {dag.py:2585} INFO - Sync 1 DAGs
[2025-07-13T11:01:23.066+0000] {logging_mixin.py:120} INFO - [2025-07-13T11:01:23.066+0000] {dag.py:3340} INFO - Setting next_dagrun for example_complex to None, run_after=None
[2025-07-13T11:01:23.097+0000] {processor.py:176} INFO - Processing /home/airflow/.local/lib/python3.7/site-packages/airflow/example_dags/example_complex.py took 0.167 seconds
[2025-07-13T11:01:53.136+0000] {processor.py:154} INFO - Started process (PID=7171) to work on /home/airflow/.local/lib/python3.7/site-packages/airflow/example_dags/example_complex.py
[2025-07-13T11:01:53.137+0000] {processor.py:756} INFO - Processing file /home/airflow/.local/lib/python3.7/site-packages/airflow/example_dags/example_complex.py for tasks to queue
[2025-07-13T11:01:53.138+0000] {logging_mixin.py:120} INFO - [2025-07-13T11:01:53.138+0000] {dagbag.py:537} INFO - Filling up the DagBag from /home/airflow/.local/lib/python3.7/site-packages/airflow/example_dags/example_complex.py
[2025-07-13T11:01:53.151+0000] {logging_mixin.py:120} INFO - [2025-07-13T11:01:53.150+0000] {taskmixin.py:205} WARNING - Dependency <Task(BashOperator): create_entry_group>, delete_entry_group already registered for DAG: example_complex
[2025-07-13T11:01:53.151+0000] {logging_mixin.py:120} INFO - [2025-07-13T11:01:53.151+0000] {taskmixin.py:205} WARNING - Dependency <Task(BashOperator): delete_entry_group>, create_entry_group already registered for DAG: example_complex
[2025-07-13T11:01:53.152+0000] {logging_mixin.py:120} INFO - [2025-07-13T11:01:53.152+0000] {taskmixin.py:205} WARNING - Dependency <Task(BashOperator): create_entry_gcs>, delete_entry already registered for DAG: example_complex
[2025-07-13T11:01:53.153+0000] {logging_mixin.py:120} INFO - [2025-07-13T11:01:53.153+0000] {taskmixin.py:205} WARNING - Dependency <Task(BashOperator): delete_entry>, create_entry_gcs already registered for DAG: example_complex
[2025-07-13T11:01:53.153+0000] {logging_mixin.py:120} INFO - [2025-07-13T11:01:53.153+0000] {taskmixin.py:205} WARNING - Dependency <Task(BashOperator): create_tag>, delete_tag already registered for DAG: example_complex
[2025-07-13T11:01:53.154+0000] {logging_mixin.py:120} INFO - [2025-07-13T11:01:53.154+0000] {taskmixin.py:205} WARNING - Dependency <Task(BashOperator): delete_tag>, create_tag already registered for DAG: example_complex
[2025-07-13T11:01:53.162+0000] {processor.py:766} INFO - DAG(s) dict_keys(['example_complex']) retrieved from /home/airflow/.local/lib/python3.7/site-packages/airflow/example_dags/example_complex.py
[2025-07-13T11:01:53.225+0000] {logging_mixin.py:120} INFO - [2025-07-13T11:01:53.225+0000] {dag.py:2585} INFO - Sync 1 DAGs
[2025-07-13T11:01:53.261+0000] {logging_mixin.py:120} INFO - [2025-07-13T11:01:53.261+0000] {dag.py:3340} INFO - Setting next_dagrun for example_complex to None, run_after=None
[2025-07-13T11:01:53.286+0000] {processor.py:176} INFO - Processing /home/airflow/.local/lib/python3.7/site-packages/airflow/example_dags/example_complex.py took 0.153 seconds
[2025-07-13T11:02:23.656+0000] {processor.py:154} INFO - Started process (PID=7225) to work on /home/airflow/.local/lib/python3.7/site-packages/airflow/example_dags/example_complex.py
[2025-07-13T11:02:23.657+0000] {processor.py:756} INFO - Processing file /home/airflow/.local/lib/python3.7/site-packages/airflow/example_dags/example_complex.py for tasks to queue
[2025-07-13T11:02:23.661+0000] {logging_mixin.py:120} INFO - [2025-07-13T11:02:23.661+0000] {dagbag.py:537} INFO - Filling up the DagBag from /home/airflow/.local/lib/python3.7/site-packages/airflow/example_dags/example_complex.py
[2025-07-13T11:02:23.680+0000] {logging_mixin.py:120} INFO - [2025-07-13T11:02:23.680+0000] {taskmixin.py:205} WARNING - Dependency <Task(BashOperator): create_entry_group>, delete_entry_group already registered for DAG: example_complex
[2025-07-13T11:02:23.681+0000] {logging_mixin.py:120} INFO - [2025-07-13T11:02:23.680+0000] {taskmixin.py:205} WARNING - Dependency <Task(BashOperator): delete_entry_group>, create_entry_group already registered for DAG: example_complex
[2025-07-13T11:02:23.681+0000] {logging_mixin.py:120} INFO - [2025-07-13T11:02:23.681+0000] {taskmixin.py:205} WARNING - Dependency <Task(BashOperator): create_entry_gcs>, delete_entry already registered for DAG: example_complex
[2025-07-13T11:02:23.682+0000] {logging_mixin.py:120} INFO - [2025-07-13T11:02:23.682+0000] {taskmixin.py:205} WARNING - Dependency <Task(BashOperator): delete_entry>, create_entry_gcs already registered for DAG: example_complex
[2025-07-13T11:02:23.683+0000] {logging_mixin.py:120} INFO - [2025-07-13T11:02:23.683+0000] {taskmixin.py:205} WARNING - Dependency <Task(BashOperator): create_tag>, delete_tag already registered for DAG: example_complex
[2025-07-13T11:02:23.684+0000] {logging_mixin.py:120} INFO - [2025-07-13T11:02:23.684+0000] {taskmixin.py:205} WARNING - Dependency <Task(BashOperator): delete_tag>, create_tag already registered for DAG: example_complex
[2025-07-13T11:02:23.695+0000] {processor.py:766} INFO - DAG(s) dict_keys(['example_complex']) retrieved from /home/airflow/.local/lib/python3.7/site-packages/airflow/example_dags/example_complex.py
[2025-07-13T11:02:23.762+0000] {logging_mixin.py:120} INFO - [2025-07-13T11:02:23.761+0000] {dag.py:2585} INFO - Sync 1 DAGs
[2025-07-13T11:02:23.806+0000] {logging_mixin.py:120} INFO - [2025-07-13T11:02:23.806+0000] {dag.py:3340} INFO - Setting next_dagrun for example_complex to None, run_after=None
[2025-07-13T11:02:23.852+0000] {processor.py:176} INFO - Processing /home/airflow/.local/lib/python3.7/site-packages/airflow/example_dags/example_complex.py took 0.201 seconds
[2025-07-13T11:02:53.901+0000] {processor.py:154} INFO - Started process (PID=7289) to work on /home/airflow/.local/lib/python3.7/site-packages/airflow/example_dags/example_complex.py
[2025-07-13T11:02:53.903+0000] {processor.py:756} INFO - Processing file /home/airflow/.local/lib/python3.7/site-packages/airflow/example_dags/example_complex.py for tasks to queue
[2025-07-13T11:02:53.905+0000] {logging_mixin.py:120} INFO - [2025-07-13T11:02:53.905+0000] {dagbag.py:537} INFO - Filling up the DagBag from /home/airflow/.local/lib/python3.7/site-packages/airflow/example_dags/example_complex.py
[2025-07-13T11:02:53.926+0000] {logging_mixin.py:120} INFO - [2025-07-13T11:02:53.925+0000] {taskmixin.py:205} WARNING - Dependency <Task(BashOperator): create_entry_group>, delete_entry_group already registered for DAG: example_complex
[2025-07-13T11:02:53.926+0000] {logging_mixin.py:120} INFO - [2025-07-13T11:02:53.926+0000] {taskmixin.py:205} WARNING - Dependency <Task(BashOperator): delete_entry_group>, create_entry_group already registered for DAG: example_complex
[2025-07-13T11:02:53.927+0000] {logging_mixin.py:120} INFO - [2025-07-13T11:02:53.927+0000] {taskmixin.py:205} WARNING - Dependency <Task(BashOperator): create_entry_gcs>, delete_entry already registered for DAG: example_complex
[2025-07-13T11:02:53.928+0000] {logging_mixin.py:120} INFO - [2025-07-13T11:02:53.928+0000] {taskmixin.py:205} WARNING - Dependency <Task(BashOperator): delete_entry>, create_entry_gcs already registered for DAG: example_complex
[2025-07-13T11:02:53.929+0000] {logging_mixin.py:120} INFO - [2025-07-13T11:02:53.929+0000] {taskmixin.py:205} WARNING - Dependency <Task(BashOperator): create_tag>, delete_tag already registered for DAG: example_complex
[2025-07-13T11:02:53.930+0000] {logging_mixin.py:120} INFO - [2025-07-13T11:02:53.929+0000] {taskmixin.py:205} WARNING - Dependency <Task(BashOperator): delete_tag>, create_tag already registered for DAG: example_complex
[2025-07-13T11:02:53.941+0000] {processor.py:766} INFO - DAG(s) dict_keys(['example_complex']) retrieved from /home/airflow/.local/lib/python3.7/site-packages/airflow/example_dags/example_complex.py
[2025-07-13T11:02:54.008+0000] {logging_mixin.py:120} INFO - [2025-07-13T11:02:54.008+0000] {dag.py:2585} INFO - Sync 1 DAGs
[2025-07-13T11:02:54.042+0000] {logging_mixin.py:120} INFO - [2025-07-13T11:02:54.042+0000] {dag.py:3340} INFO - Setting next_dagrun for example_complex to None, run_after=None
[2025-07-13T11:02:54.069+0000] {processor.py:176} INFO - Processing /home/airflow/.local/lib/python3.7/site-packages/airflow/example_dags/example_complex.py took 0.175 seconds
[2025-07-13T11:03:24.278+0000] {processor.py:154} INFO - Started process (PID=7351) to work on /home/airflow/.local/lib/python3.7/site-packages/airflow/example_dags/example_complex.py
[2025-07-13T11:03:24.280+0000] {processor.py:756} INFO - Processing file /home/airflow/.local/lib/python3.7/site-packages/airflow/example_dags/example_complex.py for tasks to queue
[2025-07-13T11:03:24.281+0000] {logging_mixin.py:120} INFO - [2025-07-13T11:03:24.280+0000] {dagbag.py:537} INFO - Filling up the DagBag from /home/airflow/.local/lib/python3.7/site-packages/airflow/example_dags/example_complex.py
[2025-07-13T11:03:24.293+0000] {logging_mixin.py:120} INFO - [2025-07-13T11:03:24.293+0000] {taskmixin.py:205} WARNING - Dependency <Task(BashOperator): create_entry_group>, delete_entry_group already registered for DAG: example_complex
[2025-07-13T11:03:24.294+0000] {logging_mixin.py:120} INFO - [2025-07-13T11:03:24.294+0000] {taskmixin.py:205} WARNING - Dependency <Task(BashOperator): delete_entry_group>, create_entry_group already registered for DAG: example_complex
[2025-07-13T11:03:24.294+0000] {logging_mixin.py:120} INFO - [2025-07-13T11:03:24.294+0000] {taskmixin.py:205} WARNING - Dependency <Task(BashOperator): create_entry_gcs>, delete_entry already registered for DAG: example_complex
[2025-07-13T11:03:24.295+0000] {logging_mixin.py:120} INFO - [2025-07-13T11:03:24.295+0000] {taskmixin.py:205} WARNING - Dependency <Task(BashOperator): delete_entry>, create_entry_gcs already registered for DAG: example_complex
[2025-07-13T11:03:24.296+0000] {logging_mixin.py:120} INFO - [2025-07-13T11:03:24.296+0000] {taskmixin.py:205} WARNING - Dependency <Task(BashOperator): create_tag>, delete_tag already registered for DAG: example_complex
[2025-07-13T11:03:24.296+0000] {logging_mixin.py:120} INFO - [2025-07-13T11:03:24.296+0000] {taskmixin.py:205} WARNING - Dependency <Task(BashOperator): delete_tag>, create_tag already registered for DAG: example_complex
[2025-07-13T11:03:24.308+0000] {processor.py:766} INFO - DAG(s) dict_keys(['example_complex']) retrieved from /home/airflow/.local/lib/python3.7/site-packages/airflow/example_dags/example_complex.py
[2025-07-13T11:03:24.368+0000] {logging_mixin.py:120} INFO - [2025-07-13T11:03:24.368+0000] {dag.py:2585} INFO - Sync 1 DAGs
[2025-07-13T11:03:24.398+0000] {logging_mixin.py:120} INFO - [2025-07-13T11:03:24.398+0000] {dag.py:3340} INFO - Setting next_dagrun for example_complex to None, run_after=None
[2025-07-13T11:03:24.426+0000] {processor.py:176} INFO - Processing /home/airflow/.local/lib/python3.7/site-packages/airflow/example_dags/example_complex.py took 0.152 seconds
[2025-07-13T11:03:54.618+0000] {processor.py:154} INFO - Started process (PID=7405) to work on /home/airflow/.local/lib/python3.7/site-packages/airflow/example_dags/example_complex.py
[2025-07-13T11:03:54.620+0000] {processor.py:756} INFO - Processing file /home/airflow/.local/lib/python3.7/site-packages/airflow/example_dags/example_complex.py for tasks to queue
[2025-07-13T11:03:54.621+0000] {logging_mixin.py:120} INFO - [2025-07-13T11:03:54.621+0000] {dagbag.py:537} INFO - Filling up the DagBag from /home/airflow/.local/lib/python3.7/site-packages/airflow/example_dags/example_complex.py
[2025-07-13T11:03:54.677+0000] {logging_mixin.py:120} INFO - [2025-07-13T11:03:54.677+0000] {taskmixin.py:205} WARNING - Dependency <Task(BashOperator): create_entry_group>, delete_entry_group already registered for DAG: example_complex
[2025-07-13T11:03:54.680+0000] {logging_mixin.py:120} INFO - [2025-07-13T11:03:54.679+0000] {taskmixin.py:205} WARNING - Dependency <Task(BashOperator): delete_entry_group>, create_entry_group already registered for DAG: example_complex
[2025-07-13T11:03:54.690+0000] {logging_mixin.py:120} INFO - [2025-07-13T11:03:54.689+0000] {taskmixin.py:205} WARNING - Dependency <Task(BashOperator): create_entry_gcs>, delete_entry already registered for DAG: example_complex
[2025-07-13T11:03:54.690+0000] {logging_mixin.py:120} INFO - [2025-07-13T11:03:54.690+0000] {taskmixin.py:205} WARNING - Dependency <Task(BashOperator): delete_entry>, create_entry_gcs already registered for DAG: example_complex
[2025-07-13T11:03:54.691+0000] {logging_mixin.py:120} INFO - [2025-07-13T11:03:54.691+0000] {taskmixin.py:205} WARNING - Dependency <Task(BashOperator): create_tag>, delete_tag already registered for DAG: example_complex
[2025-07-13T11:03:54.693+0000] {logging_mixin.py:120} INFO - [2025-07-13T11:03:54.693+0000] {taskmixin.py:205} WARNING - Dependency <Task(BashOperator): delete_tag>, create_tag already registered for DAG: example_complex
[2025-07-13T11:03:54.720+0000] {processor.py:766} INFO - DAG(s) dict_keys(['example_complex']) retrieved from /home/airflow/.local/lib/python3.7/site-packages/airflow/example_dags/example_complex.py
[2025-07-13T11:03:54.877+0000] {logging_mixin.py:120} INFO - [2025-07-13T11:03:54.877+0000] {dag.py:2585} INFO - Sync 1 DAGs
[2025-07-13T11:03:54.912+0000] {logging_mixin.py:120} INFO - [2025-07-13T11:03:54.912+0000] {dag.py:3340} INFO - Setting next_dagrun for example_complex to None, run_after=None
[2025-07-13T11:03:54.942+0000] {processor.py:176} INFO - Processing /home/airflow/.local/lib/python3.7/site-packages/airflow/example_dags/example_complex.py took 0.329 seconds
[2025-07-13T11:04:25.093+0000] {processor.py:154} INFO - Started process (PID=7468) to work on /home/airflow/.local/lib/python3.7/site-packages/airflow/example_dags/example_complex.py
[2025-07-13T11:04:25.095+0000] {processor.py:756} INFO - Processing file /home/airflow/.local/lib/python3.7/site-packages/airflow/example_dags/example_complex.py for tasks to queue
[2025-07-13T11:04:25.096+0000] {logging_mixin.py:120} INFO - [2025-07-13T11:04:25.096+0000] {dagbag.py:537} INFO - Filling up the DagBag from /home/airflow/.local/lib/python3.7/site-packages/airflow/example_dags/example_complex.py
[2025-07-13T11:04:25.122+0000] {logging_mixin.py:120} INFO - [2025-07-13T11:04:25.121+0000] {taskmixin.py:205} WARNING - Dependency <Task(BashOperator): create_entry_group>, delete_entry_group already registered for DAG: example_complex
[2025-07-13T11:04:25.123+0000] {logging_mixin.py:120} INFO - [2025-07-13T11:04:25.123+0000] {taskmixin.py:205} WARNING - Dependency <Task(BashOperator): delete_entry_group>, create_entry_group already registered for DAG: example_complex
[2025-07-13T11:04:25.125+0000] {logging_mixin.py:120} INFO - [2025-07-13T11:04:25.124+0000] {taskmixin.py:205} WARNING - Dependency <Task(BashOperator): create_entry_gcs>, delete_entry already registered for DAG: example_complex
[2025-07-13T11:04:25.126+0000] {logging_mixin.py:120} INFO - [2025-07-13T11:04:25.125+0000] {taskmixin.py:205} WARNING - Dependency <Task(BashOperator): delete_entry>, create_entry_gcs already registered for DAG: example_complex
[2025-07-13T11:04:25.127+0000] {logging_mixin.py:120} INFO - [2025-07-13T11:04:25.127+0000] {taskmixin.py:205} WARNING - Dependency <Task(BashOperator): create_tag>, delete_tag already registered for DAG: example_complex
[2025-07-13T11:04:25.128+0000] {logging_mixin.py:120} INFO - [2025-07-13T11:04:25.128+0000] {taskmixin.py:205} WARNING - Dependency <Task(BashOperator): delete_tag>, create_tag already registered for DAG: example_complex
[2025-07-13T11:04:25.143+0000] {processor.py:766} INFO - DAG(s) dict_keys(['example_complex']) retrieved from /home/airflow/.local/lib/python3.7/site-packages/airflow/example_dags/example_complex.py
[2025-07-13T11:04:25.227+0000] {logging_mixin.py:120} INFO - [2025-07-13T11:04:25.227+0000] {dag.py:2585} INFO - Sync 1 DAGs
[2025-07-13T11:04:25.268+0000] {logging_mixin.py:120} INFO - [2025-07-13T11:04:25.267+0000] {dag.py:3340} INFO - Setting next_dagrun for example_complex to None, run_after=None
[2025-07-13T11:04:25.307+0000] {processor.py:176} INFO - Processing /home/airflow/.local/lib/python3.7/site-packages/airflow/example_dags/example_complex.py took 0.222 seconds
[2025-07-13T11:04:55.575+0000] {processor.py:154} INFO - Started process (PID=7532) to work on /home/airflow/.local/lib/python3.7/site-packages/airflow/example_dags/example_complex.py
[2025-07-13T11:04:55.578+0000] {processor.py:756} INFO - Processing file /home/airflow/.local/lib/python3.7/site-packages/airflow/example_dags/example_complex.py for tasks to queue
[2025-07-13T11:04:55.579+0000] {logging_mixin.py:120} INFO - [2025-07-13T11:04:55.579+0000] {dagbag.py:537} INFO - Filling up the DagBag from /home/airflow/.local/lib/python3.7/site-packages/airflow/example_dags/example_complex.py
[2025-07-13T11:04:55.614+0000] {logging_mixin.py:120} INFO - [2025-07-13T11:04:55.614+0000] {taskmixin.py:205} WARNING - Dependency <Task(BashOperator): create_entry_group>, delete_entry_group already registered for DAG: example_complex
[2025-07-13T11:04:55.620+0000] {logging_mixin.py:120} INFO - [2025-07-13T11:04:55.615+0000] {taskmixin.py:205} WARNING - Dependency <Task(BashOperator): delete_entry_group>, create_entry_group already registered for DAG: example_complex
[2025-07-13T11:04:55.620+0000] {logging_mixin.py:120} INFO - [2025-07-13T11:04:55.620+0000] {taskmixin.py:205} WARNING - Dependency <Task(BashOperator): create_entry_gcs>, delete_entry already registered for DAG: example_complex
[2025-07-13T11:04:55.621+0000] {logging_mixin.py:120} INFO - [2025-07-13T11:04:55.621+0000] {taskmixin.py:205} WARNING - Dependency <Task(BashOperator): delete_entry>, create_entry_gcs already registered for DAG: example_complex
[2025-07-13T11:04:55.622+0000] {logging_mixin.py:120} INFO - [2025-07-13T11:04:55.622+0000] {taskmixin.py:205} WARNING - Dependency <Task(BashOperator): create_tag>, delete_tag already registered for DAG: example_complex
[2025-07-13T11:04:55.623+0000] {logging_mixin.py:120} INFO - [2025-07-13T11:04:55.622+0000] {taskmixin.py:205} WARNING - Dependency <Task(BashOperator): delete_tag>, create_tag already registered for DAG: example_complex
[2025-07-13T11:04:55.638+0000] {processor.py:766} INFO - DAG(s) dict_keys(['example_complex']) retrieved from /home/airflow/.local/lib/python3.7/site-packages/airflow/example_dags/example_complex.py
[2025-07-13T11:04:55.703+0000] {logging_mixin.py:120} INFO - [2025-07-13T11:04:55.703+0000] {dag.py:2585} INFO - Sync 1 DAGs
[2025-07-13T11:04:55.747+0000] {logging_mixin.py:120} INFO - [2025-07-13T11:04:55.746+0000] {dag.py:3340} INFO - Setting next_dagrun for example_complex to None, run_after=None
[2025-07-13T11:04:55.781+0000] {processor.py:176} INFO - Processing /home/airflow/.local/lib/python3.7/site-packages/airflow/example_dags/example_complex.py took 0.211 seconds
[2025-07-13T11:05:26.458+0000] {processor.py:154} INFO - Started process (PID=7586) to work on /home/airflow/.local/lib/python3.7/site-packages/airflow/example_dags/example_complex.py
[2025-07-13T11:05:26.460+0000] {processor.py:756} INFO - Processing file /home/airflow/.local/lib/python3.7/site-packages/airflow/example_dags/example_complex.py for tasks to queue
[2025-07-13T11:05:26.461+0000] {logging_mixin.py:120} INFO - [2025-07-13T11:05:26.461+0000] {dagbag.py:537} INFO - Filling up the DagBag from /home/airflow/.local/lib/python3.7/site-packages/airflow/example_dags/example_complex.py
[2025-07-13T11:05:26.478+0000] {logging_mixin.py:120} INFO - [2025-07-13T11:05:26.477+0000] {taskmixin.py:205} WARNING - Dependency <Task(BashOperator): create_entry_group>, delete_entry_group already registered for DAG: example_complex
[2025-07-13T11:05:26.479+0000] {logging_mixin.py:120} INFO - [2025-07-13T11:05:26.478+0000] {taskmixin.py:205} WARNING - Dependency <Task(BashOperator): delete_entry_group>, create_entry_group already registered for DAG: example_complex
[2025-07-13T11:05:26.479+0000] {logging_mixin.py:120} INFO - [2025-07-13T11:05:26.479+0000] {taskmixin.py:205} WARNING - Dependency <Task(BashOperator): create_entry_gcs>, delete_entry already registered for DAG: example_complex
[2025-07-13T11:05:26.480+0000] {logging_mixin.py:120} INFO - [2025-07-13T11:05:26.480+0000] {taskmixin.py:205} WARNING - Dependency <Task(BashOperator): delete_entry>, create_entry_gcs already registered for DAG: example_complex
[2025-07-13T11:05:26.481+0000] {logging_mixin.py:120} INFO - [2025-07-13T11:05:26.480+0000] {taskmixin.py:205} WARNING - Dependency <Task(BashOperator): create_tag>, delete_tag already registered for DAG: example_complex
[2025-07-13T11:05:26.481+0000] {logging_mixin.py:120} INFO - [2025-07-13T11:05:26.481+0000] {taskmixin.py:205} WARNING - Dependency <Task(BashOperator): delete_tag>, create_tag already registered for DAG: example_complex
[2025-07-13T11:05:26.490+0000] {processor.py:766} INFO - DAG(s) dict_keys(['example_complex']) retrieved from /home/airflow/.local/lib/python3.7/site-packages/airflow/example_dags/example_complex.py
[2025-07-13T11:05:26.548+0000] {logging_mixin.py:120} INFO - [2025-07-13T11:05:26.548+0000] {dag.py:2585} INFO - Sync 1 DAGs
[2025-07-13T11:05:26.576+0000] {logging_mixin.py:120} INFO - [2025-07-13T11:05:26.576+0000] {dag.py:3340} INFO - Setting next_dagrun for example_complex to None, run_after=None
[2025-07-13T11:05:26.602+0000] {processor.py:176} INFO - Processing /home/airflow/.local/lib/python3.7/site-packages/airflow/example_dags/example_complex.py took 0.151 seconds
[2025-07-13T11:05:56.809+0000] {processor.py:154} INFO - Started process (PID=7649) to work on /home/airflow/.local/lib/python3.7/site-packages/airflow/example_dags/example_complex.py
[2025-07-13T11:05:56.811+0000] {processor.py:756} INFO - Processing file /home/airflow/.local/lib/python3.7/site-packages/airflow/example_dags/example_complex.py for tasks to queue
[2025-07-13T11:05:56.812+0000] {logging_mixin.py:120} INFO - [2025-07-13T11:05:56.812+0000] {dagbag.py:537} INFO - Filling up the DagBag from /home/airflow/.local/lib/python3.7/site-packages/airflow/example_dags/example_complex.py
[2025-07-13T11:05:56.831+0000] {logging_mixin.py:120} INFO - [2025-07-13T11:05:56.831+0000] {taskmixin.py:205} WARNING - Dependency <Task(BashOperator): create_entry_group>, delete_entry_group already registered for DAG: example_complex
[2025-07-13T11:05:56.832+0000] {logging_mixin.py:120} INFO - [2025-07-13T11:05:56.832+0000] {taskmixin.py:205} WARNING - Dependency <Task(BashOperator): delete_entry_group>, create_entry_group already registered for DAG: example_complex
[2025-07-13T11:05:56.832+0000] {logging_mixin.py:120} INFO - [2025-07-13T11:05:56.832+0000] {taskmixin.py:205} WARNING - Dependency <Task(BashOperator): create_entry_gcs>, delete_entry already registered for DAG: example_complex
[2025-07-13T11:05:56.833+0000] {logging_mixin.py:120} INFO - [2025-07-13T11:05:56.833+0000] {taskmixin.py:205} WARNING - Dependency <Task(BashOperator): delete_entry>, create_entry_gcs already registered for DAG: example_complex
[2025-07-13T11:05:56.834+0000] {logging_mixin.py:120} INFO - [2025-07-13T11:05:56.834+0000] {taskmixin.py:205} WARNING - Dependency <Task(BashOperator): create_tag>, delete_tag already registered for DAG: example_complex
[2025-07-13T11:05:56.835+0000] {logging_mixin.py:120} INFO - [2025-07-13T11:05:56.835+0000] {taskmixin.py:205} WARNING - Dependency <Task(BashOperator): delete_tag>, create_tag already registered for DAG: example_complex
[2025-07-13T11:05:56.843+0000] {processor.py:766} INFO - DAG(s) dict_keys(['example_complex']) retrieved from /home/airflow/.local/lib/python3.7/site-packages/airflow/example_dags/example_complex.py
[2025-07-13T11:05:56.899+0000] {logging_mixin.py:120} INFO - [2025-07-13T11:05:56.899+0000] {dag.py:2585} INFO - Sync 1 DAGs
[2025-07-13T11:05:56.960+0000] {logging_mixin.py:120} INFO - [2025-07-13T11:05:56.960+0000] {dag.py:3340} INFO - Setting next_dagrun for example_complex to None, run_after=None
[2025-07-13T11:05:56.995+0000] {processor.py:176} INFO - Processing /home/airflow/.local/lib/python3.7/site-packages/airflow/example_dags/example_complex.py took 0.190 seconds
[2025-07-13T11:06:27.377+0000] {processor.py:154} INFO - Started process (PID=7703) to work on /home/airflow/.local/lib/python3.7/site-packages/airflow/example_dags/example_complex.py
[2025-07-13T11:06:27.379+0000] {processor.py:756} INFO - Processing file /home/airflow/.local/lib/python3.7/site-packages/airflow/example_dags/example_complex.py for tasks to queue
[2025-07-13T11:06:27.380+0000] {logging_mixin.py:120} INFO - [2025-07-13T11:06:27.380+0000] {dagbag.py:537} INFO - Filling up the DagBag from /home/airflow/.local/lib/python3.7/site-packages/airflow/example_dags/example_complex.py
[2025-07-13T11:06:27.395+0000] {logging_mixin.py:120} INFO - [2025-07-13T11:06:27.394+0000] {taskmixin.py:205} WARNING - Dependency <Task(BashOperator): create_entry_group>, delete_entry_group already registered for DAG: example_complex
[2025-07-13T11:06:27.395+0000] {logging_mixin.py:120} INFO - [2025-07-13T11:06:27.395+0000] {taskmixin.py:205} WARNING - Dependency <Task(BashOperator): delete_entry_group>, create_entry_group already registered for DAG: example_complex
[2025-07-13T11:06:27.396+0000] {logging_mixin.py:120} INFO - [2025-07-13T11:06:27.396+0000] {taskmixin.py:205} WARNING - Dependency <Task(BashOperator): create_entry_gcs>, delete_entry already registered for DAG: example_complex
[2025-07-13T11:06:27.396+0000] {logging_mixin.py:120} INFO - [2025-07-13T11:06:27.396+0000] {taskmixin.py:205} WARNING - Dependency <Task(BashOperator): delete_entry>, create_entry_gcs already registered for DAG: example_complex
[2025-07-13T11:06:27.398+0000] {logging_mixin.py:120} INFO - [2025-07-13T11:06:27.397+0000] {taskmixin.py:205} WARNING - Dependency <Task(BashOperator): create_tag>, delete_tag already registered for DAG: example_complex
[2025-07-13T11:06:27.399+0000] {logging_mixin.py:120} INFO - [2025-07-13T11:06:27.399+0000] {taskmixin.py:205} WARNING - Dependency <Task(BashOperator): delete_tag>, create_tag already registered for DAG: example_complex
[2025-07-13T11:06:27.411+0000] {processor.py:766} INFO - DAG(s) dict_keys(['example_complex']) retrieved from /home/airflow/.local/lib/python3.7/site-packages/airflow/example_dags/example_complex.py
[2025-07-13T11:06:27.546+0000] {logging_mixin.py:120} INFO - [2025-07-13T11:06:27.546+0000] {dag.py:2585} INFO - Sync 1 DAGs
[2025-07-13T11:06:27.592+0000] {logging_mixin.py:120} INFO - [2025-07-13T11:06:27.592+0000] {dag.py:3340} INFO - Setting next_dagrun for example_complex to None, run_after=None
[2025-07-13T11:06:27.634+0000] {processor.py:176} INFO - Processing /home/airflow/.local/lib/python3.7/site-packages/airflow/example_dags/example_complex.py took 0.263 seconds
[2025-07-13T11:06:57.815+0000] {processor.py:154} INFO - Started process (PID=7766) to work on /home/airflow/.local/lib/python3.7/site-packages/airflow/example_dags/example_complex.py
[2025-07-13T11:06:57.817+0000] {processor.py:756} INFO - Processing file /home/airflow/.local/lib/python3.7/site-packages/airflow/example_dags/example_complex.py for tasks to queue
[2025-07-13T11:06:57.818+0000] {logging_mixin.py:120} INFO - [2025-07-13T11:06:57.818+0000] {dagbag.py:537} INFO - Filling up the DagBag from /home/airflow/.local/lib/python3.7/site-packages/airflow/example_dags/example_complex.py
[2025-07-13T11:06:57.832+0000] {logging_mixin.py:120} INFO - [2025-07-13T11:06:57.832+0000] {taskmixin.py:205} WARNING - Dependency <Task(BashOperator): create_entry_group>, delete_entry_group already registered for DAG: example_complex
[2025-07-13T11:06:57.833+0000] {logging_mixin.py:120} INFO - [2025-07-13T11:06:57.833+0000] {taskmixin.py:205} WARNING - Dependency <Task(BashOperator): delete_entry_group>, create_entry_group already registered for DAG: example_complex
[2025-07-13T11:06:57.834+0000] {logging_mixin.py:120} INFO - [2025-07-13T11:06:57.834+0000] {taskmixin.py:205} WARNING - Dependency <Task(BashOperator): create_entry_gcs>, delete_entry already registered for DAG: example_complex
[2025-07-13T11:06:57.835+0000] {logging_mixin.py:120} INFO - [2025-07-13T11:06:57.834+0000] {taskmixin.py:205} WARNING - Dependency <Task(BashOperator): delete_entry>, create_entry_gcs already registered for DAG: example_complex
[2025-07-13T11:06:57.838+0000] {logging_mixin.py:120} INFO - [2025-07-13T11:06:57.838+0000] {taskmixin.py:205} WARNING - Dependency <Task(BashOperator): create_tag>, delete_tag already registered for DAG: example_complex
[2025-07-13T11:06:57.839+0000] {logging_mixin.py:120} INFO - [2025-07-13T11:06:57.839+0000] {taskmixin.py:205} WARNING - Dependency <Task(BashOperator): delete_tag>, create_tag already registered for DAG: example_complex
[2025-07-13T11:06:57.850+0000] {processor.py:766} INFO - DAG(s) dict_keys(['example_complex']) retrieved from /home/airflow/.local/lib/python3.7/site-packages/airflow/example_dags/example_complex.py
[2025-07-13T11:06:57.905+0000] {logging_mixin.py:120} INFO - [2025-07-13T11:06:57.905+0000] {dag.py:2585} INFO - Sync 1 DAGs
[2025-07-13T11:06:57.934+0000] {logging_mixin.py:120} INFO - [2025-07-13T11:06:57.934+0000] {dag.py:3340} INFO - Setting next_dagrun for example_complex to None, run_after=None
[2025-07-13T11:06:57.960+0000] {processor.py:176} INFO - Processing /home/airflow/.local/lib/python3.7/site-packages/airflow/example_dags/example_complex.py took 0.150 seconds
[2025-07-13T11:07:28.231+0000] {processor.py:154} INFO - Started process (PID=7820) to work on /home/airflow/.local/lib/python3.7/site-packages/airflow/example_dags/example_complex.py
[2025-07-13T11:07:28.234+0000] {processor.py:756} INFO - Processing file /home/airflow/.local/lib/python3.7/site-packages/airflow/example_dags/example_complex.py for tasks to queue
[2025-07-13T11:07:28.236+0000] {logging_mixin.py:120} INFO - [2025-07-13T11:07:28.236+0000] {dagbag.py:537} INFO - Filling up the DagBag from /home/airflow/.local/lib/python3.7/site-packages/airflow/example_dags/example_complex.py
[2025-07-13T11:07:28.255+0000] {logging_mixin.py:120} INFO - [2025-07-13T11:07:28.255+0000] {taskmixin.py:205} WARNING - Dependency <Task(BashOperator): create_entry_group>, delete_entry_group already registered for DAG: example_complex
[2025-07-13T11:07:28.256+0000] {logging_mixin.py:120} INFO - [2025-07-13T11:07:28.256+0000] {taskmixin.py:205} WARNING - Dependency <Task(BashOperator): delete_entry_group>, create_entry_group already registered for DAG: example_complex
[2025-07-13T11:07:28.256+0000] {logging_mixin.py:120} INFO - [2025-07-13T11:07:28.256+0000] {taskmixin.py:205} WARNING - Dependency <Task(BashOperator): create_entry_gcs>, delete_entry already registered for DAG: example_complex
[2025-07-13T11:07:28.257+0000] {logging_mixin.py:120} INFO - [2025-07-13T11:07:28.257+0000] {taskmixin.py:205} WARNING - Dependency <Task(BashOperator): delete_entry>, create_entry_gcs already registered for DAG: example_complex
[2025-07-13T11:07:28.257+0000] {logging_mixin.py:120} INFO - [2025-07-13T11:07:28.257+0000] {taskmixin.py:205} WARNING - Dependency <Task(BashOperator): create_tag>, delete_tag already registered for DAG: example_complex
[2025-07-13T11:07:28.258+0000] {logging_mixin.py:120} INFO - [2025-07-13T11:07:28.258+0000] {taskmixin.py:205} WARNING - Dependency <Task(BashOperator): delete_tag>, create_tag already registered for DAG: example_complex
[2025-07-13T11:07:28.269+0000] {processor.py:766} INFO - DAG(s) dict_keys(['example_complex']) retrieved from /home/airflow/.local/lib/python3.7/site-packages/airflow/example_dags/example_complex.py
[2025-07-13T11:07:28.361+0000] {logging_mixin.py:120} INFO - [2025-07-13T11:07:28.361+0000] {dag.py:2585} INFO - Sync 1 DAGs
[2025-07-13T11:07:28.421+0000] {logging_mixin.py:120} INFO - [2025-07-13T11:07:28.420+0000] {dag.py:3340} INFO - Setting next_dagrun for example_complex to None, run_after=None
[2025-07-13T11:07:28.456+0000] {processor.py:176} INFO - Processing /home/airflow/.local/lib/python3.7/site-packages/airflow/example_dags/example_complex.py took 0.236 seconds
[2025-07-13T11:07:58.578+0000] {processor.py:154} INFO - Started process (PID=7883) to work on /home/airflow/.local/lib/python3.7/site-packages/airflow/example_dags/example_complex.py
[2025-07-13T11:07:58.579+0000] {processor.py:756} INFO - Processing file /home/airflow/.local/lib/python3.7/site-packages/airflow/example_dags/example_complex.py for tasks to queue
[2025-07-13T11:07:58.580+0000] {logging_mixin.py:120} INFO - [2025-07-13T11:07:58.580+0000] {dagbag.py:537} INFO - Filling up the DagBag from /home/airflow/.local/lib/python3.7/site-packages/airflow/example_dags/example_complex.py
[2025-07-13T11:07:58.599+0000] {logging_mixin.py:120} INFO - [2025-07-13T11:07:58.599+0000] {taskmixin.py:205} WARNING - Dependency <Task(BashOperator): create_entry_group>, delete_entry_group already registered for DAG: example_complex
[2025-07-13T11:07:58.600+0000] {logging_mixin.py:120} INFO - [2025-07-13T11:07:58.600+0000] {taskmixin.py:205} WARNING - Dependency <Task(BashOperator): delete_entry_group>, create_entry_group already registered for DAG: example_complex
[2025-07-13T11:07:58.601+0000] {logging_mixin.py:120} INFO - [2025-07-13T11:07:58.600+0000] {taskmixin.py:205} WARNING - Dependency <Task(BashOperator): create_entry_gcs>, delete_entry already registered for DAG: example_complex
[2025-07-13T11:07:58.601+0000] {logging_mixin.py:120} INFO - [2025-07-13T11:07:58.601+0000] {taskmixin.py:205} WARNING - Dependency <Task(BashOperator): delete_entry>, create_entry_gcs already registered for DAG: example_complex
[2025-07-13T11:07:58.602+0000] {logging_mixin.py:120} INFO - [2025-07-13T11:07:58.602+0000] {taskmixin.py:205} WARNING - Dependency <Task(BashOperator): create_tag>, delete_tag already registered for DAG: example_complex
[2025-07-13T11:07:58.602+0000] {logging_mixin.py:120} INFO - [2025-07-13T11:07:58.602+0000] {taskmixin.py:205} WARNING - Dependency <Task(BashOperator): delete_tag>, create_tag already registered for DAG: example_complex
[2025-07-13T11:07:58.618+0000] {processor.py:766} INFO - DAG(s) dict_keys(['example_complex']) retrieved from /home/airflow/.local/lib/python3.7/site-packages/airflow/example_dags/example_complex.py
[2025-07-13T11:07:58.696+0000] {logging_mixin.py:120} INFO - [2025-07-13T11:07:58.695+0000] {dag.py:2585} INFO - Sync 1 DAGs
[2025-07-13T11:07:58.726+0000] {logging_mixin.py:120} INFO - [2025-07-13T11:07:58.725+0000] {dag.py:3340} INFO - Setting next_dagrun for example_complex to None, run_after=None
[2025-07-13T11:07:58.754+0000] {processor.py:176} INFO - Processing /home/airflow/.local/lib/python3.7/site-packages/airflow/example_dags/example_complex.py took 0.180 seconds
[2025-07-13T11:08:28.958+0000] {processor.py:154} INFO - Started process (PID=7947) to work on /home/airflow/.local/lib/python3.7/site-packages/airflow/example_dags/example_complex.py
[2025-07-13T11:08:28.959+0000] {processor.py:756} INFO - Processing file /home/airflow/.local/lib/python3.7/site-packages/airflow/example_dags/example_complex.py for tasks to queue
[2025-07-13T11:08:28.961+0000] {logging_mixin.py:120} INFO - [2025-07-13T11:08:28.960+0000] {dagbag.py:537} INFO - Filling up the DagBag from /home/airflow/.local/lib/python3.7/site-packages/airflow/example_dags/example_complex.py
[2025-07-13T11:08:29.000+0000] {logging_mixin.py:120} INFO - [2025-07-13T11:08:29.000+0000] {taskmixin.py:205} WARNING - Dependency <Task(BashOperator): create_entry_group>, delete_entry_group already registered for DAG: example_complex
[2025-07-13T11:08:29.001+0000] {logging_mixin.py:120} INFO - [2025-07-13T11:08:29.001+0000] {taskmixin.py:205} WARNING - Dependency <Task(BashOperator): delete_entry_group>, create_entry_group already registered for DAG: example_complex
[2025-07-13T11:08:29.002+0000] {logging_mixin.py:120} INFO - [2025-07-13T11:08:29.002+0000] {taskmixin.py:205} WARNING - Dependency <Task(BashOperator): create_entry_gcs>, delete_entry already registered for DAG: example_complex
[2025-07-13T11:08:29.003+0000] {logging_mixin.py:120} INFO - [2025-07-13T11:08:29.003+0000] {taskmixin.py:205} WARNING - Dependency <Task(BashOperator): delete_entry>, create_entry_gcs already registered for DAG: example_complex
[2025-07-13T11:08:29.004+0000] {logging_mixin.py:120} INFO - [2025-07-13T11:08:29.004+0000] {taskmixin.py:205} WARNING - Dependency <Task(BashOperator): create_tag>, delete_tag already registered for DAG: example_complex
[2025-07-13T11:08:29.005+0000] {logging_mixin.py:120} INFO - [2025-07-13T11:08:29.005+0000] {taskmixin.py:205} WARNING - Dependency <Task(BashOperator): delete_tag>, create_tag already registered for DAG: example_complex
[2025-07-13T11:08:29.018+0000] {processor.py:766} INFO - DAG(s) dict_keys(['example_complex']) retrieved from /home/airflow/.local/lib/python3.7/site-packages/airflow/example_dags/example_complex.py
[2025-07-13T11:08:29.119+0000] {logging_mixin.py:120} INFO - [2025-07-13T11:08:29.118+0000] {dag.py:2585} INFO - Sync 1 DAGs
[2025-07-13T11:08:29.171+0000] {logging_mixin.py:120} INFO - [2025-07-13T11:08:29.171+0000] {dag.py:3340} INFO - Setting next_dagrun for example_complex to None, run_after=None
[2025-07-13T11:08:29.209+0000] {processor.py:176} INFO - Processing /home/airflow/.local/lib/python3.7/site-packages/airflow/example_dags/example_complex.py took 0.256 seconds
[2025-07-13T11:08:59.366+0000] {processor.py:154} INFO - Started process (PID=8001) to work on /home/airflow/.local/lib/python3.7/site-packages/airflow/example_dags/example_complex.py
[2025-07-13T11:08:59.368+0000] {processor.py:756} INFO - Processing file /home/airflow/.local/lib/python3.7/site-packages/airflow/example_dags/example_complex.py for tasks to queue
[2025-07-13T11:08:59.370+0000] {logging_mixin.py:120} INFO - [2025-07-13T11:08:59.370+0000] {dagbag.py:537} INFO - Filling up the DagBag from /home/airflow/.local/lib/python3.7/site-packages/airflow/example_dags/example_complex.py
[2025-07-13T11:08:59.392+0000] {logging_mixin.py:120} INFO - [2025-07-13T11:08:59.391+0000] {taskmixin.py:205} WARNING - Dependency <Task(BashOperator): create_entry_group>, delete_entry_group already registered for DAG: example_complex
[2025-07-13T11:08:59.393+0000] {logging_mixin.py:120} INFO - [2025-07-13T11:08:59.392+0000] {taskmixin.py:205} WARNING - Dependency <Task(BashOperator): delete_entry_group>, create_entry_group already registered for DAG: example_complex
[2025-07-13T11:08:59.394+0000] {logging_mixin.py:120} INFO - [2025-07-13T11:08:59.394+0000] {taskmixin.py:205} WARNING - Dependency <Task(BashOperator): create_entry_gcs>, delete_entry already registered for DAG: example_complex
[2025-07-13T11:08:59.395+0000] {logging_mixin.py:120} INFO - [2025-07-13T11:08:59.394+0000] {taskmixin.py:205} WARNING - Dependency <Task(BashOperator): delete_entry>, create_entry_gcs already registered for DAG: example_complex
[2025-07-13T11:08:59.396+0000] {logging_mixin.py:120} INFO - [2025-07-13T11:08:59.396+0000] {taskmixin.py:205} WARNING - Dependency <Task(BashOperator): create_tag>, delete_tag already registered for DAG: example_complex
[2025-07-13T11:08:59.397+0000] {logging_mixin.py:120} INFO - [2025-07-13T11:08:59.396+0000] {taskmixin.py:205} WARNING - Dependency <Task(BashOperator): delete_tag>, create_tag already registered for DAG: example_complex
[2025-07-13T11:08:59.412+0000] {processor.py:766} INFO - DAG(s) dict_keys(['example_complex']) retrieved from /home/airflow/.local/lib/python3.7/site-packages/airflow/example_dags/example_complex.py
[2025-07-13T11:08:59.508+0000] {logging_mixin.py:120} INFO - [2025-07-13T11:08:59.508+0000] {dag.py:2585} INFO - Sync 1 DAGs
[2025-07-13T11:08:59.558+0000] {logging_mixin.py:120} INFO - [2025-07-13T11:08:59.558+0000] {dag.py:3340} INFO - Setting next_dagrun for example_complex to None, run_after=None
[2025-07-13T11:08:59.586+0000] {processor.py:176} INFO - Processing /home/airflow/.local/lib/python3.7/site-packages/airflow/example_dags/example_complex.py took 0.224 seconds
[2025-07-13T11:09:30.246+0000] {processor.py:154} INFO - Started process (PID=8064) to work on /home/airflow/.local/lib/python3.7/site-packages/airflow/example_dags/example_complex.py
[2025-07-13T11:09:30.248+0000] {processor.py:756} INFO - Processing file /home/airflow/.local/lib/python3.7/site-packages/airflow/example_dags/example_complex.py for tasks to queue
[2025-07-13T11:09:30.249+0000] {logging_mixin.py:120} INFO - [2025-07-13T11:09:30.249+0000] {dagbag.py:537} INFO - Filling up the DagBag from /home/airflow/.local/lib/python3.7/site-packages/airflow/example_dags/example_complex.py
[2025-07-13T11:09:30.261+0000] {logging_mixin.py:120} INFO - [2025-07-13T11:09:30.261+0000] {taskmixin.py:205} WARNING - Dependency <Task(BashOperator): create_entry_group>, delete_entry_group already registered for DAG: example_complex
[2025-07-13T11:09:30.262+0000] {logging_mixin.py:120} INFO - [2025-07-13T11:09:30.262+0000] {taskmixin.py:205} WARNING - Dependency <Task(BashOperator): delete_entry_group>, create_entry_group already registered for DAG: example_complex
[2025-07-13T11:09:30.263+0000] {logging_mixin.py:120} INFO - [2025-07-13T11:09:30.263+0000] {taskmixin.py:205} WARNING - Dependency <Task(BashOperator): create_entry_gcs>, delete_entry already registered for DAG: example_complex
[2025-07-13T11:09:30.264+0000] {logging_mixin.py:120} INFO - [2025-07-13T11:09:30.263+0000] {taskmixin.py:205} WARNING - Dependency <Task(BashOperator): delete_entry>, create_entry_gcs already registered for DAG: example_complex
[2025-07-13T11:09:30.265+0000] {logging_mixin.py:120} INFO - [2025-07-13T11:09:30.264+0000] {taskmixin.py:205} WARNING - Dependency <Task(BashOperator): create_tag>, delete_tag already registered for DAG: example_complex
[2025-07-13T11:09:30.265+0000] {logging_mixin.py:120} INFO - [2025-07-13T11:09:30.265+0000] {taskmixin.py:205} WARNING - Dependency <Task(BashOperator): delete_tag>, create_tag already registered for DAG: example_complex
[2025-07-13T11:09:30.285+0000] {processor.py:766} INFO - DAG(s) dict_keys(['example_complex']) retrieved from /home/airflow/.local/lib/python3.7/site-packages/airflow/example_dags/example_complex.py
[2025-07-13T11:09:30.366+0000] {logging_mixin.py:120} INFO - [2025-07-13T11:09:30.366+0000] {dag.py:2585} INFO - Sync 1 DAGs
[2025-07-13T11:09:30.405+0000] {logging_mixin.py:120} INFO - [2025-07-13T11:09:30.404+0000] {dag.py:3340} INFO - Setting next_dagrun for example_complex to None, run_after=None
[2025-07-13T11:09:30.442+0000] {processor.py:176} INFO - Processing /home/airflow/.local/lib/python3.7/site-packages/airflow/example_dags/example_complex.py took 0.202 seconds
[2025-07-13T11:10:01.289+0000] {processor.py:154} INFO - Started process (PID=8127) to work on /home/airflow/.local/lib/python3.7/site-packages/airflow/example_dags/example_complex.py
[2025-07-13T11:10:01.291+0000] {processor.py:756} INFO - Processing file /home/airflow/.local/lib/python3.7/site-packages/airflow/example_dags/example_complex.py for tasks to queue
[2025-07-13T11:10:01.292+0000] {logging_mixin.py:120} INFO - [2025-07-13T11:10:01.292+0000] {dagbag.py:537} INFO - Filling up the DagBag from /home/airflow/.local/lib/python3.7/site-packages/airflow/example_dags/example_complex.py
[2025-07-13T11:10:01.310+0000] {logging_mixin.py:120} INFO - [2025-07-13T11:10:01.310+0000] {taskmixin.py:205} WARNING - Dependency <Task(BashOperator): create_entry_group>, delete_entry_group already registered for DAG: example_complex
[2025-07-13T11:10:01.310+0000] {logging_mixin.py:120} INFO - [2025-07-13T11:10:01.310+0000] {taskmixin.py:205} WARNING - Dependency <Task(BashOperator): delete_entry_group>, create_entry_group already registered for DAG: example_complex
[2025-07-13T11:10:01.311+0000] {logging_mixin.py:120} INFO - [2025-07-13T11:10:01.311+0000] {taskmixin.py:205} WARNING - Dependency <Task(BashOperator): create_entry_gcs>, delete_entry already registered for DAG: example_complex
[2025-07-13T11:10:01.311+0000] {logging_mixin.py:120} INFO - [2025-07-13T11:10:01.311+0000] {taskmixin.py:205} WARNING - Dependency <Task(BashOperator): delete_entry>, create_entry_gcs already registered for DAG: example_complex
[2025-07-13T11:10:01.312+0000] {logging_mixin.py:120} INFO - [2025-07-13T11:10:01.312+0000] {taskmixin.py:205} WARNING - Dependency <Task(BashOperator): create_tag>, delete_tag already registered for DAG: example_complex
[2025-07-13T11:10:01.313+0000] {logging_mixin.py:120} INFO - [2025-07-13T11:10:01.313+0000] {taskmixin.py:205} WARNING - Dependency <Task(BashOperator): delete_tag>, create_tag already registered for DAG: example_complex
[2025-07-13T11:10:01.325+0000] {processor.py:766} INFO - DAG(s) dict_keys(['example_complex']) retrieved from /home/airflow/.local/lib/python3.7/site-packages/airflow/example_dags/example_complex.py
[2025-07-13T11:10:01.426+0000] {logging_mixin.py:120} INFO - [2025-07-13T11:10:01.426+0000] {dag.py:2585} INFO - Sync 1 DAGs
[2025-07-13T11:10:01.500+0000] {logging_mixin.py:120} INFO - [2025-07-13T11:10:01.499+0000] {dag.py:3340} INFO - Setting next_dagrun for example_complex to None, run_after=None
[2025-07-13T11:10:01.551+0000] {processor.py:176} INFO - Processing /home/airflow/.local/lib/python3.7/site-packages/airflow/example_dags/example_complex.py took 0.268 seconds
[2025-07-13T11:10:31.862+0000] {processor.py:154} INFO - Started process (PID=8181) to work on /home/airflow/.local/lib/python3.7/site-packages/airflow/example_dags/example_complex.py
[2025-07-13T11:10:31.863+0000] {processor.py:756} INFO - Processing file /home/airflow/.local/lib/python3.7/site-packages/airflow/example_dags/example_complex.py for tasks to queue
[2025-07-13T11:10:31.864+0000] {logging_mixin.py:120} INFO - [2025-07-13T11:10:31.864+0000] {dagbag.py:537} INFO - Filling up the DagBag from /home/airflow/.local/lib/python3.7/site-packages/airflow/example_dags/example_complex.py
[2025-07-13T11:10:31.877+0000] {logging_mixin.py:120} INFO - [2025-07-13T11:10:31.877+0000] {taskmixin.py:205} WARNING - Dependency <Task(BashOperator): create_entry_group>, delete_entry_group already registered for DAG: example_complex
[2025-07-13T11:10:31.878+0000] {logging_mixin.py:120} INFO - [2025-07-13T11:10:31.878+0000] {taskmixin.py:205} WARNING - Dependency <Task(BashOperator): delete_entry_group>, create_entry_group already registered for DAG: example_complex
[2025-07-13T11:10:31.879+0000] {logging_mixin.py:120} INFO - [2025-07-13T11:10:31.878+0000] {taskmixin.py:205} WARNING - Dependency <Task(BashOperator): create_entry_gcs>, delete_entry already registered for DAG: example_complex
[2025-07-13T11:10:31.879+0000] {logging_mixin.py:120} INFO - [2025-07-13T11:10:31.879+0000] {taskmixin.py:205} WARNING - Dependency <Task(BashOperator): delete_entry>, create_entry_gcs already registered for DAG: example_complex
[2025-07-13T11:10:31.880+0000] {logging_mixin.py:120} INFO - [2025-07-13T11:10:31.880+0000] {taskmixin.py:205} WARNING - Dependency <Task(BashOperator): create_tag>, delete_tag already registered for DAG: example_complex
[2025-07-13T11:10:31.880+0000] {logging_mixin.py:120} INFO - [2025-07-13T11:10:31.880+0000] {taskmixin.py:205} WARNING - Dependency <Task(BashOperator): delete_tag>, create_tag already registered for DAG: example_complex
[2025-07-13T11:10:31.891+0000] {processor.py:766} INFO - DAG(s) dict_keys(['example_complex']) retrieved from /home/airflow/.local/lib/python3.7/site-packages/airflow/example_dags/example_complex.py
[2025-07-13T11:10:31.958+0000] {logging_mixin.py:120} INFO - [2025-07-13T11:10:31.957+0000] {dag.py:2585} INFO - Sync 1 DAGs
[2025-07-13T11:10:31.994+0000] {logging_mixin.py:120} INFO - [2025-07-13T11:10:31.994+0000] {dag.py:3340} INFO - Setting next_dagrun for example_complex to None, run_after=None
[2025-07-13T11:10:32.022+0000] {processor.py:176} INFO - Processing /home/airflow/.local/lib/python3.7/site-packages/airflow/example_dags/example_complex.py took 0.165 seconds
[2025-07-13T11:11:02.389+0000] {processor.py:154} INFO - Started process (PID=8244) to work on /home/airflow/.local/lib/python3.7/site-packages/airflow/example_dags/example_complex.py
[2025-07-13T11:11:02.391+0000] {processor.py:756} INFO - Processing file /home/airflow/.local/lib/python3.7/site-packages/airflow/example_dags/example_complex.py for tasks to queue
[2025-07-13T11:11:02.392+0000] {logging_mixin.py:120} INFO - [2025-07-13T11:11:02.392+0000] {dagbag.py:537} INFO - Filling up the DagBag from /home/airflow/.local/lib/python3.7/site-packages/airflow/example_dags/example_complex.py
[2025-07-13T11:11:02.411+0000] {logging_mixin.py:120} INFO - [2025-07-13T11:11:02.410+0000] {taskmixin.py:205} WARNING - Dependency <Task(BashOperator): create_entry_group>, delete_entry_group already registered for DAG: example_complex
[2025-07-13T11:11:02.412+0000] {logging_mixin.py:120} INFO - [2025-07-13T11:11:02.411+0000] {taskmixin.py:205} WARNING - Dependency <Task(BashOperator): delete_entry_group>, create_entry_group already registered for DAG: example_complex
[2025-07-13T11:11:02.413+0000] {logging_mixin.py:120} INFO - [2025-07-13T11:11:02.412+0000] {taskmixin.py:205} WARNING - Dependency <Task(BashOperator): create_entry_gcs>, delete_entry already registered for DAG: example_complex
[2025-07-13T11:11:02.413+0000] {logging_mixin.py:120} INFO - [2025-07-13T11:11:02.413+0000] {taskmixin.py:205} WARNING - Dependency <Task(BashOperator): delete_entry>, create_entry_gcs already registered for DAG: example_complex
[2025-07-13T11:11:02.415+0000] {logging_mixin.py:120} INFO - [2025-07-13T11:11:02.414+0000] {taskmixin.py:205} WARNING - Dependency <Task(BashOperator): create_tag>, delete_tag already registered for DAG: example_complex
[2025-07-13T11:11:02.415+0000] {logging_mixin.py:120} INFO - [2025-07-13T11:11:02.415+0000] {taskmixin.py:205} WARNING - Dependency <Task(BashOperator): delete_tag>, create_tag already registered for DAG: example_complex
[2025-07-13T11:11:02.430+0000] {processor.py:766} INFO - DAG(s) dict_keys(['example_complex']) retrieved from /home/airflow/.local/lib/python3.7/site-packages/airflow/example_dags/example_complex.py
[2025-07-13T11:11:02.510+0000] {logging_mixin.py:120} INFO - [2025-07-13T11:11:02.510+0000] {dag.py:2585} INFO - Sync 1 DAGs
[2025-07-13T11:11:02.562+0000] {logging_mixin.py:120} INFO - [2025-07-13T11:11:02.561+0000] {dag.py:3340} INFO - Setting next_dagrun for example_complex to None, run_after=None
[2025-07-13T11:11:02.596+0000] {processor.py:176} INFO - Processing /home/airflow/.local/lib/python3.7/site-packages/airflow/example_dags/example_complex.py took 0.212 seconds
[2025-07-13T11:11:32.732+0000] {processor.py:154} INFO - Started process (PID=8298) to work on /home/airflow/.local/lib/python3.7/site-packages/airflow/example_dags/example_complex.py
[2025-07-13T11:11:32.734+0000] {processor.py:756} INFO - Processing file /home/airflow/.local/lib/python3.7/site-packages/airflow/example_dags/example_complex.py for tasks to queue
[2025-07-13T11:11:32.735+0000] {logging_mixin.py:120} INFO - [2025-07-13T11:11:32.735+0000] {dagbag.py:537} INFO - Filling up the DagBag from /home/airflow/.local/lib/python3.7/site-packages/airflow/example_dags/example_complex.py
[2025-07-13T11:11:32.748+0000] {logging_mixin.py:120} INFO - [2025-07-13T11:11:32.748+0000] {taskmixin.py:205} WARNING - Dependency <Task(BashOperator): create_entry_group>, delete_entry_group already registered for DAG: example_complex
[2025-07-13T11:11:32.749+0000] {logging_mixin.py:120} INFO - [2025-07-13T11:11:32.748+0000] {taskmixin.py:205} WARNING - Dependency <Task(BashOperator): delete_entry_group>, create_entry_group already registered for DAG: example_complex
[2025-07-13T11:11:32.749+0000] {logging_mixin.py:120} INFO - [2025-07-13T11:11:32.749+0000] {taskmixin.py:205} WARNING - Dependency <Task(BashOperator): create_entry_gcs>, delete_entry already registered for DAG: example_complex
[2025-07-13T11:11:32.750+0000] {logging_mixin.py:120} INFO - [2025-07-13T11:11:32.750+0000] {taskmixin.py:205} WARNING - Dependency <Task(BashOperator): delete_entry>, create_entry_gcs already registered for DAG: example_complex
[2025-07-13T11:11:32.751+0000] {logging_mixin.py:120} INFO - [2025-07-13T11:11:32.751+0000] {taskmixin.py:205} WARNING - Dependency <Task(BashOperator): create_tag>, delete_tag already registered for DAG: example_complex
[2025-07-13T11:11:32.752+0000] {logging_mixin.py:120} INFO - [2025-07-13T11:11:32.751+0000] {taskmixin.py:205} WARNING - Dependency <Task(BashOperator): delete_tag>, create_tag already registered for DAG: example_complex
[2025-07-13T11:11:32.763+0000] {processor.py:766} INFO - DAG(s) dict_keys(['example_complex']) retrieved from /home/airflow/.local/lib/python3.7/site-packages/airflow/example_dags/example_complex.py
[2025-07-13T11:11:32.836+0000] {logging_mixin.py:120} INFO - [2025-07-13T11:11:32.836+0000] {dag.py:2585} INFO - Sync 1 DAGs
[2025-07-13T11:11:32.879+0000] {logging_mixin.py:120} INFO - [2025-07-13T11:11:32.878+0000] {dag.py:3340} INFO - Setting next_dagrun for example_complex to None, run_after=None
[2025-07-13T11:11:32.924+0000] {processor.py:176} INFO - Processing /home/airflow/.local/lib/python3.7/site-packages/airflow/example_dags/example_complex.py took 0.198 seconds
[2025-07-13T11:12:03.568+0000] {processor.py:154} INFO - Started process (PID=8361) to work on /home/airflow/.local/lib/python3.7/site-packages/airflow/example_dags/example_complex.py
[2025-07-13T11:12:03.569+0000] {processor.py:756} INFO - Processing file /home/airflow/.local/lib/python3.7/site-packages/airflow/example_dags/example_complex.py for tasks to queue
[2025-07-13T11:12:03.571+0000] {logging_mixin.py:120} INFO - [2025-07-13T11:12:03.571+0000] {dagbag.py:537} INFO - Filling up the DagBag from /home/airflow/.local/lib/python3.7/site-packages/airflow/example_dags/example_complex.py
[2025-07-13T11:12:03.584+0000] {logging_mixin.py:120} INFO - [2025-07-13T11:12:03.584+0000] {taskmixin.py:205} WARNING - Dependency <Task(BashOperator): create_entry_group>, delete_entry_group already registered for DAG: example_complex
[2025-07-13T11:12:03.585+0000] {logging_mixin.py:120} INFO - [2025-07-13T11:12:03.585+0000] {taskmixin.py:205} WARNING - Dependency <Task(BashOperator): delete_entry_group>, create_entry_group already registered for DAG: example_complex
[2025-07-13T11:12:03.585+0000] {logging_mixin.py:120} INFO - [2025-07-13T11:12:03.585+0000] {taskmixin.py:205} WARNING - Dependency <Task(BashOperator): create_entry_gcs>, delete_entry already registered for DAG: example_complex
[2025-07-13T11:12:03.586+0000] {logging_mixin.py:120} INFO - [2025-07-13T11:12:03.586+0000] {taskmixin.py:205} WARNING - Dependency <Task(BashOperator): delete_entry>, create_entry_gcs already registered for DAG: example_complex
[2025-07-13T11:12:03.587+0000] {logging_mixin.py:120} INFO - [2025-07-13T11:12:03.587+0000] {taskmixin.py:205} WARNING - Dependency <Task(BashOperator): create_tag>, delete_tag already registered for DAG: example_complex
[2025-07-13T11:12:03.587+0000] {logging_mixin.py:120} INFO - [2025-07-13T11:12:03.587+0000] {taskmixin.py:205} WARNING - Dependency <Task(BashOperator): delete_tag>, create_tag already registered for DAG: example_complex
[2025-07-13T11:12:03.599+0000] {processor.py:766} INFO - DAG(s) dict_keys(['example_complex']) retrieved from /home/airflow/.local/lib/python3.7/site-packages/airflow/example_dags/example_complex.py
[2025-07-13T11:12:03.654+0000] {logging_mixin.py:120} INFO - [2025-07-13T11:12:03.654+0000] {dag.py:2585} INFO - Sync 1 DAGs
[2025-07-13T11:12:03.685+0000] {logging_mixin.py:120} INFO - [2025-07-13T11:12:03.685+0000] {dag.py:3340} INFO - Setting next_dagrun for example_complex to None, run_after=None
[2025-07-13T11:12:03.712+0000] {processor.py:176} INFO - Processing /home/airflow/.local/lib/python3.7/site-packages/airflow/example_dags/example_complex.py took 0.150 seconds
[2025-07-13T11:12:34.166+0000] {processor.py:154} INFO - Started process (PID=8424) to work on /home/airflow/.local/lib/python3.7/site-packages/airflow/example_dags/example_complex.py
[2025-07-13T11:12:34.167+0000] {processor.py:756} INFO - Processing file /home/airflow/.local/lib/python3.7/site-packages/airflow/example_dags/example_complex.py for tasks to queue
[2025-07-13T11:12:34.169+0000] {logging_mixin.py:120} INFO - [2025-07-13T11:12:34.168+0000] {dagbag.py:537} INFO - Filling up the DagBag from /home/airflow/.local/lib/python3.7/site-packages/airflow/example_dags/example_complex.py
[2025-07-13T11:12:34.186+0000] {logging_mixin.py:120} INFO - [2025-07-13T11:12:34.186+0000] {taskmixin.py:205} WARNING - Dependency <Task(BashOperator): create_entry_group>, delete_entry_group already registered for DAG: example_complex
[2025-07-13T11:12:34.187+0000] {logging_mixin.py:120} INFO - [2025-07-13T11:12:34.187+0000] {taskmixin.py:205} WARNING - Dependency <Task(BashOperator): delete_entry_group>, create_entry_group already registered for DAG: example_complex
[2025-07-13T11:12:34.187+0000] {logging_mixin.py:120} INFO - [2025-07-13T11:12:34.187+0000] {taskmixin.py:205} WARNING - Dependency <Task(BashOperator): create_entry_gcs>, delete_entry already registered for DAG: example_complex
[2025-07-13T11:12:34.188+0000] {logging_mixin.py:120} INFO - [2025-07-13T11:12:34.188+0000] {taskmixin.py:205} WARNING - Dependency <Task(BashOperator): delete_entry>, create_entry_gcs already registered for DAG: example_complex
[2025-07-13T11:12:34.189+0000] {logging_mixin.py:120} INFO - [2025-07-13T11:12:34.189+0000] {taskmixin.py:205} WARNING - Dependency <Task(BashOperator): create_tag>, delete_tag already registered for DAG: example_complex
[2025-07-13T11:12:34.190+0000] {logging_mixin.py:120} INFO - [2025-07-13T11:12:34.189+0000] {taskmixin.py:205} WARNING - Dependency <Task(BashOperator): delete_tag>, create_tag already registered for DAG: example_complex
[2025-07-13T11:12:34.199+0000] {processor.py:766} INFO - DAG(s) dict_keys(['example_complex']) retrieved from /home/airflow/.local/lib/python3.7/site-packages/airflow/example_dags/example_complex.py
[2025-07-13T11:12:34.260+0000] {logging_mixin.py:120} INFO - [2025-07-13T11:12:34.260+0000] {dag.py:2585} INFO - Sync 1 DAGs
[2025-07-13T11:12:34.290+0000] {logging_mixin.py:120} INFO - [2025-07-13T11:12:34.289+0000] {dag.py:3340} INFO - Setting next_dagrun for example_complex to None, run_after=None
[2025-07-13T11:12:34.315+0000] {processor.py:176} INFO - Processing /home/airflow/.local/lib/python3.7/site-packages/airflow/example_dags/example_complex.py took 0.153 seconds
[2025-07-13T11:13:04.671+0000] {processor.py:154} INFO - Started process (PID=8477) to work on /home/airflow/.local/lib/python3.7/site-packages/airflow/example_dags/example_complex.py
[2025-07-13T11:13:04.673+0000] {processor.py:756} INFO - Processing file /home/airflow/.local/lib/python3.7/site-packages/airflow/example_dags/example_complex.py for tasks to queue
[2025-07-13T11:13:04.674+0000] {logging_mixin.py:120} INFO - [2025-07-13T11:13:04.674+0000] {dagbag.py:537} INFO - Filling up the DagBag from /home/airflow/.local/lib/python3.7/site-packages/airflow/example_dags/example_complex.py
[2025-07-13T11:13:04.689+0000] {logging_mixin.py:120} INFO - [2025-07-13T11:13:04.689+0000] {taskmixin.py:205} WARNING - Dependency <Task(BashOperator): create_entry_group>, delete_entry_group already registered for DAG: example_complex
[2025-07-13T11:13:04.690+0000] {logging_mixin.py:120} INFO - [2025-07-13T11:13:04.689+0000] {taskmixin.py:205} WARNING - Dependency <Task(BashOperator): delete_entry_group>, create_entry_group already registered for DAG: example_complex
[2025-07-13T11:13:04.690+0000] {logging_mixin.py:120} INFO - [2025-07-13T11:13:04.690+0000] {taskmixin.py:205} WARNING - Dependency <Task(BashOperator): create_entry_gcs>, delete_entry already registered for DAG: example_complex
[2025-07-13T11:13:04.691+0000] {logging_mixin.py:120} INFO - [2025-07-13T11:13:04.691+0000] {taskmixin.py:205} WARNING - Dependency <Task(BashOperator): delete_entry>, create_entry_gcs already registered for DAG: example_complex
[2025-07-13T11:13:04.691+0000] {logging_mixin.py:120} INFO - [2025-07-13T11:13:04.691+0000] {taskmixin.py:205} WARNING - Dependency <Task(BashOperator): create_tag>, delete_tag already registered for DAG: example_complex
[2025-07-13T11:13:04.692+0000] {logging_mixin.py:120} INFO - [2025-07-13T11:13:04.692+0000] {taskmixin.py:205} WARNING - Dependency <Task(BashOperator): delete_tag>, create_tag already registered for DAG: example_complex
[2025-07-13T11:13:04.700+0000] {processor.py:766} INFO - DAG(s) dict_keys(['example_complex']) retrieved from /home/airflow/.local/lib/python3.7/site-packages/airflow/example_dags/example_complex.py
[2025-07-13T11:13:04.766+0000] {logging_mixin.py:120} INFO - [2025-07-13T11:13:04.766+0000] {dag.py:2585} INFO - Sync 1 DAGs
[2025-07-13T11:13:04.798+0000] {logging_mixin.py:120} INFO - [2025-07-13T11:13:04.798+0000] {dag.py:3340} INFO - Setting next_dagrun for example_complex to None, run_after=None
[2025-07-13T11:13:04.828+0000] {processor.py:176} INFO - Processing /home/airflow/.local/lib/python3.7/site-packages/airflow/example_dags/example_complex.py took 0.160 seconds
[2025-07-13T11:13:35.171+0000] {processor.py:154} INFO - Started process (PID=8540) to work on /home/airflow/.local/lib/python3.7/site-packages/airflow/example_dags/example_complex.py
[2025-07-13T11:13:35.179+0000] {processor.py:756} INFO - Processing file /home/airflow/.local/lib/python3.7/site-packages/airflow/example_dags/example_complex.py for tasks to queue
[2025-07-13T11:13:35.180+0000] {logging_mixin.py:120} INFO - [2025-07-13T11:13:35.180+0000] {dagbag.py:537} INFO - Filling up the DagBag from /home/airflow/.local/lib/python3.7/site-packages/airflow/example_dags/example_complex.py
[2025-07-13T11:13:35.256+0000] {logging_mixin.py:120} INFO - [2025-07-13T11:13:35.255+0000] {taskmixin.py:205} WARNING - Dependency <Task(BashOperator): create_entry_group>, delete_entry_group already registered for DAG: example_complex
[2025-07-13T11:13:35.260+0000] {logging_mixin.py:120} INFO - [2025-07-13T11:13:35.259+0000] {taskmixin.py:205} WARNING - Dependency <Task(BashOperator): delete_entry_group>, create_entry_group already registered for DAG: example_complex
[2025-07-13T11:13:35.262+0000] {logging_mixin.py:120} INFO - [2025-07-13T11:13:35.261+0000] {taskmixin.py:205} WARNING - Dependency <Task(BashOperator): create_entry_gcs>, delete_entry already registered for DAG: example_complex
[2025-07-13T11:13:35.268+0000] {logging_mixin.py:120} INFO - [2025-07-13T11:13:35.266+0000] {taskmixin.py:205} WARNING - Dependency <Task(BashOperator): delete_entry>, create_entry_gcs already registered for DAG: example_complex
[2025-07-13T11:13:35.272+0000] {logging_mixin.py:120} INFO - [2025-07-13T11:13:35.272+0000] {taskmixin.py:205} WARNING - Dependency <Task(BashOperator): create_tag>, delete_tag already registered for DAG: example_complex
[2025-07-13T11:13:35.275+0000] {logging_mixin.py:120} INFO - [2025-07-13T11:13:35.275+0000] {taskmixin.py:205} WARNING - Dependency <Task(BashOperator): delete_tag>, create_tag already registered for DAG: example_complex
[2025-07-13T11:13:35.300+0000] {processor.py:766} INFO - DAG(s) dict_keys(['example_complex']) retrieved from /home/airflow/.local/lib/python3.7/site-packages/airflow/example_dags/example_complex.py
[2025-07-13T11:13:35.379+0000] {logging_mixin.py:120} INFO - [2025-07-13T11:13:35.379+0000] {dag.py:2585} INFO - Sync 1 DAGs
[2025-07-13T11:13:35.423+0000] {logging_mixin.py:120} INFO - [2025-07-13T11:13:35.423+0000] {dag.py:3340} INFO - Setting next_dagrun for example_complex to None, run_after=None
[2025-07-13T11:13:35.456+0000] {processor.py:176} INFO - Processing /home/airflow/.local/lib/python3.7/site-packages/airflow/example_dags/example_complex.py took 0.294 seconds
[2025-07-13T11:14:06.210+0000] {processor.py:154} INFO - Started process (PID=8603) to work on /home/airflow/.local/lib/python3.7/site-packages/airflow/example_dags/example_complex.py
[2025-07-13T11:14:06.211+0000] {processor.py:756} INFO - Processing file /home/airflow/.local/lib/python3.7/site-packages/airflow/example_dags/example_complex.py for tasks to queue
[2025-07-13T11:14:06.212+0000] {logging_mixin.py:120} INFO - [2025-07-13T11:14:06.212+0000] {dagbag.py:537} INFO - Filling up the DagBag from /home/airflow/.local/lib/python3.7/site-packages/airflow/example_dags/example_complex.py
[2025-07-13T11:14:06.235+0000] {logging_mixin.py:120} INFO - [2025-07-13T11:14:06.235+0000] {taskmixin.py:205} WARNING - Dependency <Task(BashOperator): create_entry_group>, delete_entry_group already registered for DAG: example_complex
[2025-07-13T11:14:06.238+0000] {logging_mixin.py:120} INFO - [2025-07-13T11:14:06.237+0000] {taskmixin.py:205} WARNING - Dependency <Task(BashOperator): delete_entry_group>, create_entry_group already registered for DAG: example_complex
[2025-07-13T11:14:06.239+0000] {logging_mixin.py:120} INFO - [2025-07-13T11:14:06.238+0000] {taskmixin.py:205} WARNING - Dependency <Task(BashOperator): create_entry_gcs>, delete_entry already registered for DAG: example_complex
[2025-07-13T11:14:06.239+0000] {logging_mixin.py:120} INFO - [2025-07-13T11:14:06.239+0000] {taskmixin.py:205} WARNING - Dependency <Task(BashOperator): delete_entry>, create_entry_gcs already registered for DAG: example_complex
[2025-07-13T11:14:06.241+0000] {logging_mixin.py:120} INFO - [2025-07-13T11:14:06.240+0000] {taskmixin.py:205} WARNING - Dependency <Task(BashOperator): create_tag>, delete_tag already registered for DAG: example_complex
[2025-07-13T11:14:06.242+0000] {logging_mixin.py:120} INFO - [2025-07-13T11:14:06.241+0000] {taskmixin.py:205} WARNING - Dependency <Task(BashOperator): delete_tag>, create_tag already registered for DAG: example_complex
[2025-07-13T11:14:06.258+0000] {processor.py:766} INFO - DAG(s) dict_keys(['example_complex']) retrieved from /home/airflow/.local/lib/python3.7/site-packages/airflow/example_dags/example_complex.py
[2025-07-13T11:14:06.327+0000] {logging_mixin.py:120} INFO - [2025-07-13T11:14:06.326+0000] {dag.py:2585} INFO - Sync 1 DAGs
[2025-07-13T11:14:06.371+0000] {logging_mixin.py:120} INFO - [2025-07-13T11:14:06.370+0000] {dag.py:3340} INFO - Setting next_dagrun for example_complex to None, run_after=None
[2025-07-13T11:14:06.426+0000] {processor.py:176} INFO - Processing /home/airflow/.local/lib/python3.7/site-packages/airflow/example_dags/example_complex.py took 0.221 seconds
[2025-07-13T11:14:36.852+0000] {processor.py:154} INFO - Started process (PID=8657) to work on /home/airflow/.local/lib/python3.7/site-packages/airflow/example_dags/example_complex.py
[2025-07-13T11:14:36.854+0000] {processor.py:756} INFO - Processing file /home/airflow/.local/lib/python3.7/site-packages/airflow/example_dags/example_complex.py for tasks to queue
[2025-07-13T11:14:36.855+0000] {logging_mixin.py:120} INFO - [2025-07-13T11:14:36.855+0000] {dagbag.py:537} INFO - Filling up the DagBag from /home/airflow/.local/lib/python3.7/site-packages/airflow/example_dags/example_complex.py
[2025-07-13T11:14:36.874+0000] {logging_mixin.py:120} INFO - [2025-07-13T11:14:36.874+0000] {taskmixin.py:205} WARNING - Dependency <Task(BashOperator): create_entry_group>, delete_entry_group already registered for DAG: example_complex
[2025-07-13T11:14:36.875+0000] {logging_mixin.py:120} INFO - [2025-07-13T11:14:36.874+0000] {taskmixin.py:205} WARNING - Dependency <Task(BashOperator): delete_entry_group>, create_entry_group already registered for DAG: example_complex
[2025-07-13T11:14:36.881+0000] {logging_mixin.py:120} INFO - [2025-07-13T11:14:36.880+0000] {taskmixin.py:205} WARNING - Dependency <Task(BashOperator): create_entry_gcs>, delete_entry already registered for DAG: example_complex
[2025-07-13T11:14:36.881+0000] {logging_mixin.py:120} INFO - [2025-07-13T11:14:36.881+0000] {taskmixin.py:205} WARNING - Dependency <Task(BashOperator): delete_entry>, create_entry_gcs already registered for DAG: example_complex
[2025-07-13T11:14:36.882+0000] {logging_mixin.py:120} INFO - [2025-07-13T11:14:36.882+0000] {taskmixin.py:205} WARNING - Dependency <Task(BashOperator): create_tag>, delete_tag already registered for DAG: example_complex
[2025-07-13T11:14:36.882+0000] {logging_mixin.py:120} INFO - [2025-07-13T11:14:36.882+0000] {taskmixin.py:205} WARNING - Dependency <Task(BashOperator): delete_tag>, create_tag already registered for DAG: example_complex
[2025-07-13T11:14:36.894+0000] {processor.py:766} INFO - DAG(s) dict_keys(['example_complex']) retrieved from /home/airflow/.local/lib/python3.7/site-packages/airflow/example_dags/example_complex.py
[2025-07-13T11:14:36.951+0000] {logging_mixin.py:120} INFO - [2025-07-13T11:14:36.951+0000] {dag.py:2585} INFO - Sync 1 DAGs
[2025-07-13T11:14:36.983+0000] {logging_mixin.py:120} INFO - [2025-07-13T11:14:36.983+0000] {dag.py:3340} INFO - Setting next_dagrun for example_complex to None, run_after=None
[2025-07-13T11:14:37.020+0000] {processor.py:176} INFO - Processing /home/airflow/.local/lib/python3.7/site-packages/airflow/example_dags/example_complex.py took 0.173 seconds
[2025-07-13T11:15:07.192+0000] {processor.py:154} INFO - Started process (PID=8720) to work on /home/airflow/.local/lib/python3.7/site-packages/airflow/example_dags/example_complex.py
[2025-07-13T11:15:07.193+0000] {processor.py:756} INFO - Processing file /home/airflow/.local/lib/python3.7/site-packages/airflow/example_dags/example_complex.py for tasks to queue
[2025-07-13T11:15:07.195+0000] {logging_mixin.py:120} INFO - [2025-07-13T11:15:07.194+0000] {dagbag.py:537} INFO - Filling up the DagBag from /home/airflow/.local/lib/python3.7/site-packages/airflow/example_dags/example_complex.py
[2025-07-13T11:15:07.217+0000] {logging_mixin.py:120} INFO - [2025-07-13T11:15:07.216+0000] {taskmixin.py:205} WARNING - Dependency <Task(BashOperator): create_entry_group>, delete_entry_group already registered for DAG: example_complex
[2025-07-13T11:15:07.218+0000] {logging_mixin.py:120} INFO - [2025-07-13T11:15:07.217+0000] {taskmixin.py:205} WARNING - Dependency <Task(BashOperator): delete_entry_group>, create_entry_group already registered for DAG: example_complex
[2025-07-13T11:15:07.219+0000] {logging_mixin.py:120} INFO - [2025-07-13T11:15:07.218+0000] {taskmixin.py:205} WARNING - Dependency <Task(BashOperator): create_entry_gcs>, delete_entry already registered for DAG: example_complex
[2025-07-13T11:15:07.219+0000] {logging_mixin.py:120} INFO - [2025-07-13T11:15:07.219+0000] {taskmixin.py:205} WARNING - Dependency <Task(BashOperator): delete_entry>, create_entry_gcs already registered for DAG: example_complex
[2025-07-13T11:15:07.220+0000] {logging_mixin.py:120} INFO - [2025-07-13T11:15:07.220+0000] {taskmixin.py:205} WARNING - Dependency <Task(BashOperator): create_tag>, delete_tag already registered for DAG: example_complex
[2025-07-13T11:15:07.221+0000] {logging_mixin.py:120} INFO - [2025-07-13T11:15:07.221+0000] {taskmixin.py:205} WARNING - Dependency <Task(BashOperator): delete_tag>, create_tag already registered for DAG: example_complex
[2025-07-13T11:15:07.238+0000] {processor.py:766} INFO - DAG(s) dict_keys(['example_complex']) retrieved from /home/airflow/.local/lib/python3.7/site-packages/airflow/example_dags/example_complex.py
[2025-07-13T11:15:07.317+0000] {logging_mixin.py:120} INFO - [2025-07-13T11:15:07.317+0000] {dag.py:2585} INFO - Sync 1 DAGs
[2025-07-13T11:15:07.370+0000] {logging_mixin.py:120} INFO - [2025-07-13T11:15:07.369+0000] {dag.py:3340} INFO - Setting next_dagrun for example_complex to None, run_after=None
[2025-07-13T11:15:07.397+0000] {processor.py:176} INFO - Processing /home/airflow/.local/lib/python3.7/site-packages/airflow/example_dags/example_complex.py took 0.208 seconds
[2025-07-13T11:15:37.876+0000] {processor.py:154} INFO - Started process (PID=8783) to work on /home/airflow/.local/lib/python3.7/site-packages/airflow/example_dags/example_complex.py
[2025-07-13T11:15:37.878+0000] {processor.py:756} INFO - Processing file /home/airflow/.local/lib/python3.7/site-packages/airflow/example_dags/example_complex.py for tasks to queue
[2025-07-13T11:15:37.880+0000] {logging_mixin.py:120} INFO - [2025-07-13T11:15:37.880+0000] {dagbag.py:537} INFO - Filling up the DagBag from /home/airflow/.local/lib/python3.7/site-packages/airflow/example_dags/example_complex.py
[2025-07-13T11:15:37.901+0000] {logging_mixin.py:120} INFO - [2025-07-13T11:15:37.900+0000] {taskmixin.py:205} WARNING - Dependency <Task(BashOperator): create_entry_group>, delete_entry_group already registered for DAG: example_complex
[2025-07-13T11:15:37.901+0000] {logging_mixin.py:120} INFO - [2025-07-13T11:15:37.901+0000] {taskmixin.py:205} WARNING - Dependency <Task(BashOperator): delete_entry_group>, create_entry_group already registered for DAG: example_complex
[2025-07-13T11:15:37.906+0000] {logging_mixin.py:120} INFO - [2025-07-13T11:15:37.906+0000] {taskmixin.py:205} WARNING - Dependency <Task(BashOperator): create_entry_gcs>, delete_entry already registered for DAG: example_complex
[2025-07-13T11:15:37.907+0000] {logging_mixin.py:120} INFO - [2025-07-13T11:15:37.907+0000] {taskmixin.py:205} WARNING - Dependency <Task(BashOperator): delete_entry>, create_entry_gcs already registered for DAG: example_complex
[2025-07-13T11:15:37.908+0000] {logging_mixin.py:120} INFO - [2025-07-13T11:15:37.908+0000] {taskmixin.py:205} WARNING - Dependency <Task(BashOperator): create_tag>, delete_tag already registered for DAG: example_complex
[2025-07-13T11:15:37.908+0000] {logging_mixin.py:120} INFO - [2025-07-13T11:15:37.908+0000] {taskmixin.py:205} WARNING - Dependency <Task(BashOperator): delete_tag>, create_tag already registered for DAG: example_complex
[2025-07-13T11:15:37.923+0000] {processor.py:766} INFO - DAG(s) dict_keys(['example_complex']) retrieved from /home/airflow/.local/lib/python3.7/site-packages/airflow/example_dags/example_complex.py
[2025-07-13T11:15:38.000+0000] {logging_mixin.py:120} INFO - [2025-07-13T11:15:37.999+0000] {dag.py:2585} INFO - Sync 1 DAGs
[2025-07-13T11:15:38.055+0000] {logging_mixin.py:120} INFO - [2025-07-13T11:15:38.055+0000] {dag.py:3340} INFO - Setting next_dagrun for example_complex to None, run_after=None
[2025-07-13T11:15:38.096+0000] {processor.py:176} INFO - Processing /home/airflow/.local/lib/python3.7/site-packages/airflow/example_dags/example_complex.py took 0.226 seconds
[2025-07-13T11:16:08.873+0000] {processor.py:154} INFO - Started process (PID=8837) to work on /home/airflow/.local/lib/python3.7/site-packages/airflow/example_dags/example_complex.py
[2025-07-13T11:16:08.874+0000] {processor.py:756} INFO - Processing file /home/airflow/.local/lib/python3.7/site-packages/airflow/example_dags/example_complex.py for tasks to queue
[2025-07-13T11:16:08.875+0000] {logging_mixin.py:120} INFO - [2025-07-13T11:16:08.875+0000] {dagbag.py:537} INFO - Filling up the DagBag from /home/airflow/.local/lib/python3.7/site-packages/airflow/example_dags/example_complex.py
[2025-07-13T11:16:08.890+0000] {logging_mixin.py:120} INFO - [2025-07-13T11:16:08.890+0000] {taskmixin.py:205} WARNING - Dependency <Task(BashOperator): create_entry_group>, delete_entry_group already registered for DAG: example_complex
[2025-07-13T11:16:08.891+0000] {logging_mixin.py:120} INFO - [2025-07-13T11:16:08.891+0000] {taskmixin.py:205} WARNING - Dependency <Task(BashOperator): delete_entry_group>, create_entry_group already registered for DAG: example_complex
[2025-07-13T11:16:08.892+0000] {logging_mixin.py:120} INFO - [2025-07-13T11:16:08.892+0000] {taskmixin.py:205} WARNING - Dependency <Task(BashOperator): create_entry_gcs>, delete_entry already registered for DAG: example_complex
[2025-07-13T11:16:08.892+0000] {logging_mixin.py:120} INFO - [2025-07-13T11:16:08.892+0000] {taskmixin.py:205} WARNING - Dependency <Task(BashOperator): delete_entry>, create_entry_gcs already registered for DAG: example_complex
[2025-07-13T11:16:08.893+0000] {logging_mixin.py:120} INFO - [2025-07-13T11:16:08.893+0000] {taskmixin.py:205} WARNING - Dependency <Task(BashOperator): create_tag>, delete_tag already registered for DAG: example_complex
[2025-07-13T11:16:08.894+0000] {logging_mixin.py:120} INFO - [2025-07-13T11:16:08.894+0000] {taskmixin.py:205} WARNING - Dependency <Task(BashOperator): delete_tag>, create_tag already registered for DAG: example_complex
[2025-07-13T11:16:08.903+0000] {processor.py:766} INFO - DAG(s) dict_keys(['example_complex']) retrieved from /home/airflow/.local/lib/python3.7/site-packages/airflow/example_dags/example_complex.py
[2025-07-13T11:16:08.970+0000] {logging_mixin.py:120} INFO - [2025-07-13T11:16:08.970+0000] {dag.py:2585} INFO - Sync 1 DAGs
[2025-07-13T11:16:09.007+0000] {logging_mixin.py:120} INFO - [2025-07-13T11:16:09.007+0000] {dag.py:3340} INFO - Setting next_dagrun for example_complex to None, run_after=None
[2025-07-13T11:16:09.035+0000] {processor.py:176} INFO - Processing /home/airflow/.local/lib/python3.7/site-packages/airflow/example_dags/example_complex.py took 0.167 seconds
[2025-07-13T11:16:39.282+0000] {processor.py:154} INFO - Started process (PID=8900) to work on /home/airflow/.local/lib/python3.7/site-packages/airflow/example_dags/example_complex.py
[2025-07-13T11:16:39.284+0000] {processor.py:756} INFO - Processing file /home/airflow/.local/lib/python3.7/site-packages/airflow/example_dags/example_complex.py for tasks to queue
[2025-07-13T11:16:39.287+0000] {logging_mixin.py:120} INFO - [2025-07-13T11:16:39.286+0000] {dagbag.py:537} INFO - Filling up the DagBag from /home/airflow/.local/lib/python3.7/site-packages/airflow/example_dags/example_complex.py
[2025-07-13T11:16:39.331+0000] {logging_mixin.py:120} INFO - [2025-07-13T11:16:39.330+0000] {taskmixin.py:205} WARNING - Dependency <Task(BashOperator): create_entry_group>, delete_entry_group already registered for DAG: example_complex
[2025-07-13T11:16:39.334+0000] {logging_mixin.py:120} INFO - [2025-07-13T11:16:39.334+0000] {taskmixin.py:205} WARNING - Dependency <Task(BashOperator): delete_entry_group>, create_entry_group already registered for DAG: example_complex
[2025-07-13T11:16:39.335+0000] {logging_mixin.py:120} INFO - [2025-07-13T11:16:39.335+0000] {taskmixin.py:205} WARNING - Dependency <Task(BashOperator): create_entry_gcs>, delete_entry already registered for DAG: example_complex
[2025-07-13T11:16:39.336+0000] {logging_mixin.py:120} INFO - [2025-07-13T11:16:39.335+0000] {taskmixin.py:205} WARNING - Dependency <Task(BashOperator): delete_entry>, create_entry_gcs already registered for DAG: example_complex
[2025-07-13T11:16:39.337+0000] {logging_mixin.py:120} INFO - [2025-07-13T11:16:39.336+0000] {taskmixin.py:205} WARNING - Dependency <Task(BashOperator): create_tag>, delete_tag already registered for DAG: example_complex
[2025-07-13T11:16:39.337+0000] {logging_mixin.py:120} INFO - [2025-07-13T11:16:39.337+0000] {taskmixin.py:205} WARNING - Dependency <Task(BashOperator): delete_tag>, create_tag already registered for DAG: example_complex
[2025-07-13T11:16:39.347+0000] {processor.py:766} INFO - DAG(s) dict_keys(['example_complex']) retrieved from /home/airflow/.local/lib/python3.7/site-packages/airflow/example_dags/example_complex.py
[2025-07-13T11:16:39.417+0000] {logging_mixin.py:120} INFO - [2025-07-13T11:16:39.417+0000] {dag.py:2585} INFO - Sync 1 DAGs
[2025-07-13T11:16:39.455+0000] {logging_mixin.py:120} INFO - [2025-07-13T11:16:39.455+0000] {dag.py:3340} INFO - Setting next_dagrun for example_complex to None, run_after=None
[2025-07-13T11:16:39.488+0000] {processor.py:176} INFO - Processing /home/airflow/.local/lib/python3.7/site-packages/airflow/example_dags/example_complex.py took 0.214 seconds
[2025-07-13T11:17:09.978+0000] {processor.py:154} INFO - Started process (PID=8964) to work on /home/airflow/.local/lib/python3.7/site-packages/airflow/example_dags/example_complex.py
[2025-07-13T11:17:09.980+0000] {processor.py:756} INFO - Processing file /home/airflow/.local/lib/python3.7/site-packages/airflow/example_dags/example_complex.py for tasks to queue
[2025-07-13T11:17:09.982+0000] {logging_mixin.py:120} INFO - [2025-07-13T11:17:09.982+0000] {dagbag.py:537} INFO - Filling up the DagBag from /home/airflow/.local/lib/python3.7/site-packages/airflow/example_dags/example_complex.py
[2025-07-13T11:17:09.995+0000] {logging_mixin.py:120} INFO - [2025-07-13T11:17:09.995+0000] {taskmixin.py:205} WARNING - Dependency <Task(BashOperator): create_entry_group>, delete_entry_group already registered for DAG: example_complex
[2025-07-13T11:17:09.996+0000] {logging_mixin.py:120} INFO - [2025-07-13T11:17:09.995+0000] {taskmixin.py:205} WARNING - Dependency <Task(BashOperator): delete_entry_group>, create_entry_group already registered for DAG: example_complex
[2025-07-13T11:17:09.997+0000] {logging_mixin.py:120} INFO - [2025-07-13T11:17:09.996+0000] {taskmixin.py:205} WARNING - Dependency <Task(BashOperator): create_entry_gcs>, delete_entry already registered for DAG: example_complex
[2025-07-13T11:17:09.997+0000] {logging_mixin.py:120} INFO - [2025-07-13T11:17:09.997+0000] {taskmixin.py:205} WARNING - Dependency <Task(BashOperator): delete_entry>, create_entry_gcs already registered for DAG: example_complex
[2025-07-13T11:17:09.998+0000] {logging_mixin.py:120} INFO - [2025-07-13T11:17:09.998+0000] {taskmixin.py:205} WARNING - Dependency <Task(BashOperator): create_tag>, delete_tag already registered for DAG: example_complex
[2025-07-13T11:17:09.999+0000] {logging_mixin.py:120} INFO - [2025-07-13T11:17:09.999+0000] {taskmixin.py:205} WARNING - Dependency <Task(BashOperator): delete_tag>, create_tag already registered for DAG: example_complex
[2025-07-13T11:17:10.011+0000] {processor.py:766} INFO - DAG(s) dict_keys(['example_complex']) retrieved from /home/airflow/.local/lib/python3.7/site-packages/airflow/example_dags/example_complex.py
[2025-07-13T11:17:10.066+0000] {logging_mixin.py:120} INFO - [2025-07-13T11:17:10.065+0000] {dag.py:2585} INFO - Sync 1 DAGs
[2025-07-13T11:17:10.095+0000] {logging_mixin.py:120} INFO - [2025-07-13T11:17:10.094+0000] {dag.py:3340} INFO - Setting next_dagrun for example_complex to None, run_after=None
[2025-07-13T11:17:10.119+0000] {processor.py:176} INFO - Processing /home/airflow/.local/lib/python3.7/site-packages/airflow/example_dags/example_complex.py took 0.146 seconds
[2025-07-13T11:17:40.451+0000] {processor.py:154} INFO - Started process (PID=9019) to work on /home/airflow/.local/lib/python3.7/site-packages/airflow/example_dags/example_complex.py
[2025-07-13T11:17:40.455+0000] {processor.py:756} INFO - Processing file /home/airflow/.local/lib/python3.7/site-packages/airflow/example_dags/example_complex.py for tasks to queue
[2025-07-13T11:17:40.457+0000] {logging_mixin.py:120} INFO - [2025-07-13T11:17:40.457+0000] {dagbag.py:537} INFO - Filling up the DagBag from /home/airflow/.local/lib/python3.7/site-packages/airflow/example_dags/example_complex.py
[2025-07-13T11:17:40.479+0000] {logging_mixin.py:120} INFO - [2025-07-13T11:17:40.479+0000] {taskmixin.py:205} WARNING - Dependency <Task(BashOperator): create_entry_group>, delete_entry_group already registered for DAG: example_complex
[2025-07-13T11:17:40.480+0000] {logging_mixin.py:120} INFO - [2025-07-13T11:17:40.480+0000] {taskmixin.py:205} WARNING - Dependency <Task(BashOperator): delete_entry_group>, create_entry_group already registered for DAG: example_complex
[2025-07-13T11:17:40.481+0000] {logging_mixin.py:120} INFO - [2025-07-13T11:17:40.481+0000] {taskmixin.py:205} WARNING - Dependency <Task(BashOperator): create_entry_gcs>, delete_entry already registered for DAG: example_complex
[2025-07-13T11:17:40.482+0000] {logging_mixin.py:120} INFO - [2025-07-13T11:17:40.482+0000] {taskmixin.py:205} WARNING - Dependency <Task(BashOperator): delete_entry>, create_entry_gcs already registered for DAG: example_complex
[2025-07-13T11:17:40.483+0000] {logging_mixin.py:120} INFO - [2025-07-13T11:17:40.483+0000] {taskmixin.py:205} WARNING - Dependency <Task(BashOperator): create_tag>, delete_tag already registered for DAG: example_complex
[2025-07-13T11:17:40.485+0000] {logging_mixin.py:120} INFO - [2025-07-13T11:17:40.484+0000] {taskmixin.py:205} WARNING - Dependency <Task(BashOperator): delete_tag>, create_tag already registered for DAG: example_complex
[2025-07-13T11:17:40.497+0000] {processor.py:766} INFO - DAG(s) dict_keys(['example_complex']) retrieved from /home/airflow/.local/lib/python3.7/site-packages/airflow/example_dags/example_complex.py
[2025-07-13T11:17:40.555+0000] {logging_mixin.py:120} INFO - [2025-07-13T11:17:40.555+0000] {dag.py:2585} INFO - Sync 1 DAGs
[2025-07-13T11:17:40.595+0000] {logging_mixin.py:120} INFO - [2025-07-13T11:17:40.594+0000] {dag.py:3340} INFO - Setting next_dagrun for example_complex to None, run_after=None
[2025-07-13T11:17:40.624+0000] {processor.py:176} INFO - Processing /home/airflow/.local/lib/python3.7/site-packages/airflow/example_dags/example_complex.py took 0.179 seconds
[2025-07-13T11:18:10.864+0000] {processor.py:154} INFO - Started process (PID=9082) to work on /home/airflow/.local/lib/python3.7/site-packages/airflow/example_dags/example_complex.py
[2025-07-13T11:18:10.865+0000] {processor.py:756} INFO - Processing file /home/airflow/.local/lib/python3.7/site-packages/airflow/example_dags/example_complex.py for tasks to queue
[2025-07-13T11:18:10.866+0000] {logging_mixin.py:120} INFO - [2025-07-13T11:18:10.866+0000] {dagbag.py:537} INFO - Filling up the DagBag from /home/airflow/.local/lib/python3.7/site-packages/airflow/example_dags/example_complex.py
[2025-07-13T11:18:10.885+0000] {logging_mixin.py:120} INFO - [2025-07-13T11:18:10.885+0000] {taskmixin.py:205} WARNING - Dependency <Task(BashOperator): create_entry_group>, delete_entry_group already registered for DAG: example_complex
[2025-07-13T11:18:10.886+0000] {logging_mixin.py:120} INFO - [2025-07-13T11:18:10.886+0000] {taskmixin.py:205} WARNING - Dependency <Task(BashOperator): delete_entry_group>, create_entry_group already registered for DAG: example_complex
[2025-07-13T11:18:10.887+0000] {logging_mixin.py:120} INFO - [2025-07-13T11:18:10.886+0000] {taskmixin.py:205} WARNING - Dependency <Task(BashOperator): create_entry_gcs>, delete_entry already registered for DAG: example_complex
[2025-07-13T11:18:10.887+0000] {logging_mixin.py:120} INFO - [2025-07-13T11:18:10.887+0000] {taskmixin.py:205} WARNING - Dependency <Task(BashOperator): delete_entry>, create_entry_gcs already registered for DAG: example_complex
[2025-07-13T11:18:10.888+0000] {logging_mixin.py:120} INFO - [2025-07-13T11:18:10.888+0000] {taskmixin.py:205} WARNING - Dependency <Task(BashOperator): create_tag>, delete_tag already registered for DAG: example_complex
[2025-07-13T11:18:10.889+0000] {logging_mixin.py:120} INFO - [2025-07-13T11:18:10.888+0000] {taskmixin.py:205} WARNING - Dependency <Task(BashOperator): delete_tag>, create_tag already registered for DAG: example_complex
[2025-07-13T11:18:10.898+0000] {processor.py:766} INFO - DAG(s) dict_keys(['example_complex']) retrieved from /home/airflow/.local/lib/python3.7/site-packages/airflow/example_dags/example_complex.py
[2025-07-13T11:18:10.956+0000] {logging_mixin.py:120} INFO - [2025-07-13T11:18:10.956+0000] {dag.py:2585} INFO - Sync 1 DAGs
[2025-07-13T11:18:10.989+0000] {logging_mixin.py:120} INFO - [2025-07-13T11:18:10.989+0000] {dag.py:3340} INFO - Setting next_dagrun for example_complex to None, run_after=None
[2025-07-13T11:18:11.018+0000] {processor.py:176} INFO - Processing /home/airflow/.local/lib/python3.7/site-packages/airflow/example_dags/example_complex.py took 0.158 seconds
[2025-07-13T11:18:41.777+0000] {processor.py:154} INFO - Started process (PID=9145) to work on /home/airflow/.local/lib/python3.7/site-packages/airflow/example_dags/example_complex.py
[2025-07-13T11:18:41.779+0000] {processor.py:756} INFO - Processing file /home/airflow/.local/lib/python3.7/site-packages/airflow/example_dags/example_complex.py for tasks to queue
[2025-07-13T11:18:41.780+0000] {logging_mixin.py:120} INFO - [2025-07-13T11:18:41.780+0000] {dagbag.py:537} INFO - Filling up the DagBag from /home/airflow/.local/lib/python3.7/site-packages/airflow/example_dags/example_complex.py
[2025-07-13T11:18:41.793+0000] {logging_mixin.py:120} INFO - [2025-07-13T11:18:41.792+0000] {taskmixin.py:205} WARNING - Dependency <Task(BashOperator): create_entry_group>, delete_entry_group already registered for DAG: example_complex
[2025-07-13T11:18:41.796+0000] {logging_mixin.py:120} INFO - [2025-07-13T11:18:41.796+0000] {taskmixin.py:205} WARNING - Dependency <Task(BashOperator): delete_entry_group>, create_entry_group already registered for DAG: example_complex
[2025-07-13T11:18:41.796+0000] {logging_mixin.py:120} INFO - [2025-07-13T11:18:41.796+0000] {taskmixin.py:205} WARNING - Dependency <Task(BashOperator): create_entry_gcs>, delete_entry already registered for DAG: example_complex
[2025-07-13T11:18:41.797+0000] {logging_mixin.py:120} INFO - [2025-07-13T11:18:41.797+0000] {taskmixin.py:205} WARNING - Dependency <Task(BashOperator): delete_entry>, create_entry_gcs already registered for DAG: example_complex
[2025-07-13T11:18:41.798+0000] {logging_mixin.py:120} INFO - [2025-07-13T11:18:41.797+0000] {taskmixin.py:205} WARNING - Dependency <Task(BashOperator): create_tag>, delete_tag already registered for DAG: example_complex
[2025-07-13T11:18:41.798+0000] {logging_mixin.py:120} INFO - [2025-07-13T11:18:41.798+0000] {taskmixin.py:205} WARNING - Dependency <Task(BashOperator): delete_tag>, create_tag already registered for DAG: example_complex
[2025-07-13T11:18:41.807+0000] {processor.py:766} INFO - DAG(s) dict_keys(['example_complex']) retrieved from /home/airflow/.local/lib/python3.7/site-packages/airflow/example_dags/example_complex.py
[2025-07-13T11:18:41.883+0000] {logging_mixin.py:120} INFO - [2025-07-13T11:18:41.882+0000] {dag.py:2585} INFO - Sync 1 DAGs
[2025-07-13T11:18:41.924+0000] {logging_mixin.py:120} INFO - [2025-07-13T11:18:41.924+0000] {dag.py:3340} INFO - Setting next_dagrun for example_complex to None, run_after=None
[2025-07-13T11:18:41.956+0000] {processor.py:176} INFO - Processing /home/airflow/.local/lib/python3.7/site-packages/airflow/example_dags/example_complex.py took 0.184 seconds
[2025-07-13T11:19:12.869+0000] {processor.py:154} INFO - Started process (PID=9199) to work on /home/airflow/.local/lib/python3.7/site-packages/airflow/example_dags/example_complex.py
[2025-07-13T11:19:12.873+0000] {processor.py:756} INFO - Processing file /home/airflow/.local/lib/python3.7/site-packages/airflow/example_dags/example_complex.py for tasks to queue
[2025-07-13T11:19:12.876+0000] {logging_mixin.py:120} INFO - [2025-07-13T11:19:12.876+0000] {dagbag.py:537} INFO - Filling up the DagBag from /home/airflow/.local/lib/python3.7/site-packages/airflow/example_dags/example_complex.py
[2025-07-13T11:19:12.899+0000] {logging_mixin.py:120} INFO - [2025-07-13T11:19:12.899+0000] {taskmixin.py:205} WARNING - Dependency <Task(BashOperator): create_entry_group>, delete_entry_group already registered for DAG: example_complex
[2025-07-13T11:19:12.900+0000] {logging_mixin.py:120} INFO - [2025-07-13T11:19:12.900+0000] {taskmixin.py:205} WARNING - Dependency <Task(BashOperator): delete_entry_group>, create_entry_group already registered for DAG: example_complex
[2025-07-13T11:19:12.902+0000] {logging_mixin.py:120} INFO - [2025-07-13T11:19:12.902+0000] {taskmixin.py:205} WARNING - Dependency <Task(BashOperator): create_entry_gcs>, delete_entry already registered for DAG: example_complex
[2025-07-13T11:19:12.905+0000] {logging_mixin.py:120} INFO - [2025-07-13T11:19:12.905+0000] {taskmixin.py:205} WARNING - Dependency <Task(BashOperator): delete_entry>, create_entry_gcs already registered for DAG: example_complex
[2025-07-13T11:19:12.906+0000] {logging_mixin.py:120} INFO - [2025-07-13T11:19:12.906+0000] {taskmixin.py:205} WARNING - Dependency <Task(BashOperator): create_tag>, delete_tag already registered for DAG: example_complex
[2025-07-13T11:19:12.907+0000] {logging_mixin.py:120} INFO - [2025-07-13T11:19:12.907+0000] {taskmixin.py:205} WARNING - Dependency <Task(BashOperator): delete_tag>, create_tag already registered for DAG: example_complex
[2025-07-13T11:19:12.923+0000] {processor.py:766} INFO - DAG(s) dict_keys(['example_complex']) retrieved from /home/airflow/.local/lib/python3.7/site-packages/airflow/example_dags/example_complex.py
[2025-07-13T11:19:13.016+0000] {logging_mixin.py:120} INFO - [2025-07-13T11:19:13.016+0000] {dag.py:2585} INFO - Sync 1 DAGs
[2025-07-13T11:19:13.044+0000] {logging_mixin.py:120} INFO - [2025-07-13T11:19:13.044+0000] {dag.py:3340} INFO - Setting next_dagrun for example_complex to None, run_after=None
[2025-07-13T11:19:13.078+0000] {processor.py:176} INFO - Processing /home/airflow/.local/lib/python3.7/site-packages/airflow/example_dags/example_complex.py took 0.215 seconds
[2025-07-13T11:19:43.228+0000] {processor.py:154} INFO - Started process (PID=9252) to work on /home/airflow/.local/lib/python3.7/site-packages/airflow/example_dags/example_complex.py
[2025-07-13T11:19:43.231+0000] {processor.py:756} INFO - Processing file /home/airflow/.local/lib/python3.7/site-packages/airflow/example_dags/example_complex.py for tasks to queue
[2025-07-13T11:19:43.234+0000] {logging_mixin.py:120} INFO - [2025-07-13T11:19:43.234+0000] {dagbag.py:537} INFO - Filling up the DagBag from /home/airflow/.local/lib/python3.7/site-packages/airflow/example_dags/example_complex.py
[2025-07-13T11:19:43.271+0000] {logging_mixin.py:120} INFO - [2025-07-13T11:19:43.271+0000] {taskmixin.py:205} WARNING - Dependency <Task(BashOperator): create_entry_group>, delete_entry_group already registered for DAG: example_complex
[2025-07-13T11:19:43.272+0000] {logging_mixin.py:120} INFO - [2025-07-13T11:19:43.272+0000] {taskmixin.py:205} WARNING - Dependency <Task(BashOperator): delete_entry_group>, create_entry_group already registered for DAG: example_complex
[2025-07-13T11:19:43.274+0000] {logging_mixin.py:120} INFO - [2025-07-13T11:19:43.274+0000] {taskmixin.py:205} WARNING - Dependency <Task(BashOperator): create_entry_gcs>, delete_entry already registered for DAG: example_complex
[2025-07-13T11:19:43.278+0000] {logging_mixin.py:120} INFO - [2025-07-13T11:19:43.277+0000] {taskmixin.py:205} WARNING - Dependency <Task(BashOperator): delete_entry>, create_entry_gcs already registered for DAG: example_complex
[2025-07-13T11:19:43.281+0000] {logging_mixin.py:120} INFO - [2025-07-13T11:19:43.281+0000] {taskmixin.py:205} WARNING - Dependency <Task(BashOperator): create_tag>, delete_tag already registered for DAG: example_complex
[2025-07-13T11:19:43.282+0000] {logging_mixin.py:120} INFO - [2025-07-13T11:19:43.282+0000] {taskmixin.py:205} WARNING - Dependency <Task(BashOperator): delete_tag>, create_tag already registered for DAG: example_complex
[2025-07-13T11:19:43.306+0000] {processor.py:766} INFO - DAG(s) dict_keys(['example_complex']) retrieved from /home/airflow/.local/lib/python3.7/site-packages/airflow/example_dags/example_complex.py
[2025-07-13T11:19:43.438+0000] {logging_mixin.py:120} INFO - [2025-07-13T11:19:43.438+0000] {dag.py:2585} INFO - Sync 1 DAGs
[2025-07-13T11:19:43.540+0000] {logging_mixin.py:120} INFO - [2025-07-13T11:19:43.540+0000] {dag.py:3340} INFO - Setting next_dagrun for example_complex to None, run_after=None
[2025-07-13T11:19:43.622+0000] {processor.py:176} INFO - Processing /home/airflow/.local/lib/python3.7/site-packages/airflow/example_dags/example_complex.py took 0.411 seconds
[2025-07-13T11:20:14.044+0000] {processor.py:154} INFO - Started process (PID=9306) to work on /home/airflow/.local/lib/python3.7/site-packages/airflow/example_dags/example_complex.py
[2025-07-13T11:20:14.046+0000] {processor.py:756} INFO - Processing file /home/airflow/.local/lib/python3.7/site-packages/airflow/example_dags/example_complex.py for tasks to queue
[2025-07-13T11:20:14.047+0000] {logging_mixin.py:120} INFO - [2025-07-13T11:20:14.047+0000] {dagbag.py:537} INFO - Filling up the DagBag from /home/airflow/.local/lib/python3.7/site-packages/airflow/example_dags/example_complex.py
[2025-07-13T11:20:14.061+0000] {logging_mixin.py:120} INFO - [2025-07-13T11:20:14.061+0000] {taskmixin.py:205} WARNING - Dependency <Task(BashOperator): create_entry_group>, delete_entry_group already registered for DAG: example_complex
[2025-07-13T11:20:14.062+0000] {logging_mixin.py:120} INFO - [2025-07-13T11:20:14.062+0000] {taskmixin.py:205} WARNING - Dependency <Task(BashOperator): delete_entry_group>, create_entry_group already registered for DAG: example_complex
[2025-07-13T11:20:14.063+0000] {logging_mixin.py:120} INFO - [2025-07-13T11:20:14.062+0000] {taskmixin.py:205} WARNING - Dependency <Task(BashOperator): create_entry_gcs>, delete_entry already registered for DAG: example_complex
[2025-07-13T11:20:14.063+0000] {logging_mixin.py:120} INFO - [2025-07-13T11:20:14.063+0000] {taskmixin.py:205} WARNING - Dependency <Task(BashOperator): delete_entry>, create_entry_gcs already registered for DAG: example_complex
[2025-07-13T11:20:14.064+0000] {logging_mixin.py:120} INFO - [2025-07-13T11:20:14.064+0000] {taskmixin.py:205} WARNING - Dependency <Task(BashOperator): create_tag>, delete_tag already registered for DAG: example_complex
[2025-07-13T11:20:14.065+0000] {logging_mixin.py:120} INFO - [2025-07-13T11:20:14.065+0000] {taskmixin.py:205} WARNING - Dependency <Task(BashOperator): delete_tag>, create_tag already registered for DAG: example_complex
[2025-07-13T11:20:14.076+0000] {processor.py:766} INFO - DAG(s) dict_keys(['example_complex']) retrieved from /home/airflow/.local/lib/python3.7/site-packages/airflow/example_dags/example_complex.py
[2025-07-13T11:20:14.136+0000] {logging_mixin.py:120} INFO - [2025-07-13T11:20:14.136+0000] {dag.py:2585} INFO - Sync 1 DAGs
[2025-07-13T11:20:14.171+0000] {logging_mixin.py:120} INFO - [2025-07-13T11:20:14.171+0000] {dag.py:3340} INFO - Setting next_dagrun for example_complex to None, run_after=None
[2025-07-13T11:20:14.196+0000] {processor.py:176} INFO - Processing /home/airflow/.local/lib/python3.7/site-packages/airflow/example_dags/example_complex.py took 0.156 seconds
[2025-07-13T11:20:44.469+0000] {processor.py:154} INFO - Started process (PID=9370) to work on /home/airflow/.local/lib/python3.7/site-packages/airflow/example_dags/example_complex.py
[2025-07-13T11:20:44.471+0000] {processor.py:756} INFO - Processing file /home/airflow/.local/lib/python3.7/site-packages/airflow/example_dags/example_complex.py for tasks to queue
[2025-07-13T11:20:44.472+0000] {logging_mixin.py:120} INFO - [2025-07-13T11:20:44.472+0000] {dagbag.py:537} INFO - Filling up the DagBag from /home/airflow/.local/lib/python3.7/site-packages/airflow/example_dags/example_complex.py
[2025-07-13T11:20:44.488+0000] {logging_mixin.py:120} INFO - [2025-07-13T11:20:44.488+0000] {taskmixin.py:205} WARNING - Dependency <Task(BashOperator): create_entry_group>, delete_entry_group already registered for DAG: example_complex
[2025-07-13T11:20:44.489+0000] {logging_mixin.py:120} INFO - [2025-07-13T11:20:44.489+0000] {taskmixin.py:205} WARNING - Dependency <Task(BashOperator): delete_entry_group>, create_entry_group already registered for DAG: example_complex
[2025-07-13T11:20:44.489+0000] {logging_mixin.py:120} INFO - [2025-07-13T11:20:44.489+0000] {taskmixin.py:205} WARNING - Dependency <Task(BashOperator): create_entry_gcs>, delete_entry already registered for DAG: example_complex
[2025-07-13T11:20:44.490+0000] {logging_mixin.py:120} INFO - [2025-07-13T11:20:44.490+0000] {taskmixin.py:205} WARNING - Dependency <Task(BashOperator): delete_entry>, create_entry_gcs already registered for DAG: example_complex
[2025-07-13T11:20:44.490+0000] {logging_mixin.py:120} INFO - [2025-07-13T11:20:44.490+0000] {taskmixin.py:205} WARNING - Dependency <Task(BashOperator): create_tag>, delete_tag already registered for DAG: example_complex
[2025-07-13T11:20:44.491+0000] {logging_mixin.py:120} INFO - [2025-07-13T11:20:44.491+0000] {taskmixin.py:205} WARNING - Dependency <Task(BashOperator): delete_tag>, create_tag already registered for DAG: example_complex
[2025-07-13T11:20:44.500+0000] {processor.py:766} INFO - DAG(s) dict_keys(['example_complex']) retrieved from /home/airflow/.local/lib/python3.7/site-packages/airflow/example_dags/example_complex.py
[2025-07-13T11:20:44.566+0000] {logging_mixin.py:120} INFO - [2025-07-13T11:20:44.566+0000] {dag.py:2585} INFO - Sync 1 DAGs
[2025-07-13T11:20:44.609+0000] {logging_mixin.py:120} INFO - [2025-07-13T11:20:44.609+0000] {dag.py:3340} INFO - Setting next_dagrun for example_complex to None, run_after=None
[2025-07-13T11:20:44.647+0000] {processor.py:176} INFO - Processing /home/airflow/.local/lib/python3.7/site-packages/airflow/example_dags/example_complex.py took 0.183 seconds
[2025-07-13T11:21:15.798+0000] {processor.py:154} INFO - Started process (PID=9424) to work on /home/airflow/.local/lib/python3.7/site-packages/airflow/example_dags/example_complex.py
[2025-07-13T11:21:15.811+0000] {processor.py:756} INFO - Processing file /home/airflow/.local/lib/python3.7/site-packages/airflow/example_dags/example_complex.py for tasks to queue
[2025-07-13T11:21:15.815+0000] {logging_mixin.py:120} INFO - [2025-07-13T11:21:15.815+0000] {dagbag.py:537} INFO - Filling up the DagBag from /home/airflow/.local/lib/python3.7/site-packages/airflow/example_dags/example_complex.py
[2025-07-13T11:21:15.890+0000] {logging_mixin.py:120} INFO - [2025-07-13T11:21:15.890+0000] {taskmixin.py:205} WARNING - Dependency <Task(BashOperator): create_entry_group>, delete_entry_group already registered for DAG: example_complex
[2025-07-13T11:21:15.892+0000] {logging_mixin.py:120} INFO - [2025-07-13T11:21:15.892+0000] {taskmixin.py:205} WARNING - Dependency <Task(BashOperator): delete_entry_group>, create_entry_group already registered for DAG: example_complex
[2025-07-13T11:21:15.900+0000] {logging_mixin.py:120} INFO - [2025-07-13T11:21:15.900+0000] {taskmixin.py:205} WARNING - Dependency <Task(BashOperator): create_entry_gcs>, delete_entry already registered for DAG: example_complex
[2025-07-13T11:21:15.914+0000] {logging_mixin.py:120} INFO - [2025-07-13T11:21:15.914+0000] {taskmixin.py:205} WARNING - Dependency <Task(BashOperator): delete_entry>, create_entry_gcs already registered for DAG: example_complex
[2025-07-13T11:21:15.930+0000] {logging_mixin.py:120} INFO - [2025-07-13T11:21:15.930+0000] {taskmixin.py:205} WARNING - Dependency <Task(BashOperator): create_tag>, delete_tag already registered for DAG: example_complex
[2025-07-13T11:21:15.946+0000] {logging_mixin.py:120} INFO - [2025-07-13T11:21:15.946+0000] {taskmixin.py:205} WARNING - Dependency <Task(BashOperator): delete_tag>, create_tag already registered for DAG: example_complex
[2025-07-13T11:21:16.015+0000] {processor.py:766} INFO - DAG(s) dict_keys(['example_complex']) retrieved from /home/airflow/.local/lib/python3.7/site-packages/airflow/example_dags/example_complex.py
[2025-07-13T11:21:16.340+0000] {logging_mixin.py:120} INFO - [2025-07-13T11:21:16.340+0000] {dag.py:2585} INFO - Sync 1 DAGs
[2025-07-13T11:21:16.468+0000] {logging_mixin.py:120} INFO - [2025-07-13T11:21:16.468+0000] {dag.py:3340} INFO - Setting next_dagrun for example_complex to None, run_after=None
[2025-07-13T11:21:16.581+0000] {processor.py:176} INFO - Processing /home/airflow/.local/lib/python3.7/site-packages/airflow/example_dags/example_complex.py took 0.789 seconds
[2025-07-13T11:21:46.671+0000] {processor.py:154} INFO - Started process (PID=9477) to work on /home/airflow/.local/lib/python3.7/site-packages/airflow/example_dags/example_complex.py
[2025-07-13T11:21:46.673+0000] {processor.py:756} INFO - Processing file /home/airflow/.local/lib/python3.7/site-packages/airflow/example_dags/example_complex.py for tasks to queue
[2025-07-13T11:21:46.675+0000] {logging_mixin.py:120} INFO - [2025-07-13T11:21:46.674+0000] {dagbag.py:537} INFO - Filling up the DagBag from /home/airflow/.local/lib/python3.7/site-packages/airflow/example_dags/example_complex.py
[2025-07-13T11:21:46.692+0000] {logging_mixin.py:120} INFO - [2025-07-13T11:21:46.692+0000] {taskmixin.py:205} WARNING - Dependency <Task(BashOperator): create_entry_group>, delete_entry_group already registered for DAG: example_complex
[2025-07-13T11:21:46.693+0000] {logging_mixin.py:120} INFO - [2025-07-13T11:21:46.693+0000] {taskmixin.py:205} WARNING - Dependency <Task(BashOperator): delete_entry_group>, create_entry_group already registered for DAG: example_complex
[2025-07-13T11:21:46.694+0000] {logging_mixin.py:120} INFO - [2025-07-13T11:21:46.693+0000] {taskmixin.py:205} WARNING - Dependency <Task(BashOperator): create_entry_gcs>, delete_entry already registered for DAG: example_complex
[2025-07-13T11:21:46.694+0000] {logging_mixin.py:120} INFO - [2025-07-13T11:21:46.694+0000] {taskmixin.py:205} WARNING - Dependency <Task(BashOperator): delete_entry>, create_entry_gcs already registered for DAG: example_complex
[2025-07-13T11:21:46.695+0000] {logging_mixin.py:120} INFO - [2025-07-13T11:21:46.694+0000] {taskmixin.py:205} WARNING - Dependency <Task(BashOperator): create_tag>, delete_tag already registered for DAG: example_complex
[2025-07-13T11:21:46.695+0000] {logging_mixin.py:120} INFO - [2025-07-13T11:21:46.695+0000] {taskmixin.py:205} WARNING - Dependency <Task(BashOperator): delete_tag>, create_tag already registered for DAG: example_complex
[2025-07-13T11:21:46.705+0000] {processor.py:766} INFO - DAG(s) dict_keys(['example_complex']) retrieved from /home/airflow/.local/lib/python3.7/site-packages/airflow/example_dags/example_complex.py
[2025-07-13T11:21:46.791+0000] {logging_mixin.py:120} INFO - [2025-07-13T11:21:46.791+0000] {dag.py:2585} INFO - Sync 1 DAGs
[2025-07-13T11:21:46.892+0000] {logging_mixin.py:120} INFO - [2025-07-13T11:21:46.891+0000] {dag.py:3340} INFO - Setting next_dagrun for example_complex to None, run_after=None
[2025-07-13T11:21:46.943+0000] {processor.py:176} INFO - Processing /home/airflow/.local/lib/python3.7/site-packages/airflow/example_dags/example_complex.py took 0.279 seconds
[2025-07-13T11:22:19.607+0000] {processor.py:154} INFO - Started process (PID=9540) to work on /home/airflow/.local/lib/python3.7/site-packages/airflow/example_dags/example_complex.py
[2025-07-13T11:22:19.611+0000] {processor.py:756} INFO - Processing file /home/airflow/.local/lib/python3.7/site-packages/airflow/example_dags/example_complex.py for tasks to queue
[2025-07-13T11:22:19.622+0000] {logging_mixin.py:120} INFO - [2025-07-13T11:22:19.621+0000] {dagbag.py:537} INFO - Filling up the DagBag from /home/airflow/.local/lib/python3.7/site-packages/airflow/example_dags/example_complex.py
[2025-07-13T11:22:19.719+0000] {logging_mixin.py:120} INFO - [2025-07-13T11:22:19.718+0000] {taskmixin.py:205} WARNING - Dependency <Task(BashOperator): create_entry_group>, delete_entry_group already registered for DAG: example_complex
[2025-07-13T11:22:19.719+0000] {logging_mixin.py:120} INFO - [2025-07-13T11:22:19.719+0000] {taskmixin.py:205} WARNING - Dependency <Task(BashOperator): delete_entry_group>, create_entry_group already registered for DAG: example_complex
[2025-07-13T11:22:19.721+0000] {logging_mixin.py:120} INFO - [2025-07-13T11:22:19.720+0000] {taskmixin.py:205} WARNING - Dependency <Task(BashOperator): create_entry_gcs>, delete_entry already registered for DAG: example_complex
[2025-07-13T11:22:19.721+0000] {logging_mixin.py:120} INFO - [2025-07-13T11:22:19.721+0000] {taskmixin.py:205} WARNING - Dependency <Task(BashOperator): delete_entry>, create_entry_gcs already registered for DAG: example_complex
[2025-07-13T11:22:19.733+0000] {logging_mixin.py:120} INFO - [2025-07-13T11:22:19.732+0000] {taskmixin.py:205} WARNING - Dependency <Task(BashOperator): create_tag>, delete_tag already registered for DAG: example_complex
[2025-07-13T11:22:19.734+0000] {logging_mixin.py:120} INFO - [2025-07-13T11:22:19.734+0000] {taskmixin.py:205} WARNING - Dependency <Task(BashOperator): delete_tag>, create_tag already registered for DAG: example_complex
[2025-07-13T11:22:19.798+0000] {processor.py:766} INFO - DAG(s) dict_keys(['example_complex']) retrieved from /home/airflow/.local/lib/python3.7/site-packages/airflow/example_dags/example_complex.py
[2025-07-13T11:22:20.238+0000] {logging_mixin.py:120} INFO - [2025-07-13T11:22:20.238+0000] {dag.py:2585} INFO - Sync 1 DAGs
[2025-07-13T11:22:20.441+0000] {logging_mixin.py:120} INFO - [2025-07-13T11:22:20.441+0000] {dag.py:3340} INFO - Setting next_dagrun for example_complex to None, run_after=None
[2025-07-13T11:22:20.603+0000] {processor.py:176} INFO - Processing /home/airflow/.local/lib/python3.7/site-packages/airflow/example_dags/example_complex.py took 1.014 seconds
[2025-07-13T11:22:51.513+0000] {processor.py:154} INFO - Started process (PID=9586) to work on /home/airflow/.local/lib/python3.7/site-packages/airflow/example_dags/example_complex.py
[2025-07-13T11:22:51.514+0000] {processor.py:756} INFO - Processing file /home/airflow/.local/lib/python3.7/site-packages/airflow/example_dags/example_complex.py for tasks to queue
[2025-07-13T11:22:51.516+0000] {logging_mixin.py:120} INFO - [2025-07-13T11:22:51.515+0000] {dagbag.py:537} INFO - Filling up the DagBag from /home/airflow/.local/lib/python3.7/site-packages/airflow/example_dags/example_complex.py
[2025-07-13T11:22:51.529+0000] {logging_mixin.py:120} INFO - [2025-07-13T11:22:51.529+0000] {taskmixin.py:205} WARNING - Dependency <Task(BashOperator): create_entry_group>, delete_entry_group already registered for DAG: example_complex
[2025-07-13T11:22:51.530+0000] {logging_mixin.py:120} INFO - [2025-07-13T11:22:51.530+0000] {taskmixin.py:205} WARNING - Dependency <Task(BashOperator): delete_entry_group>, create_entry_group already registered for DAG: example_complex
[2025-07-13T11:22:51.531+0000] {logging_mixin.py:120} INFO - [2025-07-13T11:22:51.531+0000] {taskmixin.py:205} WARNING - Dependency <Task(BashOperator): create_entry_gcs>, delete_entry already registered for DAG: example_complex
[2025-07-13T11:22:51.531+0000] {logging_mixin.py:120} INFO - [2025-07-13T11:22:51.531+0000] {taskmixin.py:205} WARNING - Dependency <Task(BashOperator): delete_entry>, create_entry_gcs already registered for DAG: example_complex
[2025-07-13T11:22:51.532+0000] {logging_mixin.py:120} INFO - [2025-07-13T11:22:51.532+0000] {taskmixin.py:205} WARNING - Dependency <Task(BashOperator): create_tag>, delete_tag already registered for DAG: example_complex
[2025-07-13T11:22:51.532+0000] {logging_mixin.py:120} INFO - [2025-07-13T11:22:51.532+0000] {taskmixin.py:205} WARNING - Dependency <Task(BashOperator): delete_tag>, create_tag already registered for DAG: example_complex
[2025-07-13T11:22:51.543+0000] {processor.py:766} INFO - DAG(s) dict_keys(['example_complex']) retrieved from /home/airflow/.local/lib/python3.7/site-packages/airflow/example_dags/example_complex.py
[2025-07-13T11:22:51.616+0000] {logging_mixin.py:120} INFO - [2025-07-13T11:22:51.616+0000] {dag.py:2585} INFO - Sync 1 DAGs
[2025-07-13T11:22:51.654+0000] {logging_mixin.py:120} INFO - [2025-07-13T11:22:51.654+0000] {dag.py:3340} INFO - Setting next_dagrun for example_complex to None, run_after=None
[2025-07-13T11:22:51.762+0000] {processor.py:176} INFO - Processing /home/airflow/.local/lib/python3.7/site-packages/airflow/example_dags/example_complex.py took 0.253 seconds
[2025-07-13T11:23:22.236+0000] {processor.py:154} INFO - Started process (PID=9649) to work on /home/airflow/.local/lib/python3.7/site-packages/airflow/example_dags/example_complex.py
[2025-07-13T11:23:22.245+0000] {processor.py:756} INFO - Processing file /home/airflow/.local/lib/python3.7/site-packages/airflow/example_dags/example_complex.py for tasks to queue
[2025-07-13T11:23:22.248+0000] {logging_mixin.py:120} INFO - [2025-07-13T11:23:22.248+0000] {dagbag.py:537} INFO - Filling up the DagBag from /home/airflow/.local/lib/python3.7/site-packages/airflow/example_dags/example_complex.py
[2025-07-13T11:23:22.293+0000] {logging_mixin.py:120} INFO - [2025-07-13T11:23:22.293+0000] {taskmixin.py:205} WARNING - Dependency <Task(BashOperator): create_entry_group>, delete_entry_group already registered for DAG: example_complex
[2025-07-13T11:23:22.299+0000] {logging_mixin.py:120} INFO - [2025-07-13T11:23:22.299+0000] {taskmixin.py:205} WARNING - Dependency <Task(BashOperator): delete_entry_group>, create_entry_group already registered for DAG: example_complex
[2025-07-13T11:23:22.301+0000] {logging_mixin.py:120} INFO - [2025-07-13T11:23:22.300+0000] {taskmixin.py:205} WARNING - Dependency <Task(BashOperator): create_entry_gcs>, delete_entry already registered for DAG: example_complex
[2025-07-13T11:23:22.308+0000] {logging_mixin.py:120} INFO - [2025-07-13T11:23:22.307+0000] {taskmixin.py:205} WARNING - Dependency <Task(BashOperator): delete_entry>, create_entry_gcs already registered for DAG: example_complex
[2025-07-13T11:23:22.316+0000] {logging_mixin.py:120} INFO - [2025-07-13T11:23:22.315+0000] {taskmixin.py:205} WARNING - Dependency <Task(BashOperator): create_tag>, delete_tag already registered for DAG: example_complex
[2025-07-13T11:23:22.321+0000] {logging_mixin.py:120} INFO - [2025-07-13T11:23:22.320+0000] {taskmixin.py:205} WARNING - Dependency <Task(BashOperator): delete_tag>, create_tag already registered for DAG: example_complex
[2025-07-13T11:23:22.378+0000] {processor.py:766} INFO - DAG(s) dict_keys(['example_complex']) retrieved from /home/airflow/.local/lib/python3.7/site-packages/airflow/example_dags/example_complex.py
[2025-07-13T11:23:22.676+0000] {logging_mixin.py:120} INFO - [2025-07-13T11:23:22.675+0000] {dag.py:2585} INFO - Sync 1 DAGs
[2025-07-13T11:23:22.804+0000] {logging_mixin.py:120} INFO - [2025-07-13T11:23:22.804+0000] {dag.py:3340} INFO - Setting next_dagrun for example_complex to None, run_after=None
[2025-07-13T11:23:22.877+0000] {processor.py:176} INFO - Processing /home/airflow/.local/lib/python3.7/site-packages/airflow/example_dags/example_complex.py took 0.647 seconds
[2025-07-13T11:23:53.152+0000] {processor.py:154} INFO - Started process (PID=9703) to work on /home/airflow/.local/lib/python3.7/site-packages/airflow/example_dags/example_complex.py
[2025-07-13T11:23:53.154+0000] {processor.py:756} INFO - Processing file /home/airflow/.local/lib/python3.7/site-packages/airflow/example_dags/example_complex.py for tasks to queue
[2025-07-13T11:23:53.156+0000] {logging_mixin.py:120} INFO - [2025-07-13T11:23:53.156+0000] {dagbag.py:537} INFO - Filling up the DagBag from /home/airflow/.local/lib/python3.7/site-packages/airflow/example_dags/example_complex.py
[2025-07-13T11:23:53.175+0000] {logging_mixin.py:120} INFO - [2025-07-13T11:23:53.174+0000] {taskmixin.py:205} WARNING - Dependency <Task(BashOperator): create_entry_group>, delete_entry_group already registered for DAG: example_complex
[2025-07-13T11:23:53.175+0000] {logging_mixin.py:120} INFO - [2025-07-13T11:23:53.175+0000] {taskmixin.py:205} WARNING - Dependency <Task(BashOperator): delete_entry_group>, create_entry_group already registered for DAG: example_complex
[2025-07-13T11:23:53.176+0000] {logging_mixin.py:120} INFO - [2025-07-13T11:23:53.176+0000] {taskmixin.py:205} WARNING - Dependency <Task(BashOperator): create_entry_gcs>, delete_entry already registered for DAG: example_complex
[2025-07-13T11:23:53.177+0000] {logging_mixin.py:120} INFO - [2025-07-13T11:23:53.177+0000] {taskmixin.py:205} WARNING - Dependency <Task(BashOperator): delete_entry>, create_entry_gcs already registered for DAG: example_complex
[2025-07-13T11:23:53.178+0000] {logging_mixin.py:120} INFO - [2025-07-13T11:23:53.177+0000] {taskmixin.py:205} WARNING - Dependency <Task(BashOperator): create_tag>, delete_tag already registered for DAG: example_complex
[2025-07-13T11:23:53.178+0000] {logging_mixin.py:120} INFO - [2025-07-13T11:23:53.178+0000] {taskmixin.py:205} WARNING - Dependency <Task(BashOperator): delete_tag>, create_tag already registered for DAG: example_complex
[2025-07-13T11:23:53.189+0000] {processor.py:766} INFO - DAG(s) dict_keys(['example_complex']) retrieved from /home/airflow/.local/lib/python3.7/site-packages/airflow/example_dags/example_complex.py
[2025-07-13T11:23:53.262+0000] {logging_mixin.py:120} INFO - [2025-07-13T11:23:53.262+0000] {dag.py:2585} INFO - Sync 1 DAGs
[2025-07-13T11:23:53.294+0000] {logging_mixin.py:120} INFO - [2025-07-13T11:23:53.294+0000] {dag.py:3340} INFO - Setting next_dagrun for example_complex to None, run_after=None
[2025-07-13T11:23:53.324+0000] {processor.py:176} INFO - Processing /home/airflow/.local/lib/python3.7/site-packages/airflow/example_dags/example_complex.py took 0.176 seconds
[2025-07-13T11:24:23.898+0000] {processor.py:154} INFO - Started process (PID=9766) to work on /home/airflow/.local/lib/python3.7/site-packages/airflow/example_dags/example_complex.py
[2025-07-13T11:24:23.903+0000] {processor.py:756} INFO - Processing file /home/airflow/.local/lib/python3.7/site-packages/airflow/example_dags/example_complex.py for tasks to queue
[2025-07-13T11:24:23.906+0000] {logging_mixin.py:120} INFO - [2025-07-13T11:24:23.906+0000] {dagbag.py:537} INFO - Filling up the DagBag from /home/airflow/.local/lib/python3.7/site-packages/airflow/example_dags/example_complex.py
[2025-07-13T11:24:23.965+0000] {logging_mixin.py:120} INFO - [2025-07-13T11:24:23.964+0000] {taskmixin.py:205} WARNING - Dependency <Task(BashOperator): create_entry_group>, delete_entry_group already registered for DAG: example_complex
[2025-07-13T11:24:23.967+0000] {logging_mixin.py:120} INFO - [2025-07-13T11:24:23.966+0000] {taskmixin.py:205} WARNING - Dependency <Task(BashOperator): delete_entry_group>, create_entry_group already registered for DAG: example_complex
[2025-07-13T11:24:23.972+0000] {logging_mixin.py:120} INFO - [2025-07-13T11:24:23.971+0000] {taskmixin.py:205} WARNING - Dependency <Task(BashOperator): create_entry_gcs>, delete_entry already registered for DAG: example_complex
[2025-07-13T11:24:23.973+0000] {logging_mixin.py:120} INFO - [2025-07-13T11:24:23.972+0000] {taskmixin.py:205} WARNING - Dependency <Task(BashOperator): delete_entry>, create_entry_gcs already registered for DAG: example_complex
[2025-07-13T11:24:23.974+0000] {logging_mixin.py:120} INFO - [2025-07-13T11:24:23.973+0000] {taskmixin.py:205} WARNING - Dependency <Task(BashOperator): create_tag>, delete_tag already registered for DAG: example_complex
[2025-07-13T11:24:23.990+0000] {logging_mixin.py:120} INFO - [2025-07-13T11:24:23.990+0000] {taskmixin.py:205} WARNING - Dependency <Task(BashOperator): delete_tag>, create_tag already registered for DAG: example_complex
[2025-07-13T11:24:24.034+0000] {processor.py:766} INFO - DAG(s) dict_keys(['example_complex']) retrieved from /home/airflow/.local/lib/python3.7/site-packages/airflow/example_dags/example_complex.py
[2025-07-13T11:24:24.241+0000] {logging_mixin.py:120} INFO - [2025-07-13T11:24:24.241+0000] {dag.py:2585} INFO - Sync 1 DAGs
[2025-07-13T11:24:24.309+0000] {logging_mixin.py:120} INFO - [2025-07-13T11:24:24.309+0000] {dag.py:3340} INFO - Setting next_dagrun for example_complex to None, run_after=None
[2025-07-13T11:24:24.362+0000] {processor.py:176} INFO - Processing /home/airflow/.local/lib/python3.7/site-packages/airflow/example_dags/example_complex.py took 0.473 seconds
[2025-07-13T11:24:54.445+0000] {processor.py:154} INFO - Started process (PID=9819) to work on /home/airflow/.local/lib/python3.7/site-packages/airflow/example_dags/example_complex.py
[2025-07-13T11:24:54.446+0000] {processor.py:756} INFO - Processing file /home/airflow/.local/lib/python3.7/site-packages/airflow/example_dags/example_complex.py for tasks to queue
[2025-07-13T11:24:54.447+0000] {logging_mixin.py:120} INFO - [2025-07-13T11:24:54.447+0000] {dagbag.py:537} INFO - Filling up the DagBag from /home/airflow/.local/lib/python3.7/site-packages/airflow/example_dags/example_complex.py
[2025-07-13T11:24:54.460+0000] {logging_mixin.py:120} INFO - [2025-07-13T11:24:54.460+0000] {taskmixin.py:205} WARNING - Dependency <Task(BashOperator): create_entry_group>, delete_entry_group already registered for DAG: example_complex
[2025-07-13T11:24:54.461+0000] {logging_mixin.py:120} INFO - [2025-07-13T11:24:54.461+0000] {taskmixin.py:205} WARNING - Dependency <Task(BashOperator): delete_entry_group>, create_entry_group already registered for DAG: example_complex
[2025-07-13T11:24:54.461+0000] {logging_mixin.py:120} INFO - [2025-07-13T11:24:54.461+0000] {taskmixin.py:205} WARNING - Dependency <Task(BashOperator): create_entry_gcs>, delete_entry already registered for DAG: example_complex
[2025-07-13T11:24:54.462+0000] {logging_mixin.py:120} INFO - [2025-07-13T11:24:54.462+0000] {taskmixin.py:205} WARNING - Dependency <Task(BashOperator): delete_entry>, create_entry_gcs already registered for DAG: example_complex
[2025-07-13T11:24:54.462+0000] {logging_mixin.py:120} INFO - [2025-07-13T11:24:54.462+0000] {taskmixin.py:205} WARNING - Dependency <Task(BashOperator): create_tag>, delete_tag already registered for DAG: example_complex
[2025-07-13T11:24:54.463+0000] {logging_mixin.py:120} INFO - [2025-07-13T11:24:54.462+0000] {taskmixin.py:205} WARNING - Dependency <Task(BashOperator): delete_tag>, create_tag already registered for DAG: example_complex
[2025-07-13T11:24:54.471+0000] {processor.py:766} INFO - DAG(s) dict_keys(['example_complex']) retrieved from /home/airflow/.local/lib/python3.7/site-packages/airflow/example_dags/example_complex.py
[2025-07-13T11:24:54.523+0000] {logging_mixin.py:120} INFO - [2025-07-13T11:24:54.522+0000] {dag.py:2585} INFO - Sync 1 DAGs
[2025-07-13T11:24:54.553+0000] {logging_mixin.py:120} INFO - [2025-07-13T11:24:54.553+0000] {dag.py:3340} INFO - Setting next_dagrun for example_complex to None, run_after=None
[2025-07-13T11:24:54.581+0000] {processor.py:176} INFO - Processing /home/airflow/.local/lib/python3.7/site-packages/airflow/example_dags/example_complex.py took 0.139 seconds
[2025-07-13T11:25:25.059+0000] {processor.py:154} INFO - Started process (PID=9883) to work on /home/airflow/.local/lib/python3.7/site-packages/airflow/example_dags/example_complex.py
[2025-07-13T11:25:25.063+0000] {processor.py:756} INFO - Processing file /home/airflow/.local/lib/python3.7/site-packages/airflow/example_dags/example_complex.py for tasks to queue
[2025-07-13T11:25:25.065+0000] {logging_mixin.py:120} INFO - [2025-07-13T11:25:25.065+0000] {dagbag.py:537} INFO - Filling up the DagBag from /home/airflow/.local/lib/python3.7/site-packages/airflow/example_dags/example_complex.py
[2025-07-13T11:25:25.096+0000] {logging_mixin.py:120} INFO - [2025-07-13T11:25:25.096+0000] {taskmixin.py:205} WARNING - Dependency <Task(BashOperator): create_entry_group>, delete_entry_group already registered for DAG: example_complex
[2025-07-13T11:25:25.097+0000] {logging_mixin.py:120} INFO - [2025-07-13T11:25:25.097+0000] {taskmixin.py:205} WARNING - Dependency <Task(BashOperator): delete_entry_group>, create_entry_group already registered for DAG: example_complex
[2025-07-13T11:25:25.098+0000] {logging_mixin.py:120} INFO - [2025-07-13T11:25:25.098+0000] {taskmixin.py:205} WARNING - Dependency <Task(BashOperator): create_entry_gcs>, delete_entry already registered for DAG: example_complex
[2025-07-13T11:25:25.099+0000] {logging_mixin.py:120} INFO - [2025-07-13T11:25:25.099+0000] {taskmixin.py:205} WARNING - Dependency <Task(BashOperator): delete_entry>, create_entry_gcs already registered for DAG: example_complex
[2025-07-13T11:25:25.101+0000] {logging_mixin.py:120} INFO - [2025-07-13T11:25:25.100+0000] {taskmixin.py:205} WARNING - Dependency <Task(BashOperator): create_tag>, delete_tag already registered for DAG: example_complex
[2025-07-13T11:25:25.102+0000] {logging_mixin.py:120} INFO - [2025-07-13T11:25:25.102+0000] {taskmixin.py:205} WARNING - Dependency <Task(BashOperator): delete_tag>, create_tag already registered for DAG: example_complex
[2025-07-13T11:25:25.118+0000] {processor.py:766} INFO - DAG(s) dict_keys(['example_complex']) retrieved from /home/airflow/.local/lib/python3.7/site-packages/airflow/example_dags/example_complex.py
[2025-07-13T11:25:25.198+0000] {logging_mixin.py:120} INFO - [2025-07-13T11:25:25.197+0000] {dag.py:2585} INFO - Sync 1 DAGs
[2025-07-13T11:25:25.234+0000] {logging_mixin.py:120} INFO - [2025-07-13T11:25:25.234+0000] {dag.py:3340} INFO - Setting next_dagrun for example_complex to None, run_after=None
[2025-07-13T11:25:25.264+0000] {processor.py:176} INFO - Processing /home/airflow/.local/lib/python3.7/site-packages/airflow/example_dags/example_complex.py took 0.210 seconds
[2025-07-13T11:25:55.311+0000] {processor.py:154} INFO - Started process (PID=9936) to work on /home/airflow/.local/lib/python3.7/site-packages/airflow/example_dags/example_complex.py
[2025-07-13T11:25:55.314+0000] {processor.py:756} INFO - Processing file /home/airflow/.local/lib/python3.7/site-packages/airflow/example_dags/example_complex.py for tasks to queue
[2025-07-13T11:25:55.316+0000] {logging_mixin.py:120} INFO - [2025-07-13T11:25:55.316+0000] {dagbag.py:537} INFO - Filling up the DagBag from /home/airflow/.local/lib/python3.7/site-packages/airflow/example_dags/example_complex.py
[2025-07-13T11:25:55.338+0000] {logging_mixin.py:120} INFO - [2025-07-13T11:25:55.338+0000] {taskmixin.py:205} WARNING - Dependency <Task(BashOperator): create_entry_group>, delete_entry_group already registered for DAG: example_complex
[2025-07-13T11:25:55.339+0000] {logging_mixin.py:120} INFO - [2025-07-13T11:25:55.339+0000] {taskmixin.py:205} WARNING - Dependency <Task(BashOperator): delete_entry_group>, create_entry_group already registered for DAG: example_complex
[2025-07-13T11:25:55.340+0000] {logging_mixin.py:120} INFO - [2025-07-13T11:25:55.340+0000] {taskmixin.py:205} WARNING - Dependency <Task(BashOperator): create_entry_gcs>, delete_entry already registered for DAG: example_complex
[2025-07-13T11:25:55.341+0000] {logging_mixin.py:120} INFO - [2025-07-13T11:25:55.341+0000] {taskmixin.py:205} WARNING - Dependency <Task(BashOperator): delete_entry>, create_entry_gcs already registered for DAG: example_complex
[2025-07-13T11:25:55.342+0000] {logging_mixin.py:120} INFO - [2025-07-13T11:25:55.342+0000] {taskmixin.py:205} WARNING - Dependency <Task(BashOperator): create_tag>, delete_tag already registered for DAG: example_complex
[2025-07-13T11:25:55.343+0000] {logging_mixin.py:120} INFO - [2025-07-13T11:25:55.343+0000] {taskmixin.py:205} WARNING - Dependency <Task(BashOperator): delete_tag>, create_tag already registered for DAG: example_complex
[2025-07-13T11:25:55.361+0000] {processor.py:766} INFO - DAG(s) dict_keys(['example_complex']) retrieved from /home/airflow/.local/lib/python3.7/site-packages/airflow/example_dags/example_complex.py
[2025-07-13T11:25:55.431+0000] {logging_mixin.py:120} INFO - [2025-07-13T11:25:55.431+0000] {dag.py:2585} INFO - Sync 1 DAGs
[2025-07-13T11:25:55.467+0000] {logging_mixin.py:120} INFO - [2025-07-13T11:25:55.467+0000] {dag.py:3340} INFO - Setting next_dagrun for example_complex to None, run_after=None
[2025-07-13T11:25:55.500+0000] {processor.py:176} INFO - Processing /home/airflow/.local/lib/python3.7/site-packages/airflow/example_dags/example_complex.py took 0.195 seconds
[2025-07-13T11:26:26.728+0000] {processor.py:154} INFO - Started process (PID=10000) to work on /home/airflow/.local/lib/python3.7/site-packages/airflow/example_dags/example_complex.py
[2025-07-13T11:26:26.730+0000] {processor.py:756} INFO - Processing file /home/airflow/.local/lib/python3.7/site-packages/airflow/example_dags/example_complex.py for tasks to queue
[2025-07-13T11:26:26.740+0000] {logging_mixin.py:120} INFO - [2025-07-13T11:26:26.733+0000] {dagbag.py:537} INFO - Filling up the DagBag from /home/airflow/.local/lib/python3.7/site-packages/airflow/example_dags/example_complex.py
[2025-07-13T11:26:26.783+0000] {logging_mixin.py:120} INFO - [2025-07-13T11:26:26.783+0000] {taskmixin.py:205} WARNING - Dependency <Task(BashOperator): create_entry_group>, delete_entry_group already registered for DAG: example_complex
[2025-07-13T11:26:26.799+0000] {logging_mixin.py:120} INFO - [2025-07-13T11:26:26.792+0000] {taskmixin.py:205} WARNING - Dependency <Task(BashOperator): delete_entry_group>, create_entry_group already registered for DAG: example_complex
[2025-07-13T11:26:26.801+0000] {logging_mixin.py:120} INFO - [2025-07-13T11:26:26.800+0000] {taskmixin.py:205} WARNING - Dependency <Task(BashOperator): create_entry_gcs>, delete_entry already registered for DAG: example_complex
[2025-07-13T11:26:26.805+0000] {logging_mixin.py:120} INFO - [2025-07-13T11:26:26.804+0000] {taskmixin.py:205} WARNING - Dependency <Task(BashOperator): delete_entry>, create_entry_gcs already registered for DAG: example_complex
[2025-07-13T11:26:26.806+0000] {logging_mixin.py:120} INFO - [2025-07-13T11:26:26.806+0000] {taskmixin.py:205} WARNING - Dependency <Task(BashOperator): create_tag>, delete_tag already registered for DAG: example_complex
[2025-07-13T11:26:26.812+0000] {logging_mixin.py:120} INFO - [2025-07-13T11:26:26.812+0000] {taskmixin.py:205} WARNING - Dependency <Task(BashOperator): delete_tag>, create_tag already registered for DAG: example_complex
[2025-07-13T11:26:26.841+0000] {processor.py:766} INFO - DAG(s) dict_keys(['example_complex']) retrieved from /home/airflow/.local/lib/python3.7/site-packages/airflow/example_dags/example_complex.py
[2025-07-13T11:26:27.044+0000] {logging_mixin.py:120} INFO - [2025-07-13T11:26:27.044+0000] {dag.py:2585} INFO - Sync 1 DAGs
[2025-07-13T11:26:27.156+0000] {logging_mixin.py:120} INFO - [2025-07-13T11:26:27.155+0000] {dag.py:3340} INFO - Setting next_dagrun for example_complex to None, run_after=None
[2025-07-13T11:26:27.285+0000] {processor.py:176} INFO - Processing /home/airflow/.local/lib/python3.7/site-packages/airflow/example_dags/example_complex.py took 0.563 seconds
[2025-07-13T11:26:57.787+0000] {processor.py:154} INFO - Started process (PID=10052) to work on /home/airflow/.local/lib/python3.7/site-packages/airflow/example_dags/example_complex.py
[2025-07-13T11:26:57.788+0000] {processor.py:756} INFO - Processing file /home/airflow/.local/lib/python3.7/site-packages/airflow/example_dags/example_complex.py for tasks to queue
[2025-07-13T11:26:57.790+0000] {logging_mixin.py:120} INFO - [2025-07-13T11:26:57.790+0000] {dagbag.py:537} INFO - Filling up the DagBag from /home/airflow/.local/lib/python3.7/site-packages/airflow/example_dags/example_complex.py
[2025-07-13T11:26:57.808+0000] {logging_mixin.py:120} INFO - [2025-07-13T11:26:57.807+0000] {taskmixin.py:205} WARNING - Dependency <Task(BashOperator): create_entry_group>, delete_entry_group already registered for DAG: example_complex
[2025-07-13T11:26:57.808+0000] {logging_mixin.py:120} INFO - [2025-07-13T11:26:57.808+0000] {taskmixin.py:205} WARNING - Dependency <Task(BashOperator): delete_entry_group>, create_entry_group already registered for DAG: example_complex
[2025-07-13T11:26:57.809+0000] {logging_mixin.py:120} INFO - [2025-07-13T11:26:57.809+0000] {taskmixin.py:205} WARNING - Dependency <Task(BashOperator): create_entry_gcs>, delete_entry already registered for DAG: example_complex
[2025-07-13T11:26:57.810+0000] {logging_mixin.py:120} INFO - [2025-07-13T11:26:57.810+0000] {taskmixin.py:205} WARNING - Dependency <Task(BashOperator): delete_entry>, create_entry_gcs already registered for DAG: example_complex
[2025-07-13T11:26:57.811+0000] {logging_mixin.py:120} INFO - [2025-07-13T11:26:57.810+0000] {taskmixin.py:205} WARNING - Dependency <Task(BashOperator): create_tag>, delete_tag already registered for DAG: example_complex
[2025-07-13T11:26:57.811+0000] {logging_mixin.py:120} INFO - [2025-07-13T11:26:57.811+0000] {taskmixin.py:205} WARNING - Dependency <Task(BashOperator): delete_tag>, create_tag already registered for DAG: example_complex
[2025-07-13T11:26:57.826+0000] {processor.py:766} INFO - DAG(s) dict_keys(['example_complex']) retrieved from /home/airflow/.local/lib/python3.7/site-packages/airflow/example_dags/example_complex.py
[2025-07-13T11:26:57.900+0000] {logging_mixin.py:120} INFO - [2025-07-13T11:26:57.900+0000] {dag.py:2585} INFO - Sync 1 DAGs
[2025-07-13T11:26:57.937+0000] {logging_mixin.py:120} INFO - [2025-07-13T11:26:57.936+0000] {dag.py:3340} INFO - Setting next_dagrun for example_complex to None, run_after=None
[2025-07-13T11:26:58.010+0000] {processor.py:176} INFO - Processing /home/airflow/.local/lib/python3.7/site-packages/airflow/example_dags/example_complex.py took 0.230 seconds
[2025-07-13T11:27:28.191+0000] {processor.py:154} INFO - Started process (PID=10115) to work on /home/airflow/.local/lib/python3.7/site-packages/airflow/example_dags/example_complex.py
[2025-07-13T11:27:28.193+0000] {processor.py:756} INFO - Processing file /home/airflow/.local/lib/python3.7/site-packages/airflow/example_dags/example_complex.py for tasks to queue
[2025-07-13T11:27:28.195+0000] {logging_mixin.py:120} INFO - [2025-07-13T11:27:28.194+0000] {dagbag.py:537} INFO - Filling up the DagBag from /home/airflow/.local/lib/python3.7/site-packages/airflow/example_dags/example_complex.py
[2025-07-13T11:27:28.262+0000] {logging_mixin.py:120} INFO - [2025-07-13T11:27:28.261+0000] {taskmixin.py:205} WARNING - Dependency <Task(BashOperator): create_entry_group>, delete_entry_group already registered for DAG: example_complex
[2025-07-13T11:27:28.263+0000] {logging_mixin.py:120} INFO - [2025-07-13T11:27:28.262+0000] {taskmixin.py:205} WARNING - Dependency <Task(BashOperator): delete_entry_group>, create_entry_group already registered for DAG: example_complex
[2025-07-13T11:27:28.264+0000] {logging_mixin.py:120} INFO - [2025-07-13T11:27:28.263+0000] {taskmixin.py:205} WARNING - Dependency <Task(BashOperator): create_entry_gcs>, delete_entry already registered for DAG: example_complex
[2025-07-13T11:27:28.265+0000] {logging_mixin.py:120} INFO - [2025-07-13T11:27:28.264+0000] {taskmixin.py:205} WARNING - Dependency <Task(BashOperator): delete_entry>, create_entry_gcs already registered for DAG: example_complex
[2025-07-13T11:27:28.267+0000] {logging_mixin.py:120} INFO - [2025-07-13T11:27:28.266+0000] {taskmixin.py:205} WARNING - Dependency <Task(BashOperator): create_tag>, delete_tag already registered for DAG: example_complex
[2025-07-13T11:27:28.268+0000] {logging_mixin.py:120} INFO - [2025-07-13T11:27:28.268+0000] {taskmixin.py:205} WARNING - Dependency <Task(BashOperator): delete_tag>, create_tag already registered for DAG: example_complex
[2025-07-13T11:27:28.303+0000] {processor.py:766} INFO - DAG(s) dict_keys(['example_complex']) retrieved from /home/airflow/.local/lib/python3.7/site-packages/airflow/example_dags/example_complex.py
[2025-07-13T11:27:28.482+0000] {logging_mixin.py:120} INFO - [2025-07-13T11:27:28.482+0000] {dag.py:2585} INFO - Sync 1 DAGs
[2025-07-13T11:27:28.602+0000] {logging_mixin.py:120} INFO - [2025-07-13T11:27:28.602+0000] {dag.py:3340} INFO - Setting next_dagrun for example_complex to None, run_after=None
[2025-07-13T11:27:28.686+0000] {processor.py:176} INFO - Processing /home/airflow/.local/lib/python3.7/site-packages/airflow/example_dags/example_complex.py took 0.506 seconds
[2025-07-13T11:27:58.823+0000] {processor.py:154} INFO - Started process (PID=10169) to work on /home/airflow/.local/lib/python3.7/site-packages/airflow/example_dags/example_complex.py
[2025-07-13T11:27:58.825+0000] {processor.py:756} INFO - Processing file /home/airflow/.local/lib/python3.7/site-packages/airflow/example_dags/example_complex.py for tasks to queue
[2025-07-13T11:27:58.827+0000] {logging_mixin.py:120} INFO - [2025-07-13T11:27:58.827+0000] {dagbag.py:537} INFO - Filling up the DagBag from /home/airflow/.local/lib/python3.7/site-packages/airflow/example_dags/example_complex.py
[2025-07-13T11:27:58.875+0000] {logging_mixin.py:120} INFO - [2025-07-13T11:27:58.874+0000] {taskmixin.py:205} WARNING - Dependency <Task(BashOperator): create_entry_group>, delete_entry_group already registered for DAG: example_complex
[2025-07-13T11:27:58.876+0000] {logging_mixin.py:120} INFO - [2025-07-13T11:27:58.876+0000] {taskmixin.py:205} WARNING - Dependency <Task(BashOperator): delete_entry_group>, create_entry_group already registered for DAG: example_complex
[2025-07-13T11:27:58.877+0000] {logging_mixin.py:120} INFO - [2025-07-13T11:27:58.877+0000] {taskmixin.py:205} WARNING - Dependency <Task(BashOperator): create_entry_gcs>, delete_entry already registered for DAG: example_complex
[2025-07-13T11:27:58.878+0000] {logging_mixin.py:120} INFO - [2025-07-13T11:27:58.878+0000] {taskmixin.py:205} WARNING - Dependency <Task(BashOperator): delete_entry>, create_entry_gcs already registered for DAG: example_complex
[2025-07-13T11:27:58.880+0000] {logging_mixin.py:120} INFO - [2025-07-13T11:27:58.879+0000] {taskmixin.py:205} WARNING - Dependency <Task(BashOperator): create_tag>, delete_tag already registered for DAG: example_complex
[2025-07-13T11:27:58.882+0000] {logging_mixin.py:120} INFO - [2025-07-13T11:27:58.881+0000] {taskmixin.py:205} WARNING - Dependency <Task(BashOperator): delete_tag>, create_tag already registered for DAG: example_complex
[2025-07-13T11:27:58.909+0000] {processor.py:766} INFO - DAG(s) dict_keys(['example_complex']) retrieved from /home/airflow/.local/lib/python3.7/site-packages/airflow/example_dags/example_complex.py
[2025-07-13T11:27:59.015+0000] {logging_mixin.py:120} INFO - [2025-07-13T11:27:59.014+0000] {dag.py:2585} INFO - Sync 1 DAGs
[2025-07-13T11:27:59.072+0000] {logging_mixin.py:120} INFO - [2025-07-13T11:27:59.072+0000] {dag.py:3340} INFO - Setting next_dagrun for example_complex to None, run_after=None
[2025-07-13T11:27:59.126+0000] {processor.py:176} INFO - Processing /home/airflow/.local/lib/python3.7/site-packages/airflow/example_dags/example_complex.py took 0.309 seconds
[2025-07-13T11:28:29.257+0000] {processor.py:154} INFO - Started process (PID=10232) to work on /home/airflow/.local/lib/python3.7/site-packages/airflow/example_dags/example_complex.py
[2025-07-13T11:28:29.259+0000] {processor.py:756} INFO - Processing file /home/airflow/.local/lib/python3.7/site-packages/airflow/example_dags/example_complex.py for tasks to queue
[2025-07-13T11:28:29.261+0000] {logging_mixin.py:120} INFO - [2025-07-13T11:28:29.261+0000] {dagbag.py:537} INFO - Filling up the DagBag from /home/airflow/.local/lib/python3.7/site-packages/airflow/example_dags/example_complex.py
[2025-07-13T11:28:29.318+0000] {logging_mixin.py:120} INFO - [2025-07-13T11:28:29.307+0000] {taskmixin.py:205} WARNING - Dependency <Task(BashOperator): create_entry_group>, delete_entry_group already registered for DAG: example_complex
[2025-07-13T11:28:29.319+0000] {logging_mixin.py:120} INFO - [2025-07-13T11:28:29.319+0000] {taskmixin.py:205} WARNING - Dependency <Task(BashOperator): delete_entry_group>, create_entry_group already registered for DAG: example_complex
[2025-07-13T11:28:29.320+0000] {logging_mixin.py:120} INFO - [2025-07-13T11:28:29.320+0000] {taskmixin.py:205} WARNING - Dependency <Task(BashOperator): create_entry_gcs>, delete_entry already registered for DAG: example_complex
[2025-07-13T11:28:29.321+0000] {logging_mixin.py:120} INFO - [2025-07-13T11:28:29.321+0000] {taskmixin.py:205} WARNING - Dependency <Task(BashOperator): delete_entry>, create_entry_gcs already registered for DAG: example_complex
[2025-07-13T11:28:29.322+0000] {logging_mixin.py:120} INFO - [2025-07-13T11:28:29.322+0000] {taskmixin.py:205} WARNING - Dependency <Task(BashOperator): create_tag>, delete_tag already registered for DAG: example_complex
[2025-07-13T11:28:29.323+0000] {logging_mixin.py:120} INFO - [2025-07-13T11:28:29.323+0000] {taskmixin.py:205} WARNING - Dependency <Task(BashOperator): delete_tag>, create_tag already registered for DAG: example_complex
[2025-07-13T11:28:29.382+0000] {processor.py:766} INFO - DAG(s) dict_keys(['example_complex']) retrieved from /home/airflow/.local/lib/python3.7/site-packages/airflow/example_dags/example_complex.py
[2025-07-13T11:28:29.645+0000] {logging_mixin.py:120} INFO - [2025-07-13T11:28:29.645+0000] {dag.py:2585} INFO - Sync 1 DAGs
[2025-07-13T11:28:29.728+0000] {logging_mixin.py:120} INFO - [2025-07-13T11:28:29.728+0000] {dag.py:3340} INFO - Setting next_dagrun for example_complex to None, run_after=None
[2025-07-13T11:28:29.785+0000] {processor.py:176} INFO - Processing /home/airflow/.local/lib/python3.7/site-packages/airflow/example_dags/example_complex.py took 0.542 seconds
[2025-07-13T11:29:00.539+0000] {processor.py:154} INFO - Started process (PID=10286) to work on /home/airflow/.local/lib/python3.7/site-packages/airflow/example_dags/example_complex.py
[2025-07-13T11:29:00.558+0000] {processor.py:756} INFO - Processing file /home/airflow/.local/lib/python3.7/site-packages/airflow/example_dags/example_complex.py for tasks to queue
[2025-07-13T11:29:00.572+0000] {logging_mixin.py:120} INFO - [2025-07-13T11:29:00.568+0000] {dagbag.py:537} INFO - Filling up the DagBag from /home/airflow/.local/lib/python3.7/site-packages/airflow/example_dags/example_complex.py
[2025-07-13T11:29:00.649+0000] {logging_mixin.py:120} INFO - [2025-07-13T11:29:00.649+0000] {taskmixin.py:205} WARNING - Dependency <Task(BashOperator): create_entry_group>, delete_entry_group already registered for DAG: example_complex
[2025-07-13T11:29:00.650+0000] {logging_mixin.py:120} INFO - [2025-07-13T11:29:00.650+0000] {taskmixin.py:205} WARNING - Dependency <Task(BashOperator): delete_entry_group>, create_entry_group already registered for DAG: example_complex
[2025-07-13T11:29:00.651+0000] {logging_mixin.py:120} INFO - [2025-07-13T11:29:00.651+0000] {taskmixin.py:205} WARNING - Dependency <Task(BashOperator): create_entry_gcs>, delete_entry already registered for DAG: example_complex
[2025-07-13T11:29:00.652+0000] {logging_mixin.py:120} INFO - [2025-07-13T11:29:00.652+0000] {taskmixin.py:205} WARNING - Dependency <Task(BashOperator): delete_entry>, create_entry_gcs already registered for DAG: example_complex
[2025-07-13T11:29:00.656+0000] {logging_mixin.py:120} INFO - [2025-07-13T11:29:00.656+0000] {taskmixin.py:205} WARNING - Dependency <Task(BashOperator): create_tag>, delete_tag already registered for DAG: example_complex
[2025-07-13T11:29:00.657+0000] {logging_mixin.py:120} INFO - [2025-07-13T11:29:00.657+0000] {taskmixin.py:205} WARNING - Dependency <Task(BashOperator): delete_tag>, create_tag already registered for DAG: example_complex
[2025-07-13T11:29:00.694+0000] {processor.py:766} INFO - DAG(s) dict_keys(['example_complex']) retrieved from /home/airflow/.local/lib/python3.7/site-packages/airflow/example_dags/example_complex.py
[2025-07-13T11:29:00.877+0000] {logging_mixin.py:120} INFO - [2025-07-13T11:29:00.877+0000] {dag.py:2585} INFO - Sync 1 DAGs
[2025-07-13T11:29:00.929+0000] {logging_mixin.py:120} INFO - [2025-07-13T11:29:00.929+0000] {dag.py:3340} INFO - Setting next_dagrun for example_complex to None, run_after=None
[2025-07-13T11:29:00.988+0000] {processor.py:176} INFO - Processing /home/airflow/.local/lib/python3.7/site-packages/airflow/example_dags/example_complex.py took 0.490 seconds
[2025-07-13T11:29:31.036+0000] {processor.py:154} INFO - Started process (PID=10339) to work on /home/airflow/.local/lib/python3.7/site-packages/airflow/example_dags/example_complex.py
[2025-07-13T11:29:31.038+0000] {processor.py:756} INFO - Processing file /home/airflow/.local/lib/python3.7/site-packages/airflow/example_dags/example_complex.py for tasks to queue
[2025-07-13T11:29:31.041+0000] {logging_mixin.py:120} INFO - [2025-07-13T11:29:31.041+0000] {dagbag.py:537} INFO - Filling up the DagBag from /home/airflow/.local/lib/python3.7/site-packages/airflow/example_dags/example_complex.py
[2025-07-13T11:29:31.082+0000] {logging_mixin.py:120} INFO - [2025-07-13T11:29:31.082+0000] {taskmixin.py:205} WARNING - Dependency <Task(BashOperator): create_entry_group>, delete_entry_group already registered for DAG: example_complex
[2025-07-13T11:29:31.084+0000] {logging_mixin.py:120} INFO - [2025-07-13T11:29:31.084+0000] {taskmixin.py:205} WARNING - Dependency <Task(BashOperator): delete_entry_group>, create_entry_group already registered for DAG: example_complex
[2025-07-13T11:29:31.085+0000] {logging_mixin.py:120} INFO - [2025-07-13T11:29:31.085+0000] {taskmixin.py:205} WARNING - Dependency <Task(BashOperator): create_entry_gcs>, delete_entry already registered for DAG: example_complex
[2025-07-13T11:29:31.085+0000] {logging_mixin.py:120} INFO - [2025-07-13T11:29:31.085+0000] {taskmixin.py:205} WARNING - Dependency <Task(BashOperator): delete_entry>, create_entry_gcs already registered for DAG: example_complex
[2025-07-13T11:29:31.086+0000] {logging_mixin.py:120} INFO - [2025-07-13T11:29:31.086+0000] {taskmixin.py:205} WARNING - Dependency <Task(BashOperator): create_tag>, delete_tag already registered for DAG: example_complex
[2025-07-13T11:29:31.087+0000] {logging_mixin.py:120} INFO - [2025-07-13T11:29:31.087+0000] {taskmixin.py:205} WARNING - Dependency <Task(BashOperator): delete_tag>, create_tag already registered for DAG: example_complex
[2025-07-13T11:29:31.108+0000] {processor.py:766} INFO - DAG(s) dict_keys(['example_complex']) retrieved from /home/airflow/.local/lib/python3.7/site-packages/airflow/example_dags/example_complex.py
[2025-07-13T11:29:31.210+0000] {logging_mixin.py:120} INFO - [2025-07-13T11:29:31.210+0000] {dag.py:2585} INFO - Sync 1 DAGs
[2025-07-13T11:29:31.255+0000] {logging_mixin.py:120} INFO - [2025-07-13T11:29:31.254+0000] {dag.py:3340} INFO - Setting next_dagrun for example_complex to None, run_after=None
[2025-07-13T11:29:31.289+0000] {processor.py:176} INFO - Processing /home/airflow/.local/lib/python3.7/site-packages/airflow/example_dags/example_complex.py took 0.262 seconds
[2025-07-13T11:30:02.089+0000] {processor.py:154} INFO - Started process (PID=10402) to work on /home/airflow/.local/lib/python3.7/site-packages/airflow/example_dags/example_complex.py
[2025-07-13T11:30:02.092+0000] {processor.py:756} INFO - Processing file /home/airflow/.local/lib/python3.7/site-packages/airflow/example_dags/example_complex.py for tasks to queue
[2025-07-13T11:30:02.096+0000] {logging_mixin.py:120} INFO - [2025-07-13T11:30:02.095+0000] {dagbag.py:537} INFO - Filling up the DagBag from /home/airflow/.local/lib/python3.7/site-packages/airflow/example_dags/example_complex.py
[2025-07-13T11:30:02.151+0000] {logging_mixin.py:120} INFO - [2025-07-13T11:30:02.150+0000] {taskmixin.py:205} WARNING - Dependency <Task(BashOperator): create_entry_group>, delete_entry_group already registered for DAG: example_complex
[2025-07-13T11:30:02.156+0000] {logging_mixin.py:120} INFO - [2025-07-13T11:30:02.156+0000] {taskmixin.py:205} WARNING - Dependency <Task(BashOperator): delete_entry_group>, create_entry_group already registered for DAG: example_complex
[2025-07-13T11:30:02.164+0000] {logging_mixin.py:120} INFO - [2025-07-13T11:30:02.163+0000] {taskmixin.py:205} WARNING - Dependency <Task(BashOperator): create_entry_gcs>, delete_entry already registered for DAG: example_complex
[2025-07-13T11:30:02.167+0000] {logging_mixin.py:120} INFO - [2025-07-13T11:30:02.167+0000] {taskmixin.py:205} WARNING - Dependency <Task(BashOperator): delete_entry>, create_entry_gcs already registered for DAG: example_complex
[2025-07-13T11:30:02.169+0000] {logging_mixin.py:120} INFO - [2025-07-13T11:30:02.169+0000] {taskmixin.py:205} WARNING - Dependency <Task(BashOperator): create_tag>, delete_tag already registered for DAG: example_complex
[2025-07-13T11:30:02.170+0000] {logging_mixin.py:120} INFO - [2025-07-13T11:30:02.169+0000] {taskmixin.py:205} WARNING - Dependency <Task(BashOperator): delete_tag>, create_tag already registered for DAG: example_complex
[2025-07-13T11:30:02.225+0000] {processor.py:766} INFO - DAG(s) dict_keys(['example_complex']) retrieved from /home/airflow/.local/lib/python3.7/site-packages/airflow/example_dags/example_complex.py
[2025-07-13T11:30:02.471+0000] {logging_mixin.py:120} INFO - [2025-07-13T11:30:02.470+0000] {dag.py:2585} INFO - Sync 1 DAGs
[2025-07-13T11:30:02.592+0000] {logging_mixin.py:120} INFO - [2025-07-13T11:30:02.591+0000] {dag.py:3340} INFO - Setting next_dagrun for example_complex to None, run_after=None
[2025-07-13T11:30:02.689+0000] {processor.py:176} INFO - Processing /home/airflow/.local/lib/python3.7/site-packages/airflow/example_dags/example_complex.py took 0.610 seconds
[2025-07-13T11:30:33.872+0000] {processor.py:154} INFO - Started process (PID=10455) to work on /home/airflow/.local/lib/python3.7/site-packages/airflow/example_dags/example_complex.py
[2025-07-13T11:30:33.877+0000] {processor.py:756} INFO - Processing file /home/airflow/.local/lib/python3.7/site-packages/airflow/example_dags/example_complex.py for tasks to queue
[2025-07-13T11:30:33.894+0000] {logging_mixin.py:120} INFO - [2025-07-13T11:30:33.893+0000] {dagbag.py:537} INFO - Filling up the DagBag from /home/airflow/.local/lib/python3.7/site-packages/airflow/example_dags/example_complex.py
[2025-07-13T11:30:33.948+0000] {logging_mixin.py:120} INFO - [2025-07-13T11:30:33.947+0000] {taskmixin.py:205} WARNING - Dependency <Task(BashOperator): create_entry_group>, delete_entry_group already registered for DAG: example_complex
[2025-07-13T11:30:33.957+0000] {logging_mixin.py:120} INFO - [2025-07-13T11:30:33.957+0000] {taskmixin.py:205} WARNING - Dependency <Task(BashOperator): delete_entry_group>, create_entry_group already registered for DAG: example_complex
[2025-07-13T11:30:33.961+0000] {logging_mixin.py:120} INFO - [2025-07-13T11:30:33.961+0000] {taskmixin.py:205} WARNING - Dependency <Task(BashOperator): create_entry_gcs>, delete_entry already registered for DAG: example_complex
[2025-07-13T11:30:33.965+0000] {logging_mixin.py:120} INFO - [2025-07-13T11:30:33.964+0000] {taskmixin.py:205} WARNING - Dependency <Task(BashOperator): delete_entry>, create_entry_gcs already registered for DAG: example_complex
[2025-07-13T11:30:33.966+0000] {logging_mixin.py:120} INFO - [2025-07-13T11:30:33.966+0000] {taskmixin.py:205} WARNING - Dependency <Task(BashOperator): create_tag>, delete_tag already registered for DAG: example_complex
[2025-07-13T11:30:33.974+0000] {logging_mixin.py:120} INFO - [2025-07-13T11:30:33.972+0000] {taskmixin.py:205} WARNING - Dependency <Task(BashOperator): delete_tag>, create_tag already registered for DAG: example_complex
[2025-07-13T11:30:34.034+0000] {processor.py:766} INFO - DAG(s) dict_keys(['example_complex']) retrieved from /home/airflow/.local/lib/python3.7/site-packages/airflow/example_dags/example_complex.py
[2025-07-13T11:30:34.372+0000] {logging_mixin.py:120} INFO - [2025-07-13T11:30:34.372+0000] {dag.py:2585} INFO - Sync 1 DAGs
[2025-07-13T11:30:34.444+0000] {logging_mixin.py:120} INFO - [2025-07-13T11:30:34.443+0000] {dag.py:3340} INFO - Setting next_dagrun for example_complex to None, run_after=None
[2025-07-13T11:30:34.494+0000] {processor.py:176} INFO - Processing /home/airflow/.local/lib/python3.7/site-packages/airflow/example_dags/example_complex.py took 0.638 seconds
[2025-07-13T11:31:08.061+0000] {processor.py:154} INFO - Started process (PID=10509) to work on /home/airflow/.local/lib/python3.7/site-packages/airflow/example_dags/example_complex.py
[2025-07-13T11:31:08.105+0000] {processor.py:756} INFO - Processing file /home/airflow/.local/lib/python3.7/site-packages/airflow/example_dags/example_complex.py for tasks to queue
[2025-07-13T11:31:08.122+0000] {logging_mixin.py:120} INFO - [2025-07-13T11:31:08.121+0000] {dagbag.py:537} INFO - Filling up the DagBag from /home/airflow/.local/lib/python3.7/site-packages/airflow/example_dags/example_complex.py
[2025-07-13T11:31:08.474+0000] {logging_mixin.py:120} INFO - [2025-07-13T11:31:08.474+0000] {taskmixin.py:205} WARNING - Dependency <Task(BashOperator): create_entry_group>, delete_entry_group already registered for DAG: example_complex
[2025-07-13T11:31:08.493+0000] {logging_mixin.py:120} INFO - [2025-07-13T11:31:08.493+0000] {taskmixin.py:205} WARNING - Dependency <Task(BashOperator): delete_entry_group>, create_entry_group already registered for DAG: example_complex
[2025-07-13T11:31:08.497+0000] {logging_mixin.py:120} INFO - [2025-07-13T11:31:08.497+0000] {taskmixin.py:205} WARNING - Dependency <Task(BashOperator): create_entry_gcs>, delete_entry already registered for DAG: example_complex
[2025-07-13T11:31:08.526+0000] {logging_mixin.py:120} INFO - [2025-07-13T11:31:08.510+0000] {taskmixin.py:205} WARNING - Dependency <Task(BashOperator): delete_entry>, create_entry_gcs already registered for DAG: example_complex
[2025-07-13T11:31:08.535+0000] {logging_mixin.py:120} INFO - [2025-07-13T11:31:08.535+0000] {taskmixin.py:205} WARNING - Dependency <Task(BashOperator): create_tag>, delete_tag already registered for DAG: example_complex
[2025-07-13T11:31:08.541+0000] {logging_mixin.py:120} INFO - [2025-07-13T11:31:08.541+0000] {taskmixin.py:205} WARNING - Dependency <Task(BashOperator): delete_tag>, create_tag already registered for DAG: example_complex
[2025-07-13T11:31:08.602+0000] {processor.py:766} INFO - DAG(s) dict_keys(['example_complex']) retrieved from /home/airflow/.local/lib/python3.7/site-packages/airflow/example_dags/example_complex.py
[2025-07-13T11:31:09.066+0000] {logging_mixin.py:120} INFO - [2025-07-13T11:31:09.066+0000] {dag.py:2585} INFO - Sync 1 DAGs
[2025-07-13T11:31:09.275+0000] {logging_mixin.py:120} INFO - [2025-07-13T11:31:09.275+0000] {dag.py:3340} INFO - Setting next_dagrun for example_complex to None, run_after=None
[2025-07-13T11:31:09.497+0000] {processor.py:176} INFO - Processing /home/airflow/.local/lib/python3.7/site-packages/airflow/example_dags/example_complex.py took 1.467 seconds
[2025-07-13T11:31:39.711+0000] {processor.py:154} INFO - Started process (PID=10562) to work on /home/airflow/.local/lib/python3.7/site-packages/airflow/example_dags/example_complex.py
[2025-07-13T11:31:39.714+0000] {processor.py:756} INFO - Processing file /home/airflow/.local/lib/python3.7/site-packages/airflow/example_dags/example_complex.py for tasks to queue
[2025-07-13T11:31:39.716+0000] {logging_mixin.py:120} INFO - [2025-07-13T11:31:39.716+0000] {dagbag.py:537} INFO - Filling up the DagBag from /home/airflow/.local/lib/python3.7/site-packages/airflow/example_dags/example_complex.py
[2025-07-13T11:31:39.737+0000] {logging_mixin.py:120} INFO - [2025-07-13T11:31:39.736+0000] {taskmixin.py:205} WARNING - Dependency <Task(BashOperator): create_entry_group>, delete_entry_group already registered for DAG: example_complex
[2025-07-13T11:31:39.738+0000] {logging_mixin.py:120} INFO - [2025-07-13T11:31:39.738+0000] {taskmixin.py:205} WARNING - Dependency <Task(BashOperator): delete_entry_group>, create_entry_group already registered for DAG: example_complex
[2025-07-13T11:31:39.738+0000] {logging_mixin.py:120} INFO - [2025-07-13T11:31:39.738+0000] {taskmixin.py:205} WARNING - Dependency <Task(BashOperator): create_entry_gcs>, delete_entry already registered for DAG: example_complex
[2025-07-13T11:31:39.739+0000] {logging_mixin.py:120} INFO - [2025-07-13T11:31:39.739+0000] {taskmixin.py:205} WARNING - Dependency <Task(BashOperator): delete_entry>, create_entry_gcs already registered for DAG: example_complex
[2025-07-13T11:31:39.740+0000] {logging_mixin.py:120} INFO - [2025-07-13T11:31:39.739+0000] {taskmixin.py:205} WARNING - Dependency <Task(BashOperator): create_tag>, delete_tag already registered for DAG: example_complex
[2025-07-13T11:31:39.740+0000] {logging_mixin.py:120} INFO - [2025-07-13T11:31:39.740+0000] {taskmixin.py:205} WARNING - Dependency <Task(BashOperator): delete_tag>, create_tag already registered for DAG: example_complex
[2025-07-13T11:31:39.754+0000] {processor.py:766} INFO - DAG(s) dict_keys(['example_complex']) retrieved from /home/airflow/.local/lib/python3.7/site-packages/airflow/example_dags/example_complex.py
[2025-07-13T11:31:39.834+0000] {logging_mixin.py:120} INFO - [2025-07-13T11:31:39.834+0000] {dag.py:2585} INFO - Sync 1 DAGs
[2025-07-13T11:31:39.865+0000] {logging_mixin.py:120} INFO - [2025-07-13T11:31:39.865+0000] {dag.py:3340} INFO - Setting next_dagrun for example_complex to None, run_after=None
[2025-07-13T11:31:39.905+0000] {processor.py:176} INFO - Processing /home/airflow/.local/lib/python3.7/site-packages/airflow/example_dags/example_complex.py took 0.198 seconds
[2025-07-13T11:32:10.020+0000] {processor.py:154} INFO - Started process (PID=10625) to work on /home/airflow/.local/lib/python3.7/site-packages/airflow/example_dags/example_complex.py
[2025-07-13T11:32:10.021+0000] {processor.py:756} INFO - Processing file /home/airflow/.local/lib/python3.7/site-packages/airflow/example_dags/example_complex.py for tasks to queue
[2025-07-13T11:32:10.023+0000] {logging_mixin.py:120} INFO - [2025-07-13T11:32:10.022+0000] {dagbag.py:537} INFO - Filling up the DagBag from /home/airflow/.local/lib/python3.7/site-packages/airflow/example_dags/example_complex.py
[2025-07-13T11:32:10.036+0000] {logging_mixin.py:120} INFO - [2025-07-13T11:32:10.036+0000] {taskmixin.py:205} WARNING - Dependency <Task(BashOperator): create_entry_group>, delete_entry_group already registered for DAG: example_complex
[2025-07-13T11:32:10.037+0000] {logging_mixin.py:120} INFO - [2025-07-13T11:32:10.037+0000] {taskmixin.py:205} WARNING - Dependency <Task(BashOperator): delete_entry_group>, create_entry_group already registered for DAG: example_complex
[2025-07-13T11:32:10.038+0000] {logging_mixin.py:120} INFO - [2025-07-13T11:32:10.037+0000] {taskmixin.py:205} WARNING - Dependency <Task(BashOperator): create_entry_gcs>, delete_entry already registered for DAG: example_complex
[2025-07-13T11:32:10.038+0000] {logging_mixin.py:120} INFO - [2025-07-13T11:32:10.038+0000] {taskmixin.py:205} WARNING - Dependency <Task(BashOperator): delete_entry>, create_entry_gcs already registered for DAG: example_complex
[2025-07-13T11:32:10.039+0000] {logging_mixin.py:120} INFO - [2025-07-13T11:32:10.038+0000] {taskmixin.py:205} WARNING - Dependency <Task(BashOperator): create_tag>, delete_tag already registered for DAG: example_complex
[2025-07-13T11:32:10.039+0000] {logging_mixin.py:120} INFO - [2025-07-13T11:32:10.039+0000] {taskmixin.py:205} WARNING - Dependency <Task(BashOperator): delete_tag>, create_tag already registered for DAG: example_complex
[2025-07-13T11:32:10.051+0000] {processor.py:766} INFO - DAG(s) dict_keys(['example_complex']) retrieved from /home/airflow/.local/lib/python3.7/site-packages/airflow/example_dags/example_complex.py
[2025-07-13T11:32:10.131+0000] {logging_mixin.py:120} INFO - [2025-07-13T11:32:10.130+0000] {dag.py:2585} INFO - Sync 1 DAGs
[2025-07-13T11:32:10.161+0000] {logging_mixin.py:120} INFO - [2025-07-13T11:32:10.161+0000] {dag.py:3340} INFO - Setting next_dagrun for example_complex to None, run_after=None
[2025-07-13T11:32:10.191+0000] {processor.py:176} INFO - Processing /home/airflow/.local/lib/python3.7/site-packages/airflow/example_dags/example_complex.py took 0.176 seconds
[2025-07-13T11:32:40.291+0000] {processor.py:154} INFO - Started process (PID=10679) to work on /home/airflow/.local/lib/python3.7/site-packages/airflow/example_dags/example_complex.py
[2025-07-13T11:32:40.306+0000] {processor.py:756} INFO - Processing file /home/airflow/.local/lib/python3.7/site-packages/airflow/example_dags/example_complex.py for tasks to queue
[2025-07-13T11:32:40.309+0000] {logging_mixin.py:120} INFO - [2025-07-13T11:32:40.309+0000] {dagbag.py:537} INFO - Filling up the DagBag from /home/airflow/.local/lib/python3.7/site-packages/airflow/example_dags/example_complex.py
[2025-07-13T11:32:40.339+0000] {logging_mixin.py:120} INFO - [2025-07-13T11:32:40.339+0000] {taskmixin.py:205} WARNING - Dependency <Task(BashOperator): create_entry_group>, delete_entry_group already registered for DAG: example_complex
[2025-07-13T11:32:40.341+0000] {logging_mixin.py:120} INFO - [2025-07-13T11:32:40.340+0000] {taskmixin.py:205} WARNING - Dependency <Task(BashOperator): delete_entry_group>, create_entry_group already registered for DAG: example_complex
[2025-07-13T11:32:40.342+0000] {logging_mixin.py:120} INFO - [2025-07-13T11:32:40.342+0000] {taskmixin.py:205} WARNING - Dependency <Task(BashOperator): create_entry_gcs>, delete_entry already registered for DAG: example_complex
[2025-07-13T11:32:40.343+0000] {logging_mixin.py:120} INFO - [2025-07-13T11:32:40.343+0000] {taskmixin.py:205} WARNING - Dependency <Task(BashOperator): delete_entry>, create_entry_gcs already registered for DAG: example_complex
[2025-07-13T11:32:40.346+0000] {logging_mixin.py:120} INFO - [2025-07-13T11:32:40.345+0000] {taskmixin.py:205} WARNING - Dependency <Task(BashOperator): create_tag>, delete_tag already registered for DAG: example_complex
[2025-07-13T11:32:40.350+0000] {logging_mixin.py:120} INFO - [2025-07-13T11:32:40.350+0000] {taskmixin.py:205} WARNING - Dependency <Task(BashOperator): delete_tag>, create_tag already registered for DAG: example_complex
[2025-07-13T11:32:40.373+0000] {processor.py:766} INFO - DAG(s) dict_keys(['example_complex']) retrieved from /home/airflow/.local/lib/python3.7/site-packages/airflow/example_dags/example_complex.py
[2025-07-13T11:32:40.499+0000] {logging_mixin.py:120} INFO - [2025-07-13T11:32:40.498+0000] {dag.py:2585} INFO - Sync 1 DAGs
[2025-07-13T11:32:40.560+0000] {logging_mixin.py:120} INFO - [2025-07-13T11:32:40.559+0000] {dag.py:3340} INFO - Setting next_dagrun for example_complex to None, run_after=None
[2025-07-13T11:32:40.609+0000] {processor.py:176} INFO - Processing /home/airflow/.local/lib/python3.7/site-packages/airflow/example_dags/example_complex.py took 0.332 seconds
[2025-07-13T11:33:10.697+0000] {processor.py:154} INFO - Started process (PID=10741) to work on /home/airflow/.local/lib/python3.7/site-packages/airflow/example_dags/example_complex.py
[2025-07-13T11:33:10.699+0000] {processor.py:756} INFO - Processing file /home/airflow/.local/lib/python3.7/site-packages/airflow/example_dags/example_complex.py for tasks to queue
[2025-07-13T11:33:10.701+0000] {logging_mixin.py:120} INFO - [2025-07-13T11:33:10.701+0000] {dagbag.py:537} INFO - Filling up the DagBag from /home/airflow/.local/lib/python3.7/site-packages/airflow/example_dags/example_complex.py
[2025-07-13T11:33:10.720+0000] {logging_mixin.py:120} INFO - [2025-07-13T11:33:10.719+0000] {taskmixin.py:205} WARNING - Dependency <Task(BashOperator): create_entry_group>, delete_entry_group already registered for DAG: example_complex
[2025-07-13T11:33:10.721+0000] {logging_mixin.py:120} INFO - [2025-07-13T11:33:10.720+0000] {taskmixin.py:205} WARNING - Dependency <Task(BashOperator): delete_entry_group>, create_entry_group already registered for DAG: example_complex
[2025-07-13T11:33:10.721+0000] {logging_mixin.py:120} INFO - [2025-07-13T11:33:10.721+0000] {taskmixin.py:205} WARNING - Dependency <Task(BashOperator): create_entry_gcs>, delete_entry already registered for DAG: example_complex
[2025-07-13T11:33:10.722+0000] {logging_mixin.py:120} INFO - [2025-07-13T11:33:10.722+0000] {taskmixin.py:205} WARNING - Dependency <Task(BashOperator): delete_entry>, create_entry_gcs already registered for DAG: example_complex
[2025-07-13T11:33:10.723+0000] {logging_mixin.py:120} INFO - [2025-07-13T11:33:10.722+0000] {taskmixin.py:205} WARNING - Dependency <Task(BashOperator): create_tag>, delete_tag already registered for DAG: example_complex
[2025-07-13T11:33:10.723+0000] {logging_mixin.py:120} INFO - [2025-07-13T11:33:10.723+0000] {taskmixin.py:205} WARNING - Dependency <Task(BashOperator): delete_tag>, create_tag already registered for DAG: example_complex
[2025-07-13T11:33:10.739+0000] {processor.py:766} INFO - DAG(s) dict_keys(['example_complex']) retrieved from /home/airflow/.local/lib/python3.7/site-packages/airflow/example_dags/example_complex.py
[2025-07-13T11:33:10.834+0000] {logging_mixin.py:120} INFO - [2025-07-13T11:33:10.834+0000] {dag.py:2585} INFO - Sync 1 DAGs
[2025-07-13T11:33:10.866+0000] {logging_mixin.py:120} INFO - [2025-07-13T11:33:10.865+0000] {dag.py:3340} INFO - Setting next_dagrun for example_complex to None, run_after=None
[2025-07-13T11:33:10.893+0000] {processor.py:176} INFO - Processing /home/airflow/.local/lib/python3.7/site-packages/airflow/example_dags/example_complex.py took 0.200 seconds
[2025-07-13T11:33:41.052+0000] {processor.py:154} INFO - Started process (PID=10797) to work on /home/airflow/.local/lib/python3.7/site-packages/airflow/example_dags/example_complex.py
[2025-07-13T11:33:41.053+0000] {processor.py:756} INFO - Processing file /home/airflow/.local/lib/python3.7/site-packages/airflow/example_dags/example_complex.py for tasks to queue
[2025-07-13T11:33:41.054+0000] {logging_mixin.py:120} INFO - [2025-07-13T11:33:41.054+0000] {dagbag.py:537} INFO - Filling up the DagBag from /home/airflow/.local/lib/python3.7/site-packages/airflow/example_dags/example_complex.py
[2025-07-13T11:33:41.069+0000] {logging_mixin.py:120} INFO - [2025-07-13T11:33:41.069+0000] {taskmixin.py:205} WARNING - Dependency <Task(BashOperator): create_entry_group>, delete_entry_group already registered for DAG: example_complex
[2025-07-13T11:33:41.070+0000] {logging_mixin.py:120} INFO - [2025-07-13T11:33:41.070+0000] {taskmixin.py:205} WARNING - Dependency <Task(BashOperator): delete_entry_group>, create_entry_group already registered for DAG: example_complex
[2025-07-13T11:33:41.070+0000] {logging_mixin.py:120} INFO - [2025-07-13T11:33:41.070+0000] {taskmixin.py:205} WARNING - Dependency <Task(BashOperator): create_entry_gcs>, delete_entry already registered for DAG: example_complex
[2025-07-13T11:33:41.071+0000] {logging_mixin.py:120} INFO - [2025-07-13T11:33:41.071+0000] {taskmixin.py:205} WARNING - Dependency <Task(BashOperator): delete_entry>, create_entry_gcs already registered for DAG: example_complex
[2025-07-13T11:33:41.071+0000] {logging_mixin.py:120} INFO - [2025-07-13T11:33:41.071+0000] {taskmixin.py:205} WARNING - Dependency <Task(BashOperator): create_tag>, delete_tag already registered for DAG: example_complex
[2025-07-13T11:33:41.072+0000] {logging_mixin.py:120} INFO - [2025-07-13T11:33:41.072+0000] {taskmixin.py:205} WARNING - Dependency <Task(BashOperator): delete_tag>, create_tag already registered for DAG: example_complex
[2025-07-13T11:33:41.081+0000] {processor.py:766} INFO - DAG(s) dict_keys(['example_complex']) retrieved from /home/airflow/.local/lib/python3.7/site-packages/airflow/example_dags/example_complex.py
[2025-07-13T11:33:41.176+0000] {logging_mixin.py:120} INFO - [2025-07-13T11:33:41.176+0000] {dag.py:2585} INFO - Sync 1 DAGs
[2025-07-13T11:33:41.246+0000] {logging_mixin.py:120} INFO - [2025-07-13T11:33:41.245+0000] {dag.py:3340} INFO - Setting next_dagrun for example_complex to None, run_after=None
[2025-07-13T11:33:41.321+0000] {processor.py:176} INFO - Processing /home/airflow/.local/lib/python3.7/site-packages/airflow/example_dags/example_complex.py took 0.275 seconds
[2025-07-13T11:34:11.407+0000] {processor.py:154} INFO - Started process (PID=10860) to work on /home/airflow/.local/lib/python3.7/site-packages/airflow/example_dags/example_complex.py
[2025-07-13T11:34:11.409+0000] {processor.py:756} INFO - Processing file /home/airflow/.local/lib/python3.7/site-packages/airflow/example_dags/example_complex.py for tasks to queue
[2025-07-13T11:34:11.411+0000] {logging_mixin.py:120} INFO - [2025-07-13T11:34:11.410+0000] {dagbag.py:537} INFO - Filling up the DagBag from /home/airflow/.local/lib/python3.7/site-packages/airflow/example_dags/example_complex.py
[2025-07-13T11:34:11.438+0000] {logging_mixin.py:120} INFO - [2025-07-13T11:34:11.438+0000] {taskmixin.py:205} WARNING - Dependency <Task(BashOperator): create_entry_group>, delete_entry_group already registered for DAG: example_complex
[2025-07-13T11:34:11.439+0000] {logging_mixin.py:120} INFO - [2025-07-13T11:34:11.439+0000] {taskmixin.py:205} WARNING - Dependency <Task(BashOperator): delete_entry_group>, create_entry_group already registered for DAG: example_complex
[2025-07-13T11:34:11.440+0000] {logging_mixin.py:120} INFO - [2025-07-13T11:34:11.439+0000] {taskmixin.py:205} WARNING - Dependency <Task(BashOperator): create_entry_gcs>, delete_entry already registered for DAG: example_complex
[2025-07-13T11:34:11.441+0000] {logging_mixin.py:120} INFO - [2025-07-13T11:34:11.440+0000] {taskmixin.py:205} WARNING - Dependency <Task(BashOperator): delete_entry>, create_entry_gcs already registered for DAG: example_complex
[2025-07-13T11:34:11.442+0000] {logging_mixin.py:120} INFO - [2025-07-13T11:34:11.441+0000] {taskmixin.py:205} WARNING - Dependency <Task(BashOperator): create_tag>, delete_tag already registered for DAG: example_complex
[2025-07-13T11:34:11.442+0000] {logging_mixin.py:120} INFO - [2025-07-13T11:34:11.442+0000] {taskmixin.py:205} WARNING - Dependency <Task(BashOperator): delete_tag>, create_tag already registered for DAG: example_complex
[2025-07-13T11:34:11.456+0000] {processor.py:766} INFO - DAG(s) dict_keys(['example_complex']) retrieved from /home/airflow/.local/lib/python3.7/site-packages/airflow/example_dags/example_complex.py
[2025-07-13T11:34:11.706+0000] {logging_mixin.py:120} INFO - [2025-07-13T11:34:11.706+0000] {dag.py:2585} INFO - Sync 1 DAGs
[2025-07-13T11:34:11.822+0000] {logging_mixin.py:120} INFO - [2025-07-13T11:34:11.818+0000] {dag.py:3340} INFO - Setting next_dagrun for example_complex to None, run_after=None
[2025-07-13T11:34:11.877+0000] {processor.py:176} INFO - Processing /home/airflow/.local/lib/python3.7/site-packages/airflow/example_dags/example_complex.py took 0.475 seconds
[2025-07-13T11:34:42.137+0000] {processor.py:154} INFO - Started process (PID=10914) to work on /home/airflow/.local/lib/python3.7/site-packages/airflow/example_dags/example_complex.py
[2025-07-13T11:34:42.139+0000] {processor.py:756} INFO - Processing file /home/airflow/.local/lib/python3.7/site-packages/airflow/example_dags/example_complex.py for tasks to queue
[2025-07-13T11:34:42.141+0000] {logging_mixin.py:120} INFO - [2025-07-13T11:34:42.140+0000] {dagbag.py:537} INFO - Filling up the DagBag from /home/airflow/.local/lib/python3.7/site-packages/airflow/example_dags/example_complex.py
[2025-07-13T11:34:42.168+0000] {logging_mixin.py:120} INFO - [2025-07-13T11:34:42.167+0000] {taskmixin.py:205} WARNING - Dependency <Task(BashOperator): create_entry_group>, delete_entry_group already registered for DAG: example_complex
[2025-07-13T11:34:42.169+0000] {logging_mixin.py:120} INFO - [2025-07-13T11:34:42.169+0000] {taskmixin.py:205} WARNING - Dependency <Task(BashOperator): delete_entry_group>, create_entry_group already registered for DAG: example_complex
[2025-07-13T11:34:42.170+0000] {logging_mixin.py:120} INFO - [2025-07-13T11:34:42.170+0000] {taskmixin.py:205} WARNING - Dependency <Task(BashOperator): create_entry_gcs>, delete_entry already registered for DAG: example_complex
[2025-07-13T11:34:42.171+0000] {logging_mixin.py:120} INFO - [2025-07-13T11:34:42.171+0000] {taskmixin.py:205} WARNING - Dependency <Task(BashOperator): delete_entry>, create_entry_gcs already registered for DAG: example_complex
[2025-07-13T11:34:42.174+0000] {logging_mixin.py:120} INFO - [2025-07-13T11:34:42.172+0000] {taskmixin.py:205} WARNING - Dependency <Task(BashOperator): create_tag>, delete_tag already registered for DAG: example_complex
[2025-07-13T11:34:42.175+0000] {logging_mixin.py:120} INFO - [2025-07-13T11:34:42.174+0000] {taskmixin.py:205} WARNING - Dependency <Task(BashOperator): delete_tag>, create_tag already registered for DAG: example_complex
[2025-07-13T11:34:42.190+0000] {processor.py:766} INFO - DAG(s) dict_keys(['example_complex']) retrieved from /home/airflow/.local/lib/python3.7/site-packages/airflow/example_dags/example_complex.py
[2025-07-13T11:34:42.286+0000] {logging_mixin.py:120} INFO - [2025-07-13T11:34:42.286+0000] {dag.py:2585} INFO - Sync 1 DAGs
[2025-07-13T11:34:42.333+0000] {logging_mixin.py:120} INFO - [2025-07-13T11:34:42.332+0000] {dag.py:3340} INFO - Setting next_dagrun for example_complex to None, run_after=None
[2025-07-13T11:34:42.386+0000] {processor.py:176} INFO - Processing /home/airflow/.local/lib/python3.7/site-packages/airflow/example_dags/example_complex.py took 0.260 seconds
[2025-07-13T11:35:12.447+0000] {processor.py:154} INFO - Started process (PID=10967) to work on /home/airflow/.local/lib/python3.7/site-packages/airflow/example_dags/example_complex.py
[2025-07-13T11:35:12.450+0000] {processor.py:756} INFO - Processing file /home/airflow/.local/lib/python3.7/site-packages/airflow/example_dags/example_complex.py for tasks to queue
[2025-07-13T11:35:12.451+0000] {logging_mixin.py:120} INFO - [2025-07-13T11:35:12.451+0000] {dagbag.py:537} INFO - Filling up the DagBag from /home/airflow/.local/lib/python3.7/site-packages/airflow/example_dags/example_complex.py
[2025-07-13T11:35:12.465+0000] {logging_mixin.py:120} INFO - [2025-07-13T11:35:12.465+0000] {taskmixin.py:205} WARNING - Dependency <Task(BashOperator): create_entry_group>, delete_entry_group already registered for DAG: example_complex
[2025-07-13T11:35:12.467+0000] {logging_mixin.py:120} INFO - [2025-07-13T11:35:12.467+0000] {taskmixin.py:205} WARNING - Dependency <Task(BashOperator): delete_entry_group>, create_entry_group already registered for DAG: example_complex
[2025-07-13T11:35:12.468+0000] {logging_mixin.py:120} INFO - [2025-07-13T11:35:12.467+0000] {taskmixin.py:205} WARNING - Dependency <Task(BashOperator): create_entry_gcs>, delete_entry already registered for DAG: example_complex
[2025-07-13T11:35:12.468+0000] {logging_mixin.py:120} INFO - [2025-07-13T11:35:12.468+0000] {taskmixin.py:205} WARNING - Dependency <Task(BashOperator): delete_entry>, create_entry_gcs already registered for DAG: example_complex
[2025-07-13T11:35:12.469+0000] {logging_mixin.py:120} INFO - [2025-07-13T11:35:12.468+0000] {taskmixin.py:205} WARNING - Dependency <Task(BashOperator): create_tag>, delete_tag already registered for DAG: example_complex
[2025-07-13T11:35:12.469+0000] {logging_mixin.py:120} INFO - [2025-07-13T11:35:12.469+0000] {taskmixin.py:205} WARNING - Dependency <Task(BashOperator): delete_tag>, create_tag already registered for DAG: example_complex
[2025-07-13T11:35:12.478+0000] {processor.py:766} INFO - DAG(s) dict_keys(['example_complex']) retrieved from /home/airflow/.local/lib/python3.7/site-packages/airflow/example_dags/example_complex.py
[2025-07-13T11:35:12.540+0000] {logging_mixin.py:120} INFO - [2025-07-13T11:35:12.539+0000] {dag.py:2585} INFO - Sync 1 DAGs
[2025-07-13T11:35:12.571+0000] {logging_mixin.py:120} INFO - [2025-07-13T11:35:12.570+0000] {dag.py:3340} INFO - Setting next_dagrun for example_complex to None, run_after=None
[2025-07-13T11:35:12.596+0000] {processor.py:176} INFO - Processing /home/airflow/.local/lib/python3.7/site-packages/airflow/example_dags/example_complex.py took 0.153 seconds
[2025-07-13T11:35:42.691+0000] {processor.py:154} INFO - Started process (PID=11030) to work on /home/airflow/.local/lib/python3.7/site-packages/airflow/example_dags/example_complex.py
[2025-07-13T11:35:42.692+0000] {processor.py:756} INFO - Processing file /home/airflow/.local/lib/python3.7/site-packages/airflow/example_dags/example_complex.py for tasks to queue
[2025-07-13T11:35:42.694+0000] {logging_mixin.py:120} INFO - [2025-07-13T11:35:42.693+0000] {dagbag.py:537} INFO - Filling up the DagBag from /home/airflow/.local/lib/python3.7/site-packages/airflow/example_dags/example_complex.py
[2025-07-13T11:35:42.707+0000] {logging_mixin.py:120} INFO - [2025-07-13T11:35:42.706+0000] {taskmixin.py:205} WARNING - Dependency <Task(BashOperator): create_entry_group>, delete_entry_group already registered for DAG: example_complex
[2025-07-13T11:35:42.707+0000] {logging_mixin.py:120} INFO - [2025-07-13T11:35:42.707+0000] {taskmixin.py:205} WARNING - Dependency <Task(BashOperator): delete_entry_group>, create_entry_group already registered for DAG: example_complex
[2025-07-13T11:35:42.708+0000] {logging_mixin.py:120} INFO - [2025-07-13T11:35:42.708+0000] {taskmixin.py:205} WARNING - Dependency <Task(BashOperator): create_entry_gcs>, delete_entry already registered for DAG: example_complex
[2025-07-13T11:35:42.708+0000] {logging_mixin.py:120} INFO - [2025-07-13T11:35:42.708+0000] {taskmixin.py:205} WARNING - Dependency <Task(BashOperator): delete_entry>, create_entry_gcs already registered for DAG: example_complex
[2025-07-13T11:35:42.709+0000] {logging_mixin.py:120} INFO - [2025-07-13T11:35:42.709+0000] {taskmixin.py:205} WARNING - Dependency <Task(BashOperator): create_tag>, delete_tag already registered for DAG: example_complex
[2025-07-13T11:35:42.710+0000] {logging_mixin.py:120} INFO - [2025-07-13T11:35:42.709+0000] {taskmixin.py:205} WARNING - Dependency <Task(BashOperator): delete_tag>, create_tag already registered for DAG: example_complex
[2025-07-13T11:35:42.719+0000] {processor.py:766} INFO - DAG(s) dict_keys(['example_complex']) retrieved from /home/airflow/.local/lib/python3.7/site-packages/airflow/example_dags/example_complex.py
[2025-07-13T11:35:42.782+0000] {logging_mixin.py:120} INFO - [2025-07-13T11:35:42.782+0000] {dag.py:2585} INFO - Sync 1 DAGs
[2025-07-13T11:35:42.813+0000] {logging_mixin.py:120} INFO - [2025-07-13T11:35:42.813+0000] {dag.py:3340} INFO - Setting next_dagrun for example_complex to None, run_after=None
[2025-07-13T11:35:42.847+0000] {processor.py:176} INFO - Processing /home/airflow/.local/lib/python3.7/site-packages/airflow/example_dags/example_complex.py took 0.161 seconds
[2025-07-13T11:36:13.410+0000] {processor.py:154} INFO - Started process (PID=11094) to work on /home/airflow/.local/lib/python3.7/site-packages/airflow/example_dags/example_complex.py
[2025-07-13T11:36:13.412+0000] {processor.py:756} INFO - Processing file /home/airflow/.local/lib/python3.7/site-packages/airflow/example_dags/example_complex.py for tasks to queue
[2025-07-13T11:36:13.414+0000] {logging_mixin.py:120} INFO - [2025-07-13T11:36:13.413+0000] {dagbag.py:537} INFO - Filling up the DagBag from /home/airflow/.local/lib/python3.7/site-packages/airflow/example_dags/example_complex.py
[2025-07-13T11:36:13.434+0000] {logging_mixin.py:120} INFO - [2025-07-13T11:36:13.434+0000] {taskmixin.py:205} WARNING - Dependency <Task(BashOperator): create_entry_group>, delete_entry_group already registered for DAG: example_complex
[2025-07-13T11:36:13.435+0000] {logging_mixin.py:120} INFO - [2025-07-13T11:36:13.434+0000] {taskmixin.py:205} WARNING - Dependency <Task(BashOperator): delete_entry_group>, create_entry_group already registered for DAG: example_complex
[2025-07-13T11:36:13.435+0000] {logging_mixin.py:120} INFO - [2025-07-13T11:36:13.435+0000] {taskmixin.py:205} WARNING - Dependency <Task(BashOperator): create_entry_gcs>, delete_entry already registered for DAG: example_complex
[2025-07-13T11:36:13.436+0000] {logging_mixin.py:120} INFO - [2025-07-13T11:36:13.436+0000] {taskmixin.py:205} WARNING - Dependency <Task(BashOperator): delete_entry>, create_entry_gcs already registered for DAG: example_complex
[2025-07-13T11:36:13.437+0000] {logging_mixin.py:120} INFO - [2025-07-13T11:36:13.437+0000] {taskmixin.py:205} WARNING - Dependency <Task(BashOperator): create_tag>, delete_tag already registered for DAG: example_complex
[2025-07-13T11:36:13.438+0000] {logging_mixin.py:120} INFO - [2025-07-13T11:36:13.438+0000] {taskmixin.py:205} WARNING - Dependency <Task(BashOperator): delete_tag>, create_tag already registered for DAG: example_complex
[2025-07-13T11:36:13.465+0000] {processor.py:766} INFO - DAG(s) dict_keys(['example_complex']) retrieved from /home/airflow/.local/lib/python3.7/site-packages/airflow/example_dags/example_complex.py
[2025-07-13T11:36:13.559+0000] {logging_mixin.py:120} INFO - [2025-07-13T11:36:13.558+0000] {dag.py:2585} INFO - Sync 1 DAGs
[2025-07-13T11:36:13.622+0000] {logging_mixin.py:120} INFO - [2025-07-13T11:36:13.621+0000] {dag.py:3340} INFO - Setting next_dagrun for example_complex to None, run_after=None
[2025-07-13T11:36:13.663+0000] {processor.py:176} INFO - Processing /home/airflow/.local/lib/python3.7/site-packages/airflow/example_dags/example_complex.py took 0.259 seconds
[2025-07-13T11:36:44.096+0000] {processor.py:154} INFO - Started process (PID=11148) to work on /home/airflow/.local/lib/python3.7/site-packages/airflow/example_dags/example_complex.py
[2025-07-13T11:36:44.101+0000] {processor.py:756} INFO - Processing file /home/airflow/.local/lib/python3.7/site-packages/airflow/example_dags/example_complex.py for tasks to queue
[2025-07-13T11:36:44.104+0000] {logging_mixin.py:120} INFO - [2025-07-13T11:36:44.103+0000] {dagbag.py:537} INFO - Filling up the DagBag from /home/airflow/.local/lib/python3.7/site-packages/airflow/example_dags/example_complex.py
[2025-07-13T11:36:44.144+0000] {logging_mixin.py:120} INFO - [2025-07-13T11:36:44.144+0000] {taskmixin.py:205} WARNING - Dependency <Task(BashOperator): create_entry_group>, delete_entry_group already registered for DAG: example_complex
[2025-07-13T11:36:44.147+0000] {logging_mixin.py:120} INFO - [2025-07-13T11:36:44.146+0000] {taskmixin.py:205} WARNING - Dependency <Task(BashOperator): delete_entry_group>, create_entry_group already registered for DAG: example_complex
[2025-07-13T11:36:44.151+0000] {logging_mixin.py:120} INFO - [2025-07-13T11:36:44.151+0000] {taskmixin.py:205} WARNING - Dependency <Task(BashOperator): create_entry_gcs>, delete_entry already registered for DAG: example_complex
[2025-07-13T11:36:44.153+0000] {logging_mixin.py:120} INFO - [2025-07-13T11:36:44.152+0000] {taskmixin.py:205} WARNING - Dependency <Task(BashOperator): delete_entry>, create_entry_gcs already registered for DAG: example_complex
[2025-07-13T11:36:44.154+0000] {logging_mixin.py:120} INFO - [2025-07-13T11:36:44.154+0000] {taskmixin.py:205} WARNING - Dependency <Task(BashOperator): create_tag>, delete_tag already registered for DAG: example_complex
[2025-07-13T11:36:44.155+0000] {logging_mixin.py:120} INFO - [2025-07-13T11:36:44.155+0000] {taskmixin.py:205} WARNING - Dependency <Task(BashOperator): delete_tag>, create_tag already registered for DAG: example_complex
[2025-07-13T11:36:44.176+0000] {processor.py:766} INFO - DAG(s) dict_keys(['example_complex']) retrieved from /home/airflow/.local/lib/python3.7/site-packages/airflow/example_dags/example_complex.py
[2025-07-13T11:36:44.330+0000] {logging_mixin.py:120} INFO - [2025-07-13T11:36:44.329+0000] {dag.py:2585} INFO - Sync 1 DAGs
[2025-07-13T11:36:44.394+0000] {logging_mixin.py:120} INFO - [2025-07-13T11:36:44.394+0000] {dag.py:3340} INFO - Setting next_dagrun for example_complex to None, run_after=None
[2025-07-13T11:36:44.454+0000] {processor.py:176} INFO - Processing /home/airflow/.local/lib/python3.7/site-packages/airflow/example_dags/example_complex.py took 0.364 seconds
[2025-07-13T11:37:14.962+0000] {processor.py:154} INFO - Started process (PID=11211) to work on /home/airflow/.local/lib/python3.7/site-packages/airflow/example_dags/example_complex.py
[2025-07-13T11:37:14.971+0000] {processor.py:756} INFO - Processing file /home/airflow/.local/lib/python3.7/site-packages/airflow/example_dags/example_complex.py for tasks to queue
[2025-07-13T11:37:14.977+0000] {logging_mixin.py:120} INFO - [2025-07-13T11:37:14.976+0000] {dagbag.py:537} INFO - Filling up the DagBag from /home/airflow/.local/lib/python3.7/site-packages/airflow/example_dags/example_complex.py
[2025-07-13T11:37:15.049+0000] {logging_mixin.py:120} INFO - [2025-07-13T11:37:15.049+0000] {taskmixin.py:205} WARNING - Dependency <Task(BashOperator): create_entry_group>, delete_entry_group already registered for DAG: example_complex
[2025-07-13T11:37:15.051+0000] {logging_mixin.py:120} INFO - [2025-07-13T11:37:15.050+0000] {taskmixin.py:205} WARNING - Dependency <Task(BashOperator): delete_entry_group>, create_entry_group already registered for DAG: example_complex
[2025-07-13T11:37:15.053+0000] {logging_mixin.py:120} INFO - [2025-07-13T11:37:15.052+0000] {taskmixin.py:205} WARNING - Dependency <Task(BashOperator): create_entry_gcs>, delete_entry already registered for DAG: example_complex
[2025-07-13T11:37:15.054+0000] {logging_mixin.py:120} INFO - [2025-07-13T11:37:15.054+0000] {taskmixin.py:205} WARNING - Dependency <Task(BashOperator): delete_entry>, create_entry_gcs already registered for DAG: example_complex
[2025-07-13T11:37:15.068+0000] {logging_mixin.py:120} INFO - [2025-07-13T11:37:15.068+0000] {taskmixin.py:205} WARNING - Dependency <Task(BashOperator): create_tag>, delete_tag already registered for DAG: example_complex
[2025-07-13T11:37:15.070+0000] {logging_mixin.py:120} INFO - [2025-07-13T11:37:15.069+0000] {taskmixin.py:205} WARNING - Dependency <Task(BashOperator): delete_tag>, create_tag already registered for DAG: example_complex
[2025-07-13T11:37:15.128+0000] {processor.py:766} INFO - DAG(s) dict_keys(['example_complex']) retrieved from /home/airflow/.local/lib/python3.7/site-packages/airflow/example_dags/example_complex.py
[2025-07-13T11:37:15.434+0000] {logging_mixin.py:120} INFO - [2025-07-13T11:37:15.434+0000] {dag.py:2585} INFO - Sync 1 DAGs
[2025-07-13T11:37:15.535+0000] {logging_mixin.py:120} INFO - [2025-07-13T11:37:15.535+0000] {dag.py:3340} INFO - Setting next_dagrun for example_complex to None, run_after=None
[2025-07-13T11:37:15.635+0000] {processor.py:176} INFO - Processing /home/airflow/.local/lib/python3.7/site-packages/airflow/example_dags/example_complex.py took 0.691 seconds
[2025-07-13T11:37:46.140+0000] {processor.py:154} INFO - Started process (PID=11266) to work on /home/airflow/.local/lib/python3.7/site-packages/airflow/example_dags/example_complex.py
[2025-07-13T11:37:46.151+0000] {processor.py:756} INFO - Processing file /home/airflow/.local/lib/python3.7/site-packages/airflow/example_dags/example_complex.py for tasks to queue
[2025-07-13T11:37:46.154+0000] {logging_mixin.py:120} INFO - [2025-07-13T11:37:46.154+0000] {dagbag.py:537} INFO - Filling up the DagBag from /home/airflow/.local/lib/python3.7/site-packages/airflow/example_dags/example_complex.py
[2025-07-13T11:37:46.208+0000] {logging_mixin.py:120} INFO - [2025-07-13T11:37:46.208+0000] {taskmixin.py:205} WARNING - Dependency <Task(BashOperator): create_entry_group>, delete_entry_group already registered for DAG: example_complex
[2025-07-13T11:37:46.256+0000] {logging_mixin.py:120} INFO - [2025-07-13T11:37:46.255+0000] {taskmixin.py:205} WARNING - Dependency <Task(BashOperator): delete_entry_group>, create_entry_group already registered for DAG: example_complex
[2025-07-13T11:37:46.274+0000] {logging_mixin.py:120} INFO - [2025-07-13T11:37:46.273+0000] {taskmixin.py:205} WARNING - Dependency <Task(BashOperator): create_entry_gcs>, delete_entry already registered for DAG: example_complex
[2025-07-13T11:37:46.278+0000] {logging_mixin.py:120} INFO - [2025-07-13T11:37:46.278+0000] {taskmixin.py:205} WARNING - Dependency <Task(BashOperator): delete_entry>, create_entry_gcs already registered for DAG: example_complex
[2025-07-13T11:37:46.320+0000] {logging_mixin.py:120} INFO - [2025-07-13T11:37:46.320+0000] {taskmixin.py:205} WARNING - Dependency <Task(BashOperator): create_tag>, delete_tag already registered for DAG: example_complex
[2025-07-13T11:37:46.336+0000] {logging_mixin.py:120} INFO - [2025-07-13T11:37:46.336+0000] {taskmixin.py:205} WARNING - Dependency <Task(BashOperator): delete_tag>, create_tag already registered for DAG: example_complex
[2025-07-13T11:37:46.354+0000] {processor.py:766} INFO - DAG(s) dict_keys(['example_complex']) retrieved from /home/airflow/.local/lib/python3.7/site-packages/airflow/example_dags/example_complex.py
[2025-07-13T11:37:46.465+0000] {logging_mixin.py:120} INFO - [2025-07-13T11:37:46.465+0000] {dag.py:2585} INFO - Sync 1 DAGs
[2025-07-13T11:37:46.519+0000] {logging_mixin.py:120} INFO - [2025-07-13T11:37:46.519+0000] {dag.py:3340} INFO - Setting next_dagrun for example_complex to None, run_after=None
[2025-07-13T11:37:46.578+0000] {processor.py:176} INFO - Processing /home/airflow/.local/lib/python3.7/site-packages/airflow/example_dags/example_complex.py took 0.444 seconds
[2025-07-13T11:38:17.507+0000] {processor.py:154} INFO - Started process (PID=11319) to work on /home/airflow/.local/lib/python3.7/site-packages/airflow/example_dags/example_complex.py
[2025-07-13T11:38:17.508+0000] {processor.py:756} INFO - Processing file /home/airflow/.local/lib/python3.7/site-packages/airflow/example_dags/example_complex.py for tasks to queue
[2025-07-13T11:38:17.512+0000] {logging_mixin.py:120} INFO - [2025-07-13T11:38:17.510+0000] {dagbag.py:537} INFO - Filling up the DagBag from /home/airflow/.local/lib/python3.7/site-packages/airflow/example_dags/example_complex.py
[2025-07-13T11:38:17.548+0000] {logging_mixin.py:120} INFO - [2025-07-13T11:38:17.547+0000] {taskmixin.py:205} WARNING - Dependency <Task(BashOperator): create_entry_group>, delete_entry_group already registered for DAG: example_complex
[2025-07-13T11:38:17.549+0000] {logging_mixin.py:120} INFO - [2025-07-13T11:38:17.549+0000] {taskmixin.py:205} WARNING - Dependency <Task(BashOperator): delete_entry_group>, create_entry_group already registered for DAG: example_complex
[2025-07-13T11:38:17.551+0000] {logging_mixin.py:120} INFO - [2025-07-13T11:38:17.551+0000] {taskmixin.py:205} WARNING - Dependency <Task(BashOperator): create_entry_gcs>, delete_entry already registered for DAG: example_complex
[2025-07-13T11:38:17.552+0000] {logging_mixin.py:120} INFO - [2025-07-13T11:38:17.552+0000] {taskmixin.py:205} WARNING - Dependency <Task(BashOperator): delete_entry>, create_entry_gcs already registered for DAG: example_complex
[2025-07-13T11:38:17.554+0000] {logging_mixin.py:120} INFO - [2025-07-13T11:38:17.553+0000] {taskmixin.py:205} WARNING - Dependency <Task(BashOperator): create_tag>, delete_tag already registered for DAG: example_complex
[2025-07-13T11:38:17.554+0000] {logging_mixin.py:120} INFO - [2025-07-13T11:38:17.554+0000] {taskmixin.py:205} WARNING - Dependency <Task(BashOperator): delete_tag>, create_tag already registered for DAG: example_complex
[2025-07-13T11:38:17.572+0000] {processor.py:766} INFO - DAG(s) dict_keys(['example_complex']) retrieved from /home/airflow/.local/lib/python3.7/site-packages/airflow/example_dags/example_complex.py
[2025-07-13T11:38:17.669+0000] {logging_mixin.py:120} INFO - [2025-07-13T11:38:17.669+0000] {dag.py:2585} INFO - Sync 1 DAGs
[2025-07-13T11:38:17.716+0000] {logging_mixin.py:120} INFO - [2025-07-13T11:38:17.715+0000] {dag.py:3340} INFO - Setting next_dagrun for example_complex to None, run_after=None
[2025-07-13T11:38:17.750+0000] {processor.py:176} INFO - Processing /home/airflow/.local/lib/python3.7/site-packages/airflow/example_dags/example_complex.py took 0.249 seconds
[2025-07-13T11:38:48.696+0000] {processor.py:154} INFO - Started process (PID=11382) to work on /home/airflow/.local/lib/python3.7/site-packages/airflow/example_dags/example_complex.py
[2025-07-13T11:38:48.698+0000] {processor.py:756} INFO - Processing file /home/airflow/.local/lib/python3.7/site-packages/airflow/example_dags/example_complex.py for tasks to queue
[2025-07-13T11:38:48.699+0000] {logging_mixin.py:120} INFO - [2025-07-13T11:38:48.699+0000] {dagbag.py:537} INFO - Filling up the DagBag from /home/airflow/.local/lib/python3.7/site-packages/airflow/example_dags/example_complex.py
[2025-07-13T11:38:48.717+0000] {logging_mixin.py:120} INFO - [2025-07-13T11:38:48.717+0000] {taskmixin.py:205} WARNING - Dependency <Task(BashOperator): create_entry_group>, delete_entry_group already registered for DAG: example_complex
[2025-07-13T11:38:48.718+0000] {logging_mixin.py:120} INFO - [2025-07-13T11:38:48.718+0000] {taskmixin.py:205} WARNING - Dependency <Task(BashOperator): delete_entry_group>, create_entry_group already registered for DAG: example_complex
[2025-07-13T11:38:48.718+0000] {logging_mixin.py:120} INFO - [2025-07-13T11:38:48.718+0000] {taskmixin.py:205} WARNING - Dependency <Task(BashOperator): create_entry_gcs>, delete_entry already registered for DAG: example_complex
[2025-07-13T11:38:48.719+0000] {logging_mixin.py:120} INFO - [2025-07-13T11:38:48.719+0000] {taskmixin.py:205} WARNING - Dependency <Task(BashOperator): delete_entry>, create_entry_gcs already registered for DAG: example_complex
[2025-07-13T11:38:48.720+0000] {logging_mixin.py:120} INFO - [2025-07-13T11:38:48.719+0000] {taskmixin.py:205} WARNING - Dependency <Task(BashOperator): create_tag>, delete_tag already registered for DAG: example_complex
[2025-07-13T11:38:48.720+0000] {logging_mixin.py:120} INFO - [2025-07-13T11:38:48.720+0000] {taskmixin.py:205} WARNING - Dependency <Task(BashOperator): delete_tag>, create_tag already registered for DAG: example_complex
[2025-07-13T11:38:48.732+0000] {processor.py:766} INFO - DAG(s) dict_keys(['example_complex']) retrieved from /home/airflow/.local/lib/python3.7/site-packages/airflow/example_dags/example_complex.py
[2025-07-13T11:38:48.812+0000] {logging_mixin.py:120} INFO - [2025-07-13T11:38:48.811+0000] {dag.py:2585} INFO - Sync 1 DAGs
[2025-07-13T11:38:48.851+0000] {logging_mixin.py:120} INFO - [2025-07-13T11:38:48.851+0000] {dag.py:3340} INFO - Setting next_dagrun for example_complex to None, run_after=None
[2025-07-13T11:38:48.885+0000] {processor.py:176} INFO - Processing /home/airflow/.local/lib/python3.7/site-packages/airflow/example_dags/example_complex.py took 0.195 seconds
[2025-07-13T11:39:19.052+0000] {processor.py:154} INFO - Started process (PID=11436) to work on /home/airflow/.local/lib/python3.7/site-packages/airflow/example_dags/example_complex.py
[2025-07-13T11:39:19.053+0000] {processor.py:756} INFO - Processing file /home/airflow/.local/lib/python3.7/site-packages/airflow/example_dags/example_complex.py for tasks to queue
[2025-07-13T11:39:19.054+0000] {logging_mixin.py:120} INFO - [2025-07-13T11:39:19.054+0000] {dagbag.py:537} INFO - Filling up the DagBag from /home/airflow/.local/lib/python3.7/site-packages/airflow/example_dags/example_complex.py
[2025-07-13T11:39:19.072+0000] {logging_mixin.py:120} INFO - [2025-07-13T11:39:19.072+0000] {taskmixin.py:205} WARNING - Dependency <Task(BashOperator): create_entry_group>, delete_entry_group already registered for DAG: example_complex
[2025-07-13T11:39:19.073+0000] {logging_mixin.py:120} INFO - [2025-07-13T11:39:19.073+0000] {taskmixin.py:205} WARNING - Dependency <Task(BashOperator): delete_entry_group>, create_entry_group already registered for DAG: example_complex
[2025-07-13T11:39:19.074+0000] {logging_mixin.py:120} INFO - [2025-07-13T11:39:19.074+0000] {taskmixin.py:205} WARNING - Dependency <Task(BashOperator): create_entry_gcs>, delete_entry already registered for DAG: example_complex
[2025-07-13T11:39:19.074+0000] {logging_mixin.py:120} INFO - [2025-07-13T11:39:19.074+0000] {taskmixin.py:205} WARNING - Dependency <Task(BashOperator): delete_entry>, create_entry_gcs already registered for DAG: example_complex
[2025-07-13T11:39:19.076+0000] {logging_mixin.py:120} INFO - [2025-07-13T11:39:19.076+0000] {taskmixin.py:205} WARNING - Dependency <Task(BashOperator): create_tag>, delete_tag already registered for DAG: example_complex
[2025-07-13T11:39:19.078+0000] {logging_mixin.py:120} INFO - [2025-07-13T11:39:19.077+0000] {taskmixin.py:205} WARNING - Dependency <Task(BashOperator): delete_tag>, create_tag already registered for DAG: example_complex
[2025-07-13T11:39:19.088+0000] {processor.py:766} INFO - DAG(s) dict_keys(['example_complex']) retrieved from /home/airflow/.local/lib/python3.7/site-packages/airflow/example_dags/example_complex.py
[2025-07-13T11:39:19.154+0000] {logging_mixin.py:120} INFO - [2025-07-13T11:39:19.154+0000] {dag.py:2585} INFO - Sync 1 DAGs
[2025-07-13T11:39:19.192+0000] {logging_mixin.py:120} INFO - [2025-07-13T11:39:19.191+0000] {dag.py:3340} INFO - Setting next_dagrun for example_complex to None, run_after=None
[2025-07-13T11:39:19.224+0000] {processor.py:176} INFO - Processing /home/airflow/.local/lib/python3.7/site-packages/airflow/example_dags/example_complex.py took 0.177 seconds
[2025-07-13T11:39:50.042+0000] {processor.py:154} INFO - Started process (PID=11491) to work on /home/airflow/.local/lib/python3.7/site-packages/airflow/example_dags/example_complex.py
[2025-07-13T11:39:50.043+0000] {processor.py:756} INFO - Processing file /home/airflow/.local/lib/python3.7/site-packages/airflow/example_dags/example_complex.py for tasks to queue
[2025-07-13T11:39:50.044+0000] {logging_mixin.py:120} INFO - [2025-07-13T11:39:50.044+0000] {dagbag.py:537} INFO - Filling up the DagBag from /home/airflow/.local/lib/python3.7/site-packages/airflow/example_dags/example_complex.py
[2025-07-13T11:39:50.060+0000] {logging_mixin.py:120} INFO - [2025-07-13T11:39:50.059+0000] {taskmixin.py:205} WARNING - Dependency <Task(BashOperator): create_entry_group>, delete_entry_group already registered for DAG: example_complex
[2025-07-13T11:39:50.061+0000] {logging_mixin.py:120} INFO - [2025-07-13T11:39:50.060+0000] {taskmixin.py:205} WARNING - Dependency <Task(BashOperator): delete_entry_group>, create_entry_group already registered for DAG: example_complex
[2025-07-13T11:39:50.062+0000] {logging_mixin.py:120} INFO - [2025-07-13T11:39:50.061+0000] {taskmixin.py:205} WARNING - Dependency <Task(BashOperator): create_entry_gcs>, delete_entry already registered for DAG: example_complex
[2025-07-13T11:39:50.069+0000] {logging_mixin.py:120} INFO - [2025-07-13T11:39:50.063+0000] {taskmixin.py:205} WARNING - Dependency <Task(BashOperator): delete_entry>, create_entry_gcs already registered for DAG: example_complex
[2025-07-13T11:39:50.071+0000] {logging_mixin.py:120} INFO - [2025-07-13T11:39:50.071+0000] {taskmixin.py:205} WARNING - Dependency <Task(BashOperator): create_tag>, delete_tag already registered for DAG: example_complex
[2025-07-13T11:39:50.073+0000] {logging_mixin.py:120} INFO - [2025-07-13T11:39:50.072+0000] {taskmixin.py:205} WARNING - Dependency <Task(BashOperator): delete_tag>, create_tag already registered for DAG: example_complex
[2025-07-13T11:39:50.096+0000] {processor.py:766} INFO - DAG(s) dict_keys(['example_complex']) retrieved from /home/airflow/.local/lib/python3.7/site-packages/airflow/example_dags/example_complex.py
[2025-07-13T11:39:50.246+0000] {logging_mixin.py:120} INFO - [2025-07-13T11:39:50.245+0000] {dag.py:2585} INFO - Sync 1 DAGs
[2025-07-13T11:39:50.289+0000] {logging_mixin.py:120} INFO - [2025-07-13T11:39:50.289+0000] {dag.py:3340} INFO - Setting next_dagrun for example_complex to None, run_after=None
[2025-07-13T11:39:50.392+0000] {processor.py:176} INFO - Processing /home/airflow/.local/lib/python3.7/site-packages/airflow/example_dags/example_complex.py took 0.356 seconds
[2025-07-13T11:40:20.514+0000] {processor.py:154} INFO - Started process (PID=11547) to work on /home/airflow/.local/lib/python3.7/site-packages/airflow/example_dags/example_complex.py
[2025-07-13T11:40:20.515+0000] {processor.py:756} INFO - Processing file /home/airflow/.local/lib/python3.7/site-packages/airflow/example_dags/example_complex.py for tasks to queue
[2025-07-13T11:40:20.516+0000] {logging_mixin.py:120} INFO - [2025-07-13T11:40:20.516+0000] {dagbag.py:537} INFO - Filling up the DagBag from /home/airflow/.local/lib/python3.7/site-packages/airflow/example_dags/example_complex.py
[2025-07-13T11:40:20.529+0000] {logging_mixin.py:120} INFO - [2025-07-13T11:40:20.529+0000] {taskmixin.py:205} WARNING - Dependency <Task(BashOperator): create_entry_group>, delete_entry_group already registered for DAG: example_complex
[2025-07-13T11:40:20.530+0000] {logging_mixin.py:120} INFO - [2025-07-13T11:40:20.530+0000] {taskmixin.py:205} WARNING - Dependency <Task(BashOperator): delete_entry_group>, create_entry_group already registered for DAG: example_complex
[2025-07-13T11:40:20.530+0000] {logging_mixin.py:120} INFO - [2025-07-13T11:40:20.530+0000] {taskmixin.py:205} WARNING - Dependency <Task(BashOperator): create_entry_gcs>, delete_entry already registered for DAG: example_complex
[2025-07-13T11:40:20.531+0000] {logging_mixin.py:120} INFO - [2025-07-13T11:40:20.531+0000] {taskmixin.py:205} WARNING - Dependency <Task(BashOperator): delete_entry>, create_entry_gcs already registered for DAG: example_complex
[2025-07-13T11:40:20.531+0000] {logging_mixin.py:120} INFO - [2025-07-13T11:40:20.531+0000] {taskmixin.py:205} WARNING - Dependency <Task(BashOperator): create_tag>, delete_tag already registered for DAG: example_complex
[2025-07-13T11:40:20.532+0000] {logging_mixin.py:120} INFO - [2025-07-13T11:40:20.531+0000] {taskmixin.py:205} WARNING - Dependency <Task(BashOperator): delete_tag>, create_tag already registered for DAG: example_complex
[2025-07-13T11:40:20.540+0000] {processor.py:766} INFO - DAG(s) dict_keys(['example_complex']) retrieved from /home/airflow/.local/lib/python3.7/site-packages/airflow/example_dags/example_complex.py
[2025-07-13T11:40:20.594+0000] {logging_mixin.py:120} INFO - [2025-07-13T11:40:20.594+0000] {dag.py:2585} INFO - Sync 1 DAGs
[2025-07-13T11:40:20.622+0000] {logging_mixin.py:120} INFO - [2025-07-13T11:40:20.622+0000] {dag.py:3340} INFO - Setting next_dagrun for example_complex to None, run_after=None
[2025-07-13T11:40:20.654+0000] {processor.py:176} INFO - Processing /home/airflow/.local/lib/python3.7/site-packages/airflow/example_dags/example_complex.py took 0.144 seconds
[2025-07-13T11:40:50.776+0000] {processor.py:154} INFO - Started process (PID=11610) to work on /home/airflow/.local/lib/python3.7/site-packages/airflow/example_dags/example_complex.py
[2025-07-13T11:40:50.777+0000] {processor.py:756} INFO - Processing file /home/airflow/.local/lib/python3.7/site-packages/airflow/example_dags/example_complex.py for tasks to queue
[2025-07-13T11:40:50.778+0000] {logging_mixin.py:120} INFO - [2025-07-13T11:40:50.778+0000] {dagbag.py:537} INFO - Filling up the DagBag from /home/airflow/.local/lib/python3.7/site-packages/airflow/example_dags/example_complex.py
[2025-07-13T11:40:50.790+0000] {logging_mixin.py:120} INFO - [2025-07-13T11:40:50.790+0000] {taskmixin.py:205} WARNING - Dependency <Task(BashOperator): create_entry_group>, delete_entry_group already registered for DAG: example_complex
[2025-07-13T11:40:50.791+0000] {logging_mixin.py:120} INFO - [2025-07-13T11:40:50.791+0000] {taskmixin.py:205} WARNING - Dependency <Task(BashOperator): delete_entry_group>, create_entry_group already registered for DAG: example_complex
[2025-07-13T11:40:50.792+0000] {logging_mixin.py:120} INFO - [2025-07-13T11:40:50.791+0000] {taskmixin.py:205} WARNING - Dependency <Task(BashOperator): create_entry_gcs>, delete_entry already registered for DAG: example_complex
[2025-07-13T11:40:50.792+0000] {logging_mixin.py:120} INFO - [2025-07-13T11:40:50.792+0000] {taskmixin.py:205} WARNING - Dependency <Task(BashOperator): delete_entry>, create_entry_gcs already registered for DAG: example_complex
[2025-07-13T11:40:50.793+0000] {logging_mixin.py:120} INFO - [2025-07-13T11:40:50.793+0000] {taskmixin.py:205} WARNING - Dependency <Task(BashOperator): create_tag>, delete_tag already registered for DAG: example_complex
[2025-07-13T11:40:50.793+0000] {logging_mixin.py:120} INFO - [2025-07-13T11:40:50.793+0000] {taskmixin.py:205} WARNING - Dependency <Task(BashOperator): delete_tag>, create_tag already registered for DAG: example_complex
[2025-07-13T11:40:50.802+0000] {processor.py:766} INFO - DAG(s) dict_keys(['example_complex']) retrieved from /home/airflow/.local/lib/python3.7/site-packages/airflow/example_dags/example_complex.py
[2025-07-13T11:40:50.855+0000] {logging_mixin.py:120} INFO - [2025-07-13T11:40:50.855+0000] {dag.py:2585} INFO - Sync 1 DAGs
[2025-07-13T11:40:50.883+0000] {logging_mixin.py:120} INFO - [2025-07-13T11:40:50.883+0000] {dag.py:3340} INFO - Setting next_dagrun for example_complex to None, run_after=None
[2025-07-13T11:40:50.906+0000] {processor.py:176} INFO - Processing /home/airflow/.local/lib/python3.7/site-packages/airflow/example_dags/example_complex.py took 0.134 seconds
[2025-07-13T11:41:21.325+0000] {processor.py:154} INFO - Started process (PID=11671) to work on /home/airflow/.local/lib/python3.7/site-packages/airflow/example_dags/example_complex.py
[2025-07-13T11:41:21.326+0000] {processor.py:756} INFO - Processing file /home/airflow/.local/lib/python3.7/site-packages/airflow/example_dags/example_complex.py for tasks to queue
[2025-07-13T11:41:21.329+0000] {logging_mixin.py:120} INFO - [2025-07-13T11:41:21.329+0000] {dagbag.py:537} INFO - Filling up the DagBag from /home/airflow/.local/lib/python3.7/site-packages/airflow/example_dags/example_complex.py
[2025-07-13T11:41:21.351+0000] {logging_mixin.py:120} INFO - [2025-07-13T11:41:21.350+0000] {taskmixin.py:205} WARNING - Dependency <Task(BashOperator): create_entry_group>, delete_entry_group already registered for DAG: example_complex
[2025-07-13T11:41:21.352+0000] {logging_mixin.py:120} INFO - [2025-07-13T11:41:21.351+0000] {taskmixin.py:205} WARNING - Dependency <Task(BashOperator): delete_entry_group>, create_entry_group already registered for DAG: example_complex
[2025-07-13T11:41:21.358+0000] {logging_mixin.py:120} INFO - [2025-07-13T11:41:21.358+0000] {taskmixin.py:205} WARNING - Dependency <Task(BashOperator): create_entry_gcs>, delete_entry already registered for DAG: example_complex
[2025-07-13T11:41:21.359+0000] {logging_mixin.py:120} INFO - [2025-07-13T11:41:21.359+0000] {taskmixin.py:205} WARNING - Dependency <Task(BashOperator): delete_entry>, create_entry_gcs already registered for DAG: example_complex
[2025-07-13T11:41:21.360+0000] {logging_mixin.py:120} INFO - [2025-07-13T11:41:21.360+0000] {taskmixin.py:205} WARNING - Dependency <Task(BashOperator): create_tag>, delete_tag already registered for DAG: example_complex
[2025-07-13T11:41:21.361+0000] {logging_mixin.py:120} INFO - [2025-07-13T11:41:21.361+0000] {taskmixin.py:205} WARNING - Dependency <Task(BashOperator): delete_tag>, create_tag already registered for DAG: example_complex
[2025-07-13T11:41:21.376+0000] {processor.py:766} INFO - DAG(s) dict_keys(['example_complex']) retrieved from /home/airflow/.local/lib/python3.7/site-packages/airflow/example_dags/example_complex.py
[2025-07-13T11:41:21.489+0000] {logging_mixin.py:120} INFO - [2025-07-13T11:41:21.487+0000] {dag.py:2585} INFO - Sync 1 DAGs
[2025-07-13T11:41:21.560+0000] {logging_mixin.py:120} INFO - [2025-07-13T11:41:21.560+0000] {dag.py:3340} INFO - Setting next_dagrun for example_complex to None, run_after=None
[2025-07-13T11:41:21.636+0000] {processor.py:176} INFO - Processing /home/airflow/.local/lib/python3.7/site-packages/airflow/example_dags/example_complex.py took 0.319 seconds
[2025-07-13T11:41:51.795+0000] {processor.py:154} INFO - Started process (PID=11725) to work on /home/airflow/.local/lib/python3.7/site-packages/airflow/example_dags/example_complex.py
[2025-07-13T11:41:51.796+0000] {processor.py:756} INFO - Processing file /home/airflow/.local/lib/python3.7/site-packages/airflow/example_dags/example_complex.py for tasks to queue
[2025-07-13T11:41:51.798+0000] {logging_mixin.py:120} INFO - [2025-07-13T11:41:51.797+0000] {dagbag.py:537} INFO - Filling up the DagBag from /home/airflow/.local/lib/python3.7/site-packages/airflow/example_dags/example_complex.py
[2025-07-13T11:41:51.814+0000] {logging_mixin.py:120} INFO - [2025-07-13T11:41:51.813+0000] {taskmixin.py:205} WARNING - Dependency <Task(BashOperator): create_entry_group>, delete_entry_group already registered for DAG: example_complex
[2025-07-13T11:41:51.814+0000] {logging_mixin.py:120} INFO - [2025-07-13T11:41:51.814+0000] {taskmixin.py:205} WARNING - Dependency <Task(BashOperator): delete_entry_group>, create_entry_group already registered for DAG: example_complex
[2025-07-13T11:41:51.817+0000] {logging_mixin.py:120} INFO - [2025-07-13T11:41:51.817+0000] {taskmixin.py:205} WARNING - Dependency <Task(BashOperator): create_entry_gcs>, delete_entry already registered for DAG: example_complex
[2025-07-13T11:41:51.821+0000] {logging_mixin.py:120} INFO - [2025-07-13T11:41:51.821+0000] {taskmixin.py:205} WARNING - Dependency <Task(BashOperator): delete_entry>, create_entry_gcs already registered for DAG: example_complex
[2025-07-13T11:41:51.824+0000] {logging_mixin.py:120} INFO - [2025-07-13T11:41:51.823+0000] {taskmixin.py:205} WARNING - Dependency <Task(BashOperator): create_tag>, delete_tag already registered for DAG: example_complex
[2025-07-13T11:41:51.824+0000] {logging_mixin.py:120} INFO - [2025-07-13T11:41:51.824+0000] {taskmixin.py:205} WARNING - Dependency <Task(BashOperator): delete_tag>, create_tag already registered for DAG: example_complex
[2025-07-13T11:41:51.851+0000] {processor.py:766} INFO - DAG(s) dict_keys(['example_complex']) retrieved from /home/airflow/.local/lib/python3.7/site-packages/airflow/example_dags/example_complex.py
[2025-07-13T11:41:52.031+0000] {logging_mixin.py:120} INFO - [2025-07-13T11:41:52.030+0000] {dag.py:2585} INFO - Sync 1 DAGs
[2025-07-13T11:41:52.094+0000] {logging_mixin.py:120} INFO - [2025-07-13T11:41:52.094+0000] {dag.py:3340} INFO - Setting next_dagrun for example_complex to None, run_after=None
[2025-07-13T11:41:52.144+0000] {processor.py:176} INFO - Processing /home/airflow/.local/lib/python3.7/site-packages/airflow/example_dags/example_complex.py took 0.354 seconds
[2025-07-13T11:42:23.667+0000] {processor.py:154} INFO - Started process (PID=11784) to work on /home/airflow/.local/lib/python3.7/site-packages/airflow/example_dags/example_complex.py
[2025-07-13T11:42:23.676+0000] {processor.py:756} INFO - Processing file /home/airflow/.local/lib/python3.7/site-packages/airflow/example_dags/example_complex.py for tasks to queue
[2025-07-13T11:42:23.681+0000] {logging_mixin.py:120} INFO - [2025-07-13T11:42:23.679+0000] {dagbag.py:537} INFO - Filling up the DagBag from /home/airflow/.local/lib/python3.7/site-packages/airflow/example_dags/example_complex.py
[2025-07-13T11:42:23.750+0000] {logging_mixin.py:120} INFO - [2025-07-13T11:42:23.749+0000] {taskmixin.py:205} WARNING - Dependency <Task(BashOperator): create_entry_group>, delete_entry_group already registered for DAG: example_complex
[2025-07-13T11:42:23.751+0000] {logging_mixin.py:120} INFO - [2025-07-13T11:42:23.751+0000] {taskmixin.py:205} WARNING - Dependency <Task(BashOperator): delete_entry_group>, create_entry_group already registered for DAG: example_complex
[2025-07-13T11:42:23.752+0000] {logging_mixin.py:120} INFO - [2025-07-13T11:42:23.752+0000] {taskmixin.py:205} WARNING - Dependency <Task(BashOperator): create_entry_gcs>, delete_entry already registered for DAG: example_complex
[2025-07-13T11:42:23.753+0000] {logging_mixin.py:120} INFO - [2025-07-13T11:42:23.752+0000] {taskmixin.py:205} WARNING - Dependency <Task(BashOperator): delete_entry>, create_entry_gcs already registered for DAG: example_complex
[2025-07-13T11:42:23.754+0000] {logging_mixin.py:120} INFO - [2025-07-13T11:42:23.754+0000] {taskmixin.py:205} WARNING - Dependency <Task(BashOperator): create_tag>, delete_tag already registered for DAG: example_complex
[2025-07-13T11:42:23.755+0000] {logging_mixin.py:120} INFO - [2025-07-13T11:42:23.755+0000] {taskmixin.py:205} WARNING - Dependency <Task(BashOperator): delete_tag>, create_tag already registered for DAG: example_complex
[2025-07-13T11:42:23.781+0000] {processor.py:766} INFO - DAG(s) dict_keys(['example_complex']) retrieved from /home/airflow/.local/lib/python3.7/site-packages/airflow/example_dags/example_complex.py
[2025-07-13T11:42:23.865+0000] {logging_mixin.py:120} INFO - [2025-07-13T11:42:23.865+0000] {dag.py:2585} INFO - Sync 1 DAGs
[2025-07-13T11:42:23.900+0000] {logging_mixin.py:120} INFO - [2025-07-13T11:42:23.900+0000] {dag.py:3340} INFO - Setting next_dagrun for example_complex to None, run_after=None
[2025-07-13T11:42:23.992+0000] {processor.py:176} INFO - Processing /home/airflow/.local/lib/python3.7/site-packages/airflow/example_dags/example_complex.py took 0.340 seconds
[2025-07-13T11:42:54.173+0000] {processor.py:154} INFO - Started process (PID=11837) to work on /home/airflow/.local/lib/python3.7/site-packages/airflow/example_dags/example_complex.py
[2025-07-13T11:42:54.175+0000] {processor.py:756} INFO - Processing file /home/airflow/.local/lib/python3.7/site-packages/airflow/example_dags/example_complex.py for tasks to queue
[2025-07-13T11:42:54.177+0000] {logging_mixin.py:120} INFO - [2025-07-13T11:42:54.176+0000] {dagbag.py:537} INFO - Filling up the DagBag from /home/airflow/.local/lib/python3.7/site-packages/airflow/example_dags/example_complex.py
[2025-07-13T11:42:54.197+0000] {logging_mixin.py:120} INFO - [2025-07-13T11:42:54.197+0000] {taskmixin.py:205} WARNING - Dependency <Task(BashOperator): create_entry_group>, delete_entry_group already registered for DAG: example_complex
[2025-07-13T11:42:54.198+0000] {logging_mixin.py:120} INFO - [2025-07-13T11:42:54.198+0000] {taskmixin.py:205} WARNING - Dependency <Task(BashOperator): delete_entry_group>, create_entry_group already registered for DAG: example_complex
[2025-07-13T11:42:54.203+0000] {logging_mixin.py:120} INFO - [2025-07-13T11:42:54.202+0000] {taskmixin.py:205} WARNING - Dependency <Task(BashOperator): create_entry_gcs>, delete_entry already registered for DAG: example_complex
[2025-07-13T11:42:54.204+0000] {logging_mixin.py:120} INFO - [2025-07-13T11:42:54.203+0000] {taskmixin.py:205} WARNING - Dependency <Task(BashOperator): delete_entry>, create_entry_gcs already registered for DAG: example_complex
[2025-07-13T11:42:54.205+0000] {logging_mixin.py:120} INFO - [2025-07-13T11:42:54.205+0000] {taskmixin.py:205} WARNING - Dependency <Task(BashOperator): create_tag>, delete_tag already registered for DAG: example_complex
[2025-07-13T11:42:54.206+0000] {logging_mixin.py:120} INFO - [2025-07-13T11:42:54.206+0000] {taskmixin.py:205} WARNING - Dependency <Task(BashOperator): delete_tag>, create_tag already registered for DAG: example_complex
[2025-07-13T11:42:54.224+0000] {processor.py:766} INFO - DAG(s) dict_keys(['example_complex']) retrieved from /home/airflow/.local/lib/python3.7/site-packages/airflow/example_dags/example_complex.py
[2025-07-13T11:42:54.316+0000] {logging_mixin.py:120} INFO - [2025-07-13T11:42:54.315+0000] {dag.py:2585} INFO - Sync 1 DAGs
[2025-07-13T11:42:54.364+0000] {logging_mixin.py:120} INFO - [2025-07-13T11:42:54.364+0000] {dag.py:3340} INFO - Setting next_dagrun for example_complex to None, run_after=None
[2025-07-13T11:42:54.420+0000] {processor.py:176} INFO - Processing /home/airflow/.local/lib/python3.7/site-packages/airflow/example_dags/example_complex.py took 0.254 seconds
[2025-07-13T11:43:24.485+0000] {processor.py:154} INFO - Started process (PID=11897) to work on /home/airflow/.local/lib/python3.7/site-packages/airflow/example_dags/example_complex.py
[2025-07-13T11:43:24.487+0000] {processor.py:756} INFO - Processing file /home/airflow/.local/lib/python3.7/site-packages/airflow/example_dags/example_complex.py for tasks to queue
[2025-07-13T11:43:24.489+0000] {logging_mixin.py:120} INFO - [2025-07-13T11:43:24.488+0000] {dagbag.py:537} INFO - Filling up the DagBag from /home/airflow/.local/lib/python3.7/site-packages/airflow/example_dags/example_complex.py
[2025-07-13T11:43:24.516+0000] {logging_mixin.py:120} INFO - [2025-07-13T11:43:24.515+0000] {taskmixin.py:205} WARNING - Dependency <Task(BashOperator): create_entry_group>, delete_entry_group already registered for DAG: example_complex
[2025-07-13T11:43:24.517+0000] {logging_mixin.py:120} INFO - [2025-07-13T11:43:24.517+0000] {taskmixin.py:205} WARNING - Dependency <Task(BashOperator): delete_entry_group>, create_entry_group already registered for DAG: example_complex
[2025-07-13T11:43:24.520+0000] {logging_mixin.py:120} INFO - [2025-07-13T11:43:24.520+0000] {taskmixin.py:205} WARNING - Dependency <Task(BashOperator): create_entry_gcs>, delete_entry already registered for DAG: example_complex
[2025-07-13T11:43:24.521+0000] {logging_mixin.py:120} INFO - [2025-07-13T11:43:24.521+0000] {taskmixin.py:205} WARNING - Dependency <Task(BashOperator): delete_entry>, create_entry_gcs already registered for DAG: example_complex
[2025-07-13T11:43:24.523+0000] {logging_mixin.py:120} INFO - [2025-07-13T11:43:24.522+0000] {taskmixin.py:205} WARNING - Dependency <Task(BashOperator): create_tag>, delete_tag already registered for DAG: example_complex
[2025-07-13T11:43:24.524+0000] {logging_mixin.py:120} INFO - [2025-07-13T11:43:24.523+0000] {taskmixin.py:205} WARNING - Dependency <Task(BashOperator): delete_tag>, create_tag already registered for DAG: example_complex
[2025-07-13T11:43:24.545+0000] {processor.py:766} INFO - DAG(s) dict_keys(['example_complex']) retrieved from /home/airflow/.local/lib/python3.7/site-packages/airflow/example_dags/example_complex.py
[2025-07-13T11:43:24.653+0000] {logging_mixin.py:120} INFO - [2025-07-13T11:43:24.653+0000] {dag.py:2585} INFO - Sync 1 DAGs
[2025-07-13T11:43:24.699+0000] {logging_mixin.py:120} INFO - [2025-07-13T11:43:24.698+0000] {dag.py:3340} INFO - Setting next_dagrun for example_complex to None, run_after=None
[2025-07-13T11:43:24.746+0000] {processor.py:176} INFO - Processing /home/airflow/.local/lib/python3.7/site-packages/airflow/example_dags/example_complex.py took 0.271 seconds
[2025-07-13T11:43:54.879+0000] {processor.py:154} INFO - Started process (PID=11951) to work on /home/airflow/.local/lib/python3.7/site-packages/airflow/example_dags/example_complex.py
[2025-07-13T11:43:54.880+0000] {processor.py:756} INFO - Processing file /home/airflow/.local/lib/python3.7/site-packages/airflow/example_dags/example_complex.py for tasks to queue
[2025-07-13T11:43:54.882+0000] {logging_mixin.py:120} INFO - [2025-07-13T11:43:54.881+0000] {dagbag.py:537} INFO - Filling up the DagBag from /home/airflow/.local/lib/python3.7/site-packages/airflow/example_dags/example_complex.py
[2025-07-13T11:43:54.901+0000] {logging_mixin.py:120} INFO - [2025-07-13T11:43:54.900+0000] {taskmixin.py:205} WARNING - Dependency <Task(BashOperator): create_entry_group>, delete_entry_group already registered for DAG: example_complex
[2025-07-13T11:43:54.902+0000] {logging_mixin.py:120} INFO - [2025-07-13T11:43:54.901+0000] {taskmixin.py:205} WARNING - Dependency <Task(BashOperator): delete_entry_group>, create_entry_group already registered for DAG: example_complex
[2025-07-13T11:43:54.902+0000] {logging_mixin.py:120} INFO - [2025-07-13T11:43:54.902+0000] {taskmixin.py:205} WARNING - Dependency <Task(BashOperator): create_entry_gcs>, delete_entry already registered for DAG: example_complex
[2025-07-13T11:43:54.903+0000] {logging_mixin.py:120} INFO - [2025-07-13T11:43:54.903+0000] {taskmixin.py:205} WARNING - Dependency <Task(BashOperator): delete_entry>, create_entry_gcs already registered for DAG: example_complex
[2025-07-13T11:43:54.904+0000] {logging_mixin.py:120} INFO - [2025-07-13T11:43:54.904+0000] {taskmixin.py:205} WARNING - Dependency <Task(BashOperator): create_tag>, delete_tag already registered for DAG: example_complex
[2025-07-13T11:43:54.904+0000] {logging_mixin.py:120} INFO - [2025-07-13T11:43:54.904+0000] {taskmixin.py:205} WARNING - Dependency <Task(BashOperator): delete_tag>, create_tag already registered for DAG: example_complex
[2025-07-13T11:43:54.914+0000] {processor.py:766} INFO - DAG(s) dict_keys(['example_complex']) retrieved from /home/airflow/.local/lib/python3.7/site-packages/airflow/example_dags/example_complex.py
[2025-07-13T11:43:54.976+0000] {logging_mixin.py:120} INFO - [2025-07-13T11:43:54.976+0000] {dag.py:2585} INFO - Sync 1 DAGs
[2025-07-13T11:43:55.015+0000] {logging_mixin.py:120} INFO - [2025-07-13T11:43:55.014+0000] {dag.py:3340} INFO - Setting next_dagrun for example_complex to None, run_after=None
[2025-07-13T11:43:55.047+0000] {processor.py:176} INFO - Processing /home/airflow/.local/lib/python3.7/site-packages/airflow/example_dags/example_complex.py took 0.173 seconds
[2025-07-13T11:44:25.982+0000] {processor.py:154} INFO - Started process (PID=12014) to work on /home/airflow/.local/lib/python3.7/site-packages/airflow/example_dags/example_complex.py
[2025-07-13T11:44:25.983+0000] {processor.py:756} INFO - Processing file /home/airflow/.local/lib/python3.7/site-packages/airflow/example_dags/example_complex.py for tasks to queue
[2025-07-13T11:44:25.984+0000] {logging_mixin.py:120} INFO - [2025-07-13T11:44:25.984+0000] {dagbag.py:537} INFO - Filling up the DagBag from /home/airflow/.local/lib/python3.7/site-packages/airflow/example_dags/example_complex.py
[2025-07-13T11:44:26.002+0000] {logging_mixin.py:120} INFO - [2025-07-13T11:44:26.002+0000] {taskmixin.py:205} WARNING - Dependency <Task(BashOperator): create_entry_group>, delete_entry_group already registered for DAG: example_complex
[2025-07-13T11:44:26.003+0000] {logging_mixin.py:120} INFO - [2025-07-13T11:44:26.002+0000] {taskmixin.py:205} WARNING - Dependency <Task(BashOperator): delete_entry_group>, create_entry_group already registered for DAG: example_complex
[2025-07-13T11:44:26.008+0000] {logging_mixin.py:120} INFO - [2025-07-13T11:44:26.007+0000] {taskmixin.py:205} WARNING - Dependency <Task(BashOperator): create_entry_gcs>, delete_entry already registered for DAG: example_complex
[2025-07-13T11:44:26.009+0000] {logging_mixin.py:120} INFO - [2025-07-13T11:44:26.008+0000] {taskmixin.py:205} WARNING - Dependency <Task(BashOperator): delete_entry>, create_entry_gcs already registered for DAG: example_complex
[2025-07-13T11:44:26.009+0000] {logging_mixin.py:120} INFO - [2025-07-13T11:44:26.009+0000] {taskmixin.py:205} WARNING - Dependency <Task(BashOperator): create_tag>, delete_tag already registered for DAG: example_complex
[2025-07-13T11:44:26.010+0000] {logging_mixin.py:120} INFO - [2025-07-13T11:44:26.010+0000] {taskmixin.py:205} WARNING - Dependency <Task(BashOperator): delete_tag>, create_tag already registered for DAG: example_complex
[2025-07-13T11:44:26.021+0000] {processor.py:766} INFO - DAG(s) dict_keys(['example_complex']) retrieved from /home/airflow/.local/lib/python3.7/site-packages/airflow/example_dags/example_complex.py
[2025-07-13T11:44:26.099+0000] {logging_mixin.py:120} INFO - [2025-07-13T11:44:26.099+0000] {dag.py:2585} INFO - Sync 1 DAGs
[2025-07-13T11:44:26.143+0000] {logging_mixin.py:120} INFO - [2025-07-13T11:44:26.142+0000] {dag.py:3340} INFO - Setting next_dagrun for example_complex to None, run_after=None
[2025-07-13T11:44:26.184+0000] {processor.py:176} INFO - Processing /home/airflow/.local/lib/python3.7/site-packages/airflow/example_dags/example_complex.py took 0.207 seconds
[2025-07-13T11:44:56.963+0000] {processor.py:154} INFO - Started process (PID=12068) to work on /home/airflow/.local/lib/python3.7/site-packages/airflow/example_dags/example_complex.py
[2025-07-13T11:44:56.965+0000] {processor.py:756} INFO - Processing file /home/airflow/.local/lib/python3.7/site-packages/airflow/example_dags/example_complex.py for tasks to queue
[2025-07-13T11:44:56.967+0000] {logging_mixin.py:120} INFO - [2025-07-13T11:44:56.966+0000] {dagbag.py:537} INFO - Filling up the DagBag from /home/airflow/.local/lib/python3.7/site-packages/airflow/example_dags/example_complex.py
[2025-07-13T11:44:56.994+0000] {logging_mixin.py:120} INFO - [2025-07-13T11:44:56.994+0000] {taskmixin.py:205} WARNING - Dependency <Task(BashOperator): create_entry_group>, delete_entry_group already registered for DAG: example_complex
[2025-07-13T11:44:56.995+0000] {logging_mixin.py:120} INFO - [2025-07-13T11:44:56.995+0000] {taskmixin.py:205} WARNING - Dependency <Task(BashOperator): delete_entry_group>, create_entry_group already registered for DAG: example_complex
[2025-07-13T11:44:56.996+0000] {logging_mixin.py:120} INFO - [2025-07-13T11:44:56.996+0000] {taskmixin.py:205} WARNING - Dependency <Task(BashOperator): create_entry_gcs>, delete_entry already registered for DAG: example_complex
[2025-07-13T11:44:56.997+0000] {logging_mixin.py:120} INFO - [2025-07-13T11:44:56.997+0000] {taskmixin.py:205} WARNING - Dependency <Task(BashOperator): delete_entry>, create_entry_gcs already registered for DAG: example_complex
[2025-07-13T11:44:56.998+0000] {logging_mixin.py:120} INFO - [2025-07-13T11:44:56.998+0000] {taskmixin.py:205} WARNING - Dependency <Task(BashOperator): create_tag>, delete_tag already registered for DAG: example_complex
[2025-07-13T11:44:56.999+0000] {logging_mixin.py:120} INFO - [2025-07-13T11:44:56.998+0000] {taskmixin.py:205} WARNING - Dependency <Task(BashOperator): delete_tag>, create_tag already registered for DAG: example_complex
[2025-07-13T11:44:57.011+0000] {processor.py:766} INFO - DAG(s) dict_keys(['example_complex']) retrieved from /home/airflow/.local/lib/python3.7/site-packages/airflow/example_dags/example_complex.py
[2025-07-13T11:44:57.103+0000] {logging_mixin.py:120} INFO - [2025-07-13T11:44:57.103+0000] {dag.py:2585} INFO - Sync 1 DAGs
[2025-07-13T11:44:57.153+0000] {logging_mixin.py:120} INFO - [2025-07-13T11:44:57.152+0000] {dag.py:3340} INFO - Setting next_dagrun for example_complex to None, run_after=None
[2025-07-13T11:44:57.195+0000] {processor.py:176} INFO - Processing /home/airflow/.local/lib/python3.7/site-packages/airflow/example_dags/example_complex.py took 0.238 seconds
[2025-07-13T11:45:27.345+0000] {processor.py:154} INFO - Started process (PID=12131) to work on /home/airflow/.local/lib/python3.7/site-packages/airflow/example_dags/example_complex.py
[2025-07-13T11:45:27.346+0000] {processor.py:756} INFO - Processing file /home/airflow/.local/lib/python3.7/site-packages/airflow/example_dags/example_complex.py for tasks to queue
[2025-07-13T11:45:27.348+0000] {logging_mixin.py:120} INFO - [2025-07-13T11:45:27.348+0000] {dagbag.py:537} INFO - Filling up the DagBag from /home/airflow/.local/lib/python3.7/site-packages/airflow/example_dags/example_complex.py
[2025-07-13T11:45:27.369+0000] {logging_mixin.py:120} INFO - [2025-07-13T11:45:27.369+0000] {taskmixin.py:205} WARNING - Dependency <Task(BashOperator): create_entry_group>, delete_entry_group already registered for DAG: example_complex
[2025-07-13T11:45:27.372+0000] {logging_mixin.py:120} INFO - [2025-07-13T11:45:27.370+0000] {taskmixin.py:205} WARNING - Dependency <Task(BashOperator): delete_entry_group>, create_entry_group already registered for DAG: example_complex
[2025-07-13T11:45:27.376+0000] {logging_mixin.py:120} INFO - [2025-07-13T11:45:27.376+0000] {taskmixin.py:205} WARNING - Dependency <Task(BashOperator): create_entry_gcs>, delete_entry already registered for DAG: example_complex
[2025-07-13T11:45:27.377+0000] {logging_mixin.py:120} INFO - [2025-07-13T11:45:27.377+0000] {taskmixin.py:205} WARNING - Dependency <Task(BashOperator): delete_entry>, create_entry_gcs already registered for DAG: example_complex
[2025-07-13T11:45:27.378+0000] {logging_mixin.py:120} INFO - [2025-07-13T11:45:27.378+0000] {taskmixin.py:205} WARNING - Dependency <Task(BashOperator): create_tag>, delete_tag already registered for DAG: example_complex
[2025-07-13T11:45:27.380+0000] {logging_mixin.py:120} INFO - [2025-07-13T11:45:27.379+0000] {taskmixin.py:205} WARNING - Dependency <Task(BashOperator): delete_tag>, create_tag already registered for DAG: example_complex
[2025-07-13T11:45:27.394+0000] {processor.py:766} INFO - DAG(s) dict_keys(['example_complex']) retrieved from /home/airflow/.local/lib/python3.7/site-packages/airflow/example_dags/example_complex.py
[2025-07-13T11:45:27.498+0000] {logging_mixin.py:120} INFO - [2025-07-13T11:45:27.497+0000] {dag.py:2585} INFO - Sync 1 DAGs
[2025-07-13T11:45:27.548+0000] {logging_mixin.py:120} INFO - [2025-07-13T11:45:27.548+0000] {dag.py:3340} INFO - Setting next_dagrun for example_complex to None, run_after=None
[2025-07-13T11:45:27.608+0000] {processor.py:176} INFO - Processing /home/airflow/.local/lib/python3.7/site-packages/airflow/example_dags/example_complex.py took 0.273 seconds
[2025-07-13T11:45:57.781+0000] {processor.py:154} INFO - Started process (PID=12185) to work on /home/airflow/.local/lib/python3.7/site-packages/airflow/example_dags/example_complex.py
[2025-07-13T11:45:57.782+0000] {processor.py:756} INFO - Processing file /home/airflow/.local/lib/python3.7/site-packages/airflow/example_dags/example_complex.py for tasks to queue
[2025-07-13T11:45:57.784+0000] {logging_mixin.py:120} INFO - [2025-07-13T11:45:57.783+0000] {dagbag.py:537} INFO - Filling up the DagBag from /home/airflow/.local/lib/python3.7/site-packages/airflow/example_dags/example_complex.py
[2025-07-13T11:45:57.809+0000] {logging_mixin.py:120} INFO - [2025-07-13T11:45:57.809+0000] {taskmixin.py:205} WARNING - Dependency <Task(BashOperator): create_entry_group>, delete_entry_group already registered for DAG: example_complex
[2025-07-13T11:45:57.810+0000] {logging_mixin.py:120} INFO - [2025-07-13T11:45:57.810+0000] {taskmixin.py:205} WARNING - Dependency <Task(BashOperator): delete_entry_group>, create_entry_group already registered for DAG: example_complex
[2025-07-13T11:45:57.811+0000] {logging_mixin.py:120} INFO - [2025-07-13T11:45:57.811+0000] {taskmixin.py:205} WARNING - Dependency <Task(BashOperator): create_entry_gcs>, delete_entry already registered for DAG: example_complex
[2025-07-13T11:45:57.812+0000] {logging_mixin.py:120} INFO - [2025-07-13T11:45:57.812+0000] {taskmixin.py:205} WARNING - Dependency <Task(BashOperator): delete_entry>, create_entry_gcs already registered for DAG: example_complex
[2025-07-13T11:45:57.813+0000] {logging_mixin.py:120} INFO - [2025-07-13T11:45:57.813+0000] {taskmixin.py:205} WARNING - Dependency <Task(BashOperator): create_tag>, delete_tag already registered for DAG: example_complex
[2025-07-13T11:45:57.814+0000] {logging_mixin.py:120} INFO - [2025-07-13T11:45:57.813+0000] {taskmixin.py:205} WARNING - Dependency <Task(BashOperator): delete_tag>, create_tag already registered for DAG: example_complex
[2025-07-13T11:45:57.830+0000] {processor.py:766} INFO - DAG(s) dict_keys(['example_complex']) retrieved from /home/airflow/.local/lib/python3.7/site-packages/airflow/example_dags/example_complex.py
[2025-07-13T11:45:57.927+0000] {logging_mixin.py:120} INFO - [2025-07-13T11:45:57.926+0000] {dag.py:2585} INFO - Sync 1 DAGs
[2025-07-13T11:45:57.975+0000] {logging_mixin.py:120} INFO - [2025-07-13T11:45:57.975+0000] {dag.py:3340} INFO - Setting next_dagrun for example_complex to None, run_after=None
[2025-07-13T11:45:58.018+0000] {processor.py:176} INFO - Processing /home/airflow/.local/lib/python3.7/site-packages/airflow/example_dags/example_complex.py took 0.241 seconds
[2025-07-13T11:46:28.495+0000] {processor.py:154} INFO - Started process (PID=12249) to work on /home/airflow/.local/lib/python3.7/site-packages/airflow/example_dags/example_complex.py
[2025-07-13T11:46:28.497+0000] {processor.py:756} INFO - Processing file /home/airflow/.local/lib/python3.7/site-packages/airflow/example_dags/example_complex.py for tasks to queue
[2025-07-13T11:46:28.499+0000] {logging_mixin.py:120} INFO - [2025-07-13T11:46:28.499+0000] {dagbag.py:537} INFO - Filling up the DagBag from /home/airflow/.local/lib/python3.7/site-packages/airflow/example_dags/example_complex.py
[2025-07-13T11:46:28.523+0000] {logging_mixin.py:120} INFO - [2025-07-13T11:46:28.523+0000] {taskmixin.py:205} WARNING - Dependency <Task(BashOperator): create_entry_group>, delete_entry_group already registered for DAG: example_complex
[2025-07-13T11:46:28.524+0000] {logging_mixin.py:120} INFO - [2025-07-13T11:46:28.524+0000] {taskmixin.py:205} WARNING - Dependency <Task(BashOperator): delete_entry_group>, create_entry_group already registered for DAG: example_complex
[2025-07-13T11:46:28.529+0000] {logging_mixin.py:120} INFO - [2025-07-13T11:46:28.529+0000] {taskmixin.py:205} WARNING - Dependency <Task(BashOperator): create_entry_gcs>, delete_entry already registered for DAG: example_complex
[2025-07-13T11:46:28.531+0000] {logging_mixin.py:120} INFO - [2025-07-13T11:46:28.530+0000] {taskmixin.py:205} WARNING - Dependency <Task(BashOperator): delete_entry>, create_entry_gcs already registered for DAG: example_complex
[2025-07-13T11:46:28.532+0000] {logging_mixin.py:120} INFO - [2025-07-13T11:46:28.532+0000] {taskmixin.py:205} WARNING - Dependency <Task(BashOperator): create_tag>, delete_tag already registered for DAG: example_complex
[2025-07-13T11:46:28.534+0000] {logging_mixin.py:120} INFO - [2025-07-13T11:46:28.533+0000] {taskmixin.py:205} WARNING - Dependency <Task(BashOperator): delete_tag>, create_tag already registered for DAG: example_complex
[2025-07-13T11:46:28.562+0000] {processor.py:766} INFO - DAG(s) dict_keys(['example_complex']) retrieved from /home/airflow/.local/lib/python3.7/site-packages/airflow/example_dags/example_complex.py
[2025-07-13T11:46:28.712+0000] {logging_mixin.py:120} INFO - [2025-07-13T11:46:28.712+0000] {dag.py:2585} INFO - Sync 1 DAGs
[2025-07-13T11:46:28.758+0000] {logging_mixin.py:120} INFO - [2025-07-13T11:46:28.757+0000] {dag.py:3340} INFO - Setting next_dagrun for example_complex to None, run_after=None
[2025-07-13T11:46:28.822+0000] {processor.py:176} INFO - Processing /home/airflow/.local/lib/python3.7/site-packages/airflow/example_dags/example_complex.py took 0.331 seconds
[2025-07-13T11:46:59.025+0000] {processor.py:154} INFO - Started process (PID=12309) to work on /home/airflow/.local/lib/python3.7/site-packages/airflow/example_dags/example_complex.py
[2025-07-13T11:46:59.028+0000] {processor.py:756} INFO - Processing file /home/airflow/.local/lib/python3.7/site-packages/airflow/example_dags/example_complex.py for tasks to queue
[2025-07-13T11:46:59.030+0000] {logging_mixin.py:120} INFO - [2025-07-13T11:46:59.029+0000] {dagbag.py:537} INFO - Filling up the DagBag from /home/airflow/.local/lib/python3.7/site-packages/airflow/example_dags/example_complex.py
[2025-07-13T11:46:59.056+0000] {logging_mixin.py:120} INFO - [2025-07-13T11:46:59.056+0000] {taskmixin.py:205} WARNING - Dependency <Task(BashOperator): create_entry_group>, delete_entry_group already registered for DAG: example_complex
[2025-07-13T11:46:59.057+0000] {logging_mixin.py:120} INFO - [2025-07-13T11:46:59.057+0000] {taskmixin.py:205} WARNING - Dependency <Task(BashOperator): delete_entry_group>, create_entry_group already registered for DAG: example_complex
[2025-07-13T11:46:59.058+0000] {logging_mixin.py:120} INFO - [2025-07-13T11:46:59.057+0000] {taskmixin.py:205} WARNING - Dependency <Task(BashOperator): create_entry_gcs>, delete_entry already registered for DAG: example_complex
[2025-07-13T11:46:59.059+0000] {logging_mixin.py:120} INFO - [2025-07-13T11:46:59.058+0000] {taskmixin.py:205} WARNING - Dependency <Task(BashOperator): delete_entry>, create_entry_gcs already registered for DAG: example_complex
[2025-07-13T11:46:59.060+0000] {logging_mixin.py:120} INFO - [2025-07-13T11:46:59.059+0000] {taskmixin.py:205} WARNING - Dependency <Task(BashOperator): create_tag>, delete_tag already registered for DAG: example_complex
[2025-07-13T11:46:59.060+0000] {logging_mixin.py:120} INFO - [2025-07-13T11:46:59.060+0000] {taskmixin.py:205} WARNING - Dependency <Task(BashOperator): delete_tag>, create_tag already registered for DAG: example_complex
[2025-07-13T11:46:59.072+0000] {processor.py:766} INFO - DAG(s) dict_keys(['example_complex']) retrieved from /home/airflow/.local/lib/python3.7/site-packages/airflow/example_dags/example_complex.py
[2025-07-13T11:46:59.164+0000] {logging_mixin.py:120} INFO - [2025-07-13T11:46:59.164+0000] {dag.py:2585} INFO - Sync 1 DAGs
[2025-07-13T11:46:59.220+0000] {logging_mixin.py:120} INFO - [2025-07-13T11:46:59.220+0000] {dag.py:3340} INFO - Setting next_dagrun for example_complex to None, run_after=None
[2025-07-13T11:46:59.272+0000] {processor.py:176} INFO - Processing /home/airflow/.local/lib/python3.7/site-packages/airflow/example_dags/example_complex.py took 0.261 seconds
[2025-07-13T11:47:29.617+0000] {processor.py:154} INFO - Started process (PID=12365) to work on /home/airflow/.local/lib/python3.7/site-packages/airflow/example_dags/example_complex.py
[2025-07-13T11:47:29.622+0000] {processor.py:756} INFO - Processing file /home/airflow/.local/lib/python3.7/site-packages/airflow/example_dags/example_complex.py for tasks to queue
[2025-07-13T11:47:29.626+0000] {logging_mixin.py:120} INFO - [2025-07-13T11:47:29.626+0000] {dagbag.py:537} INFO - Filling up the DagBag from /home/airflow/.local/lib/python3.7/site-packages/airflow/example_dags/example_complex.py
[2025-07-13T11:47:29.661+0000] {logging_mixin.py:120} INFO - [2025-07-13T11:47:29.660+0000] {taskmixin.py:205} WARNING - Dependency <Task(BashOperator): create_entry_group>, delete_entry_group already registered for DAG: example_complex
[2025-07-13T11:47:29.663+0000] {logging_mixin.py:120} INFO - [2025-07-13T11:47:29.662+0000] {taskmixin.py:205} WARNING - Dependency <Task(BashOperator): delete_entry_group>, create_entry_group already registered for DAG: example_complex
[2025-07-13T11:47:29.665+0000] {logging_mixin.py:120} INFO - [2025-07-13T11:47:29.665+0000] {taskmixin.py:205} WARNING - Dependency <Task(BashOperator): create_entry_gcs>, delete_entry already registered for DAG: example_complex
[2025-07-13T11:47:29.667+0000] {logging_mixin.py:120} INFO - [2025-07-13T11:47:29.666+0000] {taskmixin.py:205} WARNING - Dependency <Task(BashOperator): delete_entry>, create_entry_gcs already registered for DAG: example_complex
[2025-07-13T11:47:29.669+0000] {logging_mixin.py:120} INFO - [2025-07-13T11:47:29.668+0000] {taskmixin.py:205} WARNING - Dependency <Task(BashOperator): create_tag>, delete_tag already registered for DAG: example_complex
[2025-07-13T11:47:29.670+0000] {logging_mixin.py:120} INFO - [2025-07-13T11:47:29.670+0000] {taskmixin.py:205} WARNING - Dependency <Task(BashOperator): delete_tag>, create_tag already registered for DAG: example_complex
[2025-07-13T11:47:29.692+0000] {processor.py:766} INFO - DAG(s) dict_keys(['example_complex']) retrieved from /home/airflow/.local/lib/python3.7/site-packages/airflow/example_dags/example_complex.py
[2025-07-13T11:47:29.812+0000] {logging_mixin.py:120} INFO - [2025-07-13T11:47:29.812+0000] {dag.py:2585} INFO - Sync 1 DAGs
[2025-07-13T11:47:29.866+0000] {logging_mixin.py:120} INFO - [2025-07-13T11:47:29.866+0000] {dag.py:3340} INFO - Setting next_dagrun for example_complex to None, run_after=None
[2025-07-13T11:47:29.902+0000] {processor.py:176} INFO - Processing /home/airflow/.local/lib/python3.7/site-packages/airflow/example_dags/example_complex.py took 0.290 seconds
[2025-07-13T11:47:59.974+0000] {processor.py:154} INFO - Started process (PID=12427) to work on /home/airflow/.local/lib/python3.7/site-packages/airflow/example_dags/example_complex.py
[2025-07-13T11:47:59.976+0000] {processor.py:756} INFO - Processing file /home/airflow/.local/lib/python3.7/site-packages/airflow/example_dags/example_complex.py for tasks to queue
[2025-07-13T11:47:59.978+0000] {logging_mixin.py:120} INFO - [2025-07-13T11:47:59.977+0000] {dagbag.py:537} INFO - Filling up the DagBag from /home/airflow/.local/lib/python3.7/site-packages/airflow/example_dags/example_complex.py
[2025-07-13T11:48:00.002+0000] {logging_mixin.py:120} INFO - [2025-07-13T11:48:00.002+0000] {taskmixin.py:205} WARNING - Dependency <Task(BashOperator): create_entry_group>, delete_entry_group already registered for DAG: example_complex
[2025-07-13T11:48:00.003+0000] {logging_mixin.py:120} INFO - [2025-07-13T11:48:00.003+0000] {taskmixin.py:205} WARNING - Dependency <Task(BashOperator): delete_entry_group>, create_entry_group already registered for DAG: example_complex
[2025-07-13T11:48:00.004+0000] {logging_mixin.py:120} INFO - [2025-07-13T11:48:00.004+0000] {taskmixin.py:205} WARNING - Dependency <Task(BashOperator): create_entry_gcs>, delete_entry already registered for DAG: example_complex
[2025-07-13T11:48:00.005+0000] {logging_mixin.py:120} INFO - [2025-07-13T11:48:00.004+0000] {taskmixin.py:205} WARNING - Dependency <Task(BashOperator): delete_entry>, create_entry_gcs already registered for DAG: example_complex
[2025-07-13T11:48:00.005+0000] {logging_mixin.py:120} INFO - [2025-07-13T11:48:00.005+0000] {taskmixin.py:205} WARNING - Dependency <Task(BashOperator): create_tag>, delete_tag already registered for DAG: example_complex
[2025-07-13T11:48:00.007+0000] {logging_mixin.py:120} INFO - [2025-07-13T11:48:00.007+0000] {taskmixin.py:205} WARNING - Dependency <Task(BashOperator): delete_tag>, create_tag already registered for DAG: example_complex
[2025-07-13T11:48:00.027+0000] {processor.py:766} INFO - DAG(s) dict_keys(['example_complex']) retrieved from /home/airflow/.local/lib/python3.7/site-packages/airflow/example_dags/example_complex.py
[2025-07-13T11:48:00.114+0000] {logging_mixin.py:120} INFO - [2025-07-13T11:48:00.114+0000] {dag.py:2585} INFO - Sync 1 DAGs
[2025-07-13T11:48:00.150+0000] {logging_mixin.py:120} INFO - [2025-07-13T11:48:00.150+0000] {dag.py:3340} INFO - Setting next_dagrun for example_complex to None, run_after=None
[2025-07-13T11:48:00.187+0000] {processor.py:176} INFO - Processing /home/airflow/.local/lib/python3.7/site-packages/airflow/example_dags/example_complex.py took 0.219 seconds
[2025-07-13T11:48:31.331+0000] {processor.py:154} INFO - Started process (PID=12480) to work on /home/airflow/.local/lib/python3.7/site-packages/airflow/example_dags/example_complex.py
[2025-07-13T11:48:31.340+0000] {processor.py:756} INFO - Processing file /home/airflow/.local/lib/python3.7/site-packages/airflow/example_dags/example_complex.py for tasks to queue
[2025-07-13T11:48:31.341+0000] {logging_mixin.py:120} INFO - [2025-07-13T11:48:31.341+0000] {dagbag.py:537} INFO - Filling up the DagBag from /home/airflow/.local/lib/python3.7/site-packages/airflow/example_dags/example_complex.py
[2025-07-13T11:48:31.375+0000] {logging_mixin.py:120} INFO - [2025-07-13T11:48:31.375+0000] {taskmixin.py:205} WARNING - Dependency <Task(BashOperator): create_entry_group>, delete_entry_group already registered for DAG: example_complex
[2025-07-13T11:48:31.376+0000] {logging_mixin.py:120} INFO - [2025-07-13T11:48:31.376+0000] {taskmixin.py:205} WARNING - Dependency <Task(BashOperator): delete_entry_group>, create_entry_group already registered for DAG: example_complex
[2025-07-13T11:48:31.378+0000] {logging_mixin.py:120} INFO - [2025-07-13T11:48:31.377+0000] {taskmixin.py:205} WARNING - Dependency <Task(BashOperator): create_entry_gcs>, delete_entry already registered for DAG: example_complex
[2025-07-13T11:48:31.379+0000] {logging_mixin.py:120} INFO - [2025-07-13T11:48:31.378+0000] {taskmixin.py:205} WARNING - Dependency <Task(BashOperator): delete_entry>, create_entry_gcs already registered for DAG: example_complex
[2025-07-13T11:48:31.380+0000] {logging_mixin.py:120} INFO - [2025-07-13T11:48:31.380+0000] {taskmixin.py:205} WARNING - Dependency <Task(BashOperator): create_tag>, delete_tag already registered for DAG: example_complex
[2025-07-13T11:48:31.381+0000] {logging_mixin.py:120} INFO - [2025-07-13T11:48:31.380+0000] {taskmixin.py:205} WARNING - Dependency <Task(BashOperator): delete_tag>, create_tag already registered for DAG: example_complex
[2025-07-13T11:48:31.400+0000] {processor.py:766} INFO - DAG(s) dict_keys(['example_complex']) retrieved from /home/airflow/.local/lib/python3.7/site-packages/airflow/example_dags/example_complex.py
[2025-07-13T11:48:31.627+0000] {logging_mixin.py:120} INFO - [2025-07-13T11:48:31.627+0000] {dag.py:2585} INFO - Sync 1 DAGs
[2025-07-13T11:48:31.677+0000] {logging_mixin.py:120} INFO - [2025-07-13T11:48:31.677+0000] {dag.py:3340} INFO - Setting next_dagrun for example_complex to None, run_after=None
[2025-07-13T11:48:31.721+0000] {processor.py:176} INFO - Processing /home/airflow/.local/lib/python3.7/site-packages/airflow/example_dags/example_complex.py took 0.399 seconds
[2025-07-13T11:49:01.949+0000] {processor.py:154} INFO - Started process (PID=12543) to work on /home/airflow/.local/lib/python3.7/site-packages/airflow/example_dags/example_complex.py
[2025-07-13T11:49:01.952+0000] {processor.py:756} INFO - Processing file /home/airflow/.local/lib/python3.7/site-packages/airflow/example_dags/example_complex.py for tasks to queue
[2025-07-13T11:49:01.954+0000] {logging_mixin.py:120} INFO - [2025-07-13T11:49:01.953+0000] {dagbag.py:537} INFO - Filling up the DagBag from /home/airflow/.local/lib/python3.7/site-packages/airflow/example_dags/example_complex.py
[2025-07-13T11:49:01.969+0000] {logging_mixin.py:120} INFO - [2025-07-13T11:49:01.969+0000] {taskmixin.py:205} WARNING - Dependency <Task(BashOperator): create_entry_group>, delete_entry_group already registered for DAG: example_complex
[2025-07-13T11:49:01.970+0000] {logging_mixin.py:120} INFO - [2025-07-13T11:49:01.970+0000] {taskmixin.py:205} WARNING - Dependency <Task(BashOperator): delete_entry_group>, create_entry_group already registered for DAG: example_complex
[2025-07-13T11:49:01.971+0000] {logging_mixin.py:120} INFO - [2025-07-13T11:49:01.971+0000] {taskmixin.py:205} WARNING - Dependency <Task(BashOperator): create_entry_gcs>, delete_entry already registered for DAG: example_complex
[2025-07-13T11:49:01.971+0000] {logging_mixin.py:120} INFO - [2025-07-13T11:49:01.971+0000] {taskmixin.py:205} WARNING - Dependency <Task(BashOperator): delete_entry>, create_entry_gcs already registered for DAG: example_complex
[2025-07-13T11:49:01.972+0000] {logging_mixin.py:120} INFO - [2025-07-13T11:49:01.972+0000] {taskmixin.py:205} WARNING - Dependency <Task(BashOperator): create_tag>, delete_tag already registered for DAG: example_complex
[2025-07-13T11:49:01.972+0000] {logging_mixin.py:120} INFO - [2025-07-13T11:49:01.972+0000] {taskmixin.py:205} WARNING - Dependency <Task(BashOperator): delete_tag>, create_tag already registered for DAG: example_complex
[2025-07-13T11:49:01.981+0000] {processor.py:766} INFO - DAG(s) dict_keys(['example_complex']) retrieved from /home/airflow/.local/lib/python3.7/site-packages/airflow/example_dags/example_complex.py
[2025-07-13T11:49:02.058+0000] {logging_mixin.py:120} INFO - [2025-07-13T11:49:02.058+0000] {dag.py:2585} INFO - Sync 1 DAGs
[2025-07-13T11:49:02.097+0000] {logging_mixin.py:120} INFO - [2025-07-13T11:49:02.097+0000] {dag.py:3340} INFO - Setting next_dagrun for example_complex to None, run_after=None
[2025-07-13T11:49:02.139+0000] {processor.py:176} INFO - Processing /home/airflow/.local/lib/python3.7/site-packages/airflow/example_dags/example_complex.py took 0.196 seconds
[2025-07-13T11:49:33.489+0000] {processor.py:154} INFO - Started process (PID=12596) to work on /home/airflow/.local/lib/python3.7/site-packages/airflow/example_dags/example_complex.py
[2025-07-13T11:49:33.491+0000] {processor.py:756} INFO - Processing file /home/airflow/.local/lib/python3.7/site-packages/airflow/example_dags/example_complex.py for tasks to queue
[2025-07-13T11:49:33.493+0000] {logging_mixin.py:120} INFO - [2025-07-13T11:49:33.493+0000] {dagbag.py:537} INFO - Filling up the DagBag from /home/airflow/.local/lib/python3.7/site-packages/airflow/example_dags/example_complex.py
[2025-07-13T11:49:33.554+0000] {logging_mixin.py:120} INFO - [2025-07-13T11:49:33.551+0000] {taskmixin.py:205} WARNING - Dependency <Task(BashOperator): create_entry_group>, delete_entry_group already registered for DAG: example_complex
[2025-07-13T11:49:33.559+0000] {logging_mixin.py:120} INFO - [2025-07-13T11:49:33.557+0000] {taskmixin.py:205} WARNING - Dependency <Task(BashOperator): delete_entry_group>, create_entry_group already registered for DAG: example_complex
[2025-07-13T11:49:33.562+0000] {logging_mixin.py:120} INFO - [2025-07-13T11:49:33.562+0000] {taskmixin.py:205} WARNING - Dependency <Task(BashOperator): create_entry_gcs>, delete_entry already registered for DAG: example_complex
[2025-07-13T11:49:33.567+0000] {logging_mixin.py:120} INFO - [2025-07-13T11:49:33.566+0000] {taskmixin.py:205} WARNING - Dependency <Task(BashOperator): delete_entry>, create_entry_gcs already registered for DAG: example_complex
[2025-07-13T11:49:33.569+0000] {logging_mixin.py:120} INFO - [2025-07-13T11:49:33.569+0000] {taskmixin.py:205} WARNING - Dependency <Task(BashOperator): create_tag>, delete_tag already registered for DAG: example_complex
[2025-07-13T11:49:33.571+0000] {logging_mixin.py:120} INFO - [2025-07-13T11:49:33.571+0000] {taskmixin.py:205} WARNING - Dependency <Task(BashOperator): delete_tag>, create_tag already registered for DAG: example_complex
[2025-07-13T11:49:33.596+0000] {processor.py:766} INFO - DAG(s) dict_keys(['example_complex']) retrieved from /home/airflow/.local/lib/python3.7/site-packages/airflow/example_dags/example_complex.py
[2025-07-13T11:49:33.760+0000] {logging_mixin.py:120} INFO - [2025-07-13T11:49:33.760+0000] {dag.py:2585} INFO - Sync 1 DAGs
[2025-07-13T11:49:33.841+0000] {logging_mixin.py:120} INFO - [2025-07-13T11:49:33.841+0000] {dag.py:3340} INFO - Setting next_dagrun for example_complex to None, run_after=None
[2025-07-13T11:49:33.910+0000] {processor.py:176} INFO - Processing /home/airflow/.local/lib/python3.7/site-packages/airflow/example_dags/example_complex.py took 0.435 seconds
[2025-07-13T11:50:04.154+0000] {processor.py:154} INFO - Started process (PID=12657) to work on /home/airflow/.local/lib/python3.7/site-packages/airflow/example_dags/example_complex.py
[2025-07-13T11:50:04.156+0000] {processor.py:756} INFO - Processing file /home/airflow/.local/lib/python3.7/site-packages/airflow/example_dags/example_complex.py for tasks to queue
[2025-07-13T11:50:04.158+0000] {logging_mixin.py:120} INFO - [2025-07-13T11:50:04.158+0000] {dagbag.py:537} INFO - Filling up the DagBag from /home/airflow/.local/lib/python3.7/site-packages/airflow/example_dags/example_complex.py
[2025-07-13T11:50:04.184+0000] {logging_mixin.py:120} INFO - [2025-07-13T11:50:04.184+0000] {taskmixin.py:205} WARNING - Dependency <Task(BashOperator): create_entry_group>, delete_entry_group already registered for DAG: example_complex
[2025-07-13T11:50:04.185+0000] {logging_mixin.py:120} INFO - [2025-07-13T11:50:04.184+0000] {taskmixin.py:205} WARNING - Dependency <Task(BashOperator): delete_entry_group>, create_entry_group already registered for DAG: example_complex
[2025-07-13T11:50:04.185+0000] {logging_mixin.py:120} INFO - [2025-07-13T11:50:04.185+0000] {taskmixin.py:205} WARNING - Dependency <Task(BashOperator): create_entry_gcs>, delete_entry already registered for DAG: example_complex
[2025-07-13T11:50:04.186+0000] {logging_mixin.py:120} INFO - [2025-07-13T11:50:04.186+0000] {taskmixin.py:205} WARNING - Dependency <Task(BashOperator): delete_entry>, create_entry_gcs already registered for DAG: example_complex
[2025-07-13T11:50:04.188+0000] {logging_mixin.py:120} INFO - [2025-07-13T11:50:04.188+0000] {taskmixin.py:205} WARNING - Dependency <Task(BashOperator): create_tag>, delete_tag already registered for DAG: example_complex
[2025-07-13T11:50:04.189+0000] {logging_mixin.py:120} INFO - [2025-07-13T11:50:04.189+0000] {taskmixin.py:205} WARNING - Dependency <Task(BashOperator): delete_tag>, create_tag already registered for DAG: example_complex
[2025-07-13T11:50:04.207+0000] {processor.py:766} INFO - DAG(s) dict_keys(['example_complex']) retrieved from /home/airflow/.local/lib/python3.7/site-packages/airflow/example_dags/example_complex.py
[2025-07-13T11:50:04.283+0000] {logging_mixin.py:120} INFO - [2025-07-13T11:50:04.282+0000] {dag.py:2585} INFO - Sync 1 DAGs
[2025-07-13T11:50:04.324+0000] {logging_mixin.py:120} INFO - [2025-07-13T11:50:04.324+0000] {dag.py:3340} INFO - Setting next_dagrun for example_complex to None, run_after=None
[2025-07-13T11:50:04.445+0000] {processor.py:176} INFO - Processing /home/airflow/.local/lib/python3.7/site-packages/airflow/example_dags/example_complex.py took 0.296 seconds
[2025-07-13T11:50:34.532+0000] {processor.py:154} INFO - Started process (PID=12711) to work on /home/airflow/.local/lib/python3.7/site-packages/airflow/example_dags/example_complex.py
[2025-07-13T11:50:34.534+0000] {processor.py:756} INFO - Processing file /home/airflow/.local/lib/python3.7/site-packages/airflow/example_dags/example_complex.py for tasks to queue
[2025-07-13T11:50:34.535+0000] {logging_mixin.py:120} INFO - [2025-07-13T11:50:34.535+0000] {dagbag.py:537} INFO - Filling up the DagBag from /home/airflow/.local/lib/python3.7/site-packages/airflow/example_dags/example_complex.py
[2025-07-13T11:50:34.553+0000] {logging_mixin.py:120} INFO - [2025-07-13T11:50:34.553+0000] {taskmixin.py:205} WARNING - Dependency <Task(BashOperator): create_entry_group>, delete_entry_group already registered for DAG: example_complex
[2025-07-13T11:50:34.554+0000] {logging_mixin.py:120} INFO - [2025-07-13T11:50:34.554+0000] {taskmixin.py:205} WARNING - Dependency <Task(BashOperator): delete_entry_group>, create_entry_group already registered for DAG: example_complex
[2025-07-13T11:50:34.555+0000] {logging_mixin.py:120} INFO - [2025-07-13T11:50:34.555+0000] {taskmixin.py:205} WARNING - Dependency <Task(BashOperator): create_entry_gcs>, delete_entry already registered for DAG: example_complex
[2025-07-13T11:50:34.556+0000] {logging_mixin.py:120} INFO - [2025-07-13T11:50:34.556+0000] {taskmixin.py:205} WARNING - Dependency <Task(BashOperator): delete_entry>, create_entry_gcs already registered for DAG: example_complex
[2025-07-13T11:50:34.556+0000] {logging_mixin.py:120} INFO - [2025-07-13T11:50:34.556+0000] {taskmixin.py:205} WARNING - Dependency <Task(BashOperator): create_tag>, delete_tag already registered for DAG: example_complex
[2025-07-13T11:50:34.557+0000] {logging_mixin.py:120} INFO - [2025-07-13T11:50:34.557+0000] {taskmixin.py:205} WARNING - Dependency <Task(BashOperator): delete_tag>, create_tag already registered for DAG: example_complex
[2025-07-13T11:50:34.569+0000] {processor.py:766} INFO - DAG(s) dict_keys(['example_complex']) retrieved from /home/airflow/.local/lib/python3.7/site-packages/airflow/example_dags/example_complex.py
[2025-07-13T11:50:34.639+0000] {logging_mixin.py:120} INFO - [2025-07-13T11:50:34.639+0000] {dag.py:2585} INFO - Sync 1 DAGs
[2025-07-13T11:50:34.669+0000] {logging_mixin.py:120} INFO - [2025-07-13T11:50:34.669+0000] {dag.py:3340} INFO - Setting next_dagrun for example_complex to None, run_after=None
[2025-07-13T11:50:34.700+0000] {processor.py:176} INFO - Processing /home/airflow/.local/lib/python3.7/site-packages/airflow/example_dags/example_complex.py took 0.175 seconds
[2025-07-13T11:51:05.206+0000] {processor.py:154} INFO - Started process (PID=12773) to work on /home/airflow/.local/lib/python3.7/site-packages/airflow/example_dags/example_complex.py
[2025-07-13T11:51:05.208+0000] {processor.py:756} INFO - Processing file /home/airflow/.local/lib/python3.7/site-packages/airflow/example_dags/example_complex.py for tasks to queue
[2025-07-13T11:51:05.209+0000] {logging_mixin.py:120} INFO - [2025-07-13T11:51:05.208+0000] {dagbag.py:537} INFO - Filling up the DagBag from /home/airflow/.local/lib/python3.7/site-packages/airflow/example_dags/example_complex.py
[2025-07-13T11:51:05.223+0000] {logging_mixin.py:120} INFO - [2025-07-13T11:51:05.223+0000] {taskmixin.py:205} WARNING - Dependency <Task(BashOperator): create_entry_group>, delete_entry_group already registered for DAG: example_complex
[2025-07-13T11:51:05.224+0000] {logging_mixin.py:120} INFO - [2025-07-13T11:51:05.224+0000] {taskmixin.py:205} WARNING - Dependency <Task(BashOperator): delete_entry_group>, create_entry_group already registered for DAG: example_complex
[2025-07-13T11:51:05.224+0000] {logging_mixin.py:120} INFO - [2025-07-13T11:51:05.224+0000] {taskmixin.py:205} WARNING - Dependency <Task(BashOperator): create_entry_gcs>, delete_entry already registered for DAG: example_complex
[2025-07-13T11:51:05.225+0000] {logging_mixin.py:120} INFO - [2025-07-13T11:51:05.225+0000] {taskmixin.py:205} WARNING - Dependency <Task(BashOperator): delete_entry>, create_entry_gcs already registered for DAG: example_complex
[2025-07-13T11:51:05.225+0000] {logging_mixin.py:120} INFO - [2025-07-13T11:51:05.225+0000] {taskmixin.py:205} WARNING - Dependency <Task(BashOperator): create_tag>, delete_tag already registered for DAG: example_complex
[2025-07-13T11:51:05.226+0000] {logging_mixin.py:120} INFO - [2025-07-13T11:51:05.226+0000] {taskmixin.py:205} WARNING - Dependency <Task(BashOperator): delete_tag>, create_tag already registered for DAG: example_complex
[2025-07-13T11:51:05.236+0000] {processor.py:766} INFO - DAG(s) dict_keys(['example_complex']) retrieved from /home/airflow/.local/lib/python3.7/site-packages/airflow/example_dags/example_complex.py
[2025-07-13T11:51:05.299+0000] {logging_mixin.py:120} INFO - [2025-07-13T11:51:05.298+0000] {dag.py:2585} INFO - Sync 1 DAGs
[2025-07-13T11:51:05.328+0000] {logging_mixin.py:120} INFO - [2025-07-13T11:51:05.328+0000] {dag.py:3340} INFO - Setting next_dagrun for example_complex to None, run_after=None
[2025-07-13T11:51:05.357+0000] {processor.py:176} INFO - Processing /home/airflow/.local/lib/python3.7/site-packages/airflow/example_dags/example_complex.py took 0.155 seconds
[2025-07-13T11:51:35.616+0000] {processor.py:154} INFO - Started process (PID=12828) to work on /home/airflow/.local/lib/python3.7/site-packages/airflow/example_dags/example_complex.py
[2025-07-13T11:51:35.618+0000] {processor.py:756} INFO - Processing file /home/airflow/.local/lib/python3.7/site-packages/airflow/example_dags/example_complex.py for tasks to queue
[2025-07-13T11:51:35.620+0000] {logging_mixin.py:120} INFO - [2025-07-13T11:51:35.620+0000] {dagbag.py:537} INFO - Filling up the DagBag from /home/airflow/.local/lib/python3.7/site-packages/airflow/example_dags/example_complex.py
[2025-07-13T11:51:35.641+0000] {logging_mixin.py:120} INFO - [2025-07-13T11:51:35.640+0000] {taskmixin.py:205} WARNING - Dependency <Task(BashOperator): create_entry_group>, delete_entry_group already registered for DAG: example_complex
[2025-07-13T11:51:35.641+0000] {logging_mixin.py:120} INFO - [2025-07-13T11:51:35.641+0000] {taskmixin.py:205} WARNING - Dependency <Task(BashOperator): delete_entry_group>, create_entry_group already registered for DAG: example_complex
[2025-07-13T11:51:35.642+0000] {logging_mixin.py:120} INFO - [2025-07-13T11:51:35.642+0000] {taskmixin.py:205} WARNING - Dependency <Task(BashOperator): create_entry_gcs>, delete_entry already registered for DAG: example_complex
[2025-07-13T11:51:35.642+0000] {logging_mixin.py:120} INFO - [2025-07-13T11:51:35.642+0000] {taskmixin.py:205} WARNING - Dependency <Task(BashOperator): delete_entry>, create_entry_gcs already registered for DAG: example_complex
[2025-07-13T11:51:35.643+0000] {logging_mixin.py:120} INFO - [2025-07-13T11:51:35.643+0000] {taskmixin.py:205} WARNING - Dependency <Task(BashOperator): create_tag>, delete_tag already registered for DAG: example_complex
[2025-07-13T11:51:35.644+0000] {logging_mixin.py:120} INFO - [2025-07-13T11:51:35.644+0000] {taskmixin.py:205} WARNING - Dependency <Task(BashOperator): delete_tag>, create_tag already registered for DAG: example_complex
[2025-07-13T11:51:35.659+0000] {processor.py:766} INFO - DAG(s) dict_keys(['example_complex']) retrieved from /home/airflow/.local/lib/python3.7/site-packages/airflow/example_dags/example_complex.py
[2025-07-13T11:51:35.759+0000] {logging_mixin.py:120} INFO - [2025-07-13T11:51:35.759+0000] {dag.py:2585} INFO - Sync 1 DAGs
[2025-07-13T11:51:35.810+0000] {logging_mixin.py:120} INFO - [2025-07-13T11:51:35.810+0000] {dag.py:3340} INFO - Setting next_dagrun for example_complex to None, run_after=None
[2025-07-13T11:51:35.840+0000] {processor.py:176} INFO - Processing /home/airflow/.local/lib/python3.7/site-packages/airflow/example_dags/example_complex.py took 0.235 seconds
[2025-07-13T11:52:06.215+0000] {processor.py:154} INFO - Started process (PID=12891) to work on /home/airflow/.local/lib/python3.7/site-packages/airflow/example_dags/example_complex.py
[2025-07-13T11:52:06.217+0000] {processor.py:756} INFO - Processing file /home/airflow/.local/lib/python3.7/site-packages/airflow/example_dags/example_complex.py for tasks to queue
[2025-07-13T11:52:06.218+0000] {logging_mixin.py:120} INFO - [2025-07-13T11:52:06.218+0000] {dagbag.py:537} INFO - Filling up the DagBag from /home/airflow/.local/lib/python3.7/site-packages/airflow/example_dags/example_complex.py
[2025-07-13T11:52:06.233+0000] {logging_mixin.py:120} INFO - [2025-07-13T11:52:06.233+0000] {taskmixin.py:205} WARNING - Dependency <Task(BashOperator): create_entry_group>, delete_entry_group already registered for DAG: example_complex
[2025-07-13T11:52:06.234+0000] {logging_mixin.py:120} INFO - [2025-07-13T11:52:06.234+0000] {taskmixin.py:205} WARNING - Dependency <Task(BashOperator): delete_entry_group>, create_entry_group already registered for DAG: example_complex
[2025-07-13T11:52:06.235+0000] {logging_mixin.py:120} INFO - [2025-07-13T11:52:06.234+0000] {taskmixin.py:205} WARNING - Dependency <Task(BashOperator): create_entry_gcs>, delete_entry already registered for DAG: example_complex
[2025-07-13T11:52:06.235+0000] {logging_mixin.py:120} INFO - [2025-07-13T11:52:06.235+0000] {taskmixin.py:205} WARNING - Dependency <Task(BashOperator): delete_entry>, create_entry_gcs already registered for DAG: example_complex
[2025-07-13T11:52:06.236+0000] {logging_mixin.py:120} INFO - [2025-07-13T11:52:06.235+0000] {taskmixin.py:205} WARNING - Dependency <Task(BashOperator): create_tag>, delete_tag already registered for DAG: example_complex
[2025-07-13T11:52:06.236+0000] {logging_mixin.py:120} INFO - [2025-07-13T11:52:06.236+0000] {taskmixin.py:205} WARNING - Dependency <Task(BashOperator): delete_tag>, create_tag already registered for DAG: example_complex
[2025-07-13T11:52:06.244+0000] {processor.py:766} INFO - DAG(s) dict_keys(['example_complex']) retrieved from /home/airflow/.local/lib/python3.7/site-packages/airflow/example_dags/example_complex.py
[2025-07-13T11:52:06.307+0000] {logging_mixin.py:120} INFO - [2025-07-13T11:52:06.307+0000] {dag.py:2585} INFO - Sync 1 DAGs
[2025-07-13T11:52:06.339+0000] {logging_mixin.py:120} INFO - [2025-07-13T11:52:06.339+0000] {dag.py:3340} INFO - Setting next_dagrun for example_complex to None, run_after=None
[2025-07-13T11:52:06.367+0000] {processor.py:176} INFO - Processing /home/airflow/.local/lib/python3.7/site-packages/airflow/example_dags/example_complex.py took 0.157 seconds
[2025-07-13T11:52:36.477+0000] {processor.py:154} INFO - Started process (PID=12954) to work on /home/airflow/.local/lib/python3.7/site-packages/airflow/example_dags/example_complex.py
[2025-07-13T11:52:36.479+0000] {processor.py:756} INFO - Processing file /home/airflow/.local/lib/python3.7/site-packages/airflow/example_dags/example_complex.py for tasks to queue
[2025-07-13T11:52:36.488+0000] {logging_mixin.py:120} INFO - [2025-07-13T11:52:36.488+0000] {dagbag.py:537} INFO - Filling up the DagBag from /home/airflow/.local/lib/python3.7/site-packages/airflow/example_dags/example_complex.py
[2025-07-13T11:52:36.556+0000] {logging_mixin.py:120} INFO - [2025-07-13T11:52:36.556+0000] {taskmixin.py:205} WARNING - Dependency <Task(BashOperator): create_entry_group>, delete_entry_group already registered for DAG: example_complex
[2025-07-13T11:52:36.565+0000] {logging_mixin.py:120} INFO - [2025-07-13T11:52:36.565+0000] {taskmixin.py:205} WARNING - Dependency <Task(BashOperator): delete_entry_group>, create_entry_group already registered for DAG: example_complex
[2025-07-13T11:52:36.567+0000] {logging_mixin.py:120} INFO - [2025-07-13T11:52:36.567+0000] {taskmixin.py:205} WARNING - Dependency <Task(BashOperator): create_entry_gcs>, delete_entry already registered for DAG: example_complex
[2025-07-13T11:52:36.569+0000] {logging_mixin.py:120} INFO - [2025-07-13T11:52:36.568+0000] {taskmixin.py:205} WARNING - Dependency <Task(BashOperator): delete_entry>, create_entry_gcs already registered for DAG: example_complex
[2025-07-13T11:52:36.570+0000] {logging_mixin.py:120} INFO - [2025-07-13T11:52:36.570+0000] {taskmixin.py:205} WARNING - Dependency <Task(BashOperator): create_tag>, delete_tag already registered for DAG: example_complex
[2025-07-13T11:52:36.571+0000] {logging_mixin.py:120} INFO - [2025-07-13T11:52:36.571+0000] {taskmixin.py:205} WARNING - Dependency <Task(BashOperator): delete_tag>, create_tag already registered for DAG: example_complex
[2025-07-13T11:52:36.591+0000] {processor.py:766} INFO - DAG(s) dict_keys(['example_complex']) retrieved from /home/airflow/.local/lib/python3.7/site-packages/airflow/example_dags/example_complex.py
[2025-07-13T11:52:36.741+0000] {logging_mixin.py:120} INFO - [2025-07-13T11:52:36.740+0000] {dag.py:2585} INFO - Sync 1 DAGs
[2025-07-13T11:52:36.781+0000] {logging_mixin.py:120} INFO - [2025-07-13T11:52:36.781+0000] {dag.py:3340} INFO - Setting next_dagrun for example_complex to None, run_after=None
[2025-07-13T11:52:36.819+0000] {processor.py:176} INFO - Processing /home/airflow/.local/lib/python3.7/site-packages/airflow/example_dags/example_complex.py took 0.359 seconds
[2025-07-13T11:53:07.498+0000] {processor.py:154} INFO - Started process (PID=13008) to work on /home/airflow/.local/lib/python3.7/site-packages/airflow/example_dags/example_complex.py
[2025-07-13T11:53:07.507+0000] {processor.py:756} INFO - Processing file /home/airflow/.local/lib/python3.7/site-packages/airflow/example_dags/example_complex.py for tasks to queue
[2025-07-13T11:53:07.518+0000] {logging_mixin.py:120} INFO - [2025-07-13T11:53:07.518+0000] {dagbag.py:537} INFO - Filling up the DagBag from /home/airflow/.local/lib/python3.7/site-packages/airflow/example_dags/example_complex.py
[2025-07-13T11:53:07.722+0000] {logging_mixin.py:120} INFO - [2025-07-13T11:53:07.720+0000] {taskmixin.py:205} WARNING - Dependency <Task(BashOperator): create_entry_group>, delete_entry_group already registered for DAG: example_complex
[2025-07-13T11:53:07.724+0000] {logging_mixin.py:120} INFO - [2025-07-13T11:53:07.723+0000] {taskmixin.py:205} WARNING - Dependency <Task(BashOperator): delete_entry_group>, create_entry_group already registered for DAG: example_complex
[2025-07-13T11:53:07.732+0000] {logging_mixin.py:120} INFO - [2025-07-13T11:53:07.725+0000] {taskmixin.py:205} WARNING - Dependency <Task(BashOperator): create_entry_gcs>, delete_entry already registered for DAG: example_complex
[2025-07-13T11:53:07.734+0000] {logging_mixin.py:120} INFO - [2025-07-13T11:53:07.733+0000] {taskmixin.py:205} WARNING - Dependency <Task(BashOperator): delete_entry>, create_entry_gcs already registered for DAG: example_complex
[2025-07-13T11:53:07.743+0000] {logging_mixin.py:120} INFO - [2025-07-13T11:53:07.743+0000] {taskmixin.py:205} WARNING - Dependency <Task(BashOperator): create_tag>, delete_tag already registered for DAG: example_complex
[2025-07-13T11:53:07.749+0000] {logging_mixin.py:120} INFO - [2025-07-13T11:53:07.748+0000] {taskmixin.py:205} WARNING - Dependency <Task(BashOperator): delete_tag>, create_tag already registered for DAG: example_complex
