[2025-07-13T09:48:03.623+0000] {processor.py:154} INFO - Started process (PID=93) to work on /home/airflow/.local/lib/python3.7/site-packages/airflow/example_dags/example_branch_day_of_week_operator.py
[2025-07-13T09:48:03.625+0000] {processor.py:756} INFO - Processing file /home/airflow/.local/lib/python3.7/site-packages/airflow/example_dags/example_branch_day_of_week_operator.py for tasks to queue
[2025-07-13T09:48:03.631+0000] {logging_mixin.py:120} INFO - [2025-07-13T09:48:03.630+0000] {dagbag.py:537} INFO - Filling up the DagBag from /home/airflow/.local/lib/python3.7/site-packages/airflow/example_dags/example_branch_day_of_week_operator.py
[2025-07-13T09:48:03.702+0000] {processor.py:766} INFO - DAG(s) dict_keys(['example_weekday_branch_operator']) retrieved from /home/airflow/.local/lib/python3.7/site-packages/airflow/example_dags/example_branch_day_of_week_operator.py
[2025-07-13T09:48:03.995+0000] {logging_mixin.py:120} INFO - [2025-07-13T09:48:03.995+0000] {manager.py:507} INFO - Created Permission View: can delete on DAG:example_weekday_branch_operator
[2025-07-13T09:48:04.026+0000] {logging_mixin.py:120} INFO - [2025-07-13T09:48:04.025+0000] {manager.py:507} INFO - Created Permission View: can read on DAG:example_weekday_branch_operator
[2025-07-13T09:48:04.059+0000] {logging_mixin.py:120} INFO - [2025-07-13T09:48:04.059+0000] {manager.py:507} INFO - Created Permission View: can edit on DAG:example_weekday_branch_operator
[2025-07-13T09:48:04.060+0000] {logging_mixin.py:120} INFO - [2025-07-13T09:48:04.060+0000] {dag.py:2585} INFO - Sync 1 DAGs
[2025-07-13T09:48:04.094+0000] {logging_mixin.py:120} INFO - [2025-07-13T09:48:04.093+0000] {dag.py:2606} INFO - Creating ORM DAG for example_weekday_branch_operator
[2025-07-13T09:48:04.154+0000] {logging_mixin.py:120} INFO - [2025-07-13T09:48:04.153+0000] {dag.py:3340} INFO - Setting next_dagrun for example_weekday_branch_operator to 2025-07-12T00:00:00+00:00, run_after=2025-07-13T00:00:00+00:00
[2025-07-13T09:48:04.307+0000] {processor.py:176} INFO - Processing /home/airflow/.local/lib/python3.7/site-packages/airflow/example_dags/example_branch_day_of_week_operator.py took 0.693 seconds
[2025-07-13T09:48:36.630+0000] {processor.py:154} INFO - Started process (PID=147) to work on /home/airflow/.local/lib/python3.7/site-packages/airflow/example_dags/example_branch_day_of_week_operator.py
[2025-07-13T09:48:36.643+0000] {processor.py:756} INFO - Processing file /home/airflow/.local/lib/python3.7/site-packages/airflow/example_dags/example_branch_day_of_week_operator.py for tasks to queue
[2025-07-13T09:48:36.644+0000] {logging_mixin.py:120} INFO - [2025-07-13T09:48:36.644+0000] {dagbag.py:537} INFO - Filling up the DagBag from /home/airflow/.local/lib/python3.7/site-packages/airflow/example_dags/example_branch_day_of_week_operator.py
[2025-07-13T09:48:36.733+0000] {processor.py:766} INFO - DAG(s) dict_keys(['example_weekday_branch_operator']) retrieved from /home/airflow/.local/lib/python3.7/site-packages/airflow/example_dags/example_branch_day_of_week_operator.py
[2025-07-13T09:48:36.965+0000] {logging_mixin.py:120} INFO - [2025-07-13T09:48:36.964+0000] {dag.py:2585} INFO - Sync 1 DAGs
[2025-07-13T09:48:37.351+0000] {logging_mixin.py:120} INFO - [2025-07-13T09:48:37.350+0000] {dag.py:3340} INFO - Setting next_dagrun for example_weekday_branch_operator to 2025-07-12T00:00:00+00:00, run_after=2025-07-13T00:00:00+00:00
[2025-07-13T09:48:37.910+0000] {processor.py:176} INFO - Processing /home/airflow/.local/lib/python3.7/site-packages/airflow/example_dags/example_branch_day_of_week_operator.py took 1.336 seconds
[2025-07-13T09:49:08.335+0000] {processor.py:154} INFO - Started process (PID=210) to work on /home/airflow/.local/lib/python3.7/site-packages/airflow/example_dags/example_branch_day_of_week_operator.py
[2025-07-13T09:49:08.340+0000] {processor.py:756} INFO - Processing file /home/airflow/.local/lib/python3.7/site-packages/airflow/example_dags/example_branch_day_of_week_operator.py for tasks to queue
[2025-07-13T09:49:08.350+0000] {logging_mixin.py:120} INFO - [2025-07-13T09:49:08.349+0000] {dagbag.py:537} INFO - Filling up the DagBag from /home/airflow/.local/lib/python3.7/site-packages/airflow/example_dags/example_branch_day_of_week_operator.py
[2025-07-13T09:49:08.414+0000] {processor.py:766} INFO - DAG(s) dict_keys(['example_weekday_branch_operator']) retrieved from /home/airflow/.local/lib/python3.7/site-packages/airflow/example_dags/example_branch_day_of_week_operator.py
[2025-07-13T09:49:08.555+0000] {logging_mixin.py:120} INFO - [2025-07-13T09:49:08.555+0000] {dag.py:2585} INFO - Sync 1 DAGs
[2025-07-13T09:49:08.666+0000] {logging_mixin.py:120} INFO - [2025-07-13T09:49:08.666+0000] {dag.py:3340} INFO - Setting next_dagrun for example_weekday_branch_operator to 2025-07-12T00:00:00+00:00, run_after=2025-07-13T00:00:00+00:00
[2025-07-13T09:49:08.763+0000] {processor.py:176} INFO - Processing /home/airflow/.local/lib/python3.7/site-packages/airflow/example_dags/example_branch_day_of_week_operator.py took 0.437 seconds
[2025-07-13T09:49:38.891+0000] {processor.py:154} INFO - Started process (PID=264) to work on /home/airflow/.local/lib/python3.7/site-packages/airflow/example_dags/example_branch_day_of_week_operator.py
[2025-07-13T09:49:38.892+0000] {processor.py:756} INFO - Processing file /home/airflow/.local/lib/python3.7/site-packages/airflow/example_dags/example_branch_day_of_week_operator.py for tasks to queue
[2025-07-13T09:49:38.894+0000] {logging_mixin.py:120} INFO - [2025-07-13T09:49:38.893+0000] {dagbag.py:537} INFO - Filling up the DagBag from /home/airflow/.local/lib/python3.7/site-packages/airflow/example_dags/example_branch_day_of_week_operator.py
[2025-07-13T09:49:38.933+0000] {processor.py:766} INFO - DAG(s) dict_keys(['example_weekday_branch_operator']) retrieved from /home/airflow/.local/lib/python3.7/site-packages/airflow/example_dags/example_branch_day_of_week_operator.py
[2025-07-13T09:49:39.049+0000] {logging_mixin.py:120} INFO - [2025-07-13T09:49:39.049+0000] {dag.py:2585} INFO - Sync 1 DAGs
[2025-07-13T09:49:39.105+0000] {logging_mixin.py:120} INFO - [2025-07-13T09:49:39.105+0000] {dag.py:3340} INFO - Setting next_dagrun for example_weekday_branch_operator to 2025-07-12T00:00:00+00:00, run_after=2025-07-13T00:00:00+00:00
[2025-07-13T09:49:39.145+0000] {processor.py:176} INFO - Processing /home/airflow/.local/lib/python3.7/site-packages/airflow/example_dags/example_branch_day_of_week_operator.py took 0.262 seconds
[2025-07-13T09:50:09.332+0000] {processor.py:154} INFO - Started process (PID=318) to work on /home/airflow/.local/lib/python3.7/site-packages/airflow/example_dags/example_branch_day_of_week_operator.py
[2025-07-13T09:50:09.335+0000] {processor.py:756} INFO - Processing file /home/airflow/.local/lib/python3.7/site-packages/airflow/example_dags/example_branch_day_of_week_operator.py for tasks to queue
[2025-07-13T09:50:09.341+0000] {logging_mixin.py:120} INFO - [2025-07-13T09:50:09.341+0000] {dagbag.py:537} INFO - Filling up the DagBag from /home/airflow/.local/lib/python3.7/site-packages/airflow/example_dags/example_branch_day_of_week_operator.py
[2025-07-13T09:50:09.389+0000] {processor.py:766} INFO - DAG(s) dict_keys(['example_weekday_branch_operator']) retrieved from /home/airflow/.local/lib/python3.7/site-packages/airflow/example_dags/example_branch_day_of_week_operator.py
[2025-07-13T09:50:09.503+0000] {logging_mixin.py:120} INFO - [2025-07-13T09:50:09.502+0000] {dag.py:2585} INFO - Sync 1 DAGs
[2025-07-13T09:50:09.565+0000] {logging_mixin.py:120} INFO - [2025-07-13T09:50:09.564+0000] {dag.py:3340} INFO - Setting next_dagrun for example_weekday_branch_operator to 2025-07-12T00:00:00+00:00, run_after=2025-07-13T00:00:00+00:00
[2025-07-13T09:50:09.626+0000] {processor.py:176} INFO - Processing /home/airflow/.local/lib/python3.7/site-packages/airflow/example_dags/example_branch_day_of_week_operator.py took 0.309 seconds
[2025-07-13T09:50:40.465+0000] {processor.py:154} INFO - Started process (PID=373) to work on /home/airflow/.local/lib/python3.7/site-packages/airflow/example_dags/example_branch_day_of_week_operator.py
[2025-07-13T09:50:40.505+0000] {processor.py:756} INFO - Processing file /home/airflow/.local/lib/python3.7/site-packages/airflow/example_dags/example_branch_day_of_week_operator.py for tasks to queue
[2025-07-13T09:50:40.597+0000] {logging_mixin.py:120} INFO - [2025-07-13T09:50:40.597+0000] {dagbag.py:537} INFO - Filling up the DagBag from /home/airflow/.local/lib/python3.7/site-packages/airflow/example_dags/example_branch_day_of_week_operator.py
[2025-07-13T09:50:40.801+0000] {processor.py:766} INFO - DAG(s) dict_keys(['example_weekday_branch_operator']) retrieved from /home/airflow/.local/lib/python3.7/site-packages/airflow/example_dags/example_branch_day_of_week_operator.py
[2025-07-13T09:50:41.133+0000] {logging_mixin.py:120} INFO - [2025-07-13T09:50:41.131+0000] {dag.py:2585} INFO - Sync 1 DAGs
[2025-07-13T09:50:41.225+0000] {logging_mixin.py:120} INFO - [2025-07-13T09:50:41.225+0000] {dag.py:3340} INFO - Setting next_dagrun for example_weekday_branch_operator to 2025-07-12T00:00:00+00:00, run_after=2025-07-13T00:00:00+00:00
[2025-07-13T09:50:41.371+0000] {processor.py:176} INFO - Processing /home/airflow/.local/lib/python3.7/site-packages/airflow/example_dags/example_branch_day_of_week_operator.py took 0.958 seconds
[2025-07-13T09:51:11.671+0000] {processor.py:154} INFO - Started process (PID=426) to work on /home/airflow/.local/lib/python3.7/site-packages/airflow/example_dags/example_branch_day_of_week_operator.py
[2025-07-13T09:51:11.675+0000] {processor.py:756} INFO - Processing file /home/airflow/.local/lib/python3.7/site-packages/airflow/example_dags/example_branch_day_of_week_operator.py for tasks to queue
[2025-07-13T09:51:11.676+0000] {logging_mixin.py:120} INFO - [2025-07-13T09:51:11.676+0000] {dagbag.py:537} INFO - Filling up the DagBag from /home/airflow/.local/lib/python3.7/site-packages/airflow/example_dags/example_branch_day_of_week_operator.py
[2025-07-13T09:51:11.709+0000] {processor.py:766} INFO - DAG(s) dict_keys(['example_weekday_branch_operator']) retrieved from /home/airflow/.local/lib/python3.7/site-packages/airflow/example_dags/example_branch_day_of_week_operator.py
[2025-07-13T09:51:11.763+0000] {logging_mixin.py:120} INFO - [2025-07-13T09:51:11.763+0000] {dag.py:2585} INFO - Sync 1 DAGs
[2025-07-13T09:51:11.813+0000] {logging_mixin.py:120} INFO - [2025-07-13T09:51:11.813+0000] {dag.py:3340} INFO - Setting next_dagrun for example_weekday_branch_operator to 2025-07-12T00:00:00+00:00, run_after=2025-07-13T00:00:00+00:00
[2025-07-13T09:51:11.845+0000] {processor.py:176} INFO - Processing /home/airflow/.local/lib/python3.7/site-packages/airflow/example_dags/example_branch_day_of_week_operator.py took 0.182 seconds
[2025-07-13T09:51:50.463+0000] {processor.py:154} INFO - Started process (PID=481) to work on /home/airflow/.local/lib/python3.7/site-packages/airflow/example_dags/example_branch_day_of_week_operator.py
[2025-07-13T09:51:50.465+0000] {processor.py:756} INFO - Processing file /home/airflow/.local/lib/python3.7/site-packages/airflow/example_dags/example_branch_day_of_week_operator.py for tasks to queue
[2025-07-13T09:51:50.468+0000] {logging_mixin.py:120} INFO - [2025-07-13T09:51:50.467+0000] {dagbag.py:537} INFO - Filling up the DagBag from /home/airflow/.local/lib/python3.7/site-packages/airflow/example_dags/example_branch_day_of_week_operator.py
[2025-07-13T09:51:50.546+0000] {processor.py:766} INFO - DAG(s) dict_keys(['example_weekday_branch_operator']) retrieved from /home/airflow/.local/lib/python3.7/site-packages/airflow/example_dags/example_branch_day_of_week_operator.py
[2025-07-13T09:51:50.673+0000] {logging_mixin.py:120} INFO - [2025-07-13T09:51:50.673+0000] {dag.py:2585} INFO - Sync 1 DAGs
[2025-07-13T09:51:50.884+0000] {logging_mixin.py:120} INFO - [2025-07-13T09:51:50.883+0000] {dag.py:3340} INFO - Setting next_dagrun for example_weekday_branch_operator to 2025-07-12T00:00:00+00:00, run_after=2025-07-13T00:00:00+00:00
[2025-07-13T09:51:50.987+0000] {processor.py:176} INFO - Processing /home/airflow/.local/lib/python3.7/site-packages/airflow/example_dags/example_branch_day_of_week_operator.py took 0.555 seconds
[2025-07-13T09:52:21.737+0000] {processor.py:154} INFO - Started process (PID=534) to work on /home/airflow/.local/lib/python3.7/site-packages/airflow/example_dags/example_branch_day_of_week_operator.py
[2025-07-13T09:52:21.740+0000] {processor.py:756} INFO - Processing file /home/airflow/.local/lib/python3.7/site-packages/airflow/example_dags/example_branch_day_of_week_operator.py for tasks to queue
[2025-07-13T09:52:21.742+0000] {logging_mixin.py:120} INFO - [2025-07-13T09:52:21.742+0000] {dagbag.py:537} INFO - Filling up the DagBag from /home/airflow/.local/lib/python3.7/site-packages/airflow/example_dags/example_branch_day_of_week_operator.py
[2025-07-13T09:52:21.868+0000] {processor.py:766} INFO - DAG(s) dict_keys(['example_weekday_branch_operator']) retrieved from /home/airflow/.local/lib/python3.7/site-packages/airflow/example_dags/example_branch_day_of_week_operator.py
[2025-07-13T09:52:22.138+0000] {logging_mixin.py:120} INFO - [2025-07-13T09:52:22.137+0000] {dag.py:2585} INFO - Sync 1 DAGs
[2025-07-13T09:52:22.272+0000] {logging_mixin.py:120} INFO - [2025-07-13T09:52:22.272+0000] {dag.py:3340} INFO - Setting next_dagrun for example_weekday_branch_operator to 2025-07-12T00:00:00+00:00, run_after=2025-07-13T00:00:00+00:00
[2025-07-13T09:52:22.332+0000] {processor.py:176} INFO - Processing /home/airflow/.local/lib/python3.7/site-packages/airflow/example_dags/example_branch_day_of_week_operator.py took 0.611 seconds
[2025-07-13T09:52:53.162+0000] {processor.py:154} INFO - Started process (PID=589) to work on /home/airflow/.local/lib/python3.7/site-packages/airflow/example_dags/example_branch_day_of_week_operator.py
[2025-07-13T09:52:53.166+0000] {processor.py:756} INFO - Processing file /home/airflow/.local/lib/python3.7/site-packages/airflow/example_dags/example_branch_day_of_week_operator.py for tasks to queue
[2025-07-13T09:52:53.169+0000] {logging_mixin.py:120} INFO - [2025-07-13T09:52:53.169+0000] {dagbag.py:537} INFO - Filling up the DagBag from /home/airflow/.local/lib/python3.7/site-packages/airflow/example_dags/example_branch_day_of_week_operator.py
[2025-07-13T09:52:53.195+0000] {processor.py:766} INFO - DAG(s) dict_keys(['example_weekday_branch_operator']) retrieved from /home/airflow/.local/lib/python3.7/site-packages/airflow/example_dags/example_branch_day_of_week_operator.py
[2025-07-13T09:52:53.268+0000] {logging_mixin.py:120} INFO - [2025-07-13T09:52:53.267+0000] {dag.py:2585} INFO - Sync 1 DAGs
[2025-07-13T09:52:53.339+0000] {logging_mixin.py:120} INFO - [2025-07-13T09:52:53.338+0000] {dag.py:3340} INFO - Setting next_dagrun for example_weekday_branch_operator to 2025-07-12T00:00:00+00:00, run_after=2025-07-13T00:00:00+00:00
[2025-07-13T09:52:53.412+0000] {processor.py:176} INFO - Processing /home/airflow/.local/lib/python3.7/site-packages/airflow/example_dags/example_branch_day_of_week_operator.py took 0.259 seconds
[2025-07-13T09:53:25.355+0000] {processor.py:154} INFO - Started process (PID=652) to work on /home/airflow/.local/lib/python3.7/site-packages/airflow/example_dags/example_branch_day_of_week_operator.py
[2025-07-13T09:53:25.360+0000] {processor.py:756} INFO - Processing file /home/airflow/.local/lib/python3.7/site-packages/airflow/example_dags/example_branch_day_of_week_operator.py for tasks to queue
[2025-07-13T09:53:25.364+0000] {logging_mixin.py:120} INFO - [2025-07-13T09:53:25.364+0000] {dagbag.py:537} INFO - Filling up the DagBag from /home/airflow/.local/lib/python3.7/site-packages/airflow/example_dags/example_branch_day_of_week_operator.py
[2025-07-13T09:53:25.418+0000] {processor.py:766} INFO - DAG(s) dict_keys(['example_weekday_branch_operator']) retrieved from /home/airflow/.local/lib/python3.7/site-packages/airflow/example_dags/example_branch_day_of_week_operator.py
[2025-07-13T09:53:25.540+0000] {logging_mixin.py:120} INFO - [2025-07-13T09:53:25.539+0000] {dag.py:2585} INFO - Sync 1 DAGs
[2025-07-13T09:53:25.649+0000] {logging_mixin.py:120} INFO - [2025-07-13T09:53:25.649+0000] {dag.py:3340} INFO - Setting next_dagrun for example_weekday_branch_operator to 2025-07-12T00:00:00+00:00, run_after=2025-07-13T00:00:00+00:00
[2025-07-13T09:53:25.716+0000] {processor.py:176} INFO - Processing /home/airflow/.local/lib/python3.7/site-packages/airflow/example_dags/example_branch_day_of_week_operator.py took 0.367 seconds
[2025-07-13T09:53:57.891+0000] {processor.py:154} INFO - Started process (PID=707) to work on /home/airflow/.local/lib/python3.7/site-packages/airflow/example_dags/example_branch_day_of_week_operator.py
[2025-07-13T09:53:57.900+0000] {processor.py:756} INFO - Processing file /home/airflow/.local/lib/python3.7/site-packages/airflow/example_dags/example_branch_day_of_week_operator.py for tasks to queue
[2025-07-13T09:53:57.902+0000] {logging_mixin.py:120} INFO - [2025-07-13T09:53:57.902+0000] {dagbag.py:537} INFO - Filling up the DagBag from /home/airflow/.local/lib/python3.7/site-packages/airflow/example_dags/example_branch_day_of_week_operator.py
[2025-07-13T09:53:57.965+0000] {processor.py:766} INFO - DAG(s) dict_keys(['example_weekday_branch_operator']) retrieved from /home/airflow/.local/lib/python3.7/site-packages/airflow/example_dags/example_branch_day_of_week_operator.py
[2025-07-13T09:53:58.062+0000] {logging_mixin.py:120} INFO - [2025-07-13T09:53:58.061+0000] {dag.py:2585} INFO - Sync 1 DAGs
[2025-07-13T09:53:58.148+0000] {logging_mixin.py:120} INFO - [2025-07-13T09:53:58.148+0000] {dag.py:3340} INFO - Setting next_dagrun for example_weekday_branch_operator to 2025-07-12T00:00:00+00:00, run_after=2025-07-13T00:00:00+00:00
[2025-07-13T09:53:58.197+0000] {processor.py:176} INFO - Processing /home/airflow/.local/lib/python3.7/site-packages/airflow/example_dags/example_branch_day_of_week_operator.py took 0.315 seconds
[2025-07-13T09:54:30.146+0000] {processor.py:154} INFO - Started process (PID=762) to work on /home/airflow/.local/lib/python3.7/site-packages/airflow/example_dags/example_branch_day_of_week_operator.py
[2025-07-13T09:54:30.149+0000] {processor.py:756} INFO - Processing file /home/airflow/.local/lib/python3.7/site-packages/airflow/example_dags/example_branch_day_of_week_operator.py for tasks to queue
[2025-07-13T09:54:30.158+0000] {logging_mixin.py:120} INFO - [2025-07-13T09:54:30.158+0000] {dagbag.py:537} INFO - Filling up the DagBag from /home/airflow/.local/lib/python3.7/site-packages/airflow/example_dags/example_branch_day_of_week_operator.py
[2025-07-13T09:54:30.241+0000] {processor.py:766} INFO - DAG(s) dict_keys(['example_weekday_branch_operator']) retrieved from /home/airflow/.local/lib/python3.7/site-packages/airflow/example_dags/example_branch_day_of_week_operator.py
[2025-07-13T09:54:30.494+0000] {logging_mixin.py:120} INFO - [2025-07-13T09:54:30.494+0000] {dag.py:2585} INFO - Sync 1 DAGs
[2025-07-13T09:54:30.681+0000] {logging_mixin.py:120} INFO - [2025-07-13T09:54:30.680+0000] {dag.py:3340} INFO - Setting next_dagrun for example_weekday_branch_operator to 2025-07-12T00:00:00+00:00, run_after=2025-07-13T00:00:00+00:00
[2025-07-13T09:54:30.809+0000] {processor.py:176} INFO - Processing /home/airflow/.local/lib/python3.7/site-packages/airflow/example_dags/example_branch_day_of_week_operator.py took 0.689 seconds
[2025-07-13T09:55:01.811+0000] {processor.py:154} INFO - Started process (PID=816) to work on /home/airflow/.local/lib/python3.7/site-packages/airflow/example_dags/example_branch_day_of_week_operator.py
[2025-07-13T09:55:01.814+0000] {processor.py:756} INFO - Processing file /home/airflow/.local/lib/python3.7/site-packages/airflow/example_dags/example_branch_day_of_week_operator.py for tasks to queue
[2025-07-13T09:55:01.822+0000] {logging_mixin.py:120} INFO - [2025-07-13T09:55:01.821+0000] {dagbag.py:537} INFO - Filling up the DagBag from /home/airflow/.local/lib/python3.7/site-packages/airflow/example_dags/example_branch_day_of_week_operator.py
[2025-07-13T09:55:01.857+0000] {processor.py:766} INFO - DAG(s) dict_keys(['example_weekday_branch_operator']) retrieved from /home/airflow/.local/lib/python3.7/site-packages/airflow/example_dags/example_branch_day_of_week_operator.py
[2025-07-13T09:55:01.944+0000] {logging_mixin.py:120} INFO - [2025-07-13T09:55:01.944+0000] {dag.py:2585} INFO - Sync 1 DAGs
[2025-07-13T09:55:01.987+0000] {logging_mixin.py:120} INFO - [2025-07-13T09:55:01.986+0000] {dag.py:3340} INFO - Setting next_dagrun for example_weekday_branch_operator to 2025-07-12T00:00:00+00:00, run_after=2025-07-13T00:00:00+00:00
[2025-07-13T09:55:02.021+0000] {processor.py:176} INFO - Processing /home/airflow/.local/lib/python3.7/site-packages/airflow/example_dags/example_branch_day_of_week_operator.py took 0.216 seconds
[2025-07-13T09:55:32.244+0000] {processor.py:154} INFO - Started process (PID=878) to work on /home/airflow/.local/lib/python3.7/site-packages/airflow/example_dags/example_branch_day_of_week_operator.py
[2025-07-13T09:55:32.245+0000] {processor.py:756} INFO - Processing file /home/airflow/.local/lib/python3.7/site-packages/airflow/example_dags/example_branch_day_of_week_operator.py for tasks to queue
[2025-07-13T09:55:32.247+0000] {logging_mixin.py:120} INFO - [2025-07-13T09:55:32.247+0000] {dagbag.py:537} INFO - Filling up the DagBag from /home/airflow/.local/lib/python3.7/site-packages/airflow/example_dags/example_branch_day_of_week_operator.py
[2025-07-13T09:55:32.267+0000] {processor.py:766} INFO - DAG(s) dict_keys(['example_weekday_branch_operator']) retrieved from /home/airflow/.local/lib/python3.7/site-packages/airflow/example_dags/example_branch_day_of_week_operator.py
[2025-07-13T09:55:32.327+0000] {logging_mixin.py:120} INFO - [2025-07-13T09:55:32.327+0000] {dag.py:2585} INFO - Sync 1 DAGs
[2025-07-13T09:55:32.380+0000] {logging_mixin.py:120} INFO - [2025-07-13T09:55:32.380+0000] {dag.py:3340} INFO - Setting next_dagrun for example_weekday_branch_operator to 2025-07-12T00:00:00+00:00, run_after=2025-07-13T00:00:00+00:00
[2025-07-13T09:55:32.424+0000] {processor.py:176} INFO - Processing /home/airflow/.local/lib/python3.7/site-packages/airflow/example_dags/example_branch_day_of_week_operator.py took 0.186 seconds
[2025-07-13T09:56:03.165+0000] {processor.py:154} INFO - Started process (PID=933) to work on /home/airflow/.local/lib/python3.7/site-packages/airflow/example_dags/example_branch_day_of_week_operator.py
[2025-07-13T09:56:03.167+0000] {processor.py:756} INFO - Processing file /home/airflow/.local/lib/python3.7/site-packages/airflow/example_dags/example_branch_day_of_week_operator.py for tasks to queue
[2025-07-13T09:56:03.168+0000] {logging_mixin.py:120} INFO - [2025-07-13T09:56:03.168+0000] {dagbag.py:537} INFO - Filling up the DagBag from /home/airflow/.local/lib/python3.7/site-packages/airflow/example_dags/example_branch_day_of_week_operator.py
[2025-07-13T09:56:03.190+0000] {processor.py:766} INFO - DAG(s) dict_keys(['example_weekday_branch_operator']) retrieved from /home/airflow/.local/lib/python3.7/site-packages/airflow/example_dags/example_branch_day_of_week_operator.py
[2025-07-13T09:56:03.255+0000] {logging_mixin.py:120} INFO - [2025-07-13T09:56:03.255+0000] {dag.py:2585} INFO - Sync 1 DAGs
[2025-07-13T09:56:03.298+0000] {logging_mixin.py:120} INFO - [2025-07-13T09:56:03.298+0000] {dag.py:3340} INFO - Setting next_dagrun for example_weekday_branch_operator to 2025-07-12T00:00:00+00:00, run_after=2025-07-13T00:00:00+00:00
[2025-07-13T09:56:03.330+0000] {processor.py:176} INFO - Processing /home/airflow/.local/lib/python3.7/site-packages/airflow/example_dags/example_branch_day_of_week_operator.py took 0.169 seconds
[2025-07-13T09:56:33.811+0000] {processor.py:154} INFO - Started process (PID=996) to work on /home/airflow/.local/lib/python3.7/site-packages/airflow/example_dags/example_branch_day_of_week_operator.py
[2025-07-13T09:56:33.813+0000] {processor.py:756} INFO - Processing file /home/airflow/.local/lib/python3.7/site-packages/airflow/example_dags/example_branch_day_of_week_operator.py for tasks to queue
[2025-07-13T09:56:33.815+0000] {logging_mixin.py:120} INFO - [2025-07-13T09:56:33.815+0000] {dagbag.py:537} INFO - Filling up the DagBag from /home/airflow/.local/lib/python3.7/site-packages/airflow/example_dags/example_branch_day_of_week_operator.py
[2025-07-13T09:56:33.839+0000] {processor.py:766} INFO - DAG(s) dict_keys(['example_weekday_branch_operator']) retrieved from /home/airflow/.local/lib/python3.7/site-packages/airflow/example_dags/example_branch_day_of_week_operator.py
[2025-07-13T09:56:33.892+0000] {logging_mixin.py:120} INFO - [2025-07-13T09:56:33.892+0000] {dag.py:2585} INFO - Sync 1 DAGs
[2025-07-13T09:56:33.928+0000] {logging_mixin.py:120} INFO - [2025-07-13T09:56:33.928+0000] {dag.py:3340} INFO - Setting next_dagrun for example_weekday_branch_operator to 2025-07-12T00:00:00+00:00, run_after=2025-07-13T00:00:00+00:00
[2025-07-13T09:56:33.959+0000] {processor.py:176} INFO - Processing /home/airflow/.local/lib/python3.7/site-packages/airflow/example_dags/example_branch_day_of_week_operator.py took 0.156 seconds
[2025-07-13T09:57:04.228+0000] {processor.py:154} INFO - Started process (PID=1059) to work on /home/airflow/.local/lib/python3.7/site-packages/airflow/example_dags/example_branch_day_of_week_operator.py
[2025-07-13T09:57:04.230+0000] {processor.py:756} INFO - Processing file /home/airflow/.local/lib/python3.7/site-packages/airflow/example_dags/example_branch_day_of_week_operator.py for tasks to queue
[2025-07-13T09:57:04.232+0000] {logging_mixin.py:120} INFO - [2025-07-13T09:57:04.232+0000] {dagbag.py:537} INFO - Filling up the DagBag from /home/airflow/.local/lib/python3.7/site-packages/airflow/example_dags/example_branch_day_of_week_operator.py
[2025-07-13T09:57:04.270+0000] {processor.py:766} INFO - DAG(s) dict_keys(['example_weekday_branch_operator']) retrieved from /home/airflow/.local/lib/python3.7/site-packages/airflow/example_dags/example_branch_day_of_week_operator.py
[2025-07-13T09:57:04.368+0000] {logging_mixin.py:120} INFO - [2025-07-13T09:57:04.368+0000] {dag.py:2585} INFO - Sync 1 DAGs
[2025-07-13T09:57:04.424+0000] {logging_mixin.py:120} INFO - [2025-07-13T09:57:04.424+0000] {dag.py:3340} INFO - Setting next_dagrun for example_weekday_branch_operator to 2025-07-12T00:00:00+00:00, run_after=2025-07-13T00:00:00+00:00
[2025-07-13T09:57:04.472+0000] {processor.py:176} INFO - Processing /home/airflow/.local/lib/python3.7/site-packages/airflow/example_dags/example_branch_day_of_week_operator.py took 0.250 seconds
[2025-07-13T09:57:34.599+0000] {processor.py:154} INFO - Started process (PID=1113) to work on /home/airflow/.local/lib/python3.7/site-packages/airflow/example_dags/example_branch_day_of_week_operator.py
[2025-07-13T09:57:34.601+0000] {processor.py:756} INFO - Processing file /home/airflow/.local/lib/python3.7/site-packages/airflow/example_dags/example_branch_day_of_week_operator.py for tasks to queue
[2025-07-13T09:57:34.603+0000] {logging_mixin.py:120} INFO - [2025-07-13T09:57:34.602+0000] {dagbag.py:537} INFO - Filling up the DagBag from /home/airflow/.local/lib/python3.7/site-packages/airflow/example_dags/example_branch_day_of_week_operator.py
[2025-07-13T09:57:34.632+0000] {processor.py:766} INFO - DAG(s) dict_keys(['example_weekday_branch_operator']) retrieved from /home/airflow/.local/lib/python3.7/site-packages/airflow/example_dags/example_branch_day_of_week_operator.py
[2025-07-13T09:57:34.721+0000] {logging_mixin.py:120} INFO - [2025-07-13T09:57:34.721+0000] {dag.py:2585} INFO - Sync 1 DAGs
[2025-07-13T09:57:34.770+0000] {logging_mixin.py:120} INFO - [2025-07-13T09:57:34.770+0000] {dag.py:3340} INFO - Setting next_dagrun for example_weekday_branch_operator to 2025-07-12T00:00:00+00:00, run_after=2025-07-13T00:00:00+00:00
[2025-07-13T09:57:34.811+0000] {processor.py:176} INFO - Processing /home/airflow/.local/lib/python3.7/site-packages/airflow/example_dags/example_branch_day_of_week_operator.py took 0.217 seconds
[2025-07-13T09:58:05.107+0000] {processor.py:154} INFO - Started process (PID=1178) to work on /home/airflow/.local/lib/python3.7/site-packages/airflow/example_dags/example_branch_day_of_week_operator.py
[2025-07-13T09:58:05.109+0000] {processor.py:756} INFO - Processing file /home/airflow/.local/lib/python3.7/site-packages/airflow/example_dags/example_branch_day_of_week_operator.py for tasks to queue
[2025-07-13T09:58:05.110+0000] {logging_mixin.py:120} INFO - [2025-07-13T09:58:05.110+0000] {dagbag.py:537} INFO - Filling up the DagBag from /home/airflow/.local/lib/python3.7/site-packages/airflow/example_dags/example_branch_day_of_week_operator.py
[2025-07-13T09:58:05.138+0000] {processor.py:766} INFO - DAG(s) dict_keys(['example_weekday_branch_operator']) retrieved from /home/airflow/.local/lib/python3.7/site-packages/airflow/example_dags/example_branch_day_of_week_operator.py
[2025-07-13T09:58:05.197+0000] {logging_mixin.py:120} INFO - [2025-07-13T09:58:05.196+0000] {dag.py:2585} INFO - Sync 1 DAGs
[2025-07-13T09:58:05.237+0000] {logging_mixin.py:120} INFO - [2025-07-13T09:58:05.237+0000] {dag.py:3340} INFO - Setting next_dagrun for example_weekday_branch_operator to 2025-07-12T00:00:00+00:00, run_after=2025-07-13T00:00:00+00:00
[2025-07-13T09:58:05.298+0000] {processor.py:176} INFO - Processing /home/airflow/.local/lib/python3.7/site-packages/airflow/example_dags/example_branch_day_of_week_operator.py took 0.196 seconds
[2025-07-13T09:58:35.813+0000] {processor.py:154} INFO - Started process (PID=1231) to work on /home/airflow/.local/lib/python3.7/site-packages/airflow/example_dags/example_branch_day_of_week_operator.py
[2025-07-13T09:58:35.815+0000] {processor.py:756} INFO - Processing file /home/airflow/.local/lib/python3.7/site-packages/airflow/example_dags/example_branch_day_of_week_operator.py for tasks to queue
[2025-07-13T09:58:35.816+0000] {logging_mixin.py:120} INFO - [2025-07-13T09:58:35.816+0000] {dagbag.py:537} INFO - Filling up the DagBag from /home/airflow/.local/lib/python3.7/site-packages/airflow/example_dags/example_branch_day_of_week_operator.py
[2025-07-13T09:58:35.836+0000] {processor.py:766} INFO - DAG(s) dict_keys(['example_weekday_branch_operator']) retrieved from /home/airflow/.local/lib/python3.7/site-packages/airflow/example_dags/example_branch_day_of_week_operator.py
[2025-07-13T09:58:35.894+0000] {logging_mixin.py:120} INFO - [2025-07-13T09:58:35.894+0000] {dag.py:2585} INFO - Sync 1 DAGs
[2025-07-13T09:58:35.926+0000] {logging_mixin.py:120} INFO - [2025-07-13T09:58:35.926+0000] {dag.py:3340} INFO - Setting next_dagrun for example_weekday_branch_operator to 2025-07-12T00:00:00+00:00, run_after=2025-07-13T00:00:00+00:00
[2025-07-13T09:58:35.959+0000] {processor.py:176} INFO - Processing /home/airflow/.local/lib/python3.7/site-packages/airflow/example_dags/example_branch_day_of_week_operator.py took 0.150 seconds
[2025-07-13T09:59:06.544+0000] {processor.py:154} INFO - Started process (PID=1294) to work on /home/airflow/.local/lib/python3.7/site-packages/airflow/example_dags/example_branch_day_of_week_operator.py
[2025-07-13T09:59:06.547+0000] {processor.py:756} INFO - Processing file /home/airflow/.local/lib/python3.7/site-packages/airflow/example_dags/example_branch_day_of_week_operator.py for tasks to queue
[2025-07-13T09:59:06.549+0000] {logging_mixin.py:120} INFO - [2025-07-13T09:59:06.549+0000] {dagbag.py:537} INFO - Filling up the DagBag from /home/airflow/.local/lib/python3.7/site-packages/airflow/example_dags/example_branch_day_of_week_operator.py
[2025-07-13T09:59:06.601+0000] {processor.py:766} INFO - DAG(s) dict_keys(['example_weekday_branch_operator']) retrieved from /home/airflow/.local/lib/python3.7/site-packages/airflow/example_dags/example_branch_day_of_week_operator.py
[2025-07-13T09:59:06.692+0000] {logging_mixin.py:120} INFO - [2025-07-13T09:59:06.692+0000] {dag.py:2585} INFO - Sync 1 DAGs
[2025-07-13T09:59:06.721+0000] {logging_mixin.py:120} INFO - [2025-07-13T09:59:06.721+0000] {dag.py:3340} INFO - Setting next_dagrun for example_weekday_branch_operator to 2025-07-12T00:00:00+00:00, run_after=2025-07-13T00:00:00+00:00
[2025-07-13T09:59:06.748+0000] {processor.py:176} INFO - Processing /home/airflow/.local/lib/python3.7/site-packages/airflow/example_dags/example_branch_day_of_week_operator.py took 0.211 seconds
[2025-07-13T09:59:37.847+0000] {processor.py:154} INFO - Started process (PID=1357) to work on /home/airflow/.local/lib/python3.7/site-packages/airflow/example_dags/example_branch_day_of_week_operator.py
[2025-07-13T09:59:37.850+0000] {processor.py:756} INFO - Processing file /home/airflow/.local/lib/python3.7/site-packages/airflow/example_dags/example_branch_day_of_week_operator.py for tasks to queue
[2025-07-13T09:59:37.852+0000] {logging_mixin.py:120} INFO - [2025-07-13T09:59:37.851+0000] {dagbag.py:537} INFO - Filling up the DagBag from /home/airflow/.local/lib/python3.7/site-packages/airflow/example_dags/example_branch_day_of_week_operator.py
[2025-07-13T09:59:37.885+0000] {processor.py:766} INFO - DAG(s) dict_keys(['example_weekday_branch_operator']) retrieved from /home/airflow/.local/lib/python3.7/site-packages/airflow/example_dags/example_branch_day_of_week_operator.py
[2025-07-13T09:59:37.976+0000] {logging_mixin.py:120} INFO - [2025-07-13T09:59:37.976+0000] {dag.py:2585} INFO - Sync 1 DAGs
[2025-07-13T09:59:38.040+0000] {logging_mixin.py:120} INFO - [2025-07-13T09:59:38.040+0000] {dag.py:3340} INFO - Setting next_dagrun for example_weekday_branch_operator to 2025-07-12T00:00:00+00:00, run_after=2025-07-13T00:00:00+00:00
[2025-07-13T09:59:38.140+0000] {processor.py:176} INFO - Processing /home/airflow/.local/lib/python3.7/site-packages/airflow/example_dags/example_branch_day_of_week_operator.py took 0.299 seconds
[2025-07-13T10:00:08.357+0000] {processor.py:154} INFO - Started process (PID=1411) to work on /home/airflow/.local/lib/python3.7/site-packages/airflow/example_dags/example_branch_day_of_week_operator.py
[2025-07-13T10:00:08.359+0000] {processor.py:756} INFO - Processing file /home/airflow/.local/lib/python3.7/site-packages/airflow/example_dags/example_branch_day_of_week_operator.py for tasks to queue
[2025-07-13T10:00:08.360+0000] {logging_mixin.py:120} INFO - [2025-07-13T10:00:08.360+0000] {dagbag.py:537} INFO - Filling up the DagBag from /home/airflow/.local/lib/python3.7/site-packages/airflow/example_dags/example_branch_day_of_week_operator.py
[2025-07-13T10:00:08.388+0000] {processor.py:766} INFO - DAG(s) dict_keys(['example_weekday_branch_operator']) retrieved from /home/airflow/.local/lib/python3.7/site-packages/airflow/example_dags/example_branch_day_of_week_operator.py
[2025-07-13T10:00:08.443+0000] {logging_mixin.py:120} INFO - [2025-07-13T10:00:08.443+0000] {dag.py:2585} INFO - Sync 1 DAGs
[2025-07-13T10:00:08.483+0000] {logging_mixin.py:120} INFO - [2025-07-13T10:00:08.482+0000] {dag.py:3340} INFO - Setting next_dagrun for example_weekday_branch_operator to 2025-07-12T00:00:00+00:00, run_after=2025-07-13T00:00:00+00:00
[2025-07-13T10:00:08.512+0000] {processor.py:176} INFO - Processing /home/airflow/.local/lib/python3.7/site-packages/airflow/example_dags/example_branch_day_of_week_operator.py took 0.159 seconds
[2025-07-13T10:00:39.389+0000] {processor.py:154} INFO - Started process (PID=1475) to work on /home/airflow/.local/lib/python3.7/site-packages/airflow/example_dags/example_branch_day_of_week_operator.py
[2025-07-13T10:00:39.391+0000] {processor.py:756} INFO - Processing file /home/airflow/.local/lib/python3.7/site-packages/airflow/example_dags/example_branch_day_of_week_operator.py for tasks to queue
[2025-07-13T10:00:39.393+0000] {logging_mixin.py:120} INFO - [2025-07-13T10:00:39.393+0000] {dagbag.py:537} INFO - Filling up the DagBag from /home/airflow/.local/lib/python3.7/site-packages/airflow/example_dags/example_branch_day_of_week_operator.py
[2025-07-13T10:00:39.423+0000] {processor.py:766} INFO - DAG(s) dict_keys(['example_weekday_branch_operator']) retrieved from /home/airflow/.local/lib/python3.7/site-packages/airflow/example_dags/example_branch_day_of_week_operator.py
[2025-07-13T10:00:39.529+0000] {logging_mixin.py:120} INFO - [2025-07-13T10:00:39.529+0000] {dag.py:2585} INFO - Sync 1 DAGs
[2025-07-13T10:00:39.592+0000] {logging_mixin.py:120} INFO - [2025-07-13T10:00:39.592+0000] {dag.py:3340} INFO - Setting next_dagrun for example_weekday_branch_operator to 2025-07-12T00:00:00+00:00, run_after=2025-07-13T00:00:00+00:00
[2025-07-13T10:00:39.620+0000] {processor.py:176} INFO - Processing /home/airflow/.local/lib/python3.7/site-packages/airflow/example_dags/example_branch_day_of_week_operator.py took 0.238 seconds
[2025-07-13T10:01:10.163+0000] {processor.py:154} INFO - Started process (PID=1529) to work on /home/airflow/.local/lib/python3.7/site-packages/airflow/example_dags/example_branch_day_of_week_operator.py
[2025-07-13T10:01:10.164+0000] {processor.py:756} INFO - Processing file /home/airflow/.local/lib/python3.7/site-packages/airflow/example_dags/example_branch_day_of_week_operator.py for tasks to queue
[2025-07-13T10:01:10.166+0000] {logging_mixin.py:120} INFO - [2025-07-13T10:01:10.165+0000] {dagbag.py:537} INFO - Filling up the DagBag from /home/airflow/.local/lib/python3.7/site-packages/airflow/example_dags/example_branch_day_of_week_operator.py
[2025-07-13T10:01:10.191+0000] {processor.py:766} INFO - DAG(s) dict_keys(['example_weekday_branch_operator']) retrieved from /home/airflow/.local/lib/python3.7/site-packages/airflow/example_dags/example_branch_day_of_week_operator.py
[2025-07-13T10:01:10.247+0000] {logging_mixin.py:120} INFO - [2025-07-13T10:01:10.247+0000] {dag.py:2585} INFO - Sync 1 DAGs
[2025-07-13T10:01:10.286+0000] {logging_mixin.py:120} INFO - [2025-07-13T10:01:10.286+0000] {dag.py:3340} INFO - Setting next_dagrun for example_weekday_branch_operator to 2025-07-12T00:00:00+00:00, run_after=2025-07-13T00:00:00+00:00
[2025-07-13T10:01:10.314+0000] {processor.py:176} INFO - Processing /home/airflow/.local/lib/python3.7/site-packages/airflow/example_dags/example_branch_day_of_week_operator.py took 0.156 seconds
[2025-07-13T10:01:40.940+0000] {processor.py:154} INFO - Started process (PID=1592) to work on /home/airflow/.local/lib/python3.7/site-packages/airflow/example_dags/example_branch_day_of_week_operator.py
[2025-07-13T10:01:40.941+0000] {processor.py:756} INFO - Processing file /home/airflow/.local/lib/python3.7/site-packages/airflow/example_dags/example_branch_day_of_week_operator.py for tasks to queue
[2025-07-13T10:01:40.942+0000] {logging_mixin.py:120} INFO - [2025-07-13T10:01:40.942+0000] {dagbag.py:537} INFO - Filling up the DagBag from /home/airflow/.local/lib/python3.7/site-packages/airflow/example_dags/example_branch_day_of_week_operator.py
[2025-07-13T10:01:40.960+0000] {processor.py:766} INFO - DAG(s) dict_keys(['example_weekday_branch_operator']) retrieved from /home/airflow/.local/lib/python3.7/site-packages/airflow/example_dags/example_branch_day_of_week_operator.py
[2025-07-13T10:01:41.008+0000] {logging_mixin.py:120} INFO - [2025-07-13T10:01:41.008+0000] {dag.py:2585} INFO - Sync 1 DAGs
[2025-07-13T10:01:41.036+0000] {logging_mixin.py:120} INFO - [2025-07-13T10:01:41.036+0000] {dag.py:3340} INFO - Setting next_dagrun for example_weekday_branch_operator to 2025-07-12T00:00:00+00:00, run_after=2025-07-13T00:00:00+00:00
[2025-07-13T10:01:41.066+0000] {processor.py:176} INFO - Processing /home/airflow/.local/lib/python3.7/site-packages/airflow/example_dags/example_branch_day_of_week_operator.py took 0.131 seconds
[2025-07-13T10:02:11.993+0000] {processor.py:154} INFO - Started process (PID=1653) to work on /home/airflow/.local/lib/python3.7/site-packages/airflow/example_dags/example_branch_day_of_week_operator.py
[2025-07-13T10:02:11.995+0000] {processor.py:756} INFO - Processing file /home/airflow/.local/lib/python3.7/site-packages/airflow/example_dags/example_branch_day_of_week_operator.py for tasks to queue
[2025-07-13T10:02:11.996+0000] {logging_mixin.py:120} INFO - [2025-07-13T10:02:11.996+0000] {dagbag.py:537} INFO - Filling up the DagBag from /home/airflow/.local/lib/python3.7/site-packages/airflow/example_dags/example_branch_day_of_week_operator.py
[2025-07-13T10:02:12.030+0000] {processor.py:766} INFO - DAG(s) dict_keys(['example_weekday_branch_operator']) retrieved from /home/airflow/.local/lib/python3.7/site-packages/airflow/example_dags/example_branch_day_of_week_operator.py
[2025-07-13T10:02:12.107+0000] {logging_mixin.py:120} INFO - [2025-07-13T10:02:12.107+0000] {dag.py:2585} INFO - Sync 1 DAGs
[2025-07-13T10:02:12.158+0000] {logging_mixin.py:120} INFO - [2025-07-13T10:02:12.158+0000] {dag.py:3340} INFO - Setting next_dagrun for example_weekday_branch_operator to 2025-07-12T00:00:00+00:00, run_after=2025-07-13T00:00:00+00:00
[2025-07-13T10:02:12.200+0000] {processor.py:176} INFO - Processing /home/airflow/.local/lib/python3.7/site-packages/airflow/example_dags/example_branch_day_of_week_operator.py took 0.212 seconds
[2025-07-13T10:02:42.490+0000] {processor.py:154} INFO - Started process (PID=1709) to work on /home/airflow/.local/lib/python3.7/site-packages/airflow/example_dags/example_branch_day_of_week_operator.py
[2025-07-13T10:02:42.492+0000] {processor.py:756} INFO - Processing file /home/airflow/.local/lib/python3.7/site-packages/airflow/example_dags/example_branch_day_of_week_operator.py for tasks to queue
[2025-07-13T10:02:42.493+0000] {logging_mixin.py:120} INFO - [2025-07-13T10:02:42.492+0000] {dagbag.py:537} INFO - Filling up the DagBag from /home/airflow/.local/lib/python3.7/site-packages/airflow/example_dags/example_branch_day_of_week_operator.py
[2025-07-13T10:02:42.528+0000] {processor.py:766} INFO - DAG(s) dict_keys(['example_weekday_branch_operator']) retrieved from /home/airflow/.local/lib/python3.7/site-packages/airflow/example_dags/example_branch_day_of_week_operator.py
[2025-07-13T10:02:42.597+0000] {logging_mixin.py:120} INFO - [2025-07-13T10:02:42.597+0000] {dag.py:2585} INFO - Sync 1 DAGs
[2025-07-13T10:02:42.644+0000] {logging_mixin.py:120} INFO - [2025-07-13T10:02:42.644+0000] {dag.py:3340} INFO - Setting next_dagrun for example_weekday_branch_operator to 2025-07-12T00:00:00+00:00, run_after=2025-07-13T00:00:00+00:00
[2025-07-13T10:02:42.675+0000] {processor.py:176} INFO - Processing /home/airflow/.local/lib/python3.7/site-packages/airflow/example_dags/example_branch_day_of_week_operator.py took 0.189 seconds
[2025-07-13T10:03:12.916+0000] {processor.py:154} INFO - Started process (PID=1773) to work on /home/airflow/.local/lib/python3.7/site-packages/airflow/example_dags/example_branch_day_of_week_operator.py
[2025-07-13T10:03:12.918+0000] {processor.py:756} INFO - Processing file /home/airflow/.local/lib/python3.7/site-packages/airflow/example_dags/example_branch_day_of_week_operator.py for tasks to queue
[2025-07-13T10:03:12.920+0000] {logging_mixin.py:120} INFO - [2025-07-13T10:03:12.919+0000] {dagbag.py:537} INFO - Filling up the DagBag from /home/airflow/.local/lib/python3.7/site-packages/airflow/example_dags/example_branch_day_of_week_operator.py
[2025-07-13T10:03:12.948+0000] {processor.py:766} INFO - DAG(s) dict_keys(['example_weekday_branch_operator']) retrieved from /home/airflow/.local/lib/python3.7/site-packages/airflow/example_dags/example_branch_day_of_week_operator.py
[2025-07-13T10:03:13.003+0000] {logging_mixin.py:120} INFO - [2025-07-13T10:03:13.003+0000] {dag.py:2585} INFO - Sync 1 DAGs
[2025-07-13T10:03:13.055+0000] {logging_mixin.py:120} INFO - [2025-07-13T10:03:13.055+0000] {dag.py:3340} INFO - Setting next_dagrun for example_weekday_branch_operator to 2025-07-12T00:00:00+00:00, run_after=2025-07-13T00:00:00+00:00
[2025-07-13T10:03:13.096+0000] {processor.py:176} INFO - Processing /home/airflow/.local/lib/python3.7/site-packages/airflow/example_dags/example_branch_day_of_week_operator.py took 0.187 seconds
[2025-07-13T10:03:43.679+0000] {processor.py:154} INFO - Started process (PID=1833) to work on /home/airflow/.local/lib/python3.7/site-packages/airflow/example_dags/example_branch_day_of_week_operator.py
[2025-07-13T10:03:43.681+0000] {processor.py:756} INFO - Processing file /home/airflow/.local/lib/python3.7/site-packages/airflow/example_dags/example_branch_day_of_week_operator.py for tasks to queue
[2025-07-13T10:03:43.684+0000] {logging_mixin.py:120} INFO - [2025-07-13T10:03:43.683+0000] {dagbag.py:537} INFO - Filling up the DagBag from /home/airflow/.local/lib/python3.7/site-packages/airflow/example_dags/example_branch_day_of_week_operator.py
[2025-07-13T10:03:43.718+0000] {processor.py:766} INFO - DAG(s) dict_keys(['example_weekday_branch_operator']) retrieved from /home/airflow/.local/lib/python3.7/site-packages/airflow/example_dags/example_branch_day_of_week_operator.py
[2025-07-13T10:03:43.804+0000] {logging_mixin.py:120} INFO - [2025-07-13T10:03:43.804+0000] {dag.py:2585} INFO - Sync 1 DAGs
[2025-07-13T10:03:43.855+0000] {logging_mixin.py:120} INFO - [2025-07-13T10:03:43.855+0000] {dag.py:3340} INFO - Setting next_dagrun for example_weekday_branch_operator to 2025-07-12T00:00:00+00:00, run_after=2025-07-13T00:00:00+00:00
[2025-07-13T10:03:43.902+0000] {processor.py:176} INFO - Processing /home/airflow/.local/lib/python3.7/site-packages/airflow/example_dags/example_branch_day_of_week_operator.py took 0.228 seconds
[2025-07-13T10:04:14.333+0000] {processor.py:154} INFO - Started process (PID=1890) to work on /home/airflow/.local/lib/python3.7/site-packages/airflow/example_dags/example_branch_day_of_week_operator.py
[2025-07-13T10:04:14.334+0000] {processor.py:756} INFO - Processing file /home/airflow/.local/lib/python3.7/site-packages/airflow/example_dags/example_branch_day_of_week_operator.py for tasks to queue
[2025-07-13T10:04:14.336+0000] {logging_mixin.py:120} INFO - [2025-07-13T10:04:14.335+0000] {dagbag.py:537} INFO - Filling up the DagBag from /home/airflow/.local/lib/python3.7/site-packages/airflow/example_dags/example_branch_day_of_week_operator.py
[2025-07-13T10:04:14.363+0000] {processor.py:766} INFO - DAG(s) dict_keys(['example_weekday_branch_operator']) retrieved from /home/airflow/.local/lib/python3.7/site-packages/airflow/example_dags/example_branch_day_of_week_operator.py
[2025-07-13T10:04:14.449+0000] {logging_mixin.py:120} INFO - [2025-07-13T10:04:14.449+0000] {dag.py:2585} INFO - Sync 1 DAGs
[2025-07-13T10:04:14.523+0000] {logging_mixin.py:120} INFO - [2025-07-13T10:04:14.522+0000] {dag.py:3340} INFO - Setting next_dagrun for example_weekday_branch_operator to 2025-07-12T00:00:00+00:00, run_after=2025-07-13T00:00:00+00:00
[2025-07-13T10:04:14.570+0000] {processor.py:176} INFO - Processing /home/airflow/.local/lib/python3.7/site-packages/airflow/example_dags/example_branch_day_of_week_operator.py took 0.242 seconds
[2025-07-13T10:04:45.352+0000] {processor.py:154} INFO - Started process (PID=1953) to work on /home/airflow/.local/lib/python3.7/site-packages/airflow/example_dags/example_branch_day_of_week_operator.py
[2025-07-13T10:04:45.354+0000] {processor.py:756} INFO - Processing file /home/airflow/.local/lib/python3.7/site-packages/airflow/example_dags/example_branch_day_of_week_operator.py for tasks to queue
[2025-07-13T10:04:45.355+0000] {logging_mixin.py:120} INFO - [2025-07-13T10:04:45.355+0000] {dagbag.py:537} INFO - Filling up the DagBag from /home/airflow/.local/lib/python3.7/site-packages/airflow/example_dags/example_branch_day_of_week_operator.py
[2025-07-13T10:04:45.378+0000] {processor.py:766} INFO - DAG(s) dict_keys(['example_weekday_branch_operator']) retrieved from /home/airflow/.local/lib/python3.7/site-packages/airflow/example_dags/example_branch_day_of_week_operator.py
[2025-07-13T10:04:45.437+0000] {logging_mixin.py:120} INFO - [2025-07-13T10:04:45.436+0000] {dag.py:2585} INFO - Sync 1 DAGs
[2025-07-13T10:04:45.471+0000] {logging_mixin.py:120} INFO - [2025-07-13T10:04:45.471+0000] {dag.py:3340} INFO - Setting next_dagrun for example_weekday_branch_operator to 2025-07-12T00:00:00+00:00, run_after=2025-07-13T00:00:00+00:00
[2025-07-13T10:04:45.507+0000] {processor.py:176} INFO - Processing /home/airflow/.local/lib/python3.7/site-packages/airflow/example_dags/example_branch_day_of_week_operator.py took 0.162 seconds
[2025-07-13T10:05:16.362+0000] {processor.py:154} INFO - Started process (PID=2008) to work on /home/airflow/.local/lib/python3.7/site-packages/airflow/example_dags/example_branch_day_of_week_operator.py
[2025-07-13T10:05:16.363+0000] {processor.py:756} INFO - Processing file /home/airflow/.local/lib/python3.7/site-packages/airflow/example_dags/example_branch_day_of_week_operator.py for tasks to queue
[2025-07-13T10:05:16.364+0000] {logging_mixin.py:120} INFO - [2025-07-13T10:05:16.364+0000] {dagbag.py:537} INFO - Filling up the DagBag from /home/airflow/.local/lib/python3.7/site-packages/airflow/example_dags/example_branch_day_of_week_operator.py
[2025-07-13T10:05:16.399+0000] {processor.py:766} INFO - DAG(s) dict_keys(['example_weekday_branch_operator']) retrieved from /home/airflow/.local/lib/python3.7/site-packages/airflow/example_dags/example_branch_day_of_week_operator.py
[2025-07-13T10:05:16.456+0000] {logging_mixin.py:120} INFO - [2025-07-13T10:05:16.456+0000] {dag.py:2585} INFO - Sync 1 DAGs
[2025-07-13T10:05:16.496+0000] {logging_mixin.py:120} INFO - [2025-07-13T10:05:16.496+0000] {dag.py:3340} INFO - Setting next_dagrun for example_weekday_branch_operator to 2025-07-12T00:00:00+00:00, run_after=2025-07-13T00:00:00+00:00
[2025-07-13T10:05:16.531+0000] {processor.py:176} INFO - Processing /home/airflow/.local/lib/python3.7/site-packages/airflow/example_dags/example_branch_day_of_week_operator.py took 0.175 seconds
[2025-07-13T10:05:46.587+0000] {processor.py:154} INFO - Started process (PID=2071) to work on /home/airflow/.local/lib/python3.7/site-packages/airflow/example_dags/example_branch_day_of_week_operator.py
[2025-07-13T10:05:46.588+0000] {processor.py:756} INFO - Processing file /home/airflow/.local/lib/python3.7/site-packages/airflow/example_dags/example_branch_day_of_week_operator.py for tasks to queue
[2025-07-13T10:05:46.590+0000] {logging_mixin.py:120} INFO - [2025-07-13T10:05:46.589+0000] {dagbag.py:537} INFO - Filling up the DagBag from /home/airflow/.local/lib/python3.7/site-packages/airflow/example_dags/example_branch_day_of_week_operator.py
[2025-07-13T10:05:46.609+0000] {processor.py:766} INFO - DAG(s) dict_keys(['example_weekday_branch_operator']) retrieved from /home/airflow/.local/lib/python3.7/site-packages/airflow/example_dags/example_branch_day_of_week_operator.py
[2025-07-13T10:05:46.656+0000] {logging_mixin.py:120} INFO - [2025-07-13T10:05:46.656+0000] {dag.py:2585} INFO - Sync 1 DAGs
[2025-07-13T10:05:46.688+0000] {logging_mixin.py:120} INFO - [2025-07-13T10:05:46.688+0000] {dag.py:3340} INFO - Setting next_dagrun for example_weekday_branch_operator to 2025-07-12T00:00:00+00:00, run_after=2025-07-13T00:00:00+00:00
[2025-07-13T10:05:46.720+0000] {processor.py:176} INFO - Processing /home/airflow/.local/lib/python3.7/site-packages/airflow/example_dags/example_branch_day_of_week_operator.py took 0.136 seconds
[2025-07-13T10:06:17.374+0000] {processor.py:154} INFO - Started process (PID=2134) to work on /home/airflow/.local/lib/python3.7/site-packages/airflow/example_dags/example_branch_day_of_week_operator.py
[2025-07-13T10:06:17.375+0000] {processor.py:756} INFO - Processing file /home/airflow/.local/lib/python3.7/site-packages/airflow/example_dags/example_branch_day_of_week_operator.py for tasks to queue
[2025-07-13T10:06:17.376+0000] {logging_mixin.py:120} INFO - [2025-07-13T10:06:17.376+0000] {dagbag.py:537} INFO - Filling up the DagBag from /home/airflow/.local/lib/python3.7/site-packages/airflow/example_dags/example_branch_day_of_week_operator.py
[2025-07-13T10:06:17.399+0000] {processor.py:766} INFO - DAG(s) dict_keys(['example_weekday_branch_operator']) retrieved from /home/airflow/.local/lib/python3.7/site-packages/airflow/example_dags/example_branch_day_of_week_operator.py
[2025-07-13T10:06:17.462+0000] {logging_mixin.py:120} INFO - [2025-07-13T10:06:17.461+0000] {dag.py:2585} INFO - Sync 1 DAGs
[2025-07-13T10:06:17.496+0000] {logging_mixin.py:120} INFO - [2025-07-13T10:06:17.496+0000] {dag.py:3340} INFO - Setting next_dagrun for example_weekday_branch_operator to 2025-07-12T00:00:00+00:00, run_after=2025-07-13T00:00:00+00:00
[2025-07-13T10:06:17.531+0000] {processor.py:176} INFO - Processing /home/airflow/.local/lib/python3.7/site-packages/airflow/example_dags/example_branch_day_of_week_operator.py took 0.162 seconds
[2025-07-13T10:06:47.765+0000] {processor.py:154} INFO - Started process (PID=2189) to work on /home/airflow/.local/lib/python3.7/site-packages/airflow/example_dags/example_branch_day_of_week_operator.py
[2025-07-13T10:06:47.776+0000] {processor.py:756} INFO - Processing file /home/airflow/.local/lib/python3.7/site-packages/airflow/example_dags/example_branch_day_of_week_operator.py for tasks to queue
[2025-07-13T10:06:47.779+0000] {logging_mixin.py:120} INFO - [2025-07-13T10:06:47.779+0000] {dagbag.py:537} INFO - Filling up the DagBag from /home/airflow/.local/lib/python3.7/site-packages/airflow/example_dags/example_branch_day_of_week_operator.py
[2025-07-13T10:06:47.814+0000] {processor.py:766} INFO - DAG(s) dict_keys(['example_weekday_branch_operator']) retrieved from /home/airflow/.local/lib/python3.7/site-packages/airflow/example_dags/example_branch_day_of_week_operator.py
[2025-07-13T10:06:47.920+0000] {logging_mixin.py:120} INFO - [2025-07-13T10:06:47.920+0000] {dag.py:2585} INFO - Sync 1 DAGs
[2025-07-13T10:06:47.976+0000] {logging_mixin.py:120} INFO - [2025-07-13T10:06:47.976+0000] {dag.py:3340} INFO - Setting next_dagrun for example_weekday_branch_operator to 2025-07-12T00:00:00+00:00, run_after=2025-07-13T00:00:00+00:00
[2025-07-13T10:06:48.017+0000] {processor.py:176} INFO - Processing /home/airflow/.local/lib/python3.7/site-packages/airflow/example_dags/example_branch_day_of_week_operator.py took 0.278 seconds
[2025-07-13T10:07:18.282+0000] {processor.py:154} INFO - Started process (PID=2252) to work on /home/airflow/.local/lib/python3.7/site-packages/airflow/example_dags/example_branch_day_of_week_operator.py
[2025-07-13T10:07:18.283+0000] {processor.py:756} INFO - Processing file /home/airflow/.local/lib/python3.7/site-packages/airflow/example_dags/example_branch_day_of_week_operator.py for tasks to queue
[2025-07-13T10:07:18.284+0000] {logging_mixin.py:120} INFO - [2025-07-13T10:07:18.284+0000] {dagbag.py:537} INFO - Filling up the DagBag from /home/airflow/.local/lib/python3.7/site-packages/airflow/example_dags/example_branch_day_of_week_operator.py
[2025-07-13T10:07:18.302+0000] {processor.py:766} INFO - DAG(s) dict_keys(['example_weekday_branch_operator']) retrieved from /home/airflow/.local/lib/python3.7/site-packages/airflow/example_dags/example_branch_day_of_week_operator.py
[2025-07-13T10:07:18.366+0000] {logging_mixin.py:120} INFO - [2025-07-13T10:07:18.365+0000] {dag.py:2585} INFO - Sync 1 DAGs
[2025-07-13T10:07:18.418+0000] {logging_mixin.py:120} INFO - [2025-07-13T10:07:18.418+0000] {dag.py:3340} INFO - Setting next_dagrun for example_weekday_branch_operator to 2025-07-12T00:00:00+00:00, run_after=2025-07-13T00:00:00+00:00
[2025-07-13T10:07:18.455+0000] {processor.py:176} INFO - Processing /home/airflow/.local/lib/python3.7/site-packages/airflow/example_dags/example_branch_day_of_week_operator.py took 0.177 seconds
[2025-07-13T10:07:50.285+0000] {processor.py:154} INFO - Started process (PID=2314) to work on /home/airflow/.local/lib/python3.7/site-packages/airflow/example_dags/example_branch_day_of_week_operator.py
[2025-07-13T10:07:50.287+0000] {processor.py:756} INFO - Processing file /home/airflow/.local/lib/python3.7/site-packages/airflow/example_dags/example_branch_day_of_week_operator.py for tasks to queue
[2025-07-13T10:07:50.288+0000] {logging_mixin.py:120} INFO - [2025-07-13T10:07:50.288+0000] {dagbag.py:537} INFO - Filling up the DagBag from /home/airflow/.local/lib/python3.7/site-packages/airflow/example_dags/example_branch_day_of_week_operator.py
[2025-07-13T10:07:50.356+0000] {processor.py:766} INFO - DAG(s) dict_keys(['example_weekday_branch_operator']) retrieved from /home/airflow/.local/lib/python3.7/site-packages/airflow/example_dags/example_branch_day_of_week_operator.py
[2025-07-13T10:07:50.530+0000] {logging_mixin.py:120} INFO - [2025-07-13T10:07:50.530+0000] {dag.py:2585} INFO - Sync 1 DAGs
[2025-07-13T10:07:50.594+0000] {logging_mixin.py:120} INFO - [2025-07-13T10:07:50.593+0000] {dag.py:3340} INFO - Setting next_dagrun for example_weekday_branch_operator to 2025-07-12T00:00:00+00:00, run_after=2025-07-13T00:00:00+00:00
[2025-07-13T10:07:50.641+0000] {processor.py:176} INFO - Processing /home/airflow/.local/lib/python3.7/site-packages/airflow/example_dags/example_branch_day_of_week_operator.py took 0.377 seconds
[2025-07-13T10:08:20.813+0000] {processor.py:154} INFO - Started process (PID=2368) to work on /home/airflow/.local/lib/python3.7/site-packages/airflow/example_dags/example_branch_day_of_week_operator.py
[2025-07-13T10:08:20.816+0000] {processor.py:756} INFO - Processing file /home/airflow/.local/lib/python3.7/site-packages/airflow/example_dags/example_branch_day_of_week_operator.py for tasks to queue
[2025-07-13T10:08:20.817+0000] {logging_mixin.py:120} INFO - [2025-07-13T10:08:20.817+0000] {dagbag.py:537} INFO - Filling up the DagBag from /home/airflow/.local/lib/python3.7/site-packages/airflow/example_dags/example_branch_day_of_week_operator.py
[2025-07-13T10:08:20.842+0000] {processor.py:766} INFO - DAG(s) dict_keys(['example_weekday_branch_operator']) retrieved from /home/airflow/.local/lib/python3.7/site-packages/airflow/example_dags/example_branch_day_of_week_operator.py
[2025-07-13T10:08:20.889+0000] {logging_mixin.py:120} INFO - [2025-07-13T10:08:20.889+0000] {dag.py:2585} INFO - Sync 1 DAGs
[2025-07-13T10:08:20.917+0000] {logging_mixin.py:120} INFO - [2025-07-13T10:08:20.917+0000] {dag.py:3340} INFO - Setting next_dagrun for example_weekday_branch_operator to 2025-07-12T00:00:00+00:00, run_after=2025-07-13T00:00:00+00:00
[2025-07-13T10:08:20.945+0000] {processor.py:176} INFO - Processing /home/airflow/.local/lib/python3.7/site-packages/airflow/example_dags/example_branch_day_of_week_operator.py took 0.138 seconds
[2025-07-13T10:08:51.251+0000] {processor.py:154} INFO - Started process (PID=2431) to work on /home/airflow/.local/lib/python3.7/site-packages/airflow/example_dags/example_branch_day_of_week_operator.py
[2025-07-13T10:08:51.255+0000] {processor.py:756} INFO - Processing file /home/airflow/.local/lib/python3.7/site-packages/airflow/example_dags/example_branch_day_of_week_operator.py for tasks to queue
[2025-07-13T10:08:51.257+0000] {logging_mixin.py:120} INFO - [2025-07-13T10:08:51.256+0000] {dagbag.py:537} INFO - Filling up the DagBag from /home/airflow/.local/lib/python3.7/site-packages/airflow/example_dags/example_branch_day_of_week_operator.py
[2025-07-13T10:08:51.295+0000] {processor.py:766} INFO - DAG(s) dict_keys(['example_weekday_branch_operator']) retrieved from /home/airflow/.local/lib/python3.7/site-packages/airflow/example_dags/example_branch_day_of_week_operator.py
[2025-07-13T10:08:51.372+0000] {logging_mixin.py:120} INFO - [2025-07-13T10:08:51.372+0000] {dag.py:2585} INFO - Sync 1 DAGs
[2025-07-13T10:08:51.413+0000] {logging_mixin.py:120} INFO - [2025-07-13T10:08:51.413+0000] {dag.py:3340} INFO - Setting next_dagrun for example_weekday_branch_operator to 2025-07-12T00:00:00+00:00, run_after=2025-07-13T00:00:00+00:00
[2025-07-13T10:08:51.451+0000] {processor.py:176} INFO - Processing /home/airflow/.local/lib/python3.7/site-packages/airflow/example_dags/example_branch_day_of_week_operator.py took 0.206 seconds
[2025-07-13T10:09:22.149+0000] {processor.py:154} INFO - Started process (PID=2485) to work on /home/airflow/.local/lib/python3.7/site-packages/airflow/example_dags/example_branch_day_of_week_operator.py
[2025-07-13T10:09:22.154+0000] {processor.py:756} INFO - Processing file /home/airflow/.local/lib/python3.7/site-packages/airflow/example_dags/example_branch_day_of_week_operator.py for tasks to queue
[2025-07-13T10:09:22.157+0000] {logging_mixin.py:120} INFO - [2025-07-13T10:09:22.157+0000] {dagbag.py:537} INFO - Filling up the DagBag from /home/airflow/.local/lib/python3.7/site-packages/airflow/example_dags/example_branch_day_of_week_operator.py
[2025-07-13T10:09:22.179+0000] {processor.py:766} INFO - DAG(s) dict_keys(['example_weekday_branch_operator']) retrieved from /home/airflow/.local/lib/python3.7/site-packages/airflow/example_dags/example_branch_day_of_week_operator.py
[2025-07-13T10:09:22.239+0000] {logging_mixin.py:120} INFO - [2025-07-13T10:09:22.239+0000] {dag.py:2585} INFO - Sync 1 DAGs
[2025-07-13T10:09:22.274+0000] {logging_mixin.py:120} INFO - [2025-07-13T10:09:22.274+0000] {dag.py:3340} INFO - Setting next_dagrun for example_weekday_branch_operator to 2025-07-12T00:00:00+00:00, run_after=2025-07-13T00:00:00+00:00
[2025-07-13T10:09:22.303+0000] {processor.py:176} INFO - Processing /home/airflow/.local/lib/python3.7/site-packages/airflow/example_dags/example_branch_day_of_week_operator.py took 0.159 seconds
[2025-07-13T10:09:53.343+0000] {processor.py:154} INFO - Started process (PID=2548) to work on /home/airflow/.local/lib/python3.7/site-packages/airflow/example_dags/example_branch_day_of_week_operator.py
[2025-07-13T10:09:53.344+0000] {processor.py:756} INFO - Processing file /home/airflow/.local/lib/python3.7/site-packages/airflow/example_dags/example_branch_day_of_week_operator.py for tasks to queue
[2025-07-13T10:09:53.346+0000] {logging_mixin.py:120} INFO - [2025-07-13T10:09:53.346+0000] {dagbag.py:537} INFO - Filling up the DagBag from /home/airflow/.local/lib/python3.7/site-packages/airflow/example_dags/example_branch_day_of_week_operator.py
[2025-07-13T10:09:53.366+0000] {processor.py:766} INFO - DAG(s) dict_keys(['example_weekday_branch_operator']) retrieved from /home/airflow/.local/lib/python3.7/site-packages/airflow/example_dags/example_branch_day_of_week_operator.py
[2025-07-13T10:09:53.423+0000] {logging_mixin.py:120} INFO - [2025-07-13T10:09:53.423+0000] {dag.py:2585} INFO - Sync 1 DAGs
[2025-07-13T10:09:53.465+0000] {logging_mixin.py:120} INFO - [2025-07-13T10:09:53.465+0000] {dag.py:3340} INFO - Setting next_dagrun for example_weekday_branch_operator to 2025-07-12T00:00:00+00:00, run_after=2025-07-13T00:00:00+00:00
[2025-07-13T10:09:53.501+0000] {processor.py:176} INFO - Processing /home/airflow/.local/lib/python3.7/site-packages/airflow/example_dags/example_branch_day_of_week_operator.py took 0.163 seconds
[2025-07-13T10:10:24.160+0000] {processor.py:154} INFO - Started process (PID=2609) to work on /home/airflow/.local/lib/python3.7/site-packages/airflow/example_dags/example_branch_day_of_week_operator.py
[2025-07-13T10:10:24.162+0000] {processor.py:756} INFO - Processing file /home/airflow/.local/lib/python3.7/site-packages/airflow/example_dags/example_branch_day_of_week_operator.py for tasks to queue
[2025-07-13T10:10:24.163+0000] {logging_mixin.py:120} INFO - [2025-07-13T10:10:24.163+0000] {dagbag.py:537} INFO - Filling up the DagBag from /home/airflow/.local/lib/python3.7/site-packages/airflow/example_dags/example_branch_day_of_week_operator.py
[2025-07-13T10:10:24.187+0000] {processor.py:766} INFO - DAG(s) dict_keys(['example_weekday_branch_operator']) retrieved from /home/airflow/.local/lib/python3.7/site-packages/airflow/example_dags/example_branch_day_of_week_operator.py
[2025-07-13T10:10:24.251+0000] {logging_mixin.py:120} INFO - [2025-07-13T10:10:24.250+0000] {dag.py:2585} INFO - Sync 1 DAGs
[2025-07-13T10:10:24.287+0000] {logging_mixin.py:120} INFO - [2025-07-13T10:10:24.287+0000] {dag.py:3340} INFO - Setting next_dagrun for example_weekday_branch_operator to 2025-07-12T00:00:00+00:00, run_after=2025-07-13T00:00:00+00:00
[2025-07-13T10:10:24.323+0000] {processor.py:176} INFO - Processing /home/airflow/.local/lib/python3.7/site-packages/airflow/example_dags/example_branch_day_of_week_operator.py took 0.167 seconds
[2025-07-13T10:10:55.195+0000] {processor.py:154} INFO - Started process (PID=2665) to work on /home/airflow/.local/lib/python3.7/site-packages/airflow/example_dags/example_branch_day_of_week_operator.py
[2025-07-13T10:10:55.199+0000] {processor.py:756} INFO - Processing file /home/airflow/.local/lib/python3.7/site-packages/airflow/example_dags/example_branch_day_of_week_operator.py for tasks to queue
[2025-07-13T10:10:55.201+0000] {logging_mixin.py:120} INFO - [2025-07-13T10:10:55.201+0000] {dagbag.py:537} INFO - Filling up the DagBag from /home/airflow/.local/lib/python3.7/site-packages/airflow/example_dags/example_branch_day_of_week_operator.py
[2025-07-13T10:10:55.229+0000] {processor.py:766} INFO - DAG(s) dict_keys(['example_weekday_branch_operator']) retrieved from /home/airflow/.local/lib/python3.7/site-packages/airflow/example_dags/example_branch_day_of_week_operator.py
[2025-07-13T10:10:55.288+0000] {logging_mixin.py:120} INFO - [2025-07-13T10:10:55.288+0000] {dag.py:2585} INFO - Sync 1 DAGs
[2025-07-13T10:10:55.331+0000] {logging_mixin.py:120} INFO - [2025-07-13T10:10:55.331+0000] {dag.py:3340} INFO - Setting next_dagrun for example_weekday_branch_operator to 2025-07-12T00:00:00+00:00, run_after=2025-07-13T00:00:00+00:00
[2025-07-13T10:10:55.371+0000] {processor.py:176} INFO - Processing /home/airflow/.local/lib/python3.7/site-packages/airflow/example_dags/example_branch_day_of_week_operator.py took 0.183 seconds
[2025-07-13T10:11:25.489+0000] {processor.py:154} INFO - Started process (PID=2728) to work on /home/airflow/.local/lib/python3.7/site-packages/airflow/example_dags/example_branch_day_of_week_operator.py
[2025-07-13T10:11:25.491+0000] {processor.py:756} INFO - Processing file /home/airflow/.local/lib/python3.7/site-packages/airflow/example_dags/example_branch_day_of_week_operator.py for tasks to queue
[2025-07-13T10:11:25.493+0000] {logging_mixin.py:120} INFO - [2025-07-13T10:11:25.492+0000] {dagbag.py:537} INFO - Filling up the DagBag from /home/airflow/.local/lib/python3.7/site-packages/airflow/example_dags/example_branch_day_of_week_operator.py
[2025-07-13T10:11:25.527+0000] {processor.py:766} INFO - DAG(s) dict_keys(['example_weekday_branch_operator']) retrieved from /home/airflow/.local/lib/python3.7/site-packages/airflow/example_dags/example_branch_day_of_week_operator.py
[2025-07-13T10:11:25.612+0000] {logging_mixin.py:120} INFO - [2025-07-13T10:11:25.612+0000] {dag.py:2585} INFO - Sync 1 DAGs
[2025-07-13T10:11:25.667+0000] {logging_mixin.py:120} INFO - [2025-07-13T10:11:25.667+0000] {dag.py:3340} INFO - Setting next_dagrun for example_weekday_branch_operator to 2025-07-12T00:00:00+00:00, run_after=2025-07-13T00:00:00+00:00
[2025-07-13T10:11:25.702+0000] {processor.py:176} INFO - Processing /home/airflow/.local/lib/python3.7/site-packages/airflow/example_dags/example_branch_day_of_week_operator.py took 0.220 seconds
[2025-07-13T10:11:56.162+0000] {processor.py:154} INFO - Started process (PID=2783) to work on /home/airflow/.local/lib/python3.7/site-packages/airflow/example_dags/example_branch_day_of_week_operator.py
[2025-07-13T10:11:56.164+0000] {processor.py:756} INFO - Processing file /home/airflow/.local/lib/python3.7/site-packages/airflow/example_dags/example_branch_day_of_week_operator.py for tasks to queue
[2025-07-13T10:11:56.166+0000] {logging_mixin.py:120} INFO - [2025-07-13T10:11:56.165+0000] {dagbag.py:537} INFO - Filling up the DagBag from /home/airflow/.local/lib/python3.7/site-packages/airflow/example_dags/example_branch_day_of_week_operator.py
[2025-07-13T10:11:56.196+0000] {processor.py:766} INFO - DAG(s) dict_keys(['example_weekday_branch_operator']) retrieved from /home/airflow/.local/lib/python3.7/site-packages/airflow/example_dags/example_branch_day_of_week_operator.py
[2025-07-13T10:11:56.281+0000] {logging_mixin.py:120} INFO - [2025-07-13T10:11:56.280+0000] {dag.py:2585} INFO - Sync 1 DAGs
[2025-07-13T10:11:56.329+0000] {logging_mixin.py:120} INFO - [2025-07-13T10:11:56.329+0000] {dag.py:3340} INFO - Setting next_dagrun for example_weekday_branch_operator to 2025-07-12T00:00:00+00:00, run_after=2025-07-13T00:00:00+00:00
[2025-07-13T10:11:56.365+0000] {processor.py:176} INFO - Processing /home/airflow/.local/lib/python3.7/site-packages/airflow/example_dags/example_branch_day_of_week_operator.py took 0.210 seconds
[2025-07-13T10:12:26.602+0000] {processor.py:154} INFO - Started process (PID=2847) to work on /home/airflow/.local/lib/python3.7/site-packages/airflow/example_dags/example_branch_day_of_week_operator.py
[2025-07-13T10:12:26.604+0000] {processor.py:756} INFO - Processing file /home/airflow/.local/lib/python3.7/site-packages/airflow/example_dags/example_branch_day_of_week_operator.py for tasks to queue
[2025-07-13T10:12:26.605+0000] {logging_mixin.py:120} INFO - [2025-07-13T10:12:26.605+0000] {dagbag.py:537} INFO - Filling up the DagBag from /home/airflow/.local/lib/python3.7/site-packages/airflow/example_dags/example_branch_day_of_week_operator.py
[2025-07-13T10:12:26.659+0000] {processor.py:766} INFO - DAG(s) dict_keys(['example_weekday_branch_operator']) retrieved from /home/airflow/.local/lib/python3.7/site-packages/airflow/example_dags/example_branch_day_of_week_operator.py
[2025-07-13T10:12:26.734+0000] {logging_mixin.py:120} INFO - [2025-07-13T10:12:26.734+0000] {dag.py:2585} INFO - Sync 1 DAGs
[2025-07-13T10:12:26.773+0000] {logging_mixin.py:120} INFO - [2025-07-13T10:12:26.772+0000] {dag.py:3340} INFO - Setting next_dagrun for example_weekday_branch_operator to 2025-07-12T00:00:00+00:00, run_after=2025-07-13T00:00:00+00:00
[2025-07-13T10:12:26.807+0000] {processor.py:176} INFO - Processing /home/airflow/.local/lib/python3.7/site-packages/airflow/example_dags/example_branch_day_of_week_operator.py took 0.211 seconds
[2025-07-13T10:12:57.063+0000] {processor.py:154} INFO - Started process (PID=2910) to work on /home/airflow/.local/lib/python3.7/site-packages/airflow/example_dags/example_branch_day_of_week_operator.py
[2025-07-13T10:12:57.065+0000] {processor.py:756} INFO - Processing file /home/airflow/.local/lib/python3.7/site-packages/airflow/example_dags/example_branch_day_of_week_operator.py for tasks to queue
[2025-07-13T10:12:57.068+0000] {logging_mixin.py:120} INFO - [2025-07-13T10:12:57.067+0000] {dagbag.py:537} INFO - Filling up the DagBag from /home/airflow/.local/lib/python3.7/site-packages/airflow/example_dags/example_branch_day_of_week_operator.py
[2025-07-13T10:12:57.139+0000] {processor.py:766} INFO - DAG(s) dict_keys(['example_weekday_branch_operator']) retrieved from /home/airflow/.local/lib/python3.7/site-packages/airflow/example_dags/example_branch_day_of_week_operator.py
[2025-07-13T10:12:57.254+0000] {logging_mixin.py:120} INFO - [2025-07-13T10:12:57.254+0000] {dag.py:2585} INFO - Sync 1 DAGs
[2025-07-13T10:12:57.299+0000] {logging_mixin.py:120} INFO - [2025-07-13T10:12:57.299+0000] {dag.py:3340} INFO - Setting next_dagrun for example_weekday_branch_operator to 2025-07-12T00:00:00+00:00, run_after=2025-07-13T00:00:00+00:00
[2025-07-13T10:12:57.328+0000] {processor.py:176} INFO - Processing /home/airflow/.local/lib/python3.7/site-packages/airflow/example_dags/example_branch_day_of_week_operator.py took 0.286 seconds
[2025-07-13T10:13:27.510+0000] {processor.py:154} INFO - Started process (PID=2964) to work on /home/airflow/.local/lib/python3.7/site-packages/airflow/example_dags/example_branch_day_of_week_operator.py
[2025-07-13T10:13:27.511+0000] {processor.py:756} INFO - Processing file /home/airflow/.local/lib/python3.7/site-packages/airflow/example_dags/example_branch_day_of_week_operator.py for tasks to queue
[2025-07-13T10:13:27.512+0000] {logging_mixin.py:120} INFO - [2025-07-13T10:13:27.512+0000] {dagbag.py:537} INFO - Filling up the DagBag from /home/airflow/.local/lib/python3.7/site-packages/airflow/example_dags/example_branch_day_of_week_operator.py
[2025-07-13T10:13:27.538+0000] {processor.py:766} INFO - DAG(s) dict_keys(['example_weekday_branch_operator']) retrieved from /home/airflow/.local/lib/python3.7/site-packages/airflow/example_dags/example_branch_day_of_week_operator.py
[2025-07-13T10:13:27.593+0000] {logging_mixin.py:120} INFO - [2025-07-13T10:13:27.593+0000] {dag.py:2585} INFO - Sync 1 DAGs
[2025-07-13T10:13:27.627+0000] {logging_mixin.py:120} INFO - [2025-07-13T10:13:27.626+0000] {dag.py:3340} INFO - Setting next_dagrun for example_weekday_branch_operator to 2025-07-12T00:00:00+00:00, run_after=2025-07-13T00:00:00+00:00
[2025-07-13T10:13:27.656+0000] {processor.py:176} INFO - Processing /home/airflow/.local/lib/python3.7/site-packages/airflow/example_dags/example_branch_day_of_week_operator.py took 0.150 seconds
[2025-07-13T10:13:58.081+0000] {processor.py:154} INFO - Started process (PID=3027) to work on /home/airflow/.local/lib/python3.7/site-packages/airflow/example_dags/example_branch_day_of_week_operator.py
[2025-07-13T10:13:58.082+0000] {processor.py:756} INFO - Processing file /home/airflow/.local/lib/python3.7/site-packages/airflow/example_dags/example_branch_day_of_week_operator.py for tasks to queue
[2025-07-13T10:13:58.084+0000] {logging_mixin.py:120} INFO - [2025-07-13T10:13:58.083+0000] {dagbag.py:537} INFO - Filling up the DagBag from /home/airflow/.local/lib/python3.7/site-packages/airflow/example_dags/example_branch_day_of_week_operator.py
[2025-07-13T10:13:58.108+0000] {processor.py:766} INFO - DAG(s) dict_keys(['example_weekday_branch_operator']) retrieved from /home/airflow/.local/lib/python3.7/site-packages/airflow/example_dags/example_branch_day_of_week_operator.py
[2025-07-13T10:13:58.164+0000] {logging_mixin.py:120} INFO - [2025-07-13T10:13:58.164+0000] {dag.py:2585} INFO - Sync 1 DAGs
[2025-07-13T10:13:58.197+0000] {logging_mixin.py:120} INFO - [2025-07-13T10:13:58.197+0000] {dag.py:3340} INFO - Setting next_dagrun for example_weekday_branch_operator to 2025-07-12T00:00:00+00:00, run_after=2025-07-13T00:00:00+00:00
[2025-07-13T10:13:58.235+0000] {processor.py:176} INFO - Processing /home/airflow/.local/lib/python3.7/site-packages/airflow/example_dags/example_branch_day_of_week_operator.py took 0.158 seconds
[2025-07-13T10:14:28.506+0000] {processor.py:154} INFO - Started process (PID=3090) to work on /home/airflow/.local/lib/python3.7/site-packages/airflow/example_dags/example_branch_day_of_week_operator.py
[2025-07-13T10:14:28.507+0000] {processor.py:756} INFO - Processing file /home/airflow/.local/lib/python3.7/site-packages/airflow/example_dags/example_branch_day_of_week_operator.py for tasks to queue
[2025-07-13T10:14:28.509+0000] {logging_mixin.py:120} INFO - [2025-07-13T10:14:28.508+0000] {dagbag.py:537} INFO - Filling up the DagBag from /home/airflow/.local/lib/python3.7/site-packages/airflow/example_dags/example_branch_day_of_week_operator.py
[2025-07-13T10:14:28.532+0000] {processor.py:766} INFO - DAG(s) dict_keys(['example_weekday_branch_operator']) retrieved from /home/airflow/.local/lib/python3.7/site-packages/airflow/example_dags/example_branch_day_of_week_operator.py
[2025-07-13T10:14:28.600+0000] {logging_mixin.py:120} INFO - [2025-07-13T10:14:28.600+0000] {dag.py:2585} INFO - Sync 1 DAGs
[2025-07-13T10:14:28.646+0000] {logging_mixin.py:120} INFO - [2025-07-13T10:14:28.646+0000] {dag.py:3340} INFO - Setting next_dagrun for example_weekday_branch_operator to 2025-07-12T00:00:00+00:00, run_after=2025-07-13T00:00:00+00:00
[2025-07-13T10:14:28.678+0000] {processor.py:176} INFO - Processing /home/airflow/.local/lib/python3.7/site-packages/airflow/example_dags/example_branch_day_of_week_operator.py took 0.178 seconds
[2025-07-13T10:14:58.728+0000] {processor.py:154} INFO - Started process (PID=3142) to work on /home/airflow/.local/lib/python3.7/site-packages/airflow/example_dags/example_branch_day_of_week_operator.py
[2025-07-13T10:14:58.730+0000] {processor.py:756} INFO - Processing file /home/airflow/.local/lib/python3.7/site-packages/airflow/example_dags/example_branch_day_of_week_operator.py for tasks to queue
[2025-07-13T10:14:58.731+0000] {logging_mixin.py:120} INFO - [2025-07-13T10:14:58.731+0000] {dagbag.py:537} INFO - Filling up the DagBag from /home/airflow/.local/lib/python3.7/site-packages/airflow/example_dags/example_branch_day_of_week_operator.py
[2025-07-13T10:14:58.767+0000] {processor.py:766} INFO - DAG(s) dict_keys(['example_weekday_branch_operator']) retrieved from /home/airflow/.local/lib/python3.7/site-packages/airflow/example_dags/example_branch_day_of_week_operator.py
[2025-07-13T10:14:58.860+0000] {logging_mixin.py:120} INFO - [2025-07-13T10:14:58.860+0000] {dag.py:2585} INFO - Sync 1 DAGs
[2025-07-13T10:14:58.888+0000] {logging_mixin.py:120} INFO - [2025-07-13T10:14:58.888+0000] {dag.py:3340} INFO - Setting next_dagrun for example_weekday_branch_operator to 2025-07-12T00:00:00+00:00, run_after=2025-07-13T00:00:00+00:00
[2025-07-13T10:14:58.918+0000] {processor.py:176} INFO - Processing /home/airflow/.local/lib/python3.7/site-packages/airflow/example_dags/example_branch_day_of_week_operator.py took 0.195 seconds
[2025-07-13T10:15:29.362+0000] {processor.py:154} INFO - Started process (PID=3206) to work on /home/airflow/.local/lib/python3.7/site-packages/airflow/example_dags/example_branch_day_of_week_operator.py
[2025-07-13T10:15:29.364+0000] {processor.py:756} INFO - Processing file /home/airflow/.local/lib/python3.7/site-packages/airflow/example_dags/example_branch_day_of_week_operator.py for tasks to queue
[2025-07-13T10:15:29.366+0000] {logging_mixin.py:120} INFO - [2025-07-13T10:15:29.365+0000] {dagbag.py:537} INFO - Filling up the DagBag from /home/airflow/.local/lib/python3.7/site-packages/airflow/example_dags/example_branch_day_of_week_operator.py
[2025-07-13T10:15:29.400+0000] {processor.py:766} INFO - DAG(s) dict_keys(['example_weekday_branch_operator']) retrieved from /home/airflow/.local/lib/python3.7/site-packages/airflow/example_dags/example_branch_day_of_week_operator.py
[2025-07-13T10:15:29.477+0000] {logging_mixin.py:120} INFO - [2025-07-13T10:15:29.476+0000] {dag.py:2585} INFO - Sync 1 DAGs
[2025-07-13T10:15:29.527+0000] {logging_mixin.py:120} INFO - [2025-07-13T10:15:29.527+0000] {dag.py:3340} INFO - Setting next_dagrun for example_weekday_branch_operator to 2025-07-12T00:00:00+00:00, run_after=2025-07-13T00:00:00+00:00
[2025-07-13T10:15:29.570+0000] {processor.py:176} INFO - Processing /home/airflow/.local/lib/python3.7/site-packages/airflow/example_dags/example_branch_day_of_week_operator.py took 0.214 seconds
[2025-07-13T10:15:59.762+0000] {processor.py:154} INFO - Started process (PID=3260) to work on /home/airflow/.local/lib/python3.7/site-packages/airflow/example_dags/example_branch_day_of_week_operator.py
[2025-07-13T10:15:59.763+0000] {processor.py:756} INFO - Processing file /home/airflow/.local/lib/python3.7/site-packages/airflow/example_dags/example_branch_day_of_week_operator.py for tasks to queue
[2025-07-13T10:15:59.764+0000] {logging_mixin.py:120} INFO - [2025-07-13T10:15:59.764+0000] {dagbag.py:537} INFO - Filling up the DagBag from /home/airflow/.local/lib/python3.7/site-packages/airflow/example_dags/example_branch_day_of_week_operator.py
[2025-07-13T10:15:59.789+0000] {processor.py:766} INFO - DAG(s) dict_keys(['example_weekday_branch_operator']) retrieved from /home/airflow/.local/lib/python3.7/site-packages/airflow/example_dags/example_branch_day_of_week_operator.py
[2025-07-13T10:15:59.860+0000] {logging_mixin.py:120} INFO - [2025-07-13T10:15:59.860+0000] {dag.py:2585} INFO - Sync 1 DAGs
[2025-07-13T10:15:59.898+0000] {logging_mixin.py:120} INFO - [2025-07-13T10:15:59.898+0000] {dag.py:3340} INFO - Setting next_dagrun for example_weekday_branch_operator to 2025-07-12T00:00:00+00:00, run_after=2025-07-13T00:00:00+00:00
[2025-07-13T10:15:59.935+0000] {processor.py:176} INFO - Processing /home/airflow/.local/lib/python3.7/site-packages/airflow/example_dags/example_branch_day_of_week_operator.py took 0.179 seconds
[2025-07-13T10:16:30.346+0000] {processor.py:154} INFO - Started process (PID=3323) to work on /home/airflow/.local/lib/python3.7/site-packages/airflow/example_dags/example_branch_day_of_week_operator.py
[2025-07-13T10:16:30.348+0000] {processor.py:756} INFO - Processing file /home/airflow/.local/lib/python3.7/site-packages/airflow/example_dags/example_branch_day_of_week_operator.py for tasks to queue
[2025-07-13T10:16:30.350+0000] {logging_mixin.py:120} INFO - [2025-07-13T10:16:30.350+0000] {dagbag.py:537} INFO - Filling up the DagBag from /home/airflow/.local/lib/python3.7/site-packages/airflow/example_dags/example_branch_day_of_week_operator.py
[2025-07-13T10:16:30.384+0000] {processor.py:766} INFO - DAG(s) dict_keys(['example_weekday_branch_operator']) retrieved from /home/airflow/.local/lib/python3.7/site-packages/airflow/example_dags/example_branch_day_of_week_operator.py
[2025-07-13T10:16:30.463+0000] {logging_mixin.py:120} INFO - [2025-07-13T10:16:30.463+0000] {dag.py:2585} INFO - Sync 1 DAGs
[2025-07-13T10:16:30.525+0000] {logging_mixin.py:120} INFO - [2025-07-13T10:16:30.524+0000] {dag.py:3340} INFO - Setting next_dagrun for example_weekday_branch_operator to 2025-07-12T00:00:00+00:00, run_after=2025-07-13T00:00:00+00:00
[2025-07-13T10:16:30.570+0000] {processor.py:176} INFO - Processing /home/airflow/.local/lib/python3.7/site-packages/airflow/example_dags/example_branch_day_of_week_operator.py took 0.229 seconds
[2025-07-13T10:17:00.620+0000] {processor.py:154} INFO - Started process (PID=3385) to work on /home/airflow/.local/lib/python3.7/site-packages/airflow/example_dags/example_branch_day_of_week_operator.py
[2025-07-13T10:17:00.621+0000] {processor.py:756} INFO - Processing file /home/airflow/.local/lib/python3.7/site-packages/airflow/example_dags/example_branch_day_of_week_operator.py for tasks to queue
[2025-07-13T10:17:00.622+0000] {logging_mixin.py:120} INFO - [2025-07-13T10:17:00.622+0000] {dagbag.py:537} INFO - Filling up the DagBag from /home/airflow/.local/lib/python3.7/site-packages/airflow/example_dags/example_branch_day_of_week_operator.py
[2025-07-13T10:17:00.640+0000] {processor.py:766} INFO - DAG(s) dict_keys(['example_weekday_branch_operator']) retrieved from /home/airflow/.local/lib/python3.7/site-packages/airflow/example_dags/example_branch_day_of_week_operator.py
[2025-07-13T10:17:00.687+0000] {logging_mixin.py:120} INFO - [2025-07-13T10:17:00.687+0000] {dag.py:2585} INFO - Sync 1 DAGs
[2025-07-13T10:17:00.715+0000] {logging_mixin.py:120} INFO - [2025-07-13T10:17:00.715+0000] {dag.py:3340} INFO - Setting next_dagrun for example_weekday_branch_operator to 2025-07-12T00:00:00+00:00, run_after=2025-07-13T00:00:00+00:00
[2025-07-13T10:17:00.741+0000] {processor.py:176} INFO - Processing /home/airflow/.local/lib/python3.7/site-packages/airflow/example_dags/example_branch_day_of_week_operator.py took 0.126 seconds
[2025-07-13T10:17:31.189+0000] {processor.py:154} INFO - Started process (PID=3439) to work on /home/airflow/.local/lib/python3.7/site-packages/airflow/example_dags/example_branch_day_of_week_operator.py
[2025-07-13T10:17:31.191+0000] {processor.py:756} INFO - Processing file /home/airflow/.local/lib/python3.7/site-packages/airflow/example_dags/example_branch_day_of_week_operator.py for tasks to queue
[2025-07-13T10:17:31.192+0000] {logging_mixin.py:120} INFO - [2025-07-13T10:17:31.192+0000] {dagbag.py:537} INFO - Filling up the DagBag from /home/airflow/.local/lib/python3.7/site-packages/airflow/example_dags/example_branch_day_of_week_operator.py
[2025-07-13T10:17:31.228+0000] {processor.py:766} INFO - DAG(s) dict_keys(['example_weekday_branch_operator']) retrieved from /home/airflow/.local/lib/python3.7/site-packages/airflow/example_dags/example_branch_day_of_week_operator.py
[2025-07-13T10:17:31.306+0000] {logging_mixin.py:120} INFO - [2025-07-13T10:17:31.306+0000] {dag.py:2585} INFO - Sync 1 DAGs
[2025-07-13T10:17:31.359+0000] {logging_mixin.py:120} INFO - [2025-07-13T10:17:31.359+0000] {dag.py:3340} INFO - Setting next_dagrun for example_weekday_branch_operator to 2025-07-12T00:00:00+00:00, run_after=2025-07-13T00:00:00+00:00
[2025-07-13T10:17:31.406+0000] {processor.py:176} INFO - Processing /home/airflow/.local/lib/python3.7/site-packages/airflow/example_dags/example_branch_day_of_week_operator.py took 0.222 seconds
[2025-07-13T10:18:01.541+0000] {processor.py:154} INFO - Started process (PID=3502) to work on /home/airflow/.local/lib/python3.7/site-packages/airflow/example_dags/example_branch_day_of_week_operator.py
[2025-07-13T10:18:01.542+0000] {processor.py:756} INFO - Processing file /home/airflow/.local/lib/python3.7/site-packages/airflow/example_dags/example_branch_day_of_week_operator.py for tasks to queue
[2025-07-13T10:18:01.544+0000] {logging_mixin.py:120} INFO - [2025-07-13T10:18:01.544+0000] {dagbag.py:537} INFO - Filling up the DagBag from /home/airflow/.local/lib/python3.7/site-packages/airflow/example_dags/example_branch_day_of_week_operator.py
[2025-07-13T10:18:01.573+0000] {processor.py:766} INFO - DAG(s) dict_keys(['example_weekday_branch_operator']) retrieved from /home/airflow/.local/lib/python3.7/site-packages/airflow/example_dags/example_branch_day_of_week_operator.py
[2025-07-13T10:18:01.630+0000] {logging_mixin.py:120} INFO - [2025-07-13T10:18:01.629+0000] {dag.py:2585} INFO - Sync 1 DAGs
[2025-07-13T10:18:01.664+0000] {logging_mixin.py:120} INFO - [2025-07-13T10:18:01.664+0000] {dag.py:3340} INFO - Setting next_dagrun for example_weekday_branch_operator to 2025-07-12T00:00:00+00:00, run_after=2025-07-13T00:00:00+00:00
[2025-07-13T10:18:01.696+0000] {processor.py:176} INFO - Processing /home/airflow/.local/lib/python3.7/site-packages/airflow/example_dags/example_branch_day_of_week_operator.py took 0.160 seconds
[2025-07-13T10:18:32.513+0000] {processor.py:154} INFO - Started process (PID=3567) to work on /home/airflow/.local/lib/python3.7/site-packages/airflow/example_dags/example_branch_day_of_week_operator.py
[2025-07-13T10:18:32.514+0000] {processor.py:756} INFO - Processing file /home/airflow/.local/lib/python3.7/site-packages/airflow/example_dags/example_branch_day_of_week_operator.py for tasks to queue
[2025-07-13T10:18:32.515+0000] {logging_mixin.py:120} INFO - [2025-07-13T10:18:32.515+0000] {dagbag.py:537} INFO - Filling up the DagBag from /home/airflow/.local/lib/python3.7/site-packages/airflow/example_dags/example_branch_day_of_week_operator.py
[2025-07-13T10:18:32.535+0000] {processor.py:766} INFO - DAG(s) dict_keys(['example_weekday_branch_operator']) retrieved from /home/airflow/.local/lib/python3.7/site-packages/airflow/example_dags/example_branch_day_of_week_operator.py
[2025-07-13T10:18:32.582+0000] {logging_mixin.py:120} INFO - [2025-07-13T10:18:32.582+0000] {dag.py:2585} INFO - Sync 1 DAGs
[2025-07-13T10:18:32.610+0000] {logging_mixin.py:120} INFO - [2025-07-13T10:18:32.610+0000] {dag.py:3340} INFO - Setting next_dagrun for example_weekday_branch_operator to 2025-07-12T00:00:00+00:00, run_after=2025-07-13T00:00:00+00:00
[2025-07-13T10:18:32.639+0000] {processor.py:176} INFO - Processing /home/airflow/.local/lib/python3.7/site-packages/airflow/example_dags/example_branch_day_of_week_operator.py took 0.129 seconds
[2025-07-13T10:19:02.913+0000] {processor.py:154} INFO - Started process (PID=3621) to work on /home/airflow/.local/lib/python3.7/site-packages/airflow/example_dags/example_branch_day_of_week_operator.py
[2025-07-13T10:19:02.914+0000] {processor.py:756} INFO - Processing file /home/airflow/.local/lib/python3.7/site-packages/airflow/example_dags/example_branch_day_of_week_operator.py for tasks to queue
[2025-07-13T10:19:02.915+0000] {logging_mixin.py:120} INFO - [2025-07-13T10:19:02.915+0000] {dagbag.py:537} INFO - Filling up the DagBag from /home/airflow/.local/lib/python3.7/site-packages/airflow/example_dags/example_branch_day_of_week_operator.py
[2025-07-13T10:19:02.934+0000] {processor.py:766} INFO - DAG(s) dict_keys(['example_weekday_branch_operator']) retrieved from /home/airflow/.local/lib/python3.7/site-packages/airflow/example_dags/example_branch_day_of_week_operator.py
[2025-07-13T10:19:02.980+0000] {logging_mixin.py:120} INFO - [2025-07-13T10:19:02.980+0000] {dag.py:2585} INFO - Sync 1 DAGs
[2025-07-13T10:19:03.009+0000] {logging_mixin.py:120} INFO - [2025-07-13T10:19:03.008+0000] {dag.py:3340} INFO - Setting next_dagrun for example_weekday_branch_operator to 2025-07-12T00:00:00+00:00, run_after=2025-07-13T00:00:00+00:00
[2025-07-13T10:19:03.034+0000] {processor.py:176} INFO - Processing /home/airflow/.local/lib/python3.7/site-packages/airflow/example_dags/example_branch_day_of_week_operator.py took 0.125 seconds
[2025-07-13T10:19:33.479+0000] {processor.py:154} INFO - Started process (PID=3684) to work on /home/airflow/.local/lib/python3.7/site-packages/airflow/example_dags/example_branch_day_of_week_operator.py
[2025-07-13T10:19:33.480+0000] {processor.py:756} INFO - Processing file /home/airflow/.local/lib/python3.7/site-packages/airflow/example_dags/example_branch_day_of_week_operator.py for tasks to queue
[2025-07-13T10:19:33.481+0000] {logging_mixin.py:120} INFO - [2025-07-13T10:19:33.481+0000] {dagbag.py:537} INFO - Filling up the DagBag from /home/airflow/.local/lib/python3.7/site-packages/airflow/example_dags/example_branch_day_of_week_operator.py
[2025-07-13T10:19:33.501+0000] {processor.py:766} INFO - DAG(s) dict_keys(['example_weekday_branch_operator']) retrieved from /home/airflow/.local/lib/python3.7/site-packages/airflow/example_dags/example_branch_day_of_week_operator.py
[2025-07-13T10:19:33.551+0000] {logging_mixin.py:120} INFO - [2025-07-13T10:19:33.551+0000] {dag.py:2585} INFO - Sync 1 DAGs
[2025-07-13T10:19:33.583+0000] {logging_mixin.py:120} INFO - [2025-07-13T10:19:33.583+0000] {dag.py:3340} INFO - Setting next_dagrun for example_weekday_branch_operator to 2025-07-12T00:00:00+00:00, run_after=2025-07-13T00:00:00+00:00
[2025-07-13T10:19:33.614+0000] {processor.py:176} INFO - Processing /home/airflow/.local/lib/python3.7/site-packages/airflow/example_dags/example_branch_day_of_week_operator.py took 0.139 seconds
[2025-07-13T10:20:04.326+0000] {processor.py:154} INFO - Started process (PID=3747) to work on /home/airflow/.local/lib/python3.7/site-packages/airflow/example_dags/example_branch_day_of_week_operator.py
[2025-07-13T10:20:04.328+0000] {processor.py:756} INFO - Processing file /home/airflow/.local/lib/python3.7/site-packages/airflow/example_dags/example_branch_day_of_week_operator.py for tasks to queue
[2025-07-13T10:20:04.329+0000] {logging_mixin.py:120} INFO - [2025-07-13T10:20:04.329+0000] {dagbag.py:537} INFO - Filling up the DagBag from /home/airflow/.local/lib/python3.7/site-packages/airflow/example_dags/example_branch_day_of_week_operator.py
[2025-07-13T10:20:04.360+0000] {processor.py:766} INFO - DAG(s) dict_keys(['example_weekday_branch_operator']) retrieved from /home/airflow/.local/lib/python3.7/site-packages/airflow/example_dags/example_branch_day_of_week_operator.py
[2025-07-13T10:20:04.439+0000] {logging_mixin.py:120} INFO - [2025-07-13T10:20:04.439+0000] {dag.py:2585} INFO - Sync 1 DAGs
[2025-07-13T10:20:04.491+0000] {logging_mixin.py:120} INFO - [2025-07-13T10:20:04.491+0000] {dag.py:3340} INFO - Setting next_dagrun for example_weekday_branch_operator to 2025-07-12T00:00:00+00:00, run_after=2025-07-13T00:00:00+00:00
[2025-07-13T10:20:04.539+0000] {processor.py:176} INFO - Processing /home/airflow/.local/lib/python3.7/site-packages/airflow/example_dags/example_branch_day_of_week_operator.py took 0.219 seconds
[2025-07-13T10:20:35.716+0000] {processor.py:154} INFO - Started process (PID=3802) to work on /home/airflow/.local/lib/python3.7/site-packages/airflow/example_dags/example_branch_day_of_week_operator.py
[2025-07-13T10:20:35.718+0000] {processor.py:756} INFO - Processing file /home/airflow/.local/lib/python3.7/site-packages/airflow/example_dags/example_branch_day_of_week_operator.py for tasks to queue
[2025-07-13T10:20:35.721+0000] {logging_mixin.py:120} INFO - [2025-07-13T10:20:35.720+0000] {dagbag.py:537} INFO - Filling up the DagBag from /home/airflow/.local/lib/python3.7/site-packages/airflow/example_dags/example_branch_day_of_week_operator.py
[2025-07-13T10:20:35.751+0000] {processor.py:766} INFO - DAG(s) dict_keys(['example_weekday_branch_operator']) retrieved from /home/airflow/.local/lib/python3.7/site-packages/airflow/example_dags/example_branch_day_of_week_operator.py
[2025-07-13T10:20:35.820+0000] {logging_mixin.py:120} INFO - [2025-07-13T10:20:35.820+0000] {dag.py:2585} INFO - Sync 1 DAGs
[2025-07-13T10:20:35.854+0000] {logging_mixin.py:120} INFO - [2025-07-13T10:20:35.854+0000] {dag.py:3340} INFO - Setting next_dagrun for example_weekday_branch_operator to 2025-07-12T00:00:00+00:00, run_after=2025-07-13T00:00:00+00:00
[2025-07-13T10:20:35.891+0000] {processor.py:176} INFO - Processing /home/airflow/.local/lib/python3.7/site-packages/airflow/example_dags/example_branch_day_of_week_operator.py took 0.181 seconds
[2025-07-13T10:21:06.005+0000] {processor.py:154} INFO - Started process (PID=3867) to work on /home/airflow/.local/lib/python3.7/site-packages/airflow/example_dags/example_branch_day_of_week_operator.py
[2025-07-13T10:21:06.006+0000] {processor.py:756} INFO - Processing file /home/airflow/.local/lib/python3.7/site-packages/airflow/example_dags/example_branch_day_of_week_operator.py for tasks to queue
[2025-07-13T10:21:06.008+0000] {logging_mixin.py:120} INFO - [2025-07-13T10:21:06.007+0000] {dagbag.py:537} INFO - Filling up the DagBag from /home/airflow/.local/lib/python3.7/site-packages/airflow/example_dags/example_branch_day_of_week_operator.py
[2025-07-13T10:21:06.033+0000] {processor.py:766} INFO - DAG(s) dict_keys(['example_weekday_branch_operator']) retrieved from /home/airflow/.local/lib/python3.7/site-packages/airflow/example_dags/example_branch_day_of_week_operator.py
[2025-07-13T10:21:06.098+0000] {logging_mixin.py:120} INFO - [2025-07-13T10:21:06.098+0000] {dag.py:2585} INFO - Sync 1 DAGs
[2025-07-13T10:21:06.140+0000] {logging_mixin.py:120} INFO - [2025-07-13T10:21:06.140+0000] {dag.py:3340} INFO - Setting next_dagrun for example_weekday_branch_operator to 2025-07-12T00:00:00+00:00, run_after=2025-07-13T00:00:00+00:00
[2025-07-13T10:21:06.172+0000] {processor.py:176} INFO - Processing /home/airflow/.local/lib/python3.7/site-packages/airflow/example_dags/example_branch_day_of_week_operator.py took 0.171 seconds
[2025-07-13T10:21:37.289+0000] {processor.py:154} INFO - Started process (PID=3930) to work on /home/airflow/.local/lib/python3.7/site-packages/airflow/example_dags/example_branch_day_of_week_operator.py
[2025-07-13T10:21:37.290+0000] {processor.py:756} INFO - Processing file /home/airflow/.local/lib/python3.7/site-packages/airflow/example_dags/example_branch_day_of_week_operator.py for tasks to queue
[2025-07-13T10:21:37.292+0000] {logging_mixin.py:120} INFO - [2025-07-13T10:21:37.292+0000] {dagbag.py:537} INFO - Filling up the DagBag from /home/airflow/.local/lib/python3.7/site-packages/airflow/example_dags/example_branch_day_of_week_operator.py
[2025-07-13T10:21:37.368+0000] {processor.py:766} INFO - DAG(s) dict_keys(['example_weekday_branch_operator']) retrieved from /home/airflow/.local/lib/python3.7/site-packages/airflow/example_dags/example_branch_day_of_week_operator.py
[2025-07-13T10:21:37.492+0000] {logging_mixin.py:120} INFO - [2025-07-13T10:21:37.492+0000] {dag.py:2585} INFO - Sync 1 DAGs
[2025-07-13T10:21:37.535+0000] {logging_mixin.py:120} INFO - [2025-07-13T10:21:37.534+0000] {dag.py:3340} INFO - Setting next_dagrun for example_weekday_branch_operator to 2025-07-12T00:00:00+00:00, run_after=2025-07-13T00:00:00+00:00
[2025-07-13T10:21:37.570+0000] {processor.py:176} INFO - Processing /home/airflow/.local/lib/python3.7/site-packages/airflow/example_dags/example_branch_day_of_week_operator.py took 0.301 seconds
[2025-07-13T10:22:08.200+0000] {processor.py:154} INFO - Started process (PID=3983) to work on /home/airflow/.local/lib/python3.7/site-packages/airflow/example_dags/example_branch_day_of_week_operator.py
[2025-07-13T10:22:08.202+0000] {processor.py:756} INFO - Processing file /home/airflow/.local/lib/python3.7/site-packages/airflow/example_dags/example_branch_day_of_week_operator.py for tasks to queue
[2025-07-13T10:22:08.203+0000] {logging_mixin.py:120} INFO - [2025-07-13T10:22:08.203+0000] {dagbag.py:537} INFO - Filling up the DagBag from /home/airflow/.local/lib/python3.7/site-packages/airflow/example_dags/example_branch_day_of_week_operator.py
[2025-07-13T10:22:08.238+0000] {processor.py:766} INFO - DAG(s) dict_keys(['example_weekday_branch_operator']) retrieved from /home/airflow/.local/lib/python3.7/site-packages/airflow/example_dags/example_branch_day_of_week_operator.py
[2025-07-13T10:22:08.298+0000] {logging_mixin.py:120} INFO - [2025-07-13T10:22:08.298+0000] {dag.py:2585} INFO - Sync 1 DAGs
[2025-07-13T10:22:08.337+0000] {logging_mixin.py:120} INFO - [2025-07-13T10:22:08.337+0000] {dag.py:3340} INFO - Setting next_dagrun for example_weekday_branch_operator to 2025-07-12T00:00:00+00:00, run_after=2025-07-13T00:00:00+00:00
[2025-07-13T10:22:08.374+0000] {processor.py:176} INFO - Processing /home/airflow/.local/lib/python3.7/site-packages/airflow/example_dags/example_branch_day_of_week_operator.py took 0.178 seconds
[2025-07-13T10:22:38.721+0000] {processor.py:154} INFO - Started process (PID=4046) to work on /home/airflow/.local/lib/python3.7/site-packages/airflow/example_dags/example_branch_day_of_week_operator.py
[2025-07-13T10:22:38.722+0000] {processor.py:756} INFO - Processing file /home/airflow/.local/lib/python3.7/site-packages/airflow/example_dags/example_branch_day_of_week_operator.py for tasks to queue
[2025-07-13T10:22:38.724+0000] {logging_mixin.py:120} INFO - [2025-07-13T10:22:38.724+0000] {dagbag.py:537} INFO - Filling up the DagBag from /home/airflow/.local/lib/python3.7/site-packages/airflow/example_dags/example_branch_day_of_week_operator.py
[2025-07-13T10:22:38.760+0000] {processor.py:766} INFO - DAG(s) dict_keys(['example_weekday_branch_operator']) retrieved from /home/airflow/.local/lib/python3.7/site-packages/airflow/example_dags/example_branch_day_of_week_operator.py
[2025-07-13T10:22:38.845+0000] {logging_mixin.py:120} INFO - [2025-07-13T10:22:38.845+0000] {dag.py:2585} INFO - Sync 1 DAGs
[2025-07-13T10:22:38.903+0000] {logging_mixin.py:120} INFO - [2025-07-13T10:22:38.902+0000] {dag.py:3340} INFO - Setting next_dagrun for example_weekday_branch_operator to 2025-07-12T00:00:00+00:00, run_after=2025-07-13T00:00:00+00:00
[2025-07-13T10:22:38.940+0000] {processor.py:176} INFO - Processing /home/airflow/.local/lib/python3.7/site-packages/airflow/example_dags/example_branch_day_of_week_operator.py took 0.227 seconds
[2025-07-13T10:23:09.002+0000] {processor.py:154} INFO - Started process (PID=4108) to work on /home/airflow/.local/lib/python3.7/site-packages/airflow/example_dags/example_branch_day_of_week_operator.py
[2025-07-13T10:23:09.003+0000] {processor.py:756} INFO - Processing file /home/airflow/.local/lib/python3.7/site-packages/airflow/example_dags/example_branch_day_of_week_operator.py for tasks to queue
[2025-07-13T10:23:09.005+0000] {logging_mixin.py:120} INFO - [2025-07-13T10:23:09.005+0000] {dagbag.py:537} INFO - Filling up the DagBag from /home/airflow/.local/lib/python3.7/site-packages/airflow/example_dags/example_branch_day_of_week_operator.py
[2025-07-13T10:23:09.028+0000] {processor.py:766} INFO - DAG(s) dict_keys(['example_weekday_branch_operator']) retrieved from /home/airflow/.local/lib/python3.7/site-packages/airflow/example_dags/example_branch_day_of_week_operator.py
[2025-07-13T10:23:09.110+0000] {logging_mixin.py:120} INFO - [2025-07-13T10:23:09.110+0000] {dag.py:2585} INFO - Sync 1 DAGs
[2025-07-13T10:23:09.146+0000] {logging_mixin.py:120} INFO - [2025-07-13T10:23:09.146+0000] {dag.py:3340} INFO - Setting next_dagrun for example_weekday_branch_operator to 2025-07-12T00:00:00+00:00, run_after=2025-07-13T00:00:00+00:00
[2025-07-13T10:23:09.180+0000] {processor.py:176} INFO - Processing /home/airflow/.local/lib/python3.7/site-packages/airflow/example_dags/example_branch_day_of_week_operator.py took 0.182 seconds
[2025-07-13T10:23:39.809+0000] {processor.py:154} INFO - Started process (PID=4162) to work on /home/airflow/.local/lib/python3.7/site-packages/airflow/example_dags/example_branch_day_of_week_operator.py
[2025-07-13T10:23:39.812+0000] {processor.py:756} INFO - Processing file /home/airflow/.local/lib/python3.7/site-packages/airflow/example_dags/example_branch_day_of_week_operator.py for tasks to queue
[2025-07-13T10:23:39.814+0000] {logging_mixin.py:120} INFO - [2025-07-13T10:23:39.814+0000] {dagbag.py:537} INFO - Filling up the DagBag from /home/airflow/.local/lib/python3.7/site-packages/airflow/example_dags/example_branch_day_of_week_operator.py
[2025-07-13T10:23:39.868+0000] {processor.py:766} INFO - DAG(s) dict_keys(['example_weekday_branch_operator']) retrieved from /home/airflow/.local/lib/python3.7/site-packages/airflow/example_dags/example_branch_day_of_week_operator.py
[2025-07-13T10:23:39.967+0000] {logging_mixin.py:120} INFO - [2025-07-13T10:23:39.966+0000] {dag.py:2585} INFO - Sync 1 DAGs
[2025-07-13T10:23:40.014+0000] {logging_mixin.py:120} INFO - [2025-07-13T10:23:40.014+0000] {dag.py:3340} INFO - Setting next_dagrun for example_weekday_branch_operator to 2025-07-12T00:00:00+00:00, run_after=2025-07-13T00:00:00+00:00
[2025-07-13T10:23:40.056+0000] {processor.py:176} INFO - Processing /home/airflow/.local/lib/python3.7/site-packages/airflow/example_dags/example_branch_day_of_week_operator.py took 0.253 seconds
[2025-07-13T10:24:10.904+0000] {processor.py:154} INFO - Started process (PID=4226) to work on /home/airflow/.local/lib/python3.7/site-packages/airflow/example_dags/example_branch_day_of_week_operator.py
[2025-07-13T10:24:10.906+0000] {processor.py:756} INFO - Processing file /home/airflow/.local/lib/python3.7/site-packages/airflow/example_dags/example_branch_day_of_week_operator.py for tasks to queue
[2025-07-13T10:24:10.908+0000] {logging_mixin.py:120} INFO - [2025-07-13T10:24:10.907+0000] {dagbag.py:537} INFO - Filling up the DagBag from /home/airflow/.local/lib/python3.7/site-packages/airflow/example_dags/example_branch_day_of_week_operator.py
[2025-07-13T10:24:10.944+0000] {processor.py:766} INFO - DAG(s) dict_keys(['example_weekday_branch_operator']) retrieved from /home/airflow/.local/lib/python3.7/site-packages/airflow/example_dags/example_branch_day_of_week_operator.py
[2025-07-13T10:24:11.018+0000] {logging_mixin.py:120} INFO - [2025-07-13T10:24:11.018+0000] {dag.py:2585} INFO - Sync 1 DAGs
[2025-07-13T10:24:11.055+0000] {logging_mixin.py:120} INFO - [2025-07-13T10:24:11.055+0000] {dag.py:3340} INFO - Setting next_dagrun for example_weekday_branch_operator to 2025-07-12T00:00:00+00:00, run_after=2025-07-13T00:00:00+00:00
[2025-07-13T10:24:11.084+0000] {processor.py:176} INFO - Processing /home/airflow/.local/lib/python3.7/site-packages/airflow/example_dags/example_branch_day_of_week_operator.py took 0.189 seconds
[2025-07-13T10:24:41.394+0000] {processor.py:154} INFO - Started process (PID=4289) to work on /home/airflow/.local/lib/python3.7/site-packages/airflow/example_dags/example_branch_day_of_week_operator.py
[2025-07-13T10:24:41.396+0000] {processor.py:756} INFO - Processing file /home/airflow/.local/lib/python3.7/site-packages/airflow/example_dags/example_branch_day_of_week_operator.py for tasks to queue
[2025-07-13T10:24:41.398+0000] {logging_mixin.py:120} INFO - [2025-07-13T10:24:41.397+0000] {dagbag.py:537} INFO - Filling up the DagBag from /home/airflow/.local/lib/python3.7/site-packages/airflow/example_dags/example_branch_day_of_week_operator.py
[2025-07-13T10:24:41.433+0000] {processor.py:766} INFO - DAG(s) dict_keys(['example_weekday_branch_operator']) retrieved from /home/airflow/.local/lib/python3.7/site-packages/airflow/example_dags/example_branch_day_of_week_operator.py
[2025-07-13T10:24:41.502+0000] {logging_mixin.py:120} INFO - [2025-07-13T10:24:41.502+0000] {dag.py:2585} INFO - Sync 1 DAGs
[2025-07-13T10:24:41.540+0000] {logging_mixin.py:120} INFO - [2025-07-13T10:24:41.540+0000] {dag.py:3340} INFO - Setting next_dagrun for example_weekday_branch_operator to 2025-07-12T00:00:00+00:00, run_after=2025-07-13T00:00:00+00:00
[2025-07-13T10:24:41.570+0000] {processor.py:176} INFO - Processing /home/airflow/.local/lib/python3.7/site-packages/airflow/example_dags/example_branch_day_of_week_operator.py took 0.182 seconds
[2025-07-13T10:25:11.668+0000] {processor.py:154} INFO - Started process (PID=4343) to work on /home/airflow/.local/lib/python3.7/site-packages/airflow/example_dags/example_branch_day_of_week_operator.py
[2025-07-13T10:25:11.670+0000] {processor.py:756} INFO - Processing file /home/airflow/.local/lib/python3.7/site-packages/airflow/example_dags/example_branch_day_of_week_operator.py for tasks to queue
[2025-07-13T10:25:11.671+0000] {logging_mixin.py:120} INFO - [2025-07-13T10:25:11.671+0000] {dagbag.py:537} INFO - Filling up the DagBag from /home/airflow/.local/lib/python3.7/site-packages/airflow/example_dags/example_branch_day_of_week_operator.py
[2025-07-13T10:25:11.704+0000] {processor.py:766} INFO - DAG(s) dict_keys(['example_weekday_branch_operator']) retrieved from /home/airflow/.local/lib/python3.7/site-packages/airflow/example_dags/example_branch_day_of_week_operator.py
[2025-07-13T10:25:11.776+0000] {logging_mixin.py:120} INFO - [2025-07-13T10:25:11.775+0000] {dag.py:2585} INFO - Sync 1 DAGs
[2025-07-13T10:25:11.821+0000] {logging_mixin.py:120} INFO - [2025-07-13T10:25:11.821+0000] {dag.py:3340} INFO - Setting next_dagrun for example_weekday_branch_operator to 2025-07-12T00:00:00+00:00, run_after=2025-07-13T00:00:00+00:00
[2025-07-13T10:25:11.863+0000] {processor.py:176} INFO - Processing /home/airflow/.local/lib/python3.7/site-packages/airflow/example_dags/example_branch_day_of_week_operator.py took 0.201 seconds
[2025-07-13T10:25:42.207+0000] {processor.py:154} INFO - Started process (PID=4405) to work on /home/airflow/.local/lib/python3.7/site-packages/airflow/example_dags/example_branch_day_of_week_operator.py
[2025-07-13T10:25:42.208+0000] {processor.py:756} INFO - Processing file /home/airflow/.local/lib/python3.7/site-packages/airflow/example_dags/example_branch_day_of_week_operator.py for tasks to queue
[2025-07-13T10:25:42.209+0000] {logging_mixin.py:120} INFO - [2025-07-13T10:25:42.209+0000] {dagbag.py:537} INFO - Filling up the DagBag from /home/airflow/.local/lib/python3.7/site-packages/airflow/example_dags/example_branch_day_of_week_operator.py
[2025-07-13T10:25:42.239+0000] {processor.py:766} INFO - DAG(s) dict_keys(['example_weekday_branch_operator']) retrieved from /home/airflow/.local/lib/python3.7/site-packages/airflow/example_dags/example_branch_day_of_week_operator.py
[2025-07-13T10:25:42.298+0000] {logging_mixin.py:120} INFO - [2025-07-13T10:25:42.298+0000] {dag.py:2585} INFO - Sync 1 DAGs
[2025-07-13T10:25:42.339+0000] {logging_mixin.py:120} INFO - [2025-07-13T10:25:42.338+0000] {dag.py:3340} INFO - Setting next_dagrun for example_weekday_branch_operator to 2025-07-12T00:00:00+00:00, run_after=2025-07-13T00:00:00+00:00
[2025-07-13T10:25:42.369+0000] {processor.py:176} INFO - Processing /home/airflow/.local/lib/python3.7/site-packages/airflow/example_dags/example_branch_day_of_week_operator.py took 0.166 seconds
[2025-07-13T10:26:13.100+0000] {processor.py:154} INFO - Started process (PID=4466) to work on /home/airflow/.local/lib/python3.7/site-packages/airflow/example_dags/example_branch_day_of_week_operator.py
[2025-07-13T10:26:13.102+0000] {processor.py:756} INFO - Processing file /home/airflow/.local/lib/python3.7/site-packages/airflow/example_dags/example_branch_day_of_week_operator.py for tasks to queue
[2025-07-13T10:26:13.104+0000] {logging_mixin.py:120} INFO - [2025-07-13T10:26:13.104+0000] {dagbag.py:537} INFO - Filling up the DagBag from /home/airflow/.local/lib/python3.7/site-packages/airflow/example_dags/example_branch_day_of_week_operator.py
[2025-07-13T10:26:13.136+0000] {processor.py:766} INFO - DAG(s) dict_keys(['example_weekday_branch_operator']) retrieved from /home/airflow/.local/lib/python3.7/site-packages/airflow/example_dags/example_branch_day_of_week_operator.py
[2025-07-13T10:26:13.211+0000] {logging_mixin.py:120} INFO - [2025-07-13T10:26:13.211+0000] {dag.py:2585} INFO - Sync 1 DAGs
[2025-07-13T10:26:13.293+0000] {logging_mixin.py:120} INFO - [2025-07-13T10:26:13.292+0000] {dag.py:3340} INFO - Setting next_dagrun for example_weekday_branch_operator to 2025-07-12T00:00:00+00:00, run_after=2025-07-13T00:00:00+00:00
[2025-07-13T10:26:13.337+0000] {processor.py:176} INFO - Processing /home/airflow/.local/lib/python3.7/site-packages/airflow/example_dags/example_branch_day_of_week_operator.py took 0.243 seconds
[2025-07-13T10:26:43.563+0000] {processor.py:154} INFO - Started process (PID=4521) to work on /home/airflow/.local/lib/python3.7/site-packages/airflow/example_dags/example_branch_day_of_week_operator.py
[2025-07-13T10:26:43.564+0000] {processor.py:756} INFO - Processing file /home/airflow/.local/lib/python3.7/site-packages/airflow/example_dags/example_branch_day_of_week_operator.py for tasks to queue
[2025-07-13T10:26:43.566+0000] {logging_mixin.py:120} INFO - [2025-07-13T10:26:43.566+0000] {dagbag.py:537} INFO - Filling up the DagBag from /home/airflow/.local/lib/python3.7/site-packages/airflow/example_dags/example_branch_day_of_week_operator.py
[2025-07-13T10:26:43.599+0000] {processor.py:766} INFO - DAG(s) dict_keys(['example_weekday_branch_operator']) retrieved from /home/airflow/.local/lib/python3.7/site-packages/airflow/example_dags/example_branch_day_of_week_operator.py
[2025-07-13T10:26:43.682+0000] {logging_mixin.py:120} INFO - [2025-07-13T10:26:43.681+0000] {dag.py:2585} INFO - Sync 1 DAGs
[2025-07-13T10:26:43.728+0000] {logging_mixin.py:120} INFO - [2025-07-13T10:26:43.728+0000] {dag.py:3340} INFO - Setting next_dagrun for example_weekday_branch_operator to 2025-07-12T00:00:00+00:00, run_after=2025-07-13T00:00:00+00:00
[2025-07-13T10:26:43.779+0000] {processor.py:176} INFO - Processing /home/airflow/.local/lib/python3.7/site-packages/airflow/example_dags/example_branch_day_of_week_operator.py took 0.223 seconds
[2025-07-13T10:27:13.935+0000] {processor.py:154} INFO - Started process (PID=4584) to work on /home/airflow/.local/lib/python3.7/site-packages/airflow/example_dags/example_branch_day_of_week_operator.py
[2025-07-13T10:27:13.936+0000] {processor.py:756} INFO - Processing file /home/airflow/.local/lib/python3.7/site-packages/airflow/example_dags/example_branch_day_of_week_operator.py for tasks to queue
[2025-07-13T10:27:13.937+0000] {logging_mixin.py:120} INFO - [2025-07-13T10:27:13.937+0000] {dagbag.py:537} INFO - Filling up the DagBag from /home/airflow/.local/lib/python3.7/site-packages/airflow/example_dags/example_branch_day_of_week_operator.py
[2025-07-13T10:27:13.963+0000] {processor.py:766} INFO - DAG(s) dict_keys(['example_weekday_branch_operator']) retrieved from /home/airflow/.local/lib/python3.7/site-packages/airflow/example_dags/example_branch_day_of_week_operator.py
[2025-07-13T10:27:14.033+0000] {logging_mixin.py:120} INFO - [2025-07-13T10:27:14.033+0000] {dag.py:2585} INFO - Sync 1 DAGs
[2025-07-13T10:27:14.065+0000] {logging_mixin.py:120} INFO - [2025-07-13T10:27:14.065+0000] {dag.py:3340} INFO - Setting next_dagrun for example_weekday_branch_operator to 2025-07-12T00:00:00+00:00, run_after=2025-07-13T00:00:00+00:00
[2025-07-13T10:27:14.096+0000] {processor.py:176} INFO - Processing /home/airflow/.local/lib/python3.7/site-packages/airflow/example_dags/example_branch_day_of_week_operator.py took 0.165 seconds
[2025-07-13T10:27:44.340+0000] {processor.py:154} INFO - Started process (PID=4639) to work on /home/airflow/.local/lib/python3.7/site-packages/airflow/example_dags/example_branch_day_of_week_operator.py
[2025-07-13T10:27:44.342+0000] {processor.py:756} INFO - Processing file /home/airflow/.local/lib/python3.7/site-packages/airflow/example_dags/example_branch_day_of_week_operator.py for tasks to queue
[2025-07-13T10:27:44.343+0000] {logging_mixin.py:120} INFO - [2025-07-13T10:27:44.343+0000] {dagbag.py:537} INFO - Filling up the DagBag from /home/airflow/.local/lib/python3.7/site-packages/airflow/example_dags/example_branch_day_of_week_operator.py
[2025-07-13T10:27:44.367+0000] {processor.py:766} INFO - DAG(s) dict_keys(['example_weekday_branch_operator']) retrieved from /home/airflow/.local/lib/python3.7/site-packages/airflow/example_dags/example_branch_day_of_week_operator.py
[2025-07-13T10:27:44.420+0000] {logging_mixin.py:120} INFO - [2025-07-13T10:27:44.420+0000] {dag.py:2585} INFO - Sync 1 DAGs
[2025-07-13T10:27:44.454+0000] {logging_mixin.py:120} INFO - [2025-07-13T10:27:44.453+0000] {dag.py:3340} INFO - Setting next_dagrun for example_weekday_branch_operator to 2025-07-12T00:00:00+00:00, run_after=2025-07-13T00:00:00+00:00
[2025-07-13T10:27:44.481+0000] {processor.py:176} INFO - Processing /home/airflow/.local/lib/python3.7/site-packages/airflow/example_dags/example_branch_day_of_week_operator.py took 0.144 seconds
[2025-07-13T10:28:15.156+0000] {processor.py:154} INFO - Started process (PID=4702) to work on /home/airflow/.local/lib/python3.7/site-packages/airflow/example_dags/example_branch_day_of_week_operator.py
[2025-07-13T10:28:15.158+0000] {processor.py:756} INFO - Processing file /home/airflow/.local/lib/python3.7/site-packages/airflow/example_dags/example_branch_day_of_week_operator.py for tasks to queue
[2025-07-13T10:28:15.160+0000] {logging_mixin.py:120} INFO - [2025-07-13T10:28:15.159+0000] {dagbag.py:537} INFO - Filling up the DagBag from /home/airflow/.local/lib/python3.7/site-packages/airflow/example_dags/example_branch_day_of_week_operator.py
[2025-07-13T10:28:15.187+0000] {processor.py:766} INFO - DAG(s) dict_keys(['example_weekday_branch_operator']) retrieved from /home/airflow/.local/lib/python3.7/site-packages/airflow/example_dags/example_branch_day_of_week_operator.py
[2025-07-13T10:28:15.253+0000] {logging_mixin.py:120} INFO - [2025-07-13T10:28:15.253+0000] {dag.py:2585} INFO - Sync 1 DAGs
[2025-07-13T10:28:15.330+0000] {logging_mixin.py:120} INFO - [2025-07-13T10:28:15.329+0000] {dag.py:3340} INFO - Setting next_dagrun for example_weekday_branch_operator to 2025-07-12T00:00:00+00:00, run_after=2025-07-13T00:00:00+00:00
[2025-07-13T10:28:15.399+0000] {processor.py:176} INFO - Processing /home/airflow/.local/lib/python3.7/site-packages/airflow/example_dags/example_branch_day_of_week_operator.py took 0.247 seconds
[2025-07-13T10:28:46.165+0000] {processor.py:154} INFO - Started process (PID=4766) to work on /home/airflow/.local/lib/python3.7/site-packages/airflow/example_dags/example_branch_day_of_week_operator.py
[2025-07-13T10:28:46.167+0000] {processor.py:756} INFO - Processing file /home/airflow/.local/lib/python3.7/site-packages/airflow/example_dags/example_branch_day_of_week_operator.py for tasks to queue
[2025-07-13T10:28:46.168+0000] {logging_mixin.py:120} INFO - [2025-07-13T10:28:46.168+0000] {dagbag.py:537} INFO - Filling up the DagBag from /home/airflow/.local/lib/python3.7/site-packages/airflow/example_dags/example_branch_day_of_week_operator.py
[2025-07-13T10:28:46.187+0000] {processor.py:766} INFO - DAG(s) dict_keys(['example_weekday_branch_operator']) retrieved from /home/airflow/.local/lib/python3.7/site-packages/airflow/example_dags/example_branch_day_of_week_operator.py
[2025-07-13T10:28:46.242+0000] {logging_mixin.py:120} INFO - [2025-07-13T10:28:46.242+0000] {dag.py:2585} INFO - Sync 1 DAGs
[2025-07-13T10:28:46.274+0000] {logging_mixin.py:120} INFO - [2025-07-13T10:28:46.274+0000] {dag.py:3340} INFO - Setting next_dagrun for example_weekday_branch_operator to 2025-07-12T00:00:00+00:00, run_after=2025-07-13T00:00:00+00:00
[2025-07-13T10:28:46.306+0000] {processor.py:176} INFO - Processing /home/airflow/.local/lib/python3.7/site-packages/airflow/example_dags/example_branch_day_of_week_operator.py took 0.144 seconds
[2025-07-13T10:29:16.344+0000] {processor.py:154} INFO - Started process (PID=4819) to work on /home/airflow/.local/lib/python3.7/site-packages/airflow/example_dags/example_branch_day_of_week_operator.py
[2025-07-13T10:29:16.345+0000] {processor.py:756} INFO - Processing file /home/airflow/.local/lib/python3.7/site-packages/airflow/example_dags/example_branch_day_of_week_operator.py for tasks to queue
[2025-07-13T10:29:16.349+0000] {logging_mixin.py:120} INFO - [2025-07-13T10:29:16.349+0000] {dagbag.py:537} INFO - Filling up the DagBag from /home/airflow/.local/lib/python3.7/site-packages/airflow/example_dags/example_branch_day_of_week_operator.py
[2025-07-13T10:29:16.369+0000] {processor.py:766} INFO - DAG(s) dict_keys(['example_weekday_branch_operator']) retrieved from /home/airflow/.local/lib/python3.7/site-packages/airflow/example_dags/example_branch_day_of_week_operator.py
[2025-07-13T10:29:16.425+0000] {logging_mixin.py:120} INFO - [2025-07-13T10:29:16.424+0000] {dag.py:2585} INFO - Sync 1 DAGs
[2025-07-13T10:29:16.459+0000] {logging_mixin.py:120} INFO - [2025-07-13T10:29:16.459+0000] {dag.py:3340} INFO - Setting next_dagrun for example_weekday_branch_operator to 2025-07-12T00:00:00+00:00, run_after=2025-07-13T00:00:00+00:00
[2025-07-13T10:29:16.488+0000] {processor.py:176} INFO - Processing /home/airflow/.local/lib/python3.7/site-packages/airflow/example_dags/example_branch_day_of_week_operator.py took 0.149 seconds
[2025-07-13T10:29:47.957+0000] {processor.py:154} INFO - Started process (PID=4882) to work on /home/airflow/.local/lib/python3.7/site-packages/airflow/example_dags/example_branch_day_of_week_operator.py
[2025-07-13T10:29:47.959+0000] {processor.py:756} INFO - Processing file /home/airflow/.local/lib/python3.7/site-packages/airflow/example_dags/example_branch_day_of_week_operator.py for tasks to queue
[2025-07-13T10:29:47.965+0000] {logging_mixin.py:120} INFO - [2025-07-13T10:29:47.964+0000] {dagbag.py:537} INFO - Filling up the DagBag from /home/airflow/.local/lib/python3.7/site-packages/airflow/example_dags/example_branch_day_of_week_operator.py
[2025-07-13T10:29:48.005+0000] {processor.py:766} INFO - DAG(s) dict_keys(['example_weekday_branch_operator']) retrieved from /home/airflow/.local/lib/python3.7/site-packages/airflow/example_dags/example_branch_day_of_week_operator.py
[2025-07-13T10:29:48.150+0000] {logging_mixin.py:120} INFO - [2025-07-13T10:29:48.150+0000] {dag.py:2585} INFO - Sync 1 DAGs
[2025-07-13T10:29:48.259+0000] {logging_mixin.py:120} INFO - [2025-07-13T10:29:48.258+0000] {dag.py:3340} INFO - Setting next_dagrun for example_weekday_branch_operator to 2025-07-12T00:00:00+00:00, run_after=2025-07-13T00:00:00+00:00
[2025-07-13T10:29:48.318+0000] {processor.py:176} INFO - Processing /home/airflow/.local/lib/python3.7/site-packages/airflow/example_dags/example_branch_day_of_week_operator.py took 0.368 seconds
[2025-07-13T10:30:18.829+0000] {processor.py:154} INFO - Started process (PID=4936) to work on /home/airflow/.local/lib/python3.7/site-packages/airflow/example_dags/example_branch_day_of_week_operator.py
[2025-07-13T10:30:18.830+0000] {processor.py:756} INFO - Processing file /home/airflow/.local/lib/python3.7/site-packages/airflow/example_dags/example_branch_day_of_week_operator.py for tasks to queue
[2025-07-13T10:30:18.831+0000] {logging_mixin.py:120} INFO - [2025-07-13T10:30:18.831+0000] {dagbag.py:537} INFO - Filling up the DagBag from /home/airflow/.local/lib/python3.7/site-packages/airflow/example_dags/example_branch_day_of_week_operator.py
[2025-07-13T10:30:18.851+0000] {processor.py:766} INFO - DAG(s) dict_keys(['example_weekday_branch_operator']) retrieved from /home/airflow/.local/lib/python3.7/site-packages/airflow/example_dags/example_branch_day_of_week_operator.py
[2025-07-13T10:30:18.906+0000] {logging_mixin.py:120} INFO - [2025-07-13T10:30:18.906+0000] {dag.py:2585} INFO - Sync 1 DAGs
[2025-07-13T10:30:18.943+0000] {logging_mixin.py:120} INFO - [2025-07-13T10:30:18.943+0000] {dag.py:3340} INFO - Setting next_dagrun for example_weekday_branch_operator to 2025-07-12T00:00:00+00:00, run_after=2025-07-13T00:00:00+00:00
[2025-07-13T10:30:18.978+0000] {processor.py:176} INFO - Processing /home/airflow/.local/lib/python3.7/site-packages/airflow/example_dags/example_branch_day_of_week_operator.py took 0.153 seconds
[2025-07-13T10:30:49.181+0000] {processor.py:154} INFO - Started process (PID=4999) to work on /home/airflow/.local/lib/python3.7/site-packages/airflow/example_dags/example_branch_day_of_week_operator.py
[2025-07-13T10:30:49.183+0000] {processor.py:756} INFO - Processing file /home/airflow/.local/lib/python3.7/site-packages/airflow/example_dags/example_branch_day_of_week_operator.py for tasks to queue
[2025-07-13T10:30:49.184+0000] {logging_mixin.py:120} INFO - [2025-07-13T10:30:49.184+0000] {dagbag.py:537} INFO - Filling up the DagBag from /home/airflow/.local/lib/python3.7/site-packages/airflow/example_dags/example_branch_day_of_week_operator.py
[2025-07-13T10:30:49.209+0000] {processor.py:766} INFO - DAG(s) dict_keys(['example_weekday_branch_operator']) retrieved from /home/airflow/.local/lib/python3.7/site-packages/airflow/example_dags/example_branch_day_of_week_operator.py
[2025-07-13T10:30:49.277+0000] {logging_mixin.py:120} INFO - [2025-07-13T10:30:49.277+0000] {dag.py:2585} INFO - Sync 1 DAGs
[2025-07-13T10:30:49.323+0000] {logging_mixin.py:120} INFO - [2025-07-13T10:30:49.323+0000] {dag.py:3340} INFO - Setting next_dagrun for example_weekday_branch_operator to 2025-07-12T00:00:00+00:00, run_after=2025-07-13T00:00:00+00:00
[2025-07-13T10:30:49.376+0000] {processor.py:176} INFO - Processing /home/airflow/.local/lib/python3.7/site-packages/airflow/example_dags/example_branch_day_of_week_operator.py took 0.201 seconds
[2025-07-13T10:31:19.517+0000] {processor.py:154} INFO - Started process (PID=5052) to work on /home/airflow/.local/lib/python3.7/site-packages/airflow/example_dags/example_branch_day_of_week_operator.py
[2025-07-13T10:31:19.518+0000] {processor.py:756} INFO - Processing file /home/airflow/.local/lib/python3.7/site-packages/airflow/example_dags/example_branch_day_of_week_operator.py for tasks to queue
[2025-07-13T10:31:19.519+0000] {logging_mixin.py:120} INFO - [2025-07-13T10:31:19.519+0000] {dagbag.py:537} INFO - Filling up the DagBag from /home/airflow/.local/lib/python3.7/site-packages/airflow/example_dags/example_branch_day_of_week_operator.py
[2025-07-13T10:31:19.537+0000] {processor.py:766} INFO - DAG(s) dict_keys(['example_weekday_branch_operator']) retrieved from /home/airflow/.local/lib/python3.7/site-packages/airflow/example_dags/example_branch_day_of_week_operator.py
[2025-07-13T10:31:19.585+0000] {logging_mixin.py:120} INFO - [2025-07-13T10:31:19.585+0000] {dag.py:2585} INFO - Sync 1 DAGs
[2025-07-13T10:31:19.620+0000] {logging_mixin.py:120} INFO - [2025-07-13T10:31:19.620+0000] {dag.py:3340} INFO - Setting next_dagrun for example_weekday_branch_operator to 2025-07-12T00:00:00+00:00, run_after=2025-07-13T00:00:00+00:00
[2025-07-13T10:31:19.648+0000] {processor.py:176} INFO - Processing /home/airflow/.local/lib/python3.7/site-packages/airflow/example_dags/example_branch_day_of_week_operator.py took 0.135 seconds
[2025-07-13T10:31:49.800+0000] {processor.py:154} INFO - Started process (PID=5115) to work on /home/airflow/.local/lib/python3.7/site-packages/airflow/example_dags/example_branch_day_of_week_operator.py
[2025-07-13T10:31:49.801+0000] {processor.py:756} INFO - Processing file /home/airflow/.local/lib/python3.7/site-packages/airflow/example_dags/example_branch_day_of_week_operator.py for tasks to queue
[2025-07-13T10:31:49.802+0000] {logging_mixin.py:120} INFO - [2025-07-13T10:31:49.802+0000] {dagbag.py:537} INFO - Filling up the DagBag from /home/airflow/.local/lib/python3.7/site-packages/airflow/example_dags/example_branch_day_of_week_operator.py
[2025-07-13T10:31:49.839+0000] {processor.py:766} INFO - DAG(s) dict_keys(['example_weekday_branch_operator']) retrieved from /home/airflow/.local/lib/python3.7/site-packages/airflow/example_dags/example_branch_day_of_week_operator.py
[2025-07-13T10:31:49.980+0000] {logging_mixin.py:120} INFO - [2025-07-13T10:31:49.979+0000] {dag.py:2585} INFO - Sync 1 DAGs
[2025-07-13T10:31:50.053+0000] {logging_mixin.py:120} INFO - [2025-07-13T10:31:50.053+0000] {dag.py:3340} INFO - Setting next_dagrun for example_weekday_branch_operator to 2025-07-12T00:00:00+00:00, run_after=2025-07-13T00:00:00+00:00
[2025-07-13T10:31:50.105+0000] {processor.py:176} INFO - Processing /home/airflow/.local/lib/python3.7/site-packages/airflow/example_dags/example_branch_day_of_week_operator.py took 0.310 seconds
[2025-07-13T10:32:20.211+0000] {processor.py:154} INFO - Started process (PID=5177) to work on /home/airflow/.local/lib/python3.7/site-packages/airflow/example_dags/example_branch_day_of_week_operator.py
[2025-07-13T10:32:20.212+0000] {processor.py:756} INFO - Processing file /home/airflow/.local/lib/python3.7/site-packages/airflow/example_dags/example_branch_day_of_week_operator.py for tasks to queue
[2025-07-13T10:32:20.213+0000] {logging_mixin.py:120} INFO - [2025-07-13T10:32:20.213+0000] {dagbag.py:537} INFO - Filling up the DagBag from /home/airflow/.local/lib/python3.7/site-packages/airflow/example_dags/example_branch_day_of_week_operator.py
[2025-07-13T10:32:20.233+0000] {processor.py:766} INFO - DAG(s) dict_keys(['example_weekday_branch_operator']) retrieved from /home/airflow/.local/lib/python3.7/site-packages/airflow/example_dags/example_branch_day_of_week_operator.py
[2025-07-13T10:32:20.290+0000] {logging_mixin.py:120} INFO - [2025-07-13T10:32:20.290+0000] {dag.py:2585} INFO - Sync 1 DAGs
[2025-07-13T10:32:20.325+0000] {logging_mixin.py:120} INFO - [2025-07-13T10:32:20.325+0000] {dag.py:3340} INFO - Setting next_dagrun for example_weekday_branch_operator to 2025-07-12T00:00:00+00:00, run_after=2025-07-13T00:00:00+00:00
[2025-07-13T10:32:20.357+0000] {processor.py:176} INFO - Processing /home/airflow/.local/lib/python3.7/site-packages/airflow/example_dags/example_branch_day_of_week_operator.py took 0.150 seconds
[2025-07-13T10:32:51.088+0000] {processor.py:154} INFO - Started process (PID=5232) to work on /home/airflow/.local/lib/python3.7/site-packages/airflow/example_dags/example_branch_day_of_week_operator.py
[2025-07-13T10:32:51.090+0000] {processor.py:756} INFO - Processing file /home/airflow/.local/lib/python3.7/site-packages/airflow/example_dags/example_branch_day_of_week_operator.py for tasks to queue
[2025-07-13T10:32:51.092+0000] {logging_mixin.py:120} INFO - [2025-07-13T10:32:51.091+0000] {dagbag.py:537} INFO - Filling up the DagBag from /home/airflow/.local/lib/python3.7/site-packages/airflow/example_dags/example_branch_day_of_week_operator.py
[2025-07-13T10:32:51.115+0000] {processor.py:766} INFO - DAG(s) dict_keys(['example_weekday_branch_operator']) retrieved from /home/airflow/.local/lib/python3.7/site-packages/airflow/example_dags/example_branch_day_of_week_operator.py
[2025-07-13T10:32:51.181+0000] {logging_mixin.py:120} INFO - [2025-07-13T10:32:51.180+0000] {dag.py:2585} INFO - Sync 1 DAGs
[2025-07-13T10:32:51.209+0000] {logging_mixin.py:120} INFO - [2025-07-13T10:32:51.209+0000] {dag.py:3340} INFO - Setting next_dagrun for example_weekday_branch_operator to 2025-07-12T00:00:00+00:00, run_after=2025-07-13T00:00:00+00:00
[2025-07-13T10:32:51.232+0000] {processor.py:176} INFO - Processing /home/airflow/.local/lib/python3.7/site-packages/airflow/example_dags/example_branch_day_of_week_operator.py took 0.150 seconds
[2025-07-13T10:33:22.212+0000] {processor.py:154} INFO - Started process (PID=5295) to work on /home/airflow/.local/lib/python3.7/site-packages/airflow/example_dags/example_branch_day_of_week_operator.py
[2025-07-13T10:33:22.213+0000] {processor.py:756} INFO - Processing file /home/airflow/.local/lib/python3.7/site-packages/airflow/example_dags/example_branch_day_of_week_operator.py for tasks to queue
[2025-07-13T10:33:22.215+0000] {logging_mixin.py:120} INFO - [2025-07-13T10:33:22.215+0000] {dagbag.py:537} INFO - Filling up the DagBag from /home/airflow/.local/lib/python3.7/site-packages/airflow/example_dags/example_branch_day_of_week_operator.py
[2025-07-13T10:33:22.247+0000] {processor.py:766} INFO - DAG(s) dict_keys(['example_weekday_branch_operator']) retrieved from /home/airflow/.local/lib/python3.7/site-packages/airflow/example_dags/example_branch_day_of_week_operator.py
[2025-07-13T10:33:22.307+0000] {logging_mixin.py:120} INFO - [2025-07-13T10:33:22.307+0000] {dag.py:2585} INFO - Sync 1 DAGs
[2025-07-13T10:33:22.341+0000] {logging_mixin.py:120} INFO - [2025-07-13T10:33:22.341+0000] {dag.py:3340} INFO - Setting next_dagrun for example_weekday_branch_operator to 2025-07-12T00:00:00+00:00, run_after=2025-07-13T00:00:00+00:00
[2025-07-13T10:33:22.376+0000] {processor.py:176} INFO - Processing /home/airflow/.local/lib/python3.7/site-packages/airflow/example_dags/example_branch_day_of_week_operator.py took 0.170 seconds
[2025-07-13T10:33:52.625+0000] {processor.py:154} INFO - Started process (PID=5359) to work on /home/airflow/.local/lib/python3.7/site-packages/airflow/example_dags/example_branch_day_of_week_operator.py
[2025-07-13T10:33:52.627+0000] {processor.py:756} INFO - Processing file /home/airflow/.local/lib/python3.7/site-packages/airflow/example_dags/example_branch_day_of_week_operator.py for tasks to queue
[2025-07-13T10:33:52.628+0000] {logging_mixin.py:120} INFO - [2025-07-13T10:33:52.627+0000] {dagbag.py:537} INFO - Filling up the DagBag from /home/airflow/.local/lib/python3.7/site-packages/airflow/example_dags/example_branch_day_of_week_operator.py
[2025-07-13T10:33:52.646+0000] {processor.py:766} INFO - DAG(s) dict_keys(['example_weekday_branch_operator']) retrieved from /home/airflow/.local/lib/python3.7/site-packages/airflow/example_dags/example_branch_day_of_week_operator.py
[2025-07-13T10:33:52.695+0000] {logging_mixin.py:120} INFO - [2025-07-13T10:33:52.695+0000] {dag.py:2585} INFO - Sync 1 DAGs
[2025-07-13T10:33:52.730+0000] {logging_mixin.py:120} INFO - [2025-07-13T10:33:52.730+0000] {dag.py:3340} INFO - Setting next_dagrun for example_weekday_branch_operator to 2025-07-12T00:00:00+00:00, run_after=2025-07-13T00:00:00+00:00
[2025-07-13T10:33:52.756+0000] {processor.py:176} INFO - Processing /home/airflow/.local/lib/python3.7/site-packages/airflow/example_dags/example_branch_day_of_week_operator.py took 0.135 seconds
[2025-07-13T10:34:23.547+0000] {processor.py:154} INFO - Started process (PID=5415) to work on /home/airflow/.local/lib/python3.7/site-packages/airflow/example_dags/example_branch_day_of_week_operator.py
[2025-07-13T10:34:23.549+0000] {processor.py:756} INFO - Processing file /home/airflow/.local/lib/python3.7/site-packages/airflow/example_dags/example_branch_day_of_week_operator.py for tasks to queue
[2025-07-13T10:34:23.550+0000] {logging_mixin.py:120} INFO - [2025-07-13T10:34:23.550+0000] {dagbag.py:537} INFO - Filling up the DagBag from /home/airflow/.local/lib/python3.7/site-packages/airflow/example_dags/example_branch_day_of_week_operator.py
[2025-07-13T10:34:23.582+0000] {processor.py:766} INFO - DAG(s) dict_keys(['example_weekday_branch_operator']) retrieved from /home/airflow/.local/lib/python3.7/site-packages/airflow/example_dags/example_branch_day_of_week_operator.py
[2025-07-13T10:34:23.655+0000] {logging_mixin.py:120} INFO - [2025-07-13T10:34:23.655+0000] {dag.py:2585} INFO - Sync 1 DAGs
[2025-07-13T10:34:23.705+0000] {logging_mixin.py:120} INFO - [2025-07-13T10:34:23.705+0000] {dag.py:3340} INFO - Setting next_dagrun for example_weekday_branch_operator to 2025-07-12T00:00:00+00:00, run_after=2025-07-13T00:00:00+00:00
[2025-07-13T10:34:23.739+0000] {processor.py:176} INFO - Processing /home/airflow/.local/lib/python3.7/site-packages/airflow/example_dags/example_branch_day_of_week_operator.py took 0.197 seconds
[2025-07-13T10:34:53.862+0000] {processor.py:154} INFO - Started process (PID=5477) to work on /home/airflow/.local/lib/python3.7/site-packages/airflow/example_dags/example_branch_day_of_week_operator.py
[2025-07-13T10:34:53.864+0000] {processor.py:756} INFO - Processing file /home/airflow/.local/lib/python3.7/site-packages/airflow/example_dags/example_branch_day_of_week_operator.py for tasks to queue
[2025-07-13T10:34:53.865+0000] {logging_mixin.py:120} INFO - [2025-07-13T10:34:53.865+0000] {dagbag.py:537} INFO - Filling up the DagBag from /home/airflow/.local/lib/python3.7/site-packages/airflow/example_dags/example_branch_day_of_week_operator.py
[2025-07-13T10:34:53.900+0000] {processor.py:766} INFO - DAG(s) dict_keys(['example_weekday_branch_operator']) retrieved from /home/airflow/.local/lib/python3.7/site-packages/airflow/example_dags/example_branch_day_of_week_operator.py
[2025-07-13T10:34:53.976+0000] {logging_mixin.py:120} INFO - [2025-07-13T10:34:53.976+0000] {dag.py:2585} INFO - Sync 1 DAGs
[2025-07-13T10:34:54.020+0000] {logging_mixin.py:120} INFO - [2025-07-13T10:34:54.020+0000] {dag.py:3340} INFO - Setting next_dagrun for example_weekday_branch_operator to 2025-07-12T00:00:00+00:00, run_after=2025-07-13T00:00:00+00:00
[2025-07-13T10:34:54.050+0000] {processor.py:176} INFO - Processing /home/airflow/.local/lib/python3.7/site-packages/airflow/example_dags/example_branch_day_of_week_operator.py took 0.193 seconds
[2025-07-13T10:35:24.964+0000] {processor.py:154} INFO - Started process (PID=5540) to work on /home/airflow/.local/lib/python3.7/site-packages/airflow/example_dags/example_branch_day_of_week_operator.py
[2025-07-13T10:35:24.966+0000] {processor.py:756} INFO - Processing file /home/airflow/.local/lib/python3.7/site-packages/airflow/example_dags/example_branch_day_of_week_operator.py for tasks to queue
[2025-07-13T10:35:24.967+0000] {logging_mixin.py:120} INFO - [2025-07-13T10:35:24.967+0000] {dagbag.py:537} INFO - Filling up the DagBag from /home/airflow/.local/lib/python3.7/site-packages/airflow/example_dags/example_branch_day_of_week_operator.py
[2025-07-13T10:35:24.992+0000] {processor.py:766} INFO - DAG(s) dict_keys(['example_weekday_branch_operator']) retrieved from /home/airflow/.local/lib/python3.7/site-packages/airflow/example_dags/example_branch_day_of_week_operator.py
[2025-07-13T10:35:25.055+0000] {logging_mixin.py:120} INFO - [2025-07-13T10:35:25.055+0000] {dag.py:2585} INFO - Sync 1 DAGs
[2025-07-13T10:35:25.093+0000] {logging_mixin.py:120} INFO - [2025-07-13T10:35:25.093+0000] {dag.py:3340} INFO - Setting next_dagrun for example_weekday_branch_operator to 2025-07-12T00:00:00+00:00, run_after=2025-07-13T00:00:00+00:00
[2025-07-13T10:35:25.126+0000] {processor.py:176} INFO - Processing /home/airflow/.local/lib/python3.7/site-packages/airflow/example_dags/example_branch_day_of_week_operator.py took 0.166 seconds
[2025-07-13T10:35:55.542+0000] {processor.py:154} INFO - Started process (PID=5593) to work on /home/airflow/.local/lib/python3.7/site-packages/airflow/example_dags/example_branch_day_of_week_operator.py
[2025-07-13T10:35:55.544+0000] {processor.py:756} INFO - Processing file /home/airflow/.local/lib/python3.7/site-packages/airflow/example_dags/example_branch_day_of_week_operator.py for tasks to queue
[2025-07-13T10:35:55.545+0000] {logging_mixin.py:120} INFO - [2025-07-13T10:35:55.545+0000] {dagbag.py:537} INFO - Filling up the DagBag from /home/airflow/.local/lib/python3.7/site-packages/airflow/example_dags/example_branch_day_of_week_operator.py
[2025-07-13T10:35:55.568+0000] {processor.py:766} INFO - DAG(s) dict_keys(['example_weekday_branch_operator']) retrieved from /home/airflow/.local/lib/python3.7/site-packages/airflow/example_dags/example_branch_day_of_week_operator.py
[2025-07-13T10:35:55.634+0000] {logging_mixin.py:120} INFO - [2025-07-13T10:35:55.634+0000] {dag.py:2585} INFO - Sync 1 DAGs
[2025-07-13T10:35:55.701+0000] {logging_mixin.py:120} INFO - [2025-07-13T10:35:55.701+0000] {dag.py:3340} INFO - Setting next_dagrun for example_weekday_branch_operator to 2025-07-12T00:00:00+00:00, run_after=2025-07-13T00:00:00+00:00
[2025-07-13T10:35:55.750+0000] {processor.py:176} INFO - Processing /home/airflow/.local/lib/python3.7/site-packages/airflow/example_dags/example_branch_day_of_week_operator.py took 0.214 seconds
[2025-07-13T10:36:25.812+0000] {processor.py:154} INFO - Started process (PID=5656) to work on /home/airflow/.local/lib/python3.7/site-packages/airflow/example_dags/example_branch_day_of_week_operator.py
[2025-07-13T10:36:25.813+0000] {processor.py:756} INFO - Processing file /home/airflow/.local/lib/python3.7/site-packages/airflow/example_dags/example_branch_day_of_week_operator.py for tasks to queue
[2025-07-13T10:36:25.815+0000] {logging_mixin.py:120} INFO - [2025-07-13T10:36:25.814+0000] {dagbag.py:537} INFO - Filling up the DagBag from /home/airflow/.local/lib/python3.7/site-packages/airflow/example_dags/example_branch_day_of_week_operator.py
[2025-07-13T10:36:25.834+0000] {processor.py:766} INFO - DAG(s) dict_keys(['example_weekday_branch_operator']) retrieved from /home/airflow/.local/lib/python3.7/site-packages/airflow/example_dags/example_branch_day_of_week_operator.py
[2025-07-13T10:36:25.892+0000] {logging_mixin.py:120} INFO - [2025-07-13T10:36:25.891+0000] {dag.py:2585} INFO - Sync 1 DAGs
[2025-07-13T10:36:25.930+0000] {logging_mixin.py:120} INFO - [2025-07-13T10:36:25.930+0000] {dag.py:3340} INFO - Setting next_dagrun for example_weekday_branch_operator to 2025-07-12T00:00:00+00:00, run_after=2025-07-13T00:00:00+00:00
[2025-07-13T10:36:25.958+0000] {processor.py:176} INFO - Processing /home/airflow/.local/lib/python3.7/site-packages/airflow/example_dags/example_branch_day_of_week_operator.py took 0.149 seconds
[2025-07-13T10:36:56.260+0000] {processor.py:154} INFO - Started process (PID=5717) to work on /home/airflow/.local/lib/python3.7/site-packages/airflow/example_dags/example_branch_day_of_week_operator.py
[2025-07-13T10:36:56.262+0000] {processor.py:756} INFO - Processing file /home/airflow/.local/lib/python3.7/site-packages/airflow/example_dags/example_branch_day_of_week_operator.py for tasks to queue
[2025-07-13T10:36:56.263+0000] {logging_mixin.py:120} INFO - [2025-07-13T10:36:56.263+0000] {dagbag.py:537} INFO - Filling up the DagBag from /home/airflow/.local/lib/python3.7/site-packages/airflow/example_dags/example_branch_day_of_week_operator.py
[2025-07-13T10:36:56.287+0000] {processor.py:766} INFO - DAG(s) dict_keys(['example_weekday_branch_operator']) retrieved from /home/airflow/.local/lib/python3.7/site-packages/airflow/example_dags/example_branch_day_of_week_operator.py
[2025-07-13T10:36:56.344+0000] {logging_mixin.py:120} INFO - [2025-07-13T10:36:56.343+0000] {dag.py:2585} INFO - Sync 1 DAGs
[2025-07-13T10:36:56.381+0000] {logging_mixin.py:120} INFO - [2025-07-13T10:36:56.381+0000] {dag.py:3340} INFO - Setting next_dagrun for example_weekday_branch_operator to 2025-07-12T00:00:00+00:00, run_after=2025-07-13T00:00:00+00:00
[2025-07-13T10:36:56.414+0000] {processor.py:176} INFO - Processing /home/airflow/.local/lib/python3.7/site-packages/airflow/example_dags/example_branch_day_of_week_operator.py took 0.159 seconds
[2025-07-13T10:37:26.599+0000] {processor.py:154} INFO - Started process (PID=5773) to work on /home/airflow/.local/lib/python3.7/site-packages/airflow/example_dags/example_branch_day_of_week_operator.py
[2025-07-13T10:37:26.600+0000] {processor.py:756} INFO - Processing file /home/airflow/.local/lib/python3.7/site-packages/airflow/example_dags/example_branch_day_of_week_operator.py for tasks to queue
[2025-07-13T10:37:26.602+0000] {logging_mixin.py:120} INFO - [2025-07-13T10:37:26.601+0000] {dagbag.py:537} INFO - Filling up the DagBag from /home/airflow/.local/lib/python3.7/site-packages/airflow/example_dags/example_branch_day_of_week_operator.py
[2025-07-13T10:37:26.620+0000] {processor.py:766} INFO - DAG(s) dict_keys(['example_weekday_branch_operator']) retrieved from /home/airflow/.local/lib/python3.7/site-packages/airflow/example_dags/example_branch_day_of_week_operator.py
[2025-07-13T10:37:26.667+0000] {logging_mixin.py:120} INFO - [2025-07-13T10:37:26.667+0000] {dag.py:2585} INFO - Sync 1 DAGs
[2025-07-13T10:37:26.697+0000] {logging_mixin.py:120} INFO - [2025-07-13T10:37:26.697+0000] {dag.py:3340} INFO - Setting next_dagrun for example_weekday_branch_operator to 2025-07-12T00:00:00+00:00, run_after=2025-07-13T00:00:00+00:00
[2025-07-13T10:37:26.726+0000] {processor.py:176} INFO - Processing /home/airflow/.local/lib/python3.7/site-packages/airflow/example_dags/example_branch_day_of_week_operator.py took 0.132 seconds
[2025-07-13T10:37:57.250+0000] {processor.py:154} INFO - Started process (PID=5835) to work on /home/airflow/.local/lib/python3.7/site-packages/airflow/example_dags/example_branch_day_of_week_operator.py
[2025-07-13T10:37:57.252+0000] {processor.py:756} INFO - Processing file /home/airflow/.local/lib/python3.7/site-packages/airflow/example_dags/example_branch_day_of_week_operator.py for tasks to queue
[2025-07-13T10:37:57.255+0000] {logging_mixin.py:120} INFO - [2025-07-13T10:37:57.255+0000] {dagbag.py:537} INFO - Filling up the DagBag from /home/airflow/.local/lib/python3.7/site-packages/airflow/example_dags/example_branch_day_of_week_operator.py
[2025-07-13T10:37:57.290+0000] {processor.py:766} INFO - DAG(s) dict_keys(['example_weekday_branch_operator']) retrieved from /home/airflow/.local/lib/python3.7/site-packages/airflow/example_dags/example_branch_day_of_week_operator.py
[2025-07-13T10:37:57.378+0000] {logging_mixin.py:120} INFO - [2025-07-13T10:37:57.377+0000] {dag.py:2585} INFO - Sync 1 DAGs
[2025-07-13T10:37:57.435+0000] {logging_mixin.py:120} INFO - [2025-07-13T10:37:57.434+0000] {dag.py:3340} INFO - Setting next_dagrun for example_weekday_branch_operator to 2025-07-12T00:00:00+00:00, run_after=2025-07-13T00:00:00+00:00
[2025-07-13T10:37:57.503+0000] {processor.py:176} INFO - Processing /home/airflow/.local/lib/python3.7/site-packages/airflow/example_dags/example_branch_day_of_week_operator.py took 0.263 seconds
[2025-07-13T10:38:28.472+0000] {processor.py:154} INFO - Started process (PID=5899) to work on /home/airflow/.local/lib/python3.7/site-packages/airflow/example_dags/example_branch_day_of_week_operator.py
[2025-07-13T10:38:28.473+0000] {processor.py:756} INFO - Processing file /home/airflow/.local/lib/python3.7/site-packages/airflow/example_dags/example_branch_day_of_week_operator.py for tasks to queue
[2025-07-13T10:38:28.474+0000] {logging_mixin.py:120} INFO - [2025-07-13T10:38:28.474+0000] {dagbag.py:537} INFO - Filling up the DagBag from /home/airflow/.local/lib/python3.7/site-packages/airflow/example_dags/example_branch_day_of_week_operator.py
[2025-07-13T10:38:28.498+0000] {processor.py:766} INFO - DAG(s) dict_keys(['example_weekday_branch_operator']) retrieved from /home/airflow/.local/lib/python3.7/site-packages/airflow/example_dags/example_branch_day_of_week_operator.py
[2025-07-13T10:38:28.557+0000] {logging_mixin.py:120} INFO - [2025-07-13T10:38:28.556+0000] {dag.py:2585} INFO - Sync 1 DAGs
[2025-07-13T10:38:28.597+0000] {logging_mixin.py:120} INFO - [2025-07-13T10:38:28.597+0000] {dag.py:3340} INFO - Setting next_dagrun for example_weekday_branch_operator to 2025-07-12T00:00:00+00:00, run_after=2025-07-13T00:00:00+00:00
[2025-07-13T10:38:28.630+0000] {processor.py:176} INFO - Processing /home/airflow/.local/lib/python3.7/site-packages/airflow/example_dags/example_branch_day_of_week_operator.py took 0.164 seconds
[2025-07-13T10:38:59.278+0000] {processor.py:154} INFO - Started process (PID=5953) to work on /home/airflow/.local/lib/python3.7/site-packages/airflow/example_dags/example_branch_day_of_week_operator.py
[2025-07-13T10:38:59.280+0000] {processor.py:756} INFO - Processing file /home/airflow/.local/lib/python3.7/site-packages/airflow/example_dags/example_branch_day_of_week_operator.py for tasks to queue
[2025-07-13T10:38:59.281+0000] {logging_mixin.py:120} INFO - [2025-07-13T10:38:59.281+0000] {dagbag.py:537} INFO - Filling up the DagBag from /home/airflow/.local/lib/python3.7/site-packages/airflow/example_dags/example_branch_day_of_week_operator.py
[2025-07-13T10:38:59.304+0000] {processor.py:766} INFO - DAG(s) dict_keys(['example_weekday_branch_operator']) retrieved from /home/airflow/.local/lib/python3.7/site-packages/airflow/example_dags/example_branch_day_of_week_operator.py
[2025-07-13T10:38:59.365+0000] {logging_mixin.py:120} INFO - [2025-07-13T10:38:59.365+0000] {dag.py:2585} INFO - Sync 1 DAGs
[2025-07-13T10:38:59.402+0000] {logging_mixin.py:120} INFO - [2025-07-13T10:38:59.402+0000] {dag.py:3340} INFO - Setting next_dagrun for example_weekday_branch_operator to 2025-07-12T00:00:00+00:00, run_after=2025-07-13T00:00:00+00:00
[2025-07-13T10:38:59.438+0000] {processor.py:176} INFO - Processing /home/airflow/.local/lib/python3.7/site-packages/airflow/example_dags/example_branch_day_of_week_operator.py took 0.165 seconds
[2025-07-13T10:39:29.502+0000] {processor.py:154} INFO - Started process (PID=6016) to work on /home/airflow/.local/lib/python3.7/site-packages/airflow/example_dags/example_branch_day_of_week_operator.py
[2025-07-13T10:39:29.506+0000] {processor.py:756} INFO - Processing file /home/airflow/.local/lib/python3.7/site-packages/airflow/example_dags/example_branch_day_of_week_operator.py for tasks to queue
[2025-07-13T10:39:29.509+0000] {logging_mixin.py:120} INFO - [2025-07-13T10:39:29.509+0000] {dagbag.py:537} INFO - Filling up the DagBag from /home/airflow/.local/lib/python3.7/site-packages/airflow/example_dags/example_branch_day_of_week_operator.py
[2025-07-13T10:39:29.536+0000] {processor.py:766} INFO - DAG(s) dict_keys(['example_weekday_branch_operator']) retrieved from /home/airflow/.local/lib/python3.7/site-packages/airflow/example_dags/example_branch_day_of_week_operator.py
[2025-07-13T10:39:29.583+0000] {logging_mixin.py:120} INFO - [2025-07-13T10:39:29.582+0000] {dag.py:2585} INFO - Sync 1 DAGs
[2025-07-13T10:39:29.610+0000] {logging_mixin.py:120} INFO - [2025-07-13T10:39:29.610+0000] {dag.py:3340} INFO - Setting next_dagrun for example_weekday_branch_operator to 2025-07-12T00:00:00+00:00, run_after=2025-07-13T00:00:00+00:00
[2025-07-13T10:39:29.653+0000] {processor.py:176} INFO - Processing /home/airflow/.local/lib/python3.7/site-packages/airflow/example_dags/example_branch_day_of_week_operator.py took 0.158 seconds
[2025-07-13T10:40:00.041+0000] {processor.py:154} INFO - Started process (PID=6078) to work on /home/airflow/.local/lib/python3.7/site-packages/airflow/example_dags/example_branch_day_of_week_operator.py
[2025-07-13T10:40:00.042+0000] {processor.py:756} INFO - Processing file /home/airflow/.local/lib/python3.7/site-packages/airflow/example_dags/example_branch_day_of_week_operator.py for tasks to queue
[2025-07-13T10:40:00.044+0000] {logging_mixin.py:120} INFO - [2025-07-13T10:40:00.044+0000] {dagbag.py:537} INFO - Filling up the DagBag from /home/airflow/.local/lib/python3.7/site-packages/airflow/example_dags/example_branch_day_of_week_operator.py
[2025-07-13T10:40:00.075+0000] {processor.py:766} INFO - DAG(s) dict_keys(['example_weekday_branch_operator']) retrieved from /home/airflow/.local/lib/python3.7/site-packages/airflow/example_dags/example_branch_day_of_week_operator.py
[2025-07-13T10:40:00.154+0000] {logging_mixin.py:120} INFO - [2025-07-13T10:40:00.154+0000] {dag.py:2585} INFO - Sync 1 DAGs
[2025-07-13T10:40:00.200+0000] {logging_mixin.py:120} INFO - [2025-07-13T10:40:00.199+0000] {dag.py:3340} INFO - Setting next_dagrun for example_weekday_branch_operator to 2025-07-12T00:00:00+00:00, run_after=2025-07-13T00:00:00+00:00
[2025-07-13T10:40:00.273+0000] {processor.py:176} INFO - Processing /home/airflow/.local/lib/python3.7/site-packages/airflow/example_dags/example_branch_day_of_week_operator.py took 0.238 seconds
[2025-07-13T10:40:30.607+0000] {processor.py:154} INFO - Started process (PID=6132) to work on /home/airflow/.local/lib/python3.7/site-packages/airflow/example_dags/example_branch_day_of_week_operator.py
[2025-07-13T10:40:30.608+0000] {processor.py:756} INFO - Processing file /home/airflow/.local/lib/python3.7/site-packages/airflow/example_dags/example_branch_day_of_week_operator.py for tasks to queue
[2025-07-13T10:40:30.609+0000] {logging_mixin.py:120} INFO - [2025-07-13T10:40:30.609+0000] {dagbag.py:537} INFO - Filling up the DagBag from /home/airflow/.local/lib/python3.7/site-packages/airflow/example_dags/example_branch_day_of_week_operator.py
[2025-07-13T10:40:30.627+0000] {processor.py:766} INFO - DAG(s) dict_keys(['example_weekday_branch_operator']) retrieved from /home/airflow/.local/lib/python3.7/site-packages/airflow/example_dags/example_branch_day_of_week_operator.py
[2025-07-13T10:40:30.676+0000] {logging_mixin.py:120} INFO - [2025-07-13T10:40:30.676+0000] {dag.py:2585} INFO - Sync 1 DAGs
[2025-07-13T10:40:30.704+0000] {logging_mixin.py:120} INFO - [2025-07-13T10:40:30.704+0000] {dag.py:3340} INFO - Setting next_dagrun for example_weekday_branch_operator to 2025-07-12T00:00:00+00:00, run_after=2025-07-13T00:00:00+00:00
[2025-07-13T10:40:30.728+0000] {processor.py:176} INFO - Processing /home/airflow/.local/lib/python3.7/site-packages/airflow/example_dags/example_branch_day_of_week_operator.py took 0.125 seconds
[2025-07-13T10:41:00.967+0000] {processor.py:154} INFO - Started process (PID=6194) to work on /home/airflow/.local/lib/python3.7/site-packages/airflow/example_dags/example_branch_day_of_week_operator.py
[2025-07-13T10:41:00.968+0000] {processor.py:756} INFO - Processing file /home/airflow/.local/lib/python3.7/site-packages/airflow/example_dags/example_branch_day_of_week_operator.py for tasks to queue
[2025-07-13T10:41:00.970+0000] {logging_mixin.py:120} INFO - [2025-07-13T10:41:00.969+0000] {dagbag.py:537} INFO - Filling up the DagBag from /home/airflow/.local/lib/python3.7/site-packages/airflow/example_dags/example_branch_day_of_week_operator.py
[2025-07-13T10:41:00.995+0000] {processor.py:766} INFO - DAG(s) dict_keys(['example_weekday_branch_operator']) retrieved from /home/airflow/.local/lib/python3.7/site-packages/airflow/example_dags/example_branch_day_of_week_operator.py
[2025-07-13T10:41:01.055+0000] {logging_mixin.py:120} INFO - [2025-07-13T10:41:01.054+0000] {dag.py:2585} INFO - Sync 1 DAGs
[2025-07-13T10:41:01.092+0000] {logging_mixin.py:120} INFO - [2025-07-13T10:41:01.092+0000] {dag.py:3340} INFO - Setting next_dagrun for example_weekday_branch_operator to 2025-07-12T00:00:00+00:00, run_after=2025-07-13T00:00:00+00:00
[2025-07-13T10:41:01.122+0000] {processor.py:176} INFO - Processing /home/airflow/.local/lib/python3.7/site-packages/airflow/example_dags/example_branch_day_of_week_operator.py took 0.160 seconds
[2025-07-13T10:41:31.380+0000] {processor.py:154} INFO - Started process (PID=6248) to work on /home/airflow/.local/lib/python3.7/site-packages/airflow/example_dags/example_branch_day_of_week_operator.py
[2025-07-13T10:41:31.381+0000] {processor.py:756} INFO - Processing file /home/airflow/.local/lib/python3.7/site-packages/airflow/example_dags/example_branch_day_of_week_operator.py for tasks to queue
[2025-07-13T10:41:31.383+0000] {logging_mixin.py:120} INFO - [2025-07-13T10:41:31.382+0000] {dagbag.py:537} INFO - Filling up the DagBag from /home/airflow/.local/lib/python3.7/site-packages/airflow/example_dags/example_branch_day_of_week_operator.py
[2025-07-13T10:41:31.409+0000] {processor.py:766} INFO - DAG(s) dict_keys(['example_weekday_branch_operator']) retrieved from /home/airflow/.local/lib/python3.7/site-packages/airflow/example_dags/example_branch_day_of_week_operator.py
[2025-07-13T10:41:31.466+0000] {logging_mixin.py:120} INFO - [2025-07-13T10:41:31.465+0000] {dag.py:2585} INFO - Sync 1 DAGs
[2025-07-13T10:41:31.508+0000] {logging_mixin.py:120} INFO - [2025-07-13T10:41:31.507+0000] {dag.py:3340} INFO - Setting next_dagrun for example_weekday_branch_operator to 2025-07-12T00:00:00+00:00, run_after=2025-07-13T00:00:00+00:00
[2025-07-13T10:41:31.536+0000] {processor.py:176} INFO - Processing /home/airflow/.local/lib/python3.7/site-packages/airflow/example_dags/example_branch_day_of_week_operator.py took 0.161 seconds
[2025-07-13T10:42:02.138+0000] {processor.py:154} INFO - Started process (PID=6311) to work on /home/airflow/.local/lib/python3.7/site-packages/airflow/example_dags/example_branch_day_of_week_operator.py
[2025-07-13T10:42:02.140+0000] {processor.py:756} INFO - Processing file /home/airflow/.local/lib/python3.7/site-packages/airflow/example_dags/example_branch_day_of_week_operator.py for tasks to queue
[2025-07-13T10:42:02.141+0000] {logging_mixin.py:120} INFO - [2025-07-13T10:42:02.141+0000] {dagbag.py:537} INFO - Filling up the DagBag from /home/airflow/.local/lib/python3.7/site-packages/airflow/example_dags/example_branch_day_of_week_operator.py
[2025-07-13T10:42:02.169+0000] {processor.py:766} INFO - DAG(s) dict_keys(['example_weekday_branch_operator']) retrieved from /home/airflow/.local/lib/python3.7/site-packages/airflow/example_dags/example_branch_day_of_week_operator.py
[2025-07-13T10:42:02.229+0000] {logging_mixin.py:120} INFO - [2025-07-13T10:42:02.228+0000] {dag.py:2585} INFO - Sync 1 DAGs
[2025-07-13T10:42:02.263+0000] {logging_mixin.py:120} INFO - [2025-07-13T10:42:02.263+0000] {dag.py:3340} INFO - Setting next_dagrun for example_weekday_branch_operator to 2025-07-12T00:00:00+00:00, run_after=2025-07-13T00:00:00+00:00
[2025-07-13T10:42:02.292+0000] {processor.py:176} INFO - Processing /home/airflow/.local/lib/python3.7/site-packages/airflow/example_dags/example_branch_day_of_week_operator.py took 0.161 seconds
[2025-07-13T10:55:00.909+0000] {processor.py:154} INFO - Started process (PID=6380) to work on /home/airflow/.local/lib/python3.7/site-packages/airflow/example_dags/example_branch_day_of_week_operator.py
[2025-07-13T10:55:00.913+0000] {processor.py:756} INFO - Processing file /home/airflow/.local/lib/python3.7/site-packages/airflow/example_dags/example_branch_day_of_week_operator.py for tasks to queue
[2025-07-13T10:55:00.915+0000] {logging_mixin.py:120} INFO - [2025-07-13T10:55:00.915+0000] {dagbag.py:537} INFO - Filling up the DagBag from /home/airflow/.local/lib/python3.7/site-packages/airflow/example_dags/example_branch_day_of_week_operator.py
[2025-07-13T10:55:00.952+0000] {processor.py:766} INFO - DAG(s) dict_keys(['example_weekday_branch_operator']) retrieved from /home/airflow/.local/lib/python3.7/site-packages/airflow/example_dags/example_branch_day_of_week_operator.py
[2025-07-13T10:55:01.034+0000] {logging_mixin.py:120} INFO - [2025-07-13T10:55:01.033+0000] {dag.py:2585} INFO - Sync 1 DAGs
[2025-07-13T10:55:01.081+0000] {logging_mixin.py:120} INFO - [2025-07-13T10:55:01.080+0000] {dag.py:3340} INFO - Setting next_dagrun for example_weekday_branch_operator to 2025-07-12T00:00:00+00:00, run_after=2025-07-13T00:00:00+00:00
[2025-07-13T10:55:01.123+0000] {processor.py:176} INFO - Processing /home/airflow/.local/lib/python3.7/site-packages/airflow/example_dags/example_branch_day_of_week_operator.py took 0.223 seconds
[2025-07-13T10:55:32.010+0000] {processor.py:154} INFO - Started process (PID=6435) to work on /home/airflow/.local/lib/python3.7/site-packages/airflow/example_dags/example_branch_day_of_week_operator.py
[2025-07-13T10:55:32.012+0000] {processor.py:756} INFO - Processing file /home/airflow/.local/lib/python3.7/site-packages/airflow/example_dags/example_branch_day_of_week_operator.py for tasks to queue
[2025-07-13T10:55:32.013+0000] {logging_mixin.py:120} INFO - [2025-07-13T10:55:32.013+0000] {dagbag.py:537} INFO - Filling up the DagBag from /home/airflow/.local/lib/python3.7/site-packages/airflow/example_dags/example_branch_day_of_week_operator.py
[2025-07-13T10:55:32.042+0000] {processor.py:766} INFO - DAG(s) dict_keys(['example_weekday_branch_operator']) retrieved from /home/airflow/.local/lib/python3.7/site-packages/airflow/example_dags/example_branch_day_of_week_operator.py
[2025-07-13T10:55:32.108+0000] {logging_mixin.py:120} INFO - [2025-07-13T10:55:32.107+0000] {dag.py:2585} INFO - Sync 1 DAGs
[2025-07-13T10:55:32.152+0000] {logging_mixin.py:120} INFO - [2025-07-13T10:55:32.152+0000] {dag.py:3340} INFO - Setting next_dagrun for example_weekday_branch_operator to 2025-07-12T00:00:00+00:00, run_after=2025-07-13T00:00:00+00:00
[2025-07-13T10:55:32.180+0000] {processor.py:176} INFO - Processing /home/airflow/.local/lib/python3.7/site-packages/airflow/example_dags/example_branch_day_of_week_operator.py took 0.174 seconds
[2025-07-13T10:56:02.236+0000] {processor.py:154} INFO - Started process (PID=6488) to work on /home/airflow/.local/lib/python3.7/site-packages/airflow/example_dags/example_branch_day_of_week_operator.py
[2025-07-13T10:56:02.237+0000] {processor.py:756} INFO - Processing file /home/airflow/.local/lib/python3.7/site-packages/airflow/example_dags/example_branch_day_of_week_operator.py for tasks to queue
[2025-07-13T10:56:02.238+0000] {logging_mixin.py:120} INFO - [2025-07-13T10:56:02.238+0000] {dagbag.py:537} INFO - Filling up the DagBag from /home/airflow/.local/lib/python3.7/site-packages/airflow/example_dags/example_branch_day_of_week_operator.py
[2025-07-13T10:56:02.263+0000] {processor.py:766} INFO - DAG(s) dict_keys(['example_weekday_branch_operator']) retrieved from /home/airflow/.local/lib/python3.7/site-packages/airflow/example_dags/example_branch_day_of_week_operator.py
[2025-07-13T10:56:02.335+0000] {logging_mixin.py:120} INFO - [2025-07-13T10:56:02.335+0000] {dag.py:2585} INFO - Sync 1 DAGs
[2025-07-13T10:56:02.380+0000] {logging_mixin.py:120} INFO - [2025-07-13T10:56:02.379+0000] {dag.py:3340} INFO - Setting next_dagrun for example_weekday_branch_operator to 2025-07-12T00:00:00+00:00, run_after=2025-07-13T00:00:00+00:00
[2025-07-13T10:56:02.413+0000] {processor.py:176} INFO - Processing /home/airflow/.local/lib/python3.7/site-packages/airflow/example_dags/example_branch_day_of_week_operator.py took 0.182 seconds
[2025-07-13T10:56:32.851+0000] {processor.py:154} INFO - Started process (PID=6551) to work on /home/airflow/.local/lib/python3.7/site-packages/airflow/example_dags/example_branch_day_of_week_operator.py
[2025-07-13T10:56:32.853+0000] {processor.py:756} INFO - Processing file /home/airflow/.local/lib/python3.7/site-packages/airflow/example_dags/example_branch_day_of_week_operator.py for tasks to queue
[2025-07-13T10:56:32.854+0000] {logging_mixin.py:120} INFO - [2025-07-13T10:56:32.854+0000] {dagbag.py:537} INFO - Filling up the DagBag from /home/airflow/.local/lib/python3.7/site-packages/airflow/example_dags/example_branch_day_of_week_operator.py
[2025-07-13T10:56:32.876+0000] {processor.py:766} INFO - DAG(s) dict_keys(['example_weekday_branch_operator']) retrieved from /home/airflow/.local/lib/python3.7/site-packages/airflow/example_dags/example_branch_day_of_week_operator.py
[2025-07-13T10:56:32.939+0000] {logging_mixin.py:120} INFO - [2025-07-13T10:56:32.938+0000] {dag.py:2585} INFO - Sync 1 DAGs
[2025-07-13T10:56:32.978+0000] {logging_mixin.py:120} INFO - [2025-07-13T10:56:32.978+0000] {dag.py:3340} INFO - Setting next_dagrun for example_weekday_branch_operator to 2025-07-12T00:00:00+00:00, run_after=2025-07-13T00:00:00+00:00
[2025-07-13T10:56:33.007+0000] {processor.py:176} INFO - Processing /home/airflow/.local/lib/python3.7/site-packages/airflow/example_dags/example_branch_day_of_week_operator.py took 0.162 seconds
[2025-07-13T10:57:03.543+0000] {processor.py:154} INFO - Started process (PID=6613) to work on /home/airflow/.local/lib/python3.7/site-packages/airflow/example_dags/example_branch_day_of_week_operator.py
[2025-07-13T10:57:03.545+0000] {processor.py:756} INFO - Processing file /home/airflow/.local/lib/python3.7/site-packages/airflow/example_dags/example_branch_day_of_week_operator.py for tasks to queue
[2025-07-13T10:57:03.547+0000] {logging_mixin.py:120} INFO - [2025-07-13T10:57:03.546+0000] {dagbag.py:537} INFO - Filling up the DagBag from /home/airflow/.local/lib/python3.7/site-packages/airflow/example_dags/example_branch_day_of_week_operator.py
[2025-07-13T10:57:03.574+0000] {processor.py:766} INFO - DAG(s) dict_keys(['example_weekday_branch_operator']) retrieved from /home/airflow/.local/lib/python3.7/site-packages/airflow/example_dags/example_branch_day_of_week_operator.py
[2025-07-13T10:57:03.638+0000] {logging_mixin.py:120} INFO - [2025-07-13T10:57:03.638+0000] {dag.py:2585} INFO - Sync 1 DAGs
[2025-07-13T10:57:03.682+0000] {logging_mixin.py:120} INFO - [2025-07-13T10:57:03.682+0000] {dag.py:3340} INFO - Setting next_dagrun for example_weekday_branch_operator to 2025-07-12T00:00:00+00:00, run_after=2025-07-13T00:00:00+00:00
[2025-07-13T10:57:03.720+0000] {processor.py:176} INFO - Processing /home/airflow/.local/lib/python3.7/site-packages/airflow/example_dags/example_branch_day_of_week_operator.py took 0.184 seconds
[2025-07-13T10:57:33.825+0000] {processor.py:154} INFO - Started process (PID=6667) to work on /home/airflow/.local/lib/python3.7/site-packages/airflow/example_dags/example_branch_day_of_week_operator.py
[2025-07-13T10:57:33.826+0000] {processor.py:756} INFO - Processing file /home/airflow/.local/lib/python3.7/site-packages/airflow/example_dags/example_branch_day_of_week_operator.py for tasks to queue
[2025-07-13T10:57:33.829+0000] {logging_mixin.py:120} INFO - [2025-07-13T10:57:33.828+0000] {dagbag.py:537} INFO - Filling up the DagBag from /home/airflow/.local/lib/python3.7/site-packages/airflow/example_dags/example_branch_day_of_week_operator.py
[2025-07-13T10:57:33.851+0000] {processor.py:766} INFO - DAG(s) dict_keys(['example_weekday_branch_operator']) retrieved from /home/airflow/.local/lib/python3.7/site-packages/airflow/example_dags/example_branch_day_of_week_operator.py
[2025-07-13T10:57:33.917+0000] {logging_mixin.py:120} INFO - [2025-07-13T10:57:33.917+0000] {dag.py:2585} INFO - Sync 1 DAGs
[2025-07-13T10:57:33.998+0000] {logging_mixin.py:120} INFO - [2025-07-13T10:57:33.998+0000] {dag.py:3340} INFO - Setting next_dagrun for example_weekday_branch_operator to 2025-07-12T00:00:00+00:00, run_after=2025-07-13T00:00:00+00:00
[2025-07-13T10:57:34.030+0000] {processor.py:176} INFO - Processing /home/airflow/.local/lib/python3.7/site-packages/airflow/example_dags/example_branch_day_of_week_operator.py took 0.209 seconds
[2025-07-13T10:58:04.288+0000] {processor.py:154} INFO - Started process (PID=6731) to work on /home/airflow/.local/lib/python3.7/site-packages/airflow/example_dags/example_branch_day_of_week_operator.py
[2025-07-13T10:58:04.289+0000] {processor.py:756} INFO - Processing file /home/airflow/.local/lib/python3.7/site-packages/airflow/example_dags/example_branch_day_of_week_operator.py for tasks to queue
[2025-07-13T10:58:04.290+0000] {logging_mixin.py:120} INFO - [2025-07-13T10:58:04.290+0000] {dagbag.py:537} INFO - Filling up the DagBag from /home/airflow/.local/lib/python3.7/site-packages/airflow/example_dags/example_branch_day_of_week_operator.py
[2025-07-13T10:58:04.314+0000] {processor.py:766} INFO - DAG(s) dict_keys(['example_weekday_branch_operator']) retrieved from /home/airflow/.local/lib/python3.7/site-packages/airflow/example_dags/example_branch_day_of_week_operator.py
[2025-07-13T10:58:04.423+0000] {logging_mixin.py:120} INFO - [2025-07-13T10:58:04.422+0000] {dag.py:2585} INFO - Sync 1 DAGs
[2025-07-13T10:58:04.542+0000] {logging_mixin.py:120} INFO - [2025-07-13T10:58:04.541+0000] {dag.py:3340} INFO - Setting next_dagrun for example_weekday_branch_operator to 2025-07-12T00:00:00+00:00, run_after=2025-07-13T00:00:00+00:00
[2025-07-13T10:58:04.612+0000] {processor.py:176} INFO - Processing /home/airflow/.local/lib/python3.7/site-packages/airflow/example_dags/example_branch_day_of_week_operator.py took 0.328 seconds
[2025-07-13T10:58:35.072+0000] {processor.py:154} INFO - Started process (PID=6785) to work on /home/airflow/.local/lib/python3.7/site-packages/airflow/example_dags/example_branch_day_of_week_operator.py
[2025-07-13T10:58:35.073+0000] {processor.py:756} INFO - Processing file /home/airflow/.local/lib/python3.7/site-packages/airflow/example_dags/example_branch_day_of_week_operator.py for tasks to queue
[2025-07-13T10:58:35.074+0000] {logging_mixin.py:120} INFO - [2025-07-13T10:58:35.074+0000] {dagbag.py:537} INFO - Filling up the DagBag from /home/airflow/.local/lib/python3.7/site-packages/airflow/example_dags/example_branch_day_of_week_operator.py
[2025-07-13T10:58:35.095+0000] {processor.py:766} INFO - DAG(s) dict_keys(['example_weekday_branch_operator']) retrieved from /home/airflow/.local/lib/python3.7/site-packages/airflow/example_dags/example_branch_day_of_week_operator.py
[2025-07-13T10:58:35.150+0000] {logging_mixin.py:120} INFO - [2025-07-13T10:58:35.150+0000] {dag.py:2585} INFO - Sync 1 DAGs
[2025-07-13T10:58:35.179+0000] {logging_mixin.py:120} INFO - [2025-07-13T10:58:35.179+0000] {dag.py:3340} INFO - Setting next_dagrun for example_weekday_branch_operator to 2025-07-12T00:00:00+00:00, run_after=2025-07-13T00:00:00+00:00
[2025-07-13T10:58:35.208+0000] {processor.py:176} INFO - Processing /home/airflow/.local/lib/python3.7/site-packages/airflow/example_dags/example_branch_day_of_week_operator.py took 0.142 seconds
[2025-07-13T10:59:05.820+0000] {processor.py:154} INFO - Started process (PID=6847) to work on /home/airflow/.local/lib/python3.7/site-packages/airflow/example_dags/example_branch_day_of_week_operator.py
[2025-07-13T10:59:05.821+0000] {processor.py:756} INFO - Processing file /home/airflow/.local/lib/python3.7/site-packages/airflow/example_dags/example_branch_day_of_week_operator.py for tasks to queue
[2025-07-13T10:59:05.823+0000] {logging_mixin.py:120} INFO - [2025-07-13T10:59:05.822+0000] {dagbag.py:537} INFO - Filling up the DagBag from /home/airflow/.local/lib/python3.7/site-packages/airflow/example_dags/example_branch_day_of_week_operator.py
[2025-07-13T10:59:05.847+0000] {processor.py:766} INFO - DAG(s) dict_keys(['example_weekday_branch_operator']) retrieved from /home/airflow/.local/lib/python3.7/site-packages/airflow/example_dags/example_branch_day_of_week_operator.py
[2025-07-13T10:59:05.910+0000] {logging_mixin.py:120} INFO - [2025-07-13T10:59:05.910+0000] {dag.py:2585} INFO - Sync 1 DAGs
[2025-07-13T10:59:05.939+0000] {logging_mixin.py:120} INFO - [2025-07-13T10:59:05.939+0000] {dag.py:3340} INFO - Setting next_dagrun for example_weekday_branch_operator to 2025-07-12T00:00:00+00:00, run_after=2025-07-13T00:00:00+00:00
[2025-07-13T10:59:05.967+0000] {processor.py:176} INFO - Processing /home/airflow/.local/lib/python3.7/site-packages/airflow/example_dags/example_branch_day_of_week_operator.py took 0.152 seconds
[2025-07-13T10:59:36.223+0000] {processor.py:154} INFO - Started process (PID=6910) to work on /home/airflow/.local/lib/python3.7/site-packages/airflow/example_dags/example_branch_day_of_week_operator.py
[2025-07-13T10:59:36.225+0000] {processor.py:756} INFO - Processing file /home/airflow/.local/lib/python3.7/site-packages/airflow/example_dags/example_branch_day_of_week_operator.py for tasks to queue
[2025-07-13T10:59:36.226+0000] {logging_mixin.py:120} INFO - [2025-07-13T10:59:36.226+0000] {dagbag.py:537} INFO - Filling up the DagBag from /home/airflow/.local/lib/python3.7/site-packages/airflow/example_dags/example_branch_day_of_week_operator.py
[2025-07-13T10:59:36.252+0000] {processor.py:766} INFO - DAG(s) dict_keys(['example_weekday_branch_operator']) retrieved from /home/airflow/.local/lib/python3.7/site-packages/airflow/example_dags/example_branch_day_of_week_operator.py
[2025-07-13T10:59:36.326+0000] {logging_mixin.py:120} INFO - [2025-07-13T10:59:36.326+0000] {dag.py:2585} INFO - Sync 1 DAGs
[2025-07-13T10:59:36.365+0000] {logging_mixin.py:120} INFO - [2025-07-13T10:59:36.365+0000] {dag.py:3340} INFO - Setting next_dagrun for example_weekday_branch_operator to 2025-07-12T00:00:00+00:00, run_after=2025-07-13T00:00:00+00:00
[2025-07-13T10:59:36.405+0000] {processor.py:176} INFO - Processing /home/airflow/.local/lib/python3.7/site-packages/airflow/example_dags/example_branch_day_of_week_operator.py took 0.187 seconds
[2025-07-13T11:00:06.734+0000] {processor.py:154} INFO - Started process (PID=6964) to work on /home/airflow/.local/lib/python3.7/site-packages/airflow/example_dags/example_branch_day_of_week_operator.py
[2025-07-13T11:00:06.736+0000] {processor.py:756} INFO - Processing file /home/airflow/.local/lib/python3.7/site-packages/airflow/example_dags/example_branch_day_of_week_operator.py for tasks to queue
[2025-07-13T11:00:06.737+0000] {logging_mixin.py:120} INFO - [2025-07-13T11:00:06.737+0000] {dagbag.py:537} INFO - Filling up the DagBag from /home/airflow/.local/lib/python3.7/site-packages/airflow/example_dags/example_branch_day_of_week_operator.py
[2025-07-13T11:00:06.757+0000] {processor.py:766} INFO - DAG(s) dict_keys(['example_weekday_branch_operator']) retrieved from /home/airflow/.local/lib/python3.7/site-packages/airflow/example_dags/example_branch_day_of_week_operator.py
[2025-07-13T11:00:06.812+0000] {logging_mixin.py:120} INFO - [2025-07-13T11:00:06.812+0000] {dag.py:2585} INFO - Sync 1 DAGs
[2025-07-13T11:00:06.854+0000] {logging_mixin.py:120} INFO - [2025-07-13T11:00:06.854+0000] {dag.py:3340} INFO - Setting next_dagrun for example_weekday_branch_operator to 2025-07-12T00:00:00+00:00, run_after=2025-07-13T00:00:00+00:00
[2025-07-13T11:00:06.886+0000] {processor.py:176} INFO - Processing /home/airflow/.local/lib/python3.7/site-packages/airflow/example_dags/example_branch_day_of_week_operator.py took 0.156 seconds
[2025-07-13T11:00:37.104+0000] {processor.py:154} INFO - Started process (PID=7026) to work on /home/airflow/.local/lib/python3.7/site-packages/airflow/example_dags/example_branch_day_of_week_operator.py
[2025-07-13T11:00:37.105+0000] {processor.py:756} INFO - Processing file /home/airflow/.local/lib/python3.7/site-packages/airflow/example_dags/example_branch_day_of_week_operator.py for tasks to queue
[2025-07-13T11:00:37.107+0000] {logging_mixin.py:120} INFO - [2025-07-13T11:00:37.107+0000] {dagbag.py:537} INFO - Filling up the DagBag from /home/airflow/.local/lib/python3.7/site-packages/airflow/example_dags/example_branch_day_of_week_operator.py
[2025-07-13T11:00:37.136+0000] {processor.py:766} INFO - DAG(s) dict_keys(['example_weekday_branch_operator']) retrieved from /home/airflow/.local/lib/python3.7/site-packages/airflow/example_dags/example_branch_day_of_week_operator.py
[2025-07-13T11:00:37.223+0000] {logging_mixin.py:120} INFO - [2025-07-13T11:00:37.223+0000] {dag.py:2585} INFO - Sync 1 DAGs
[2025-07-13T11:00:37.270+0000] {logging_mixin.py:120} INFO - [2025-07-13T11:00:37.270+0000] {dag.py:3340} INFO - Setting next_dagrun for example_weekday_branch_operator to 2025-07-12T00:00:00+00:00, run_after=2025-07-13T00:00:00+00:00
[2025-07-13T11:00:37.311+0000] {processor.py:176} INFO - Processing /home/airflow/.local/lib/python3.7/site-packages/airflow/example_dags/example_branch_day_of_week_operator.py took 0.211 seconds
[2025-07-13T11:01:07.728+0000] {processor.py:154} INFO - Started process (PID=7089) to work on /home/airflow/.local/lib/python3.7/site-packages/airflow/example_dags/example_branch_day_of_week_operator.py
[2025-07-13T11:01:07.729+0000] {processor.py:756} INFO - Processing file /home/airflow/.local/lib/python3.7/site-packages/airflow/example_dags/example_branch_day_of_week_operator.py for tasks to queue
[2025-07-13T11:01:07.734+0000] {logging_mixin.py:120} INFO - [2025-07-13T11:01:07.734+0000] {dagbag.py:537} INFO - Filling up the DagBag from /home/airflow/.local/lib/python3.7/site-packages/airflow/example_dags/example_branch_day_of_week_operator.py
[2025-07-13T11:01:07.776+0000] {processor.py:766} INFO - DAG(s) dict_keys(['example_weekday_branch_operator']) retrieved from /home/airflow/.local/lib/python3.7/site-packages/airflow/example_dags/example_branch_day_of_week_operator.py
[2025-07-13T11:01:07.865+0000] {logging_mixin.py:120} INFO - [2025-07-13T11:01:07.864+0000] {dag.py:2585} INFO - Sync 1 DAGs
[2025-07-13T11:01:07.901+0000] {logging_mixin.py:120} INFO - [2025-07-13T11:01:07.901+0000] {dag.py:3340} INFO - Setting next_dagrun for example_weekday_branch_operator to 2025-07-12T00:00:00+00:00, run_after=2025-07-13T00:00:00+00:00
[2025-07-13T11:01:07.933+0000] {processor.py:176} INFO - Processing /home/airflow/.local/lib/python3.7/site-packages/airflow/example_dags/example_branch_day_of_week_operator.py took 0.213 seconds
[2025-07-13T11:01:38.029+0000] {processor.py:154} INFO - Started process (PID=7143) to work on /home/airflow/.local/lib/python3.7/site-packages/airflow/example_dags/example_branch_day_of_week_operator.py
[2025-07-13T11:01:38.031+0000] {processor.py:756} INFO - Processing file /home/airflow/.local/lib/python3.7/site-packages/airflow/example_dags/example_branch_day_of_week_operator.py for tasks to queue
[2025-07-13T11:01:38.032+0000] {logging_mixin.py:120} INFO - [2025-07-13T11:01:38.032+0000] {dagbag.py:537} INFO - Filling up the DagBag from /home/airflow/.local/lib/python3.7/site-packages/airflow/example_dags/example_branch_day_of_week_operator.py
[2025-07-13T11:01:38.053+0000] {processor.py:766} INFO - DAG(s) dict_keys(['example_weekday_branch_operator']) retrieved from /home/airflow/.local/lib/python3.7/site-packages/airflow/example_dags/example_branch_day_of_week_operator.py
[2025-07-13T11:01:38.107+0000] {logging_mixin.py:120} INFO - [2025-07-13T11:01:38.107+0000] {dag.py:2585} INFO - Sync 1 DAGs
[2025-07-13T11:01:38.138+0000] {logging_mixin.py:120} INFO - [2025-07-13T11:01:38.137+0000] {dag.py:3340} INFO - Setting next_dagrun for example_weekday_branch_operator to 2025-07-12T00:00:00+00:00, run_after=2025-07-13T00:00:00+00:00
[2025-07-13T11:01:38.163+0000] {processor.py:176} INFO - Processing /home/airflow/.local/lib/python3.7/site-packages/airflow/example_dags/example_branch_day_of_week_operator.py took 0.139 seconds
[2025-07-13T11:02:08.616+0000] {processor.py:154} INFO - Started process (PID=7206) to work on /home/airflow/.local/lib/python3.7/site-packages/airflow/example_dags/example_branch_day_of_week_operator.py
[2025-07-13T11:02:08.618+0000] {processor.py:756} INFO - Processing file /home/airflow/.local/lib/python3.7/site-packages/airflow/example_dags/example_branch_day_of_week_operator.py for tasks to queue
[2025-07-13T11:02:08.619+0000] {logging_mixin.py:120} INFO - [2025-07-13T11:02:08.619+0000] {dagbag.py:537} INFO - Filling up the DagBag from /home/airflow/.local/lib/python3.7/site-packages/airflow/example_dags/example_branch_day_of_week_operator.py
[2025-07-13T11:02:08.647+0000] {processor.py:766} INFO - DAG(s) dict_keys(['example_weekday_branch_operator']) retrieved from /home/airflow/.local/lib/python3.7/site-packages/airflow/example_dags/example_branch_day_of_week_operator.py
[2025-07-13T11:02:08.705+0000] {logging_mixin.py:120} INFO - [2025-07-13T11:02:08.705+0000] {dag.py:2585} INFO - Sync 1 DAGs
[2025-07-13T11:02:08.749+0000] {logging_mixin.py:120} INFO - [2025-07-13T11:02:08.749+0000] {dag.py:3340} INFO - Setting next_dagrun for example_weekday_branch_operator to 2025-07-12T00:00:00+00:00, run_after=2025-07-13T00:00:00+00:00
[2025-07-13T11:02:08.787+0000] {processor.py:176} INFO - Processing /home/airflow/.local/lib/python3.7/site-packages/airflow/example_dags/example_branch_day_of_week_operator.py took 0.177 seconds
[2025-07-13T11:02:38.922+0000] {processor.py:154} INFO - Started process (PID=7269) to work on /home/airflow/.local/lib/python3.7/site-packages/airflow/example_dags/example_branch_day_of_week_operator.py
[2025-07-13T11:02:38.923+0000] {processor.py:756} INFO - Processing file /home/airflow/.local/lib/python3.7/site-packages/airflow/example_dags/example_branch_day_of_week_operator.py for tasks to queue
[2025-07-13T11:02:38.925+0000] {logging_mixin.py:120} INFO - [2025-07-13T11:02:38.924+0000] {dagbag.py:537} INFO - Filling up the DagBag from /home/airflow/.local/lib/python3.7/site-packages/airflow/example_dags/example_branch_day_of_week_operator.py
[2025-07-13T11:02:38.943+0000] {processor.py:766} INFO - DAG(s) dict_keys(['example_weekday_branch_operator']) retrieved from /home/airflow/.local/lib/python3.7/site-packages/airflow/example_dags/example_branch_day_of_week_operator.py
[2025-07-13T11:02:39.004+0000] {logging_mixin.py:120} INFO - [2025-07-13T11:02:39.004+0000] {dag.py:2585} INFO - Sync 1 DAGs
[2025-07-13T11:02:39.041+0000] {logging_mixin.py:120} INFO - [2025-07-13T11:02:39.041+0000] {dag.py:3340} INFO - Setting next_dagrun for example_weekday_branch_operator to 2025-07-12T00:00:00+00:00, run_after=2025-07-13T00:00:00+00:00
[2025-07-13T11:02:39.074+0000] {processor.py:176} INFO - Processing /home/airflow/.local/lib/python3.7/site-packages/airflow/example_dags/example_branch_day_of_week_operator.py took 0.156 seconds
[2025-07-13T11:03:09.213+0000] {processor.py:154} INFO - Started process (PID=7323) to work on /home/airflow/.local/lib/python3.7/site-packages/airflow/example_dags/example_branch_day_of_week_operator.py
[2025-07-13T11:03:09.215+0000] {processor.py:756} INFO - Processing file /home/airflow/.local/lib/python3.7/site-packages/airflow/example_dags/example_branch_day_of_week_operator.py for tasks to queue
[2025-07-13T11:03:09.217+0000] {logging_mixin.py:120} INFO - [2025-07-13T11:03:09.216+0000] {dagbag.py:537} INFO - Filling up the DagBag from /home/airflow/.local/lib/python3.7/site-packages/airflow/example_dags/example_branch_day_of_week_operator.py
[2025-07-13T11:03:09.252+0000] {processor.py:766} INFO - DAG(s) dict_keys(['example_weekday_branch_operator']) retrieved from /home/airflow/.local/lib/python3.7/site-packages/airflow/example_dags/example_branch_day_of_week_operator.py
[2025-07-13T11:03:09.317+0000] {logging_mixin.py:120} INFO - [2025-07-13T11:03:09.317+0000] {dag.py:2585} INFO - Sync 1 DAGs
[2025-07-13T11:03:09.365+0000] {logging_mixin.py:120} INFO - [2025-07-13T11:03:09.364+0000] {dag.py:3340} INFO - Setting next_dagrun for example_weekday_branch_operator to 2025-07-12T00:00:00+00:00, run_after=2025-07-13T00:00:00+00:00
[2025-07-13T11:03:09.406+0000] {processor.py:176} INFO - Processing /home/airflow/.local/lib/python3.7/site-packages/airflow/example_dags/example_branch_day_of_week_operator.py took 0.198 seconds
[2025-07-13T11:03:39.675+0000] {processor.py:154} INFO - Started process (PID=7386) to work on /home/airflow/.local/lib/python3.7/site-packages/airflow/example_dags/example_branch_day_of_week_operator.py
[2025-07-13T11:03:39.677+0000] {processor.py:756} INFO - Processing file /home/airflow/.local/lib/python3.7/site-packages/airflow/example_dags/example_branch_day_of_week_operator.py for tasks to queue
[2025-07-13T11:03:39.679+0000] {logging_mixin.py:120} INFO - [2025-07-13T11:03:39.678+0000] {dagbag.py:537} INFO - Filling up the DagBag from /home/airflow/.local/lib/python3.7/site-packages/airflow/example_dags/example_branch_day_of_week_operator.py
[2025-07-13T11:03:39.702+0000] {processor.py:766} INFO - DAG(s) dict_keys(['example_weekday_branch_operator']) retrieved from /home/airflow/.local/lib/python3.7/site-packages/airflow/example_dags/example_branch_day_of_week_operator.py
[2025-07-13T11:03:39.756+0000] {logging_mixin.py:120} INFO - [2025-07-13T11:03:39.756+0000] {dag.py:2585} INFO - Sync 1 DAGs
[2025-07-13T11:03:39.790+0000] {logging_mixin.py:120} INFO - [2025-07-13T11:03:39.790+0000] {dag.py:3340} INFO - Setting next_dagrun for example_weekday_branch_operator to 2025-07-12T00:00:00+00:00, run_after=2025-07-13T00:00:00+00:00
[2025-07-13T11:03:39.820+0000] {processor.py:176} INFO - Processing /home/airflow/.local/lib/python3.7/site-packages/airflow/example_dags/example_branch_day_of_week_operator.py took 0.150 seconds
[2025-07-13T11:04:10.099+0000] {processor.py:154} INFO - Started process (PID=7450) to work on /home/airflow/.local/lib/python3.7/site-packages/airflow/example_dags/example_branch_day_of_week_operator.py
[2025-07-13T11:04:10.100+0000] {processor.py:756} INFO - Processing file /home/airflow/.local/lib/python3.7/site-packages/airflow/example_dags/example_branch_day_of_week_operator.py for tasks to queue
[2025-07-13T11:04:10.101+0000] {logging_mixin.py:120} INFO - [2025-07-13T11:04:10.101+0000] {dagbag.py:537} INFO - Filling up the DagBag from /home/airflow/.local/lib/python3.7/site-packages/airflow/example_dags/example_branch_day_of_week_operator.py
[2025-07-13T11:04:10.128+0000] {processor.py:766} INFO - DAG(s) dict_keys(['example_weekday_branch_operator']) retrieved from /home/airflow/.local/lib/python3.7/site-packages/airflow/example_dags/example_branch_day_of_week_operator.py
[2025-07-13T11:04:10.198+0000] {logging_mixin.py:120} INFO - [2025-07-13T11:04:10.198+0000] {dag.py:2585} INFO - Sync 1 DAGs
[2025-07-13T11:04:10.238+0000] {logging_mixin.py:120} INFO - [2025-07-13T11:04:10.237+0000] {dag.py:3340} INFO - Setting next_dagrun for example_weekday_branch_operator to 2025-07-12T00:00:00+00:00, run_after=2025-07-13T00:00:00+00:00
[2025-07-13T11:04:10.269+0000] {processor.py:176} INFO - Processing /home/airflow/.local/lib/python3.7/site-packages/airflow/example_dags/example_branch_day_of_week_operator.py took 0.174 seconds
[2025-07-13T11:04:40.529+0000] {processor.py:154} INFO - Started process (PID=7503) to work on /home/airflow/.local/lib/python3.7/site-packages/airflow/example_dags/example_branch_day_of_week_operator.py
[2025-07-13T11:04:40.531+0000] {processor.py:756} INFO - Processing file /home/airflow/.local/lib/python3.7/site-packages/airflow/example_dags/example_branch_day_of_week_operator.py for tasks to queue
[2025-07-13T11:04:40.532+0000] {logging_mixin.py:120} INFO - [2025-07-13T11:04:40.532+0000] {dagbag.py:537} INFO - Filling up the DagBag from /home/airflow/.local/lib/python3.7/site-packages/airflow/example_dags/example_branch_day_of_week_operator.py
[2025-07-13T11:04:40.555+0000] {processor.py:766} INFO - DAG(s) dict_keys(['example_weekday_branch_operator']) retrieved from /home/airflow/.local/lib/python3.7/site-packages/airflow/example_dags/example_branch_day_of_week_operator.py
[2025-07-13T11:04:40.616+0000] {logging_mixin.py:120} INFO - [2025-07-13T11:04:40.616+0000] {dag.py:2585} INFO - Sync 1 DAGs
[2025-07-13T11:04:40.650+0000] {logging_mixin.py:120} INFO - [2025-07-13T11:04:40.650+0000] {dag.py:3340} INFO - Setting next_dagrun for example_weekday_branch_operator to 2025-07-12T00:00:00+00:00, run_after=2025-07-13T00:00:00+00:00
[2025-07-13T11:04:40.679+0000] {processor.py:176} INFO - Processing /home/airflow/.local/lib/python3.7/site-packages/airflow/example_dags/example_branch_day_of_week_operator.py took 0.154 seconds
[2025-07-13T11:05:11.553+0000] {processor.py:154} INFO - Started process (PID=7567) to work on /home/airflow/.local/lib/python3.7/site-packages/airflow/example_dags/example_branch_day_of_week_operator.py
[2025-07-13T11:05:11.554+0000] {processor.py:756} INFO - Processing file /home/airflow/.local/lib/python3.7/site-packages/airflow/example_dags/example_branch_day_of_week_operator.py for tasks to queue
[2025-07-13T11:05:11.557+0000] {logging_mixin.py:120} INFO - [2025-07-13T11:05:11.555+0000] {dagbag.py:537} INFO - Filling up the DagBag from /home/airflow/.local/lib/python3.7/site-packages/airflow/example_dags/example_branch_day_of_week_operator.py
[2025-07-13T11:05:11.575+0000] {processor.py:766} INFO - DAG(s) dict_keys(['example_weekday_branch_operator']) retrieved from /home/airflow/.local/lib/python3.7/site-packages/airflow/example_dags/example_branch_day_of_week_operator.py
[2025-07-13T11:05:11.635+0000] {logging_mixin.py:120} INFO - [2025-07-13T11:05:11.635+0000] {dag.py:2585} INFO - Sync 1 DAGs
[2025-07-13T11:05:11.665+0000] {logging_mixin.py:120} INFO - [2025-07-13T11:05:11.664+0000] {dag.py:3340} INFO - Setting next_dagrun for example_weekday_branch_operator to 2025-07-12T00:00:00+00:00, run_after=2025-07-13T00:00:00+00:00
[2025-07-13T11:05:11.698+0000] {processor.py:176} INFO - Processing /home/airflow/.local/lib/python3.7/site-packages/airflow/example_dags/example_branch_day_of_week_operator.py took 0.150 seconds
[2025-07-13T11:05:41.765+0000] {processor.py:154} INFO - Started process (PID=7630) to work on /home/airflow/.local/lib/python3.7/site-packages/airflow/example_dags/example_branch_day_of_week_operator.py
[2025-07-13T11:05:41.767+0000] {processor.py:756} INFO - Processing file /home/airflow/.local/lib/python3.7/site-packages/airflow/example_dags/example_branch_day_of_week_operator.py for tasks to queue
[2025-07-13T11:05:41.768+0000] {logging_mixin.py:120} INFO - [2025-07-13T11:05:41.768+0000] {dagbag.py:537} INFO - Filling up the DagBag from /home/airflow/.local/lib/python3.7/site-packages/airflow/example_dags/example_branch_day_of_week_operator.py
[2025-07-13T11:05:41.795+0000] {processor.py:766} INFO - DAG(s) dict_keys(['example_weekday_branch_operator']) retrieved from /home/airflow/.local/lib/python3.7/site-packages/airflow/example_dags/example_branch_day_of_week_operator.py
[2025-07-13T11:05:41.853+0000] {logging_mixin.py:120} INFO - [2025-07-13T11:05:41.853+0000] {dag.py:2585} INFO - Sync 1 DAGs
[2025-07-13T11:05:41.894+0000] {logging_mixin.py:120} INFO - [2025-07-13T11:05:41.894+0000] {dag.py:3340} INFO - Setting next_dagrun for example_weekday_branch_operator to 2025-07-12T00:00:00+00:00, run_after=2025-07-13T00:00:00+00:00
[2025-07-13T11:05:41.927+0000] {processor.py:176} INFO - Processing /home/airflow/.local/lib/python3.7/site-packages/airflow/example_dags/example_branch_day_of_week_operator.py took 0.166 seconds
[2025-07-13T11:06:12.224+0000] {processor.py:154} INFO - Started process (PID=7684) to work on /home/airflow/.local/lib/python3.7/site-packages/airflow/example_dags/example_branch_day_of_week_operator.py
[2025-07-13T11:06:12.225+0000] {processor.py:756} INFO - Processing file /home/airflow/.local/lib/python3.7/site-packages/airflow/example_dags/example_branch_day_of_week_operator.py for tasks to queue
[2025-07-13T11:06:12.228+0000] {logging_mixin.py:120} INFO - [2025-07-13T11:06:12.227+0000] {dagbag.py:537} INFO - Filling up the DagBag from /home/airflow/.local/lib/python3.7/site-packages/airflow/example_dags/example_branch_day_of_week_operator.py
[2025-07-13T11:06:12.273+0000] {processor.py:766} INFO - DAG(s) dict_keys(['example_weekday_branch_operator']) retrieved from /home/airflow/.local/lib/python3.7/site-packages/airflow/example_dags/example_branch_day_of_week_operator.py
[2025-07-13T11:06:12.362+0000] {logging_mixin.py:120} INFO - [2025-07-13T11:06:12.361+0000] {dag.py:2585} INFO - Sync 1 DAGs
[2025-07-13T11:06:12.411+0000] {logging_mixin.py:120} INFO - [2025-07-13T11:06:12.411+0000] {dag.py:3340} INFO - Setting next_dagrun for example_weekday_branch_operator to 2025-07-12T00:00:00+00:00, run_after=2025-07-13T00:00:00+00:00
[2025-07-13T11:06:12.466+0000] {processor.py:176} INFO - Processing /home/airflow/.local/lib/python3.7/site-packages/airflow/example_dags/example_branch_day_of_week_operator.py took 0.248 seconds
[2025-07-13T11:06:42.718+0000] {processor.py:154} INFO - Started process (PID=7747) to work on /home/airflow/.local/lib/python3.7/site-packages/airflow/example_dags/example_branch_day_of_week_operator.py
[2025-07-13T11:06:42.720+0000] {processor.py:756} INFO - Processing file /home/airflow/.local/lib/python3.7/site-packages/airflow/example_dags/example_branch_day_of_week_operator.py for tasks to queue
[2025-07-13T11:06:42.721+0000] {logging_mixin.py:120} INFO - [2025-07-13T11:06:42.721+0000] {dagbag.py:537} INFO - Filling up the DagBag from /home/airflow/.local/lib/python3.7/site-packages/airflow/example_dags/example_branch_day_of_week_operator.py
[2025-07-13T11:06:42.746+0000] {processor.py:766} INFO - DAG(s) dict_keys(['example_weekday_branch_operator']) retrieved from /home/airflow/.local/lib/python3.7/site-packages/airflow/example_dags/example_branch_day_of_week_operator.py
[2025-07-13T11:06:42.804+0000] {logging_mixin.py:120} INFO - [2025-07-13T11:06:42.804+0000] {dag.py:2585} INFO - Sync 1 DAGs
[2025-07-13T11:06:42.849+0000] {logging_mixin.py:120} INFO - [2025-07-13T11:06:42.848+0000] {dag.py:3340} INFO - Setting next_dagrun for example_weekday_branch_operator to 2025-07-12T00:00:00+00:00, run_after=2025-07-13T00:00:00+00:00
[2025-07-13T11:06:42.893+0000] {processor.py:176} INFO - Processing /home/airflow/.local/lib/python3.7/site-packages/airflow/example_dags/example_branch_day_of_week_operator.py took 0.179 seconds
[2025-07-13T11:07:12.960+0000] {processor.py:154} INFO - Started process (PID=7801) to work on /home/airflow/.local/lib/python3.7/site-packages/airflow/example_dags/example_branch_day_of_week_operator.py
[2025-07-13T11:07:12.961+0000] {processor.py:756} INFO - Processing file /home/airflow/.local/lib/python3.7/site-packages/airflow/example_dags/example_branch_day_of_week_operator.py for tasks to queue
[2025-07-13T11:07:12.962+0000] {logging_mixin.py:120} INFO - [2025-07-13T11:07:12.962+0000] {dagbag.py:537} INFO - Filling up the DagBag from /home/airflow/.local/lib/python3.7/site-packages/airflow/example_dags/example_branch_day_of_week_operator.py
[2025-07-13T11:07:12.987+0000] {processor.py:766} INFO - DAG(s) dict_keys(['example_weekday_branch_operator']) retrieved from /home/airflow/.local/lib/python3.7/site-packages/airflow/example_dags/example_branch_day_of_week_operator.py
[2025-07-13T11:07:13.071+0000] {logging_mixin.py:120} INFO - [2025-07-13T11:07:13.070+0000] {dag.py:2585} INFO - Sync 1 DAGs
[2025-07-13T11:07:13.103+0000] {logging_mixin.py:120} INFO - [2025-07-13T11:07:13.103+0000] {dag.py:3340} INFO - Setting next_dagrun for example_weekday_branch_operator to 2025-07-12T00:00:00+00:00, run_after=2025-07-13T00:00:00+00:00
[2025-07-13T11:07:13.134+0000] {processor.py:176} INFO - Processing /home/airflow/.local/lib/python3.7/site-packages/airflow/example_dags/example_branch_day_of_week_operator.py took 0.180 seconds
[2025-07-13T11:07:43.572+0000] {processor.py:154} INFO - Started process (PID=7864) to work on /home/airflow/.local/lib/python3.7/site-packages/airflow/example_dags/example_branch_day_of_week_operator.py
[2025-07-13T11:07:43.574+0000] {processor.py:756} INFO - Processing file /home/airflow/.local/lib/python3.7/site-packages/airflow/example_dags/example_branch_day_of_week_operator.py for tasks to queue
[2025-07-13T11:07:43.577+0000] {logging_mixin.py:120} INFO - [2025-07-13T11:07:43.576+0000] {dagbag.py:537} INFO - Filling up the DagBag from /home/airflow/.local/lib/python3.7/site-packages/airflow/example_dags/example_branch_day_of_week_operator.py
[2025-07-13T11:07:43.608+0000] {processor.py:766} INFO - DAG(s) dict_keys(['example_weekday_branch_operator']) retrieved from /home/airflow/.local/lib/python3.7/site-packages/airflow/example_dags/example_branch_day_of_week_operator.py
[2025-07-13T11:07:43.669+0000] {logging_mixin.py:120} INFO - [2025-07-13T11:07:43.668+0000] {dag.py:2585} INFO - Sync 1 DAGs
[2025-07-13T11:07:43.705+0000] {logging_mixin.py:120} INFO - [2025-07-13T11:07:43.705+0000] {dag.py:3340} INFO - Setting next_dagrun for example_weekday_branch_operator to 2025-07-12T00:00:00+00:00, run_after=2025-07-13T00:00:00+00:00
[2025-07-13T11:07:43.739+0000] {processor.py:176} INFO - Processing /home/airflow/.local/lib/python3.7/site-packages/airflow/example_dags/example_branch_day_of_week_operator.py took 0.171 seconds
[2025-07-13T11:08:13.857+0000] {processor.py:154} INFO - Started process (PID=7918) to work on /home/airflow/.local/lib/python3.7/site-packages/airflow/example_dags/example_branch_day_of_week_operator.py
[2025-07-13T11:08:13.858+0000] {processor.py:756} INFO - Processing file /home/airflow/.local/lib/python3.7/site-packages/airflow/example_dags/example_branch_day_of_week_operator.py for tasks to queue
[2025-07-13T11:08:13.859+0000] {logging_mixin.py:120} INFO - [2025-07-13T11:08:13.859+0000] {dagbag.py:537} INFO - Filling up the DagBag from /home/airflow/.local/lib/python3.7/site-packages/airflow/example_dags/example_branch_day_of_week_operator.py
[2025-07-13T11:08:13.877+0000] {processor.py:766} INFO - DAG(s) dict_keys(['example_weekday_branch_operator']) retrieved from /home/airflow/.local/lib/python3.7/site-packages/airflow/example_dags/example_branch_day_of_week_operator.py
[2025-07-13T11:08:13.930+0000] {logging_mixin.py:120} INFO - [2025-07-13T11:08:13.929+0000] {dag.py:2585} INFO - Sync 1 DAGs
[2025-07-13T11:08:13.960+0000] {logging_mixin.py:120} INFO - [2025-07-13T11:08:13.960+0000] {dag.py:3340} INFO - Setting next_dagrun for example_weekday_branch_operator to 2025-07-12T00:00:00+00:00, run_after=2025-07-13T00:00:00+00:00
[2025-07-13T11:08:13.992+0000] {processor.py:176} INFO - Processing /home/airflow/.local/lib/python3.7/site-packages/airflow/example_dags/example_branch_day_of_week_operator.py took 0.139 seconds
[2025-07-13T11:08:44.291+0000] {processor.py:154} INFO - Started process (PID=7982) to work on /home/airflow/.local/lib/python3.7/site-packages/airflow/example_dags/example_branch_day_of_week_operator.py
[2025-07-13T11:08:44.292+0000] {processor.py:756} INFO - Processing file /home/airflow/.local/lib/python3.7/site-packages/airflow/example_dags/example_branch_day_of_week_operator.py for tasks to queue
[2025-07-13T11:08:44.293+0000] {logging_mixin.py:120} INFO - [2025-07-13T11:08:44.293+0000] {dagbag.py:537} INFO - Filling up the DagBag from /home/airflow/.local/lib/python3.7/site-packages/airflow/example_dags/example_branch_day_of_week_operator.py
[2025-07-13T11:08:44.316+0000] {processor.py:766} INFO - DAG(s) dict_keys(['example_weekday_branch_operator']) retrieved from /home/airflow/.local/lib/python3.7/site-packages/airflow/example_dags/example_branch_day_of_week_operator.py
[2025-07-13T11:08:44.392+0000] {logging_mixin.py:120} INFO - [2025-07-13T11:08:44.391+0000] {dag.py:2585} INFO - Sync 1 DAGs
[2025-07-13T11:08:44.434+0000] {logging_mixin.py:120} INFO - [2025-07-13T11:08:44.433+0000] {dag.py:3340} INFO - Setting next_dagrun for example_weekday_branch_operator to 2025-07-12T00:00:00+00:00, run_after=2025-07-13T00:00:00+00:00
[2025-07-13T11:08:44.478+0000] {processor.py:176} INFO - Processing /home/airflow/.local/lib/python3.7/site-packages/airflow/example_dags/example_branch_day_of_week_operator.py took 0.192 seconds
[2025-07-13T11:09:14.794+0000] {processor.py:154} INFO - Started process (PID=8036) to work on /home/airflow/.local/lib/python3.7/site-packages/airflow/example_dags/example_branch_day_of_week_operator.py
[2025-07-13T11:09:14.796+0000] {processor.py:756} INFO - Processing file /home/airflow/.local/lib/python3.7/site-packages/airflow/example_dags/example_branch_day_of_week_operator.py for tasks to queue
[2025-07-13T11:09:14.798+0000] {logging_mixin.py:120} INFO - [2025-07-13T11:09:14.797+0000] {dagbag.py:537} INFO - Filling up the DagBag from /home/airflow/.local/lib/python3.7/site-packages/airflow/example_dags/example_branch_day_of_week_operator.py
[2025-07-13T11:09:14.824+0000] {processor.py:766} INFO - DAG(s) dict_keys(['example_weekday_branch_operator']) retrieved from /home/airflow/.local/lib/python3.7/site-packages/airflow/example_dags/example_branch_day_of_week_operator.py
[2025-07-13T11:09:14.991+0000] {logging_mixin.py:120} INFO - [2025-07-13T11:09:14.991+0000] {dag.py:2585} INFO - Sync 1 DAGs
[2025-07-13T11:09:15.090+0000] {logging_mixin.py:120} INFO - [2025-07-13T11:09:15.090+0000] {dag.py:3340} INFO - Setting next_dagrun for example_weekday_branch_operator to 2025-07-12T00:00:00+00:00, run_after=2025-07-13T00:00:00+00:00
[2025-07-13T11:09:15.131+0000] {processor.py:176} INFO - Processing /home/airflow/.local/lib/python3.7/site-packages/airflow/example_dags/example_branch_day_of_week_operator.py took 0.343 seconds
[2025-07-13T11:09:45.337+0000] {processor.py:154} INFO - Started process (PID=8099) to work on /home/airflow/.local/lib/python3.7/site-packages/airflow/example_dags/example_branch_day_of_week_operator.py
[2025-07-13T11:09:45.338+0000] {processor.py:756} INFO - Processing file /home/airflow/.local/lib/python3.7/site-packages/airflow/example_dags/example_branch_day_of_week_operator.py for tasks to queue
[2025-07-13T11:09:45.339+0000] {logging_mixin.py:120} INFO - [2025-07-13T11:09:45.339+0000] {dagbag.py:537} INFO - Filling up the DagBag from /home/airflow/.local/lib/python3.7/site-packages/airflow/example_dags/example_branch_day_of_week_operator.py
[2025-07-13T11:09:45.357+0000] {processor.py:766} INFO - DAG(s) dict_keys(['example_weekday_branch_operator']) retrieved from /home/airflow/.local/lib/python3.7/site-packages/airflow/example_dags/example_branch_day_of_week_operator.py
[2025-07-13T11:09:45.401+0000] {logging_mixin.py:120} INFO - [2025-07-13T11:09:45.401+0000] {dag.py:2585} INFO - Sync 1 DAGs
[2025-07-13T11:09:45.430+0000] {logging_mixin.py:120} INFO - [2025-07-13T11:09:45.430+0000] {dag.py:3340} INFO - Setting next_dagrun for example_weekday_branch_operator to 2025-07-12T00:00:00+00:00, run_after=2025-07-13T00:00:00+00:00
[2025-07-13T11:09:45.454+0000] {processor.py:176} INFO - Processing /home/airflow/.local/lib/python3.7/site-packages/airflow/example_dags/example_branch_day_of_week_operator.py took 0.121 seconds
[2025-07-13T11:10:15.777+0000] {processor.py:154} INFO - Started process (PID=8162) to work on /home/airflow/.local/lib/python3.7/site-packages/airflow/example_dags/example_branch_day_of_week_operator.py
[2025-07-13T11:10:15.779+0000] {processor.py:756} INFO - Processing file /home/airflow/.local/lib/python3.7/site-packages/airflow/example_dags/example_branch_day_of_week_operator.py for tasks to queue
[2025-07-13T11:10:15.780+0000] {logging_mixin.py:120} INFO - [2025-07-13T11:10:15.780+0000] {dagbag.py:537} INFO - Filling up the DagBag from /home/airflow/.local/lib/python3.7/site-packages/airflow/example_dags/example_branch_day_of_week_operator.py
[2025-07-13T11:10:15.823+0000] {processor.py:766} INFO - DAG(s) dict_keys(['example_weekday_branch_operator']) retrieved from /home/airflow/.local/lib/python3.7/site-packages/airflow/example_dags/example_branch_day_of_week_operator.py
[2025-07-13T11:10:15.898+0000] {logging_mixin.py:120} INFO - [2025-07-13T11:10:15.898+0000] {dag.py:2585} INFO - Sync 1 DAGs
[2025-07-13T11:10:15.948+0000] {logging_mixin.py:120} INFO - [2025-07-13T11:10:15.947+0000] {dag.py:3340} INFO - Setting next_dagrun for example_weekday_branch_operator to 2025-07-12T00:00:00+00:00, run_after=2025-07-13T00:00:00+00:00
[2025-07-13T11:10:15.997+0000] {processor.py:176} INFO - Processing /home/airflow/.local/lib/python3.7/site-packages/airflow/example_dags/example_branch_day_of_week_operator.py took 0.225 seconds
[2025-07-13T11:10:46.243+0000] {processor.py:154} INFO - Started process (PID=8216) to work on /home/airflow/.local/lib/python3.7/site-packages/airflow/example_dags/example_branch_day_of_week_operator.py
[2025-07-13T11:10:46.245+0000] {processor.py:756} INFO - Processing file /home/airflow/.local/lib/python3.7/site-packages/airflow/example_dags/example_branch_day_of_week_operator.py for tasks to queue
[2025-07-13T11:10:46.246+0000] {logging_mixin.py:120} INFO - [2025-07-13T11:10:46.246+0000] {dagbag.py:537} INFO - Filling up the DagBag from /home/airflow/.local/lib/python3.7/site-packages/airflow/example_dags/example_branch_day_of_week_operator.py
[2025-07-13T11:10:46.267+0000] {processor.py:766} INFO - DAG(s) dict_keys(['example_weekday_branch_operator']) retrieved from /home/airflow/.local/lib/python3.7/site-packages/airflow/example_dags/example_branch_day_of_week_operator.py
[2025-07-13T11:10:46.329+0000] {logging_mixin.py:120} INFO - [2025-07-13T11:10:46.328+0000] {dag.py:2585} INFO - Sync 1 DAGs
[2025-07-13T11:10:46.379+0000] {logging_mixin.py:120} INFO - [2025-07-13T11:10:46.379+0000] {dag.py:3340} INFO - Setting next_dagrun for example_weekday_branch_operator to 2025-07-12T00:00:00+00:00, run_after=2025-07-13T00:00:00+00:00
[2025-07-13T11:10:46.446+0000] {processor.py:176} INFO - Processing /home/airflow/.local/lib/python3.7/site-packages/airflow/example_dags/example_branch_day_of_week_operator.py took 0.208 seconds
[2025-07-13T11:11:16.660+0000] {processor.py:154} INFO - Started process (PID=8279) to work on /home/airflow/.local/lib/python3.7/site-packages/airflow/example_dags/example_branch_day_of_week_operator.py
[2025-07-13T11:11:16.661+0000] {processor.py:756} INFO - Processing file /home/airflow/.local/lib/python3.7/site-packages/airflow/example_dags/example_branch_day_of_week_operator.py for tasks to queue
[2025-07-13T11:11:16.663+0000] {logging_mixin.py:120} INFO - [2025-07-13T11:11:16.663+0000] {dagbag.py:537} INFO - Filling up the DagBag from /home/airflow/.local/lib/python3.7/site-packages/airflow/example_dags/example_branch_day_of_week_operator.py
[2025-07-13T11:11:16.684+0000] {processor.py:766} INFO - DAG(s) dict_keys(['example_weekday_branch_operator']) retrieved from /home/airflow/.local/lib/python3.7/site-packages/airflow/example_dags/example_branch_day_of_week_operator.py
[2025-07-13T11:11:16.735+0000] {logging_mixin.py:120} INFO - [2025-07-13T11:11:16.734+0000] {dag.py:2585} INFO - Sync 1 DAGs
[2025-07-13T11:11:16.770+0000] {logging_mixin.py:120} INFO - [2025-07-13T11:11:16.769+0000] {dag.py:3340} INFO - Setting next_dagrun for example_weekday_branch_operator to 2025-07-12T00:00:00+00:00, run_after=2025-07-13T00:00:00+00:00
[2025-07-13T11:11:16.804+0000] {processor.py:176} INFO - Processing /home/airflow/.local/lib/python3.7/site-packages/airflow/example_dags/example_branch_day_of_week_operator.py took 0.148 seconds
[2025-07-13T11:11:47.462+0000] {processor.py:154} INFO - Started process (PID=8342) to work on /home/airflow/.local/lib/python3.7/site-packages/airflow/example_dags/example_branch_day_of_week_operator.py
[2025-07-13T11:11:47.464+0000] {processor.py:756} INFO - Processing file /home/airflow/.local/lib/python3.7/site-packages/airflow/example_dags/example_branch_day_of_week_operator.py for tasks to queue
[2025-07-13T11:11:47.467+0000] {logging_mixin.py:120} INFO - [2025-07-13T11:11:47.467+0000] {dagbag.py:537} INFO - Filling up the DagBag from /home/airflow/.local/lib/python3.7/site-packages/airflow/example_dags/example_branch_day_of_week_operator.py
[2025-07-13T11:11:47.521+0000] {processor.py:766} INFO - DAG(s) dict_keys(['example_weekday_branch_operator']) retrieved from /home/airflow/.local/lib/python3.7/site-packages/airflow/example_dags/example_branch_day_of_week_operator.py
[2025-07-13T11:11:47.743+0000] {logging_mixin.py:120} INFO - [2025-07-13T11:11:47.743+0000] {dag.py:2585} INFO - Sync 1 DAGs
[2025-07-13T11:11:47.892+0000] {logging_mixin.py:120} INFO - [2025-07-13T11:11:47.892+0000] {dag.py:3340} INFO - Setting next_dagrun for example_weekday_branch_operator to 2025-07-12T00:00:00+00:00, run_after=2025-07-13T00:00:00+00:00
[2025-07-13T11:11:47.989+0000] {processor.py:176} INFO - Processing /home/airflow/.local/lib/python3.7/site-packages/airflow/example_dags/example_branch_day_of_week_operator.py took 0.533 seconds
[2025-07-13T11:12:18.900+0000] {processor.py:154} INFO - Started process (PID=8396) to work on /home/airflow/.local/lib/python3.7/site-packages/airflow/example_dags/example_branch_day_of_week_operator.py
[2025-07-13T11:12:18.902+0000] {processor.py:756} INFO - Processing file /home/airflow/.local/lib/python3.7/site-packages/airflow/example_dags/example_branch_day_of_week_operator.py for tasks to queue
[2025-07-13T11:12:18.903+0000] {logging_mixin.py:120} INFO - [2025-07-13T11:12:18.903+0000] {dagbag.py:537} INFO - Filling up the DagBag from /home/airflow/.local/lib/python3.7/site-packages/airflow/example_dags/example_branch_day_of_week_operator.py
[2025-07-13T11:12:18.927+0000] {processor.py:766} INFO - DAG(s) dict_keys(['example_weekday_branch_operator']) retrieved from /home/airflow/.local/lib/python3.7/site-packages/airflow/example_dags/example_branch_day_of_week_operator.py
[2025-07-13T11:12:19.043+0000] {logging_mixin.py:120} INFO - [2025-07-13T11:12:19.043+0000] {dag.py:2585} INFO - Sync 1 DAGs
[2025-07-13T11:12:19.132+0000] {logging_mixin.py:120} INFO - [2025-07-13T11:12:19.132+0000] {dag.py:3340} INFO - Setting next_dagrun for example_weekday_branch_operator to 2025-07-12T00:00:00+00:00, run_after=2025-07-13T00:00:00+00:00
[2025-07-13T11:12:19.162+0000] {processor.py:176} INFO - Processing /home/airflow/.local/lib/python3.7/site-packages/airflow/example_dags/example_branch_day_of_week_operator.py took 0.266 seconds
[2025-07-13T11:12:49.638+0000] {processor.py:154} INFO - Started process (PID=8459) to work on /home/airflow/.local/lib/python3.7/site-packages/airflow/example_dags/example_branch_day_of_week_operator.py
[2025-07-13T11:12:49.639+0000] {processor.py:756} INFO - Processing file /home/airflow/.local/lib/python3.7/site-packages/airflow/example_dags/example_branch_day_of_week_operator.py for tasks to queue
[2025-07-13T11:12:49.640+0000] {logging_mixin.py:120} INFO - [2025-07-13T11:12:49.640+0000] {dagbag.py:537} INFO - Filling up the DagBag from /home/airflow/.local/lib/python3.7/site-packages/airflow/example_dags/example_branch_day_of_week_operator.py
[2025-07-13T11:12:49.660+0000] {processor.py:766} INFO - DAG(s) dict_keys(['example_weekday_branch_operator']) retrieved from /home/airflow/.local/lib/python3.7/site-packages/airflow/example_dags/example_branch_day_of_week_operator.py
[2025-07-13T11:12:49.717+0000] {logging_mixin.py:120} INFO - [2025-07-13T11:12:49.717+0000] {dag.py:2585} INFO - Sync 1 DAGs
[2025-07-13T11:12:49.754+0000] {logging_mixin.py:120} INFO - [2025-07-13T11:12:49.754+0000] {dag.py:3340} INFO - Setting next_dagrun for example_weekday_branch_operator to 2025-07-12T00:00:00+00:00, run_after=2025-07-13T00:00:00+00:00
[2025-07-13T11:12:49.787+0000] {processor.py:176} INFO - Processing /home/airflow/.local/lib/python3.7/site-packages/airflow/example_dags/example_branch_day_of_week_operator.py took 0.153 seconds
[2025-07-13T11:13:20.441+0000] {processor.py:154} INFO - Started process (PID=8521) to work on /home/airflow/.local/lib/python3.7/site-packages/airflow/example_dags/example_branch_day_of_week_operator.py
[2025-07-13T11:13:20.442+0000] {processor.py:756} INFO - Processing file /home/airflow/.local/lib/python3.7/site-packages/airflow/example_dags/example_branch_day_of_week_operator.py for tasks to queue
[2025-07-13T11:13:20.443+0000] {logging_mixin.py:120} INFO - [2025-07-13T11:13:20.443+0000] {dagbag.py:537} INFO - Filling up the DagBag from /home/airflow/.local/lib/python3.7/site-packages/airflow/example_dags/example_branch_day_of_week_operator.py
[2025-07-13T11:13:20.462+0000] {processor.py:766} INFO - DAG(s) dict_keys(['example_weekday_branch_operator']) retrieved from /home/airflow/.local/lib/python3.7/site-packages/airflow/example_dags/example_branch_day_of_week_operator.py
[2025-07-13T11:13:20.518+0000] {logging_mixin.py:120} INFO - [2025-07-13T11:13:20.518+0000] {dag.py:2585} INFO - Sync 1 DAGs
[2025-07-13T11:13:20.552+0000] {logging_mixin.py:120} INFO - [2025-07-13T11:13:20.552+0000] {dag.py:3340} INFO - Setting next_dagrun for example_weekday_branch_operator to 2025-07-12T00:00:00+00:00, run_after=2025-07-13T00:00:00+00:00
[2025-07-13T11:13:20.586+0000] {processor.py:176} INFO - Processing /home/airflow/.local/lib/python3.7/site-packages/airflow/example_dags/example_branch_day_of_week_operator.py took 0.150 seconds
[2025-07-13T11:13:51.160+0000] {processor.py:154} INFO - Started process (PID=8575) to work on /home/airflow/.local/lib/python3.7/site-packages/airflow/example_dags/example_branch_day_of_week_operator.py
[2025-07-13T11:13:51.161+0000] {processor.py:756} INFO - Processing file /home/airflow/.local/lib/python3.7/site-packages/airflow/example_dags/example_branch_day_of_week_operator.py for tasks to queue
[2025-07-13T11:13:51.162+0000] {logging_mixin.py:120} INFO - [2025-07-13T11:13:51.162+0000] {dagbag.py:537} INFO - Filling up the DagBag from /home/airflow/.local/lib/python3.7/site-packages/airflow/example_dags/example_branch_day_of_week_operator.py
[2025-07-13T11:13:51.183+0000] {processor.py:766} INFO - DAG(s) dict_keys(['example_weekday_branch_operator']) retrieved from /home/airflow/.local/lib/python3.7/site-packages/airflow/example_dags/example_branch_day_of_week_operator.py
[2025-07-13T11:13:51.239+0000] {logging_mixin.py:120} INFO - [2025-07-13T11:13:51.238+0000] {dag.py:2585} INFO - Sync 1 DAGs
[2025-07-13T11:13:51.275+0000] {logging_mixin.py:120} INFO - [2025-07-13T11:13:51.275+0000] {dag.py:3340} INFO - Setting next_dagrun for example_weekday_branch_operator to 2025-07-12T00:00:00+00:00, run_after=2025-07-13T00:00:00+00:00
[2025-07-13T11:13:51.313+0000] {processor.py:176} INFO - Processing /home/airflow/.local/lib/python3.7/site-packages/airflow/example_dags/example_branch_day_of_week_operator.py took 0.157 seconds
[2025-07-13T11:14:21.540+0000] {processor.py:154} INFO - Started process (PID=8638) to work on /home/airflow/.local/lib/python3.7/site-packages/airflow/example_dags/example_branch_day_of_week_operator.py
[2025-07-13T11:14:21.542+0000] {processor.py:756} INFO - Processing file /home/airflow/.local/lib/python3.7/site-packages/airflow/example_dags/example_branch_day_of_week_operator.py for tasks to queue
[2025-07-13T11:14:21.544+0000] {logging_mixin.py:120} INFO - [2025-07-13T11:14:21.544+0000] {dagbag.py:537} INFO - Filling up the DagBag from /home/airflow/.local/lib/python3.7/site-packages/airflow/example_dags/example_branch_day_of_week_operator.py
[2025-07-13T11:14:21.572+0000] {processor.py:766} INFO - DAG(s) dict_keys(['example_weekday_branch_operator']) retrieved from /home/airflow/.local/lib/python3.7/site-packages/airflow/example_dags/example_branch_day_of_week_operator.py
[2025-07-13T11:14:21.638+0000] {logging_mixin.py:120} INFO - [2025-07-13T11:14:21.638+0000] {dag.py:2585} INFO - Sync 1 DAGs
[2025-07-13T11:14:21.683+0000] {logging_mixin.py:120} INFO - [2025-07-13T11:14:21.683+0000] {dag.py:3340} INFO - Setting next_dagrun for example_weekday_branch_operator to 2025-07-12T00:00:00+00:00, run_after=2025-07-13T00:00:00+00:00
[2025-07-13T11:14:21.732+0000] {processor.py:176} INFO - Processing /home/airflow/.local/lib/python3.7/site-packages/airflow/example_dags/example_branch_day_of_week_operator.py took 0.201 seconds
[2025-07-13T11:14:52.214+0000] {processor.py:154} INFO - Started process (PID=8701) to work on /home/airflow/.local/lib/python3.7/site-packages/airflow/example_dags/example_branch_day_of_week_operator.py
[2025-07-13T11:14:52.216+0000] {processor.py:756} INFO - Processing file /home/airflow/.local/lib/python3.7/site-packages/airflow/example_dags/example_branch_day_of_week_operator.py for tasks to queue
[2025-07-13T11:14:52.217+0000] {logging_mixin.py:120} INFO - [2025-07-13T11:14:52.217+0000] {dagbag.py:537} INFO - Filling up the DagBag from /home/airflow/.local/lib/python3.7/site-packages/airflow/example_dags/example_branch_day_of_week_operator.py
[2025-07-13T11:14:52.236+0000] {processor.py:766} INFO - DAG(s) dict_keys(['example_weekday_branch_operator']) retrieved from /home/airflow/.local/lib/python3.7/site-packages/airflow/example_dags/example_branch_day_of_week_operator.py
[2025-07-13T11:14:52.295+0000] {logging_mixin.py:120} INFO - [2025-07-13T11:14:52.295+0000] {dag.py:2585} INFO - Sync 1 DAGs
[2025-07-13T11:14:52.324+0000] {logging_mixin.py:120} INFO - [2025-07-13T11:14:52.324+0000] {dag.py:3340} INFO - Setting next_dagrun for example_weekday_branch_operator to 2025-07-12T00:00:00+00:00, run_after=2025-07-13T00:00:00+00:00
[2025-07-13T11:14:52.348+0000] {processor.py:176} INFO - Processing /home/airflow/.local/lib/python3.7/site-packages/airflow/example_dags/example_branch_day_of_week_operator.py took 0.141 seconds
[2025-07-13T11:15:22.861+0000] {processor.py:154} INFO - Started process (PID=8755) to work on /home/airflow/.local/lib/python3.7/site-packages/airflow/example_dags/example_branch_day_of_week_operator.py
[2025-07-13T11:15:22.862+0000] {processor.py:756} INFO - Processing file /home/airflow/.local/lib/python3.7/site-packages/airflow/example_dags/example_branch_day_of_week_operator.py for tasks to queue
[2025-07-13T11:15:22.864+0000] {logging_mixin.py:120} INFO - [2025-07-13T11:15:22.863+0000] {dagbag.py:537} INFO - Filling up the DagBag from /home/airflow/.local/lib/python3.7/site-packages/airflow/example_dags/example_branch_day_of_week_operator.py
[2025-07-13T11:15:22.887+0000] {processor.py:766} INFO - DAG(s) dict_keys(['example_weekday_branch_operator']) retrieved from /home/airflow/.local/lib/python3.7/site-packages/airflow/example_dags/example_branch_day_of_week_operator.py
[2025-07-13T11:15:22.949+0000] {logging_mixin.py:120} INFO - [2025-07-13T11:15:22.949+0000] {dag.py:2585} INFO - Sync 1 DAGs
[2025-07-13T11:15:22.981+0000] {logging_mixin.py:120} INFO - [2025-07-13T11:15:22.981+0000] {dag.py:3340} INFO - Setting next_dagrun for example_weekday_branch_operator to 2025-07-12T00:00:00+00:00, run_after=2025-07-13T00:00:00+00:00
[2025-07-13T11:15:23.009+0000] {processor.py:176} INFO - Processing /home/airflow/.local/lib/python3.7/site-packages/airflow/example_dags/example_branch_day_of_week_operator.py took 0.152 seconds
[2025-07-13T11:15:53.904+0000] {processor.py:154} INFO - Started process (PID=8818) to work on /home/airflow/.local/lib/python3.7/site-packages/airflow/example_dags/example_branch_day_of_week_operator.py
[2025-07-13T11:15:53.906+0000] {processor.py:756} INFO - Processing file /home/airflow/.local/lib/python3.7/site-packages/airflow/example_dags/example_branch_day_of_week_operator.py for tasks to queue
[2025-07-13T11:15:53.907+0000] {logging_mixin.py:120} INFO - [2025-07-13T11:15:53.906+0000] {dagbag.py:537} INFO - Filling up the DagBag from /home/airflow/.local/lib/python3.7/site-packages/airflow/example_dags/example_branch_day_of_week_operator.py
[2025-07-13T11:15:53.926+0000] {processor.py:766} INFO - DAG(s) dict_keys(['example_weekday_branch_operator']) retrieved from /home/airflow/.local/lib/python3.7/site-packages/airflow/example_dags/example_branch_day_of_week_operator.py
[2025-07-13T11:15:53.979+0000] {logging_mixin.py:120} INFO - [2025-07-13T11:15:53.979+0000] {dag.py:2585} INFO - Sync 1 DAGs
[2025-07-13T11:15:54.012+0000] {logging_mixin.py:120} INFO - [2025-07-13T11:15:54.012+0000] {dag.py:3340} INFO - Setting next_dagrun for example_weekday_branch_operator to 2025-07-12T00:00:00+00:00, run_after=2025-07-13T00:00:00+00:00
[2025-07-13T11:15:54.046+0000] {processor.py:176} INFO - Processing /home/airflow/.local/lib/python3.7/site-packages/airflow/example_dags/example_branch_day_of_week_operator.py took 0.145 seconds
[2025-07-13T11:16:25.012+0000] {processor.py:154} INFO - Started process (PID=8881) to work on /home/airflow/.local/lib/python3.7/site-packages/airflow/example_dags/example_branch_day_of_week_operator.py
[2025-07-13T11:16:25.014+0000] {processor.py:756} INFO - Processing file /home/airflow/.local/lib/python3.7/site-packages/airflow/example_dags/example_branch_day_of_week_operator.py for tasks to queue
[2025-07-13T11:16:25.015+0000] {logging_mixin.py:120} INFO - [2025-07-13T11:16:25.015+0000] {dagbag.py:537} INFO - Filling up the DagBag from /home/airflow/.local/lib/python3.7/site-packages/airflow/example_dags/example_branch_day_of_week_operator.py
[2025-07-13T11:16:25.042+0000] {processor.py:766} INFO - DAG(s) dict_keys(['example_weekday_branch_operator']) retrieved from /home/airflow/.local/lib/python3.7/site-packages/airflow/example_dags/example_branch_day_of_week_operator.py
[2025-07-13T11:16:25.115+0000] {logging_mixin.py:120} INFO - [2025-07-13T11:16:25.115+0000] {dag.py:2585} INFO - Sync 1 DAGs
[2025-07-13T11:16:25.175+0000] {logging_mixin.py:120} INFO - [2025-07-13T11:16:25.175+0000] {dag.py:3340} INFO - Setting next_dagrun for example_weekday_branch_operator to 2025-07-12T00:00:00+00:00, run_after=2025-07-13T00:00:00+00:00
[2025-07-13T11:16:25.242+0000] {processor.py:176} INFO - Processing /home/airflow/.local/lib/python3.7/site-packages/airflow/example_dags/example_branch_day_of_week_operator.py took 0.236 seconds
[2025-07-13T11:16:55.854+0000] {processor.py:154} INFO - Started process (PID=8935) to work on /home/airflow/.local/lib/python3.7/site-packages/airflow/example_dags/example_branch_day_of_week_operator.py
[2025-07-13T11:16:55.856+0000] {processor.py:756} INFO - Processing file /home/airflow/.local/lib/python3.7/site-packages/airflow/example_dags/example_branch_day_of_week_operator.py for tasks to queue
[2025-07-13T11:16:55.857+0000] {logging_mixin.py:120} INFO - [2025-07-13T11:16:55.857+0000] {dagbag.py:537} INFO - Filling up the DagBag from /home/airflow/.local/lib/python3.7/site-packages/airflow/example_dags/example_branch_day_of_week_operator.py
[2025-07-13T11:16:55.880+0000] {processor.py:766} INFO - DAG(s) dict_keys(['example_weekday_branch_operator']) retrieved from /home/airflow/.local/lib/python3.7/site-packages/airflow/example_dags/example_branch_day_of_week_operator.py
[2025-07-13T11:16:55.936+0000] {logging_mixin.py:120} INFO - [2025-07-13T11:16:55.936+0000] {dag.py:2585} INFO - Sync 1 DAGs
[2025-07-13T11:16:55.971+0000] {logging_mixin.py:120} INFO - [2025-07-13T11:16:55.971+0000] {dag.py:3340} INFO - Setting next_dagrun for example_weekday_branch_operator to 2025-07-12T00:00:00+00:00, run_after=2025-07-13T00:00:00+00:00
[2025-07-13T11:16:55.998+0000] {processor.py:176} INFO - Processing /home/airflow/.local/lib/python3.7/site-packages/airflow/example_dags/example_branch_day_of_week_operator.py took 0.147 seconds
[2025-07-13T11:17:26.430+0000] {processor.py:154} INFO - Started process (PID=8999) to work on /home/airflow/.local/lib/python3.7/site-packages/airflow/example_dags/example_branch_day_of_week_operator.py
[2025-07-13T11:17:26.432+0000] {processor.py:756} INFO - Processing file /home/airflow/.local/lib/python3.7/site-packages/airflow/example_dags/example_branch_day_of_week_operator.py for tasks to queue
[2025-07-13T11:17:26.433+0000] {logging_mixin.py:120} INFO - [2025-07-13T11:17:26.433+0000] {dagbag.py:537} INFO - Filling up the DagBag from /home/airflow/.local/lib/python3.7/site-packages/airflow/example_dags/example_branch_day_of_week_operator.py
[2025-07-13T11:17:26.452+0000] {processor.py:766} INFO - DAG(s) dict_keys(['example_weekday_branch_operator']) retrieved from /home/airflow/.local/lib/python3.7/site-packages/airflow/example_dags/example_branch_day_of_week_operator.py
[2025-07-13T11:17:26.517+0000] {logging_mixin.py:120} INFO - [2025-07-13T11:17:26.516+0000] {dag.py:2585} INFO - Sync 1 DAGs
[2025-07-13T11:17:26.562+0000] {logging_mixin.py:120} INFO - [2025-07-13T11:17:26.561+0000] {dag.py:3340} INFO - Setting next_dagrun for example_weekday_branch_operator to 2025-07-12T00:00:00+00:00, run_after=2025-07-13T00:00:00+00:00
[2025-07-13T11:17:26.591+0000] {processor.py:176} INFO - Processing /home/airflow/.local/lib/python3.7/site-packages/airflow/example_dags/example_branch_day_of_week_operator.py took 0.164 seconds
[2025-07-13T11:17:56.722+0000] {processor.py:154} INFO - Started process (PID=9063) to work on /home/airflow/.local/lib/python3.7/site-packages/airflow/example_dags/example_branch_day_of_week_operator.py
[2025-07-13T11:17:56.724+0000] {processor.py:756} INFO - Processing file /home/airflow/.local/lib/python3.7/site-packages/airflow/example_dags/example_branch_day_of_week_operator.py for tasks to queue
[2025-07-13T11:17:56.725+0000] {logging_mixin.py:120} INFO - [2025-07-13T11:17:56.725+0000] {dagbag.py:537} INFO - Filling up the DagBag from /home/airflow/.local/lib/python3.7/site-packages/airflow/example_dags/example_branch_day_of_week_operator.py
[2025-07-13T11:17:56.749+0000] {processor.py:766} INFO - DAG(s) dict_keys(['example_weekday_branch_operator']) retrieved from /home/airflow/.local/lib/python3.7/site-packages/airflow/example_dags/example_branch_day_of_week_operator.py
[2025-07-13T11:17:56.810+0000] {logging_mixin.py:120} INFO - [2025-07-13T11:17:56.810+0000] {dag.py:2585} INFO - Sync 1 DAGs
[2025-07-13T11:17:56.859+0000] {logging_mixin.py:120} INFO - [2025-07-13T11:17:56.858+0000] {dag.py:3340} INFO - Setting next_dagrun for example_weekday_branch_operator to 2025-07-12T00:00:00+00:00, run_after=2025-07-13T00:00:00+00:00
[2025-07-13T11:17:56.896+0000] {processor.py:176} INFO - Processing /home/airflow/.local/lib/python3.7/site-packages/airflow/example_dags/example_branch_day_of_week_operator.py took 0.179 seconds
[2025-07-13T11:18:27.354+0000] {processor.py:154} INFO - Started process (PID=9117) to work on /home/airflow/.local/lib/python3.7/site-packages/airflow/example_dags/example_branch_day_of_week_operator.py
[2025-07-13T11:18:27.355+0000] {processor.py:756} INFO - Processing file /home/airflow/.local/lib/python3.7/site-packages/airflow/example_dags/example_branch_day_of_week_operator.py for tasks to queue
[2025-07-13T11:18:27.357+0000] {logging_mixin.py:120} INFO - [2025-07-13T11:18:27.356+0000] {dagbag.py:537} INFO - Filling up the DagBag from /home/airflow/.local/lib/python3.7/site-packages/airflow/example_dags/example_branch_day_of_week_operator.py
[2025-07-13T11:18:27.385+0000] {processor.py:766} INFO - DAG(s) dict_keys(['example_weekday_branch_operator']) retrieved from /home/airflow/.local/lib/python3.7/site-packages/airflow/example_dags/example_branch_day_of_week_operator.py
[2025-07-13T11:18:27.487+0000] {logging_mixin.py:120} INFO - [2025-07-13T11:18:27.487+0000] {dag.py:2585} INFO - Sync 1 DAGs
[2025-07-13T11:18:27.532+0000] {logging_mixin.py:120} INFO - [2025-07-13T11:18:27.531+0000] {dag.py:3340} INFO - Setting next_dagrun for example_weekday_branch_operator to 2025-07-12T00:00:00+00:00, run_after=2025-07-13T00:00:00+00:00
[2025-07-13T11:18:27.578+0000] {processor.py:176} INFO - Processing /home/airflow/.local/lib/python3.7/site-packages/airflow/example_dags/example_branch_day_of_week_operator.py took 0.232 seconds
[2025-07-13T11:19:00.363+0000] {processor.py:154} INFO - Started process (PID=9180) to work on /home/airflow/.local/lib/python3.7/site-packages/airflow/example_dags/example_branch_day_of_week_operator.py
[2025-07-13T11:19:00.365+0000] {processor.py:756} INFO - Processing file /home/airflow/.local/lib/python3.7/site-packages/airflow/example_dags/example_branch_day_of_week_operator.py for tasks to queue
[2025-07-13T11:19:00.367+0000] {logging_mixin.py:120} INFO - [2025-07-13T11:19:00.367+0000] {dagbag.py:537} INFO - Filling up the DagBag from /home/airflow/.local/lib/python3.7/site-packages/airflow/example_dags/example_branch_day_of_week_operator.py
[2025-07-13T11:19:00.401+0000] {processor.py:766} INFO - DAG(s) dict_keys(['example_weekday_branch_operator']) retrieved from /home/airflow/.local/lib/python3.7/site-packages/airflow/example_dags/example_branch_day_of_week_operator.py
[2025-07-13T11:19:00.529+0000] {logging_mixin.py:120} INFO - [2025-07-13T11:19:00.529+0000] {dag.py:2585} INFO - Sync 1 DAGs
[2025-07-13T11:19:00.613+0000] {logging_mixin.py:120} INFO - [2025-07-13T11:19:00.612+0000] {dag.py:3340} INFO - Setting next_dagrun for example_weekday_branch_operator to 2025-07-12T00:00:00+00:00, run_after=2025-07-13T00:00:00+00:00
[2025-07-13T11:19:00.650+0000] {processor.py:176} INFO - Processing /home/airflow/.local/lib/python3.7/site-packages/airflow/example_dags/example_branch_day_of_week_operator.py took 0.292 seconds
[2025-07-13T11:19:31.751+0000] {processor.py:154} INFO - Started process (PID=9240) to work on /home/airflow/.local/lib/python3.7/site-packages/airflow/example_dags/example_branch_day_of_week_operator.py
[2025-07-13T11:19:31.752+0000] {processor.py:756} INFO - Processing file /home/airflow/.local/lib/python3.7/site-packages/airflow/example_dags/example_branch_day_of_week_operator.py for tasks to queue
[2025-07-13T11:19:31.762+0000] {logging_mixin.py:120} INFO - [2025-07-13T11:19:31.761+0000] {dagbag.py:537} INFO - Filling up the DagBag from /home/airflow/.local/lib/python3.7/site-packages/airflow/example_dags/example_branch_day_of_week_operator.py
[2025-07-13T11:19:31.810+0000] {processor.py:766} INFO - DAG(s) dict_keys(['example_weekday_branch_operator']) retrieved from /home/airflow/.local/lib/python3.7/site-packages/airflow/example_dags/example_branch_day_of_week_operator.py
[2025-07-13T11:19:31.932+0000] {logging_mixin.py:120} INFO - [2025-07-13T11:19:31.932+0000] {dag.py:2585} INFO - Sync 1 DAGs
[2025-07-13T11:19:32.061+0000] {logging_mixin.py:120} INFO - [2025-07-13T11:19:32.061+0000] {dag.py:3340} INFO - Setting next_dagrun for example_weekday_branch_operator to 2025-07-12T00:00:00+00:00, run_after=2025-07-13T00:00:00+00:00
[2025-07-13T11:19:32.109+0000] {processor.py:176} INFO - Processing /home/airflow/.local/lib/python3.7/site-packages/airflow/example_dags/example_branch_day_of_week_operator.py took 0.375 seconds
[2025-07-13T11:20:02.276+0000] {processor.py:154} INFO - Started process (PID=9287) to work on /home/airflow/.local/lib/python3.7/site-packages/airflow/example_dags/example_branch_day_of_week_operator.py
[2025-07-13T11:20:02.278+0000] {processor.py:756} INFO - Processing file /home/airflow/.local/lib/python3.7/site-packages/airflow/example_dags/example_branch_day_of_week_operator.py for tasks to queue
[2025-07-13T11:20:02.279+0000] {logging_mixin.py:120} INFO - [2025-07-13T11:20:02.279+0000] {dagbag.py:537} INFO - Filling up the DagBag from /home/airflow/.local/lib/python3.7/site-packages/airflow/example_dags/example_branch_day_of_week_operator.py
[2025-07-13T11:20:02.306+0000] {processor.py:766} INFO - DAG(s) dict_keys(['example_weekday_branch_operator']) retrieved from /home/airflow/.local/lib/python3.7/site-packages/airflow/example_dags/example_branch_day_of_week_operator.py
[2025-07-13T11:20:02.358+0000] {logging_mixin.py:120} INFO - [2025-07-13T11:20:02.358+0000] {dag.py:2585} INFO - Sync 1 DAGs
[2025-07-13T11:20:02.396+0000] {logging_mixin.py:120} INFO - [2025-07-13T11:20:02.396+0000] {dag.py:3340} INFO - Setting next_dagrun for example_weekday_branch_operator to 2025-07-12T00:00:00+00:00, run_after=2025-07-13T00:00:00+00:00
[2025-07-13T11:20:02.423+0000] {processor.py:176} INFO - Processing /home/airflow/.local/lib/python3.7/site-packages/airflow/example_dags/example_branch_day_of_week_operator.py took 0.152 seconds
[2025-07-13T11:20:33.206+0000] {processor.py:154} INFO - Started process (PID=9351) to work on /home/airflow/.local/lib/python3.7/site-packages/airflow/example_dags/example_branch_day_of_week_operator.py
[2025-07-13T11:20:33.207+0000] {processor.py:756} INFO - Processing file /home/airflow/.local/lib/python3.7/site-packages/airflow/example_dags/example_branch_day_of_week_operator.py for tasks to queue
[2025-07-13T11:20:33.208+0000] {logging_mixin.py:120} INFO - [2025-07-13T11:20:33.208+0000] {dagbag.py:537} INFO - Filling up the DagBag from /home/airflow/.local/lib/python3.7/site-packages/airflow/example_dags/example_branch_day_of_week_operator.py
[2025-07-13T11:20:33.245+0000] {processor.py:766} INFO - DAG(s) dict_keys(['example_weekday_branch_operator']) retrieved from /home/airflow/.local/lib/python3.7/site-packages/airflow/example_dags/example_branch_day_of_week_operator.py
[2025-07-13T11:20:33.302+0000] {logging_mixin.py:120} INFO - [2025-07-13T11:20:33.302+0000] {dag.py:2585} INFO - Sync 1 DAGs
[2025-07-13T11:20:33.339+0000] {logging_mixin.py:120} INFO - [2025-07-13T11:20:33.339+0000] {dag.py:3340} INFO - Setting next_dagrun for example_weekday_branch_operator to 2025-07-12T00:00:00+00:00, run_after=2025-07-13T00:00:00+00:00
[2025-07-13T11:20:33.364+0000] {processor.py:176} INFO - Processing /home/airflow/.local/lib/python3.7/site-packages/airflow/example_dags/example_branch_day_of_week_operator.py took 0.162 seconds
[2025-07-13T11:21:11.148+0000] {processor.py:154} INFO - Started process (PID=9414) to work on /home/airflow/.local/lib/python3.7/site-packages/airflow/example_dags/example_branch_day_of_week_operator.py
[2025-07-13T11:21:11.172+0000] {processor.py:756} INFO - Processing file /home/airflow/.local/lib/python3.7/site-packages/airflow/example_dags/example_branch_day_of_week_operator.py for tasks to queue
[2025-07-13T11:21:11.174+0000] {logging_mixin.py:120} INFO - [2025-07-13T11:21:11.174+0000] {dagbag.py:537} INFO - Filling up the DagBag from /home/airflow/.local/lib/python3.7/site-packages/airflow/example_dags/example_branch_day_of_week_operator.py
[2025-07-13T11:21:11.258+0000] {processor.py:766} INFO - DAG(s) dict_keys(['example_weekday_branch_operator']) retrieved from /home/airflow/.local/lib/python3.7/site-packages/airflow/example_dags/example_branch_day_of_week_operator.py
[2025-07-13T11:21:11.534+0000] {logging_mixin.py:120} INFO - [2025-07-13T11:21:11.533+0000] {dag.py:2585} INFO - Sync 1 DAGs
[2025-07-13T11:21:11.720+0000] {logging_mixin.py:120} INFO - [2025-07-13T11:21:11.719+0000] {dag.py:3340} INFO - Setting next_dagrun for example_weekday_branch_operator to 2025-07-12T00:00:00+00:00, run_after=2025-07-13T00:00:00+00:00
[2025-07-13T11:21:11.825+0000] {processor.py:176} INFO - Processing /home/airflow/.local/lib/python3.7/site-packages/airflow/example_dags/example_branch_day_of_week_operator.py took 0.684 seconds
[2025-07-13T11:21:42.055+0000] {processor.py:154} INFO - Started process (PID=9468) to work on /home/airflow/.local/lib/python3.7/site-packages/airflow/example_dags/example_branch_day_of_week_operator.py
[2025-07-13T11:21:42.057+0000] {processor.py:756} INFO - Processing file /home/airflow/.local/lib/python3.7/site-packages/airflow/example_dags/example_branch_day_of_week_operator.py for tasks to queue
[2025-07-13T11:21:42.058+0000] {logging_mixin.py:120} INFO - [2025-07-13T11:21:42.058+0000] {dagbag.py:537} INFO - Filling up the DagBag from /home/airflow/.local/lib/python3.7/site-packages/airflow/example_dags/example_branch_day_of_week_operator.py
[2025-07-13T11:21:42.079+0000] {processor.py:766} INFO - DAG(s) dict_keys(['example_weekday_branch_operator']) retrieved from /home/airflow/.local/lib/python3.7/site-packages/airflow/example_dags/example_branch_day_of_week_operator.py
[2025-07-13T11:21:42.153+0000] {logging_mixin.py:120} INFO - [2025-07-13T11:21:42.153+0000] {dag.py:2585} INFO - Sync 1 DAGs
[2025-07-13T11:21:42.228+0000] {logging_mixin.py:120} INFO - [2025-07-13T11:21:42.228+0000] {dag.py:3340} INFO - Setting next_dagrun for example_weekday_branch_operator to 2025-07-12T00:00:00+00:00, run_after=2025-07-13T00:00:00+00:00
[2025-07-13T11:21:42.269+0000] {processor.py:176} INFO - Processing /home/airflow/.local/lib/python3.7/site-packages/airflow/example_dags/example_branch_day_of_week_operator.py took 0.219 seconds
[2025-07-13T11:22:12.718+0000] {processor.py:154} INFO - Started process (PID=9522) to work on /home/airflow/.local/lib/python3.7/site-packages/airflow/example_dags/example_branch_day_of_week_operator.py
[2025-07-13T11:22:12.720+0000] {processor.py:756} INFO - Processing file /home/airflow/.local/lib/python3.7/site-packages/airflow/example_dags/example_branch_day_of_week_operator.py for tasks to queue
[2025-07-13T11:22:12.721+0000] {logging_mixin.py:120} INFO - [2025-07-13T11:22:12.721+0000] {dagbag.py:537} INFO - Filling up the DagBag from /home/airflow/.local/lib/python3.7/site-packages/airflow/example_dags/example_branch_day_of_week_operator.py
[2025-07-13T11:22:12.752+0000] {processor.py:766} INFO - DAG(s) dict_keys(['example_weekday_branch_operator']) retrieved from /home/airflow/.local/lib/python3.7/site-packages/airflow/example_dags/example_branch_day_of_week_operator.py
[2025-07-13T11:22:12.823+0000] {logging_mixin.py:120} INFO - [2025-07-13T11:22:12.823+0000] {dag.py:2585} INFO - Sync 1 DAGs
[2025-07-13T11:22:12.866+0000] {logging_mixin.py:120} INFO - [2025-07-13T11:22:12.865+0000] {dag.py:3340} INFO - Setting next_dagrun for example_weekday_branch_operator to 2025-07-12T00:00:00+00:00, run_after=2025-07-13T00:00:00+00:00
[2025-07-13T11:22:12.918+0000] {processor.py:176} INFO - Processing /home/airflow/.local/lib/python3.7/site-packages/airflow/example_dags/example_branch_day_of_week_operator.py took 0.205 seconds
[2025-07-13T11:22:43.515+0000] {processor.py:154} INFO - Started process (PID=9577) to work on /home/airflow/.local/lib/python3.7/site-packages/airflow/example_dags/example_branch_day_of_week_operator.py
[2025-07-13T11:22:43.517+0000] {processor.py:756} INFO - Processing file /home/airflow/.local/lib/python3.7/site-packages/airflow/example_dags/example_branch_day_of_week_operator.py for tasks to queue
[2025-07-13T11:22:43.519+0000] {logging_mixin.py:120} INFO - [2025-07-13T11:22:43.518+0000] {dagbag.py:537} INFO - Filling up the DagBag from /home/airflow/.local/lib/python3.7/site-packages/airflow/example_dags/example_branch_day_of_week_operator.py
[2025-07-13T11:22:43.553+0000] {processor.py:766} INFO - DAG(s) dict_keys(['example_weekday_branch_operator']) retrieved from /home/airflow/.local/lib/python3.7/site-packages/airflow/example_dags/example_branch_day_of_week_operator.py
[2025-07-13T11:22:43.645+0000] {logging_mixin.py:120} INFO - [2025-07-13T11:22:43.645+0000] {dag.py:2585} INFO - Sync 1 DAGs
[2025-07-13T11:22:43.695+0000] {logging_mixin.py:120} INFO - [2025-07-13T11:22:43.695+0000] {dag.py:3340} INFO - Setting next_dagrun for example_weekday_branch_operator to 2025-07-12T00:00:00+00:00, run_after=2025-07-13T00:00:00+00:00
[2025-07-13T11:22:43.729+0000] {processor.py:176} INFO - Processing /home/airflow/.local/lib/python3.7/site-packages/airflow/example_dags/example_branch_day_of_week_operator.py took 0.220 seconds
[2025-07-13T11:23:14.186+0000] {processor.py:154} INFO - Started process (PID=9631) to work on /home/airflow/.local/lib/python3.7/site-packages/airflow/example_dags/example_branch_day_of_week_operator.py
[2025-07-13T11:23:14.187+0000] {processor.py:756} INFO - Processing file /home/airflow/.local/lib/python3.7/site-packages/airflow/example_dags/example_branch_day_of_week_operator.py for tasks to queue
[2025-07-13T11:23:14.188+0000] {logging_mixin.py:120} INFO - [2025-07-13T11:23:14.188+0000] {dagbag.py:537} INFO - Filling up the DagBag from /home/airflow/.local/lib/python3.7/site-packages/airflow/example_dags/example_branch_day_of_week_operator.py
[2025-07-13T11:23:14.228+0000] {processor.py:766} INFO - DAG(s) dict_keys(['example_weekday_branch_operator']) retrieved from /home/airflow/.local/lib/python3.7/site-packages/airflow/example_dags/example_branch_day_of_week_operator.py
[2025-07-13T11:23:14.304+0000] {logging_mixin.py:120} INFO - [2025-07-13T11:23:14.303+0000] {dag.py:2585} INFO - Sync 1 DAGs
[2025-07-13T11:23:14.346+0000] {logging_mixin.py:120} INFO - [2025-07-13T11:23:14.346+0000] {dag.py:3340} INFO - Setting next_dagrun for example_weekday_branch_operator to 2025-07-12T00:00:00+00:00, run_after=2025-07-13T00:00:00+00:00
[2025-07-13T11:23:14.383+0000] {processor.py:176} INFO - Processing /home/airflow/.local/lib/python3.7/site-packages/airflow/example_dags/example_branch_day_of_week_operator.py took 0.202 seconds
[2025-07-13T11:23:45.123+0000] {processor.py:154} INFO - Started process (PID=9685) to work on /home/airflow/.local/lib/python3.7/site-packages/airflow/example_dags/example_branch_day_of_week_operator.py
[2025-07-13T11:23:45.125+0000] {processor.py:756} INFO - Processing file /home/airflow/.local/lib/python3.7/site-packages/airflow/example_dags/example_branch_day_of_week_operator.py for tasks to queue
[2025-07-13T11:23:45.127+0000] {logging_mixin.py:120} INFO - [2025-07-13T11:23:45.126+0000] {dagbag.py:537} INFO - Filling up the DagBag from /home/airflow/.local/lib/python3.7/site-packages/airflow/example_dags/example_branch_day_of_week_operator.py
[2025-07-13T11:23:45.158+0000] {processor.py:766} INFO - DAG(s) dict_keys(['example_weekday_branch_operator']) retrieved from /home/airflow/.local/lib/python3.7/site-packages/airflow/example_dags/example_branch_day_of_week_operator.py
[2025-07-13T11:23:45.238+0000] {logging_mixin.py:120} INFO - [2025-07-13T11:23:45.238+0000] {dag.py:2585} INFO - Sync 1 DAGs
[2025-07-13T11:23:45.270+0000] {logging_mixin.py:120} INFO - [2025-07-13T11:23:45.270+0000] {dag.py:3340} INFO - Setting next_dagrun for example_weekday_branch_operator to 2025-07-12T00:00:00+00:00, run_after=2025-07-13T00:00:00+00:00
[2025-07-13T11:23:45.303+0000] {processor.py:176} INFO - Processing /home/airflow/.local/lib/python3.7/site-packages/airflow/example_dags/example_branch_day_of_week_operator.py took 0.185 seconds
[2025-07-13T11:24:19.708+0000] {processor.py:154} INFO - Started process (PID=9748) to work on /home/airflow/.local/lib/python3.7/site-packages/airflow/example_dags/example_branch_day_of_week_operator.py
[2025-07-13T11:24:19.715+0000] {processor.py:756} INFO - Processing file /home/airflow/.local/lib/python3.7/site-packages/airflow/example_dags/example_branch_day_of_week_operator.py for tasks to queue
[2025-07-13T11:24:19.724+0000] {logging_mixin.py:120} INFO - [2025-07-13T11:24:19.723+0000] {dagbag.py:537} INFO - Filling up the DagBag from /home/airflow/.local/lib/python3.7/site-packages/airflow/example_dags/example_branch_day_of_week_operator.py
[2025-07-13T11:24:19.872+0000] {processor.py:766} INFO - DAG(s) dict_keys(['example_weekday_branch_operator']) retrieved from /home/airflow/.local/lib/python3.7/site-packages/airflow/example_dags/example_branch_day_of_week_operator.py
[2025-07-13T11:24:20.154+0000] {logging_mixin.py:120} INFO - [2025-07-13T11:24:20.154+0000] {dag.py:2585} INFO - Sync 1 DAGs
[2025-07-13T11:24:20.319+0000] {logging_mixin.py:120} INFO - [2025-07-13T11:24:20.319+0000] {dag.py:3340} INFO - Setting next_dagrun for example_weekday_branch_operator to 2025-07-12T00:00:00+00:00, run_after=2025-07-13T00:00:00+00:00
[2025-07-13T11:24:20.424+0000] {processor.py:176} INFO - Processing /home/airflow/.local/lib/python3.7/site-packages/airflow/example_dags/example_branch_day_of_week_operator.py took 0.733 seconds
[2025-07-13T11:24:51.371+0000] {processor.py:154} INFO - Started process (PID=9810) to work on /home/airflow/.local/lib/python3.7/site-packages/airflow/example_dags/example_branch_day_of_week_operator.py
[2025-07-13T11:24:51.373+0000] {processor.py:756} INFO - Processing file /home/airflow/.local/lib/python3.7/site-packages/airflow/example_dags/example_branch_day_of_week_operator.py for tasks to queue
[2025-07-13T11:24:51.374+0000] {logging_mixin.py:120} INFO - [2025-07-13T11:24:51.374+0000] {dagbag.py:537} INFO - Filling up the DagBag from /home/airflow/.local/lib/python3.7/site-packages/airflow/example_dags/example_branch_day_of_week_operator.py
[2025-07-13T11:24:51.397+0000] {processor.py:766} INFO - DAG(s) dict_keys(['example_weekday_branch_operator']) retrieved from /home/airflow/.local/lib/python3.7/site-packages/airflow/example_dags/example_branch_day_of_week_operator.py
[2025-07-13T11:24:51.450+0000] {logging_mixin.py:120} INFO - [2025-07-13T11:24:51.450+0000] {dag.py:2585} INFO - Sync 1 DAGs
[2025-07-13T11:24:51.486+0000] {logging_mixin.py:120} INFO - [2025-07-13T11:24:51.486+0000] {dag.py:3340} INFO - Setting next_dagrun for example_weekday_branch_operator to 2025-07-12T00:00:00+00:00, run_after=2025-07-13T00:00:00+00:00
[2025-07-13T11:24:51.519+0000] {processor.py:176} INFO - Processing /home/airflow/.local/lib/python3.7/site-packages/airflow/example_dags/example_branch_day_of_week_operator.py took 0.152 seconds
[2025-07-13T11:25:21.876+0000] {processor.py:154} INFO - Started process (PID=9874) to work on /home/airflow/.local/lib/python3.7/site-packages/airflow/example_dags/example_branch_day_of_week_operator.py
[2025-07-13T11:25:21.878+0000] {processor.py:756} INFO - Processing file /home/airflow/.local/lib/python3.7/site-packages/airflow/example_dags/example_branch_day_of_week_operator.py for tasks to queue
[2025-07-13T11:25:21.879+0000] {logging_mixin.py:120} INFO - [2025-07-13T11:25:21.879+0000] {dagbag.py:537} INFO - Filling up the DagBag from /home/airflow/.local/lib/python3.7/site-packages/airflow/example_dags/example_branch_day_of_week_operator.py
[2025-07-13T11:25:21.901+0000] {processor.py:766} INFO - DAG(s) dict_keys(['example_weekday_branch_operator']) retrieved from /home/airflow/.local/lib/python3.7/site-packages/airflow/example_dags/example_branch_day_of_week_operator.py
[2025-07-13T11:25:21.960+0000] {logging_mixin.py:120} INFO - [2025-07-13T11:25:21.959+0000] {dag.py:2585} INFO - Sync 1 DAGs
[2025-07-13T11:25:22.006+0000] {logging_mixin.py:120} INFO - [2025-07-13T11:25:22.006+0000] {dag.py:3340} INFO - Setting next_dagrun for example_weekday_branch_operator to 2025-07-12T00:00:00+00:00, run_after=2025-07-13T00:00:00+00:00
[2025-07-13T11:25:22.047+0000] {processor.py:176} INFO - Processing /home/airflow/.local/lib/python3.7/site-packages/airflow/example_dags/example_branch_day_of_week_operator.py took 0.175 seconds
[2025-07-13T11:25:52.240+0000] {processor.py:154} INFO - Started process (PID=9927) to work on /home/airflow/.local/lib/python3.7/site-packages/airflow/example_dags/example_branch_day_of_week_operator.py
[2025-07-13T11:25:52.242+0000] {processor.py:756} INFO - Processing file /home/airflow/.local/lib/python3.7/site-packages/airflow/example_dags/example_branch_day_of_week_operator.py for tasks to queue
[2025-07-13T11:25:52.243+0000] {logging_mixin.py:120} INFO - [2025-07-13T11:25:52.243+0000] {dagbag.py:537} INFO - Filling up the DagBag from /home/airflow/.local/lib/python3.7/site-packages/airflow/example_dags/example_branch_day_of_week_operator.py
[2025-07-13T11:25:52.274+0000] {processor.py:766} INFO - DAG(s) dict_keys(['example_weekday_branch_operator']) retrieved from /home/airflow/.local/lib/python3.7/site-packages/airflow/example_dags/example_branch_day_of_week_operator.py
[2025-07-13T11:25:52.353+0000] {logging_mixin.py:120} INFO - [2025-07-13T11:25:52.353+0000] {dag.py:2585} INFO - Sync 1 DAGs
[2025-07-13T11:25:52.404+0000] {logging_mixin.py:120} INFO - [2025-07-13T11:25:52.404+0000] {dag.py:3340} INFO - Setting next_dagrun for example_weekday_branch_operator to 2025-07-12T00:00:00+00:00, run_after=2025-07-13T00:00:00+00:00
[2025-07-13T11:25:52.436+0000] {processor.py:176} INFO - Processing /home/airflow/.local/lib/python3.7/site-packages/airflow/example_dags/example_branch_day_of_week_operator.py took 0.201 seconds
[2025-07-13T11:26:22.891+0000] {processor.py:154} INFO - Started process (PID=9991) to work on /home/airflow/.local/lib/python3.7/site-packages/airflow/example_dags/example_branch_day_of_week_operator.py
[2025-07-13T11:26:22.896+0000] {processor.py:756} INFO - Processing file /home/airflow/.local/lib/python3.7/site-packages/airflow/example_dags/example_branch_day_of_week_operator.py for tasks to queue
[2025-07-13T11:26:22.899+0000] {logging_mixin.py:120} INFO - [2025-07-13T11:26:22.898+0000] {dagbag.py:537} INFO - Filling up the DagBag from /home/airflow/.local/lib/python3.7/site-packages/airflow/example_dags/example_branch_day_of_week_operator.py
[2025-07-13T11:26:22.969+0000] {processor.py:766} INFO - DAG(s) dict_keys(['example_weekday_branch_operator']) retrieved from /home/airflow/.local/lib/python3.7/site-packages/airflow/example_dags/example_branch_day_of_week_operator.py
[2025-07-13T11:26:23.226+0000] {logging_mixin.py:120} INFO - [2025-07-13T11:26:23.225+0000] {dag.py:2585} INFO - Sync 1 DAGs
[2025-07-13T11:26:23.338+0000] {logging_mixin.py:120} INFO - [2025-07-13T11:26:23.338+0000] {dag.py:3340} INFO - Setting next_dagrun for example_weekday_branch_operator to 2025-07-12T00:00:00+00:00, run_after=2025-07-13T00:00:00+00:00
[2025-07-13T11:26:23.411+0000] {processor.py:176} INFO - Processing /home/airflow/.local/lib/python3.7/site-packages/airflow/example_dags/example_branch_day_of_week_operator.py took 0.526 seconds
[2025-07-13T11:26:53.693+0000] {processor.py:154} INFO - Started process (PID=10045) to work on /home/airflow/.local/lib/python3.7/site-packages/airflow/example_dags/example_branch_day_of_week_operator.py
[2025-07-13T11:26:53.696+0000] {processor.py:756} INFO - Processing file /home/airflow/.local/lib/python3.7/site-packages/airflow/example_dags/example_branch_day_of_week_operator.py for tasks to queue
[2025-07-13T11:26:53.698+0000] {logging_mixin.py:120} INFO - [2025-07-13T11:26:53.698+0000] {dagbag.py:537} INFO - Filling up the DagBag from /home/airflow/.local/lib/python3.7/site-packages/airflow/example_dags/example_branch_day_of_week_operator.py
[2025-07-13T11:26:53.726+0000] {processor.py:766} INFO - DAG(s) dict_keys(['example_weekday_branch_operator']) retrieved from /home/airflow/.local/lib/python3.7/site-packages/airflow/example_dags/example_branch_day_of_week_operator.py
[2025-07-13T11:26:53.812+0000] {logging_mixin.py:120} INFO - [2025-07-13T11:26:53.812+0000] {dag.py:2585} INFO - Sync 1 DAGs
[2025-07-13T11:26:53.858+0000] {logging_mixin.py:120} INFO - [2025-07-13T11:26:53.858+0000] {dag.py:3340} INFO - Setting next_dagrun for example_weekday_branch_operator to 2025-07-12T00:00:00+00:00, run_after=2025-07-13T00:00:00+00:00
[2025-07-13T11:26:53.892+0000] {processor.py:176} INFO - Processing /home/airflow/.local/lib/python3.7/site-packages/airflow/example_dags/example_branch_day_of_week_operator.py took 0.205 seconds
[2025-07-13T11:27:23.942+0000] {processor.py:154} INFO - Started process (PID=10099) to work on /home/airflow/.local/lib/python3.7/site-packages/airflow/example_dags/example_branch_day_of_week_operator.py
[2025-07-13T11:27:23.943+0000] {processor.py:756} INFO - Processing file /home/airflow/.local/lib/python3.7/site-packages/airflow/example_dags/example_branch_day_of_week_operator.py for tasks to queue
[2025-07-13T11:27:23.945+0000] {logging_mixin.py:120} INFO - [2025-07-13T11:27:23.944+0000] {dagbag.py:537} INFO - Filling up the DagBag from /home/airflow/.local/lib/python3.7/site-packages/airflow/example_dags/example_branch_day_of_week_operator.py
[2025-07-13T11:27:23.969+0000] {processor.py:766} INFO - DAG(s) dict_keys(['example_weekday_branch_operator']) retrieved from /home/airflow/.local/lib/python3.7/site-packages/airflow/example_dags/example_branch_day_of_week_operator.py
[2025-07-13T11:27:24.040+0000] {logging_mixin.py:120} INFO - [2025-07-13T11:27:24.040+0000] {dag.py:2585} INFO - Sync 1 DAGs
[2025-07-13T11:27:24.087+0000] {logging_mixin.py:120} INFO - [2025-07-13T11:27:24.087+0000] {dag.py:3340} INFO - Setting next_dagrun for example_weekday_branch_operator to 2025-07-12T00:00:00+00:00, run_after=2025-07-13T00:00:00+00:00
[2025-07-13T11:27:24.135+0000] {processor.py:176} INFO - Processing /home/airflow/.local/lib/python3.7/site-packages/airflow/example_dags/example_branch_day_of_week_operator.py took 0.197 seconds
[2025-07-13T11:27:54.844+0000] {processor.py:154} INFO - Started process (PID=10161) to work on /home/airflow/.local/lib/python3.7/site-packages/airflow/example_dags/example_branch_day_of_week_operator.py
[2025-07-13T11:27:54.850+0000] {processor.py:756} INFO - Processing file /home/airflow/.local/lib/python3.7/site-packages/airflow/example_dags/example_branch_day_of_week_operator.py for tasks to queue
[2025-07-13T11:27:54.852+0000] {logging_mixin.py:120} INFO - [2025-07-13T11:27:54.851+0000] {dagbag.py:537} INFO - Filling up the DagBag from /home/airflow/.local/lib/python3.7/site-packages/airflow/example_dags/example_branch_day_of_week_operator.py
[2025-07-13T11:27:54.886+0000] {processor.py:766} INFO - DAG(s) dict_keys(['example_weekday_branch_operator']) retrieved from /home/airflow/.local/lib/python3.7/site-packages/airflow/example_dags/example_branch_day_of_week_operator.py
[2025-07-13T11:27:55.057+0000] {logging_mixin.py:120} INFO - [2025-07-13T11:27:55.056+0000] {dag.py:2585} INFO - Sync 1 DAGs
[2025-07-13T11:27:55.153+0000] {logging_mixin.py:120} INFO - [2025-07-13T11:27:55.153+0000] {dag.py:3340} INFO - Setting next_dagrun for example_weekday_branch_operator to 2025-07-12T00:00:00+00:00, run_after=2025-07-13T00:00:00+00:00
[2025-07-13T11:27:55.200+0000] {processor.py:176} INFO - Processing /home/airflow/.local/lib/python3.7/site-packages/airflow/example_dags/example_branch_day_of_week_operator.py took 0.362 seconds
[2025-07-13T11:28:25.363+0000] {processor.py:154} INFO - Started process (PID=10215) to work on /home/airflow/.local/lib/python3.7/site-packages/airflow/example_dags/example_branch_day_of_week_operator.py
[2025-07-13T11:28:25.366+0000] {processor.py:756} INFO - Processing file /home/airflow/.local/lib/python3.7/site-packages/airflow/example_dags/example_branch_day_of_week_operator.py for tasks to queue
[2025-07-13T11:28:25.368+0000] {logging_mixin.py:120} INFO - [2025-07-13T11:28:25.368+0000] {dagbag.py:537} INFO - Filling up the DagBag from /home/airflow/.local/lib/python3.7/site-packages/airflow/example_dags/example_branch_day_of_week_operator.py
[2025-07-13T11:28:25.435+0000] {processor.py:766} INFO - DAG(s) dict_keys(['example_weekday_branch_operator']) retrieved from /home/airflow/.local/lib/python3.7/site-packages/airflow/example_dags/example_branch_day_of_week_operator.py
[2025-07-13T11:28:25.556+0000] {logging_mixin.py:120} INFO - [2025-07-13T11:28:25.556+0000] {dag.py:2585} INFO - Sync 1 DAGs
[2025-07-13T11:28:25.625+0000] {logging_mixin.py:120} INFO - [2025-07-13T11:28:25.625+0000] {dag.py:3340} INFO - Setting next_dagrun for example_weekday_branch_operator to 2025-07-12T00:00:00+00:00, run_after=2025-07-13T00:00:00+00:00
[2025-07-13T11:28:25.681+0000] {processor.py:176} INFO - Processing /home/airflow/.local/lib/python3.7/site-packages/airflow/example_dags/example_branch_day_of_week_operator.py took 0.331 seconds
[2025-07-13T11:28:55.897+0000] {processor.py:154} INFO - Started process (PID=10269) to work on /home/airflow/.local/lib/python3.7/site-packages/airflow/example_dags/example_branch_day_of_week_operator.py
[2025-07-13T11:28:55.900+0000] {processor.py:756} INFO - Processing file /home/airflow/.local/lib/python3.7/site-packages/airflow/example_dags/example_branch_day_of_week_operator.py for tasks to queue
[2025-07-13T11:28:55.902+0000] {logging_mixin.py:120} INFO - [2025-07-13T11:28:55.902+0000] {dagbag.py:537} INFO - Filling up the DagBag from /home/airflow/.local/lib/python3.7/site-packages/airflow/example_dags/example_branch_day_of_week_operator.py
[2025-07-13T11:28:55.973+0000] {processor.py:766} INFO - DAG(s) dict_keys(['example_weekday_branch_operator']) retrieved from /home/airflow/.local/lib/python3.7/site-packages/airflow/example_dags/example_branch_day_of_week_operator.py
[2025-07-13T11:28:56.202+0000] {logging_mixin.py:120} INFO - [2025-07-13T11:28:56.202+0000] {dag.py:2585} INFO - Sync 1 DAGs
[2025-07-13T11:28:56.339+0000] {logging_mixin.py:120} INFO - [2025-07-13T11:28:56.337+0000] {dag.py:3340} INFO - Setting next_dagrun for example_weekday_branch_operator to 2025-07-12T00:00:00+00:00, run_after=2025-07-13T00:00:00+00:00
[2025-07-13T11:28:56.403+0000] {processor.py:176} INFO - Processing /home/airflow/.local/lib/python3.7/site-packages/airflow/example_dags/example_branch_day_of_week_operator.py took 0.511 seconds
[2025-07-13T11:29:27.219+0000] {processor.py:154} INFO - Started process (PID=10332) to work on /home/airflow/.local/lib/python3.7/site-packages/airflow/example_dags/example_branch_day_of_week_operator.py
[2025-07-13T11:29:27.220+0000] {processor.py:756} INFO - Processing file /home/airflow/.local/lib/python3.7/site-packages/airflow/example_dags/example_branch_day_of_week_operator.py for tasks to queue
[2025-07-13T11:29:27.222+0000] {logging_mixin.py:120} INFO - [2025-07-13T11:29:27.221+0000] {dagbag.py:537} INFO - Filling up the DagBag from /home/airflow/.local/lib/python3.7/site-packages/airflow/example_dags/example_branch_day_of_week_operator.py
[2025-07-13T11:29:27.245+0000] {processor.py:766} INFO - DAG(s) dict_keys(['example_weekday_branch_operator']) retrieved from /home/airflow/.local/lib/python3.7/site-packages/airflow/example_dags/example_branch_day_of_week_operator.py
[2025-07-13T11:29:27.330+0000] {logging_mixin.py:120} INFO - [2025-07-13T11:29:27.330+0000] {dag.py:2585} INFO - Sync 1 DAGs
[2025-07-13T11:29:27.373+0000] {logging_mixin.py:120} INFO - [2025-07-13T11:29:27.372+0000] {dag.py:3340} INFO - Setting next_dagrun for example_weekday_branch_operator to 2025-07-12T00:00:00+00:00, run_after=2025-07-13T00:00:00+00:00
[2025-07-13T11:29:27.400+0000] {processor.py:176} INFO - Processing /home/airflow/.local/lib/python3.7/site-packages/airflow/example_dags/example_branch_day_of_week_operator.py took 0.192 seconds
[2025-07-13T11:29:57.929+0000] {processor.py:154} INFO - Started process (PID=10385) to work on /home/airflow/.local/lib/python3.7/site-packages/airflow/example_dags/example_branch_day_of_week_operator.py
[2025-07-13T11:29:57.937+0000] {processor.py:756} INFO - Processing file /home/airflow/.local/lib/python3.7/site-packages/airflow/example_dags/example_branch_day_of_week_operator.py for tasks to queue
[2025-07-13T11:29:57.945+0000] {logging_mixin.py:120} INFO - [2025-07-13T11:29:57.944+0000] {dagbag.py:537} INFO - Filling up the DagBag from /home/airflow/.local/lib/python3.7/site-packages/airflow/example_dags/example_branch_day_of_week_operator.py
[2025-07-13T11:29:58.129+0000] {processor.py:766} INFO - DAG(s) dict_keys(['example_weekday_branch_operator']) retrieved from /home/airflow/.local/lib/python3.7/site-packages/airflow/example_dags/example_branch_day_of_week_operator.py
[2025-07-13T11:29:58.414+0000] {logging_mixin.py:120} INFO - [2025-07-13T11:29:58.414+0000] {dag.py:2585} INFO - Sync 1 DAGs
[2025-07-13T11:29:58.553+0000] {logging_mixin.py:120} INFO - [2025-07-13T11:29:58.553+0000] {dag.py:3340} INFO - Setting next_dagrun for example_weekday_branch_operator to 2025-07-12T00:00:00+00:00, run_after=2025-07-13T00:00:00+00:00
[2025-07-13T11:29:58.725+0000] {processor.py:176} INFO - Processing /home/airflow/.local/lib/python3.7/site-packages/airflow/example_dags/example_branch_day_of_week_operator.py took 0.809 seconds
[2025-07-13T11:30:30.120+0000] {processor.py:154} INFO - Started process (PID=10446) to work on /home/airflow/.local/lib/python3.7/site-packages/airflow/example_dags/example_branch_day_of_week_operator.py
[2025-07-13T11:30:30.123+0000] {processor.py:756} INFO - Processing file /home/airflow/.local/lib/python3.7/site-packages/airflow/example_dags/example_branch_day_of_week_operator.py for tasks to queue
[2025-07-13T11:30:30.125+0000] {logging_mixin.py:120} INFO - [2025-07-13T11:30:30.124+0000] {dagbag.py:537} INFO - Filling up the DagBag from /home/airflow/.local/lib/python3.7/site-packages/airflow/example_dags/example_branch_day_of_week_operator.py
[2025-07-13T11:30:30.248+0000] {processor.py:766} INFO - DAG(s) dict_keys(['example_weekday_branch_operator']) retrieved from /home/airflow/.local/lib/python3.7/site-packages/airflow/example_dags/example_branch_day_of_week_operator.py
[2025-07-13T11:30:30.566+0000] {logging_mixin.py:120} INFO - [2025-07-13T11:30:30.565+0000] {dag.py:2585} INFO - Sync 1 DAGs
[2025-07-13T11:30:30.736+0000] {logging_mixin.py:120} INFO - [2025-07-13T11:30:30.735+0000] {dag.py:3340} INFO - Setting next_dagrun for example_weekday_branch_operator to 2025-07-12T00:00:00+00:00, run_after=2025-07-13T00:00:00+00:00
[2025-07-13T11:30:30.890+0000] {processor.py:176} INFO - Processing /home/airflow/.local/lib/python3.7/site-packages/airflow/example_dags/example_branch_day_of_week_operator.py took 0.795 seconds
[2025-07-13T11:31:01.939+0000] {processor.py:154} INFO - Started process (PID=10503) to work on /home/airflow/.local/lib/python3.7/site-packages/airflow/example_dags/example_branch_day_of_week_operator.py
[2025-07-13T11:31:01.950+0000] {processor.py:756} INFO - Processing file /home/airflow/.local/lib/python3.7/site-packages/airflow/example_dags/example_branch_day_of_week_operator.py for tasks to queue
[2025-07-13T11:31:01.962+0000] {logging_mixin.py:120} INFO - [2025-07-13T11:31:01.961+0000] {dagbag.py:537} INFO - Filling up the DagBag from /home/airflow/.local/lib/python3.7/site-packages/airflow/example_dags/example_branch_day_of_week_operator.py
[2025-07-13T11:31:02.038+0000] {processor.py:766} INFO - DAG(s) dict_keys(['example_weekday_branch_operator']) retrieved from /home/airflow/.local/lib/python3.7/site-packages/airflow/example_dags/example_branch_day_of_week_operator.py
[2025-07-13T11:31:02.317+0000] {logging_mixin.py:120} INFO - [2025-07-13T11:31:02.317+0000] {dag.py:2585} INFO - Sync 1 DAGs
[2025-07-13T11:31:02.814+0000] {logging_mixin.py:120} INFO - [2025-07-13T11:31:02.814+0000] {dag.py:3340} INFO - Setting next_dagrun for example_weekday_branch_operator to 2025-07-12T00:00:00+00:00, run_after=2025-07-13T00:00:00+00:00
[2025-07-13T11:31:03.128+0000] {processor.py:176} INFO - Processing /home/airflow/.local/lib/python3.7/site-packages/airflow/example_dags/example_branch_day_of_week_operator.py took 1.229 seconds
[2025-07-13T11:31:34.109+0000] {processor.py:154} INFO - Started process (PID=10556) to work on /home/airflow/.local/lib/python3.7/site-packages/airflow/example_dags/example_branch_day_of_week_operator.py
[2025-07-13T11:31:34.111+0000] {processor.py:756} INFO - Processing file /home/airflow/.local/lib/python3.7/site-packages/airflow/example_dags/example_branch_day_of_week_operator.py for tasks to queue
[2025-07-13T11:31:34.112+0000] {logging_mixin.py:120} INFO - [2025-07-13T11:31:34.112+0000] {dagbag.py:537} INFO - Filling up the DagBag from /home/airflow/.local/lib/python3.7/site-packages/airflow/example_dags/example_branch_day_of_week_operator.py
[2025-07-13T11:31:34.137+0000] {processor.py:766} INFO - DAG(s) dict_keys(['example_weekday_branch_operator']) retrieved from /home/airflow/.local/lib/python3.7/site-packages/airflow/example_dags/example_branch_day_of_week_operator.py
[2025-07-13T11:31:34.192+0000] {logging_mixin.py:120} INFO - [2025-07-13T11:31:34.192+0000] {dag.py:2585} INFO - Sync 1 DAGs
[2025-07-13T11:31:34.225+0000] {logging_mixin.py:120} INFO - [2025-07-13T11:31:34.225+0000] {dag.py:3340} INFO - Setting next_dagrun for example_weekday_branch_operator to 2025-07-12T00:00:00+00:00, run_after=2025-07-13T00:00:00+00:00
[2025-07-13T11:31:34.270+0000] {processor.py:176} INFO - Processing /home/airflow/.local/lib/python3.7/site-packages/airflow/example_dags/example_branch_day_of_week_operator.py took 0.165 seconds
[2025-07-13T11:32:04.571+0000] {processor.py:154} INFO - Started process (PID=10617) to work on /home/airflow/.local/lib/python3.7/site-packages/airflow/example_dags/example_branch_day_of_week_operator.py
[2025-07-13T11:32:04.573+0000] {processor.py:756} INFO - Processing file /home/airflow/.local/lib/python3.7/site-packages/airflow/example_dags/example_branch_day_of_week_operator.py for tasks to queue
[2025-07-13T11:32:04.574+0000] {logging_mixin.py:120} INFO - [2025-07-13T11:32:04.574+0000] {dagbag.py:537} INFO - Filling up the DagBag from /home/airflow/.local/lib/python3.7/site-packages/airflow/example_dags/example_branch_day_of_week_operator.py
[2025-07-13T11:32:04.605+0000] {processor.py:766} INFO - DAG(s) dict_keys(['example_weekday_branch_operator']) retrieved from /home/airflow/.local/lib/python3.7/site-packages/airflow/example_dags/example_branch_day_of_week_operator.py
[2025-07-13T11:32:04.683+0000] {logging_mixin.py:120} INFO - [2025-07-13T11:32:04.682+0000] {dag.py:2585} INFO - Sync 1 DAGs
[2025-07-13T11:32:04.733+0000] {logging_mixin.py:120} INFO - [2025-07-13T11:32:04.733+0000] {dag.py:3340} INFO - Setting next_dagrun for example_weekday_branch_operator to 2025-07-12T00:00:00+00:00, run_after=2025-07-13T00:00:00+00:00
[2025-07-13T11:32:04.775+0000] {processor.py:176} INFO - Processing /home/airflow/.local/lib/python3.7/site-packages/airflow/example_dags/example_branch_day_of_week_operator.py took 0.209 seconds
[2025-07-13T11:32:35.579+0000] {processor.py:154} INFO - Started process (PID=10673) to work on /home/airflow/.local/lib/python3.7/site-packages/airflow/example_dags/example_branch_day_of_week_operator.py
[2025-07-13T11:32:35.580+0000] {processor.py:756} INFO - Processing file /home/airflow/.local/lib/python3.7/site-packages/airflow/example_dags/example_branch_day_of_week_operator.py for tasks to queue
[2025-07-13T11:32:35.582+0000] {logging_mixin.py:120} INFO - [2025-07-13T11:32:35.582+0000] {dagbag.py:537} INFO - Filling up the DagBag from /home/airflow/.local/lib/python3.7/site-packages/airflow/example_dags/example_branch_day_of_week_operator.py
[2025-07-13T11:32:35.618+0000] {processor.py:766} INFO - DAG(s) dict_keys(['example_weekday_branch_operator']) retrieved from /home/airflow/.local/lib/python3.7/site-packages/airflow/example_dags/example_branch_day_of_week_operator.py
[2025-07-13T11:32:35.687+0000] {logging_mixin.py:120} INFO - [2025-07-13T11:32:35.687+0000] {dag.py:2585} INFO - Sync 1 DAGs
[2025-07-13T11:32:35.736+0000] {logging_mixin.py:120} INFO - [2025-07-13T11:32:35.736+0000] {dag.py:3340} INFO - Setting next_dagrun for example_weekday_branch_operator to 2025-07-12T00:00:00+00:00, run_after=2025-07-13T00:00:00+00:00
[2025-07-13T11:32:35.769+0000] {processor.py:176} INFO - Processing /home/airflow/.local/lib/python3.7/site-packages/airflow/example_dags/example_branch_day_of_week_operator.py took 0.201 seconds
[2025-07-13T11:33:05.837+0000] {processor.py:154} INFO - Started process (PID=10726) to work on /home/airflow/.local/lib/python3.7/site-packages/airflow/example_dags/example_branch_day_of_week_operator.py
[2025-07-13T11:33:05.838+0000] {processor.py:756} INFO - Processing file /home/airflow/.local/lib/python3.7/site-packages/airflow/example_dags/example_branch_day_of_week_operator.py for tasks to queue
[2025-07-13T11:33:05.839+0000] {logging_mixin.py:120} INFO - [2025-07-13T11:33:05.839+0000] {dagbag.py:537} INFO - Filling up the DagBag from /home/airflow/.local/lib/python3.7/site-packages/airflow/example_dags/example_branch_day_of_week_operator.py
[2025-07-13T11:33:05.860+0000] {processor.py:766} INFO - DAG(s) dict_keys(['example_weekday_branch_operator']) retrieved from /home/airflow/.local/lib/python3.7/site-packages/airflow/example_dags/example_branch_day_of_week_operator.py
[2025-07-13T11:33:05.916+0000] {logging_mixin.py:120} INFO - [2025-07-13T11:33:05.916+0000] {dag.py:2585} INFO - Sync 1 DAGs
[2025-07-13T11:33:05.951+0000] {logging_mixin.py:120} INFO - [2025-07-13T11:33:05.949+0000] {dag.py:3340} INFO - Setting next_dagrun for example_weekday_branch_operator to 2025-07-12T00:00:00+00:00, run_after=2025-07-13T00:00:00+00:00
[2025-07-13T11:33:06.005+0000] {processor.py:176} INFO - Processing /home/airflow/.local/lib/python3.7/site-packages/airflow/example_dags/example_branch_day_of_week_operator.py took 0.172 seconds
[2025-07-13T11:33:36.605+0000] {processor.py:154} INFO - Started process (PID=10791) to work on /home/airflow/.local/lib/python3.7/site-packages/airflow/example_dags/example_branch_day_of_week_operator.py
[2025-07-13T11:33:36.607+0000] {processor.py:756} INFO - Processing file /home/airflow/.local/lib/python3.7/site-packages/airflow/example_dags/example_branch_day_of_week_operator.py for tasks to queue
[2025-07-13T11:33:36.608+0000] {logging_mixin.py:120} INFO - [2025-07-13T11:33:36.608+0000] {dagbag.py:537} INFO - Filling up the DagBag from /home/airflow/.local/lib/python3.7/site-packages/airflow/example_dags/example_branch_day_of_week_operator.py
[2025-07-13T11:33:36.637+0000] {processor.py:766} INFO - DAG(s) dict_keys(['example_weekday_branch_operator']) retrieved from /home/airflow/.local/lib/python3.7/site-packages/airflow/example_dags/example_branch_day_of_week_operator.py
[2025-07-13T11:33:36.707+0000] {logging_mixin.py:120} INFO - [2025-07-13T11:33:36.707+0000] {dag.py:2585} INFO - Sync 1 DAGs
[2025-07-13T11:33:36.749+0000] {logging_mixin.py:120} INFO - [2025-07-13T11:33:36.748+0000] {dag.py:3340} INFO - Setting next_dagrun for example_weekday_branch_operator to 2025-07-12T00:00:00+00:00, run_after=2025-07-13T00:00:00+00:00
[2025-07-13T11:33:36.787+0000] {processor.py:176} INFO - Processing /home/airflow/.local/lib/python3.7/site-packages/airflow/example_dags/example_branch_day_of_week_operator.py took 0.187 seconds
[2025-07-13T11:34:06.949+0000] {processor.py:154} INFO - Started process (PID=10845) to work on /home/airflow/.local/lib/python3.7/site-packages/airflow/example_dags/example_branch_day_of_week_operator.py
[2025-07-13T11:34:06.953+0000] {processor.py:756} INFO - Processing file /home/airflow/.local/lib/python3.7/site-packages/airflow/example_dags/example_branch_day_of_week_operator.py for tasks to queue
[2025-07-13T11:34:06.954+0000] {logging_mixin.py:120} INFO - [2025-07-13T11:34:06.954+0000] {dagbag.py:537} INFO - Filling up the DagBag from /home/airflow/.local/lib/python3.7/site-packages/airflow/example_dags/example_branch_day_of_week_operator.py
[2025-07-13T11:34:06.976+0000] {processor.py:766} INFO - DAG(s) dict_keys(['example_weekday_branch_operator']) retrieved from /home/airflow/.local/lib/python3.7/site-packages/airflow/example_dags/example_branch_day_of_week_operator.py
[2025-07-13T11:34:07.028+0000] {logging_mixin.py:120} INFO - [2025-07-13T11:34:07.028+0000] {dag.py:2585} INFO - Sync 1 DAGs
[2025-07-13T11:34:07.062+0000] {logging_mixin.py:120} INFO - [2025-07-13T11:34:07.062+0000] {dag.py:3340} INFO - Setting next_dagrun for example_weekday_branch_operator to 2025-07-12T00:00:00+00:00, run_after=2025-07-13T00:00:00+00:00
[2025-07-13T11:34:07.091+0000] {processor.py:176} INFO - Processing /home/airflow/.local/lib/python3.7/site-packages/airflow/example_dags/example_branch_day_of_week_operator.py took 0.146 seconds
[2025-07-13T11:34:37.467+0000] {processor.py:154} INFO - Started process (PID=10908) to work on /home/airflow/.local/lib/python3.7/site-packages/airflow/example_dags/example_branch_day_of_week_operator.py
[2025-07-13T11:34:37.470+0000] {processor.py:756} INFO - Processing file /home/airflow/.local/lib/python3.7/site-packages/airflow/example_dags/example_branch_day_of_week_operator.py for tasks to queue
[2025-07-13T11:34:37.481+0000] {logging_mixin.py:120} INFO - [2025-07-13T11:34:37.481+0000] {dagbag.py:537} INFO - Filling up the DagBag from /home/airflow/.local/lib/python3.7/site-packages/airflow/example_dags/example_branch_day_of_week_operator.py
[2025-07-13T11:34:37.549+0000] {processor.py:766} INFO - DAG(s) dict_keys(['example_weekday_branch_operator']) retrieved from /home/airflow/.local/lib/python3.7/site-packages/airflow/example_dags/example_branch_day_of_week_operator.py
[2025-07-13T11:34:37.670+0000] {logging_mixin.py:120} INFO - [2025-07-13T11:34:37.670+0000] {dag.py:2585} INFO - Sync 1 DAGs
[2025-07-13T11:34:37.779+0000] {logging_mixin.py:120} INFO - [2025-07-13T11:34:37.779+0000] {dag.py:3340} INFO - Setting next_dagrun for example_weekday_branch_operator to 2025-07-12T00:00:00+00:00, run_after=2025-07-13T00:00:00+00:00
[2025-07-13T11:34:37.833+0000] {processor.py:176} INFO - Processing /home/airflow/.local/lib/python3.7/site-packages/airflow/example_dags/example_branch_day_of_week_operator.py took 0.391 seconds
[2025-07-13T11:35:08.577+0000] {processor.py:154} INFO - Started process (PID=10961) to work on /home/airflow/.local/lib/python3.7/site-packages/airflow/example_dags/example_branch_day_of_week_operator.py
[2025-07-13T11:35:08.579+0000] {processor.py:756} INFO - Processing file /home/airflow/.local/lib/python3.7/site-packages/airflow/example_dags/example_branch_day_of_week_operator.py for tasks to queue
[2025-07-13T11:35:08.580+0000] {logging_mixin.py:120} INFO - [2025-07-13T11:35:08.580+0000] {dagbag.py:537} INFO - Filling up the DagBag from /home/airflow/.local/lib/python3.7/site-packages/airflow/example_dags/example_branch_day_of_week_operator.py
[2025-07-13T11:35:08.611+0000] {processor.py:766} INFO - DAG(s) dict_keys(['example_weekday_branch_operator']) retrieved from /home/airflow/.local/lib/python3.7/site-packages/airflow/example_dags/example_branch_day_of_week_operator.py
[2025-07-13T11:35:08.683+0000] {logging_mixin.py:120} INFO - [2025-07-13T11:35:08.683+0000] {dag.py:2585} INFO - Sync 1 DAGs
[2025-07-13T11:35:08.722+0000] {logging_mixin.py:120} INFO - [2025-07-13T11:35:08.722+0000] {dag.py:3340} INFO - Setting next_dagrun for example_weekday_branch_operator to 2025-07-12T00:00:00+00:00, run_after=2025-07-13T00:00:00+00:00
[2025-07-13T11:35:08.755+0000] {processor.py:176} INFO - Processing /home/airflow/.local/lib/python3.7/site-packages/airflow/example_dags/example_branch_day_of_week_operator.py took 0.185 seconds
[2025-07-13T11:35:39.342+0000] {processor.py:154} INFO - Started process (PID=11025) to work on /home/airflow/.local/lib/python3.7/site-packages/airflow/example_dags/example_branch_day_of_week_operator.py
[2025-07-13T11:35:39.343+0000] {processor.py:756} INFO - Processing file /home/airflow/.local/lib/python3.7/site-packages/airflow/example_dags/example_branch_day_of_week_operator.py for tasks to queue
[2025-07-13T11:35:39.344+0000] {logging_mixin.py:120} INFO - [2025-07-13T11:35:39.344+0000] {dagbag.py:537} INFO - Filling up the DagBag from /home/airflow/.local/lib/python3.7/site-packages/airflow/example_dags/example_branch_day_of_week_operator.py
[2025-07-13T11:35:39.369+0000] {processor.py:766} INFO - DAG(s) dict_keys(['example_weekday_branch_operator']) retrieved from /home/airflow/.local/lib/python3.7/site-packages/airflow/example_dags/example_branch_day_of_week_operator.py
[2025-07-13T11:35:39.430+0000] {logging_mixin.py:120} INFO - [2025-07-13T11:35:39.430+0000] {dag.py:2585} INFO - Sync 1 DAGs
[2025-07-13T11:35:39.462+0000] {logging_mixin.py:120} INFO - [2025-07-13T11:35:39.461+0000] {dag.py:3340} INFO - Setting next_dagrun for example_weekday_branch_operator to 2025-07-12T00:00:00+00:00, run_after=2025-07-13T00:00:00+00:00
[2025-07-13T11:35:39.495+0000] {processor.py:176} INFO - Processing /home/airflow/.local/lib/python3.7/site-packages/airflow/example_dags/example_branch_day_of_week_operator.py took 0.158 seconds
[2025-07-13T11:36:09.752+0000] {processor.py:154} INFO - Started process (PID=11080) to work on /home/airflow/.local/lib/python3.7/site-packages/airflow/example_dags/example_branch_day_of_week_operator.py
[2025-07-13T11:36:09.753+0000] {processor.py:756} INFO - Processing file /home/airflow/.local/lib/python3.7/site-packages/airflow/example_dags/example_branch_day_of_week_operator.py for tasks to queue
[2025-07-13T11:36:09.755+0000] {logging_mixin.py:120} INFO - [2025-07-13T11:36:09.754+0000] {dagbag.py:537} INFO - Filling up the DagBag from /home/airflow/.local/lib/python3.7/site-packages/airflow/example_dags/example_branch_day_of_week_operator.py
[2025-07-13T11:36:09.781+0000] {processor.py:766} INFO - DAG(s) dict_keys(['example_weekday_branch_operator']) retrieved from /home/airflow/.local/lib/python3.7/site-packages/airflow/example_dags/example_branch_day_of_week_operator.py
[2025-07-13T11:36:09.843+0000] {logging_mixin.py:120} INFO - [2025-07-13T11:36:09.843+0000] {dag.py:2585} INFO - Sync 1 DAGs
[2025-07-13T11:36:09.881+0000] {logging_mixin.py:120} INFO - [2025-07-13T11:36:09.881+0000] {dag.py:3340} INFO - Setting next_dagrun for example_weekday_branch_operator to 2025-07-12T00:00:00+00:00, run_after=2025-07-13T00:00:00+00:00
[2025-07-13T11:36:09.921+0000] {processor.py:176} INFO - Processing /home/airflow/.local/lib/python3.7/site-packages/airflow/example_dags/example_branch_day_of_week_operator.py took 0.173 seconds
[2025-07-13T11:36:40.466+0000] {processor.py:154} INFO - Started process (PID=11143) to work on /home/airflow/.local/lib/python3.7/site-packages/airflow/example_dags/example_branch_day_of_week_operator.py
[2025-07-13T11:36:40.467+0000] {processor.py:756} INFO - Processing file /home/airflow/.local/lib/python3.7/site-packages/airflow/example_dags/example_branch_day_of_week_operator.py for tasks to queue
[2025-07-13T11:36:40.469+0000] {logging_mixin.py:120} INFO - [2025-07-13T11:36:40.469+0000] {dagbag.py:537} INFO - Filling up the DagBag from /home/airflow/.local/lib/python3.7/site-packages/airflow/example_dags/example_branch_day_of_week_operator.py
[2025-07-13T11:36:40.516+0000] {processor.py:766} INFO - DAG(s) dict_keys(['example_weekday_branch_operator']) retrieved from /home/airflow/.local/lib/python3.7/site-packages/airflow/example_dags/example_branch_day_of_week_operator.py
[2025-07-13T11:36:40.598+0000] {logging_mixin.py:120} INFO - [2025-07-13T11:36:40.598+0000] {dag.py:2585} INFO - Sync 1 DAGs
[2025-07-13T11:36:40.638+0000] {logging_mixin.py:120} INFO - [2025-07-13T11:36:40.638+0000] {dag.py:3340} INFO - Setting next_dagrun for example_weekday_branch_operator to 2025-07-12T00:00:00+00:00, run_after=2025-07-13T00:00:00+00:00
[2025-07-13T11:36:40.676+0000] {processor.py:176} INFO - Processing /home/airflow/.local/lib/python3.7/site-packages/airflow/example_dags/example_branch_day_of_week_operator.py took 0.218 seconds
[2025-07-13T11:37:11.377+0000] {processor.py:154} INFO - Started process (PID=11197) to work on /home/airflow/.local/lib/python3.7/site-packages/airflow/example_dags/example_branch_day_of_week_operator.py
[2025-07-13T11:37:11.379+0000] {processor.py:756} INFO - Processing file /home/airflow/.local/lib/python3.7/site-packages/airflow/example_dags/example_branch_day_of_week_operator.py for tasks to queue
[2025-07-13T11:37:11.380+0000] {logging_mixin.py:120} INFO - [2025-07-13T11:37:11.380+0000] {dagbag.py:537} INFO - Filling up the DagBag from /home/airflow/.local/lib/python3.7/site-packages/airflow/example_dags/example_branch_day_of_week_operator.py
[2025-07-13T11:37:11.409+0000] {processor.py:766} INFO - DAG(s) dict_keys(['example_weekday_branch_operator']) retrieved from /home/airflow/.local/lib/python3.7/site-packages/airflow/example_dags/example_branch_day_of_week_operator.py
[2025-07-13T11:37:11.489+0000] {logging_mixin.py:120} INFO - [2025-07-13T11:37:11.489+0000] {dag.py:2585} INFO - Sync 1 DAGs
[2025-07-13T11:37:11.527+0000] {logging_mixin.py:120} INFO - [2025-07-13T11:37:11.526+0000] {dag.py:3340} INFO - Setting next_dagrun for example_weekday_branch_operator to 2025-07-12T00:00:00+00:00, run_after=2025-07-13T00:00:00+00:00
[2025-07-13T11:37:11.554+0000] {processor.py:176} INFO - Processing /home/airflow/.local/lib/python3.7/site-packages/airflow/example_dags/example_branch_day_of_week_operator.py took 0.182 seconds
[2025-07-13T11:37:42.368+0000] {processor.py:154} INFO - Started process (PID=11261) to work on /home/airflow/.local/lib/python3.7/site-packages/airflow/example_dags/example_branch_day_of_week_operator.py
[2025-07-13T11:37:42.370+0000] {processor.py:756} INFO - Processing file /home/airflow/.local/lib/python3.7/site-packages/airflow/example_dags/example_branch_day_of_week_operator.py for tasks to queue
[2025-07-13T11:37:42.373+0000] {logging_mixin.py:120} INFO - [2025-07-13T11:37:42.372+0000] {dagbag.py:537} INFO - Filling up the DagBag from /home/airflow/.local/lib/python3.7/site-packages/airflow/example_dags/example_branch_day_of_week_operator.py
[2025-07-13T11:37:42.404+0000] {processor.py:766} INFO - DAG(s) dict_keys(['example_weekday_branch_operator']) retrieved from /home/airflow/.local/lib/python3.7/site-packages/airflow/example_dags/example_branch_day_of_week_operator.py
[2025-07-13T11:37:42.477+0000] {logging_mixin.py:120} INFO - [2025-07-13T11:37:42.477+0000] {dag.py:2585} INFO - Sync 1 DAGs
[2025-07-13T11:37:42.558+0000] {logging_mixin.py:120} INFO - [2025-07-13T11:37:42.558+0000] {dag.py:3340} INFO - Setting next_dagrun for example_weekday_branch_operator to 2025-07-12T00:00:00+00:00, run_after=2025-07-13T00:00:00+00:00
[2025-07-13T11:37:42.618+0000] {processor.py:176} INFO - Processing /home/airflow/.local/lib/python3.7/site-packages/airflow/example_dags/example_branch_day_of_week_operator.py took 0.256 seconds
[2025-07-13T11:38:13.618+0000] {processor.py:154} INFO - Started process (PID=11314) to work on /home/airflow/.local/lib/python3.7/site-packages/airflow/example_dags/example_branch_day_of_week_operator.py
[2025-07-13T11:38:13.619+0000] {processor.py:756} INFO - Processing file /home/airflow/.local/lib/python3.7/site-packages/airflow/example_dags/example_branch_day_of_week_operator.py for tasks to queue
[2025-07-13T11:38:13.621+0000] {logging_mixin.py:120} INFO - [2025-07-13T11:38:13.620+0000] {dagbag.py:537} INFO - Filling up the DagBag from /home/airflow/.local/lib/python3.7/site-packages/airflow/example_dags/example_branch_day_of_week_operator.py
[2025-07-13T11:38:13.643+0000] {processor.py:766} INFO - DAG(s) dict_keys(['example_weekday_branch_operator']) retrieved from /home/airflow/.local/lib/python3.7/site-packages/airflow/example_dags/example_branch_day_of_week_operator.py
[2025-07-13T11:38:13.713+0000] {logging_mixin.py:120} INFO - [2025-07-13T11:38:13.713+0000] {dag.py:2585} INFO - Sync 1 DAGs
[2025-07-13T11:38:13.780+0000] {logging_mixin.py:120} INFO - [2025-07-13T11:38:13.780+0000] {dag.py:3340} INFO - Setting next_dagrun for example_weekday_branch_operator to 2025-07-12T00:00:00+00:00, run_after=2025-07-13T00:00:00+00:00
[2025-07-13T11:38:13.827+0000] {processor.py:176} INFO - Processing /home/airflow/.local/lib/python3.7/site-packages/airflow/example_dags/example_branch_day_of_week_operator.py took 0.213 seconds
[2025-07-13T11:38:44.739+0000] {processor.py:154} INFO - Started process (PID=11368) to work on /home/airflow/.local/lib/python3.7/site-packages/airflow/example_dags/example_branch_day_of_week_operator.py
[2025-07-13T11:38:44.741+0000] {processor.py:756} INFO - Processing file /home/airflow/.local/lib/python3.7/site-packages/airflow/example_dags/example_branch_day_of_week_operator.py for tasks to queue
[2025-07-13T11:38:44.742+0000] {logging_mixin.py:120} INFO - [2025-07-13T11:38:44.742+0000] {dagbag.py:537} INFO - Filling up the DagBag from /home/airflow/.local/lib/python3.7/site-packages/airflow/example_dags/example_branch_day_of_week_operator.py
[2025-07-13T11:38:44.799+0000] {processor.py:766} INFO - DAG(s) dict_keys(['example_weekday_branch_operator']) retrieved from /home/airflow/.local/lib/python3.7/site-packages/airflow/example_dags/example_branch_day_of_week_operator.py
[2025-07-13T11:38:44.908+0000] {logging_mixin.py:120} INFO - [2025-07-13T11:38:44.908+0000] {dag.py:2585} INFO - Sync 1 DAGs
[2025-07-13T11:38:44.972+0000] {logging_mixin.py:120} INFO - [2025-07-13T11:38:44.971+0000] {dag.py:3340} INFO - Setting next_dagrun for example_weekday_branch_operator to 2025-07-12T00:00:00+00:00, run_after=2025-07-13T00:00:00+00:00
[2025-07-13T11:38:45.019+0000] {processor.py:176} INFO - Processing /home/airflow/.local/lib/python3.7/site-packages/airflow/example_dags/example_branch_day_of_week_operator.py took 0.287 seconds
[2025-07-13T11:39:15.304+0000] {processor.py:154} INFO - Started process (PID=11431) to work on /home/airflow/.local/lib/python3.7/site-packages/airflow/example_dags/example_branch_day_of_week_operator.py
[2025-07-13T11:39:15.313+0000] {processor.py:756} INFO - Processing file /home/airflow/.local/lib/python3.7/site-packages/airflow/example_dags/example_branch_day_of_week_operator.py for tasks to queue
[2025-07-13T11:39:15.315+0000] {logging_mixin.py:120} INFO - [2025-07-13T11:39:15.315+0000] {dagbag.py:537} INFO - Filling up the DagBag from /home/airflow/.local/lib/python3.7/site-packages/airflow/example_dags/example_branch_day_of_week_operator.py
[2025-07-13T11:39:15.356+0000] {processor.py:766} INFO - DAG(s) dict_keys(['example_weekday_branch_operator']) retrieved from /home/airflow/.local/lib/python3.7/site-packages/airflow/example_dags/example_branch_day_of_week_operator.py
[2025-07-13T11:39:15.456+0000] {logging_mixin.py:120} INFO - [2025-07-13T11:39:15.456+0000] {dag.py:2585} INFO - Sync 1 DAGs
[2025-07-13T11:39:15.506+0000] {logging_mixin.py:120} INFO - [2025-07-13T11:39:15.506+0000] {dag.py:3340} INFO - Setting next_dagrun for example_weekday_branch_operator to 2025-07-12T00:00:00+00:00, run_after=2025-07-13T00:00:00+00:00
[2025-07-13T11:39:15.546+0000] {processor.py:176} INFO - Processing /home/airflow/.local/lib/python3.7/site-packages/airflow/example_dags/example_branch_day_of_week_operator.py took 0.273 seconds
[2025-07-13T11:39:48.502+0000] {processor.py:154} INFO - Started process (PID=11486) to work on /home/airflow/.local/lib/python3.7/site-packages/airflow/example_dags/example_branch_day_of_week_operator.py
[2025-07-13T11:39:48.504+0000] {processor.py:756} INFO - Processing file /home/airflow/.local/lib/python3.7/site-packages/airflow/example_dags/example_branch_day_of_week_operator.py for tasks to queue
[2025-07-13T11:39:48.506+0000] {logging_mixin.py:120} INFO - [2025-07-13T11:39:48.505+0000] {dagbag.py:537} INFO - Filling up the DagBag from /home/airflow/.local/lib/python3.7/site-packages/airflow/example_dags/example_branch_day_of_week_operator.py
[2025-07-13T11:39:48.529+0000] {processor.py:766} INFO - DAG(s) dict_keys(['example_weekday_branch_operator']) retrieved from /home/airflow/.local/lib/python3.7/site-packages/airflow/example_dags/example_branch_day_of_week_operator.py
[2025-07-13T11:39:48.594+0000] {logging_mixin.py:120} INFO - [2025-07-13T11:39:48.594+0000] {dag.py:2585} INFO - Sync 1 DAGs
[2025-07-13T11:39:48.637+0000] {logging_mixin.py:120} INFO - [2025-07-13T11:39:48.636+0000] {dag.py:3340} INFO - Setting next_dagrun for example_weekday_branch_operator to 2025-07-12T00:00:00+00:00, run_after=2025-07-13T00:00:00+00:00
[2025-07-13T11:39:48.666+0000] {processor.py:176} INFO - Processing /home/airflow/.local/lib/python3.7/site-packages/airflow/example_dags/example_branch_day_of_week_operator.py took 0.168 seconds
[2025-07-13T11:40:18.716+0000] {processor.py:154} INFO - Started process (PID=11541) to work on /home/airflow/.local/lib/python3.7/site-packages/airflow/example_dags/example_branch_day_of_week_operator.py
[2025-07-13T11:40:18.717+0000] {processor.py:756} INFO - Processing file /home/airflow/.local/lib/python3.7/site-packages/airflow/example_dags/example_branch_day_of_week_operator.py for tasks to queue
[2025-07-13T11:40:18.718+0000] {logging_mixin.py:120} INFO - [2025-07-13T11:40:18.718+0000] {dagbag.py:537} INFO - Filling up the DagBag from /home/airflow/.local/lib/python3.7/site-packages/airflow/example_dags/example_branch_day_of_week_operator.py
[2025-07-13T11:40:18.739+0000] {processor.py:766} INFO - DAG(s) dict_keys(['example_weekday_branch_operator']) retrieved from /home/airflow/.local/lib/python3.7/site-packages/airflow/example_dags/example_branch_day_of_week_operator.py
[2025-07-13T11:40:18.800+0000] {logging_mixin.py:120} INFO - [2025-07-13T11:40:18.800+0000] {dag.py:2585} INFO - Sync 1 DAGs
[2025-07-13T11:40:18.835+0000] {logging_mixin.py:120} INFO - [2025-07-13T11:40:18.835+0000] {dag.py:3340} INFO - Setting next_dagrun for example_weekday_branch_operator to 2025-07-12T00:00:00+00:00, run_after=2025-07-13T00:00:00+00:00
[2025-07-13T11:40:18.869+0000] {processor.py:176} INFO - Processing /home/airflow/.local/lib/python3.7/site-packages/airflow/example_dags/example_branch_day_of_week_operator.py took 0.158 seconds
[2025-07-13T11:40:49.076+0000] {processor.py:154} INFO - Started process (PID=11604) to work on /home/airflow/.local/lib/python3.7/site-packages/airflow/example_dags/example_branch_day_of_week_operator.py
[2025-07-13T11:40:49.077+0000] {processor.py:756} INFO - Processing file /home/airflow/.local/lib/python3.7/site-packages/airflow/example_dags/example_branch_day_of_week_operator.py for tasks to queue
[2025-07-13T11:40:49.079+0000] {logging_mixin.py:120} INFO - [2025-07-13T11:40:49.079+0000] {dagbag.py:537} INFO - Filling up the DagBag from /home/airflow/.local/lib/python3.7/site-packages/airflow/example_dags/example_branch_day_of_week_operator.py
[2025-07-13T11:40:49.105+0000] {processor.py:766} INFO - DAG(s) dict_keys(['example_weekday_branch_operator']) retrieved from /home/airflow/.local/lib/python3.7/site-packages/airflow/example_dags/example_branch_day_of_week_operator.py
[2025-07-13T11:40:49.160+0000] {logging_mixin.py:120} INFO - [2025-07-13T11:40:49.159+0000] {dag.py:2585} INFO - Sync 1 DAGs
[2025-07-13T11:40:49.201+0000] {logging_mixin.py:120} INFO - [2025-07-13T11:40:49.201+0000] {dag.py:3340} INFO - Setting next_dagrun for example_weekday_branch_operator to 2025-07-12T00:00:00+00:00, run_after=2025-07-13T00:00:00+00:00
[2025-07-13T11:40:49.227+0000] {processor.py:176} INFO - Processing /home/airflow/.local/lib/python3.7/site-packages/airflow/example_dags/example_branch_day_of_week_operator.py took 0.156 seconds
[2025-07-13T11:41:19.672+0000] {processor.py:154} INFO - Started process (PID=11657) to work on /home/airflow/.local/lib/python3.7/site-packages/airflow/example_dags/example_branch_day_of_week_operator.py
[2025-07-13T11:41:19.673+0000] {processor.py:756} INFO - Processing file /home/airflow/.local/lib/python3.7/site-packages/airflow/example_dags/example_branch_day_of_week_operator.py for tasks to queue
[2025-07-13T11:41:19.674+0000] {logging_mixin.py:120} INFO - [2025-07-13T11:41:19.674+0000] {dagbag.py:537} INFO - Filling up the DagBag from /home/airflow/.local/lib/python3.7/site-packages/airflow/example_dags/example_branch_day_of_week_operator.py
[2025-07-13T11:41:19.708+0000] {processor.py:766} INFO - DAG(s) dict_keys(['example_weekday_branch_operator']) retrieved from /home/airflow/.local/lib/python3.7/site-packages/airflow/example_dags/example_branch_day_of_week_operator.py
[2025-07-13T11:41:19.764+0000] {logging_mixin.py:120} INFO - [2025-07-13T11:41:19.764+0000] {dag.py:2585} INFO - Sync 1 DAGs
[2025-07-13T11:41:19.797+0000] {logging_mixin.py:120} INFO - [2025-07-13T11:41:19.797+0000] {dag.py:3340} INFO - Setting next_dagrun for example_weekday_branch_operator to 2025-07-12T00:00:00+00:00, run_after=2025-07-13T00:00:00+00:00
[2025-07-13T11:41:19.836+0000] {processor.py:176} INFO - Processing /home/airflow/.local/lib/python3.7/site-packages/airflow/example_dags/example_branch_day_of_week_operator.py took 0.168 seconds
[2025-07-13T11:41:51.098+0000] {processor.py:154} INFO - Started process (PID=11720) to work on /home/airflow/.local/lib/python3.7/site-packages/airflow/example_dags/example_branch_day_of_week_operator.py
[2025-07-13T11:41:51.100+0000] {processor.py:756} INFO - Processing file /home/airflow/.local/lib/python3.7/site-packages/airflow/example_dags/example_branch_day_of_week_operator.py for tasks to queue
[2025-07-13T11:41:51.101+0000] {logging_mixin.py:120} INFO - [2025-07-13T11:41:51.101+0000] {dagbag.py:537} INFO - Filling up the DagBag from /home/airflow/.local/lib/python3.7/site-packages/airflow/example_dags/example_branch_day_of_week_operator.py
[2025-07-13T11:41:51.123+0000] {processor.py:766} INFO - DAG(s) dict_keys(['example_weekday_branch_operator']) retrieved from /home/airflow/.local/lib/python3.7/site-packages/airflow/example_dags/example_branch_day_of_week_operator.py
[2025-07-13T11:41:51.187+0000] {logging_mixin.py:120} INFO - [2025-07-13T11:41:51.187+0000] {dag.py:2585} INFO - Sync 1 DAGs
[2025-07-13T11:41:51.224+0000] {logging_mixin.py:120} INFO - [2025-07-13T11:41:51.224+0000] {dag.py:3340} INFO - Setting next_dagrun for example_weekday_branch_operator to 2025-07-12T00:00:00+00:00, run_after=2025-07-13T00:00:00+00:00
[2025-07-13T11:41:51.261+0000] {processor.py:176} INFO - Processing /home/airflow/.local/lib/python3.7/site-packages/airflow/example_dags/example_branch_day_of_week_operator.py took 0.168 seconds
[2025-07-13T11:42:23.394+0000] {processor.py:154} INFO - Started process (PID=11783) to work on /home/airflow/.local/lib/python3.7/site-packages/airflow/example_dags/example_branch_day_of_week_operator.py
[2025-07-13T11:42:23.399+0000] {processor.py:756} INFO - Processing file /home/airflow/.local/lib/python3.7/site-packages/airflow/example_dags/example_branch_day_of_week_operator.py for tasks to queue
[2025-07-13T11:42:23.402+0000] {logging_mixin.py:120} INFO - [2025-07-13T11:42:23.402+0000] {dagbag.py:537} INFO - Filling up the DagBag from /home/airflow/.local/lib/python3.7/site-packages/airflow/example_dags/example_branch_day_of_week_operator.py
[2025-07-13T11:42:23.451+0000] {processor.py:766} INFO - DAG(s) dict_keys(['example_weekday_branch_operator']) retrieved from /home/airflow/.local/lib/python3.7/site-packages/airflow/example_dags/example_branch_day_of_week_operator.py
[2025-07-13T11:42:23.549+0000] {logging_mixin.py:120} INFO - [2025-07-13T11:42:23.548+0000] {dag.py:2585} INFO - Sync 1 DAGs
[2025-07-13T11:42:23.607+0000] {logging_mixin.py:120} INFO - [2025-07-13T11:42:23.606+0000] {dag.py:3340} INFO - Setting next_dagrun for example_weekday_branch_operator to 2025-07-12T00:00:00+00:00, run_after=2025-07-13T00:00:00+00:00
[2025-07-13T11:42:23.714+0000] {processor.py:176} INFO - Processing /home/airflow/.local/lib/python3.7/site-packages/airflow/example_dags/example_branch_day_of_week_operator.py took 0.330 seconds
[2025-07-13T11:42:54.172+0000] {processor.py:154} INFO - Started process (PID=11838) to work on /home/airflow/.local/lib/python3.7/site-packages/airflow/example_dags/example_branch_day_of_week_operator.py
[2025-07-13T11:42:54.175+0000] {processor.py:756} INFO - Processing file /home/airflow/.local/lib/python3.7/site-packages/airflow/example_dags/example_branch_day_of_week_operator.py for tasks to queue
[2025-07-13T11:42:54.177+0000] {logging_mixin.py:120} INFO - [2025-07-13T11:42:54.176+0000] {dagbag.py:537} INFO - Filling up the DagBag from /home/airflow/.local/lib/python3.7/site-packages/airflow/example_dags/example_branch_day_of_week_operator.py
[2025-07-13T11:42:54.209+0000] {processor.py:766} INFO - DAG(s) dict_keys(['example_weekday_branch_operator']) retrieved from /home/airflow/.local/lib/python3.7/site-packages/airflow/example_dags/example_branch_day_of_week_operator.py
[2025-07-13T11:42:54.291+0000] {logging_mixin.py:120} INFO - [2025-07-13T11:42:54.290+0000] {dag.py:2585} INFO - Sync 1 DAGs
[2025-07-13T11:42:54.336+0000] {logging_mixin.py:120} INFO - [2025-07-13T11:42:54.336+0000] {dag.py:3340} INFO - Setting next_dagrun for example_weekday_branch_operator to 2025-07-12T00:00:00+00:00, run_after=2025-07-13T00:00:00+00:00
[2025-07-13T11:42:54.381+0000] {processor.py:176} INFO - Processing /home/airflow/.local/lib/python3.7/site-packages/airflow/example_dags/example_branch_day_of_week_operator.py took 0.215 seconds
[2025-07-13T11:43:25.097+0000] {processor.py:154} INFO - Started process (PID=11901) to work on /home/airflow/.local/lib/python3.7/site-packages/airflow/example_dags/example_branch_day_of_week_operator.py
[2025-07-13T11:43:25.099+0000] {processor.py:756} INFO - Processing file /home/airflow/.local/lib/python3.7/site-packages/airflow/example_dags/example_branch_day_of_week_operator.py for tasks to queue
[2025-07-13T11:43:25.100+0000] {logging_mixin.py:120} INFO - [2025-07-13T11:43:25.100+0000] {dagbag.py:537} INFO - Filling up the DagBag from /home/airflow/.local/lib/python3.7/site-packages/airflow/example_dags/example_branch_day_of_week_operator.py
[2025-07-13T11:43:25.129+0000] {processor.py:766} INFO - DAG(s) dict_keys(['example_weekday_branch_operator']) retrieved from /home/airflow/.local/lib/python3.7/site-packages/airflow/example_dags/example_branch_day_of_week_operator.py
[2025-07-13T11:43:25.201+0000] {logging_mixin.py:120} INFO - [2025-07-13T11:43:25.201+0000] {dag.py:2585} INFO - Sync 1 DAGs
[2025-07-13T11:43:25.253+0000] {logging_mixin.py:120} INFO - [2025-07-13T11:43:25.252+0000] {dag.py:3340} INFO - Setting next_dagrun for example_weekday_branch_operator to 2025-07-12T00:00:00+00:00, run_after=2025-07-13T00:00:00+00:00
[2025-07-13T11:43:25.294+0000] {processor.py:176} INFO - Processing /home/airflow/.local/lib/python3.7/site-packages/airflow/example_dags/example_branch_day_of_week_operator.py took 0.202 seconds
[2025-07-13T11:43:56.110+0000] {processor.py:154} INFO - Started process (PID=11955) to work on /home/airflow/.local/lib/python3.7/site-packages/airflow/example_dags/example_branch_day_of_week_operator.py
[2025-07-13T11:43:56.111+0000] {processor.py:756} INFO - Processing file /home/airflow/.local/lib/python3.7/site-packages/airflow/example_dags/example_branch_day_of_week_operator.py for tasks to queue
[2025-07-13T11:43:56.113+0000] {logging_mixin.py:120} INFO - [2025-07-13T11:43:56.113+0000] {dagbag.py:537} INFO - Filling up the DagBag from /home/airflow/.local/lib/python3.7/site-packages/airflow/example_dags/example_branch_day_of_week_operator.py
[2025-07-13T11:43:56.133+0000] {processor.py:766} INFO - DAG(s) dict_keys(['example_weekday_branch_operator']) retrieved from /home/airflow/.local/lib/python3.7/site-packages/airflow/example_dags/example_branch_day_of_week_operator.py
[2025-07-13T11:43:56.196+0000] {logging_mixin.py:120} INFO - [2025-07-13T11:43:56.196+0000] {dag.py:2585} INFO - Sync 1 DAGs
[2025-07-13T11:43:56.238+0000] {logging_mixin.py:120} INFO - [2025-07-13T11:43:56.238+0000] {dag.py:3340} INFO - Setting next_dagrun for example_weekday_branch_operator to 2025-07-12T00:00:00+00:00, run_after=2025-07-13T00:00:00+00:00
[2025-07-13T11:43:56.332+0000] {processor.py:176} INFO - Processing /home/airflow/.local/lib/python3.7/site-packages/airflow/example_dags/example_branch_day_of_week_operator.py took 0.226 seconds
[2025-07-13T11:44:26.434+0000] {processor.py:154} INFO - Started process (PID=12018) to work on /home/airflow/.local/lib/python3.7/site-packages/airflow/example_dags/example_branch_day_of_week_operator.py
[2025-07-13T11:44:26.436+0000] {processor.py:756} INFO - Processing file /home/airflow/.local/lib/python3.7/site-packages/airflow/example_dags/example_branch_day_of_week_operator.py for tasks to queue
[2025-07-13T11:44:26.438+0000] {logging_mixin.py:120} INFO - [2025-07-13T11:44:26.438+0000] {dagbag.py:537} INFO - Filling up the DagBag from /home/airflow/.local/lib/python3.7/site-packages/airflow/example_dags/example_branch_day_of_week_operator.py
[2025-07-13T11:44:26.461+0000] {processor.py:766} INFO - DAG(s) dict_keys(['example_weekday_branch_operator']) retrieved from /home/airflow/.local/lib/python3.7/site-packages/airflow/example_dags/example_branch_day_of_week_operator.py
[2025-07-13T11:44:26.530+0000] {logging_mixin.py:120} INFO - [2025-07-13T11:44:26.529+0000] {dag.py:2585} INFO - Sync 1 DAGs
[2025-07-13T11:44:26.574+0000] {logging_mixin.py:120} INFO - [2025-07-13T11:44:26.573+0000] {dag.py:3340} INFO - Setting next_dagrun for example_weekday_branch_operator to 2025-07-12T00:00:00+00:00, run_after=2025-07-13T00:00:00+00:00
[2025-07-13T11:44:26.611+0000] {processor.py:176} INFO - Processing /home/airflow/.local/lib/python3.7/site-packages/airflow/example_dags/example_branch_day_of_week_operator.py took 0.181 seconds
[2025-07-13T11:44:57.574+0000] {processor.py:154} INFO - Started process (PID=12072) to work on /home/airflow/.local/lib/python3.7/site-packages/airflow/example_dags/example_branch_day_of_week_operator.py
[2025-07-13T11:44:57.577+0000] {processor.py:756} INFO - Processing file /home/airflow/.local/lib/python3.7/site-packages/airflow/example_dags/example_branch_day_of_week_operator.py for tasks to queue
[2025-07-13T11:44:57.578+0000] {logging_mixin.py:120} INFO - [2025-07-13T11:44:57.578+0000] {dagbag.py:537} INFO - Filling up the DagBag from /home/airflow/.local/lib/python3.7/site-packages/airflow/example_dags/example_branch_day_of_week_operator.py
[2025-07-13T11:44:57.609+0000] {processor.py:766} INFO - DAG(s) dict_keys(['example_weekday_branch_operator']) retrieved from /home/airflow/.local/lib/python3.7/site-packages/airflow/example_dags/example_branch_day_of_week_operator.py
[2025-07-13T11:44:57.704+0000] {logging_mixin.py:120} INFO - [2025-07-13T11:44:57.704+0000] {dag.py:2585} INFO - Sync 1 DAGs
[2025-07-13T11:44:57.755+0000] {logging_mixin.py:120} INFO - [2025-07-13T11:44:57.755+0000] {dag.py:3340} INFO - Setting next_dagrun for example_weekday_branch_operator to 2025-07-12T00:00:00+00:00, run_after=2025-07-13T00:00:00+00:00
[2025-07-13T11:44:57.852+0000] {processor.py:176} INFO - Processing /home/airflow/.local/lib/python3.7/site-packages/airflow/example_dags/example_branch_day_of_week_operator.py took 0.288 seconds
[2025-07-13T11:45:28.228+0000] {processor.py:154} INFO - Started process (PID=12135) to work on /home/airflow/.local/lib/python3.7/site-packages/airflow/example_dags/example_branch_day_of_week_operator.py
[2025-07-13T11:45:28.230+0000] {processor.py:756} INFO - Processing file /home/airflow/.local/lib/python3.7/site-packages/airflow/example_dags/example_branch_day_of_week_operator.py for tasks to queue
[2025-07-13T11:45:28.231+0000] {logging_mixin.py:120} INFO - [2025-07-13T11:45:28.231+0000] {dagbag.py:537} INFO - Filling up the DagBag from /home/airflow/.local/lib/python3.7/site-packages/airflow/example_dags/example_branch_day_of_week_operator.py
[2025-07-13T11:45:28.282+0000] {processor.py:766} INFO - DAG(s) dict_keys(['example_weekday_branch_operator']) retrieved from /home/airflow/.local/lib/python3.7/site-packages/airflow/example_dags/example_branch_day_of_week_operator.py
[2025-07-13T11:45:28.399+0000] {logging_mixin.py:120} INFO - [2025-07-13T11:45:28.398+0000] {dag.py:2585} INFO - Sync 1 DAGs
[2025-07-13T11:45:28.456+0000] {logging_mixin.py:120} INFO - [2025-07-13T11:45:28.456+0000] {dag.py:3340} INFO - Setting next_dagrun for example_weekday_branch_operator to 2025-07-12T00:00:00+00:00, run_after=2025-07-13T00:00:00+00:00
[2025-07-13T11:45:28.500+0000] {processor.py:176} INFO - Processing /home/airflow/.local/lib/python3.7/site-packages/airflow/example_dags/example_branch_day_of_week_operator.py took 0.283 seconds
[2025-07-13T11:45:59.053+0000] {processor.py:154} INFO - Started process (PID=12189) to work on /home/airflow/.local/lib/python3.7/site-packages/airflow/example_dags/example_branch_day_of_week_operator.py
[2025-07-13T11:45:59.055+0000] {processor.py:756} INFO - Processing file /home/airflow/.local/lib/python3.7/site-packages/airflow/example_dags/example_branch_day_of_week_operator.py for tasks to queue
[2025-07-13T11:45:59.056+0000] {logging_mixin.py:120} INFO - [2025-07-13T11:45:59.056+0000] {dagbag.py:537} INFO - Filling up the DagBag from /home/airflow/.local/lib/python3.7/site-packages/airflow/example_dags/example_branch_day_of_week_operator.py
[2025-07-13T11:45:59.078+0000] {processor.py:766} INFO - DAG(s) dict_keys(['example_weekday_branch_operator']) retrieved from /home/airflow/.local/lib/python3.7/site-packages/airflow/example_dags/example_branch_day_of_week_operator.py
[2025-07-13T11:45:59.140+0000] {logging_mixin.py:120} INFO - [2025-07-13T11:45:59.139+0000] {dag.py:2585} INFO - Sync 1 DAGs
[2025-07-13T11:45:59.181+0000] {logging_mixin.py:120} INFO - [2025-07-13T11:45:59.180+0000] {dag.py:3340} INFO - Setting next_dagrun for example_weekday_branch_operator to 2025-07-12T00:00:00+00:00, run_after=2025-07-13T00:00:00+00:00
[2025-07-13T11:45:59.216+0000] {processor.py:176} INFO - Processing /home/airflow/.local/lib/python3.7/site-packages/airflow/example_dags/example_branch_day_of_week_operator.py took 0.169 seconds
[2025-07-13T11:46:30.186+0000] {processor.py:154} INFO - Started process (PID=12253) to work on /home/airflow/.local/lib/python3.7/site-packages/airflow/example_dags/example_branch_day_of_week_operator.py
[2025-07-13T11:46:30.188+0000] {processor.py:756} INFO - Processing file /home/airflow/.local/lib/python3.7/site-packages/airflow/example_dags/example_branch_day_of_week_operator.py for tasks to queue
[2025-07-13T11:46:30.189+0000] {logging_mixin.py:120} INFO - [2025-07-13T11:46:30.188+0000] {dagbag.py:537} INFO - Filling up the DagBag from /home/airflow/.local/lib/python3.7/site-packages/airflow/example_dags/example_branch_day_of_week_operator.py
[2025-07-13T11:46:30.211+0000] {processor.py:766} INFO - DAG(s) dict_keys(['example_weekday_branch_operator']) retrieved from /home/airflow/.local/lib/python3.7/site-packages/airflow/example_dags/example_branch_day_of_week_operator.py
[2025-07-13T11:46:30.270+0000] {logging_mixin.py:120} INFO - [2025-07-13T11:46:30.270+0000] {dag.py:2585} INFO - Sync 1 DAGs
[2025-07-13T11:46:30.303+0000] {logging_mixin.py:120} INFO - [2025-07-13T11:46:30.302+0000] {dag.py:3340} INFO - Setting next_dagrun for example_weekday_branch_operator to 2025-07-12T00:00:00+00:00, run_after=2025-07-13T00:00:00+00:00
[2025-07-13T11:46:30.333+0000] {processor.py:176} INFO - Processing /home/airflow/.local/lib/python3.7/site-packages/airflow/example_dags/example_branch_day_of_week_operator.py took 0.151 seconds
[2025-07-13T11:47:00.970+0000] {processor.py:154} INFO - Started process (PID=12316) to work on /home/airflow/.local/lib/python3.7/site-packages/airflow/example_dags/example_branch_day_of_week_operator.py
[2025-07-13T11:47:00.971+0000] {processor.py:756} INFO - Processing file /home/airflow/.local/lib/python3.7/site-packages/airflow/example_dags/example_branch_day_of_week_operator.py for tasks to queue
[2025-07-13T11:47:00.973+0000] {logging_mixin.py:120} INFO - [2025-07-13T11:47:00.973+0000] {dagbag.py:537} INFO - Filling up the DagBag from /home/airflow/.local/lib/python3.7/site-packages/airflow/example_dags/example_branch_day_of_week_operator.py
[2025-07-13T11:47:01.003+0000] {processor.py:766} INFO - DAG(s) dict_keys(['example_weekday_branch_operator']) retrieved from /home/airflow/.local/lib/python3.7/site-packages/airflow/example_dags/example_branch_day_of_week_operator.py
[2025-07-13T11:47:01.068+0000] {logging_mixin.py:120} INFO - [2025-07-13T11:47:01.068+0000] {dag.py:2585} INFO - Sync 1 DAGs
[2025-07-13T11:47:01.121+0000] {logging_mixin.py:120} INFO - [2025-07-13T11:47:01.120+0000] {dag.py:3340} INFO - Setting next_dagrun for example_weekday_branch_operator to 2025-07-12T00:00:00+00:00, run_after=2025-07-13T00:00:00+00:00
[2025-07-13T11:47:01.159+0000] {processor.py:176} INFO - Processing /home/airflow/.local/lib/python3.7/site-packages/airflow/example_dags/example_branch_day_of_week_operator.py took 0.199 seconds
[2025-07-13T11:47:31.901+0000] {processor.py:154} INFO - Started process (PID=12370) to work on /home/airflow/.local/lib/python3.7/site-packages/airflow/example_dags/example_branch_day_of_week_operator.py
[2025-07-13T11:47:31.903+0000] {processor.py:756} INFO - Processing file /home/airflow/.local/lib/python3.7/site-packages/airflow/example_dags/example_branch_day_of_week_operator.py for tasks to queue
[2025-07-13T11:47:31.905+0000] {logging_mixin.py:120} INFO - [2025-07-13T11:47:31.904+0000] {dagbag.py:537} INFO - Filling up the DagBag from /home/airflow/.local/lib/python3.7/site-packages/airflow/example_dags/example_branch_day_of_week_operator.py
[2025-07-13T11:47:31.965+0000] {processor.py:766} INFO - DAG(s) dict_keys(['example_weekday_branch_operator']) retrieved from /home/airflow/.local/lib/python3.7/site-packages/airflow/example_dags/example_branch_day_of_week_operator.py
[2025-07-13T11:47:32.260+0000] {logging_mixin.py:120} INFO - [2025-07-13T11:47:32.260+0000] {dag.py:2585} INFO - Sync 1 DAGs
[2025-07-13T11:47:32.463+0000] {logging_mixin.py:120} INFO - [2025-07-13T11:47:32.463+0000] {dag.py:3340} INFO - Setting next_dagrun for example_weekday_branch_operator to 2025-07-12T00:00:00+00:00, run_after=2025-07-13T00:00:00+00:00
[2025-07-13T11:47:32.552+0000] {processor.py:176} INFO - Processing /home/airflow/.local/lib/python3.7/site-packages/airflow/example_dags/example_branch_day_of_week_operator.py took 0.664 seconds
[2025-07-13T11:48:02.736+0000] {processor.py:154} INFO - Started process (PID=12433) to work on /home/airflow/.local/lib/python3.7/site-packages/airflow/example_dags/example_branch_day_of_week_operator.py
[2025-07-13T11:48:02.737+0000] {processor.py:756} INFO - Processing file /home/airflow/.local/lib/python3.7/site-packages/airflow/example_dags/example_branch_day_of_week_operator.py for tasks to queue
[2025-07-13T11:48:02.738+0000] {logging_mixin.py:120} INFO - [2025-07-13T11:48:02.738+0000] {dagbag.py:537} INFO - Filling up the DagBag from /home/airflow/.local/lib/python3.7/site-packages/airflow/example_dags/example_branch_day_of_week_operator.py
[2025-07-13T11:48:02.763+0000] {processor.py:766} INFO - DAG(s) dict_keys(['example_weekday_branch_operator']) retrieved from /home/airflow/.local/lib/python3.7/site-packages/airflow/example_dags/example_branch_day_of_week_operator.py
[2025-07-13T11:48:02.826+0000] {logging_mixin.py:120} INFO - [2025-07-13T11:48:02.826+0000] {dag.py:2585} INFO - Sync 1 DAGs
[2025-07-13T11:48:02.860+0000] {logging_mixin.py:120} INFO - [2025-07-13T11:48:02.860+0000] {dag.py:3340} INFO - Setting next_dagrun for example_weekday_branch_operator to 2025-07-12T00:00:00+00:00, run_after=2025-07-13T00:00:00+00:00
[2025-07-13T11:48:02.888+0000] {processor.py:176} INFO - Processing /home/airflow/.local/lib/python3.7/site-packages/airflow/example_dags/example_branch_day_of_week_operator.py took 0.157 seconds
[2025-07-13T11:48:33.138+0000] {processor.py:154} INFO - Started process (PID=12488) to work on /home/airflow/.local/lib/python3.7/site-packages/airflow/example_dags/example_branch_day_of_week_operator.py
[2025-07-13T11:48:33.140+0000] {processor.py:756} INFO - Processing file /home/airflow/.local/lib/python3.7/site-packages/airflow/example_dags/example_branch_day_of_week_operator.py for tasks to queue
[2025-07-13T11:48:33.142+0000] {logging_mixin.py:120} INFO - [2025-07-13T11:48:33.141+0000] {dagbag.py:537} INFO - Filling up the DagBag from /home/airflow/.local/lib/python3.7/site-packages/airflow/example_dags/example_branch_day_of_week_operator.py
[2025-07-13T11:48:33.181+0000] {processor.py:766} INFO - DAG(s) dict_keys(['example_weekday_branch_operator']) retrieved from /home/airflow/.local/lib/python3.7/site-packages/airflow/example_dags/example_branch_day_of_week_operator.py
[2025-07-13T11:48:33.284+0000] {logging_mixin.py:120} INFO - [2025-07-13T11:48:33.283+0000] {dag.py:2585} INFO - Sync 1 DAGs
[2025-07-13T11:48:33.367+0000] {logging_mixin.py:120} INFO - [2025-07-13T11:48:33.367+0000] {dag.py:3340} INFO - Setting next_dagrun for example_weekday_branch_operator to 2025-07-12T00:00:00+00:00, run_after=2025-07-13T00:00:00+00:00
[2025-07-13T11:48:33.464+0000] {processor.py:176} INFO - Processing /home/airflow/.local/lib/python3.7/site-packages/airflow/example_dags/example_branch_day_of_week_operator.py took 0.341 seconds
[2025-07-13T11:49:03.588+0000] {processor.py:154} INFO - Started process (PID=12551) to work on /home/airflow/.local/lib/python3.7/site-packages/airflow/example_dags/example_branch_day_of_week_operator.py
[2025-07-13T11:49:03.589+0000] {processor.py:756} INFO - Processing file /home/airflow/.local/lib/python3.7/site-packages/airflow/example_dags/example_branch_day_of_week_operator.py for tasks to queue
[2025-07-13T11:49:03.591+0000] {logging_mixin.py:120} INFO - [2025-07-13T11:49:03.591+0000] {dagbag.py:537} INFO - Filling up the DagBag from /home/airflow/.local/lib/python3.7/site-packages/airflow/example_dags/example_branch_day_of_week_operator.py
[2025-07-13T11:49:03.618+0000] {processor.py:766} INFO - DAG(s) dict_keys(['example_weekday_branch_operator']) retrieved from /home/airflow/.local/lib/python3.7/site-packages/airflow/example_dags/example_branch_day_of_week_operator.py
[2025-07-13T11:49:03.723+0000] {logging_mixin.py:120} INFO - [2025-07-13T11:49:03.723+0000] {dag.py:2585} INFO - Sync 1 DAGs
[2025-07-13T11:49:03.775+0000] {logging_mixin.py:120} INFO - [2025-07-13T11:49:03.775+0000] {dag.py:3340} INFO - Setting next_dagrun for example_weekday_branch_operator to 2025-07-12T00:00:00+00:00, run_after=2025-07-13T00:00:00+00:00
[2025-07-13T11:49:03.826+0000] {processor.py:176} INFO - Processing /home/airflow/.local/lib/python3.7/site-packages/airflow/example_dags/example_branch_day_of_week_operator.py took 0.243 seconds
[2025-07-13T11:49:37.086+0000] {processor.py:154} INFO - Started process (PID=12613) to work on /home/airflow/.local/lib/python3.7/site-packages/airflow/example_dags/example_branch_day_of_week_operator.py
[2025-07-13T11:49:37.102+0000] {processor.py:756} INFO - Processing file /home/airflow/.local/lib/python3.7/site-packages/airflow/example_dags/example_branch_day_of_week_operator.py for tasks to queue
[2025-07-13T11:49:37.110+0000] {logging_mixin.py:120} INFO - [2025-07-13T11:49:37.110+0000] {dagbag.py:537} INFO - Filling up the DagBag from /home/airflow/.local/lib/python3.7/site-packages/airflow/example_dags/example_branch_day_of_week_operator.py
[2025-07-13T11:49:37.162+0000] {processor.py:766} INFO - DAG(s) dict_keys(['example_weekday_branch_operator']) retrieved from /home/airflow/.local/lib/python3.7/site-packages/airflow/example_dags/example_branch_day_of_week_operator.py
[2025-07-13T11:49:37.397+0000] {logging_mixin.py:120} INFO - [2025-07-13T11:49:37.396+0000] {dag.py:2585} INFO - Sync 1 DAGs
[2025-07-13T11:49:37.469+0000] {logging_mixin.py:120} INFO - [2025-07-13T11:49:37.469+0000] {dag.py:3340} INFO - Setting next_dagrun for example_weekday_branch_operator to 2025-07-12T00:00:00+00:00, run_after=2025-07-13T00:00:00+00:00
[2025-07-13T11:49:37.523+0000] {processor.py:176} INFO - Processing /home/airflow/.local/lib/python3.7/site-packages/airflow/example_dags/example_branch_day_of_week_operator.py took 0.452 seconds
[2025-07-13T11:50:07.858+0000] {processor.py:154} INFO - Started process (PID=12669) to work on /home/airflow/.local/lib/python3.7/site-packages/airflow/example_dags/example_branch_day_of_week_operator.py
[2025-07-13T11:50:07.859+0000] {processor.py:756} INFO - Processing file /home/airflow/.local/lib/python3.7/site-packages/airflow/example_dags/example_branch_day_of_week_operator.py for tasks to queue
[2025-07-13T11:50:07.861+0000] {logging_mixin.py:120} INFO - [2025-07-13T11:50:07.861+0000] {dagbag.py:537} INFO - Filling up the DagBag from /home/airflow/.local/lib/python3.7/site-packages/airflow/example_dags/example_branch_day_of_week_operator.py
[2025-07-13T11:50:07.893+0000] {processor.py:766} INFO - DAG(s) dict_keys(['example_weekday_branch_operator']) retrieved from /home/airflow/.local/lib/python3.7/site-packages/airflow/example_dags/example_branch_day_of_week_operator.py
[2025-07-13T11:50:07.968+0000] {logging_mixin.py:120} INFO - [2025-07-13T11:50:07.968+0000] {dag.py:2585} INFO - Sync 1 DAGs
[2025-07-13T11:50:08.012+0000] {logging_mixin.py:120} INFO - [2025-07-13T11:50:08.012+0000] {dag.py:3340} INFO - Setting next_dagrun for example_weekday_branch_operator to 2025-07-12T00:00:00+00:00, run_after=2025-07-13T00:00:00+00:00
[2025-07-13T11:50:08.050+0000] {processor.py:176} INFO - Processing /home/airflow/.local/lib/python3.7/site-packages/airflow/example_dags/example_branch_day_of_week_operator.py took 0.199 seconds
[2025-07-13T11:50:38.581+0000] {processor.py:154} INFO - Started process (PID=12731) to work on /home/airflow/.local/lib/python3.7/site-packages/airflow/example_dags/example_branch_day_of_week_operator.py
[2025-07-13T11:50:38.583+0000] {processor.py:756} INFO - Processing file /home/airflow/.local/lib/python3.7/site-packages/airflow/example_dags/example_branch_day_of_week_operator.py for tasks to queue
[2025-07-13T11:50:38.584+0000] {logging_mixin.py:120} INFO - [2025-07-13T11:50:38.584+0000] {dagbag.py:537} INFO - Filling up the DagBag from /home/airflow/.local/lib/python3.7/site-packages/airflow/example_dags/example_branch_day_of_week_operator.py
[2025-07-13T11:50:38.617+0000] {processor.py:766} INFO - DAG(s) dict_keys(['example_weekday_branch_operator']) retrieved from /home/airflow/.local/lib/python3.7/site-packages/airflow/example_dags/example_branch_day_of_week_operator.py
[2025-07-13T11:50:38.708+0000] {logging_mixin.py:120} INFO - [2025-07-13T11:50:38.708+0000] {dag.py:2585} INFO - Sync 1 DAGs
[2025-07-13T11:50:38.764+0000] {logging_mixin.py:120} INFO - [2025-07-13T11:50:38.764+0000] {dag.py:3340} INFO - Setting next_dagrun for example_weekday_branch_operator to 2025-07-12T00:00:00+00:00, run_after=2025-07-13T00:00:00+00:00
[2025-07-13T11:50:38.812+0000] {processor.py:176} INFO - Processing /home/airflow/.local/lib/python3.7/site-packages/airflow/example_dags/example_branch_day_of_week_operator.py took 0.237 seconds
[2025-07-13T11:51:08.884+0000] {processor.py:154} INFO - Started process (PID=12785) to work on /home/airflow/.local/lib/python3.7/site-packages/airflow/example_dags/example_branch_day_of_week_operator.py
[2025-07-13T11:51:08.885+0000] {processor.py:756} INFO - Processing file /home/airflow/.local/lib/python3.7/site-packages/airflow/example_dags/example_branch_day_of_week_operator.py for tasks to queue
[2025-07-13T11:51:08.887+0000] {logging_mixin.py:120} INFO - [2025-07-13T11:51:08.886+0000] {dagbag.py:537} INFO - Filling up the DagBag from /home/airflow/.local/lib/python3.7/site-packages/airflow/example_dags/example_branch_day_of_week_operator.py
[2025-07-13T11:51:08.929+0000] {processor.py:766} INFO - DAG(s) dict_keys(['example_weekday_branch_operator']) retrieved from /home/airflow/.local/lib/python3.7/site-packages/airflow/example_dags/example_branch_day_of_week_operator.py
[2025-07-13T11:51:09.034+0000] {logging_mixin.py:120} INFO - [2025-07-13T11:51:09.034+0000] {dag.py:2585} INFO - Sync 1 DAGs
[2025-07-13T11:51:09.081+0000] {logging_mixin.py:120} INFO - [2025-07-13T11:51:09.081+0000] {dag.py:3340} INFO - Setting next_dagrun for example_weekday_branch_operator to 2025-07-12T00:00:00+00:00, run_after=2025-07-13T00:00:00+00:00
[2025-07-13T11:51:09.122+0000] {processor.py:176} INFO - Processing /home/airflow/.local/lib/python3.7/site-packages/airflow/example_dags/example_branch_day_of_week_operator.py took 0.244 seconds
[2025-07-13T11:51:39.405+0000] {processor.py:154} INFO - Started process (PID=12848) to work on /home/airflow/.local/lib/python3.7/site-packages/airflow/example_dags/example_branch_day_of_week_operator.py
[2025-07-13T11:51:39.407+0000] {processor.py:756} INFO - Processing file /home/airflow/.local/lib/python3.7/site-packages/airflow/example_dags/example_branch_day_of_week_operator.py for tasks to queue
[2025-07-13T11:51:39.409+0000] {logging_mixin.py:120} INFO - [2025-07-13T11:51:39.408+0000] {dagbag.py:537} INFO - Filling up the DagBag from /home/airflow/.local/lib/python3.7/site-packages/airflow/example_dags/example_branch_day_of_week_operator.py
[2025-07-13T11:51:39.432+0000] {processor.py:766} INFO - DAG(s) dict_keys(['example_weekday_branch_operator']) retrieved from /home/airflow/.local/lib/python3.7/site-packages/airflow/example_dags/example_branch_day_of_week_operator.py
[2025-07-13T11:51:39.502+0000] {logging_mixin.py:120} INFO - [2025-07-13T11:51:39.502+0000] {dag.py:2585} INFO - Sync 1 DAGs
[2025-07-13T11:51:39.548+0000] {logging_mixin.py:120} INFO - [2025-07-13T11:51:39.548+0000] {dag.py:3340} INFO - Setting next_dagrun for example_weekday_branch_operator to 2025-07-12T00:00:00+00:00, run_after=2025-07-13T00:00:00+00:00
[2025-07-13T11:51:39.585+0000] {processor.py:176} INFO - Processing /home/airflow/.local/lib/python3.7/site-packages/airflow/example_dags/example_branch_day_of_week_operator.py took 0.186 seconds
[2025-07-13T11:52:09.647+0000] {processor.py:154} INFO - Started process (PID=12901) to work on /home/airflow/.local/lib/python3.7/site-packages/airflow/example_dags/example_branch_day_of_week_operator.py
[2025-07-13T11:52:09.649+0000] {processor.py:756} INFO - Processing file /home/airflow/.local/lib/python3.7/site-packages/airflow/example_dags/example_branch_day_of_week_operator.py for tasks to queue
[2025-07-13T11:52:09.651+0000] {logging_mixin.py:120} INFO - [2025-07-13T11:52:09.651+0000] {dagbag.py:537} INFO - Filling up the DagBag from /home/airflow/.local/lib/python3.7/site-packages/airflow/example_dags/example_branch_day_of_week_operator.py
[2025-07-13T11:52:09.683+0000] {processor.py:766} INFO - DAG(s) dict_keys(['example_weekday_branch_operator']) retrieved from /home/airflow/.local/lib/python3.7/site-packages/airflow/example_dags/example_branch_day_of_week_operator.py
[2025-07-13T11:52:09.767+0000] {logging_mixin.py:120} INFO - [2025-07-13T11:52:09.767+0000] {dag.py:2585} INFO - Sync 1 DAGs
[2025-07-13T11:52:09.815+0000] {logging_mixin.py:120} INFO - [2025-07-13T11:52:09.814+0000] {dag.py:3340} INFO - Setting next_dagrun for example_weekday_branch_operator to 2025-07-12T00:00:00+00:00, run_after=2025-07-13T00:00:00+00:00
[2025-07-13T11:52:09.863+0000] {processor.py:176} INFO - Processing /home/airflow/.local/lib/python3.7/site-packages/airflow/example_dags/example_branch_day_of_week_operator.py took 0.221 seconds
[2025-07-13T11:52:40.215+0000] {processor.py:154} INFO - Started process (PID=12965) to work on /home/airflow/.local/lib/python3.7/site-packages/airflow/example_dags/example_branch_day_of_week_operator.py
[2025-07-13T11:52:40.217+0000] {processor.py:756} INFO - Processing file /home/airflow/.local/lib/python3.7/site-packages/airflow/example_dags/example_branch_day_of_week_operator.py for tasks to queue
[2025-07-13T11:52:40.218+0000] {logging_mixin.py:120} INFO - [2025-07-13T11:52:40.218+0000] {dagbag.py:537} INFO - Filling up the DagBag from /home/airflow/.local/lib/python3.7/site-packages/airflow/example_dags/example_branch_day_of_week_operator.py
[2025-07-13T11:52:40.246+0000] {processor.py:766} INFO - DAG(s) dict_keys(['example_weekday_branch_operator']) retrieved from /home/airflow/.local/lib/python3.7/site-packages/airflow/example_dags/example_branch_day_of_week_operator.py
[2025-07-13T11:52:40.316+0000] {logging_mixin.py:120} INFO - [2025-07-13T11:52:40.315+0000] {dag.py:2585} INFO - Sync 1 DAGs
[2025-07-13T11:52:40.355+0000] {logging_mixin.py:120} INFO - [2025-07-13T11:52:40.354+0000] {dag.py:3340} INFO - Setting next_dagrun for example_weekday_branch_operator to 2025-07-12T00:00:00+00:00, run_after=2025-07-13T00:00:00+00:00
[2025-07-13T11:52:40.383+0000] {processor.py:176} INFO - Processing /home/airflow/.local/lib/python3.7/site-packages/airflow/example_dags/example_branch_day_of_week_operator.py took 0.173 seconds
