[2025-07-13T09:47:58.206+0000] {processor.py:154} INFO - Started process (PID=86) to work on /home/airflow/.local/lib/python3.7/site-packages/airflow/example_dags/example_branch_operator_decorator.py
[2025-07-13T09:47:58.208+0000] {processor.py:756} INFO - Processing file /home/airflow/.local/lib/python3.7/site-packages/airflow/example_dags/example_branch_operator_decorator.py for tasks to queue
[2025-07-13T09:47:58.213+0000] {logging_mixin.py:120} INFO - [2025-07-13T09:47:58.212+0000] {dagbag.py:537} INFO - Filling up the DagBag from /home/airflow/.local/lib/python3.7/site-packages/airflow/example_dags/example_branch_operator_decorator.py
[2025-07-13T09:47:58.388+0000] {processor.py:766} INFO - DAG(s) dict_keys(['example_branch_python_operator_decorator']) retrieved from /home/airflow/.local/lib/python3.7/site-packages/airflow/example_dags/example_branch_operator_decorator.py
[2025-07-13T09:47:59.899+0000] {logging_mixin.py:120} INFO - [2025-07-13T09:47:59.898+0000] {manager.py:507} INFO - Created Permission View: can delete on DAG:example_branch_python_operator_decorator
[2025-07-13T09:47:59.972+0000] {logging_mixin.py:120} INFO - [2025-07-13T09:47:59.972+0000] {manager.py:507} INFO - Created Permission View: can read on DAG:example_branch_python_operator_decorator
[2025-07-13T09:48:00.037+0000] {logging_mixin.py:120} INFO - [2025-07-13T09:48:00.036+0000] {manager.py:507} INFO - Created Permission View: can edit on DAG:example_branch_python_operator_decorator
[2025-07-13T09:48:00.041+0000] {logging_mixin.py:120} INFO - [2025-07-13T09:48:00.041+0000] {dag.py:2585} INFO - Sync 1 DAGs
[2025-07-13T09:48:00.180+0000] {logging_mixin.py:120} INFO - [2025-07-13T09:48:00.180+0000] {dag.py:2606} INFO - Creating ORM DAG for example_branch_python_operator_decorator
[2025-07-13T09:48:00.389+0000] {logging_mixin.py:120} INFO - [2025-07-13T09:48:00.388+0000] {dag.py:3340} INFO - Setting next_dagrun for example_branch_python_operator_decorator to 2025-07-12T00:00:00+00:00, run_after=2025-07-13T00:00:00+00:00
[2025-07-13T09:48:00.639+0000] {processor.py:176} INFO - Processing /home/airflow/.local/lib/python3.7/site-packages/airflow/example_dags/example_branch_operator_decorator.py took 2.455 seconds
[2025-07-13T09:48:31.747+0000] {processor.py:154} INFO - Started process (PID=140) to work on /home/airflow/.local/lib/python3.7/site-packages/airflow/example_dags/example_branch_operator_decorator.py
[2025-07-13T09:48:31.773+0000] {processor.py:756} INFO - Processing file /home/airflow/.local/lib/python3.7/site-packages/airflow/example_dags/example_branch_operator_decorator.py for tasks to queue
[2025-07-13T09:48:31.777+0000] {logging_mixin.py:120} INFO - [2025-07-13T09:48:31.776+0000] {dagbag.py:537} INFO - Filling up the DagBag from /home/airflow/.local/lib/python3.7/site-packages/airflow/example_dags/example_branch_operator_decorator.py
[2025-07-13T09:48:31.931+0000] {processor.py:766} INFO - DAG(s) dict_keys(['example_branch_python_operator_decorator']) retrieved from /home/airflow/.local/lib/python3.7/site-packages/airflow/example_dags/example_branch_operator_decorator.py
[2025-07-13T09:48:32.245+0000] {logging_mixin.py:120} INFO - [2025-07-13T09:48:32.245+0000] {dag.py:2585} INFO - Sync 1 DAGs
[2025-07-13T09:48:32.443+0000] {logging_mixin.py:120} INFO - [2025-07-13T09:48:32.442+0000] {dag.py:3340} INFO - Setting next_dagrun for example_branch_python_operator_decorator to 2025-07-12T00:00:00+00:00, run_after=2025-07-13T00:00:00+00:00
[2025-07-13T09:48:32.573+0000] {processor.py:176} INFO - Processing /home/airflow/.local/lib/python3.7/site-packages/airflow/example_dags/example_branch_operator_decorator.py took 0.840 seconds
[2025-07-13T09:49:03.243+0000] {processor.py:154} INFO - Started process (PID=193) to work on /home/airflow/.local/lib/python3.7/site-packages/airflow/example_dags/example_branch_operator_decorator.py
[2025-07-13T09:49:03.245+0000] {processor.py:756} INFO - Processing file /home/airflow/.local/lib/python3.7/site-packages/airflow/example_dags/example_branch_operator_decorator.py for tasks to queue
[2025-07-13T09:49:03.247+0000] {logging_mixin.py:120} INFO - [2025-07-13T09:49:03.247+0000] {dagbag.py:537} INFO - Filling up the DagBag from /home/airflow/.local/lib/python3.7/site-packages/airflow/example_dags/example_branch_operator_decorator.py
[2025-07-13T09:49:03.337+0000] {processor.py:766} INFO - DAG(s) dict_keys(['example_branch_python_operator_decorator']) retrieved from /home/airflow/.local/lib/python3.7/site-packages/airflow/example_dags/example_branch_operator_decorator.py
[2025-07-13T09:49:03.420+0000] {logging_mixin.py:120} INFO - [2025-07-13T09:49:03.419+0000] {dag.py:2585} INFO - Sync 1 DAGs
[2025-07-13T09:49:03.470+0000] {logging_mixin.py:120} INFO - [2025-07-13T09:49:03.469+0000] {dag.py:3340} INFO - Setting next_dagrun for example_branch_python_operator_decorator to 2025-07-12T00:00:00+00:00, run_after=2025-07-13T00:00:00+00:00
[2025-07-13T09:49:03.510+0000] {processor.py:176} INFO - Processing /home/airflow/.local/lib/python3.7/site-packages/airflow/example_dags/example_branch_operator_decorator.py took 0.287 seconds
[2025-07-13T09:49:33.733+0000] {processor.py:154} INFO - Started process (PID=257) to work on /home/airflow/.local/lib/python3.7/site-packages/airflow/example_dags/example_branch_operator_decorator.py
[2025-07-13T09:49:33.745+0000] {processor.py:756} INFO - Processing file /home/airflow/.local/lib/python3.7/site-packages/airflow/example_dags/example_branch_operator_decorator.py for tasks to queue
[2025-07-13T09:49:33.755+0000] {logging_mixin.py:120} INFO - [2025-07-13T09:49:33.755+0000] {dagbag.py:537} INFO - Filling up the DagBag from /home/airflow/.local/lib/python3.7/site-packages/airflow/example_dags/example_branch_operator_decorator.py
[2025-07-13T09:49:33.893+0000] {processor.py:766} INFO - DAG(s) dict_keys(['example_branch_python_operator_decorator']) retrieved from /home/airflow/.local/lib/python3.7/site-packages/airflow/example_dags/example_branch_operator_decorator.py
[2025-07-13T09:49:34.085+0000] {logging_mixin.py:120} INFO - [2025-07-13T09:49:34.084+0000] {dag.py:2585} INFO - Sync 1 DAGs
[2025-07-13T09:49:34.219+0000] {logging_mixin.py:120} INFO - [2025-07-13T09:49:34.219+0000] {dag.py:3340} INFO - Setting next_dagrun for example_branch_python_operator_decorator to 2025-07-12T00:00:00+00:00, run_after=2025-07-13T00:00:00+00:00
[2025-07-13T09:49:34.308+0000] {processor.py:176} INFO - Processing /home/airflow/.local/lib/python3.7/site-packages/airflow/example_dags/example_branch_operator_decorator.py took 0.593 seconds
[2025-07-13T09:50:05.134+0000] {processor.py:154} INFO - Started process (PID=311) to work on /home/airflow/.local/lib/python3.7/site-packages/airflow/example_dags/example_branch_operator_decorator.py
[2025-07-13T09:50:05.136+0000] {processor.py:756} INFO - Processing file /home/airflow/.local/lib/python3.7/site-packages/airflow/example_dags/example_branch_operator_decorator.py for tasks to queue
[2025-07-13T09:50:05.137+0000] {logging_mixin.py:120} INFO - [2025-07-13T09:50:05.137+0000] {dagbag.py:537} INFO - Filling up the DagBag from /home/airflow/.local/lib/python3.7/site-packages/airflow/example_dags/example_branch_operator_decorator.py
[2025-07-13T09:50:05.171+0000] {processor.py:766} INFO - DAG(s) dict_keys(['example_branch_python_operator_decorator']) retrieved from /home/airflow/.local/lib/python3.7/site-packages/airflow/example_dags/example_branch_operator_decorator.py
[2025-07-13T09:50:05.221+0000] {logging_mixin.py:120} INFO - [2025-07-13T09:50:05.221+0000] {dag.py:2585} INFO - Sync 1 DAGs
[2025-07-13T09:50:05.252+0000] {logging_mixin.py:120} INFO - [2025-07-13T09:50:05.252+0000] {dag.py:3340} INFO - Setting next_dagrun for example_branch_python_operator_decorator to 2025-07-12T00:00:00+00:00, run_after=2025-07-13T00:00:00+00:00
[2025-07-13T09:50:05.282+0000] {processor.py:176} INFO - Processing /home/airflow/.local/lib/python3.7/site-packages/airflow/example_dags/example_branch_operator_decorator.py took 0.151 seconds
[2025-07-13T09:50:36.420+0000] {processor.py:154} INFO - Started process (PID=366) to work on /home/airflow/.local/lib/python3.7/site-packages/airflow/example_dags/example_branch_operator_decorator.py
[2025-07-13T09:50:36.426+0000] {processor.py:756} INFO - Processing file /home/airflow/.local/lib/python3.7/site-packages/airflow/example_dags/example_branch_operator_decorator.py for tasks to queue
[2025-07-13T09:50:36.468+0000] {logging_mixin.py:120} INFO - [2025-07-13T09:50:36.448+0000] {dagbag.py:537} INFO - Filling up the DagBag from /home/airflow/.local/lib/python3.7/site-packages/airflow/example_dags/example_branch_operator_decorator.py
[2025-07-13T09:50:36.653+0000] {processor.py:766} INFO - DAG(s) dict_keys(['example_branch_python_operator_decorator']) retrieved from /home/airflow/.local/lib/python3.7/site-packages/airflow/example_dags/example_branch_operator_decorator.py
[2025-07-13T09:50:36.849+0000] {logging_mixin.py:120} INFO - [2025-07-13T09:50:36.849+0000] {dag.py:2585} INFO - Sync 1 DAGs
[2025-07-13T09:50:37.037+0000] {logging_mixin.py:120} INFO - [2025-07-13T09:50:37.037+0000] {dag.py:3340} INFO - Setting next_dagrun for example_branch_python_operator_decorator to 2025-07-12T00:00:00+00:00, run_after=2025-07-13T00:00:00+00:00
[2025-07-13T09:50:37.270+0000] {processor.py:176} INFO - Processing /home/airflow/.local/lib/python3.7/site-packages/airflow/example_dags/example_branch_operator_decorator.py took 0.866 seconds
[2025-07-13T09:51:07.726+0000] {processor.py:154} INFO - Started process (PID=419) to work on /home/airflow/.local/lib/python3.7/site-packages/airflow/example_dags/example_branch_operator_decorator.py
[2025-07-13T09:51:07.729+0000] {processor.py:756} INFO - Processing file /home/airflow/.local/lib/python3.7/site-packages/airflow/example_dags/example_branch_operator_decorator.py for tasks to queue
[2025-07-13T09:51:07.731+0000] {logging_mixin.py:120} INFO - [2025-07-13T09:51:07.731+0000] {dagbag.py:537} INFO - Filling up the DagBag from /home/airflow/.local/lib/python3.7/site-packages/airflow/example_dags/example_branch_operator_decorator.py
[2025-07-13T09:51:07.832+0000] {processor.py:766} INFO - DAG(s) dict_keys(['example_branch_python_operator_decorator']) retrieved from /home/airflow/.local/lib/python3.7/site-packages/airflow/example_dags/example_branch_operator_decorator.py
[2025-07-13T09:51:07.970+0000] {logging_mixin.py:120} INFO - [2025-07-13T09:51:07.969+0000] {dag.py:2585} INFO - Sync 1 DAGs
[2025-07-13T09:51:08.051+0000] {logging_mixin.py:120} INFO - [2025-07-13T09:51:08.051+0000] {dag.py:3340} INFO - Setting next_dagrun for example_branch_python_operator_decorator to 2025-07-12T00:00:00+00:00, run_after=2025-07-13T00:00:00+00:00
[2025-07-13T09:51:08.099+0000] {processor.py:176} INFO - Processing /home/airflow/.local/lib/python3.7/site-packages/airflow/example_dags/example_branch_operator_decorator.py took 0.380 seconds
[2025-07-13T09:51:47.546+0000] {processor.py:154} INFO - Started process (PID=474) to work on /home/airflow/.local/lib/python3.7/site-packages/airflow/example_dags/example_branch_operator_decorator.py
[2025-07-13T09:51:47.555+0000] {processor.py:756} INFO - Processing file /home/airflow/.local/lib/python3.7/site-packages/airflow/example_dags/example_branch_operator_decorator.py for tasks to queue
[2025-07-13T09:51:47.562+0000] {logging_mixin.py:120} INFO - [2025-07-13T09:51:47.562+0000] {dagbag.py:537} INFO - Filling up the DagBag from /home/airflow/.local/lib/python3.7/site-packages/airflow/example_dags/example_branch_operator_decorator.py
[2025-07-13T09:51:47.747+0000] {processor.py:766} INFO - DAG(s) dict_keys(['example_branch_python_operator_decorator']) retrieved from /home/airflow/.local/lib/python3.7/site-packages/airflow/example_dags/example_branch_operator_decorator.py
[2025-07-13T09:51:47.963+0000] {logging_mixin.py:120} INFO - [2025-07-13T09:51:47.963+0000] {dag.py:2585} INFO - Sync 1 DAGs
[2025-07-13T09:51:48.105+0000] {logging_mixin.py:120} INFO - [2025-07-13T09:51:48.104+0000] {dag.py:3340} INFO - Setting next_dagrun for example_branch_python_operator_decorator to 2025-07-12T00:00:00+00:00, run_after=2025-07-13T00:00:00+00:00
[2025-07-13T09:51:48.240+0000] {processor.py:176} INFO - Processing /home/airflow/.local/lib/python3.7/site-packages/airflow/example_dags/example_branch_operator_decorator.py took 0.702 seconds
[2025-07-13T09:52:18.816+0000] {processor.py:154} INFO - Started process (PID=527) to work on /home/airflow/.local/lib/python3.7/site-packages/airflow/example_dags/example_branch_operator_decorator.py
[2025-07-13T09:52:18.823+0000] {processor.py:756} INFO - Processing file /home/airflow/.local/lib/python3.7/site-packages/airflow/example_dags/example_branch_operator_decorator.py for tasks to queue
[2025-07-13T09:52:18.826+0000] {logging_mixin.py:120} INFO - [2025-07-13T09:52:18.825+0000] {dagbag.py:537} INFO - Filling up the DagBag from /home/airflow/.local/lib/python3.7/site-packages/airflow/example_dags/example_branch_operator_decorator.py
[2025-07-13T09:52:18.908+0000] {processor.py:766} INFO - DAG(s) dict_keys(['example_branch_python_operator_decorator']) retrieved from /home/airflow/.local/lib/python3.7/site-packages/airflow/example_dags/example_branch_operator_decorator.py
[2025-07-13T09:52:19.092+0000] {logging_mixin.py:120} INFO - [2025-07-13T09:52:19.091+0000] {dag.py:2585} INFO - Sync 1 DAGs
[2025-07-13T09:52:19.256+0000] {logging_mixin.py:120} INFO - [2025-07-13T09:52:19.256+0000] {dag.py:3340} INFO - Setting next_dagrun for example_branch_python_operator_decorator to 2025-07-12T00:00:00+00:00, run_after=2025-07-13T00:00:00+00:00
[2025-07-13T09:52:19.354+0000] {processor.py:176} INFO - Processing /home/airflow/.local/lib/python3.7/site-packages/airflow/example_dags/example_branch_operator_decorator.py took 0.546 seconds
[2025-07-13T09:52:51.471+0000] {processor.py:154} INFO - Started process (PID=582) to work on /home/airflow/.local/lib/python3.7/site-packages/airflow/example_dags/example_branch_operator_decorator.py
[2025-07-13T09:52:51.472+0000] {processor.py:756} INFO - Processing file /home/airflow/.local/lib/python3.7/site-packages/airflow/example_dags/example_branch_operator_decorator.py for tasks to queue
[2025-07-13T09:52:51.473+0000] {logging_mixin.py:120} INFO - [2025-07-13T09:52:51.473+0000] {dagbag.py:537} INFO - Filling up the DagBag from /home/airflow/.local/lib/python3.7/site-packages/airflow/example_dags/example_branch_operator_decorator.py
[2025-07-13T09:52:51.506+0000] {processor.py:766} INFO - DAG(s) dict_keys(['example_branch_python_operator_decorator']) retrieved from /home/airflow/.local/lib/python3.7/site-packages/airflow/example_dags/example_branch_operator_decorator.py
[2025-07-13T09:52:51.554+0000] {logging_mixin.py:120} INFO - [2025-07-13T09:52:51.554+0000] {dag.py:2585} INFO - Sync 1 DAGs
[2025-07-13T09:52:51.596+0000] {logging_mixin.py:120} INFO - [2025-07-13T09:52:51.596+0000] {dag.py:3340} INFO - Setting next_dagrun for example_branch_python_operator_decorator to 2025-07-12T00:00:00+00:00, run_after=2025-07-13T00:00:00+00:00
[2025-07-13T09:52:51.882+0000] {processor.py:176} INFO - Processing /home/airflow/.local/lib/python3.7/site-packages/airflow/example_dags/example_branch_operator_decorator.py took 0.415 seconds
[2025-07-13T09:53:22.913+0000] {processor.py:154} INFO - Started process (PID=636) to work on /home/airflow/.local/lib/python3.7/site-packages/airflow/example_dags/example_branch_operator_decorator.py
[2025-07-13T09:53:22.927+0000] {processor.py:756} INFO - Processing file /home/airflow/.local/lib/python3.7/site-packages/airflow/example_dags/example_branch_operator_decorator.py for tasks to queue
[2025-07-13T09:53:22.929+0000] {logging_mixin.py:120} INFO - [2025-07-13T09:53:22.929+0000] {dagbag.py:537} INFO - Filling up the DagBag from /home/airflow/.local/lib/python3.7/site-packages/airflow/example_dags/example_branch_operator_decorator.py
[2025-07-13T09:53:23.009+0000] {processor.py:766} INFO - DAG(s) dict_keys(['example_branch_python_operator_decorator']) retrieved from /home/airflow/.local/lib/python3.7/site-packages/airflow/example_dags/example_branch_operator_decorator.py
[2025-07-13T09:53:23.120+0000] {logging_mixin.py:120} INFO - [2025-07-13T09:53:23.120+0000] {dag.py:2585} INFO - Sync 1 DAGs
[2025-07-13T09:53:23.182+0000] {logging_mixin.py:120} INFO - [2025-07-13T09:53:23.182+0000] {dag.py:3340} INFO - Setting next_dagrun for example_branch_python_operator_decorator to 2025-07-12T00:00:00+00:00, run_after=2025-07-13T00:00:00+00:00
[2025-07-13T09:53:23.256+0000] {processor.py:176} INFO - Processing /home/airflow/.local/lib/python3.7/site-packages/airflow/example_dags/example_branch_operator_decorator.py took 0.362 seconds
[2025-07-13T09:53:55.706+0000] {processor.py:154} INFO - Started process (PID=700) to work on /home/airflow/.local/lib/python3.7/site-packages/airflow/example_dags/example_branch_operator_decorator.py
[2025-07-13T09:53:55.720+0000] {processor.py:756} INFO - Processing file /home/airflow/.local/lib/python3.7/site-packages/airflow/example_dags/example_branch_operator_decorator.py for tasks to queue
[2025-07-13T09:53:55.725+0000] {logging_mixin.py:120} INFO - [2025-07-13T09:53:55.724+0000] {dagbag.py:537} INFO - Filling up the DagBag from /home/airflow/.local/lib/python3.7/site-packages/airflow/example_dags/example_branch_operator_decorator.py
[2025-07-13T09:53:55.898+0000] {processor.py:766} INFO - DAG(s) dict_keys(['example_branch_python_operator_decorator']) retrieved from /home/airflow/.local/lib/python3.7/site-packages/airflow/example_dags/example_branch_operator_decorator.py
[2025-07-13T09:53:56.110+0000] {logging_mixin.py:120} INFO - [2025-07-13T09:53:56.110+0000] {dag.py:2585} INFO - Sync 1 DAGs
[2025-07-13T09:53:56.247+0000] {logging_mixin.py:120} INFO - [2025-07-13T09:53:56.247+0000] {dag.py:3340} INFO - Setting next_dagrun for example_branch_python_operator_decorator to 2025-07-12T00:00:00+00:00, run_after=2025-07-13T00:00:00+00:00
[2025-07-13T09:53:56.443+0000] {processor.py:176} INFO - Processing /home/airflow/.local/lib/python3.7/site-packages/airflow/example_dags/example_branch_operator_decorator.py took 0.745 seconds
[2025-07-13T09:54:27.159+0000] {processor.py:154} INFO - Started process (PID=754) to work on /home/airflow/.local/lib/python3.7/site-packages/airflow/example_dags/example_branch_operator_decorator.py
[2025-07-13T09:54:27.162+0000] {processor.py:756} INFO - Processing file /home/airflow/.local/lib/python3.7/site-packages/airflow/example_dags/example_branch_operator_decorator.py for tasks to queue
[2025-07-13T09:54:27.165+0000] {logging_mixin.py:120} INFO - [2025-07-13T09:54:27.165+0000] {dagbag.py:537} INFO - Filling up the DagBag from /home/airflow/.local/lib/python3.7/site-packages/airflow/example_dags/example_branch_operator_decorator.py
[2025-07-13T09:54:27.247+0000] {processor.py:766} INFO - DAG(s) dict_keys(['example_branch_python_operator_decorator']) retrieved from /home/airflow/.local/lib/python3.7/site-packages/airflow/example_dags/example_branch_operator_decorator.py
[2025-07-13T09:54:27.438+0000] {logging_mixin.py:120} INFO - [2025-07-13T09:54:27.438+0000] {dag.py:2585} INFO - Sync 1 DAGs
[2025-07-13T09:54:27.561+0000] {logging_mixin.py:120} INFO - [2025-07-13T09:54:27.561+0000] {dag.py:3340} INFO - Setting next_dagrun for example_branch_python_operator_decorator to 2025-07-12T00:00:00+00:00, run_after=2025-07-13T00:00:00+00:00
[2025-07-13T09:54:27.651+0000] {processor.py:176} INFO - Processing /home/airflow/.local/lib/python3.7/site-packages/airflow/example_dags/example_branch_operator_decorator.py took 0.503 seconds
[2025-07-13T09:54:57.848+0000] {processor.py:154} INFO - Started process (PID=807) to work on /home/airflow/.local/lib/python3.7/site-packages/airflow/example_dags/example_branch_operator_decorator.py
[2025-07-13T09:54:57.850+0000] {processor.py:756} INFO - Processing file /home/airflow/.local/lib/python3.7/site-packages/airflow/example_dags/example_branch_operator_decorator.py for tasks to queue
[2025-07-13T09:54:57.851+0000] {logging_mixin.py:120} INFO - [2025-07-13T09:54:57.851+0000] {dagbag.py:537} INFO - Filling up the DagBag from /home/airflow/.local/lib/python3.7/site-packages/airflow/example_dags/example_branch_operator_decorator.py
[2025-07-13T09:54:57.909+0000] {processor.py:766} INFO - DAG(s) dict_keys(['example_branch_python_operator_decorator']) retrieved from /home/airflow/.local/lib/python3.7/site-packages/airflow/example_dags/example_branch_operator_decorator.py
[2025-07-13T09:54:57.992+0000] {logging_mixin.py:120} INFO - [2025-07-13T09:54:57.992+0000] {dag.py:2585} INFO - Sync 1 DAGs
[2025-07-13T09:54:58.038+0000] {logging_mixin.py:120} INFO - [2025-07-13T09:54:58.038+0000] {dag.py:3340} INFO - Setting next_dagrun for example_branch_python_operator_decorator to 2025-07-12T00:00:00+00:00, run_after=2025-07-13T00:00:00+00:00
[2025-07-13T09:54:58.071+0000] {processor.py:176} INFO - Processing /home/airflow/.local/lib/python3.7/site-packages/airflow/example_dags/example_branch_operator_decorator.py took 0.234 seconds
[2025-07-13T09:55:28.697+0000] {processor.py:154} INFO - Started process (PID=861) to work on /home/airflow/.local/lib/python3.7/site-packages/airflow/example_dags/example_branch_operator_decorator.py
[2025-07-13T09:55:28.699+0000] {processor.py:756} INFO - Processing file /home/airflow/.local/lib/python3.7/site-packages/airflow/example_dags/example_branch_operator_decorator.py for tasks to queue
[2025-07-13T09:55:28.701+0000] {logging_mixin.py:120} INFO - [2025-07-13T09:55:28.701+0000] {dagbag.py:537} INFO - Filling up the DagBag from /home/airflow/.local/lib/python3.7/site-packages/airflow/example_dags/example_branch_operator_decorator.py
[2025-07-13T09:55:28.771+0000] {processor.py:766} INFO - DAG(s) dict_keys(['example_branch_python_operator_decorator']) retrieved from /home/airflow/.local/lib/python3.7/site-packages/airflow/example_dags/example_branch_operator_decorator.py
[2025-07-13T09:55:28.964+0000] {logging_mixin.py:120} INFO - [2025-07-13T09:55:28.964+0000] {dag.py:2585} INFO - Sync 1 DAGs
[2025-07-13T09:55:29.061+0000] {logging_mixin.py:120} INFO - [2025-07-13T09:55:29.060+0000] {dag.py:3340} INFO - Setting next_dagrun for example_branch_python_operator_decorator to 2025-07-12T00:00:00+00:00, run_after=2025-07-13T00:00:00+00:00
[2025-07-13T09:55:29.108+0000] {processor.py:176} INFO - Processing /home/airflow/.local/lib/python3.7/site-packages/airflow/example_dags/example_branch_operator_decorator.py took 0.419 seconds
[2025-07-13T09:55:59.899+0000] {processor.py:154} INFO - Started process (PID=923) to work on /home/airflow/.local/lib/python3.7/site-packages/airflow/example_dags/example_branch_operator_decorator.py
[2025-07-13T09:55:59.900+0000] {processor.py:756} INFO - Processing file /home/airflow/.local/lib/python3.7/site-packages/airflow/example_dags/example_branch_operator_decorator.py for tasks to queue
[2025-07-13T09:55:59.901+0000] {logging_mixin.py:120} INFO - [2025-07-13T09:55:59.901+0000] {dagbag.py:537} INFO - Filling up the DagBag from /home/airflow/.local/lib/python3.7/site-packages/airflow/example_dags/example_branch_operator_decorator.py
[2025-07-13T09:55:59.935+0000] {processor.py:766} INFO - DAG(s) dict_keys(['example_branch_python_operator_decorator']) retrieved from /home/airflow/.local/lib/python3.7/site-packages/airflow/example_dags/example_branch_operator_decorator.py
[2025-07-13T09:55:59.996+0000] {logging_mixin.py:120} INFO - [2025-07-13T09:55:59.995+0000] {dag.py:2585} INFO - Sync 1 DAGs
[2025-07-13T09:56:00.039+0000] {logging_mixin.py:120} INFO - [2025-07-13T09:56:00.038+0000] {dag.py:3340} INFO - Setting next_dagrun for example_branch_python_operator_decorator to 2025-07-12T00:00:00+00:00, run_after=2025-07-13T00:00:00+00:00
[2025-07-13T09:56:00.071+0000] {processor.py:176} INFO - Processing /home/airflow/.local/lib/python3.7/site-packages/airflow/example_dags/example_branch_operator_decorator.py took 0.176 seconds
[2025-07-13T09:56:30.532+0000] {processor.py:154} INFO - Started process (PID=986) to work on /home/airflow/.local/lib/python3.7/site-packages/airflow/example_dags/example_branch_operator_decorator.py
[2025-07-13T09:56:30.534+0000] {processor.py:756} INFO - Processing file /home/airflow/.local/lib/python3.7/site-packages/airflow/example_dags/example_branch_operator_decorator.py for tasks to queue
[2025-07-13T09:56:30.536+0000] {logging_mixin.py:120} INFO - [2025-07-13T09:56:30.536+0000] {dagbag.py:537} INFO - Filling up the DagBag from /home/airflow/.local/lib/python3.7/site-packages/airflow/example_dags/example_branch_operator_decorator.py
[2025-07-13T09:56:30.584+0000] {processor.py:766} INFO - DAG(s) dict_keys(['example_branch_python_operator_decorator']) retrieved from /home/airflow/.local/lib/python3.7/site-packages/airflow/example_dags/example_branch_operator_decorator.py
[2025-07-13T09:56:30.650+0000] {logging_mixin.py:120} INFO - [2025-07-13T09:56:30.649+0000] {dag.py:2585} INFO - Sync 1 DAGs
[2025-07-13T09:56:30.681+0000] {logging_mixin.py:120} INFO - [2025-07-13T09:56:30.681+0000] {dag.py:3340} INFO - Setting next_dagrun for example_branch_python_operator_decorator to 2025-07-12T00:00:00+00:00, run_after=2025-07-13T00:00:00+00:00
[2025-07-13T09:56:30.715+0000] {processor.py:176} INFO - Processing /home/airflow/.local/lib/python3.7/site-packages/airflow/example_dags/example_branch_operator_decorator.py took 0.189 seconds
[2025-07-13T09:57:01.558+0000] {processor.py:154} INFO - Started process (PID=1040) to work on /home/airflow/.local/lib/python3.7/site-packages/airflow/example_dags/example_branch_operator_decorator.py
[2025-07-13T09:57:01.560+0000] {processor.py:756} INFO - Processing file /home/airflow/.local/lib/python3.7/site-packages/airflow/example_dags/example_branch_operator_decorator.py for tasks to queue
[2025-07-13T09:57:01.562+0000] {logging_mixin.py:120} INFO - [2025-07-13T09:57:01.561+0000] {dagbag.py:537} INFO - Filling up the DagBag from /home/airflow/.local/lib/python3.7/site-packages/airflow/example_dags/example_branch_operator_decorator.py
[2025-07-13T09:57:01.605+0000] {processor.py:766} INFO - DAG(s) dict_keys(['example_branch_python_operator_decorator']) retrieved from /home/airflow/.local/lib/python3.7/site-packages/airflow/example_dags/example_branch_operator_decorator.py
[2025-07-13T09:57:01.692+0000] {logging_mixin.py:120} INFO - [2025-07-13T09:57:01.692+0000] {dag.py:2585} INFO - Sync 1 DAGs
[2025-07-13T09:57:01.747+0000] {logging_mixin.py:120} INFO - [2025-07-13T09:57:01.747+0000] {dag.py:3340} INFO - Setting next_dagrun for example_branch_python_operator_decorator to 2025-07-12T00:00:00+00:00, run_after=2025-07-13T00:00:00+00:00
[2025-07-13T09:57:01.787+0000] {processor.py:176} INFO - Processing /home/airflow/.local/lib/python3.7/site-packages/airflow/example_dags/example_branch_operator_decorator.py took 0.234 seconds
[2025-07-13T09:57:32.010+0000] {processor.py:154} INFO - Started process (PID=1103) to work on /home/airflow/.local/lib/python3.7/site-packages/airflow/example_dags/example_branch_operator_decorator.py
[2025-07-13T09:57:32.011+0000] {processor.py:756} INFO - Processing file /home/airflow/.local/lib/python3.7/site-packages/airflow/example_dags/example_branch_operator_decorator.py for tasks to queue
[2025-07-13T09:57:32.021+0000] {logging_mixin.py:120} INFO - [2025-07-13T09:57:32.021+0000] {dagbag.py:537} INFO - Filling up the DagBag from /home/airflow/.local/lib/python3.7/site-packages/airflow/example_dags/example_branch_operator_decorator.py
[2025-07-13T09:57:32.054+0000] {processor.py:766} INFO - DAG(s) dict_keys(['example_branch_python_operator_decorator']) retrieved from /home/airflow/.local/lib/python3.7/site-packages/airflow/example_dags/example_branch_operator_decorator.py
[2025-07-13T09:57:32.108+0000] {logging_mixin.py:120} INFO - [2025-07-13T09:57:32.108+0000] {dag.py:2585} INFO - Sync 1 DAGs
[2025-07-13T09:57:32.143+0000] {logging_mixin.py:120} INFO - [2025-07-13T09:57:32.143+0000] {dag.py:3340} INFO - Setting next_dagrun for example_branch_python_operator_decorator to 2025-07-12T00:00:00+00:00, run_after=2025-07-13T00:00:00+00:00
[2025-07-13T09:57:32.171+0000] {processor.py:176} INFO - Processing /home/airflow/.local/lib/python3.7/site-packages/airflow/example_dags/example_branch_operator_decorator.py took 0.166 seconds
[2025-07-13T09:58:02.461+0000] {processor.py:154} INFO - Started process (PID=1166) to work on /home/airflow/.local/lib/python3.7/site-packages/airflow/example_dags/example_branch_operator_decorator.py
[2025-07-13T09:58:02.463+0000] {processor.py:756} INFO - Processing file /home/airflow/.local/lib/python3.7/site-packages/airflow/example_dags/example_branch_operator_decorator.py for tasks to queue
[2025-07-13T09:58:02.465+0000] {logging_mixin.py:120} INFO - [2025-07-13T09:58:02.465+0000] {dagbag.py:537} INFO - Filling up the DagBag from /home/airflow/.local/lib/python3.7/site-packages/airflow/example_dags/example_branch_operator_decorator.py
[2025-07-13T09:58:02.513+0000] {processor.py:766} INFO - DAG(s) dict_keys(['example_branch_python_operator_decorator']) retrieved from /home/airflow/.local/lib/python3.7/site-packages/airflow/example_dags/example_branch_operator_decorator.py
[2025-07-13T09:58:02.592+0000] {logging_mixin.py:120} INFO - [2025-07-13T09:58:02.592+0000] {dag.py:2585} INFO - Sync 1 DAGs
[2025-07-13T09:58:02.643+0000] {logging_mixin.py:120} INFO - [2025-07-13T09:58:02.643+0000] {dag.py:3340} INFO - Setting next_dagrun for example_branch_python_operator_decorator to 2025-07-12T00:00:00+00:00, run_after=2025-07-13T00:00:00+00:00
[2025-07-13T09:58:02.688+0000] {processor.py:176} INFO - Processing /home/airflow/.local/lib/python3.7/site-packages/airflow/example_dags/example_branch_operator_decorator.py took 0.233 seconds
[2025-07-13T09:58:33.218+0000] {processor.py:154} INFO - Started process (PID=1221) to work on /home/airflow/.local/lib/python3.7/site-packages/airflow/example_dags/example_branch_operator_decorator.py
[2025-07-13T09:58:33.221+0000] {processor.py:756} INFO - Processing file /home/airflow/.local/lib/python3.7/site-packages/airflow/example_dags/example_branch_operator_decorator.py for tasks to queue
[2025-07-13T09:58:33.223+0000] {logging_mixin.py:120} INFO - [2025-07-13T09:58:33.223+0000] {dagbag.py:537} INFO - Filling up the DagBag from /home/airflow/.local/lib/python3.7/site-packages/airflow/example_dags/example_branch_operator_decorator.py
[2025-07-13T09:58:33.282+0000] {processor.py:766} INFO - DAG(s) dict_keys(['example_branch_python_operator_decorator']) retrieved from /home/airflow/.local/lib/python3.7/site-packages/airflow/example_dags/example_branch_operator_decorator.py
[2025-07-13T09:58:33.369+0000] {logging_mixin.py:120} INFO - [2025-07-13T09:58:33.369+0000] {dag.py:2585} INFO - Sync 1 DAGs
[2025-07-13T09:58:33.408+0000] {logging_mixin.py:120} INFO - [2025-07-13T09:58:33.408+0000] {dag.py:3340} INFO - Setting next_dagrun for example_branch_python_operator_decorator to 2025-07-12T00:00:00+00:00, run_after=2025-07-13T00:00:00+00:00
[2025-07-13T09:58:33.438+0000] {processor.py:176} INFO - Processing /home/airflow/.local/lib/python3.7/site-packages/airflow/example_dags/example_branch_operator_decorator.py took 0.230 seconds
[2025-07-13T09:59:04.017+0000] {processor.py:154} INFO - Started process (PID=1284) to work on /home/airflow/.local/lib/python3.7/site-packages/airflow/example_dags/example_branch_operator_decorator.py
[2025-07-13T09:59:04.019+0000] {processor.py:756} INFO - Processing file /home/airflow/.local/lib/python3.7/site-packages/airflow/example_dags/example_branch_operator_decorator.py for tasks to queue
[2025-07-13T09:59:04.021+0000] {logging_mixin.py:120} INFO - [2025-07-13T09:59:04.020+0000] {dagbag.py:537} INFO - Filling up the DagBag from /home/airflow/.local/lib/python3.7/site-packages/airflow/example_dags/example_branch_operator_decorator.py
[2025-07-13T09:59:04.066+0000] {processor.py:766} INFO - DAG(s) dict_keys(['example_branch_python_operator_decorator']) retrieved from /home/airflow/.local/lib/python3.7/site-packages/airflow/example_dags/example_branch_operator_decorator.py
[2025-07-13T09:59:04.122+0000] {logging_mixin.py:120} INFO - [2025-07-13T09:59:04.122+0000] {dag.py:2585} INFO - Sync 1 DAGs
[2025-07-13T09:59:04.152+0000] {logging_mixin.py:120} INFO - [2025-07-13T09:59:04.152+0000] {dag.py:3340} INFO - Setting next_dagrun for example_branch_python_operator_decorator to 2025-07-12T00:00:00+00:00, run_after=2025-07-13T00:00:00+00:00
[2025-07-13T09:59:04.185+0000] {processor.py:176} INFO - Processing /home/airflow/.local/lib/python3.7/site-packages/airflow/example_dags/example_branch_operator_decorator.py took 0.173 seconds
[2025-07-13T09:59:34.630+0000] {processor.py:154} INFO - Started process (PID=1338) to work on /home/airflow/.local/lib/python3.7/site-packages/airflow/example_dags/example_branch_operator_decorator.py
[2025-07-13T09:59:34.631+0000] {processor.py:756} INFO - Processing file /home/airflow/.local/lib/python3.7/site-packages/airflow/example_dags/example_branch_operator_decorator.py for tasks to queue
[2025-07-13T09:59:34.633+0000] {logging_mixin.py:120} INFO - [2025-07-13T09:59:34.633+0000] {dagbag.py:537} INFO - Filling up the DagBag from /home/airflow/.local/lib/python3.7/site-packages/airflow/example_dags/example_branch_operator_decorator.py
[2025-07-13T09:59:34.671+0000] {processor.py:766} INFO - DAG(s) dict_keys(['example_branch_python_operator_decorator']) retrieved from /home/airflow/.local/lib/python3.7/site-packages/airflow/example_dags/example_branch_operator_decorator.py
[2025-07-13T09:59:34.738+0000] {logging_mixin.py:120} INFO - [2025-07-13T09:59:34.738+0000] {dag.py:2585} INFO - Sync 1 DAGs
[2025-07-13T09:59:34.831+0000] {logging_mixin.py:120} INFO - [2025-07-13T09:59:34.830+0000] {dag.py:3340} INFO - Setting next_dagrun for example_branch_python_operator_decorator to 2025-07-12T00:00:00+00:00, run_after=2025-07-13T00:00:00+00:00
[2025-07-13T09:59:34.901+0000] {processor.py:176} INFO - Processing /home/airflow/.local/lib/python3.7/site-packages/airflow/example_dags/example_branch_operator_decorator.py took 0.278 seconds
[2025-07-13T10:00:05.116+0000] {processor.py:154} INFO - Started process (PID=1401) to work on /home/airflow/.local/lib/python3.7/site-packages/airflow/example_dags/example_branch_operator_decorator.py
[2025-07-13T10:00:05.117+0000] {processor.py:756} INFO - Processing file /home/airflow/.local/lib/python3.7/site-packages/airflow/example_dags/example_branch_operator_decorator.py for tasks to queue
[2025-07-13T10:00:05.118+0000] {logging_mixin.py:120} INFO - [2025-07-13T10:00:05.118+0000] {dagbag.py:537} INFO - Filling up the DagBag from /home/airflow/.local/lib/python3.7/site-packages/airflow/example_dags/example_branch_operator_decorator.py
[2025-07-13T10:00:05.148+0000] {processor.py:766} INFO - DAG(s) dict_keys(['example_branch_python_operator_decorator']) retrieved from /home/airflow/.local/lib/python3.7/site-packages/airflow/example_dags/example_branch_operator_decorator.py
[2025-07-13T10:00:05.208+0000] {logging_mixin.py:120} INFO - [2025-07-13T10:00:05.208+0000] {dag.py:2585} INFO - Sync 1 DAGs
[2025-07-13T10:00:05.243+0000] {logging_mixin.py:120} INFO - [2025-07-13T10:00:05.243+0000] {dag.py:3340} INFO - Setting next_dagrun for example_branch_python_operator_decorator to 2025-07-12T00:00:00+00:00, run_after=2025-07-13T00:00:00+00:00
[2025-07-13T10:00:05.277+0000] {processor.py:176} INFO - Processing /home/airflow/.local/lib/python3.7/site-packages/airflow/example_dags/example_branch_operator_decorator.py took 0.167 seconds
[2025-07-13T10:00:35.585+0000] {processor.py:154} INFO - Started process (PID=1455) to work on /home/airflow/.local/lib/python3.7/site-packages/airflow/example_dags/example_branch_operator_decorator.py
[2025-07-13T10:00:35.587+0000] {processor.py:756} INFO - Processing file /home/airflow/.local/lib/python3.7/site-packages/airflow/example_dags/example_branch_operator_decorator.py for tasks to queue
[2025-07-13T10:00:35.588+0000] {logging_mixin.py:120} INFO - [2025-07-13T10:00:35.588+0000] {dagbag.py:537} INFO - Filling up the DagBag from /home/airflow/.local/lib/python3.7/site-packages/airflow/example_dags/example_branch_operator_decorator.py
[2025-07-13T10:00:35.618+0000] {processor.py:766} INFO - DAG(s) dict_keys(['example_branch_python_operator_decorator']) retrieved from /home/airflow/.local/lib/python3.7/site-packages/airflow/example_dags/example_branch_operator_decorator.py
[2025-07-13T10:00:35.671+0000] {logging_mixin.py:120} INFO - [2025-07-13T10:00:35.671+0000] {dag.py:2585} INFO - Sync 1 DAGs
[2025-07-13T10:00:35.704+0000] {logging_mixin.py:120} INFO - [2025-07-13T10:00:35.703+0000] {dag.py:3340} INFO - Setting next_dagrun for example_branch_python_operator_decorator to 2025-07-12T00:00:00+00:00, run_after=2025-07-13T00:00:00+00:00
[2025-07-13T10:00:35.737+0000] {processor.py:176} INFO - Processing /home/airflow/.local/lib/python3.7/site-packages/airflow/example_dags/example_branch_operator_decorator.py took 0.156 seconds
[2025-07-13T10:01:05.862+0000] {processor.py:154} INFO - Started process (PID=1519) to work on /home/airflow/.local/lib/python3.7/site-packages/airflow/example_dags/example_branch_operator_decorator.py
[2025-07-13T10:01:05.864+0000] {processor.py:756} INFO - Processing file /home/airflow/.local/lib/python3.7/site-packages/airflow/example_dags/example_branch_operator_decorator.py for tasks to queue
[2025-07-13T10:01:05.865+0000] {logging_mixin.py:120} INFO - [2025-07-13T10:01:05.865+0000] {dagbag.py:537} INFO - Filling up the DagBag from /home/airflow/.local/lib/python3.7/site-packages/airflow/example_dags/example_branch_operator_decorator.py
[2025-07-13T10:01:05.912+0000] {processor.py:766} INFO - DAG(s) dict_keys(['example_branch_python_operator_decorator']) retrieved from /home/airflow/.local/lib/python3.7/site-packages/airflow/example_dags/example_branch_operator_decorator.py
[2025-07-13T10:01:05.984+0000] {logging_mixin.py:120} INFO - [2025-07-13T10:01:05.984+0000] {dag.py:2585} INFO - Sync 1 DAGs
[2025-07-13T10:01:06.019+0000] {logging_mixin.py:120} INFO - [2025-07-13T10:01:06.019+0000] {dag.py:3340} INFO - Setting next_dagrun for example_branch_python_operator_decorator to 2025-07-12T00:00:00+00:00, run_after=2025-07-13T00:00:00+00:00
[2025-07-13T10:01:06.051+0000] {processor.py:176} INFO - Processing /home/airflow/.local/lib/python3.7/site-packages/airflow/example_dags/example_branch_operator_decorator.py took 0.193 seconds
[2025-07-13T10:01:36.530+0000] {processor.py:154} INFO - Started process (PID=1573) to work on /home/airflow/.local/lib/python3.7/site-packages/airflow/example_dags/example_branch_operator_decorator.py
[2025-07-13T10:01:36.533+0000] {processor.py:756} INFO - Processing file /home/airflow/.local/lib/python3.7/site-packages/airflow/example_dags/example_branch_operator_decorator.py for tasks to queue
[2025-07-13T10:01:36.535+0000] {logging_mixin.py:120} INFO - [2025-07-13T10:01:36.535+0000] {dagbag.py:537} INFO - Filling up the DagBag from /home/airflow/.local/lib/python3.7/site-packages/airflow/example_dags/example_branch_operator_decorator.py
[2025-07-13T10:01:36.616+0000] {processor.py:766} INFO - DAG(s) dict_keys(['example_branch_python_operator_decorator']) retrieved from /home/airflow/.local/lib/python3.7/site-packages/airflow/example_dags/example_branch_operator_decorator.py
[2025-07-13T10:01:36.822+0000] {logging_mixin.py:120} INFO - [2025-07-13T10:01:36.822+0000] {dag.py:2585} INFO - Sync 1 DAGs
[2025-07-13T10:01:36.893+0000] {logging_mixin.py:120} INFO - [2025-07-13T10:01:36.893+0000] {dag.py:3340} INFO - Setting next_dagrun for example_branch_python_operator_decorator to 2025-07-12T00:00:00+00:00, run_after=2025-07-13T00:00:00+00:00
[2025-07-13T10:01:36.944+0000] {processor.py:176} INFO - Processing /home/airflow/.local/lib/python3.7/site-packages/airflow/example_dags/example_branch_operator_decorator.py took 0.420 seconds
[2025-07-13T10:02:07.054+0000] {processor.py:154} INFO - Started process (PID=1636) to work on /home/airflow/.local/lib/python3.7/site-packages/airflow/example_dags/example_branch_operator_decorator.py
[2025-07-13T10:02:07.056+0000] {processor.py:756} INFO - Processing file /home/airflow/.local/lib/python3.7/site-packages/airflow/example_dags/example_branch_operator_decorator.py for tasks to queue
[2025-07-13T10:02:07.057+0000] {logging_mixin.py:120} INFO - [2025-07-13T10:02:07.057+0000] {dagbag.py:537} INFO - Filling up the DagBag from /home/airflow/.local/lib/python3.7/site-packages/airflow/example_dags/example_branch_operator_decorator.py
[2025-07-13T10:02:07.110+0000] {processor.py:766} INFO - DAG(s) dict_keys(['example_branch_python_operator_decorator']) retrieved from /home/airflow/.local/lib/python3.7/site-packages/airflow/example_dags/example_branch_operator_decorator.py
[2025-07-13T10:02:07.166+0000] {logging_mixin.py:120} INFO - [2025-07-13T10:02:07.165+0000] {dag.py:2585} INFO - Sync 1 DAGs
[2025-07-13T10:02:07.199+0000] {logging_mixin.py:120} INFO - [2025-07-13T10:02:07.198+0000] {dag.py:3340} INFO - Setting next_dagrun for example_branch_python_operator_decorator to 2025-07-12T00:00:00+00:00, run_after=2025-07-13T00:00:00+00:00
[2025-07-13T10:02:07.232+0000] {processor.py:176} INFO - Processing /home/airflow/.local/lib/python3.7/site-packages/airflow/example_dags/example_branch_operator_decorator.py took 0.184 seconds
[2025-07-13T10:02:37.997+0000] {processor.py:154} INFO - Started process (PID=1699) to work on /home/airflow/.local/lib/python3.7/site-packages/airflow/example_dags/example_branch_operator_decorator.py
[2025-07-13T10:02:37.999+0000] {processor.py:756} INFO - Processing file /home/airflow/.local/lib/python3.7/site-packages/airflow/example_dags/example_branch_operator_decorator.py for tasks to queue
[2025-07-13T10:02:38.000+0000] {logging_mixin.py:120} INFO - [2025-07-13T10:02:38.000+0000] {dagbag.py:537} INFO - Filling up the DagBag from /home/airflow/.local/lib/python3.7/site-packages/airflow/example_dags/example_branch_operator_decorator.py
[2025-07-13T10:02:38.038+0000] {processor.py:766} INFO - DAG(s) dict_keys(['example_branch_python_operator_decorator']) retrieved from /home/airflow/.local/lib/python3.7/site-packages/airflow/example_dags/example_branch_operator_decorator.py
[2025-07-13T10:02:38.093+0000] {logging_mixin.py:120} INFO - [2025-07-13T10:02:38.093+0000] {dag.py:2585} INFO - Sync 1 DAGs
[2025-07-13T10:02:38.130+0000] {logging_mixin.py:120} INFO - [2025-07-13T10:02:38.130+0000] {dag.py:3340} INFO - Setting next_dagrun for example_branch_python_operator_decorator to 2025-07-12T00:00:00+00:00, run_after=2025-07-13T00:00:00+00:00
[2025-07-13T10:02:38.155+0000] {processor.py:176} INFO - Processing /home/airflow/.local/lib/python3.7/site-packages/airflow/example_dags/example_branch_operator_decorator.py took 0.162 seconds
[2025-07-13T10:03:08.543+0000] {processor.py:154} INFO - Started process (PID=1753) to work on /home/airflow/.local/lib/python3.7/site-packages/airflow/example_dags/example_branch_operator_decorator.py
[2025-07-13T10:03:08.544+0000] {processor.py:756} INFO - Processing file /home/airflow/.local/lib/python3.7/site-packages/airflow/example_dags/example_branch_operator_decorator.py for tasks to queue
[2025-07-13T10:03:08.546+0000] {logging_mixin.py:120} INFO - [2025-07-13T10:03:08.546+0000] {dagbag.py:537} INFO - Filling up the DagBag from /home/airflow/.local/lib/python3.7/site-packages/airflow/example_dags/example_branch_operator_decorator.py
[2025-07-13T10:03:08.628+0000] {processor.py:766} INFO - DAG(s) dict_keys(['example_branch_python_operator_decorator']) retrieved from /home/airflow/.local/lib/python3.7/site-packages/airflow/example_dags/example_branch_operator_decorator.py
[2025-07-13T10:03:08.724+0000] {logging_mixin.py:120} INFO - [2025-07-13T10:03:08.724+0000] {dag.py:2585} INFO - Sync 1 DAGs
[2025-07-13T10:03:08.778+0000] {logging_mixin.py:120} INFO - [2025-07-13T10:03:08.778+0000] {dag.py:3340} INFO - Setting next_dagrun for example_branch_python_operator_decorator to 2025-07-12T00:00:00+00:00, run_after=2025-07-13T00:00:00+00:00
[2025-07-13T10:03:08.830+0000] {processor.py:176} INFO - Processing /home/airflow/.local/lib/python3.7/site-packages/airflow/example_dags/example_branch_operator_decorator.py took 0.292 seconds
[2025-07-13T10:03:39.074+0000] {processor.py:154} INFO - Started process (PID=1816) to work on /home/airflow/.local/lib/python3.7/site-packages/airflow/example_dags/example_branch_operator_decorator.py
[2025-07-13T10:03:39.077+0000] {processor.py:756} INFO - Processing file /home/airflow/.local/lib/python3.7/site-packages/airflow/example_dags/example_branch_operator_decorator.py for tasks to queue
[2025-07-13T10:03:39.078+0000] {logging_mixin.py:120} INFO - [2025-07-13T10:03:39.078+0000] {dagbag.py:537} INFO - Filling up the DagBag from /home/airflow/.local/lib/python3.7/site-packages/airflow/example_dags/example_branch_operator_decorator.py
[2025-07-13T10:03:39.141+0000] {processor.py:766} INFO - DAG(s) dict_keys(['example_branch_python_operator_decorator']) retrieved from /home/airflow/.local/lib/python3.7/site-packages/airflow/example_dags/example_branch_operator_decorator.py
[2025-07-13T10:03:39.222+0000] {logging_mixin.py:120} INFO - [2025-07-13T10:03:39.222+0000] {dag.py:2585} INFO - Sync 1 DAGs
[2025-07-13T10:03:39.266+0000] {logging_mixin.py:120} INFO - [2025-07-13T10:03:39.266+0000] {dag.py:3340} INFO - Setting next_dagrun for example_branch_python_operator_decorator to 2025-07-12T00:00:00+00:00, run_after=2025-07-13T00:00:00+00:00
[2025-07-13T10:03:39.310+0000] {processor.py:176} INFO - Processing /home/airflow/.local/lib/python3.7/site-packages/airflow/example_dags/example_branch_operator_decorator.py took 0.244 seconds
[2025-07-13T10:04:09.632+0000] {processor.py:154} INFO - Started process (PID=1879) to work on /home/airflow/.local/lib/python3.7/site-packages/airflow/example_dags/example_branch_operator_decorator.py
[2025-07-13T10:04:09.633+0000] {processor.py:756} INFO - Processing file /home/airflow/.local/lib/python3.7/site-packages/airflow/example_dags/example_branch_operator_decorator.py for tasks to queue
[2025-07-13T10:04:09.635+0000] {logging_mixin.py:120} INFO - [2025-07-13T10:04:09.634+0000] {dagbag.py:537} INFO - Filling up the DagBag from /home/airflow/.local/lib/python3.7/site-packages/airflow/example_dags/example_branch_operator_decorator.py
[2025-07-13T10:04:09.672+0000] {processor.py:766} INFO - DAG(s) dict_keys(['example_branch_python_operator_decorator']) retrieved from /home/airflow/.local/lib/python3.7/site-packages/airflow/example_dags/example_branch_operator_decorator.py
[2025-07-13T10:04:09.725+0000] {logging_mixin.py:120} INFO - [2025-07-13T10:04:09.725+0000] {dag.py:2585} INFO - Sync 1 DAGs
[2025-07-13T10:04:09.758+0000] {logging_mixin.py:120} INFO - [2025-07-13T10:04:09.758+0000] {dag.py:3340} INFO - Setting next_dagrun for example_branch_python_operator_decorator to 2025-07-12T00:00:00+00:00, run_after=2025-07-13T00:00:00+00:00
[2025-07-13T10:04:09.791+0000] {processor.py:176} INFO - Processing /home/airflow/.local/lib/python3.7/site-packages/airflow/example_dags/example_branch_operator_decorator.py took 0.165 seconds
[2025-07-13T10:04:40.094+0000] {processor.py:154} INFO - Started process (PID=1933) to work on /home/airflow/.local/lib/python3.7/site-packages/airflow/example_dags/example_branch_operator_decorator.py
[2025-07-13T10:04:40.096+0000] {processor.py:756} INFO - Processing file /home/airflow/.local/lib/python3.7/site-packages/airflow/example_dags/example_branch_operator_decorator.py for tasks to queue
[2025-07-13T10:04:40.097+0000] {logging_mixin.py:120} INFO - [2025-07-13T10:04:40.097+0000] {dagbag.py:537} INFO - Filling up the DagBag from /home/airflow/.local/lib/python3.7/site-packages/airflow/example_dags/example_branch_operator_decorator.py
[2025-07-13T10:04:40.143+0000] {processor.py:766} INFO - DAG(s) dict_keys(['example_branch_python_operator_decorator']) retrieved from /home/airflow/.local/lib/python3.7/site-packages/airflow/example_dags/example_branch_operator_decorator.py
[2025-07-13T10:04:40.198+0000] {logging_mixin.py:120} INFO - [2025-07-13T10:04:40.198+0000] {dag.py:2585} INFO - Sync 1 DAGs
[2025-07-13T10:04:40.234+0000] {logging_mixin.py:120} INFO - [2025-07-13T10:04:40.234+0000] {dag.py:3340} INFO - Setting next_dagrun for example_branch_python_operator_decorator to 2025-07-12T00:00:00+00:00, run_after=2025-07-13T00:00:00+00:00
[2025-07-13T10:04:40.260+0000] {processor.py:176} INFO - Processing /home/airflow/.local/lib/python3.7/site-packages/airflow/example_dags/example_branch_operator_decorator.py took 0.172 seconds
[2025-07-13T10:05:10.909+0000] {processor.py:154} INFO - Started process (PID=1997) to work on /home/airflow/.local/lib/python3.7/site-packages/airflow/example_dags/example_branch_operator_decorator.py
[2025-07-13T10:05:10.910+0000] {processor.py:756} INFO - Processing file /home/airflow/.local/lib/python3.7/site-packages/airflow/example_dags/example_branch_operator_decorator.py for tasks to queue
[2025-07-13T10:05:10.911+0000] {logging_mixin.py:120} INFO - [2025-07-13T10:05:10.911+0000] {dagbag.py:537} INFO - Filling up the DagBag from /home/airflow/.local/lib/python3.7/site-packages/airflow/example_dags/example_branch_operator_decorator.py
[2025-07-13T10:05:10.952+0000] {processor.py:766} INFO - DAG(s) dict_keys(['example_branch_python_operator_decorator']) retrieved from /home/airflow/.local/lib/python3.7/site-packages/airflow/example_dags/example_branch_operator_decorator.py
[2025-07-13T10:05:11.010+0000] {logging_mixin.py:120} INFO - [2025-07-13T10:05:11.010+0000] {dag.py:2585} INFO - Sync 1 DAGs
[2025-07-13T10:05:11.044+0000] {logging_mixin.py:120} INFO - [2025-07-13T10:05:11.044+0000] {dag.py:3340} INFO - Setting next_dagrun for example_branch_python_operator_decorator to 2025-07-12T00:00:00+00:00, run_after=2025-07-13T00:00:00+00:00
[2025-07-13T10:05:11.076+0000] {processor.py:176} INFO - Processing /home/airflow/.local/lib/python3.7/site-packages/airflow/example_dags/example_branch_operator_decorator.py took 0.172 seconds
[2025-07-13T10:05:41.309+0000] {processor.py:154} INFO - Started process (PID=2060) to work on /home/airflow/.local/lib/python3.7/site-packages/airflow/example_dags/example_branch_operator_decorator.py
[2025-07-13T10:05:41.310+0000] {processor.py:756} INFO - Processing file /home/airflow/.local/lib/python3.7/site-packages/airflow/example_dags/example_branch_operator_decorator.py for tasks to queue
[2025-07-13T10:05:41.312+0000] {logging_mixin.py:120} INFO - [2025-07-13T10:05:41.311+0000] {dagbag.py:537} INFO - Filling up the DagBag from /home/airflow/.local/lib/python3.7/site-packages/airflow/example_dags/example_branch_operator_decorator.py
[2025-07-13T10:05:41.352+0000] {processor.py:766} INFO - DAG(s) dict_keys(['example_branch_python_operator_decorator']) retrieved from /home/airflow/.local/lib/python3.7/site-packages/airflow/example_dags/example_branch_operator_decorator.py
[2025-07-13T10:05:41.414+0000] {logging_mixin.py:120} INFO - [2025-07-13T10:05:41.414+0000] {dag.py:2585} INFO - Sync 1 DAGs
[2025-07-13T10:05:41.449+0000] {logging_mixin.py:120} INFO - [2025-07-13T10:05:41.449+0000] {dag.py:3340} INFO - Setting next_dagrun for example_branch_python_operator_decorator to 2025-07-12T00:00:00+00:00, run_after=2025-07-13T00:00:00+00:00
[2025-07-13T10:05:41.480+0000] {processor.py:176} INFO - Processing /home/airflow/.local/lib/python3.7/site-packages/airflow/example_dags/example_branch_operator_decorator.py took 0.176 seconds
[2025-07-13T10:06:11.960+0000] {processor.py:154} INFO - Started process (PID=2114) to work on /home/airflow/.local/lib/python3.7/site-packages/airflow/example_dags/example_branch_operator_decorator.py
[2025-07-13T10:06:11.965+0000] {processor.py:756} INFO - Processing file /home/airflow/.local/lib/python3.7/site-packages/airflow/example_dags/example_branch_operator_decorator.py for tasks to queue
[2025-07-13T10:06:11.970+0000] {logging_mixin.py:120} INFO - [2025-07-13T10:06:11.969+0000] {dagbag.py:537} INFO - Filling up the DagBag from /home/airflow/.local/lib/python3.7/site-packages/airflow/example_dags/example_branch_operator_decorator.py
[2025-07-13T10:06:12.087+0000] {processor.py:766} INFO - DAG(s) dict_keys(['example_branch_python_operator_decorator']) retrieved from /home/airflow/.local/lib/python3.7/site-packages/airflow/example_dags/example_branch_operator_decorator.py
[2025-07-13T10:06:12.252+0000] {logging_mixin.py:120} INFO - [2025-07-13T10:06:12.252+0000] {dag.py:2585} INFO - Sync 1 DAGs
[2025-07-13T10:06:12.324+0000] {logging_mixin.py:120} INFO - [2025-07-13T10:06:12.324+0000] {dag.py:3340} INFO - Setting next_dagrun for example_branch_python_operator_decorator to 2025-07-12T00:00:00+00:00, run_after=2025-07-13T00:00:00+00:00
[2025-07-13T10:06:12.379+0000] {processor.py:176} INFO - Processing /home/airflow/.local/lib/python3.7/site-packages/airflow/example_dags/example_branch_operator_decorator.py took 0.427 seconds
[2025-07-13T10:06:43.116+0000] {processor.py:154} INFO - Started process (PID=2178) to work on /home/airflow/.local/lib/python3.7/site-packages/airflow/example_dags/example_branch_operator_decorator.py
[2025-07-13T10:06:43.118+0000] {processor.py:756} INFO - Processing file /home/airflow/.local/lib/python3.7/site-packages/airflow/example_dags/example_branch_operator_decorator.py for tasks to queue
[2025-07-13T10:06:43.122+0000] {logging_mixin.py:120} INFO - [2025-07-13T10:06:43.121+0000] {dagbag.py:537} INFO - Filling up the DagBag from /home/airflow/.local/lib/python3.7/site-packages/airflow/example_dags/example_branch_operator_decorator.py
[2025-07-13T10:06:43.165+0000] {processor.py:766} INFO - DAG(s) dict_keys(['example_branch_python_operator_decorator']) retrieved from /home/airflow/.local/lib/python3.7/site-packages/airflow/example_dags/example_branch_operator_decorator.py
[2025-07-13T10:06:43.230+0000] {logging_mixin.py:120} INFO - [2025-07-13T10:06:43.230+0000] {dag.py:2585} INFO - Sync 1 DAGs
[2025-07-13T10:06:43.266+0000] {logging_mixin.py:120} INFO - [2025-07-13T10:06:43.265+0000] {dag.py:3340} INFO - Setting next_dagrun for example_branch_python_operator_decorator to 2025-07-12T00:00:00+00:00, run_after=2025-07-13T00:00:00+00:00
[2025-07-13T10:06:43.304+0000] {processor.py:176} INFO - Processing /home/airflow/.local/lib/python3.7/site-packages/airflow/example_dags/example_branch_operator_decorator.py took 0.193 seconds
[2025-07-13T10:07:13.809+0000] {processor.py:154} INFO - Started process (PID=2241) to work on /home/airflow/.local/lib/python3.7/site-packages/airflow/example_dags/example_branch_operator_decorator.py
[2025-07-13T10:07:13.811+0000] {processor.py:756} INFO - Processing file /home/airflow/.local/lib/python3.7/site-packages/airflow/example_dags/example_branch_operator_decorator.py for tasks to queue
[2025-07-13T10:07:13.812+0000] {logging_mixin.py:120} INFO - [2025-07-13T10:07:13.812+0000] {dagbag.py:537} INFO - Filling up the DagBag from /home/airflow/.local/lib/python3.7/site-packages/airflow/example_dags/example_branch_operator_decorator.py
[2025-07-13T10:07:13.864+0000] {processor.py:766} INFO - DAG(s) dict_keys(['example_branch_python_operator_decorator']) retrieved from /home/airflow/.local/lib/python3.7/site-packages/airflow/example_dags/example_branch_operator_decorator.py
[2025-07-13T10:07:13.962+0000] {logging_mixin.py:120} INFO - [2025-07-13T10:07:13.962+0000] {dag.py:2585} INFO - Sync 1 DAGs
[2025-07-13T10:07:14.018+0000] {logging_mixin.py:120} INFO - [2025-07-13T10:07:14.018+0000] {dag.py:3340} INFO - Setting next_dagrun for example_branch_python_operator_decorator to 2025-07-12T00:00:00+00:00, run_after=2025-07-13T00:00:00+00:00
[2025-07-13T10:07:14.066+0000] {processor.py:176} INFO - Processing /home/airflow/.local/lib/python3.7/site-packages/airflow/example_dags/example_branch_operator_decorator.py took 0.265 seconds
[2025-07-13T10:07:44.374+0000] {processor.py:154} INFO - Started process (PID=2296) to work on /home/airflow/.local/lib/python3.7/site-packages/airflow/example_dags/example_branch_operator_decorator.py
[2025-07-13T10:07:44.375+0000] {processor.py:756} INFO - Processing file /home/airflow/.local/lib/python3.7/site-packages/airflow/example_dags/example_branch_operator_decorator.py for tasks to queue
[2025-07-13T10:07:44.377+0000] {logging_mixin.py:120} INFO - [2025-07-13T10:07:44.376+0000] {dagbag.py:537} INFO - Filling up the DagBag from /home/airflow/.local/lib/python3.7/site-packages/airflow/example_dags/example_branch_operator_decorator.py
[2025-07-13T10:07:44.422+0000] {processor.py:766} INFO - DAG(s) dict_keys(['example_branch_python_operator_decorator']) retrieved from /home/airflow/.local/lib/python3.7/site-packages/airflow/example_dags/example_branch_operator_decorator.py
[2025-07-13T10:07:44.495+0000] {logging_mixin.py:120} INFO - [2025-07-13T10:07:44.495+0000] {dag.py:2585} INFO - Sync 1 DAGs
[2025-07-13T10:07:44.539+0000] {logging_mixin.py:120} INFO - [2025-07-13T10:07:44.538+0000] {dag.py:3340} INFO - Setting next_dagrun for example_branch_python_operator_decorator to 2025-07-12T00:00:00+00:00, run_after=2025-07-13T00:00:00+00:00
[2025-07-13T10:07:44.575+0000] {processor.py:176} INFO - Processing /home/airflow/.local/lib/python3.7/site-packages/airflow/example_dags/example_branch_operator_decorator.py took 0.208 seconds
[2025-07-13T10:08:14.690+0000] {processor.py:154} INFO - Started process (PID=2357) to work on /home/airflow/.local/lib/python3.7/site-packages/airflow/example_dags/example_branch_operator_decorator.py
[2025-07-13T10:08:14.692+0000] {processor.py:756} INFO - Processing file /home/airflow/.local/lib/python3.7/site-packages/airflow/example_dags/example_branch_operator_decorator.py for tasks to queue
[2025-07-13T10:08:14.693+0000] {logging_mixin.py:120} INFO - [2025-07-13T10:08:14.693+0000] {dagbag.py:537} INFO - Filling up the DagBag from /home/airflow/.local/lib/python3.7/site-packages/airflow/example_dags/example_branch_operator_decorator.py
[2025-07-13T10:08:14.787+0000] {processor.py:766} INFO - DAG(s) dict_keys(['example_branch_python_operator_decorator']) retrieved from /home/airflow/.local/lib/python3.7/site-packages/airflow/example_dags/example_branch_operator_decorator.py
[2025-07-13T10:08:14.900+0000] {logging_mixin.py:120} INFO - [2025-07-13T10:08:14.900+0000] {dag.py:2585} INFO - Sync 1 DAGs
[2025-07-13T10:08:14.959+0000] {logging_mixin.py:120} INFO - [2025-07-13T10:08:14.959+0000] {dag.py:3340} INFO - Setting next_dagrun for example_branch_python_operator_decorator to 2025-07-12T00:00:00+00:00, run_after=2025-07-13T00:00:00+00:00
[2025-07-13T10:08:15.021+0000] {processor.py:176} INFO - Processing /home/airflow/.local/lib/python3.7/site-packages/airflow/example_dags/example_branch_operator_decorator.py took 0.338 seconds
[2025-07-13T10:08:45.446+0000] {processor.py:154} INFO - Started process (PID=2411) to work on /home/airflow/.local/lib/python3.7/site-packages/airflow/example_dags/example_branch_operator_decorator.py
[2025-07-13T10:08:45.447+0000] {processor.py:756} INFO - Processing file /home/airflow/.local/lib/python3.7/site-packages/airflow/example_dags/example_branch_operator_decorator.py for tasks to queue
[2025-07-13T10:08:45.449+0000] {logging_mixin.py:120} INFO - [2025-07-13T10:08:45.449+0000] {dagbag.py:537} INFO - Filling up the DagBag from /home/airflow/.local/lib/python3.7/site-packages/airflow/example_dags/example_branch_operator_decorator.py
[2025-07-13T10:08:45.476+0000] {processor.py:766} INFO - DAG(s) dict_keys(['example_branch_python_operator_decorator']) retrieved from /home/airflow/.local/lib/python3.7/site-packages/airflow/example_dags/example_branch_operator_decorator.py
[2025-07-13T10:08:45.522+0000] {logging_mixin.py:120} INFO - [2025-07-13T10:08:45.522+0000] {dag.py:2585} INFO - Sync 1 DAGs
[2025-07-13T10:08:45.552+0000] {logging_mixin.py:120} INFO - [2025-07-13T10:08:45.552+0000] {dag.py:3340} INFO - Setting next_dagrun for example_branch_python_operator_decorator to 2025-07-12T00:00:00+00:00, run_after=2025-07-13T00:00:00+00:00
[2025-07-13T10:08:45.578+0000] {processor.py:176} INFO - Processing /home/airflow/.local/lib/python3.7/site-packages/airflow/example_dags/example_branch_operator_decorator.py took 0.135 seconds
[2025-07-13T10:09:16.015+0000] {processor.py:154} INFO - Started process (PID=2474) to work on /home/airflow/.local/lib/python3.7/site-packages/airflow/example_dags/example_branch_operator_decorator.py
[2025-07-13T10:09:16.016+0000] {processor.py:756} INFO - Processing file /home/airflow/.local/lib/python3.7/site-packages/airflow/example_dags/example_branch_operator_decorator.py for tasks to queue
[2025-07-13T10:09:16.018+0000] {logging_mixin.py:120} INFO - [2025-07-13T10:09:16.018+0000] {dagbag.py:537} INFO - Filling up the DagBag from /home/airflow/.local/lib/python3.7/site-packages/airflow/example_dags/example_branch_operator_decorator.py
[2025-07-13T10:09:16.056+0000] {processor.py:766} INFO - DAG(s) dict_keys(['example_branch_python_operator_decorator']) retrieved from /home/airflow/.local/lib/python3.7/site-packages/airflow/example_dags/example_branch_operator_decorator.py
[2025-07-13T10:09:16.125+0000] {logging_mixin.py:120} INFO - [2025-07-13T10:09:16.125+0000] {dag.py:2585} INFO - Sync 1 DAGs
[2025-07-13T10:09:16.173+0000] {logging_mixin.py:120} INFO - [2025-07-13T10:09:16.173+0000] {dag.py:3340} INFO - Setting next_dagrun for example_branch_python_operator_decorator to 2025-07-12T00:00:00+00:00, run_after=2025-07-13T00:00:00+00:00
[2025-07-13T10:09:16.205+0000] {processor.py:176} INFO - Processing /home/airflow/.local/lib/python3.7/site-packages/airflow/example_dags/example_branch_operator_decorator.py took 0.196 seconds
[2025-07-13T10:09:47.023+0000] {processor.py:154} INFO - Started process (PID=2528) to work on /home/airflow/.local/lib/python3.7/site-packages/airflow/example_dags/example_branch_operator_decorator.py
[2025-07-13T10:09:47.025+0000] {processor.py:756} INFO - Processing file /home/airflow/.local/lib/python3.7/site-packages/airflow/example_dags/example_branch_operator_decorator.py for tasks to queue
[2025-07-13T10:09:47.026+0000] {logging_mixin.py:120} INFO - [2025-07-13T10:09:47.026+0000] {dagbag.py:537} INFO - Filling up the DagBag from /home/airflow/.local/lib/python3.7/site-packages/airflow/example_dags/example_branch_operator_decorator.py
[2025-07-13T10:09:47.059+0000] {processor.py:766} INFO - DAG(s) dict_keys(['example_branch_python_operator_decorator']) retrieved from /home/airflow/.local/lib/python3.7/site-packages/airflow/example_dags/example_branch_operator_decorator.py
[2025-07-13T10:09:47.115+0000] {logging_mixin.py:120} INFO - [2025-07-13T10:09:47.114+0000] {dag.py:2585} INFO - Sync 1 DAGs
[2025-07-13T10:09:47.147+0000] {logging_mixin.py:120} INFO - [2025-07-13T10:09:47.146+0000] {dag.py:3340} INFO - Setting next_dagrun for example_branch_python_operator_decorator to 2025-07-12T00:00:00+00:00, run_after=2025-07-13T00:00:00+00:00
[2025-07-13T10:09:47.183+0000] {processor.py:176} INFO - Processing /home/airflow/.local/lib/python3.7/site-packages/airflow/example_dags/example_branch_operator_decorator.py took 0.163 seconds
[2025-07-13T10:10:18.017+0000] {processor.py:154} INFO - Started process (PID=2591) to work on /home/airflow/.local/lib/python3.7/site-packages/airflow/example_dags/example_branch_operator_decorator.py
[2025-07-13T10:10:18.018+0000] {processor.py:756} INFO - Processing file /home/airflow/.local/lib/python3.7/site-packages/airflow/example_dags/example_branch_operator_decorator.py for tasks to queue
[2025-07-13T10:10:18.019+0000] {logging_mixin.py:120} INFO - [2025-07-13T10:10:18.019+0000] {dagbag.py:537} INFO - Filling up the DagBag from /home/airflow/.local/lib/python3.7/site-packages/airflow/example_dags/example_branch_operator_decorator.py
[2025-07-13T10:10:18.054+0000] {processor.py:766} INFO - DAG(s) dict_keys(['example_branch_python_operator_decorator']) retrieved from /home/airflow/.local/lib/python3.7/site-packages/airflow/example_dags/example_branch_operator_decorator.py
[2025-07-13T10:10:18.117+0000] {logging_mixin.py:120} INFO - [2025-07-13T10:10:18.117+0000] {dag.py:2585} INFO - Sync 1 DAGs
[2025-07-13T10:10:18.152+0000] {logging_mixin.py:120} INFO - [2025-07-13T10:10:18.152+0000] {dag.py:3340} INFO - Setting next_dagrun for example_branch_python_operator_decorator to 2025-07-12T00:00:00+00:00, run_after=2025-07-13T00:00:00+00:00
[2025-07-13T10:10:18.191+0000] {processor.py:176} INFO - Processing /home/airflow/.local/lib/python3.7/site-packages/airflow/example_dags/example_branch_operator_decorator.py took 0.179 seconds
[2025-07-13T10:10:48.793+0000] {processor.py:154} INFO - Started process (PID=2654) to work on /home/airflow/.local/lib/python3.7/site-packages/airflow/example_dags/example_branch_operator_decorator.py
[2025-07-13T10:10:48.794+0000] {processor.py:756} INFO - Processing file /home/airflow/.local/lib/python3.7/site-packages/airflow/example_dags/example_branch_operator_decorator.py for tasks to queue
[2025-07-13T10:10:48.796+0000] {logging_mixin.py:120} INFO - [2025-07-13T10:10:48.796+0000] {dagbag.py:537} INFO - Filling up the DagBag from /home/airflow/.local/lib/python3.7/site-packages/airflow/example_dags/example_branch_operator_decorator.py
[2025-07-13T10:10:48.836+0000] {processor.py:766} INFO - DAG(s) dict_keys(['example_branch_python_operator_decorator']) retrieved from /home/airflow/.local/lib/python3.7/site-packages/airflow/example_dags/example_branch_operator_decorator.py
[2025-07-13T10:10:48.902+0000] {logging_mixin.py:120} INFO - [2025-07-13T10:10:48.902+0000] {dag.py:2585} INFO - Sync 1 DAGs
[2025-07-13T10:10:48.950+0000] {logging_mixin.py:120} INFO - [2025-07-13T10:10:48.949+0000] {dag.py:3340} INFO - Setting next_dagrun for example_branch_python_operator_decorator to 2025-07-12T00:00:00+00:00, run_after=2025-07-13T00:00:00+00:00
[2025-07-13T10:10:49.033+0000] {processor.py:176} INFO - Processing /home/airflow/.local/lib/python3.7/site-packages/airflow/example_dags/example_branch_operator_decorator.py took 0.244 seconds
[2025-07-13T10:11:19.833+0000] {processor.py:154} INFO - Started process (PID=2708) to work on /home/airflow/.local/lib/python3.7/site-packages/airflow/example_dags/example_branch_operator_decorator.py
[2025-07-13T10:11:19.837+0000] {processor.py:756} INFO - Processing file /home/airflow/.local/lib/python3.7/site-packages/airflow/example_dags/example_branch_operator_decorator.py for tasks to queue
[2025-07-13T10:11:19.839+0000] {logging_mixin.py:120} INFO - [2025-07-13T10:11:19.839+0000] {dagbag.py:537} INFO - Filling up the DagBag from /home/airflow/.local/lib/python3.7/site-packages/airflow/example_dags/example_branch_operator_decorator.py
[2025-07-13T10:11:19.883+0000] {processor.py:766} INFO - DAG(s) dict_keys(['example_branch_python_operator_decorator']) retrieved from /home/airflow/.local/lib/python3.7/site-packages/airflow/example_dags/example_branch_operator_decorator.py
[2025-07-13T10:11:19.961+0000] {logging_mixin.py:120} INFO - [2025-07-13T10:11:19.961+0000] {dag.py:2585} INFO - Sync 1 DAGs
[2025-07-13T10:11:20.003+0000] {logging_mixin.py:120} INFO - [2025-07-13T10:11:20.003+0000] {dag.py:3340} INFO - Setting next_dagrun for example_branch_python_operator_decorator to 2025-07-12T00:00:00+00:00, run_after=2025-07-13T00:00:00+00:00
[2025-07-13T10:11:20.039+0000] {processor.py:176} INFO - Processing /home/airflow/.local/lib/python3.7/site-packages/airflow/example_dags/example_branch_operator_decorator.py took 0.212 seconds
[2025-07-13T10:11:50.621+0000] {processor.py:154} INFO - Started process (PID=2771) to work on /home/airflow/.local/lib/python3.7/site-packages/airflow/example_dags/example_branch_operator_decorator.py
[2025-07-13T10:11:50.622+0000] {processor.py:756} INFO - Processing file /home/airflow/.local/lib/python3.7/site-packages/airflow/example_dags/example_branch_operator_decorator.py for tasks to queue
[2025-07-13T10:11:50.624+0000] {logging_mixin.py:120} INFO - [2025-07-13T10:11:50.623+0000] {dagbag.py:537} INFO - Filling up the DagBag from /home/airflow/.local/lib/python3.7/site-packages/airflow/example_dags/example_branch_operator_decorator.py
[2025-07-13T10:11:50.659+0000] {processor.py:766} INFO - DAG(s) dict_keys(['example_branch_python_operator_decorator']) retrieved from /home/airflow/.local/lib/python3.7/site-packages/airflow/example_dags/example_branch_operator_decorator.py
[2025-07-13T10:11:50.719+0000] {logging_mixin.py:120} INFO - [2025-07-13T10:11:50.719+0000] {dag.py:2585} INFO - Sync 1 DAGs
[2025-07-13T10:11:50.749+0000] {logging_mixin.py:120} INFO - [2025-07-13T10:11:50.749+0000] {dag.py:3340} INFO - Setting next_dagrun for example_branch_python_operator_decorator to 2025-07-12T00:00:00+00:00, run_after=2025-07-13T00:00:00+00:00
[2025-07-13T10:11:50.787+0000] {processor.py:176} INFO - Processing /home/airflow/.local/lib/python3.7/site-packages/airflow/example_dags/example_branch_operator_decorator.py took 0.169 seconds
[2025-07-13T10:12:21.162+0000] {processor.py:154} INFO - Started process (PID=2835) to work on /home/airflow/.local/lib/python3.7/site-packages/airflow/example_dags/example_branch_operator_decorator.py
[2025-07-13T10:12:21.165+0000] {processor.py:756} INFO - Processing file /home/airflow/.local/lib/python3.7/site-packages/airflow/example_dags/example_branch_operator_decorator.py for tasks to queue
[2025-07-13T10:12:21.166+0000] {logging_mixin.py:120} INFO - [2025-07-13T10:12:21.166+0000] {dagbag.py:537} INFO - Filling up the DagBag from /home/airflow/.local/lib/python3.7/site-packages/airflow/example_dags/example_branch_operator_decorator.py
[2025-07-13T10:12:21.206+0000] {processor.py:766} INFO - DAG(s) dict_keys(['example_branch_python_operator_decorator']) retrieved from /home/airflow/.local/lib/python3.7/site-packages/airflow/example_dags/example_branch_operator_decorator.py
[2025-07-13T10:12:21.285+0000] {logging_mixin.py:120} INFO - [2025-07-13T10:12:21.284+0000] {dag.py:2585} INFO - Sync 1 DAGs
[2025-07-13T10:12:21.347+0000] {logging_mixin.py:120} INFO - [2025-07-13T10:12:21.347+0000] {dag.py:3340} INFO - Setting next_dagrun for example_branch_python_operator_decorator to 2025-07-12T00:00:00+00:00, run_after=2025-07-13T00:00:00+00:00
[2025-07-13T10:12:21.397+0000] {processor.py:176} INFO - Processing /home/airflow/.local/lib/python3.7/site-packages/airflow/example_dags/example_branch_operator_decorator.py took 0.241 seconds
[2025-07-13T10:12:51.663+0000] {processor.py:154} INFO - Started process (PID=2889) to work on /home/airflow/.local/lib/python3.7/site-packages/airflow/example_dags/example_branch_operator_decorator.py
[2025-07-13T10:12:51.665+0000] {processor.py:756} INFO - Processing file /home/airflow/.local/lib/python3.7/site-packages/airflow/example_dags/example_branch_operator_decorator.py for tasks to queue
[2025-07-13T10:12:51.666+0000] {logging_mixin.py:120} INFO - [2025-07-13T10:12:51.665+0000] {dagbag.py:537} INFO - Filling up the DagBag from /home/airflow/.local/lib/python3.7/site-packages/airflow/example_dags/example_branch_operator_decorator.py
[2025-07-13T10:12:51.693+0000] {processor.py:766} INFO - DAG(s) dict_keys(['example_branch_python_operator_decorator']) retrieved from /home/airflow/.local/lib/python3.7/site-packages/airflow/example_dags/example_branch_operator_decorator.py
[2025-07-13T10:12:51.742+0000] {logging_mixin.py:120} INFO - [2025-07-13T10:12:51.741+0000] {dag.py:2585} INFO - Sync 1 DAGs
[2025-07-13T10:12:51.774+0000] {logging_mixin.py:120} INFO - [2025-07-13T10:12:51.773+0000] {dag.py:3340} INFO - Setting next_dagrun for example_branch_python_operator_decorator to 2025-07-12T00:00:00+00:00, run_after=2025-07-13T00:00:00+00:00
[2025-07-13T10:12:51.801+0000] {processor.py:176} INFO - Processing /home/airflow/.local/lib/python3.7/site-packages/airflow/example_dags/example_branch_operator_decorator.py took 0.143 seconds
[2025-07-13T10:13:21.991+0000] {processor.py:154} INFO - Started process (PID=2952) to work on /home/airflow/.local/lib/python3.7/site-packages/airflow/example_dags/example_branch_operator_decorator.py
[2025-07-13T10:13:21.992+0000] {processor.py:756} INFO - Processing file /home/airflow/.local/lib/python3.7/site-packages/airflow/example_dags/example_branch_operator_decorator.py for tasks to queue
[2025-07-13T10:13:21.994+0000] {logging_mixin.py:120} INFO - [2025-07-13T10:13:21.993+0000] {dagbag.py:537} INFO - Filling up the DagBag from /home/airflow/.local/lib/python3.7/site-packages/airflow/example_dags/example_branch_operator_decorator.py
[2025-07-13T10:13:22.044+0000] {processor.py:766} INFO - DAG(s) dict_keys(['example_branch_python_operator_decorator']) retrieved from /home/airflow/.local/lib/python3.7/site-packages/airflow/example_dags/example_branch_operator_decorator.py
[2025-07-13T10:13:22.111+0000] {logging_mixin.py:120} INFO - [2025-07-13T10:13:22.111+0000] {dag.py:2585} INFO - Sync 1 DAGs
[2025-07-13T10:13:22.157+0000] {logging_mixin.py:120} INFO - [2025-07-13T10:13:22.157+0000] {dag.py:3340} INFO - Setting next_dagrun for example_branch_python_operator_decorator to 2025-07-12T00:00:00+00:00, run_after=2025-07-13T00:00:00+00:00
[2025-07-13T10:13:22.201+0000] {processor.py:176} INFO - Processing /home/airflow/.local/lib/python3.7/site-packages/airflow/example_dags/example_branch_operator_decorator.py took 0.217 seconds
[2025-07-13T10:13:52.277+0000] {processor.py:154} INFO - Started process (PID=3007) to work on /home/airflow/.local/lib/python3.7/site-packages/airflow/example_dags/example_branch_operator_decorator.py
[2025-07-13T10:13:52.279+0000] {processor.py:756} INFO - Processing file /home/airflow/.local/lib/python3.7/site-packages/airflow/example_dags/example_branch_operator_decorator.py for tasks to queue
[2025-07-13T10:13:52.280+0000] {logging_mixin.py:120} INFO - [2025-07-13T10:13:52.280+0000] {dagbag.py:537} INFO - Filling up the DagBag from /home/airflow/.local/lib/python3.7/site-packages/airflow/example_dags/example_branch_operator_decorator.py
[2025-07-13T10:13:52.307+0000] {processor.py:766} INFO - DAG(s) dict_keys(['example_branch_python_operator_decorator']) retrieved from /home/airflow/.local/lib/python3.7/site-packages/airflow/example_dags/example_branch_operator_decorator.py
[2025-07-13T10:13:52.354+0000] {logging_mixin.py:120} INFO - [2025-07-13T10:13:52.354+0000] {dag.py:2585} INFO - Sync 1 DAGs
[2025-07-13T10:13:52.382+0000] {logging_mixin.py:120} INFO - [2025-07-13T10:13:52.382+0000] {dag.py:3340} INFO - Setting next_dagrun for example_branch_python_operator_decorator to 2025-07-12T00:00:00+00:00, run_after=2025-07-13T00:00:00+00:00
[2025-07-13T10:13:52.410+0000] {processor.py:176} INFO - Processing /home/airflow/.local/lib/python3.7/site-packages/airflow/example_dags/example_branch_operator_decorator.py took 0.135 seconds
[2025-07-13T10:14:22.818+0000] {processor.py:154} INFO - Started process (PID=3069) to work on /home/airflow/.local/lib/python3.7/site-packages/airflow/example_dags/example_branch_operator_decorator.py
[2025-07-13T10:14:22.819+0000] {processor.py:756} INFO - Processing file /home/airflow/.local/lib/python3.7/site-packages/airflow/example_dags/example_branch_operator_decorator.py for tasks to queue
[2025-07-13T10:14:22.821+0000] {logging_mixin.py:120} INFO - [2025-07-13T10:14:22.820+0000] {dagbag.py:537} INFO - Filling up the DagBag from /home/airflow/.local/lib/python3.7/site-packages/airflow/example_dags/example_branch_operator_decorator.py
[2025-07-13T10:14:22.861+0000] {processor.py:766} INFO - DAG(s) dict_keys(['example_branch_python_operator_decorator']) retrieved from /home/airflow/.local/lib/python3.7/site-packages/airflow/example_dags/example_branch_operator_decorator.py
[2025-07-13T10:14:22.910+0000] {logging_mixin.py:120} INFO - [2025-07-13T10:14:22.909+0000] {dag.py:2585} INFO - Sync 1 DAGs
[2025-07-13T10:14:22.940+0000] {logging_mixin.py:120} INFO - [2025-07-13T10:14:22.940+0000] {dag.py:3340} INFO - Setting next_dagrun for example_branch_python_operator_decorator to 2025-07-12T00:00:00+00:00, run_after=2025-07-13T00:00:00+00:00
[2025-07-13T10:14:22.963+0000] {processor.py:176} INFO - Processing /home/airflow/.local/lib/python3.7/site-packages/airflow/example_dags/example_branch_operator_decorator.py took 0.150 seconds
[2025-07-13T10:14:53.219+0000] {processor.py:154} INFO - Started process (PID=3131) to work on /home/airflow/.local/lib/python3.7/site-packages/airflow/example_dags/example_branch_operator_decorator.py
[2025-07-13T10:14:53.220+0000] {processor.py:756} INFO - Processing file /home/airflow/.local/lib/python3.7/site-packages/airflow/example_dags/example_branch_operator_decorator.py for tasks to queue
[2025-07-13T10:14:53.222+0000] {logging_mixin.py:120} INFO - [2025-07-13T10:14:53.222+0000] {dagbag.py:537} INFO - Filling up the DagBag from /home/airflow/.local/lib/python3.7/site-packages/airflow/example_dags/example_branch_operator_decorator.py
[2025-07-13T10:14:53.252+0000] {processor.py:766} INFO - DAG(s) dict_keys(['example_branch_python_operator_decorator']) retrieved from /home/airflow/.local/lib/python3.7/site-packages/airflow/example_dags/example_branch_operator_decorator.py
[2025-07-13T10:14:53.299+0000] {logging_mixin.py:120} INFO - [2025-07-13T10:14:53.298+0000] {dag.py:2585} INFO - Sync 1 DAGs
[2025-07-13T10:14:53.328+0000] {logging_mixin.py:120} INFO - [2025-07-13T10:14:53.327+0000] {dag.py:3340} INFO - Setting next_dagrun for example_branch_python_operator_decorator to 2025-07-12T00:00:00+00:00, run_after=2025-07-13T00:00:00+00:00
[2025-07-13T10:14:53.358+0000] {processor.py:176} INFO - Processing /home/airflow/.local/lib/python3.7/site-packages/airflow/example_dags/example_branch_operator_decorator.py took 0.145 seconds
[2025-07-13T10:15:24.083+0000] {processor.py:154} INFO - Started process (PID=3185) to work on /home/airflow/.local/lib/python3.7/site-packages/airflow/example_dags/example_branch_operator_decorator.py
[2025-07-13T10:15:24.084+0000] {processor.py:756} INFO - Processing file /home/airflow/.local/lib/python3.7/site-packages/airflow/example_dags/example_branch_operator_decorator.py for tasks to queue
[2025-07-13T10:15:24.085+0000] {logging_mixin.py:120} INFO - [2025-07-13T10:15:24.085+0000] {dagbag.py:537} INFO - Filling up the DagBag from /home/airflow/.local/lib/python3.7/site-packages/airflow/example_dags/example_branch_operator_decorator.py
[2025-07-13T10:15:24.117+0000] {processor.py:766} INFO - DAG(s) dict_keys(['example_branch_python_operator_decorator']) retrieved from /home/airflow/.local/lib/python3.7/site-packages/airflow/example_dags/example_branch_operator_decorator.py
[2025-07-13T10:15:24.162+0000] {logging_mixin.py:120} INFO - [2025-07-13T10:15:24.162+0000] {dag.py:2585} INFO - Sync 1 DAGs
[2025-07-13T10:15:24.192+0000] {logging_mixin.py:120} INFO - [2025-07-13T10:15:24.191+0000] {dag.py:3340} INFO - Setting next_dagrun for example_branch_python_operator_decorator to 2025-07-12T00:00:00+00:00, run_after=2025-07-13T00:00:00+00:00
[2025-07-13T10:15:24.216+0000] {processor.py:176} INFO - Processing /home/airflow/.local/lib/python3.7/site-packages/airflow/example_dags/example_branch_operator_decorator.py took 0.138 seconds
[2025-07-13T10:15:54.375+0000] {processor.py:154} INFO - Started process (PID=3248) to work on /home/airflow/.local/lib/python3.7/site-packages/airflow/example_dags/example_branch_operator_decorator.py
[2025-07-13T10:15:54.381+0000] {processor.py:756} INFO - Processing file /home/airflow/.local/lib/python3.7/site-packages/airflow/example_dags/example_branch_operator_decorator.py for tasks to queue
[2025-07-13T10:15:54.384+0000] {logging_mixin.py:120} INFO - [2025-07-13T10:15:54.383+0000] {dagbag.py:537} INFO - Filling up the DagBag from /home/airflow/.local/lib/python3.7/site-packages/airflow/example_dags/example_branch_operator_decorator.py
[2025-07-13T10:15:54.428+0000] {processor.py:766} INFO - DAG(s) dict_keys(['example_branch_python_operator_decorator']) retrieved from /home/airflow/.local/lib/python3.7/site-packages/airflow/example_dags/example_branch_operator_decorator.py
[2025-07-13T10:15:54.491+0000] {logging_mixin.py:120} INFO - [2025-07-13T10:15:54.491+0000] {dag.py:2585} INFO - Sync 1 DAGs
[2025-07-13T10:15:54.532+0000] {logging_mixin.py:120} INFO - [2025-07-13T10:15:54.532+0000] {dag.py:3340} INFO - Setting next_dagrun for example_branch_python_operator_decorator to 2025-07-12T00:00:00+00:00, run_after=2025-07-13T00:00:00+00:00
[2025-07-13T10:15:54.569+0000] {processor.py:176} INFO - Processing /home/airflow/.local/lib/python3.7/site-packages/airflow/example_dags/example_branch_operator_decorator.py took 0.200 seconds
[2025-07-13T10:16:24.846+0000] {processor.py:154} INFO - Started process (PID=3311) to work on /home/airflow/.local/lib/python3.7/site-packages/airflow/example_dags/example_branch_operator_decorator.py
[2025-07-13T10:16:24.848+0000] {processor.py:756} INFO - Processing file /home/airflow/.local/lib/python3.7/site-packages/airflow/example_dags/example_branch_operator_decorator.py for tasks to queue
[2025-07-13T10:16:24.850+0000] {logging_mixin.py:120} INFO - [2025-07-13T10:16:24.850+0000] {dagbag.py:537} INFO - Filling up the DagBag from /home/airflow/.local/lib/python3.7/site-packages/airflow/example_dags/example_branch_operator_decorator.py
[2025-07-13T10:16:24.889+0000] {processor.py:766} INFO - DAG(s) dict_keys(['example_branch_python_operator_decorator']) retrieved from /home/airflow/.local/lib/python3.7/site-packages/airflow/example_dags/example_branch_operator_decorator.py
[2025-07-13T10:16:24.953+0000] {logging_mixin.py:120} INFO - [2025-07-13T10:16:24.953+0000] {dag.py:2585} INFO - Sync 1 DAGs
[2025-07-13T10:16:24.982+0000] {logging_mixin.py:120} INFO - [2025-07-13T10:16:24.981+0000] {dag.py:3340} INFO - Setting next_dagrun for example_branch_python_operator_decorator to 2025-07-12T00:00:00+00:00, run_after=2025-07-13T00:00:00+00:00
[2025-07-13T10:16:25.004+0000] {processor.py:176} INFO - Processing /home/airflow/.local/lib/python3.7/site-packages/airflow/example_dags/example_branch_operator_decorator.py took 0.163 seconds
[2025-07-13T10:16:55.290+0000] {processor.py:154} INFO - Started process (PID=3365) to work on /home/airflow/.local/lib/python3.7/site-packages/airflow/example_dags/example_branch_operator_decorator.py
[2025-07-13T10:16:55.291+0000] {processor.py:756} INFO - Processing file /home/airflow/.local/lib/python3.7/site-packages/airflow/example_dags/example_branch_operator_decorator.py for tasks to queue
[2025-07-13T10:16:55.292+0000] {logging_mixin.py:120} INFO - [2025-07-13T10:16:55.292+0000] {dagbag.py:537} INFO - Filling up the DagBag from /home/airflow/.local/lib/python3.7/site-packages/airflow/example_dags/example_branch_operator_decorator.py
[2025-07-13T10:16:55.327+0000] {processor.py:766} INFO - DAG(s) dict_keys(['example_branch_python_operator_decorator']) retrieved from /home/airflow/.local/lib/python3.7/site-packages/airflow/example_dags/example_branch_operator_decorator.py
[2025-07-13T10:16:55.388+0000] {logging_mixin.py:120} INFO - [2025-07-13T10:16:55.387+0000] {dag.py:2585} INFO - Sync 1 DAGs
[2025-07-13T10:16:55.429+0000] {logging_mixin.py:120} INFO - [2025-07-13T10:16:55.429+0000] {dag.py:3340} INFO - Setting next_dagrun for example_branch_python_operator_decorator to 2025-07-12T00:00:00+00:00, run_after=2025-07-13T00:00:00+00:00
[2025-07-13T10:16:55.468+0000] {processor.py:176} INFO - Processing /home/airflow/.local/lib/python3.7/site-packages/airflow/example_dags/example_branch_operator_decorator.py took 0.183 seconds
[2025-07-13T10:17:25.542+0000] {processor.py:154} INFO - Started process (PID=3428) to work on /home/airflow/.local/lib/python3.7/site-packages/airflow/example_dags/example_branch_operator_decorator.py
[2025-07-13T10:17:25.543+0000] {processor.py:756} INFO - Processing file /home/airflow/.local/lib/python3.7/site-packages/airflow/example_dags/example_branch_operator_decorator.py for tasks to queue
[2025-07-13T10:17:25.544+0000] {logging_mixin.py:120} INFO - [2025-07-13T10:17:25.544+0000] {dagbag.py:537} INFO - Filling up the DagBag from /home/airflow/.local/lib/python3.7/site-packages/airflow/example_dags/example_branch_operator_decorator.py
[2025-07-13T10:17:25.572+0000] {processor.py:766} INFO - DAG(s) dict_keys(['example_branch_python_operator_decorator']) retrieved from /home/airflow/.local/lib/python3.7/site-packages/airflow/example_dags/example_branch_operator_decorator.py
[2025-07-13T10:17:25.618+0000] {logging_mixin.py:120} INFO - [2025-07-13T10:17:25.618+0000] {dag.py:2585} INFO - Sync 1 DAGs
[2025-07-13T10:17:25.648+0000] {logging_mixin.py:120} INFO - [2025-07-13T10:17:25.647+0000] {dag.py:3340} INFO - Setting next_dagrun for example_branch_python_operator_decorator to 2025-07-12T00:00:00+00:00, run_after=2025-07-13T00:00:00+00:00
[2025-07-13T10:17:25.673+0000] {processor.py:176} INFO - Processing /home/airflow/.local/lib/python3.7/site-packages/airflow/example_dags/example_branch_operator_decorator.py took 0.134 seconds
[2025-07-13T10:17:56.081+0000] {processor.py:154} INFO - Started process (PID=3491) to work on /home/airflow/.local/lib/python3.7/site-packages/airflow/example_dags/example_branch_operator_decorator.py
[2025-07-13T10:17:56.083+0000] {processor.py:756} INFO - Processing file /home/airflow/.local/lib/python3.7/site-packages/airflow/example_dags/example_branch_operator_decorator.py for tasks to queue
[2025-07-13T10:17:56.084+0000] {logging_mixin.py:120} INFO - [2025-07-13T10:17:56.084+0000] {dagbag.py:537} INFO - Filling up the DagBag from /home/airflow/.local/lib/python3.7/site-packages/airflow/example_dags/example_branch_operator_decorator.py
[2025-07-13T10:17:56.118+0000] {processor.py:766} INFO - DAG(s) dict_keys(['example_branch_python_operator_decorator']) retrieved from /home/airflow/.local/lib/python3.7/site-packages/airflow/example_dags/example_branch_operator_decorator.py
[2025-07-13T10:17:56.173+0000] {logging_mixin.py:120} INFO - [2025-07-13T10:17:56.172+0000] {dag.py:2585} INFO - Sync 1 DAGs
[2025-07-13T10:17:56.209+0000] {logging_mixin.py:120} INFO - [2025-07-13T10:17:56.209+0000] {dag.py:3340} INFO - Setting next_dagrun for example_branch_python_operator_decorator to 2025-07-12T00:00:00+00:00, run_after=2025-07-13T00:00:00+00:00
[2025-07-13T10:17:56.241+0000] {processor.py:176} INFO - Processing /home/airflow/.local/lib/python3.7/site-packages/airflow/example_dags/example_branch_operator_decorator.py took 0.166 seconds
[2025-07-13T10:18:26.855+0000] {processor.py:154} INFO - Started process (PID=3546) to work on /home/airflow/.local/lib/python3.7/site-packages/airflow/example_dags/example_branch_operator_decorator.py
[2025-07-13T10:18:26.858+0000] {processor.py:756} INFO - Processing file /home/airflow/.local/lib/python3.7/site-packages/airflow/example_dags/example_branch_operator_decorator.py for tasks to queue
[2025-07-13T10:18:26.859+0000] {logging_mixin.py:120} INFO - [2025-07-13T10:18:26.859+0000] {dagbag.py:537} INFO - Filling up the DagBag from /home/airflow/.local/lib/python3.7/site-packages/airflow/example_dags/example_branch_operator_decorator.py
[2025-07-13T10:18:26.904+0000] {processor.py:766} INFO - DAG(s) dict_keys(['example_branch_python_operator_decorator']) retrieved from /home/airflow/.local/lib/python3.7/site-packages/airflow/example_dags/example_branch_operator_decorator.py
[2025-07-13T10:18:26.964+0000] {logging_mixin.py:120} INFO - [2025-07-13T10:18:26.964+0000] {dag.py:2585} INFO - Sync 1 DAGs
[2025-07-13T10:18:26.999+0000] {logging_mixin.py:120} INFO - [2025-07-13T10:18:26.999+0000] {dag.py:3340} INFO - Setting next_dagrun for example_branch_python_operator_decorator to 2025-07-12T00:00:00+00:00, run_after=2025-07-13T00:00:00+00:00
[2025-07-13T10:18:27.029+0000] {processor.py:176} INFO - Processing /home/airflow/.local/lib/python3.7/site-packages/airflow/example_dags/example_branch_operator_decorator.py took 0.180 seconds
[2025-07-13T10:18:57.269+0000] {processor.py:154} INFO - Started process (PID=3609) to work on /home/airflow/.local/lib/python3.7/site-packages/airflow/example_dags/example_branch_operator_decorator.py
[2025-07-13T10:18:57.271+0000] {processor.py:756} INFO - Processing file /home/airflow/.local/lib/python3.7/site-packages/airflow/example_dags/example_branch_operator_decorator.py for tasks to queue
[2025-07-13T10:18:57.276+0000] {logging_mixin.py:120} INFO - [2025-07-13T10:18:57.275+0000] {dagbag.py:537} INFO - Filling up the DagBag from /home/airflow/.local/lib/python3.7/site-packages/airflow/example_dags/example_branch_operator_decorator.py
[2025-07-13T10:18:57.336+0000] {processor.py:766} INFO - DAG(s) dict_keys(['example_branch_python_operator_decorator']) retrieved from /home/airflow/.local/lib/python3.7/site-packages/airflow/example_dags/example_branch_operator_decorator.py
[2025-07-13T10:18:57.387+0000] {logging_mixin.py:120} INFO - [2025-07-13T10:18:57.387+0000] {dag.py:2585} INFO - Sync 1 DAGs
[2025-07-13T10:18:57.416+0000] {logging_mixin.py:120} INFO - [2025-07-13T10:18:57.416+0000] {dag.py:3340} INFO - Setting next_dagrun for example_branch_python_operator_decorator to 2025-07-12T00:00:00+00:00, run_after=2025-07-13T00:00:00+00:00
[2025-07-13T10:18:57.443+0000] {processor.py:176} INFO - Processing /home/airflow/.local/lib/python3.7/site-packages/airflow/example_dags/example_branch_operator_decorator.py took 0.184 seconds
[2025-07-13T10:19:27.598+0000] {processor.py:154} INFO - Started process (PID=3663) to work on /home/airflow/.local/lib/python3.7/site-packages/airflow/example_dags/example_branch_operator_decorator.py
[2025-07-13T10:19:27.599+0000] {processor.py:756} INFO - Processing file /home/airflow/.local/lib/python3.7/site-packages/airflow/example_dags/example_branch_operator_decorator.py for tasks to queue
[2025-07-13T10:19:27.600+0000] {logging_mixin.py:120} INFO - [2025-07-13T10:19:27.600+0000] {dagbag.py:537} INFO - Filling up the DagBag from /home/airflow/.local/lib/python3.7/site-packages/airflow/example_dags/example_branch_operator_decorator.py
[2025-07-13T10:19:27.630+0000] {processor.py:766} INFO - DAG(s) dict_keys(['example_branch_python_operator_decorator']) retrieved from /home/airflow/.local/lib/python3.7/site-packages/airflow/example_dags/example_branch_operator_decorator.py
[2025-07-13T10:19:27.676+0000] {logging_mixin.py:120} INFO - [2025-07-13T10:19:27.676+0000] {dag.py:2585} INFO - Sync 1 DAGs
[2025-07-13T10:19:27.705+0000] {logging_mixin.py:120} INFO - [2025-07-13T10:19:27.705+0000] {dag.py:3340} INFO - Setting next_dagrun for example_branch_python_operator_decorator to 2025-07-12T00:00:00+00:00, run_after=2025-07-13T00:00:00+00:00
[2025-07-13T10:19:27.731+0000] {processor.py:176} INFO - Processing /home/airflow/.local/lib/python3.7/site-packages/airflow/example_dags/example_branch_operator_decorator.py took 0.137 seconds
[2025-07-13T10:19:57.812+0000] {processor.py:154} INFO - Started process (PID=3726) to work on /home/airflow/.local/lib/python3.7/site-packages/airflow/example_dags/example_branch_operator_decorator.py
[2025-07-13T10:19:57.813+0000] {processor.py:756} INFO - Processing file /home/airflow/.local/lib/python3.7/site-packages/airflow/example_dags/example_branch_operator_decorator.py for tasks to queue
[2025-07-13T10:19:57.815+0000] {logging_mixin.py:120} INFO - [2025-07-13T10:19:57.815+0000] {dagbag.py:537} INFO - Filling up the DagBag from /home/airflow/.local/lib/python3.7/site-packages/airflow/example_dags/example_branch_operator_decorator.py
[2025-07-13T10:19:57.853+0000] {processor.py:766} INFO - DAG(s) dict_keys(['example_branch_python_operator_decorator']) retrieved from /home/airflow/.local/lib/python3.7/site-packages/airflow/example_dags/example_branch_operator_decorator.py
[2025-07-13T10:19:57.915+0000] {logging_mixin.py:120} INFO - [2025-07-13T10:19:57.914+0000] {dag.py:2585} INFO - Sync 1 DAGs
[2025-07-13T10:19:57.954+0000] {logging_mixin.py:120} INFO - [2025-07-13T10:19:57.954+0000] {dag.py:3340} INFO - Setting next_dagrun for example_branch_python_operator_decorator to 2025-07-12T00:00:00+00:00, run_after=2025-07-13T00:00:00+00:00
[2025-07-13T10:19:57.981+0000] {processor.py:176} INFO - Processing /home/airflow/.local/lib/python3.7/site-packages/airflow/example_dags/example_branch_operator_decorator.py took 0.173 seconds
[2025-07-13T10:20:28.154+0000] {processor.py:154} INFO - Started process (PID=3789) to work on /home/airflow/.local/lib/python3.7/site-packages/airflow/example_dags/example_branch_operator_decorator.py
[2025-07-13T10:20:28.156+0000] {processor.py:756} INFO - Processing file /home/airflow/.local/lib/python3.7/site-packages/airflow/example_dags/example_branch_operator_decorator.py for tasks to queue
[2025-07-13T10:20:28.157+0000] {logging_mixin.py:120} INFO - [2025-07-13T10:20:28.157+0000] {dagbag.py:537} INFO - Filling up the DagBag from /home/airflow/.local/lib/python3.7/site-packages/airflow/example_dags/example_branch_operator_decorator.py
[2025-07-13T10:20:28.226+0000] {processor.py:766} INFO - DAG(s) dict_keys(['example_branch_python_operator_decorator']) retrieved from /home/airflow/.local/lib/python3.7/site-packages/airflow/example_dags/example_branch_operator_decorator.py
[2025-07-13T10:20:28.407+0000] {logging_mixin.py:120} INFO - [2025-07-13T10:20:28.406+0000] {dag.py:2585} INFO - Sync 1 DAGs
[2025-07-13T10:20:28.453+0000] {logging_mixin.py:120} INFO - [2025-07-13T10:20:28.453+0000] {dag.py:3340} INFO - Setting next_dagrun for example_branch_python_operator_decorator to 2025-07-12T00:00:00+00:00, run_after=2025-07-13T00:00:00+00:00
[2025-07-13T10:20:28.496+0000] {processor.py:176} INFO - Processing /home/airflow/.local/lib/python3.7/site-packages/airflow/example_dags/example_branch_operator_decorator.py took 0.348 seconds
[2025-07-13T10:20:58.840+0000] {processor.py:154} INFO - Started process (PID=3844) to work on /home/airflow/.local/lib/python3.7/site-packages/airflow/example_dags/example_branch_operator_decorator.py
[2025-07-13T10:20:58.841+0000] {processor.py:756} INFO - Processing file /home/airflow/.local/lib/python3.7/site-packages/airflow/example_dags/example_branch_operator_decorator.py for tasks to queue
[2025-07-13T10:20:58.842+0000] {logging_mixin.py:120} INFO - [2025-07-13T10:20:58.842+0000] {dagbag.py:537} INFO - Filling up the DagBag from /home/airflow/.local/lib/python3.7/site-packages/airflow/example_dags/example_branch_operator_decorator.py
[2025-07-13T10:20:58.870+0000] {processor.py:766} INFO - DAG(s) dict_keys(['example_branch_python_operator_decorator']) retrieved from /home/airflow/.local/lib/python3.7/site-packages/airflow/example_dags/example_branch_operator_decorator.py
[2025-07-13T10:20:58.921+0000] {logging_mixin.py:120} INFO - [2025-07-13T10:20:58.921+0000] {dag.py:2585} INFO - Sync 1 DAGs
[2025-07-13T10:20:58.976+0000] {logging_mixin.py:120} INFO - [2025-07-13T10:20:58.976+0000] {dag.py:3340} INFO - Setting next_dagrun for example_branch_python_operator_decorator to 2025-07-12T00:00:00+00:00, run_after=2025-07-13T00:00:00+00:00
[2025-07-13T10:20:59.011+0000] {processor.py:176} INFO - Processing /home/airflow/.local/lib/python3.7/site-packages/airflow/example_dags/example_branch_operator_decorator.py took 0.176 seconds
[2025-07-13T10:21:29.277+0000] {processor.py:154} INFO - Started process (PID=3908) to work on /home/airflow/.local/lib/python3.7/site-packages/airflow/example_dags/example_branch_operator_decorator.py
[2025-07-13T10:21:29.279+0000] {processor.py:756} INFO - Processing file /home/airflow/.local/lib/python3.7/site-packages/airflow/example_dags/example_branch_operator_decorator.py for tasks to queue
[2025-07-13T10:21:29.280+0000] {logging_mixin.py:120} INFO - [2025-07-13T10:21:29.280+0000] {dagbag.py:537} INFO - Filling up the DagBag from /home/airflow/.local/lib/python3.7/site-packages/airflow/example_dags/example_branch_operator_decorator.py
[2025-07-13T10:21:29.311+0000] {processor.py:766} INFO - DAG(s) dict_keys(['example_branch_python_operator_decorator']) retrieved from /home/airflow/.local/lib/python3.7/site-packages/airflow/example_dags/example_branch_operator_decorator.py
[2025-07-13T10:21:29.371+0000] {logging_mixin.py:120} INFO - [2025-07-13T10:21:29.371+0000] {dag.py:2585} INFO - Sync 1 DAGs
[2025-07-13T10:21:29.412+0000] {logging_mixin.py:120} INFO - [2025-07-13T10:21:29.412+0000] {dag.py:3340} INFO - Setting next_dagrun for example_branch_python_operator_decorator to 2025-07-12T00:00:00+00:00, run_after=2025-07-13T00:00:00+00:00
[2025-07-13T10:21:29.443+0000] {processor.py:176} INFO - Processing /home/airflow/.local/lib/python3.7/site-packages/airflow/example_dags/example_branch_operator_decorator.py took 0.171 seconds
[2025-07-13T10:21:59.754+0000] {processor.py:154} INFO - Started process (PID=3962) to work on /home/airflow/.local/lib/python3.7/site-packages/airflow/example_dags/example_branch_operator_decorator.py
[2025-07-13T10:21:59.758+0000] {processor.py:756} INFO - Processing file /home/airflow/.local/lib/python3.7/site-packages/airflow/example_dags/example_branch_operator_decorator.py for tasks to queue
[2025-07-13T10:21:59.759+0000] {logging_mixin.py:120} INFO - [2025-07-13T10:21:59.759+0000] {dagbag.py:537} INFO - Filling up the DagBag from /home/airflow/.local/lib/python3.7/site-packages/airflow/example_dags/example_branch_operator_decorator.py
[2025-07-13T10:21:59.801+0000] {processor.py:766} INFO - DAG(s) dict_keys(['example_branch_python_operator_decorator']) retrieved from /home/airflow/.local/lib/python3.7/site-packages/airflow/example_dags/example_branch_operator_decorator.py
[2025-07-13T10:21:59.855+0000] {logging_mixin.py:120} INFO - [2025-07-13T10:21:59.855+0000] {dag.py:2585} INFO - Sync 1 DAGs
[2025-07-13T10:21:59.893+0000] {logging_mixin.py:120} INFO - [2025-07-13T10:21:59.893+0000] {dag.py:3340} INFO - Setting next_dagrun for example_branch_python_operator_decorator to 2025-07-12T00:00:00+00:00, run_after=2025-07-13T00:00:00+00:00
[2025-07-13T10:21:59.925+0000] {processor.py:176} INFO - Processing /home/airflow/.local/lib/python3.7/site-packages/airflow/example_dags/example_branch_operator_decorator.py took 0.176 seconds
[2025-07-13T10:22:30.036+0000] {processor.py:154} INFO - Started process (PID=4024) to work on /home/airflow/.local/lib/python3.7/site-packages/airflow/example_dags/example_branch_operator_decorator.py
[2025-07-13T10:22:30.038+0000] {processor.py:756} INFO - Processing file /home/airflow/.local/lib/python3.7/site-packages/airflow/example_dags/example_branch_operator_decorator.py for tasks to queue
[2025-07-13T10:22:30.039+0000] {logging_mixin.py:120} INFO - [2025-07-13T10:22:30.039+0000] {dagbag.py:537} INFO - Filling up the DagBag from /home/airflow/.local/lib/python3.7/site-packages/airflow/example_dags/example_branch_operator_decorator.py
[2025-07-13T10:22:30.069+0000] {processor.py:766} INFO - DAG(s) dict_keys(['example_branch_python_operator_decorator']) retrieved from /home/airflow/.local/lib/python3.7/site-packages/airflow/example_dags/example_branch_operator_decorator.py
[2025-07-13T10:22:30.116+0000] {logging_mixin.py:120} INFO - [2025-07-13T10:22:30.116+0000] {dag.py:2585} INFO - Sync 1 DAGs
[2025-07-13T10:22:30.144+0000] {logging_mixin.py:120} INFO - [2025-07-13T10:22:30.144+0000] {dag.py:3340} INFO - Setting next_dagrun for example_branch_python_operator_decorator to 2025-07-12T00:00:00+00:00, run_after=2025-07-13T00:00:00+00:00
[2025-07-13T10:22:30.171+0000] {processor.py:176} INFO - Processing /home/airflow/.local/lib/python3.7/site-packages/airflow/example_dags/example_branch_operator_decorator.py took 0.139 seconds
[2025-07-13T10:23:00.377+0000] {processor.py:154} INFO - Started process (PID=4086) to work on /home/airflow/.local/lib/python3.7/site-packages/airflow/example_dags/example_branch_operator_decorator.py
[2025-07-13T10:23:00.379+0000] {processor.py:756} INFO - Processing file /home/airflow/.local/lib/python3.7/site-packages/airflow/example_dags/example_branch_operator_decorator.py for tasks to queue
[2025-07-13T10:23:00.380+0000] {logging_mixin.py:120} INFO - [2025-07-13T10:23:00.379+0000] {dagbag.py:537} INFO - Filling up the DagBag from /home/airflow/.local/lib/python3.7/site-packages/airflow/example_dags/example_branch_operator_decorator.py
[2025-07-13T10:23:00.408+0000] {processor.py:766} INFO - DAG(s) dict_keys(['example_branch_python_operator_decorator']) retrieved from /home/airflow/.local/lib/python3.7/site-packages/airflow/example_dags/example_branch_operator_decorator.py
[2025-07-13T10:23:00.456+0000] {logging_mixin.py:120} INFO - [2025-07-13T10:23:00.455+0000] {dag.py:2585} INFO - Sync 1 DAGs
[2025-07-13T10:23:00.484+0000] {logging_mixin.py:120} INFO - [2025-07-13T10:23:00.483+0000] {dag.py:3340} INFO - Setting next_dagrun for example_branch_python_operator_decorator to 2025-07-12T00:00:00+00:00, run_after=2025-07-13T00:00:00+00:00
[2025-07-13T10:23:00.513+0000] {processor.py:176} INFO - Processing /home/airflow/.local/lib/python3.7/site-packages/airflow/example_dags/example_branch_operator_decorator.py took 0.139 seconds
[2025-07-13T10:23:30.825+0000] {processor.py:154} INFO - Started process (PID=4140) to work on /home/airflow/.local/lib/python3.7/site-packages/airflow/example_dags/example_branch_operator_decorator.py
[2025-07-13T10:23:30.826+0000] {processor.py:756} INFO - Processing file /home/airflow/.local/lib/python3.7/site-packages/airflow/example_dags/example_branch_operator_decorator.py for tasks to queue
[2025-07-13T10:23:30.827+0000] {logging_mixin.py:120} INFO - [2025-07-13T10:23:30.826+0000] {dagbag.py:537} INFO - Filling up the DagBag from /home/airflow/.local/lib/python3.7/site-packages/airflow/example_dags/example_branch_operator_decorator.py
[2025-07-13T10:23:30.855+0000] {processor.py:766} INFO - DAG(s) dict_keys(['example_branch_python_operator_decorator']) retrieved from /home/airflow/.local/lib/python3.7/site-packages/airflow/example_dags/example_branch_operator_decorator.py
[2025-07-13T10:23:30.902+0000] {logging_mixin.py:120} INFO - [2025-07-13T10:23:30.902+0000] {dag.py:2585} INFO - Sync 1 DAGs
[2025-07-13T10:23:30.931+0000] {logging_mixin.py:120} INFO - [2025-07-13T10:23:30.931+0000] {dag.py:3340} INFO - Setting next_dagrun for example_branch_python_operator_decorator to 2025-07-12T00:00:00+00:00, run_after=2025-07-13T00:00:00+00:00
[2025-07-13T10:23:30.960+0000] {processor.py:176} INFO - Processing /home/airflow/.local/lib/python3.7/site-packages/airflow/example_dags/example_branch_operator_decorator.py took 0.139 seconds
[2025-07-13T10:24:01.267+0000] {processor.py:154} INFO - Started process (PID=4203) to work on /home/airflow/.local/lib/python3.7/site-packages/airflow/example_dags/example_branch_operator_decorator.py
[2025-07-13T10:24:01.268+0000] {processor.py:756} INFO - Processing file /home/airflow/.local/lib/python3.7/site-packages/airflow/example_dags/example_branch_operator_decorator.py for tasks to queue
[2025-07-13T10:24:01.270+0000] {logging_mixin.py:120} INFO - [2025-07-13T10:24:01.269+0000] {dagbag.py:537} INFO - Filling up the DagBag from /home/airflow/.local/lib/python3.7/site-packages/airflow/example_dags/example_branch_operator_decorator.py
[2025-07-13T10:24:01.296+0000] {processor.py:766} INFO - DAG(s) dict_keys(['example_branch_python_operator_decorator']) retrieved from /home/airflow/.local/lib/python3.7/site-packages/airflow/example_dags/example_branch_operator_decorator.py
[2025-07-13T10:24:01.343+0000] {logging_mixin.py:120} INFO - [2025-07-13T10:24:01.343+0000] {dag.py:2585} INFO - Sync 1 DAGs
[2025-07-13T10:24:01.371+0000] {logging_mixin.py:120} INFO - [2025-07-13T10:24:01.371+0000] {dag.py:3340} INFO - Setting next_dagrun for example_branch_python_operator_decorator to 2025-07-12T00:00:00+00:00, run_after=2025-07-13T00:00:00+00:00
[2025-07-13T10:24:01.398+0000] {processor.py:176} INFO - Processing /home/airflow/.local/lib/python3.7/site-packages/airflow/example_dags/example_branch_operator_decorator.py took 0.134 seconds
[2025-07-13T10:24:31.592+0000] {processor.py:154} INFO - Started process (PID=4267) to work on /home/airflow/.local/lib/python3.7/site-packages/airflow/example_dags/example_branch_operator_decorator.py
[2025-07-13T10:24:31.593+0000] {processor.py:756} INFO - Processing file /home/airflow/.local/lib/python3.7/site-packages/airflow/example_dags/example_branch_operator_decorator.py for tasks to queue
[2025-07-13T10:24:31.594+0000] {logging_mixin.py:120} INFO - [2025-07-13T10:24:31.594+0000] {dagbag.py:537} INFO - Filling up the DagBag from /home/airflow/.local/lib/python3.7/site-packages/airflow/example_dags/example_branch_operator_decorator.py
[2025-07-13T10:24:31.622+0000] {processor.py:766} INFO - DAG(s) dict_keys(['example_branch_python_operator_decorator']) retrieved from /home/airflow/.local/lib/python3.7/site-packages/airflow/example_dags/example_branch_operator_decorator.py
[2025-07-13T10:24:31.669+0000] {logging_mixin.py:120} INFO - [2025-07-13T10:24:31.668+0000] {dag.py:2585} INFO - Sync 1 DAGs
[2025-07-13T10:24:31.697+0000] {logging_mixin.py:120} INFO - [2025-07-13T10:24:31.696+0000] {dag.py:3340} INFO - Setting next_dagrun for example_branch_python_operator_decorator to 2025-07-12T00:00:00+00:00, run_after=2025-07-13T00:00:00+00:00
[2025-07-13T10:24:31.725+0000] {processor.py:176} INFO - Processing /home/airflow/.local/lib/python3.7/site-packages/airflow/example_dags/example_branch_operator_decorator.py took 0.136 seconds
[2025-07-13T10:25:01.838+0000] {processor.py:154} INFO - Started process (PID=4321) to work on /home/airflow/.local/lib/python3.7/site-packages/airflow/example_dags/example_branch_operator_decorator.py
[2025-07-13T10:25:01.840+0000] {processor.py:756} INFO - Processing file /home/airflow/.local/lib/python3.7/site-packages/airflow/example_dags/example_branch_operator_decorator.py for tasks to queue
[2025-07-13T10:25:01.841+0000] {logging_mixin.py:120} INFO - [2025-07-13T10:25:01.841+0000] {dagbag.py:537} INFO - Filling up the DagBag from /home/airflow/.local/lib/python3.7/site-packages/airflow/example_dags/example_branch_operator_decorator.py
[2025-07-13T10:25:01.871+0000] {processor.py:766} INFO - DAG(s) dict_keys(['example_branch_python_operator_decorator']) retrieved from /home/airflow/.local/lib/python3.7/site-packages/airflow/example_dags/example_branch_operator_decorator.py
[2025-07-13T10:25:01.932+0000] {logging_mixin.py:120} INFO - [2025-07-13T10:25:01.932+0000] {dag.py:2585} INFO - Sync 1 DAGs
[2025-07-13T10:25:01.962+0000] {logging_mixin.py:120} INFO - [2025-07-13T10:25:01.962+0000] {dag.py:3340} INFO - Setting next_dagrun for example_branch_python_operator_decorator to 2025-07-12T00:00:00+00:00, run_after=2025-07-13T00:00:00+00:00
[2025-07-13T10:25:01.991+0000] {processor.py:176} INFO - Processing /home/airflow/.local/lib/python3.7/site-packages/airflow/example_dags/example_branch_operator_decorator.py took 0.158 seconds
[2025-07-13T10:25:32.133+0000] {processor.py:154} INFO - Started process (PID=4383) to work on /home/airflow/.local/lib/python3.7/site-packages/airflow/example_dags/example_branch_operator_decorator.py
[2025-07-13T10:25:32.134+0000] {processor.py:756} INFO - Processing file /home/airflow/.local/lib/python3.7/site-packages/airflow/example_dags/example_branch_operator_decorator.py for tasks to queue
[2025-07-13T10:25:32.135+0000] {logging_mixin.py:120} INFO - [2025-07-13T10:25:32.135+0000] {dagbag.py:537} INFO - Filling up the DagBag from /home/airflow/.local/lib/python3.7/site-packages/airflow/example_dags/example_branch_operator_decorator.py
[2025-07-13T10:25:32.163+0000] {processor.py:766} INFO - DAG(s) dict_keys(['example_branch_python_operator_decorator']) retrieved from /home/airflow/.local/lib/python3.7/site-packages/airflow/example_dags/example_branch_operator_decorator.py
[2025-07-13T10:25:32.212+0000] {logging_mixin.py:120} INFO - [2025-07-13T10:25:32.212+0000] {dag.py:2585} INFO - Sync 1 DAGs
[2025-07-13T10:25:32.242+0000] {logging_mixin.py:120} INFO - [2025-07-13T10:25:32.241+0000] {dag.py:3340} INFO - Setting next_dagrun for example_branch_python_operator_decorator to 2025-07-12T00:00:00+00:00, run_after=2025-07-13T00:00:00+00:00
[2025-07-13T10:25:32.268+0000] {processor.py:176} INFO - Processing /home/airflow/.local/lib/python3.7/site-packages/airflow/example_dags/example_branch_operator_decorator.py took 0.139 seconds
[2025-07-13T10:26:02.491+0000] {processor.py:154} INFO - Started process (PID=4447) to work on /home/airflow/.local/lib/python3.7/site-packages/airflow/example_dags/example_branch_operator_decorator.py
[2025-07-13T10:26:02.493+0000] {processor.py:756} INFO - Processing file /home/airflow/.local/lib/python3.7/site-packages/airflow/example_dags/example_branch_operator_decorator.py for tasks to queue
[2025-07-13T10:26:02.494+0000] {logging_mixin.py:120} INFO - [2025-07-13T10:26:02.494+0000] {dagbag.py:537} INFO - Filling up the DagBag from /home/airflow/.local/lib/python3.7/site-packages/airflow/example_dags/example_branch_operator_decorator.py
[2025-07-13T10:26:02.529+0000] {processor.py:766} INFO - DAG(s) dict_keys(['example_branch_python_operator_decorator']) retrieved from /home/airflow/.local/lib/python3.7/site-packages/airflow/example_dags/example_branch_operator_decorator.py
[2025-07-13T10:26:02.589+0000] {logging_mixin.py:120} INFO - [2025-07-13T10:26:02.589+0000] {dag.py:2585} INFO - Sync 1 DAGs
[2025-07-13T10:26:02.619+0000] {logging_mixin.py:120} INFO - [2025-07-13T10:26:02.618+0000] {dag.py:3340} INFO - Setting next_dagrun for example_branch_python_operator_decorator to 2025-07-12T00:00:00+00:00, run_after=2025-07-13T00:00:00+00:00
[2025-07-13T10:26:02.647+0000] {processor.py:176} INFO - Processing /home/airflow/.local/lib/python3.7/site-packages/airflow/example_dags/example_branch_operator_decorator.py took 0.160 seconds
[2025-07-13T10:26:32.960+0000] {processor.py:154} INFO - Started process (PID=4499) to work on /home/airflow/.local/lib/python3.7/site-packages/airflow/example_dags/example_branch_operator_decorator.py
[2025-07-13T10:26:32.961+0000] {processor.py:756} INFO - Processing file /home/airflow/.local/lib/python3.7/site-packages/airflow/example_dags/example_branch_operator_decorator.py for tasks to queue
[2025-07-13T10:26:32.962+0000] {logging_mixin.py:120} INFO - [2025-07-13T10:26:32.962+0000] {dagbag.py:537} INFO - Filling up the DagBag from /home/airflow/.local/lib/python3.7/site-packages/airflow/example_dags/example_branch_operator_decorator.py
[2025-07-13T10:26:32.990+0000] {processor.py:766} INFO - DAG(s) dict_keys(['example_branch_python_operator_decorator']) retrieved from /home/airflow/.local/lib/python3.7/site-packages/airflow/example_dags/example_branch_operator_decorator.py
[2025-07-13T10:26:33.041+0000] {logging_mixin.py:120} INFO - [2025-07-13T10:26:33.041+0000] {dag.py:2585} INFO - Sync 1 DAGs
[2025-07-13T10:26:33.069+0000] {logging_mixin.py:120} INFO - [2025-07-13T10:26:33.069+0000] {dag.py:3340} INFO - Setting next_dagrun for example_branch_python_operator_decorator to 2025-07-12T00:00:00+00:00, run_after=2025-07-13T00:00:00+00:00
[2025-07-13T10:26:33.098+0000] {processor.py:176} INFO - Processing /home/airflow/.local/lib/python3.7/site-packages/airflow/example_dags/example_branch_operator_decorator.py took 0.141 seconds
[2025-07-13T10:27:03.441+0000] {processor.py:154} INFO - Started process (PID=4562) to work on /home/airflow/.local/lib/python3.7/site-packages/airflow/example_dags/example_branch_operator_decorator.py
[2025-07-13T10:27:03.443+0000] {processor.py:756} INFO - Processing file /home/airflow/.local/lib/python3.7/site-packages/airflow/example_dags/example_branch_operator_decorator.py for tasks to queue
[2025-07-13T10:27:03.444+0000] {logging_mixin.py:120} INFO - [2025-07-13T10:27:03.444+0000] {dagbag.py:537} INFO - Filling up the DagBag from /home/airflow/.local/lib/python3.7/site-packages/airflow/example_dags/example_branch_operator_decorator.py
[2025-07-13T10:27:03.473+0000] {processor.py:766} INFO - DAG(s) dict_keys(['example_branch_python_operator_decorator']) retrieved from /home/airflow/.local/lib/python3.7/site-packages/airflow/example_dags/example_branch_operator_decorator.py
[2025-07-13T10:27:03.522+0000] {logging_mixin.py:120} INFO - [2025-07-13T10:27:03.522+0000] {dag.py:2585} INFO - Sync 1 DAGs
[2025-07-13T10:27:03.549+0000] {logging_mixin.py:120} INFO - [2025-07-13T10:27:03.549+0000] {dag.py:3340} INFO - Setting next_dagrun for example_branch_python_operator_decorator to 2025-07-12T00:00:00+00:00, run_after=2025-07-13T00:00:00+00:00
[2025-07-13T10:27:03.577+0000] {processor.py:176} INFO - Processing /home/airflow/.local/lib/python3.7/site-packages/airflow/example_dags/example_branch_operator_decorator.py took 0.140 seconds
[2025-07-13T10:27:33.690+0000] {processor.py:154} INFO - Started process (PID=4617) to work on /home/airflow/.local/lib/python3.7/site-packages/airflow/example_dags/example_branch_operator_decorator.py
[2025-07-13T10:27:33.692+0000] {processor.py:756} INFO - Processing file /home/airflow/.local/lib/python3.7/site-packages/airflow/example_dags/example_branch_operator_decorator.py for tasks to queue
[2025-07-13T10:27:33.693+0000] {logging_mixin.py:120} INFO - [2025-07-13T10:27:33.693+0000] {dagbag.py:537} INFO - Filling up the DagBag from /home/airflow/.local/lib/python3.7/site-packages/airflow/example_dags/example_branch_operator_decorator.py
[2025-07-13T10:27:33.728+0000] {processor.py:766} INFO - DAG(s) dict_keys(['example_branch_python_operator_decorator']) retrieved from /home/airflow/.local/lib/python3.7/site-packages/airflow/example_dags/example_branch_operator_decorator.py
[2025-07-13T10:27:33.775+0000] {logging_mixin.py:120} INFO - [2025-07-13T10:27:33.775+0000] {dag.py:2585} INFO - Sync 1 DAGs
[2025-07-13T10:27:33.805+0000] {logging_mixin.py:120} INFO - [2025-07-13T10:27:33.805+0000] {dag.py:3340} INFO - Setting next_dagrun for example_branch_python_operator_decorator to 2025-07-12T00:00:00+00:00, run_after=2025-07-13T00:00:00+00:00
[2025-07-13T10:27:33.829+0000] {processor.py:176} INFO - Processing /home/airflow/.local/lib/python3.7/site-packages/airflow/example_dags/example_branch_operator_decorator.py took 0.144 seconds
[2025-07-13T10:28:04.043+0000] {processor.py:154} INFO - Started process (PID=4680) to work on /home/airflow/.local/lib/python3.7/site-packages/airflow/example_dags/example_branch_operator_decorator.py
[2025-07-13T10:28:04.044+0000] {processor.py:756} INFO - Processing file /home/airflow/.local/lib/python3.7/site-packages/airflow/example_dags/example_branch_operator_decorator.py for tasks to queue
[2025-07-13T10:28:04.045+0000] {logging_mixin.py:120} INFO - [2025-07-13T10:28:04.045+0000] {dagbag.py:537} INFO - Filling up the DagBag from /home/airflow/.local/lib/python3.7/site-packages/airflow/example_dags/example_branch_operator_decorator.py
[2025-07-13T10:28:04.084+0000] {processor.py:766} INFO - DAG(s) dict_keys(['example_branch_python_operator_decorator']) retrieved from /home/airflow/.local/lib/python3.7/site-packages/airflow/example_dags/example_branch_operator_decorator.py
[2025-07-13T10:28:04.148+0000] {logging_mixin.py:120} INFO - [2025-07-13T10:28:04.148+0000] {dag.py:2585} INFO - Sync 1 DAGs
[2025-07-13T10:28:04.193+0000] {logging_mixin.py:120} INFO - [2025-07-13T10:28:04.193+0000] {dag.py:3340} INFO - Setting next_dagrun for example_branch_python_operator_decorator to 2025-07-12T00:00:00+00:00, run_after=2025-07-13T00:00:00+00:00
[2025-07-13T10:28:04.242+0000] {processor.py:176} INFO - Processing /home/airflow/.local/lib/python3.7/site-packages/airflow/example_dags/example_branch_operator_decorator.py took 0.203 seconds
[2025-07-13T10:28:34.336+0000] {processor.py:154} INFO - Started process (PID=4743) to work on /home/airflow/.local/lib/python3.7/site-packages/airflow/example_dags/example_branch_operator_decorator.py
[2025-07-13T10:28:34.337+0000] {processor.py:756} INFO - Processing file /home/airflow/.local/lib/python3.7/site-packages/airflow/example_dags/example_branch_operator_decorator.py for tasks to queue
[2025-07-13T10:28:34.339+0000] {logging_mixin.py:120} INFO - [2025-07-13T10:28:34.339+0000] {dagbag.py:537} INFO - Filling up the DagBag from /home/airflow/.local/lib/python3.7/site-packages/airflow/example_dags/example_branch_operator_decorator.py
[2025-07-13T10:28:34.383+0000] {processor.py:766} INFO - DAG(s) dict_keys(['example_branch_python_operator_decorator']) retrieved from /home/airflow/.local/lib/python3.7/site-packages/airflow/example_dags/example_branch_operator_decorator.py
[2025-07-13T10:28:34.437+0000] {logging_mixin.py:120} INFO - [2025-07-13T10:28:34.437+0000] {dag.py:2585} INFO - Sync 1 DAGs
[2025-07-13T10:28:34.468+0000] {logging_mixin.py:120} INFO - [2025-07-13T10:28:34.468+0000] {dag.py:3340} INFO - Setting next_dagrun for example_branch_python_operator_decorator to 2025-07-12T00:00:00+00:00, run_after=2025-07-13T00:00:00+00:00
[2025-07-13T10:28:34.501+0000] {processor.py:176} INFO - Processing /home/airflow/.local/lib/python3.7/site-packages/airflow/example_dags/example_branch_operator_decorator.py took 0.173 seconds
[2025-07-13T10:29:04.606+0000] {processor.py:154} INFO - Started process (PID=4797) to work on /home/airflow/.local/lib/python3.7/site-packages/airflow/example_dags/example_branch_operator_decorator.py
[2025-07-13T10:29:04.608+0000] {processor.py:756} INFO - Processing file /home/airflow/.local/lib/python3.7/site-packages/airflow/example_dags/example_branch_operator_decorator.py for tasks to queue
[2025-07-13T10:29:04.609+0000] {logging_mixin.py:120} INFO - [2025-07-13T10:29:04.609+0000] {dagbag.py:537} INFO - Filling up the DagBag from /home/airflow/.local/lib/python3.7/site-packages/airflow/example_dags/example_branch_operator_decorator.py
[2025-07-13T10:29:04.635+0000] {processor.py:766} INFO - DAG(s) dict_keys(['example_branch_python_operator_decorator']) retrieved from /home/airflow/.local/lib/python3.7/site-packages/airflow/example_dags/example_branch_operator_decorator.py
[2025-07-13T10:29:04.683+0000] {logging_mixin.py:120} INFO - [2025-07-13T10:29:04.683+0000] {dag.py:2585} INFO - Sync 1 DAGs
[2025-07-13T10:29:04.712+0000] {logging_mixin.py:120} INFO - [2025-07-13T10:29:04.712+0000] {dag.py:3340} INFO - Setting next_dagrun for example_branch_python_operator_decorator to 2025-07-12T00:00:00+00:00, run_after=2025-07-13T00:00:00+00:00
[2025-07-13T10:29:04.740+0000] {processor.py:176} INFO - Processing /home/airflow/.local/lib/python3.7/site-packages/airflow/example_dags/example_branch_operator_decorator.py took 0.138 seconds
[2025-07-13T10:29:35.231+0000] {processor.py:154} INFO - Started process (PID=4860) to work on /home/airflow/.local/lib/python3.7/site-packages/airflow/example_dags/example_branch_operator_decorator.py
[2025-07-13T10:29:35.233+0000] {processor.py:756} INFO - Processing file /home/airflow/.local/lib/python3.7/site-packages/airflow/example_dags/example_branch_operator_decorator.py for tasks to queue
[2025-07-13T10:29:35.235+0000] {logging_mixin.py:120} INFO - [2025-07-13T10:29:35.235+0000] {dagbag.py:537} INFO - Filling up the DagBag from /home/airflow/.local/lib/python3.7/site-packages/airflow/example_dags/example_branch_operator_decorator.py
[2025-07-13T10:29:35.289+0000] {processor.py:766} INFO - DAG(s) dict_keys(['example_branch_python_operator_decorator']) retrieved from /home/airflow/.local/lib/python3.7/site-packages/airflow/example_dags/example_branch_operator_decorator.py
[2025-07-13T10:29:35.379+0000] {logging_mixin.py:120} INFO - [2025-07-13T10:29:35.378+0000] {dag.py:2585} INFO - Sync 1 DAGs
[2025-07-13T10:29:35.431+0000] {logging_mixin.py:120} INFO - [2025-07-13T10:29:35.430+0000] {dag.py:3340} INFO - Setting next_dagrun for example_branch_python_operator_decorator to 2025-07-12T00:00:00+00:00, run_after=2025-07-13T00:00:00+00:00
[2025-07-13T10:29:35.475+0000] {processor.py:176} INFO - Processing /home/airflow/.local/lib/python3.7/site-packages/airflow/example_dags/example_branch_operator_decorator.py took 0.254 seconds
[2025-07-13T10:30:05.629+0000] {processor.py:154} INFO - Started process (PID=4914) to work on /home/airflow/.local/lib/python3.7/site-packages/airflow/example_dags/example_branch_operator_decorator.py
[2025-07-13T10:30:05.631+0000] {processor.py:756} INFO - Processing file /home/airflow/.local/lib/python3.7/site-packages/airflow/example_dags/example_branch_operator_decorator.py for tasks to queue
[2025-07-13T10:30:05.633+0000] {logging_mixin.py:120} INFO - [2025-07-13T10:30:05.632+0000] {dagbag.py:537} INFO - Filling up the DagBag from /home/airflow/.local/lib/python3.7/site-packages/airflow/example_dags/example_branch_operator_decorator.py
[2025-07-13T10:30:05.665+0000] {processor.py:766} INFO - DAG(s) dict_keys(['example_branch_python_operator_decorator']) retrieved from /home/airflow/.local/lib/python3.7/site-packages/airflow/example_dags/example_branch_operator_decorator.py
[2025-07-13T10:30:05.730+0000] {logging_mixin.py:120} INFO - [2025-07-13T10:30:05.729+0000] {dag.py:2585} INFO - Sync 1 DAGs
[2025-07-13T10:30:05.770+0000] {logging_mixin.py:120} INFO - [2025-07-13T10:30:05.770+0000] {dag.py:3340} INFO - Setting next_dagrun for example_branch_python_operator_decorator to 2025-07-12T00:00:00+00:00, run_after=2025-07-13T00:00:00+00:00
[2025-07-13T10:30:05.797+0000] {processor.py:176} INFO - Processing /home/airflow/.local/lib/python3.7/site-packages/airflow/example_dags/example_branch_operator_decorator.py took 0.172 seconds
[2025-07-13T10:30:36.542+0000] {processor.py:154} INFO - Started process (PID=4977) to work on /home/airflow/.local/lib/python3.7/site-packages/airflow/example_dags/example_branch_operator_decorator.py
[2025-07-13T10:30:36.543+0000] {processor.py:756} INFO - Processing file /home/airflow/.local/lib/python3.7/site-packages/airflow/example_dags/example_branch_operator_decorator.py for tasks to queue
[2025-07-13T10:30:36.544+0000] {logging_mixin.py:120} INFO - [2025-07-13T10:30:36.544+0000] {dagbag.py:537} INFO - Filling up the DagBag from /home/airflow/.local/lib/python3.7/site-packages/airflow/example_dags/example_branch_operator_decorator.py
[2025-07-13T10:30:36.579+0000] {processor.py:766} INFO - DAG(s) dict_keys(['example_branch_python_operator_decorator']) retrieved from /home/airflow/.local/lib/python3.7/site-packages/airflow/example_dags/example_branch_operator_decorator.py
[2025-07-13T10:30:36.627+0000] {logging_mixin.py:120} INFO - [2025-07-13T10:30:36.627+0000] {dag.py:2585} INFO - Sync 1 DAGs
[2025-07-13T10:30:36.663+0000] {logging_mixin.py:120} INFO - [2025-07-13T10:30:36.662+0000] {dag.py:3340} INFO - Setting next_dagrun for example_branch_python_operator_decorator to 2025-07-12T00:00:00+00:00, run_after=2025-07-13T00:00:00+00:00
[2025-07-13T10:30:36.692+0000] {processor.py:176} INFO - Processing /home/airflow/.local/lib/python3.7/site-packages/airflow/example_dags/example_branch_operator_decorator.py took 0.155 seconds
[2025-07-13T10:31:07.125+0000] {processor.py:154} INFO - Started process (PID=5031) to work on /home/airflow/.local/lib/python3.7/site-packages/airflow/example_dags/example_branch_operator_decorator.py
[2025-07-13T10:31:07.127+0000] {processor.py:756} INFO - Processing file /home/airflow/.local/lib/python3.7/site-packages/airflow/example_dags/example_branch_operator_decorator.py for tasks to queue
[2025-07-13T10:31:07.127+0000] {logging_mixin.py:120} INFO - [2025-07-13T10:31:07.127+0000] {dagbag.py:537} INFO - Filling up the DagBag from /home/airflow/.local/lib/python3.7/site-packages/airflow/example_dags/example_branch_operator_decorator.py
[2025-07-13T10:31:07.155+0000] {processor.py:766} INFO - DAG(s) dict_keys(['example_branch_python_operator_decorator']) retrieved from /home/airflow/.local/lib/python3.7/site-packages/airflow/example_dags/example_branch_operator_decorator.py
[2025-07-13T10:31:07.202+0000] {logging_mixin.py:120} INFO - [2025-07-13T10:31:07.202+0000] {dag.py:2585} INFO - Sync 1 DAGs
[2025-07-13T10:31:07.255+0000] {logging_mixin.py:120} INFO - [2025-07-13T10:31:07.255+0000] {dag.py:3340} INFO - Setting next_dagrun for example_branch_python_operator_decorator to 2025-07-12T00:00:00+00:00, run_after=2025-07-13T00:00:00+00:00
[2025-07-13T10:31:07.303+0000] {processor.py:176} INFO - Processing /home/airflow/.local/lib/python3.7/site-packages/airflow/example_dags/example_branch_operator_decorator.py took 0.183 seconds
[2025-07-13T10:31:37.359+0000] {processor.py:154} INFO - Started process (PID=5093) to work on /home/airflow/.local/lib/python3.7/site-packages/airflow/example_dags/example_branch_operator_decorator.py
[2025-07-13T10:31:37.360+0000] {processor.py:756} INFO - Processing file /home/airflow/.local/lib/python3.7/site-packages/airflow/example_dags/example_branch_operator_decorator.py for tasks to queue
[2025-07-13T10:31:37.361+0000] {logging_mixin.py:120} INFO - [2025-07-13T10:31:37.361+0000] {dagbag.py:537} INFO - Filling up the DagBag from /home/airflow/.local/lib/python3.7/site-packages/airflow/example_dags/example_branch_operator_decorator.py
[2025-07-13T10:31:37.395+0000] {processor.py:766} INFO - DAG(s) dict_keys(['example_branch_python_operator_decorator']) retrieved from /home/airflow/.local/lib/python3.7/site-packages/airflow/example_dags/example_branch_operator_decorator.py
[2025-07-13T10:31:37.449+0000] {logging_mixin.py:120} INFO - [2025-07-13T10:31:37.449+0000] {dag.py:2585} INFO - Sync 1 DAGs
[2025-07-13T10:31:37.492+0000] {logging_mixin.py:120} INFO - [2025-07-13T10:31:37.492+0000] {dag.py:3340} INFO - Setting next_dagrun for example_branch_python_operator_decorator to 2025-07-12T00:00:00+00:00, run_after=2025-07-13T00:00:00+00:00
[2025-07-13T10:31:37.537+0000] {processor.py:176} INFO - Processing /home/airflow/.local/lib/python3.7/site-packages/airflow/example_dags/example_branch_operator_decorator.py took 0.182 seconds
[2025-07-13T10:32:07.838+0000] {processor.py:154} INFO - Started process (PID=5156) to work on /home/airflow/.local/lib/python3.7/site-packages/airflow/example_dags/example_branch_operator_decorator.py
[2025-07-13T10:32:07.839+0000] {processor.py:756} INFO - Processing file /home/airflow/.local/lib/python3.7/site-packages/airflow/example_dags/example_branch_operator_decorator.py for tasks to queue
[2025-07-13T10:32:07.840+0000] {logging_mixin.py:120} INFO - [2025-07-13T10:32:07.840+0000] {dagbag.py:537} INFO - Filling up the DagBag from /home/airflow/.local/lib/python3.7/site-packages/airflow/example_dags/example_branch_operator_decorator.py
[2025-07-13T10:32:07.872+0000] {processor.py:766} INFO - DAG(s) dict_keys(['example_branch_python_operator_decorator']) retrieved from /home/airflow/.local/lib/python3.7/site-packages/airflow/example_dags/example_branch_operator_decorator.py
[2025-07-13T10:32:07.926+0000] {logging_mixin.py:120} INFO - [2025-07-13T10:32:07.926+0000] {dag.py:2585} INFO - Sync 1 DAGs
[2025-07-13T10:32:07.955+0000] {logging_mixin.py:120} INFO - [2025-07-13T10:32:07.955+0000] {dag.py:3340} INFO - Setting next_dagrun for example_branch_python_operator_decorator to 2025-07-12T00:00:00+00:00, run_after=2025-07-13T00:00:00+00:00
[2025-07-13T10:32:07.978+0000] {processor.py:176} INFO - Processing /home/airflow/.local/lib/python3.7/site-packages/airflow/example_dags/example_branch_operator_decorator.py took 0.147 seconds
[2025-07-13T10:32:38.387+0000] {processor.py:154} INFO - Started process (PID=5210) to work on /home/airflow/.local/lib/python3.7/site-packages/airflow/example_dags/example_branch_operator_decorator.py
[2025-07-13T10:32:38.389+0000] {processor.py:756} INFO - Processing file /home/airflow/.local/lib/python3.7/site-packages/airflow/example_dags/example_branch_operator_decorator.py for tasks to queue
[2025-07-13T10:32:38.393+0000] {logging_mixin.py:120} INFO - [2025-07-13T10:32:38.392+0000] {dagbag.py:537} INFO - Filling up the DagBag from /home/airflow/.local/lib/python3.7/site-packages/airflow/example_dags/example_branch_operator_decorator.py
[2025-07-13T10:32:38.435+0000] {processor.py:766} INFO - DAG(s) dict_keys(['example_branch_python_operator_decorator']) retrieved from /home/airflow/.local/lib/python3.7/site-packages/airflow/example_dags/example_branch_operator_decorator.py
[2025-07-13T10:32:38.495+0000] {logging_mixin.py:120} INFO - [2025-07-13T10:32:38.494+0000] {dag.py:2585} INFO - Sync 1 DAGs
[2025-07-13T10:32:38.534+0000] {logging_mixin.py:120} INFO - [2025-07-13T10:32:38.534+0000] {dag.py:3340} INFO - Setting next_dagrun for example_branch_python_operator_decorator to 2025-07-12T00:00:00+00:00, run_after=2025-07-13T00:00:00+00:00
[2025-07-13T10:32:38.569+0000] {processor.py:176} INFO - Processing /home/airflow/.local/lib/python3.7/site-packages/airflow/example_dags/example_branch_operator_decorator.py took 0.188 seconds
[2025-07-13T10:33:08.649+0000] {processor.py:154} INFO - Started process (PID=5273) to work on /home/airflow/.local/lib/python3.7/site-packages/airflow/example_dags/example_branch_operator_decorator.py
[2025-07-13T10:33:08.651+0000] {processor.py:756} INFO - Processing file /home/airflow/.local/lib/python3.7/site-packages/airflow/example_dags/example_branch_operator_decorator.py for tasks to queue
[2025-07-13T10:33:08.652+0000] {logging_mixin.py:120} INFO - [2025-07-13T10:33:08.652+0000] {dagbag.py:537} INFO - Filling up the DagBag from /home/airflow/.local/lib/python3.7/site-packages/airflow/example_dags/example_branch_operator_decorator.py
[2025-07-13T10:33:08.684+0000] {processor.py:766} INFO - DAG(s) dict_keys(['example_branch_python_operator_decorator']) retrieved from /home/airflow/.local/lib/python3.7/site-packages/airflow/example_dags/example_branch_operator_decorator.py
[2025-07-13T10:33:08.731+0000] {logging_mixin.py:120} INFO - [2025-07-13T10:33:08.731+0000] {dag.py:2585} INFO - Sync 1 DAGs
[2025-07-13T10:33:08.759+0000] {logging_mixin.py:120} INFO - [2025-07-13T10:33:08.759+0000] {dag.py:3340} INFO - Setting next_dagrun for example_branch_python_operator_decorator to 2025-07-12T00:00:00+00:00, run_after=2025-07-13T00:00:00+00:00
[2025-07-13T10:33:08.787+0000] {processor.py:176} INFO - Processing /home/airflow/.local/lib/python3.7/site-packages/airflow/example_dags/example_branch_operator_decorator.py took 0.145 seconds
[2025-07-13T10:33:39.170+0000] {processor.py:154} INFO - Started process (PID=5337) to work on /home/airflow/.local/lib/python3.7/site-packages/airflow/example_dags/example_branch_operator_decorator.py
[2025-07-13T10:33:39.171+0000] {processor.py:756} INFO - Processing file /home/airflow/.local/lib/python3.7/site-packages/airflow/example_dags/example_branch_operator_decorator.py for tasks to queue
[2025-07-13T10:33:39.173+0000] {logging_mixin.py:120} INFO - [2025-07-13T10:33:39.173+0000] {dagbag.py:537} INFO - Filling up the DagBag from /home/airflow/.local/lib/python3.7/site-packages/airflow/example_dags/example_branch_operator_decorator.py
[2025-07-13T10:33:39.217+0000] {processor.py:766} INFO - DAG(s) dict_keys(['example_branch_python_operator_decorator']) retrieved from /home/airflow/.local/lib/python3.7/site-packages/airflow/example_dags/example_branch_operator_decorator.py
[2025-07-13T10:33:39.287+0000] {logging_mixin.py:120} INFO - [2025-07-13T10:33:39.287+0000] {dag.py:2585} INFO - Sync 1 DAGs
[2025-07-13T10:33:39.326+0000] {logging_mixin.py:120} INFO - [2025-07-13T10:33:39.326+0000] {dag.py:3340} INFO - Setting next_dagrun for example_branch_python_operator_decorator to 2025-07-12T00:00:00+00:00, run_after=2025-07-13T00:00:00+00:00
[2025-07-13T10:33:39.355+0000] {processor.py:176} INFO - Processing /home/airflow/.local/lib/python3.7/site-packages/airflow/example_dags/example_branch_operator_decorator.py took 0.190 seconds
[2025-07-13T10:34:09.594+0000] {processor.py:154} INFO - Started process (PID=5391) to work on /home/airflow/.local/lib/python3.7/site-packages/airflow/example_dags/example_branch_operator_decorator.py
[2025-07-13T10:34:09.596+0000] {processor.py:756} INFO - Processing file /home/airflow/.local/lib/python3.7/site-packages/airflow/example_dags/example_branch_operator_decorator.py for tasks to queue
[2025-07-13T10:34:09.597+0000] {logging_mixin.py:120} INFO - [2025-07-13T10:34:09.597+0000] {dagbag.py:537} INFO - Filling up the DagBag from /home/airflow/.local/lib/python3.7/site-packages/airflow/example_dags/example_branch_operator_decorator.py
[2025-07-13T10:34:09.624+0000] {processor.py:766} INFO - DAG(s) dict_keys(['example_branch_python_operator_decorator']) retrieved from /home/airflow/.local/lib/python3.7/site-packages/airflow/example_dags/example_branch_operator_decorator.py
[2025-07-13T10:34:09.677+0000] {logging_mixin.py:120} INFO - [2025-07-13T10:34:09.677+0000] {dag.py:2585} INFO - Sync 1 DAGs
[2025-07-13T10:34:09.712+0000] {logging_mixin.py:120} INFO - [2025-07-13T10:34:09.712+0000] {dag.py:3340} INFO - Setting next_dagrun for example_branch_python_operator_decorator to 2025-07-12T00:00:00+00:00, run_after=2025-07-13T00:00:00+00:00
[2025-07-13T10:34:09.735+0000] {processor.py:176} INFO - Processing /home/airflow/.local/lib/python3.7/site-packages/airflow/example_dags/example_branch_operator_decorator.py took 0.145 seconds
[2025-07-13T10:34:39.870+0000] {processor.py:154} INFO - Started process (PID=5453) to work on /home/airflow/.local/lib/python3.7/site-packages/airflow/example_dags/example_branch_operator_decorator.py
[2025-07-13T10:34:39.872+0000] {processor.py:756} INFO - Processing file /home/airflow/.local/lib/python3.7/site-packages/airflow/example_dags/example_branch_operator_decorator.py for tasks to queue
[2025-07-13T10:34:39.873+0000] {logging_mixin.py:120} INFO - [2025-07-13T10:34:39.873+0000] {dagbag.py:537} INFO - Filling up the DagBag from /home/airflow/.local/lib/python3.7/site-packages/airflow/example_dags/example_branch_operator_decorator.py
[2025-07-13T10:34:39.902+0000] {processor.py:766} INFO - DAG(s) dict_keys(['example_branch_python_operator_decorator']) retrieved from /home/airflow/.local/lib/python3.7/site-packages/airflow/example_dags/example_branch_operator_decorator.py
[2025-07-13T10:34:39.950+0000] {logging_mixin.py:120} INFO - [2025-07-13T10:34:39.950+0000] {dag.py:2585} INFO - Sync 1 DAGs
[2025-07-13T10:34:39.980+0000] {logging_mixin.py:120} INFO - [2025-07-13T10:34:39.980+0000] {dag.py:3340} INFO - Setting next_dagrun for example_branch_python_operator_decorator to 2025-07-12T00:00:00+00:00, run_after=2025-07-13T00:00:00+00:00
[2025-07-13T10:34:40.035+0000] {processor.py:176} INFO - Processing /home/airflow/.local/lib/python3.7/site-packages/airflow/example_dags/example_branch_operator_decorator.py took 0.169 seconds
[2025-07-13T10:35:10.503+0000] {processor.py:154} INFO - Started process (PID=5507) to work on /home/airflow/.local/lib/python3.7/site-packages/airflow/example_dags/example_branch_operator_decorator.py
[2025-07-13T10:35:10.504+0000] {processor.py:756} INFO - Processing file /home/airflow/.local/lib/python3.7/site-packages/airflow/example_dags/example_branch_operator_decorator.py for tasks to queue
[2025-07-13T10:35:10.505+0000] {logging_mixin.py:120} INFO - [2025-07-13T10:35:10.505+0000] {dagbag.py:537} INFO - Filling up the DagBag from /home/airflow/.local/lib/python3.7/site-packages/airflow/example_dags/example_branch_operator_decorator.py
[2025-07-13T10:35:10.553+0000] {processor.py:766} INFO - DAG(s) dict_keys(['example_branch_python_operator_decorator']) retrieved from /home/airflow/.local/lib/python3.7/site-packages/airflow/example_dags/example_branch_operator_decorator.py
[2025-07-13T10:35:10.609+0000] {logging_mixin.py:120} INFO - [2025-07-13T10:35:10.609+0000] {dag.py:2585} INFO - Sync 1 DAGs
[2025-07-13T10:35:10.645+0000] {logging_mixin.py:120} INFO - [2025-07-13T10:35:10.645+0000] {dag.py:3340} INFO - Setting next_dagrun for example_branch_python_operator_decorator to 2025-07-12T00:00:00+00:00, run_after=2025-07-13T00:00:00+00:00
[2025-07-13T10:35:10.678+0000] {processor.py:176} INFO - Processing /home/airflow/.local/lib/python3.7/site-packages/airflow/example_dags/example_branch_operator_decorator.py took 0.180 seconds
[2025-07-13T10:35:41.372+0000] {processor.py:154} INFO - Started process (PID=5569) to work on /home/airflow/.local/lib/python3.7/site-packages/airflow/example_dags/example_branch_operator_decorator.py
[2025-07-13T10:35:41.375+0000] {processor.py:756} INFO - Processing file /home/airflow/.local/lib/python3.7/site-packages/airflow/example_dags/example_branch_operator_decorator.py for tasks to queue
[2025-07-13T10:35:41.377+0000] {logging_mixin.py:120} INFO - [2025-07-13T10:35:41.376+0000] {dagbag.py:537} INFO - Filling up the DagBag from /home/airflow/.local/lib/python3.7/site-packages/airflow/example_dags/example_branch_operator_decorator.py
[2025-07-13T10:35:41.420+0000] {processor.py:766} INFO - DAG(s) dict_keys(['example_branch_python_operator_decorator']) retrieved from /home/airflow/.local/lib/python3.7/site-packages/airflow/example_dags/example_branch_operator_decorator.py
[2025-07-13T10:35:41.487+0000] {logging_mixin.py:120} INFO - [2025-07-13T10:35:41.487+0000] {dag.py:2585} INFO - Sync 1 DAGs
[2025-07-13T10:35:41.526+0000] {logging_mixin.py:120} INFO - [2025-07-13T10:35:41.526+0000] {dag.py:3340} INFO - Setting next_dagrun for example_branch_python_operator_decorator to 2025-07-12T00:00:00+00:00, run_after=2025-07-13T00:00:00+00:00
[2025-07-13T10:35:41.567+0000] {processor.py:176} INFO - Processing /home/airflow/.local/lib/python3.7/site-packages/airflow/example_dags/example_branch_operator_decorator.py took 0.201 seconds
[2025-07-13T10:36:11.755+0000] {processor.py:154} INFO - Started process (PID=5632) to work on /home/airflow/.local/lib/python3.7/site-packages/airflow/example_dags/example_branch_operator_decorator.py
[2025-07-13T10:36:11.756+0000] {processor.py:756} INFO - Processing file /home/airflow/.local/lib/python3.7/site-packages/airflow/example_dags/example_branch_operator_decorator.py for tasks to queue
[2025-07-13T10:36:11.758+0000] {logging_mixin.py:120} INFO - [2025-07-13T10:36:11.758+0000] {dagbag.py:537} INFO - Filling up the DagBag from /home/airflow/.local/lib/python3.7/site-packages/airflow/example_dags/example_branch_operator_decorator.py
[2025-07-13T10:36:11.795+0000] {processor.py:766} INFO - DAG(s) dict_keys(['example_branch_python_operator_decorator']) retrieved from /home/airflow/.local/lib/python3.7/site-packages/airflow/example_dags/example_branch_operator_decorator.py
[2025-07-13T10:36:11.872+0000] {logging_mixin.py:120} INFO - [2025-07-13T10:36:11.872+0000] {dag.py:2585} INFO - Sync 1 DAGs
[2025-07-13T10:36:11.927+0000] {logging_mixin.py:120} INFO - [2025-07-13T10:36:11.927+0000] {dag.py:3340} INFO - Setting next_dagrun for example_branch_python_operator_decorator to 2025-07-12T00:00:00+00:00, run_after=2025-07-13T00:00:00+00:00
[2025-07-13T10:36:11.970+0000] {processor.py:176} INFO - Processing /home/airflow/.local/lib/python3.7/site-packages/airflow/example_dags/example_branch_operator_decorator.py took 0.220 seconds
[2025-07-13T10:36:42.235+0000] {processor.py:154} INFO - Started process (PID=5686) to work on /home/airflow/.local/lib/python3.7/site-packages/airflow/example_dags/example_branch_operator_decorator.py
[2025-07-13T10:36:42.236+0000] {processor.py:756} INFO - Processing file /home/airflow/.local/lib/python3.7/site-packages/airflow/example_dags/example_branch_operator_decorator.py for tasks to queue
[2025-07-13T10:36:42.238+0000] {logging_mixin.py:120} INFO - [2025-07-13T10:36:42.238+0000] {dagbag.py:537} INFO - Filling up the DagBag from /home/airflow/.local/lib/python3.7/site-packages/airflow/example_dags/example_branch_operator_decorator.py
[2025-07-13T10:36:42.269+0000] {processor.py:766} INFO - DAG(s) dict_keys(['example_branch_python_operator_decorator']) retrieved from /home/airflow/.local/lib/python3.7/site-packages/airflow/example_dags/example_branch_operator_decorator.py
[2025-07-13T10:36:42.319+0000] {logging_mixin.py:120} INFO - [2025-07-13T10:36:42.319+0000] {dag.py:2585} INFO - Sync 1 DAGs
[2025-07-13T10:36:42.347+0000] {logging_mixin.py:120} INFO - [2025-07-13T10:36:42.347+0000] {dag.py:3340} INFO - Setting next_dagrun for example_branch_python_operator_decorator to 2025-07-12T00:00:00+00:00, run_after=2025-07-13T00:00:00+00:00
[2025-07-13T10:36:42.370+0000] {processor.py:176} INFO - Processing /home/airflow/.local/lib/python3.7/site-packages/airflow/example_dags/example_branch_operator_decorator.py took 0.138 seconds
[2025-07-13T10:37:12.818+0000] {processor.py:154} INFO - Started process (PID=5750) to work on /home/airflow/.local/lib/python3.7/site-packages/airflow/example_dags/example_branch_operator_decorator.py
[2025-07-13T10:37:12.819+0000] {processor.py:756} INFO - Processing file /home/airflow/.local/lib/python3.7/site-packages/airflow/example_dags/example_branch_operator_decorator.py for tasks to queue
[2025-07-13T10:37:12.821+0000] {logging_mixin.py:120} INFO - [2025-07-13T10:37:12.820+0000] {dagbag.py:537} INFO - Filling up the DagBag from /home/airflow/.local/lib/python3.7/site-packages/airflow/example_dags/example_branch_operator_decorator.py
[2025-07-13T10:37:12.852+0000] {processor.py:766} INFO - DAG(s) dict_keys(['example_branch_python_operator_decorator']) retrieved from /home/airflow/.local/lib/python3.7/site-packages/airflow/example_dags/example_branch_operator_decorator.py
[2025-07-13T10:37:12.918+0000] {logging_mixin.py:120} INFO - [2025-07-13T10:37:12.918+0000] {dag.py:2585} INFO - Sync 1 DAGs
[2025-07-13T10:37:12.952+0000] {logging_mixin.py:120} INFO - [2025-07-13T10:37:12.952+0000] {dag.py:3340} INFO - Setting next_dagrun for example_branch_python_operator_decorator to 2025-07-12T00:00:00+00:00, run_after=2025-07-13T00:00:00+00:00
[2025-07-13T10:37:12.984+0000] {processor.py:176} INFO - Processing /home/airflow/.local/lib/python3.7/site-packages/airflow/example_dags/example_branch_operator_decorator.py took 0.171 seconds
[2025-07-13T10:37:43.811+0000] {processor.py:154} INFO - Started process (PID=5812) to work on /home/airflow/.local/lib/python3.7/site-packages/airflow/example_dags/example_branch_operator_decorator.py
[2025-07-13T10:37:43.813+0000] {processor.py:756} INFO - Processing file /home/airflow/.local/lib/python3.7/site-packages/airflow/example_dags/example_branch_operator_decorator.py for tasks to queue
[2025-07-13T10:37:43.814+0000] {logging_mixin.py:120} INFO - [2025-07-13T10:37:43.814+0000] {dagbag.py:537} INFO - Filling up the DagBag from /home/airflow/.local/lib/python3.7/site-packages/airflow/example_dags/example_branch_operator_decorator.py
[2025-07-13T10:37:43.846+0000] {processor.py:766} INFO - DAG(s) dict_keys(['example_branch_python_operator_decorator']) retrieved from /home/airflow/.local/lib/python3.7/site-packages/airflow/example_dags/example_branch_operator_decorator.py
[2025-07-13T10:37:43.919+0000] {logging_mixin.py:120} INFO - [2025-07-13T10:37:43.919+0000] {dag.py:2585} INFO - Sync 1 DAGs
[2025-07-13T10:37:43.962+0000] {logging_mixin.py:120} INFO - [2025-07-13T10:37:43.962+0000] {dag.py:3340} INFO - Setting next_dagrun for example_branch_python_operator_decorator to 2025-07-12T00:00:00+00:00, run_after=2025-07-13T00:00:00+00:00
[2025-07-13T10:37:43.998+0000] {processor.py:176} INFO - Processing /home/airflow/.local/lib/python3.7/site-packages/airflow/example_dags/example_branch_operator_decorator.py took 0.192 seconds
[2025-07-13T10:38:14.091+0000] {processor.py:154} INFO - Started process (PID=5865) to work on /home/airflow/.local/lib/python3.7/site-packages/airflow/example_dags/example_branch_operator_decorator.py
[2025-07-13T10:38:14.092+0000] {processor.py:756} INFO - Processing file /home/airflow/.local/lib/python3.7/site-packages/airflow/example_dags/example_branch_operator_decorator.py for tasks to queue
[2025-07-13T10:38:14.094+0000] {logging_mixin.py:120} INFO - [2025-07-13T10:38:14.093+0000] {dagbag.py:537} INFO - Filling up the DagBag from /home/airflow/.local/lib/python3.7/site-packages/airflow/example_dags/example_branch_operator_decorator.py
[2025-07-13T10:38:14.123+0000] {processor.py:766} INFO - DAG(s) dict_keys(['example_branch_python_operator_decorator']) retrieved from /home/airflow/.local/lib/python3.7/site-packages/airflow/example_dags/example_branch_operator_decorator.py
[2025-07-13T10:38:14.170+0000] {logging_mixin.py:120} INFO - [2025-07-13T10:38:14.170+0000] {dag.py:2585} INFO - Sync 1 DAGs
[2025-07-13T10:38:14.200+0000] {logging_mixin.py:120} INFO - [2025-07-13T10:38:14.200+0000] {dag.py:3340} INFO - Setting next_dagrun for example_branch_python_operator_decorator to 2025-07-12T00:00:00+00:00, run_after=2025-07-13T00:00:00+00:00
[2025-07-13T10:38:14.228+0000] {processor.py:176} INFO - Processing /home/airflow/.local/lib/python3.7/site-packages/airflow/example_dags/example_branch_operator_decorator.py took 0.143 seconds
[2025-07-13T10:38:44.465+0000] {processor.py:154} INFO - Started process (PID=5928) to work on /home/airflow/.local/lib/python3.7/site-packages/airflow/example_dags/example_branch_operator_decorator.py
[2025-07-13T10:38:44.467+0000] {processor.py:756} INFO - Processing file /home/airflow/.local/lib/python3.7/site-packages/airflow/example_dags/example_branch_operator_decorator.py for tasks to queue
[2025-07-13T10:38:44.468+0000] {logging_mixin.py:120} INFO - [2025-07-13T10:38:44.467+0000] {dagbag.py:537} INFO - Filling up the DagBag from /home/airflow/.local/lib/python3.7/site-packages/airflow/example_dags/example_branch_operator_decorator.py
[2025-07-13T10:38:44.495+0000] {processor.py:766} INFO - DAG(s) dict_keys(['example_branch_python_operator_decorator']) retrieved from /home/airflow/.local/lib/python3.7/site-packages/airflow/example_dags/example_branch_operator_decorator.py
[2025-07-13T10:38:44.542+0000] {logging_mixin.py:120} INFO - [2025-07-13T10:38:44.541+0000] {dag.py:2585} INFO - Sync 1 DAGs
[2025-07-13T10:38:44.571+0000] {logging_mixin.py:120} INFO - [2025-07-13T10:38:44.571+0000] {dag.py:3340} INFO - Setting next_dagrun for example_branch_python_operator_decorator to 2025-07-12T00:00:00+00:00, run_after=2025-07-13T00:00:00+00:00
[2025-07-13T10:38:44.599+0000] {processor.py:176} INFO - Processing /home/airflow/.local/lib/python3.7/site-packages/airflow/example_dags/example_branch_operator_decorator.py took 0.137 seconds
[2025-07-13T10:39:14.757+0000] {processor.py:154} INFO - Started process (PID=5991) to work on /home/airflow/.local/lib/python3.7/site-packages/airflow/example_dags/example_branch_operator_decorator.py
[2025-07-13T10:39:14.758+0000] {processor.py:756} INFO - Processing file /home/airflow/.local/lib/python3.7/site-packages/airflow/example_dags/example_branch_operator_decorator.py for tasks to queue
[2025-07-13T10:39:14.759+0000] {logging_mixin.py:120} INFO - [2025-07-13T10:39:14.759+0000] {dagbag.py:537} INFO - Filling up the DagBag from /home/airflow/.local/lib/python3.7/site-packages/airflow/example_dags/example_branch_operator_decorator.py
[2025-07-13T10:39:14.793+0000] {processor.py:766} INFO - DAG(s) dict_keys(['example_branch_python_operator_decorator']) retrieved from /home/airflow/.local/lib/python3.7/site-packages/airflow/example_dags/example_branch_operator_decorator.py
[2025-07-13T10:39:14.851+0000] {logging_mixin.py:120} INFO - [2025-07-13T10:39:14.851+0000] {dag.py:2585} INFO - Sync 1 DAGs
[2025-07-13T10:39:14.882+0000] {logging_mixin.py:120} INFO - [2025-07-13T10:39:14.882+0000] {dag.py:3340} INFO - Setting next_dagrun for example_branch_python_operator_decorator to 2025-07-12T00:00:00+00:00, run_after=2025-07-13T00:00:00+00:00
[2025-07-13T10:39:14.920+0000] {processor.py:176} INFO - Processing /home/airflow/.local/lib/python3.7/site-packages/airflow/example_dags/example_branch_operator_decorator.py took 0.168 seconds
[2025-07-13T10:39:45.111+0000] {processor.py:154} INFO - Started process (PID=6044) to work on /home/airflow/.local/lib/python3.7/site-packages/airflow/example_dags/example_branch_operator_decorator.py
[2025-07-13T10:39:45.112+0000] {processor.py:756} INFO - Processing file /home/airflow/.local/lib/python3.7/site-packages/airflow/example_dags/example_branch_operator_decorator.py for tasks to queue
[2025-07-13T10:39:45.114+0000] {logging_mixin.py:120} INFO - [2025-07-13T10:39:45.114+0000] {dagbag.py:537} INFO - Filling up the DagBag from /home/airflow/.local/lib/python3.7/site-packages/airflow/example_dags/example_branch_operator_decorator.py
[2025-07-13T10:39:45.146+0000] {processor.py:766} INFO - DAG(s) dict_keys(['example_branch_python_operator_decorator']) retrieved from /home/airflow/.local/lib/python3.7/site-packages/airflow/example_dags/example_branch_operator_decorator.py
[2025-07-13T10:39:45.204+0000] {logging_mixin.py:120} INFO - [2025-07-13T10:39:45.204+0000] {dag.py:2585} INFO - Sync 1 DAGs
[2025-07-13T10:39:45.243+0000] {logging_mixin.py:120} INFO - [2025-07-13T10:39:45.243+0000] {dag.py:3340} INFO - Setting next_dagrun for example_branch_python_operator_decorator to 2025-07-12T00:00:00+00:00, run_after=2025-07-13T00:00:00+00:00
[2025-07-13T10:39:45.268+0000] {processor.py:176} INFO - Processing /home/airflow/.local/lib/python3.7/site-packages/airflow/example_dags/example_branch_operator_decorator.py took 0.163 seconds
[2025-07-13T10:40:15.509+0000] {processor.py:154} INFO - Started process (PID=6107) to work on /home/airflow/.local/lib/python3.7/site-packages/airflow/example_dags/example_branch_operator_decorator.py
[2025-07-13T10:40:15.511+0000] {processor.py:756} INFO - Processing file /home/airflow/.local/lib/python3.7/site-packages/airflow/example_dags/example_branch_operator_decorator.py for tasks to queue
[2025-07-13T10:40:15.512+0000] {logging_mixin.py:120} INFO - [2025-07-13T10:40:15.512+0000] {dagbag.py:537} INFO - Filling up the DagBag from /home/airflow/.local/lib/python3.7/site-packages/airflow/example_dags/example_branch_operator_decorator.py
[2025-07-13T10:40:15.539+0000] {processor.py:766} INFO - DAG(s) dict_keys(['example_branch_python_operator_decorator']) retrieved from /home/airflow/.local/lib/python3.7/site-packages/airflow/example_dags/example_branch_operator_decorator.py
[2025-07-13T10:40:15.585+0000] {logging_mixin.py:120} INFO - [2025-07-13T10:40:15.585+0000] {dag.py:2585} INFO - Sync 1 DAGs
[2025-07-13T10:40:15.614+0000] {logging_mixin.py:120} INFO - [2025-07-13T10:40:15.614+0000] {dag.py:3340} INFO - Setting next_dagrun for example_branch_python_operator_decorator to 2025-07-12T00:00:00+00:00, run_after=2025-07-13T00:00:00+00:00
[2025-07-13T10:40:15.643+0000] {processor.py:176} INFO - Processing /home/airflow/.local/lib/python3.7/site-packages/airflow/example_dags/example_branch_operator_decorator.py took 0.137 seconds
[2025-07-13T10:40:46.168+0000] {processor.py:154} INFO - Started process (PID=6170) to work on /home/airflow/.local/lib/python3.7/site-packages/airflow/example_dags/example_branch_operator_decorator.py
[2025-07-13T10:40:46.169+0000] {processor.py:756} INFO - Processing file /home/airflow/.local/lib/python3.7/site-packages/airflow/example_dags/example_branch_operator_decorator.py for tasks to queue
[2025-07-13T10:40:46.171+0000] {logging_mixin.py:120} INFO - [2025-07-13T10:40:46.170+0000] {dagbag.py:537} INFO - Filling up the DagBag from /home/airflow/.local/lib/python3.7/site-packages/airflow/example_dags/example_branch_operator_decorator.py
[2025-07-13T10:40:46.203+0000] {processor.py:766} INFO - DAG(s) dict_keys(['example_branch_python_operator_decorator']) retrieved from /home/airflow/.local/lib/python3.7/site-packages/airflow/example_dags/example_branch_operator_decorator.py
[2025-07-13T10:40:46.257+0000] {logging_mixin.py:120} INFO - [2025-07-13T10:40:46.256+0000] {dag.py:2585} INFO - Sync 1 DAGs
[2025-07-13T10:40:46.294+0000] {logging_mixin.py:120} INFO - [2025-07-13T10:40:46.293+0000] {dag.py:3340} INFO - Setting next_dagrun for example_branch_python_operator_decorator to 2025-07-12T00:00:00+00:00, run_after=2025-07-13T00:00:00+00:00
[2025-07-13T10:40:46.331+0000] {processor.py:176} INFO - Processing /home/airflow/.local/lib/python3.7/site-packages/airflow/example_dags/example_branch_operator_decorator.py took 0.168 seconds
[2025-07-13T10:41:16.863+0000] {processor.py:154} INFO - Started process (PID=6223) to work on /home/airflow/.local/lib/python3.7/site-packages/airflow/example_dags/example_branch_operator_decorator.py
[2025-07-13T10:41:16.864+0000] {processor.py:756} INFO - Processing file /home/airflow/.local/lib/python3.7/site-packages/airflow/example_dags/example_branch_operator_decorator.py for tasks to queue
[2025-07-13T10:41:16.866+0000] {logging_mixin.py:120} INFO - [2025-07-13T10:41:16.866+0000] {dagbag.py:537} INFO - Filling up the DagBag from /home/airflow/.local/lib/python3.7/site-packages/airflow/example_dags/example_branch_operator_decorator.py
[2025-07-13T10:41:16.895+0000] {processor.py:766} INFO - DAG(s) dict_keys(['example_branch_python_operator_decorator']) retrieved from /home/airflow/.local/lib/python3.7/site-packages/airflow/example_dags/example_branch_operator_decorator.py
[2025-07-13T10:41:16.949+0000] {logging_mixin.py:120} INFO - [2025-07-13T10:41:16.949+0000] {dag.py:2585} INFO - Sync 1 DAGs
[2025-07-13T10:41:16.977+0000] {logging_mixin.py:120} INFO - [2025-07-13T10:41:16.977+0000] {dag.py:3340} INFO - Setting next_dagrun for example_branch_python_operator_decorator to 2025-07-12T00:00:00+00:00, run_after=2025-07-13T00:00:00+00:00
[2025-07-13T10:41:17.000+0000] {processor.py:176} INFO - Processing /home/airflow/.local/lib/python3.7/site-packages/airflow/example_dags/example_branch_operator_decorator.py took 0.141 seconds
[2025-07-13T10:41:47.236+0000] {processor.py:154} INFO - Started process (PID=6286) to work on /home/airflow/.local/lib/python3.7/site-packages/airflow/example_dags/example_branch_operator_decorator.py
[2025-07-13T10:41:47.237+0000] {processor.py:756} INFO - Processing file /home/airflow/.local/lib/python3.7/site-packages/airflow/example_dags/example_branch_operator_decorator.py for tasks to queue
[2025-07-13T10:41:47.238+0000] {logging_mixin.py:120} INFO - [2025-07-13T10:41:47.238+0000] {dagbag.py:537} INFO - Filling up the DagBag from /home/airflow/.local/lib/python3.7/site-packages/airflow/example_dags/example_branch_operator_decorator.py
[2025-07-13T10:41:47.269+0000] {processor.py:766} INFO - DAG(s) dict_keys(['example_branch_python_operator_decorator']) retrieved from /home/airflow/.local/lib/python3.7/site-packages/airflow/example_dags/example_branch_operator_decorator.py
[2025-07-13T10:41:47.342+0000] {logging_mixin.py:120} INFO - [2025-07-13T10:41:47.342+0000] {dag.py:2585} INFO - Sync 1 DAGs
[2025-07-13T10:41:47.381+0000] {logging_mixin.py:120} INFO - [2025-07-13T10:41:47.381+0000] {dag.py:3340} INFO - Setting next_dagrun for example_branch_python_operator_decorator to 2025-07-12T00:00:00+00:00, run_after=2025-07-13T00:00:00+00:00
[2025-07-13T10:41:47.413+0000] {processor.py:176} INFO - Processing /home/airflow/.local/lib/python3.7/site-packages/airflow/example_dags/example_branch_operator_decorator.py took 0.181 seconds
[2025-07-13T10:54:54.951+0000] {processor.py:154} INFO - Started process (PID=6371) to work on /home/airflow/.local/lib/python3.7/site-packages/airflow/example_dags/example_branch_operator_decorator.py
[2025-07-13T10:54:54.958+0000] {processor.py:756} INFO - Processing file /home/airflow/.local/lib/python3.7/site-packages/airflow/example_dags/example_branch_operator_decorator.py for tasks to queue
[2025-07-13T10:54:54.961+0000] {logging_mixin.py:120} INFO - [2025-07-13T10:54:54.960+0000] {dagbag.py:537} INFO - Filling up the DagBag from /home/airflow/.local/lib/python3.7/site-packages/airflow/example_dags/example_branch_operator_decorator.py
[2025-07-13T10:54:55.034+0000] {processor.py:766} INFO - DAG(s) dict_keys(['example_branch_python_operator_decorator']) retrieved from /home/airflow/.local/lib/python3.7/site-packages/airflow/example_dags/example_branch_operator_decorator.py
[2025-07-13T10:54:57.970+0000] {logging_mixin.py:120} INFO - [2025-07-13T10:54:57.970+0000] {dag.py:2585} INFO - Sync 1 DAGs
[2025-07-13T10:54:58.320+0000] {logging_mixin.py:120} INFO - [2025-07-13T10:54:58.320+0000] {dag.py:3340} INFO - Setting next_dagrun for example_branch_python_operator_decorator to 2025-07-12T00:00:00+00:00, run_after=2025-07-13T00:00:00+00:00
[2025-07-13T10:54:58.554+0000] {processor.py:176} INFO - Processing /home/airflow/.local/lib/python3.7/site-packages/airflow/example_dags/example_branch_operator_decorator.py took 3.618 seconds
[2025-07-13T10:55:29.182+0000] {processor.py:154} INFO - Started process (PID=6428) to work on /home/airflow/.local/lib/python3.7/site-packages/airflow/example_dags/example_branch_operator_decorator.py
[2025-07-13T10:55:29.184+0000] {processor.py:756} INFO - Processing file /home/airflow/.local/lib/python3.7/site-packages/airflow/example_dags/example_branch_operator_decorator.py for tasks to queue
[2025-07-13T10:55:29.185+0000] {logging_mixin.py:120} INFO - [2025-07-13T10:55:29.185+0000] {dagbag.py:537} INFO - Filling up the DagBag from /home/airflow/.local/lib/python3.7/site-packages/airflow/example_dags/example_branch_operator_decorator.py
[2025-07-13T10:55:29.244+0000] {processor.py:766} INFO - DAG(s) dict_keys(['example_branch_python_operator_decorator']) retrieved from /home/airflow/.local/lib/python3.7/site-packages/airflow/example_dags/example_branch_operator_decorator.py
[2025-07-13T10:55:29.296+0000] {logging_mixin.py:120} INFO - [2025-07-13T10:55:29.296+0000] {dag.py:2585} INFO - Sync 1 DAGs
[2025-07-13T10:55:29.331+0000] {logging_mixin.py:120} INFO - [2025-07-13T10:55:29.331+0000] {dag.py:3340} INFO - Setting next_dagrun for example_branch_python_operator_decorator to 2025-07-12T00:00:00+00:00, run_after=2025-07-13T00:00:00+00:00
[2025-07-13T10:55:29.364+0000] {processor.py:176} INFO - Processing /home/airflow/.local/lib/python3.7/site-packages/airflow/example_dags/example_branch_operator_decorator.py took 0.188 seconds
[2025-07-13T10:55:59.777+0000] {processor.py:154} INFO - Started process (PID=6481) to work on /home/airflow/.local/lib/python3.7/site-packages/airflow/example_dags/example_branch_operator_decorator.py
[2025-07-13T10:55:59.778+0000] {processor.py:756} INFO - Processing file /home/airflow/.local/lib/python3.7/site-packages/airflow/example_dags/example_branch_operator_decorator.py for tasks to queue
[2025-07-13T10:55:59.779+0000] {logging_mixin.py:120} INFO - [2025-07-13T10:55:59.779+0000] {dagbag.py:537} INFO - Filling up the DagBag from /home/airflow/.local/lib/python3.7/site-packages/airflow/example_dags/example_branch_operator_decorator.py
[2025-07-13T10:55:59.809+0000] {processor.py:766} INFO - DAG(s) dict_keys(['example_branch_python_operator_decorator']) retrieved from /home/airflow/.local/lib/python3.7/site-packages/airflow/example_dags/example_branch_operator_decorator.py
[2025-07-13T10:55:59.865+0000] {logging_mixin.py:120} INFO - [2025-07-13T10:55:59.865+0000] {dag.py:2585} INFO - Sync 1 DAGs
[2025-07-13T10:55:59.893+0000] {logging_mixin.py:120} INFO - [2025-07-13T10:55:59.893+0000] {dag.py:3340} INFO - Setting next_dagrun for example_branch_python_operator_decorator to 2025-07-12T00:00:00+00:00, run_after=2025-07-13T00:00:00+00:00
[2025-07-13T10:55:59.927+0000] {processor.py:176} INFO - Processing /home/airflow/.local/lib/python3.7/site-packages/airflow/example_dags/example_branch_operator_decorator.py took 0.155 seconds
[2025-07-13T10:56:30.300+0000] {processor.py:154} INFO - Started process (PID=6544) to work on /home/airflow/.local/lib/python3.7/site-packages/airflow/example_dags/example_branch_operator_decorator.py
[2025-07-13T10:56:30.302+0000] {processor.py:756} INFO - Processing file /home/airflow/.local/lib/python3.7/site-packages/airflow/example_dags/example_branch_operator_decorator.py for tasks to queue
[2025-07-13T10:56:30.303+0000] {logging_mixin.py:120} INFO - [2025-07-13T10:56:30.303+0000] {dagbag.py:537} INFO - Filling up the DagBag from /home/airflow/.local/lib/python3.7/site-packages/airflow/example_dags/example_branch_operator_decorator.py
[2025-07-13T10:56:30.341+0000] {processor.py:766} INFO - DAG(s) dict_keys(['example_branch_python_operator_decorator']) retrieved from /home/airflow/.local/lib/python3.7/site-packages/airflow/example_dags/example_branch_operator_decorator.py
[2025-07-13T10:56:30.393+0000] {logging_mixin.py:120} INFO - [2025-07-13T10:56:30.393+0000] {dag.py:2585} INFO - Sync 1 DAGs
[2025-07-13T10:56:30.431+0000] {logging_mixin.py:120} INFO - [2025-07-13T10:56:30.431+0000] {dag.py:3340} INFO - Setting next_dagrun for example_branch_python_operator_decorator to 2025-07-12T00:00:00+00:00, run_after=2025-07-13T00:00:00+00:00
[2025-07-13T10:56:30.464+0000] {processor.py:176} INFO - Processing /home/airflow/.local/lib/python3.7/site-packages/airflow/example_dags/example_branch_operator_decorator.py took 0.170 seconds
[2025-07-13T10:57:00.734+0000] {processor.py:154} INFO - Started process (PID=6597) to work on /home/airflow/.local/lib/python3.7/site-packages/airflow/example_dags/example_branch_operator_decorator.py
[2025-07-13T10:57:00.736+0000] {processor.py:756} INFO - Processing file /home/airflow/.local/lib/python3.7/site-packages/airflow/example_dags/example_branch_operator_decorator.py for tasks to queue
[2025-07-13T10:57:00.738+0000] {logging_mixin.py:120} INFO - [2025-07-13T10:57:00.738+0000] {dagbag.py:537} INFO - Filling up the DagBag from /home/airflow/.local/lib/python3.7/site-packages/airflow/example_dags/example_branch_operator_decorator.py
[2025-07-13T10:57:00.778+0000] {processor.py:766} INFO - DAG(s) dict_keys(['example_branch_python_operator_decorator']) retrieved from /home/airflow/.local/lib/python3.7/site-packages/airflow/example_dags/example_branch_operator_decorator.py
[2025-07-13T10:57:00.866+0000] {logging_mixin.py:120} INFO - [2025-07-13T10:57:00.866+0000] {dag.py:2585} INFO - Sync 1 DAGs
[2025-07-13T10:57:00.904+0000] {logging_mixin.py:120} INFO - [2025-07-13T10:57:00.904+0000] {dag.py:3340} INFO - Setting next_dagrun for example_branch_python_operator_decorator to 2025-07-12T00:00:00+00:00, run_after=2025-07-13T00:00:00+00:00
[2025-07-13T10:57:00.929+0000] {processor.py:176} INFO - Processing /home/airflow/.local/lib/python3.7/site-packages/airflow/example_dags/example_branch_operator_decorator.py took 0.201 seconds
[2025-07-13T10:57:31.196+0000] {processor.py:154} INFO - Started process (PID=6660) to work on /home/airflow/.local/lib/python3.7/site-packages/airflow/example_dags/example_branch_operator_decorator.py
[2025-07-13T10:57:31.197+0000] {processor.py:756} INFO - Processing file /home/airflow/.local/lib/python3.7/site-packages/airflow/example_dags/example_branch_operator_decorator.py for tasks to queue
[2025-07-13T10:57:31.198+0000] {logging_mixin.py:120} INFO - [2025-07-13T10:57:31.198+0000] {dagbag.py:537} INFO - Filling up the DagBag from /home/airflow/.local/lib/python3.7/site-packages/airflow/example_dags/example_branch_operator_decorator.py
[2025-07-13T10:57:31.243+0000] {processor.py:766} INFO - DAG(s) dict_keys(['example_branch_python_operator_decorator']) retrieved from /home/airflow/.local/lib/python3.7/site-packages/airflow/example_dags/example_branch_operator_decorator.py
[2025-07-13T10:57:31.305+0000] {logging_mixin.py:120} INFO - [2025-07-13T10:57:31.305+0000] {dag.py:2585} INFO - Sync 1 DAGs
[2025-07-13T10:57:31.359+0000] {logging_mixin.py:120} INFO - [2025-07-13T10:57:31.359+0000] {dag.py:3340} INFO - Setting next_dagrun for example_branch_python_operator_decorator to 2025-07-12T00:00:00+00:00, run_after=2025-07-13T00:00:00+00:00
[2025-07-13T10:57:31.393+0000] {processor.py:176} INFO - Processing /home/airflow/.local/lib/python3.7/site-packages/airflow/example_dags/example_branch_operator_decorator.py took 0.201 seconds
[2025-07-13T10:58:02.033+0000] {processor.py:154} INFO - Started process (PID=6724) to work on /home/airflow/.local/lib/python3.7/site-packages/airflow/example_dags/example_branch_operator_decorator.py
[2025-07-13T10:58:02.042+0000] {processor.py:756} INFO - Processing file /home/airflow/.local/lib/python3.7/site-packages/airflow/example_dags/example_branch_operator_decorator.py for tasks to queue
[2025-07-13T10:58:02.046+0000] {logging_mixin.py:120} INFO - [2025-07-13T10:58:02.045+0000] {dagbag.py:537} INFO - Filling up the DagBag from /home/airflow/.local/lib/python3.7/site-packages/airflow/example_dags/example_branch_operator_decorator.py
[2025-07-13T10:58:02.131+0000] {processor.py:766} INFO - DAG(s) dict_keys(['example_branch_python_operator_decorator']) retrieved from /home/airflow/.local/lib/python3.7/site-packages/airflow/example_dags/example_branch_operator_decorator.py
[2025-07-13T10:58:02.274+0000] {logging_mixin.py:120} INFO - [2025-07-13T10:58:02.273+0000] {dag.py:2585} INFO - Sync 1 DAGs
[2025-07-13T10:58:02.377+0000] {logging_mixin.py:120} INFO - [2025-07-13T10:58:02.377+0000] {dag.py:3340} INFO - Setting next_dagrun for example_branch_python_operator_decorator to 2025-07-12T00:00:00+00:00, run_after=2025-07-13T00:00:00+00:00
[2025-07-13T10:58:02.458+0000] {processor.py:176} INFO - Processing /home/airflow/.local/lib/python3.7/site-packages/airflow/example_dags/example_branch_operator_decorator.py took 0.431 seconds
[2025-07-13T10:58:33.409+0000] {processor.py:154} INFO - Started process (PID=6778) to work on /home/airflow/.local/lib/python3.7/site-packages/airflow/example_dags/example_branch_operator_decorator.py
[2025-07-13T10:58:33.410+0000] {processor.py:756} INFO - Processing file /home/airflow/.local/lib/python3.7/site-packages/airflow/example_dags/example_branch_operator_decorator.py for tasks to queue
[2025-07-13T10:58:33.412+0000] {logging_mixin.py:120} INFO - [2025-07-13T10:58:33.411+0000] {dagbag.py:537} INFO - Filling up the DagBag from /home/airflow/.local/lib/python3.7/site-packages/airflow/example_dags/example_branch_operator_decorator.py
[2025-07-13T10:58:33.446+0000] {processor.py:766} INFO - DAG(s) dict_keys(['example_branch_python_operator_decorator']) retrieved from /home/airflow/.local/lib/python3.7/site-packages/airflow/example_dags/example_branch_operator_decorator.py
[2025-07-13T10:58:33.505+0000] {logging_mixin.py:120} INFO - [2025-07-13T10:58:33.505+0000] {dag.py:2585} INFO - Sync 1 DAGs
[2025-07-13T10:58:33.534+0000] {logging_mixin.py:120} INFO - [2025-07-13T10:58:33.534+0000] {dag.py:3340} INFO - Setting next_dagrun for example_branch_python_operator_decorator to 2025-07-12T00:00:00+00:00, run_after=2025-07-13T00:00:00+00:00
[2025-07-13T10:58:33.564+0000] {processor.py:176} INFO - Processing /home/airflow/.local/lib/python3.7/site-packages/airflow/example_dags/example_branch_operator_decorator.py took 0.159 seconds
[2025-07-13T10:59:03.770+0000] {processor.py:154} INFO - Started process (PID=6840) to work on /home/airflow/.local/lib/python3.7/site-packages/airflow/example_dags/example_branch_operator_decorator.py
[2025-07-13T10:59:03.772+0000] {processor.py:756} INFO - Processing file /home/airflow/.local/lib/python3.7/site-packages/airflow/example_dags/example_branch_operator_decorator.py for tasks to queue
[2025-07-13T10:59:03.773+0000] {logging_mixin.py:120} INFO - [2025-07-13T10:59:03.773+0000] {dagbag.py:537} INFO - Filling up the DagBag from /home/airflow/.local/lib/python3.7/site-packages/airflow/example_dags/example_branch_operator_decorator.py
[2025-07-13T10:59:03.816+0000] {processor.py:766} INFO - DAG(s) dict_keys(['example_branch_python_operator_decorator']) retrieved from /home/airflow/.local/lib/python3.7/site-packages/airflow/example_dags/example_branch_operator_decorator.py
[2025-07-13T10:59:03.884+0000] {logging_mixin.py:120} INFO - [2025-07-13T10:59:03.884+0000] {dag.py:2585} INFO - Sync 1 DAGs
[2025-07-13T10:59:03.925+0000] {logging_mixin.py:120} INFO - [2025-07-13T10:59:03.925+0000] {dag.py:3340} INFO - Setting next_dagrun for example_branch_python_operator_decorator to 2025-07-12T00:00:00+00:00, run_after=2025-07-13T00:00:00+00:00
[2025-07-13T10:59:03.964+0000] {processor.py:176} INFO - Processing /home/airflow/.local/lib/python3.7/site-packages/airflow/example_dags/example_branch_operator_decorator.py took 0.198 seconds
[2025-07-13T10:59:34.419+0000] {processor.py:154} INFO - Started process (PID=6903) to work on /home/airflow/.local/lib/python3.7/site-packages/airflow/example_dags/example_branch_operator_decorator.py
[2025-07-13T10:59:34.421+0000] {processor.py:756} INFO - Processing file /home/airflow/.local/lib/python3.7/site-packages/airflow/example_dags/example_branch_operator_decorator.py for tasks to queue
[2025-07-13T10:59:34.422+0000] {logging_mixin.py:120} INFO - [2025-07-13T10:59:34.422+0000] {dagbag.py:537} INFO - Filling up the DagBag from /home/airflow/.local/lib/python3.7/site-packages/airflow/example_dags/example_branch_operator_decorator.py
[2025-07-13T10:59:34.466+0000] {processor.py:766} INFO - DAG(s) dict_keys(['example_branch_python_operator_decorator']) retrieved from /home/airflow/.local/lib/python3.7/site-packages/airflow/example_dags/example_branch_operator_decorator.py
[2025-07-13T10:59:34.629+0000] {logging_mixin.py:120} INFO - [2025-07-13T10:59:34.628+0000] {dag.py:2585} INFO - Sync 1 DAGs
[2025-07-13T10:59:34.687+0000] {logging_mixin.py:120} INFO - [2025-07-13T10:59:34.686+0000] {dag.py:3340} INFO - Setting next_dagrun for example_branch_python_operator_decorator to 2025-07-12T00:00:00+00:00, run_after=2025-07-13T00:00:00+00:00
[2025-07-13T10:59:34.719+0000] {processor.py:176} INFO - Processing /home/airflow/.local/lib/python3.7/site-packages/airflow/example_dags/example_branch_operator_decorator.py took 0.303 seconds
[2025-07-13T11:00:04.940+0000] {processor.py:154} INFO - Started process (PID=6957) to work on /home/airflow/.local/lib/python3.7/site-packages/airflow/example_dags/example_branch_operator_decorator.py
[2025-07-13T11:00:04.942+0000] {processor.py:756} INFO - Processing file /home/airflow/.local/lib/python3.7/site-packages/airflow/example_dags/example_branch_operator_decorator.py for tasks to queue
[2025-07-13T11:00:04.943+0000] {logging_mixin.py:120} INFO - [2025-07-13T11:00:04.943+0000] {dagbag.py:537} INFO - Filling up the DagBag from /home/airflow/.local/lib/python3.7/site-packages/airflow/example_dags/example_branch_operator_decorator.py
[2025-07-13T11:00:05.015+0000] {processor.py:766} INFO - DAG(s) dict_keys(['example_branch_python_operator_decorator']) retrieved from /home/airflow/.local/lib/python3.7/site-packages/airflow/example_dags/example_branch_operator_decorator.py
[2025-07-13T11:00:05.094+0000] {logging_mixin.py:120} INFO - [2025-07-13T11:00:05.093+0000] {dag.py:2585} INFO - Sync 1 DAGs
[2025-07-13T11:00:05.130+0000] {logging_mixin.py:120} INFO - [2025-07-13T11:00:05.129+0000] {dag.py:3340} INFO - Setting next_dagrun for example_branch_python_operator_decorator to 2025-07-12T00:00:00+00:00, run_after=2025-07-13T00:00:00+00:00
[2025-07-13T11:00:05.160+0000] {processor.py:176} INFO - Processing /home/airflow/.local/lib/python3.7/site-packages/airflow/example_dags/example_branch_operator_decorator.py took 0.228 seconds
[2025-07-13T11:00:35.388+0000] {processor.py:154} INFO - Started process (PID=7019) to work on /home/airflow/.local/lib/python3.7/site-packages/airflow/example_dags/example_branch_operator_decorator.py
[2025-07-13T11:00:35.390+0000] {processor.py:756} INFO - Processing file /home/airflow/.local/lib/python3.7/site-packages/airflow/example_dags/example_branch_operator_decorator.py for tasks to queue
[2025-07-13T11:00:35.391+0000] {logging_mixin.py:120} INFO - [2025-07-13T11:00:35.391+0000] {dagbag.py:537} INFO - Filling up the DagBag from /home/airflow/.local/lib/python3.7/site-packages/airflow/example_dags/example_branch_operator_decorator.py
[2025-07-13T11:00:35.431+0000] {processor.py:766} INFO - DAG(s) dict_keys(['example_branch_python_operator_decorator']) retrieved from /home/airflow/.local/lib/python3.7/site-packages/airflow/example_dags/example_branch_operator_decorator.py
[2025-07-13T11:00:35.493+0000] {logging_mixin.py:120} INFO - [2025-07-13T11:00:35.493+0000] {dag.py:2585} INFO - Sync 1 DAGs
[2025-07-13T11:00:35.524+0000] {logging_mixin.py:120} INFO - [2025-07-13T11:00:35.524+0000] {dag.py:3340} INFO - Setting next_dagrun for example_branch_python_operator_decorator to 2025-07-12T00:00:00+00:00, run_after=2025-07-13T00:00:00+00:00
[2025-07-13T11:00:35.557+0000] {processor.py:176} INFO - Processing /home/airflow/.local/lib/python3.7/site-packages/airflow/example_dags/example_branch_operator_decorator.py took 0.174 seconds
[2025-07-13T11:01:06.060+0000] {processor.py:154} INFO - Started process (PID=7082) to work on /home/airflow/.local/lib/python3.7/site-packages/airflow/example_dags/example_branch_operator_decorator.py
[2025-07-13T11:01:06.064+0000] {processor.py:756} INFO - Processing file /home/airflow/.local/lib/python3.7/site-packages/airflow/example_dags/example_branch_operator_decorator.py for tasks to queue
[2025-07-13T11:01:06.074+0000] {logging_mixin.py:120} INFO - [2025-07-13T11:01:06.073+0000] {dagbag.py:537} INFO - Filling up the DagBag from /home/airflow/.local/lib/python3.7/site-packages/airflow/example_dags/example_branch_operator_decorator.py
[2025-07-13T11:01:06.129+0000] {processor.py:766} INFO - DAG(s) dict_keys(['example_branch_python_operator_decorator']) retrieved from /home/airflow/.local/lib/python3.7/site-packages/airflow/example_dags/example_branch_operator_decorator.py
[2025-07-13T11:01:06.198+0000] {logging_mixin.py:120} INFO - [2025-07-13T11:01:06.198+0000] {dag.py:2585} INFO - Sync 1 DAGs
[2025-07-13T11:01:06.231+0000] {logging_mixin.py:120} INFO - [2025-07-13T11:01:06.231+0000] {dag.py:3340} INFO - Setting next_dagrun for example_branch_python_operator_decorator to 2025-07-12T00:00:00+00:00, run_after=2025-07-13T00:00:00+00:00
[2025-07-13T11:01:06.262+0000] {processor.py:176} INFO - Processing /home/airflow/.local/lib/python3.7/site-packages/airflow/example_dags/example_branch_operator_decorator.py took 0.207 seconds
[2025-07-13T11:01:36.353+0000] {processor.py:154} INFO - Started process (PID=7136) to work on /home/airflow/.local/lib/python3.7/site-packages/airflow/example_dags/example_branch_operator_decorator.py
[2025-07-13T11:01:36.355+0000] {processor.py:756} INFO - Processing file /home/airflow/.local/lib/python3.7/site-packages/airflow/example_dags/example_branch_operator_decorator.py for tasks to queue
[2025-07-13T11:01:36.356+0000] {logging_mixin.py:120} INFO - [2025-07-13T11:01:36.356+0000] {dagbag.py:537} INFO - Filling up the DagBag from /home/airflow/.local/lib/python3.7/site-packages/airflow/example_dags/example_branch_operator_decorator.py
[2025-07-13T11:01:36.384+0000] {processor.py:766} INFO - DAG(s) dict_keys(['example_branch_python_operator_decorator']) retrieved from /home/airflow/.local/lib/python3.7/site-packages/airflow/example_dags/example_branch_operator_decorator.py
[2025-07-13T11:01:36.431+0000] {logging_mixin.py:120} INFO - [2025-07-13T11:01:36.431+0000] {dag.py:2585} INFO - Sync 1 DAGs
[2025-07-13T11:01:36.460+0000] {logging_mixin.py:120} INFO - [2025-07-13T11:01:36.460+0000] {dag.py:3340} INFO - Setting next_dagrun for example_branch_python_operator_decorator to 2025-07-12T00:00:00+00:00, run_after=2025-07-13T00:00:00+00:00
[2025-07-13T11:01:36.484+0000] {processor.py:176} INFO - Processing /home/airflow/.local/lib/python3.7/site-packages/airflow/example_dags/example_branch_operator_decorator.py took 0.135 seconds
[2025-07-13T11:02:06.808+0000] {processor.py:154} INFO - Started process (PID=7199) to work on /home/airflow/.local/lib/python3.7/site-packages/airflow/example_dags/example_branch_operator_decorator.py
[2025-07-13T11:02:06.810+0000] {processor.py:756} INFO - Processing file /home/airflow/.local/lib/python3.7/site-packages/airflow/example_dags/example_branch_operator_decorator.py for tasks to queue
[2025-07-13T11:02:06.811+0000] {logging_mixin.py:120} INFO - [2025-07-13T11:02:06.811+0000] {dagbag.py:537} INFO - Filling up the DagBag from /home/airflow/.local/lib/python3.7/site-packages/airflow/example_dags/example_branch_operator_decorator.py
[2025-07-13T11:02:06.839+0000] {processor.py:766} INFO - DAG(s) dict_keys(['example_branch_python_operator_decorator']) retrieved from /home/airflow/.local/lib/python3.7/site-packages/airflow/example_dags/example_branch_operator_decorator.py
[2025-07-13T11:02:06.895+0000] {logging_mixin.py:120} INFO - [2025-07-13T11:02:06.895+0000] {dag.py:2585} INFO - Sync 1 DAGs
[2025-07-13T11:02:06.924+0000] {logging_mixin.py:120} INFO - [2025-07-13T11:02:06.924+0000] {dag.py:3340} INFO - Setting next_dagrun for example_branch_python_operator_decorator to 2025-07-12T00:00:00+00:00, run_after=2025-07-13T00:00:00+00:00
[2025-07-13T11:02:06.961+0000] {processor.py:176} INFO - Processing /home/airflow/.local/lib/python3.7/site-packages/airflow/example_dags/example_branch_operator_decorator.py took 0.157 seconds
[2025-07-13T11:02:37.164+0000] {processor.py:154} INFO - Started process (PID=7262) to work on /home/airflow/.local/lib/python3.7/site-packages/airflow/example_dags/example_branch_operator_decorator.py
[2025-07-13T11:02:37.165+0000] {processor.py:756} INFO - Processing file /home/airflow/.local/lib/python3.7/site-packages/airflow/example_dags/example_branch_operator_decorator.py for tasks to queue
[2025-07-13T11:02:37.167+0000] {logging_mixin.py:120} INFO - [2025-07-13T11:02:37.167+0000] {dagbag.py:537} INFO - Filling up the DagBag from /home/airflow/.local/lib/python3.7/site-packages/airflow/example_dags/example_branch_operator_decorator.py
[2025-07-13T11:02:37.204+0000] {processor.py:766} INFO - DAG(s) dict_keys(['example_branch_python_operator_decorator']) retrieved from /home/airflow/.local/lib/python3.7/site-packages/airflow/example_dags/example_branch_operator_decorator.py
[2025-07-13T11:02:37.313+0000] {logging_mixin.py:120} INFO - [2025-07-13T11:02:37.312+0000] {dag.py:2585} INFO - Sync 1 DAGs
[2025-07-13T11:02:37.367+0000] {logging_mixin.py:120} INFO - [2025-07-13T11:02:37.367+0000] {dag.py:3340} INFO - Setting next_dagrun for example_branch_python_operator_decorator to 2025-07-12T00:00:00+00:00, run_after=2025-07-13T00:00:00+00:00
[2025-07-13T11:02:37.414+0000] {processor.py:176} INFO - Processing /home/airflow/.local/lib/python3.7/site-packages/airflow/example_dags/example_branch_operator_decorator.py took 0.255 seconds
[2025-07-13T11:03:07.528+0000] {processor.py:154} INFO - Started process (PID=7316) to work on /home/airflow/.local/lib/python3.7/site-packages/airflow/example_dags/example_branch_operator_decorator.py
[2025-07-13T11:03:07.530+0000] {processor.py:756} INFO - Processing file /home/airflow/.local/lib/python3.7/site-packages/airflow/example_dags/example_branch_operator_decorator.py for tasks to queue
[2025-07-13T11:03:07.531+0000] {logging_mixin.py:120} INFO - [2025-07-13T11:03:07.531+0000] {dagbag.py:537} INFO - Filling up the DagBag from /home/airflow/.local/lib/python3.7/site-packages/airflow/example_dags/example_branch_operator_decorator.py
[2025-07-13T11:03:07.565+0000] {processor.py:766} INFO - DAG(s) dict_keys(['example_branch_python_operator_decorator']) retrieved from /home/airflow/.local/lib/python3.7/site-packages/airflow/example_dags/example_branch_operator_decorator.py
[2025-07-13T11:03:07.620+0000] {logging_mixin.py:120} INFO - [2025-07-13T11:03:07.620+0000] {dag.py:2585} INFO - Sync 1 DAGs
[2025-07-13T11:03:07.666+0000] {logging_mixin.py:120} INFO - [2025-07-13T11:03:07.666+0000] {dag.py:3340} INFO - Setting next_dagrun for example_branch_python_operator_decorator to 2025-07-12T00:00:00+00:00, run_after=2025-07-13T00:00:00+00:00
[2025-07-13T11:03:07.697+0000] {processor.py:176} INFO - Processing /home/airflow/.local/lib/python3.7/site-packages/airflow/example_dags/example_branch_operator_decorator.py took 0.174 seconds
[2025-07-13T11:03:37.908+0000] {processor.py:154} INFO - Started process (PID=7379) to work on /home/airflow/.local/lib/python3.7/site-packages/airflow/example_dags/example_branch_operator_decorator.py
[2025-07-13T11:03:37.910+0000] {processor.py:756} INFO - Processing file /home/airflow/.local/lib/python3.7/site-packages/airflow/example_dags/example_branch_operator_decorator.py for tasks to queue
[2025-07-13T11:03:37.912+0000] {logging_mixin.py:120} INFO - [2025-07-13T11:03:37.912+0000] {dagbag.py:537} INFO - Filling up the DagBag from /home/airflow/.local/lib/python3.7/site-packages/airflow/example_dags/example_branch_operator_decorator.py
[2025-07-13T11:03:37.949+0000] {processor.py:766} INFO - DAG(s) dict_keys(['example_branch_python_operator_decorator']) retrieved from /home/airflow/.local/lib/python3.7/site-packages/airflow/example_dags/example_branch_operator_decorator.py
[2025-07-13T11:03:38.020+0000] {logging_mixin.py:120} INFO - [2025-07-13T11:03:38.020+0000] {dag.py:2585} INFO - Sync 1 DAGs
[2025-07-13T11:03:38.058+0000] {logging_mixin.py:120} INFO - [2025-07-13T11:03:38.058+0000] {dag.py:3340} INFO - Setting next_dagrun for example_branch_python_operator_decorator to 2025-07-12T00:00:00+00:00, run_after=2025-07-13T00:00:00+00:00
[2025-07-13T11:03:38.110+0000] {processor.py:176} INFO - Processing /home/airflow/.local/lib/python3.7/site-packages/airflow/example_dags/example_branch_operator_decorator.py took 0.208 seconds
[2025-07-13T11:04:08.413+0000] {processor.py:154} INFO - Started process (PID=7440) to work on /home/airflow/.local/lib/python3.7/site-packages/airflow/example_dags/example_branch_operator_decorator.py
[2025-07-13T11:04:08.415+0000] {processor.py:756} INFO - Processing file /home/airflow/.local/lib/python3.7/site-packages/airflow/example_dags/example_branch_operator_decorator.py for tasks to queue
[2025-07-13T11:04:08.416+0000] {logging_mixin.py:120} INFO - [2025-07-13T11:04:08.416+0000] {dagbag.py:537} INFO - Filling up the DagBag from /home/airflow/.local/lib/python3.7/site-packages/airflow/example_dags/example_branch_operator_decorator.py
[2025-07-13T11:04:08.460+0000] {processor.py:766} INFO - DAG(s) dict_keys(['example_branch_python_operator_decorator']) retrieved from /home/airflow/.local/lib/python3.7/site-packages/airflow/example_dags/example_branch_operator_decorator.py
[2025-07-13T11:04:08.523+0000] {logging_mixin.py:120} INFO - [2025-07-13T11:04:08.523+0000] {dag.py:2585} INFO - Sync 1 DAGs
[2025-07-13T11:04:08.595+0000] {logging_mixin.py:120} INFO - [2025-07-13T11:04:08.594+0000] {dag.py:3340} INFO - Setting next_dagrun for example_branch_python_operator_decorator to 2025-07-12T00:00:00+00:00, run_after=2025-07-13T00:00:00+00:00
[2025-07-13T11:04:08.660+0000] {processor.py:176} INFO - Processing /home/airflow/.local/lib/python3.7/site-packages/airflow/example_dags/example_branch_operator_decorator.py took 0.251 seconds
[2025-07-13T11:04:38.936+0000] {processor.py:154} INFO - Started process (PID=7496) to work on /home/airflow/.local/lib/python3.7/site-packages/airflow/example_dags/example_branch_operator_decorator.py
[2025-07-13T11:04:38.938+0000] {processor.py:756} INFO - Processing file /home/airflow/.local/lib/python3.7/site-packages/airflow/example_dags/example_branch_operator_decorator.py for tasks to queue
[2025-07-13T11:04:38.939+0000] {logging_mixin.py:120} INFO - [2025-07-13T11:04:38.939+0000] {dagbag.py:537} INFO - Filling up the DagBag from /home/airflow/.local/lib/python3.7/site-packages/airflow/example_dags/example_branch_operator_decorator.py
[2025-07-13T11:04:38.973+0000] {processor.py:766} INFO - DAG(s) dict_keys(['example_branch_python_operator_decorator']) retrieved from /home/airflow/.local/lib/python3.7/site-packages/airflow/example_dags/example_branch_operator_decorator.py
[2025-07-13T11:04:39.029+0000] {logging_mixin.py:120} INFO - [2025-07-13T11:04:39.029+0000] {dag.py:2585} INFO - Sync 1 DAGs
[2025-07-13T11:04:39.069+0000] {logging_mixin.py:120} INFO - [2025-07-13T11:04:39.069+0000] {dag.py:3340} INFO - Setting next_dagrun for example_branch_python_operator_decorator to 2025-07-12T00:00:00+00:00, run_after=2025-07-13T00:00:00+00:00
[2025-07-13T11:04:39.095+0000] {processor.py:176} INFO - Processing /home/airflow/.local/lib/python3.7/site-packages/airflow/example_dags/example_branch_operator_decorator.py took 0.164 seconds
[2025-07-13T11:05:09.908+0000] {processor.py:154} INFO - Started process (PID=7560) to work on /home/airflow/.local/lib/python3.7/site-packages/airflow/example_dags/example_branch_operator_decorator.py
[2025-07-13T11:05:09.909+0000] {processor.py:756} INFO - Processing file /home/airflow/.local/lib/python3.7/site-packages/airflow/example_dags/example_branch_operator_decorator.py for tasks to queue
[2025-07-13T11:05:09.911+0000] {logging_mixin.py:120} INFO - [2025-07-13T11:05:09.910+0000] {dagbag.py:537} INFO - Filling up the DagBag from /home/airflow/.local/lib/python3.7/site-packages/airflow/example_dags/example_branch_operator_decorator.py
[2025-07-13T11:05:09.949+0000] {processor.py:766} INFO - DAG(s) dict_keys(['example_branch_python_operator_decorator']) retrieved from /home/airflow/.local/lib/python3.7/site-packages/airflow/example_dags/example_branch_operator_decorator.py
[2025-07-13T11:05:10.009+0000] {logging_mixin.py:120} INFO - [2025-07-13T11:05:10.009+0000] {dag.py:2585} INFO - Sync 1 DAGs
[2025-07-13T11:05:10.041+0000] {logging_mixin.py:120} INFO - [2025-07-13T11:05:10.040+0000] {dag.py:3340} INFO - Setting next_dagrun for example_branch_python_operator_decorator to 2025-07-12T00:00:00+00:00, run_after=2025-07-13T00:00:00+00:00
[2025-07-13T11:05:10.072+0000] {processor.py:176} INFO - Processing /home/airflow/.local/lib/python3.7/site-packages/airflow/example_dags/example_branch_operator_decorator.py took 0.169 seconds
[2025-07-13T11:05:40.635+0000] {processor.py:154} INFO - Started process (PID=7621) to work on /home/airflow/.local/lib/python3.7/site-packages/airflow/example_dags/example_branch_operator_decorator.py
[2025-07-13T11:05:40.637+0000] {processor.py:756} INFO - Processing file /home/airflow/.local/lib/python3.7/site-packages/airflow/example_dags/example_branch_operator_decorator.py for tasks to queue
[2025-07-13T11:05:40.639+0000] {logging_mixin.py:120} INFO - [2025-07-13T11:05:40.639+0000] {dagbag.py:537} INFO - Filling up the DagBag from /home/airflow/.local/lib/python3.7/site-packages/airflow/example_dags/example_branch_operator_decorator.py
[2025-07-13T11:05:40.684+0000] {processor.py:766} INFO - DAG(s) dict_keys(['example_branch_python_operator_decorator']) retrieved from /home/airflow/.local/lib/python3.7/site-packages/airflow/example_dags/example_branch_operator_decorator.py
[2025-07-13T11:05:40.765+0000] {logging_mixin.py:120} INFO - [2025-07-13T11:05:40.765+0000] {dag.py:2585} INFO - Sync 1 DAGs
[2025-07-13T11:05:40.812+0000] {logging_mixin.py:120} INFO - [2025-07-13T11:05:40.812+0000] {dag.py:3340} INFO - Setting next_dagrun for example_branch_python_operator_decorator to 2025-07-12T00:00:00+00:00, run_after=2025-07-13T00:00:00+00:00
[2025-07-13T11:05:40.851+0000] {processor.py:176} INFO - Processing /home/airflow/.local/lib/python3.7/site-packages/airflow/example_dags/example_branch_operator_decorator.py took 0.222 seconds
[2025-07-13T11:06:11.334+0000] {processor.py:154} INFO - Started process (PID=7677) to work on /home/airflow/.local/lib/python3.7/site-packages/airflow/example_dags/example_branch_operator_decorator.py
[2025-07-13T11:06:11.335+0000] {processor.py:756} INFO - Processing file /home/airflow/.local/lib/python3.7/site-packages/airflow/example_dags/example_branch_operator_decorator.py for tasks to queue
[2025-07-13T11:06:11.337+0000] {logging_mixin.py:120} INFO - [2025-07-13T11:06:11.337+0000] {dagbag.py:537} INFO - Filling up the DagBag from /home/airflow/.local/lib/python3.7/site-packages/airflow/example_dags/example_branch_operator_decorator.py
[2025-07-13T11:06:11.377+0000] {processor.py:766} INFO - DAG(s) dict_keys(['example_branch_python_operator_decorator']) retrieved from /home/airflow/.local/lib/python3.7/site-packages/airflow/example_dags/example_branch_operator_decorator.py
[2025-07-13T11:06:11.452+0000] {logging_mixin.py:120} INFO - [2025-07-13T11:06:11.452+0000] {dag.py:2585} INFO - Sync 1 DAGs
[2025-07-13T11:06:11.506+0000] {logging_mixin.py:120} INFO - [2025-07-13T11:06:11.506+0000] {dag.py:3340} INFO - Setting next_dagrun for example_branch_python_operator_decorator to 2025-07-12T00:00:00+00:00, run_after=2025-07-13T00:00:00+00:00
[2025-07-13T11:06:11.543+0000] {processor.py:176} INFO - Processing /home/airflow/.local/lib/python3.7/site-packages/airflow/example_dags/example_branch_operator_decorator.py took 0.215 seconds
[2025-07-13T11:06:41.755+0000] {processor.py:154} INFO - Started process (PID=7740) to work on /home/airflow/.local/lib/python3.7/site-packages/airflow/example_dags/example_branch_operator_decorator.py
[2025-07-13T11:06:41.757+0000] {processor.py:756} INFO - Processing file /home/airflow/.local/lib/python3.7/site-packages/airflow/example_dags/example_branch_operator_decorator.py for tasks to queue
[2025-07-13T11:06:41.758+0000] {logging_mixin.py:120} INFO - [2025-07-13T11:06:41.758+0000] {dagbag.py:537} INFO - Filling up the DagBag from /home/airflow/.local/lib/python3.7/site-packages/airflow/example_dags/example_branch_operator_decorator.py
[2025-07-13T11:06:41.832+0000] {processor.py:766} INFO - DAG(s) dict_keys(['example_branch_python_operator_decorator']) retrieved from /home/airflow/.local/lib/python3.7/site-packages/airflow/example_dags/example_branch_operator_decorator.py
[2025-07-13T11:06:41.933+0000] {logging_mixin.py:120} INFO - [2025-07-13T11:06:41.933+0000] {dag.py:2585} INFO - Sync 1 DAGs
[2025-07-13T11:06:41.967+0000] {logging_mixin.py:120} INFO - [2025-07-13T11:06:41.967+0000] {dag.py:3340} INFO - Setting next_dagrun for example_branch_python_operator_decorator to 2025-07-12T00:00:00+00:00, run_after=2025-07-13T00:00:00+00:00
[2025-07-13T11:06:42.005+0000] {processor.py:176} INFO - Processing /home/airflow/.local/lib/python3.7/site-packages/airflow/example_dags/example_branch_operator_decorator.py took 0.256 seconds
[2025-07-13T11:07:12.270+0000] {processor.py:154} INFO - Started process (PID=7794) to work on /home/airflow/.local/lib/python3.7/site-packages/airflow/example_dags/example_branch_operator_decorator.py
[2025-07-13T11:07:12.272+0000] {processor.py:756} INFO - Processing file /home/airflow/.local/lib/python3.7/site-packages/airflow/example_dags/example_branch_operator_decorator.py for tasks to queue
[2025-07-13T11:07:12.273+0000] {logging_mixin.py:120} INFO - [2025-07-13T11:07:12.273+0000] {dagbag.py:537} INFO - Filling up the DagBag from /home/airflow/.local/lib/python3.7/site-packages/airflow/example_dags/example_branch_operator_decorator.py
[2025-07-13T11:07:12.309+0000] {processor.py:766} INFO - DAG(s) dict_keys(['example_branch_python_operator_decorator']) retrieved from /home/airflow/.local/lib/python3.7/site-packages/airflow/example_dags/example_branch_operator_decorator.py
[2025-07-13T11:07:12.360+0000] {logging_mixin.py:120} INFO - [2025-07-13T11:07:12.360+0000] {dag.py:2585} INFO - Sync 1 DAGs
[2025-07-13T11:07:12.400+0000] {logging_mixin.py:120} INFO - [2025-07-13T11:07:12.399+0000] {dag.py:3340} INFO - Setting next_dagrun for example_branch_python_operator_decorator to 2025-07-12T00:00:00+00:00, run_after=2025-07-13T00:00:00+00:00
[2025-07-13T11:07:12.434+0000] {processor.py:176} INFO - Processing /home/airflow/.local/lib/python3.7/site-packages/airflow/example_dags/example_branch_operator_decorator.py took 0.173 seconds
[2025-07-13T11:07:42.875+0000] {processor.py:154} INFO - Started process (PID=7857) to work on /home/airflow/.local/lib/python3.7/site-packages/airflow/example_dags/example_branch_operator_decorator.py
[2025-07-13T11:07:42.878+0000] {processor.py:756} INFO - Processing file /home/airflow/.local/lib/python3.7/site-packages/airflow/example_dags/example_branch_operator_decorator.py for tasks to queue
[2025-07-13T11:07:42.880+0000] {logging_mixin.py:120} INFO - [2025-07-13T11:07:42.879+0000] {dagbag.py:537} INFO - Filling up the DagBag from /home/airflow/.local/lib/python3.7/site-packages/airflow/example_dags/example_branch_operator_decorator.py
[2025-07-13T11:07:42.909+0000] {processor.py:766} INFO - DAG(s) dict_keys(['example_branch_python_operator_decorator']) retrieved from /home/airflow/.local/lib/python3.7/site-packages/airflow/example_dags/example_branch_operator_decorator.py
[2025-07-13T11:07:42.968+0000] {logging_mixin.py:120} INFO - [2025-07-13T11:07:42.968+0000] {dag.py:2585} INFO - Sync 1 DAGs
[2025-07-13T11:07:43.003+0000] {logging_mixin.py:120} INFO - [2025-07-13T11:07:43.003+0000] {dag.py:3340} INFO - Setting next_dagrun for example_branch_python_operator_decorator to 2025-07-12T00:00:00+00:00, run_after=2025-07-13T00:00:00+00:00
[2025-07-13T11:07:43.035+0000] {processor.py:176} INFO - Processing /home/airflow/.local/lib/python3.7/site-packages/airflow/example_dags/example_branch_operator_decorator.py took 0.167 seconds
[2025-07-13T11:08:13.228+0000] {processor.py:154} INFO - Started process (PID=7911) to work on /home/airflow/.local/lib/python3.7/site-packages/airflow/example_dags/example_branch_operator_decorator.py
[2025-07-13T11:08:13.230+0000] {processor.py:756} INFO - Processing file /home/airflow/.local/lib/python3.7/site-packages/airflow/example_dags/example_branch_operator_decorator.py for tasks to queue
[2025-07-13T11:08:13.232+0000] {logging_mixin.py:120} INFO - [2025-07-13T11:08:13.231+0000] {dagbag.py:537} INFO - Filling up the DagBag from /home/airflow/.local/lib/python3.7/site-packages/airflow/example_dags/example_branch_operator_decorator.py
[2025-07-13T11:08:13.261+0000] {processor.py:766} INFO - DAG(s) dict_keys(['example_branch_python_operator_decorator']) retrieved from /home/airflow/.local/lib/python3.7/site-packages/airflow/example_dags/example_branch_operator_decorator.py
[2025-07-13T11:08:13.311+0000] {logging_mixin.py:120} INFO - [2025-07-13T11:08:13.311+0000] {dag.py:2585} INFO - Sync 1 DAGs
[2025-07-13T11:08:13.340+0000] {logging_mixin.py:120} INFO - [2025-07-13T11:08:13.339+0000] {dag.py:3340} INFO - Setting next_dagrun for example_branch_python_operator_decorator to 2025-07-12T00:00:00+00:00, run_after=2025-07-13T00:00:00+00:00
[2025-07-13T11:08:13.369+0000] {processor.py:176} INFO - Processing /home/airflow/.local/lib/python3.7/site-packages/airflow/example_dags/example_branch_operator_decorator.py took 0.147 seconds
[2025-07-13T11:08:43.619+0000] {processor.py:154} INFO - Started process (PID=7975) to work on /home/airflow/.local/lib/python3.7/site-packages/airflow/example_dags/example_branch_operator_decorator.py
[2025-07-13T11:08:43.621+0000] {processor.py:756} INFO - Processing file /home/airflow/.local/lib/python3.7/site-packages/airflow/example_dags/example_branch_operator_decorator.py for tasks to queue
[2025-07-13T11:08:43.622+0000] {logging_mixin.py:120} INFO - [2025-07-13T11:08:43.622+0000] {dagbag.py:537} INFO - Filling up the DagBag from /home/airflow/.local/lib/python3.7/site-packages/airflow/example_dags/example_branch_operator_decorator.py
[2025-07-13T11:08:43.665+0000] {processor.py:766} INFO - DAG(s) dict_keys(['example_branch_python_operator_decorator']) retrieved from /home/airflow/.local/lib/python3.7/site-packages/airflow/example_dags/example_branch_operator_decorator.py
[2025-07-13T11:08:43.715+0000] {logging_mixin.py:120} INFO - [2025-07-13T11:08:43.715+0000] {dag.py:2585} INFO - Sync 1 DAGs
[2025-07-13T11:08:43.744+0000] {logging_mixin.py:120} INFO - [2025-07-13T11:08:43.744+0000] {dag.py:3340} INFO - Setting next_dagrun for example_branch_python_operator_decorator to 2025-07-12T00:00:00+00:00, run_after=2025-07-13T00:00:00+00:00
[2025-07-13T11:08:43.773+0000] {processor.py:176} INFO - Processing /home/airflow/.local/lib/python3.7/site-packages/airflow/example_dags/example_branch_operator_decorator.py took 0.157 seconds
[2025-07-13T11:09:14.098+0000] {processor.py:154} INFO - Started process (PID=8029) to work on /home/airflow/.local/lib/python3.7/site-packages/airflow/example_dags/example_branch_operator_decorator.py
[2025-07-13T11:09:14.099+0000] {processor.py:756} INFO - Processing file /home/airflow/.local/lib/python3.7/site-packages/airflow/example_dags/example_branch_operator_decorator.py for tasks to queue
[2025-07-13T11:09:14.102+0000] {logging_mixin.py:120} INFO - [2025-07-13T11:09:14.101+0000] {dagbag.py:537} INFO - Filling up the DagBag from /home/airflow/.local/lib/python3.7/site-packages/airflow/example_dags/example_branch_operator_decorator.py
[2025-07-13T11:09:14.144+0000] {processor.py:766} INFO - DAG(s) dict_keys(['example_branch_python_operator_decorator']) retrieved from /home/airflow/.local/lib/python3.7/site-packages/airflow/example_dags/example_branch_operator_decorator.py
[2025-07-13T11:09:14.208+0000] {logging_mixin.py:120} INFO - [2025-07-13T11:09:14.208+0000] {dag.py:2585} INFO - Sync 1 DAGs
[2025-07-13T11:09:14.262+0000] {logging_mixin.py:120} INFO - [2025-07-13T11:09:14.262+0000] {dag.py:3340} INFO - Setting next_dagrun for example_branch_python_operator_decorator to 2025-07-12T00:00:00+00:00, run_after=2025-07-13T00:00:00+00:00
[2025-07-13T11:09:14.297+0000] {processor.py:176} INFO - Processing /home/airflow/.local/lib/python3.7/site-packages/airflow/example_dags/example_branch_operator_decorator.py took 0.206 seconds
[2025-07-13T11:09:44.401+0000] {processor.py:154} INFO - Started process (PID=8092) to work on /home/airflow/.local/lib/python3.7/site-packages/airflow/example_dags/example_branch_operator_decorator.py
[2025-07-13T11:09:44.403+0000] {processor.py:756} INFO - Processing file /home/airflow/.local/lib/python3.7/site-packages/airflow/example_dags/example_branch_operator_decorator.py for tasks to queue
[2025-07-13T11:09:44.404+0000] {logging_mixin.py:120} INFO - [2025-07-13T11:09:44.404+0000] {dagbag.py:537} INFO - Filling up the DagBag from /home/airflow/.local/lib/python3.7/site-packages/airflow/example_dags/example_branch_operator_decorator.py
[2025-07-13T11:09:44.439+0000] {processor.py:766} INFO - DAG(s) dict_keys(['example_branch_python_operator_decorator']) retrieved from /home/airflow/.local/lib/python3.7/site-packages/airflow/example_dags/example_branch_operator_decorator.py
[2025-07-13T11:09:44.493+0000] {logging_mixin.py:120} INFO - [2025-07-13T11:09:44.493+0000] {dag.py:2585} INFO - Sync 1 DAGs
[2025-07-13T11:09:44.524+0000] {logging_mixin.py:120} INFO - [2025-07-13T11:09:44.524+0000] {dag.py:3340} INFO - Setting next_dagrun for example_branch_python_operator_decorator to 2025-07-12T00:00:00+00:00, run_after=2025-07-13T00:00:00+00:00
[2025-07-13T11:09:44.554+0000] {processor.py:176} INFO - Processing /home/airflow/.local/lib/python3.7/site-packages/airflow/example_dags/example_branch_operator_decorator.py took 0.157 seconds
[2025-07-13T11:10:14.841+0000] {processor.py:154} INFO - Started process (PID=8155) to work on /home/airflow/.local/lib/python3.7/site-packages/airflow/example_dags/example_branch_operator_decorator.py
[2025-07-13T11:10:14.843+0000] {processor.py:756} INFO - Processing file /home/airflow/.local/lib/python3.7/site-packages/airflow/example_dags/example_branch_operator_decorator.py for tasks to queue
[2025-07-13T11:10:14.845+0000] {logging_mixin.py:120} INFO - [2025-07-13T11:10:14.845+0000] {dagbag.py:537} INFO - Filling up the DagBag from /home/airflow/.local/lib/python3.7/site-packages/airflow/example_dags/example_branch_operator_decorator.py
[2025-07-13T11:10:14.909+0000] {processor.py:766} INFO - DAG(s) dict_keys(['example_branch_python_operator_decorator']) retrieved from /home/airflow/.local/lib/python3.7/site-packages/airflow/example_dags/example_branch_operator_decorator.py
[2025-07-13T11:10:15.111+0000] {logging_mixin.py:120} INFO - [2025-07-13T11:10:15.111+0000] {dag.py:2585} INFO - Sync 1 DAGs
[2025-07-13T11:10:15.177+0000] {logging_mixin.py:120} INFO - [2025-07-13T11:10:15.177+0000] {dag.py:3340} INFO - Setting next_dagrun for example_branch_python_operator_decorator to 2025-07-12T00:00:00+00:00, run_after=2025-07-13T00:00:00+00:00
[2025-07-13T11:10:15.208+0000] {processor.py:176} INFO - Processing /home/airflow/.local/lib/python3.7/site-packages/airflow/example_dags/example_branch_operator_decorator.py took 0.376 seconds
[2025-07-13T11:10:45.410+0000] {processor.py:154} INFO - Started process (PID=8209) to work on /home/airflow/.local/lib/python3.7/site-packages/airflow/example_dags/example_branch_operator_decorator.py
[2025-07-13T11:10:45.412+0000] {processor.py:756} INFO - Processing file /home/airflow/.local/lib/python3.7/site-packages/airflow/example_dags/example_branch_operator_decorator.py for tasks to queue
[2025-07-13T11:10:45.414+0000] {logging_mixin.py:120} INFO - [2025-07-13T11:10:45.414+0000] {dagbag.py:537} INFO - Filling up the DagBag from /home/airflow/.local/lib/python3.7/site-packages/airflow/example_dags/example_branch_operator_decorator.py
[2025-07-13T11:10:45.474+0000] {processor.py:766} INFO - DAG(s) dict_keys(['example_branch_python_operator_decorator']) retrieved from /home/airflow/.local/lib/python3.7/site-packages/airflow/example_dags/example_branch_operator_decorator.py
[2025-07-13T11:10:45.540+0000] {logging_mixin.py:120} INFO - [2025-07-13T11:10:45.540+0000] {dag.py:2585} INFO - Sync 1 DAGs
[2025-07-13T11:10:45.574+0000] {logging_mixin.py:120} INFO - [2025-07-13T11:10:45.574+0000] {dag.py:3340} INFO - Setting next_dagrun for example_branch_python_operator_decorator to 2025-07-12T00:00:00+00:00, run_after=2025-07-13T00:00:00+00:00
[2025-07-13T11:10:45.616+0000] {processor.py:176} INFO - Processing /home/airflow/.local/lib/python3.7/site-packages/airflow/example_dags/example_branch_operator_decorator.py took 0.213 seconds
[2025-07-13T11:11:15.916+0000] {processor.py:154} INFO - Started process (PID=8272) to work on /home/airflow/.local/lib/python3.7/site-packages/airflow/example_dags/example_branch_operator_decorator.py
[2025-07-13T11:11:15.917+0000] {processor.py:756} INFO - Processing file /home/airflow/.local/lib/python3.7/site-packages/airflow/example_dags/example_branch_operator_decorator.py for tasks to queue
[2025-07-13T11:11:15.919+0000] {logging_mixin.py:120} INFO - [2025-07-13T11:11:15.918+0000] {dagbag.py:537} INFO - Filling up the DagBag from /home/airflow/.local/lib/python3.7/site-packages/airflow/example_dags/example_branch_operator_decorator.py
[2025-07-13T11:11:15.962+0000] {processor.py:766} INFO - DAG(s) dict_keys(['example_branch_python_operator_decorator']) retrieved from /home/airflow/.local/lib/python3.7/site-packages/airflow/example_dags/example_branch_operator_decorator.py
[2025-07-13T11:11:16.018+0000] {logging_mixin.py:120} INFO - [2025-07-13T11:11:16.018+0000] {dag.py:2585} INFO - Sync 1 DAGs
[2025-07-13T11:11:16.048+0000] {logging_mixin.py:120} INFO - [2025-07-13T11:11:16.048+0000] {dag.py:3340} INFO - Setting next_dagrun for example_branch_python_operator_decorator to 2025-07-12T00:00:00+00:00, run_after=2025-07-13T00:00:00+00:00
[2025-07-13T11:11:16.080+0000] {processor.py:176} INFO - Processing /home/airflow/.local/lib/python3.7/site-packages/airflow/example_dags/example_branch_operator_decorator.py took 0.169 seconds
[2025-07-13T11:11:46.227+0000] {processor.py:154} INFO - Started process (PID=8335) to work on /home/airflow/.local/lib/python3.7/site-packages/airflow/example_dags/example_branch_operator_decorator.py
[2025-07-13T11:11:46.229+0000] {processor.py:756} INFO - Processing file /home/airflow/.local/lib/python3.7/site-packages/airflow/example_dags/example_branch_operator_decorator.py for tasks to queue
[2025-07-13T11:11:46.231+0000] {logging_mixin.py:120} INFO - [2025-07-13T11:11:46.230+0000] {dagbag.py:537} INFO - Filling up the DagBag from /home/airflow/.local/lib/python3.7/site-packages/airflow/example_dags/example_branch_operator_decorator.py
[2025-07-13T11:11:46.281+0000] {processor.py:766} INFO - DAG(s) dict_keys(['example_branch_python_operator_decorator']) retrieved from /home/airflow/.local/lib/python3.7/site-packages/airflow/example_dags/example_branch_operator_decorator.py
[2025-07-13T11:11:46.344+0000] {logging_mixin.py:120} INFO - [2025-07-13T11:11:46.344+0000] {dag.py:2585} INFO - Sync 1 DAGs
[2025-07-13T11:11:46.396+0000] {logging_mixin.py:120} INFO - [2025-07-13T11:11:46.396+0000] {dag.py:3340} INFO - Setting next_dagrun for example_branch_python_operator_decorator to 2025-07-12T00:00:00+00:00, run_after=2025-07-13T00:00:00+00:00
[2025-07-13T11:11:46.429+0000] {processor.py:176} INFO - Processing /home/airflow/.local/lib/python3.7/site-packages/airflow/example_dags/example_branch_operator_decorator.py took 0.210 seconds
[2025-07-13T11:12:17.054+0000] {processor.py:154} INFO - Started process (PID=8389) to work on /home/airflow/.local/lib/python3.7/site-packages/airflow/example_dags/example_branch_operator_decorator.py
[2025-07-13T11:12:17.056+0000] {processor.py:756} INFO - Processing file /home/airflow/.local/lib/python3.7/site-packages/airflow/example_dags/example_branch_operator_decorator.py for tasks to queue
[2025-07-13T11:12:17.057+0000] {logging_mixin.py:120} INFO - [2025-07-13T11:12:17.056+0000] {dagbag.py:537} INFO - Filling up the DagBag from /home/airflow/.local/lib/python3.7/site-packages/airflow/example_dags/example_branch_operator_decorator.py
[2025-07-13T11:12:17.083+0000] {processor.py:766} INFO - DAG(s) dict_keys(['example_branch_python_operator_decorator']) retrieved from /home/airflow/.local/lib/python3.7/site-packages/airflow/example_dags/example_branch_operator_decorator.py
[2025-07-13T11:12:17.143+0000] {logging_mixin.py:120} INFO - [2025-07-13T11:12:17.142+0000] {dag.py:2585} INFO - Sync 1 DAGs
[2025-07-13T11:12:17.227+0000] {logging_mixin.py:120} INFO - [2025-07-13T11:12:17.226+0000] {dag.py:3340} INFO - Setting next_dagrun for example_branch_python_operator_decorator to 2025-07-12T00:00:00+00:00, run_after=2025-07-13T00:00:00+00:00
[2025-07-13T11:12:17.271+0000] {processor.py:176} INFO - Processing /home/airflow/.local/lib/python3.7/site-packages/airflow/example_dags/example_branch_operator_decorator.py took 0.220 seconds
[2025-07-13T11:12:47.683+0000] {processor.py:154} INFO - Started process (PID=8452) to work on /home/airflow/.local/lib/python3.7/site-packages/airflow/example_dags/example_branch_operator_decorator.py
[2025-07-13T11:12:47.698+0000] {processor.py:756} INFO - Processing file /home/airflow/.local/lib/python3.7/site-packages/airflow/example_dags/example_branch_operator_decorator.py for tasks to queue
[2025-07-13T11:12:47.701+0000] {logging_mixin.py:120} INFO - [2025-07-13T11:12:47.701+0000] {dagbag.py:537} INFO - Filling up the DagBag from /home/airflow/.local/lib/python3.7/site-packages/airflow/example_dags/example_branch_operator_decorator.py
[2025-07-13T11:12:47.820+0000] {processor.py:766} INFO - DAG(s) dict_keys(['example_branch_python_operator_decorator']) retrieved from /home/airflow/.local/lib/python3.7/site-packages/airflow/example_dags/example_branch_operator_decorator.py
[2025-07-13T11:12:47.952+0000] {logging_mixin.py:120} INFO - [2025-07-13T11:12:47.952+0000] {dag.py:2585} INFO - Sync 1 DAGs
[2025-07-13T11:12:48.054+0000] {logging_mixin.py:120} INFO - [2025-07-13T11:12:48.054+0000] {dag.py:3340} INFO - Setting next_dagrun for example_branch_python_operator_decorator to 2025-07-12T00:00:00+00:00, run_after=2025-07-13T00:00:00+00:00
[2025-07-13T11:12:48.102+0000] {processor.py:176} INFO - Processing /home/airflow/.local/lib/python3.7/site-packages/airflow/example_dags/example_branch_operator_decorator.py took 0.430 seconds
[2025-07-13T11:13:18.731+0000] {processor.py:154} INFO - Started process (PID=8514) to work on /home/airflow/.local/lib/python3.7/site-packages/airflow/example_dags/example_branch_operator_decorator.py
[2025-07-13T11:13:18.733+0000] {processor.py:756} INFO - Processing file /home/airflow/.local/lib/python3.7/site-packages/airflow/example_dags/example_branch_operator_decorator.py for tasks to queue
[2025-07-13T11:13:18.734+0000] {logging_mixin.py:120} INFO - [2025-07-13T11:13:18.734+0000] {dagbag.py:537} INFO - Filling up the DagBag from /home/airflow/.local/lib/python3.7/site-packages/airflow/example_dags/example_branch_operator_decorator.py
[2025-07-13T11:13:18.766+0000] {processor.py:766} INFO - DAG(s) dict_keys(['example_branch_python_operator_decorator']) retrieved from /home/airflow/.local/lib/python3.7/site-packages/airflow/example_dags/example_branch_operator_decorator.py
[2025-07-13T11:13:18.828+0000] {logging_mixin.py:120} INFO - [2025-07-13T11:13:18.828+0000] {dag.py:2585} INFO - Sync 1 DAGs
[2025-07-13T11:13:18.872+0000] {logging_mixin.py:120} INFO - [2025-07-13T11:13:18.872+0000] {dag.py:3340} INFO - Setting next_dagrun for example_branch_python_operator_decorator to 2025-07-12T00:00:00+00:00, run_after=2025-07-13T00:00:00+00:00
[2025-07-13T11:13:18.916+0000] {processor.py:176} INFO - Processing /home/airflow/.local/lib/python3.7/site-packages/airflow/example_dags/example_branch_operator_decorator.py took 0.190 seconds
[2025-07-13T11:13:49.448+0000] {processor.py:154} INFO - Started process (PID=8568) to work on /home/airflow/.local/lib/python3.7/site-packages/airflow/example_dags/example_branch_operator_decorator.py
[2025-07-13T11:13:49.449+0000] {processor.py:756} INFO - Processing file /home/airflow/.local/lib/python3.7/site-packages/airflow/example_dags/example_branch_operator_decorator.py for tasks to queue
[2025-07-13T11:13:49.450+0000] {logging_mixin.py:120} INFO - [2025-07-13T11:13:49.450+0000] {dagbag.py:537} INFO - Filling up the DagBag from /home/airflow/.local/lib/python3.7/site-packages/airflow/example_dags/example_branch_operator_decorator.py
[2025-07-13T11:13:49.479+0000] {processor.py:766} INFO - DAG(s) dict_keys(['example_branch_python_operator_decorator']) retrieved from /home/airflow/.local/lib/python3.7/site-packages/airflow/example_dags/example_branch_operator_decorator.py
[2025-07-13T11:13:49.540+0000] {logging_mixin.py:120} INFO - [2025-07-13T11:13:49.539+0000] {dag.py:2585} INFO - Sync 1 DAGs
[2025-07-13T11:13:49.576+0000] {logging_mixin.py:120} INFO - [2025-07-13T11:13:49.575+0000] {dag.py:3340} INFO - Setting next_dagrun for example_branch_python_operator_decorator to 2025-07-12T00:00:00+00:00, run_after=2025-07-13T00:00:00+00:00
[2025-07-13T11:13:49.606+0000] {processor.py:176} INFO - Processing /home/airflow/.local/lib/python3.7/site-packages/airflow/example_dags/example_branch_operator_decorator.py took 0.163 seconds
[2025-07-13T11:14:19.754+0000] {processor.py:154} INFO - Started process (PID=8631) to work on /home/airflow/.local/lib/python3.7/site-packages/airflow/example_dags/example_branch_operator_decorator.py
[2025-07-13T11:14:19.756+0000] {processor.py:756} INFO - Processing file /home/airflow/.local/lib/python3.7/site-packages/airflow/example_dags/example_branch_operator_decorator.py for tasks to queue
[2025-07-13T11:14:19.757+0000] {logging_mixin.py:120} INFO - [2025-07-13T11:14:19.756+0000] {dagbag.py:537} INFO - Filling up the DagBag from /home/airflow/.local/lib/python3.7/site-packages/airflow/example_dags/example_branch_operator_decorator.py
[2025-07-13T11:14:19.804+0000] {processor.py:766} INFO - DAG(s) dict_keys(['example_branch_python_operator_decorator']) retrieved from /home/airflow/.local/lib/python3.7/site-packages/airflow/example_dags/example_branch_operator_decorator.py
[2025-07-13T11:14:19.873+0000] {logging_mixin.py:120} INFO - [2025-07-13T11:14:19.873+0000] {dag.py:2585} INFO - Sync 1 DAGs
[2025-07-13T11:14:19.927+0000] {logging_mixin.py:120} INFO - [2025-07-13T11:14:19.927+0000] {dag.py:3340} INFO - Setting next_dagrun for example_branch_python_operator_decorator to 2025-07-12T00:00:00+00:00, run_after=2025-07-13T00:00:00+00:00
[2025-07-13T11:14:19.963+0000] {processor.py:176} INFO - Processing /home/airflow/.local/lib/python3.7/site-packages/airflow/example_dags/example_branch_operator_decorator.py took 0.214 seconds
[2025-07-13T11:14:51.098+0000] {processor.py:154} INFO - Started process (PID=8694) to work on /home/airflow/.local/lib/python3.7/site-packages/airflow/example_dags/example_branch_operator_decorator.py
[2025-07-13T11:14:51.100+0000] {processor.py:756} INFO - Processing file /home/airflow/.local/lib/python3.7/site-packages/airflow/example_dags/example_branch_operator_decorator.py for tasks to queue
[2025-07-13T11:14:51.102+0000] {logging_mixin.py:120} INFO - [2025-07-13T11:14:51.102+0000] {dagbag.py:537} INFO - Filling up the DagBag from /home/airflow/.local/lib/python3.7/site-packages/airflow/example_dags/example_branch_operator_decorator.py
[2025-07-13T11:14:51.144+0000] {processor.py:766} INFO - DAG(s) dict_keys(['example_branch_python_operator_decorator']) retrieved from /home/airflow/.local/lib/python3.7/site-packages/airflow/example_dags/example_branch_operator_decorator.py
[2025-07-13T11:14:51.205+0000] {logging_mixin.py:120} INFO - [2025-07-13T11:14:51.204+0000] {dag.py:2585} INFO - Sync 1 DAGs
[2025-07-13T11:14:51.253+0000] {logging_mixin.py:120} INFO - [2025-07-13T11:14:51.253+0000] {dag.py:3340} INFO - Setting next_dagrun for example_branch_python_operator_decorator to 2025-07-12T00:00:00+00:00, run_after=2025-07-13T00:00:00+00:00
[2025-07-13T11:14:51.290+0000] {processor.py:176} INFO - Processing /home/airflow/.local/lib/python3.7/site-packages/airflow/example_dags/example_branch_operator_decorator.py took 0.197 seconds
[2025-07-13T11:15:22.102+0000] {processor.py:154} INFO - Started process (PID=8748) to work on /home/airflow/.local/lib/python3.7/site-packages/airflow/example_dags/example_branch_operator_decorator.py
[2025-07-13T11:15:22.104+0000] {processor.py:756} INFO - Processing file /home/airflow/.local/lib/python3.7/site-packages/airflow/example_dags/example_branch_operator_decorator.py for tasks to queue
[2025-07-13T11:15:22.105+0000] {logging_mixin.py:120} INFO - [2025-07-13T11:15:22.105+0000] {dagbag.py:537} INFO - Filling up the DagBag from /home/airflow/.local/lib/python3.7/site-packages/airflow/example_dags/example_branch_operator_decorator.py
[2025-07-13T11:15:22.140+0000] {processor.py:766} INFO - DAG(s) dict_keys(['example_branch_python_operator_decorator']) retrieved from /home/airflow/.local/lib/python3.7/site-packages/airflow/example_dags/example_branch_operator_decorator.py
[2025-07-13T11:15:22.198+0000] {logging_mixin.py:120} INFO - [2025-07-13T11:15:22.198+0000] {dag.py:2585} INFO - Sync 1 DAGs
[2025-07-13T11:15:22.237+0000] {logging_mixin.py:120} INFO - [2025-07-13T11:15:22.237+0000] {dag.py:3340} INFO - Setting next_dagrun for example_branch_python_operator_decorator to 2025-07-12T00:00:00+00:00, run_after=2025-07-13T00:00:00+00:00
[2025-07-13T11:15:22.266+0000] {processor.py:176} INFO - Processing /home/airflow/.local/lib/python3.7/site-packages/airflow/example_dags/example_branch_operator_decorator.py took 0.169 seconds
[2025-07-13T11:15:53.285+0000] {processor.py:154} INFO - Started process (PID=8811) to work on /home/airflow/.local/lib/python3.7/site-packages/airflow/example_dags/example_branch_operator_decorator.py
[2025-07-13T11:15:53.286+0000] {processor.py:756} INFO - Processing file /home/airflow/.local/lib/python3.7/site-packages/airflow/example_dags/example_branch_operator_decorator.py for tasks to queue
[2025-07-13T11:15:53.287+0000] {logging_mixin.py:120} INFO - [2025-07-13T11:15:53.287+0000] {dagbag.py:537} INFO - Filling up the DagBag from /home/airflow/.local/lib/python3.7/site-packages/airflow/example_dags/example_branch_operator_decorator.py
[2025-07-13T11:15:53.319+0000] {processor.py:766} INFO - DAG(s) dict_keys(['example_branch_python_operator_decorator']) retrieved from /home/airflow/.local/lib/python3.7/site-packages/airflow/example_dags/example_branch_operator_decorator.py
[2025-07-13T11:15:53.374+0000] {logging_mixin.py:120} INFO - [2025-07-13T11:15:53.374+0000] {dag.py:2585} INFO - Sync 1 DAGs
[2025-07-13T11:15:53.414+0000] {logging_mixin.py:120} INFO - [2025-07-13T11:15:53.414+0000] {dag.py:3340} INFO - Setting next_dagrun for example_branch_python_operator_decorator to 2025-07-12T00:00:00+00:00, run_after=2025-07-13T00:00:00+00:00
[2025-07-13T11:15:53.450+0000] {processor.py:176} INFO - Processing /home/airflow/.local/lib/python3.7/site-packages/airflow/example_dags/example_branch_operator_decorator.py took 0.169 seconds
[2025-07-13T11:16:24.206+0000] {processor.py:154} INFO - Started process (PID=8874) to work on /home/airflow/.local/lib/python3.7/site-packages/airflow/example_dags/example_branch_operator_decorator.py
[2025-07-13T11:16:24.207+0000] {processor.py:756} INFO - Processing file /home/airflow/.local/lib/python3.7/site-packages/airflow/example_dags/example_branch_operator_decorator.py for tasks to queue
[2025-07-13T11:16:24.209+0000] {logging_mixin.py:120} INFO - [2025-07-13T11:16:24.209+0000] {dagbag.py:537} INFO - Filling up the DagBag from /home/airflow/.local/lib/python3.7/site-packages/airflow/example_dags/example_branch_operator_decorator.py
[2025-07-13T11:16:24.244+0000] {processor.py:766} INFO - DAG(s) dict_keys(['example_branch_python_operator_decorator']) retrieved from /home/airflow/.local/lib/python3.7/site-packages/airflow/example_dags/example_branch_operator_decorator.py
[2025-07-13T11:16:24.298+0000] {logging_mixin.py:120} INFO - [2025-07-13T11:16:24.298+0000] {dag.py:2585} INFO - Sync 1 DAGs
[2025-07-13T11:16:24.342+0000] {logging_mixin.py:120} INFO - [2025-07-13T11:16:24.342+0000] {dag.py:3340} INFO - Setting next_dagrun for example_branch_python_operator_decorator to 2025-07-12T00:00:00+00:00, run_after=2025-07-13T00:00:00+00:00
[2025-07-13T11:16:24.377+0000] {processor.py:176} INFO - Processing /home/airflow/.local/lib/python3.7/site-packages/airflow/example_dags/example_branch_operator_decorator.py took 0.175 seconds
[2025-07-13T11:16:54.929+0000] {processor.py:154} INFO - Started process (PID=8928) to work on /home/airflow/.local/lib/python3.7/site-packages/airflow/example_dags/example_branch_operator_decorator.py
[2025-07-13T11:16:54.930+0000] {processor.py:756} INFO - Processing file /home/airflow/.local/lib/python3.7/site-packages/airflow/example_dags/example_branch_operator_decorator.py for tasks to queue
[2025-07-13T11:16:54.932+0000] {logging_mixin.py:120} INFO - [2025-07-13T11:16:54.931+0000] {dagbag.py:537} INFO - Filling up the DagBag from /home/airflow/.local/lib/python3.7/site-packages/airflow/example_dags/example_branch_operator_decorator.py
[2025-07-13T11:16:54.968+0000] {processor.py:766} INFO - DAG(s) dict_keys(['example_branch_python_operator_decorator']) retrieved from /home/airflow/.local/lib/python3.7/site-packages/airflow/example_dags/example_branch_operator_decorator.py
[2025-07-13T11:16:55.026+0000] {logging_mixin.py:120} INFO - [2025-07-13T11:16:55.026+0000] {dag.py:2585} INFO - Sync 1 DAGs
[2025-07-13T11:16:55.057+0000] {logging_mixin.py:120} INFO - [2025-07-13T11:16:55.056+0000] {dag.py:3340} INFO - Setting next_dagrun for example_branch_python_operator_decorator to 2025-07-12T00:00:00+00:00, run_after=2025-07-13T00:00:00+00:00
[2025-07-13T11:16:55.097+0000] {processor.py:176} INFO - Processing /home/airflow/.local/lib/python3.7/site-packages/airflow/example_dags/example_branch_operator_decorator.py took 0.173 seconds
[2025-07-13T11:17:25.478+0000] {processor.py:154} INFO - Started process (PID=8992) to work on /home/airflow/.local/lib/python3.7/site-packages/airflow/example_dags/example_branch_operator_decorator.py
[2025-07-13T11:17:25.479+0000] {processor.py:756} INFO - Processing file /home/airflow/.local/lib/python3.7/site-packages/airflow/example_dags/example_branch_operator_decorator.py for tasks to queue
[2025-07-13T11:17:25.480+0000] {logging_mixin.py:120} INFO - [2025-07-13T11:17:25.480+0000] {dagbag.py:537} INFO - Filling up the DagBag from /home/airflow/.local/lib/python3.7/site-packages/airflow/example_dags/example_branch_operator_decorator.py
[2025-07-13T11:17:25.518+0000] {processor.py:766} INFO - DAG(s) dict_keys(['example_branch_python_operator_decorator']) retrieved from /home/airflow/.local/lib/python3.7/site-packages/airflow/example_dags/example_branch_operator_decorator.py
[2025-07-13T11:17:25.589+0000] {logging_mixin.py:120} INFO - [2025-07-13T11:17:25.589+0000] {dag.py:2585} INFO - Sync 1 DAGs
[2025-07-13T11:17:25.629+0000] {logging_mixin.py:120} INFO - [2025-07-13T11:17:25.629+0000] {dag.py:3340} INFO - Setting next_dagrun for example_branch_python_operator_decorator to 2025-07-12T00:00:00+00:00, run_after=2025-07-13T00:00:00+00:00
[2025-07-13T11:17:25.657+0000] {processor.py:176} INFO - Processing /home/airflow/.local/lib/python3.7/site-packages/airflow/example_dags/example_branch_operator_decorator.py took 0.183 seconds
[2025-07-13T11:17:56.013+0000] {processor.py:154} INFO - Started process (PID=9056) to work on /home/airflow/.local/lib/python3.7/site-packages/airflow/example_dags/example_branch_operator_decorator.py
[2025-07-13T11:17:56.014+0000] {processor.py:756} INFO - Processing file /home/airflow/.local/lib/python3.7/site-packages/airflow/example_dags/example_branch_operator_decorator.py for tasks to queue
[2025-07-13T11:17:56.015+0000] {logging_mixin.py:120} INFO - [2025-07-13T11:17:56.015+0000] {dagbag.py:537} INFO - Filling up the DagBag from /home/airflow/.local/lib/python3.7/site-packages/airflow/example_dags/example_branch_operator_decorator.py
[2025-07-13T11:17:56.054+0000] {processor.py:766} INFO - DAG(s) dict_keys(['example_branch_python_operator_decorator']) retrieved from /home/airflow/.local/lib/python3.7/site-packages/airflow/example_dags/example_branch_operator_decorator.py
[2025-07-13T11:17:56.107+0000] {logging_mixin.py:120} INFO - [2025-07-13T11:17:56.107+0000] {dag.py:2585} INFO - Sync 1 DAGs
[2025-07-13T11:17:56.150+0000] {logging_mixin.py:120} INFO - [2025-07-13T11:17:56.149+0000] {dag.py:3340} INFO - Setting next_dagrun for example_branch_python_operator_decorator to 2025-07-12T00:00:00+00:00, run_after=2025-07-13T00:00:00+00:00
[2025-07-13T11:17:56.176+0000] {processor.py:176} INFO - Processing /home/airflow/.local/lib/python3.7/site-packages/airflow/example_dags/example_branch_operator_decorator.py took 0.167 seconds
[2025-07-13T11:18:26.481+0000] {processor.py:154} INFO - Started process (PID=9110) to work on /home/airflow/.local/lib/python3.7/site-packages/airflow/example_dags/example_branch_operator_decorator.py
[2025-07-13T11:18:26.483+0000] {processor.py:756} INFO - Processing file /home/airflow/.local/lib/python3.7/site-packages/airflow/example_dags/example_branch_operator_decorator.py for tasks to queue
[2025-07-13T11:18:26.484+0000] {logging_mixin.py:120} INFO - [2025-07-13T11:18:26.484+0000] {dagbag.py:537} INFO - Filling up the DagBag from /home/airflow/.local/lib/python3.7/site-packages/airflow/example_dags/example_branch_operator_decorator.py
[2025-07-13T11:18:26.523+0000] {processor.py:766} INFO - DAG(s) dict_keys(['example_branch_python_operator_decorator']) retrieved from /home/airflow/.local/lib/python3.7/site-packages/airflow/example_dags/example_branch_operator_decorator.py
[2025-07-13T11:18:26.581+0000] {logging_mixin.py:120} INFO - [2025-07-13T11:18:26.581+0000] {dag.py:2585} INFO - Sync 1 DAGs
[2025-07-13T11:18:26.624+0000] {logging_mixin.py:120} INFO - [2025-07-13T11:18:26.624+0000] {dag.py:3340} INFO - Setting next_dagrun for example_branch_python_operator_decorator to 2025-07-12T00:00:00+00:00, run_after=2025-07-13T00:00:00+00:00
[2025-07-13T11:18:26.657+0000] {processor.py:176} INFO - Processing /home/airflow/.local/lib/python3.7/site-packages/airflow/example_dags/example_branch_operator_decorator.py took 0.183 seconds
[2025-07-13T11:18:58.727+0000] {processor.py:154} INFO - Started process (PID=9173) to work on /home/airflow/.local/lib/python3.7/site-packages/airflow/example_dags/example_branch_operator_decorator.py
[2025-07-13T11:18:58.728+0000] {processor.py:756} INFO - Processing file /home/airflow/.local/lib/python3.7/site-packages/airflow/example_dags/example_branch_operator_decorator.py for tasks to queue
[2025-07-13T11:18:58.729+0000] {logging_mixin.py:120} INFO - [2025-07-13T11:18:58.729+0000] {dagbag.py:537} INFO - Filling up the DagBag from /home/airflow/.local/lib/python3.7/site-packages/airflow/example_dags/example_branch_operator_decorator.py
[2025-07-13T11:18:58.766+0000] {processor.py:766} INFO - DAG(s) dict_keys(['example_branch_python_operator_decorator']) retrieved from /home/airflow/.local/lib/python3.7/site-packages/airflow/example_dags/example_branch_operator_decorator.py
[2025-07-13T11:18:58.833+0000] {logging_mixin.py:120} INFO - [2025-07-13T11:18:58.833+0000] {dag.py:2585} INFO - Sync 1 DAGs
[2025-07-13T11:18:58.865+0000] {logging_mixin.py:120} INFO - [2025-07-13T11:18:58.865+0000] {dag.py:3340} INFO - Setting next_dagrun for example_branch_python_operator_decorator to 2025-07-12T00:00:00+00:00, run_after=2025-07-13T00:00:00+00:00
[2025-07-13T11:18:58.896+0000] {processor.py:176} INFO - Processing /home/airflow/.local/lib/python3.7/site-packages/airflow/example_dags/example_branch_operator_decorator.py took 0.175 seconds
[2025-07-13T11:19:30.742+0000] {processor.py:154} INFO - Started process (PID=9227) to work on /home/airflow/.local/lib/python3.7/site-packages/airflow/example_dags/example_branch_operator_decorator.py
[2025-07-13T11:19:30.743+0000] {processor.py:756} INFO - Processing file /home/airflow/.local/lib/python3.7/site-packages/airflow/example_dags/example_branch_operator_decorator.py for tasks to queue
[2025-07-13T11:19:30.744+0000] {logging_mixin.py:120} INFO - [2025-07-13T11:19:30.744+0000] {dagbag.py:537} INFO - Filling up the DagBag from /home/airflow/.local/lib/python3.7/site-packages/airflow/example_dags/example_branch_operator_decorator.py
[2025-07-13T11:19:30.771+0000] {processor.py:766} INFO - DAG(s) dict_keys(['example_branch_python_operator_decorator']) retrieved from /home/airflow/.local/lib/python3.7/site-packages/airflow/example_dags/example_branch_operator_decorator.py
[2025-07-13T11:19:30.818+0000] {logging_mixin.py:120} INFO - [2025-07-13T11:19:30.818+0000] {dag.py:2585} INFO - Sync 1 DAGs
[2025-07-13T11:19:30.847+0000] {logging_mixin.py:120} INFO - [2025-07-13T11:19:30.846+0000] {dag.py:3340} INFO - Setting next_dagrun for example_branch_python_operator_decorator to 2025-07-12T00:00:00+00:00, run_after=2025-07-13T00:00:00+00:00
[2025-07-13T11:19:30.869+0000] {processor.py:176} INFO - Processing /home/airflow/.local/lib/python3.7/site-packages/airflow/example_dags/example_branch_operator_decorator.py took 0.131 seconds
[2025-07-13T11:20:01.609+0000] {processor.py:154} INFO - Started process (PID=9280) to work on /home/airflow/.local/lib/python3.7/site-packages/airflow/example_dags/example_branch_operator_decorator.py
[2025-07-13T11:20:01.610+0000] {processor.py:756} INFO - Processing file /home/airflow/.local/lib/python3.7/site-packages/airflow/example_dags/example_branch_operator_decorator.py for tasks to queue
[2025-07-13T11:20:01.612+0000] {logging_mixin.py:120} INFO - [2025-07-13T11:20:01.612+0000] {dagbag.py:537} INFO - Filling up the DagBag from /home/airflow/.local/lib/python3.7/site-packages/airflow/example_dags/example_branch_operator_decorator.py
[2025-07-13T11:20:01.649+0000] {processor.py:766} INFO - DAG(s) dict_keys(['example_branch_python_operator_decorator']) retrieved from /home/airflow/.local/lib/python3.7/site-packages/airflow/example_dags/example_branch_operator_decorator.py
[2025-07-13T11:20:01.700+0000] {logging_mixin.py:120} INFO - [2025-07-13T11:20:01.700+0000] {dag.py:2585} INFO - Sync 1 DAGs
[2025-07-13T11:20:01.735+0000] {logging_mixin.py:120} INFO - [2025-07-13T11:20:01.735+0000] {dag.py:3340} INFO - Setting next_dagrun for example_branch_python_operator_decorator to 2025-07-12T00:00:00+00:00, run_after=2025-07-13T00:00:00+00:00
[2025-07-13T11:20:01.760+0000] {processor.py:176} INFO - Processing /home/airflow/.local/lib/python3.7/site-packages/airflow/example_dags/example_branch_operator_decorator.py took 0.156 seconds
[2025-07-13T11:20:32.196+0000] {processor.py:154} INFO - Started process (PID=9344) to work on /home/airflow/.local/lib/python3.7/site-packages/airflow/example_dags/example_branch_operator_decorator.py
[2025-07-13T11:20:32.197+0000] {processor.py:756} INFO - Processing file /home/airflow/.local/lib/python3.7/site-packages/airflow/example_dags/example_branch_operator_decorator.py for tasks to queue
[2025-07-13T11:20:32.198+0000] {logging_mixin.py:120} INFO - [2025-07-13T11:20:32.198+0000] {dagbag.py:537} INFO - Filling up the DagBag from /home/airflow/.local/lib/python3.7/site-packages/airflow/example_dags/example_branch_operator_decorator.py
[2025-07-13T11:20:32.228+0000] {processor.py:766} INFO - DAG(s) dict_keys(['example_branch_python_operator_decorator']) retrieved from /home/airflow/.local/lib/python3.7/site-packages/airflow/example_dags/example_branch_operator_decorator.py
[2025-07-13T11:20:32.278+0000] {logging_mixin.py:120} INFO - [2025-07-13T11:20:32.277+0000] {dag.py:2585} INFO - Sync 1 DAGs
[2025-07-13T11:20:32.309+0000] {logging_mixin.py:120} INFO - [2025-07-13T11:20:32.309+0000] {dag.py:3340} INFO - Setting next_dagrun for example_branch_python_operator_decorator to 2025-07-12T00:00:00+00:00, run_after=2025-07-13T00:00:00+00:00
[2025-07-13T11:20:32.338+0000] {processor.py:176} INFO - Processing /home/airflow/.local/lib/python3.7/site-packages/airflow/example_dags/example_branch_operator_decorator.py took 0.146 seconds
[2025-07-13T11:21:04.638+0000] {processor.py:154} INFO - Started process (PID=9405) to work on /home/airflow/.local/lib/python3.7/site-packages/airflow/example_dags/example_branch_operator_decorator.py
[2025-07-13T11:21:04.641+0000] {processor.py:756} INFO - Processing file /home/airflow/.local/lib/python3.7/site-packages/airflow/example_dags/example_branch_operator_decorator.py for tasks to queue
[2025-07-13T11:21:04.647+0000] {logging_mixin.py:120} INFO - [2025-07-13T11:21:04.647+0000] {dagbag.py:537} INFO - Filling up the DagBag from /home/airflow/.local/lib/python3.7/site-packages/airflow/example_dags/example_branch_operator_decorator.py
[2025-07-13T11:21:04.809+0000] {processor.py:766} INFO - DAG(s) dict_keys(['example_branch_python_operator_decorator']) retrieved from /home/airflow/.local/lib/python3.7/site-packages/airflow/example_dags/example_branch_operator_decorator.py
[2025-07-13T11:21:05.141+0000] {logging_mixin.py:120} INFO - [2025-07-13T11:21:05.141+0000] {dag.py:2585} INFO - Sync 1 DAGs
[2025-07-13T11:21:05.303+0000] {logging_mixin.py:120} INFO - [2025-07-13T11:21:05.298+0000] {dag.py:3340} INFO - Setting next_dagrun for example_branch_python_operator_decorator to 2025-07-12T00:00:00+00:00, run_after=2025-07-13T00:00:00+00:00
[2025-07-13T11:21:05.450+0000] {processor.py:176} INFO - Processing /home/airflow/.local/lib/python3.7/site-packages/airflow/example_dags/example_branch_operator_decorator.py took 0.819 seconds
[2025-07-13T11:21:36.044+0000] {processor.py:154} INFO - Started process (PID=9459) to work on /home/airflow/.local/lib/python3.7/site-packages/airflow/example_dags/example_branch_operator_decorator.py
[2025-07-13T11:21:36.046+0000] {processor.py:756} INFO - Processing file /home/airflow/.local/lib/python3.7/site-packages/airflow/example_dags/example_branch_operator_decorator.py for tasks to queue
[2025-07-13T11:21:36.049+0000] {logging_mixin.py:120} INFO - [2025-07-13T11:21:36.049+0000] {dagbag.py:537} INFO - Filling up the DagBag from /home/airflow/.local/lib/python3.7/site-packages/airflow/example_dags/example_branch_operator_decorator.py
[2025-07-13T11:21:36.090+0000] {processor.py:766} INFO - DAG(s) dict_keys(['example_branch_python_operator_decorator']) retrieved from /home/airflow/.local/lib/python3.7/site-packages/airflow/example_dags/example_branch_operator_decorator.py
[2025-07-13T11:21:36.149+0000] {logging_mixin.py:120} INFO - [2025-07-13T11:21:36.149+0000] {dag.py:2585} INFO - Sync 1 DAGs
[2025-07-13T11:21:36.180+0000] {logging_mixin.py:120} INFO - [2025-07-13T11:21:36.180+0000] {dag.py:3340} INFO - Setting next_dagrun for example_branch_python_operator_decorator to 2025-07-12T00:00:00+00:00, run_after=2025-07-13T00:00:00+00:00
[2025-07-13T11:21:36.215+0000] {processor.py:176} INFO - Processing /home/airflow/.local/lib/python3.7/site-packages/airflow/example_dags/example_branch_operator_decorator.py took 0.176 seconds
[2025-07-13T11:22:07.038+0000] {processor.py:154} INFO - Started process (PID=9515) to work on /home/airflow/.local/lib/python3.7/site-packages/airflow/example_dags/example_branch_operator_decorator.py
[2025-07-13T11:22:07.039+0000] {processor.py:756} INFO - Processing file /home/airflow/.local/lib/python3.7/site-packages/airflow/example_dags/example_branch_operator_decorator.py for tasks to queue
[2025-07-13T11:22:07.041+0000] {logging_mixin.py:120} INFO - [2025-07-13T11:22:07.040+0000] {dagbag.py:537} INFO - Filling up the DagBag from /home/airflow/.local/lib/python3.7/site-packages/airflow/example_dags/example_branch_operator_decorator.py
[2025-07-13T11:22:07.080+0000] {processor.py:766} INFO - DAG(s) dict_keys(['example_branch_python_operator_decorator']) retrieved from /home/airflow/.local/lib/python3.7/site-packages/airflow/example_dags/example_branch_operator_decorator.py
[2025-07-13T11:22:07.156+0000] {logging_mixin.py:120} INFO - [2025-07-13T11:22:07.155+0000] {dag.py:2585} INFO - Sync 1 DAGs
[2025-07-13T11:22:07.210+0000] {logging_mixin.py:120} INFO - [2025-07-13T11:22:07.209+0000] {dag.py:3340} INFO - Setting next_dagrun for example_branch_python_operator_decorator to 2025-07-12T00:00:00+00:00, run_after=2025-07-13T00:00:00+00:00
[2025-07-13T11:22:07.290+0000] {processor.py:176} INFO - Processing /home/airflow/.local/lib/python3.7/site-packages/airflow/example_dags/example_branch_operator_decorator.py took 0.256 seconds
[2025-07-13T11:22:40.749+0000] {processor.py:154} INFO - Started process (PID=9570) to work on /home/airflow/.local/lib/python3.7/site-packages/airflow/example_dags/example_branch_operator_decorator.py
[2025-07-13T11:22:40.762+0000] {processor.py:756} INFO - Processing file /home/airflow/.local/lib/python3.7/site-packages/airflow/example_dags/example_branch_operator_decorator.py for tasks to queue
[2025-07-13T11:22:40.765+0000] {logging_mixin.py:120} INFO - [2025-07-13T11:22:40.765+0000] {dagbag.py:537} INFO - Filling up the DagBag from /home/airflow/.local/lib/python3.7/site-packages/airflow/example_dags/example_branch_operator_decorator.py
[2025-07-13T11:22:40.861+0000] {processor.py:766} INFO - DAG(s) dict_keys(['example_branch_python_operator_decorator']) retrieved from /home/airflow/.local/lib/python3.7/site-packages/airflow/example_dags/example_branch_operator_decorator.py
[2025-07-13T11:22:41.143+0000] {logging_mixin.py:120} INFO - [2025-07-13T11:22:41.143+0000] {dag.py:2585} INFO - Sync 1 DAGs
[2025-07-13T11:22:41.254+0000] {logging_mixin.py:120} INFO - [2025-07-13T11:22:41.253+0000] {dag.py:3340} INFO - Setting next_dagrun for example_branch_python_operator_decorator to 2025-07-12T00:00:00+00:00, run_after=2025-07-13T00:00:00+00:00
[2025-07-13T11:22:41.396+0000] {processor.py:176} INFO - Processing /home/airflow/.local/lib/python3.7/site-packages/airflow/example_dags/example_branch_operator_decorator.py took 0.666 seconds
[2025-07-13T11:23:12.292+0000] {processor.py:154} INFO - Started process (PID=9624) to work on /home/airflow/.local/lib/python3.7/site-packages/airflow/example_dags/example_branch_operator_decorator.py
[2025-07-13T11:23:12.294+0000] {processor.py:756} INFO - Processing file /home/airflow/.local/lib/python3.7/site-packages/airflow/example_dags/example_branch_operator_decorator.py for tasks to queue
[2025-07-13T11:23:12.297+0000] {logging_mixin.py:120} INFO - [2025-07-13T11:23:12.296+0000] {dagbag.py:537} INFO - Filling up the DagBag from /home/airflow/.local/lib/python3.7/site-packages/airflow/example_dags/example_branch_operator_decorator.py
[2025-07-13T11:23:12.342+0000] {processor.py:766} INFO - DAG(s) dict_keys(['example_branch_python_operator_decorator']) retrieved from /home/airflow/.local/lib/python3.7/site-packages/airflow/example_dags/example_branch_operator_decorator.py
[2025-07-13T11:23:12.415+0000] {logging_mixin.py:120} INFO - [2025-07-13T11:23:12.415+0000] {dag.py:2585} INFO - Sync 1 DAGs
[2025-07-13T11:23:12.454+0000] {logging_mixin.py:120} INFO - [2025-07-13T11:23:12.454+0000] {dag.py:3340} INFO - Setting next_dagrun for example_branch_python_operator_decorator to 2025-07-12T00:00:00+00:00, run_after=2025-07-13T00:00:00+00:00
[2025-07-13T11:23:12.491+0000] {processor.py:176} INFO - Processing /home/airflow/.local/lib/python3.7/site-packages/airflow/example_dags/example_branch_operator_decorator.py took 0.205 seconds
[2025-07-13T11:23:43.197+0000] {processor.py:154} INFO - Started process (PID=9678) to work on /home/airflow/.local/lib/python3.7/site-packages/airflow/example_dags/example_branch_operator_decorator.py
[2025-07-13T11:23:43.200+0000] {processor.py:756} INFO - Processing file /home/airflow/.local/lib/python3.7/site-packages/airflow/example_dags/example_branch_operator_decorator.py for tasks to queue
[2025-07-13T11:23:43.202+0000] {logging_mixin.py:120} INFO - [2025-07-13T11:23:43.202+0000] {dagbag.py:537} INFO - Filling up the DagBag from /home/airflow/.local/lib/python3.7/site-packages/airflow/example_dags/example_branch_operator_decorator.py
[2025-07-13T11:23:43.260+0000] {processor.py:766} INFO - DAG(s) dict_keys(['example_branch_python_operator_decorator']) retrieved from /home/airflow/.local/lib/python3.7/site-packages/airflow/example_dags/example_branch_operator_decorator.py
[2025-07-13T11:23:43.351+0000] {logging_mixin.py:120} INFO - [2025-07-13T11:23:43.351+0000] {dag.py:2585} INFO - Sync 1 DAGs
[2025-07-13T11:23:43.390+0000] {logging_mixin.py:120} INFO - [2025-07-13T11:23:43.389+0000] {dag.py:3340} INFO - Setting next_dagrun for example_branch_python_operator_decorator to 2025-07-12T00:00:00+00:00, run_after=2025-07-13T00:00:00+00:00
[2025-07-13T11:23:43.422+0000] {processor.py:176} INFO - Processing /home/airflow/.local/lib/python3.7/site-packages/airflow/example_dags/example_branch_operator_decorator.py took 0.230 seconds
[2025-07-13T11:24:14.684+0000] {processor.py:154} INFO - Started process (PID=9741) to work on /home/airflow/.local/lib/python3.7/site-packages/airflow/example_dags/example_branch_operator_decorator.py
[2025-07-13T11:24:14.715+0000] {processor.py:756} INFO - Processing file /home/airflow/.local/lib/python3.7/site-packages/airflow/example_dags/example_branch_operator_decorator.py for tasks to queue
[2025-07-13T11:24:14.746+0000] {logging_mixin.py:120} INFO - [2025-07-13T11:24:14.746+0000] {dagbag.py:537} INFO - Filling up the DagBag from /home/airflow/.local/lib/python3.7/site-packages/airflow/example_dags/example_branch_operator_decorator.py
[2025-07-13T11:24:14.933+0000] {processor.py:766} INFO - DAG(s) dict_keys(['example_branch_python_operator_decorator']) retrieved from /home/airflow/.local/lib/python3.7/site-packages/airflow/example_dags/example_branch_operator_decorator.py
[2025-07-13T11:24:15.199+0000] {logging_mixin.py:120} INFO - [2025-07-13T11:24:15.199+0000] {dag.py:2585} INFO - Sync 1 DAGs
[2025-07-13T11:24:15.497+0000] {logging_mixin.py:120} INFO - [2025-07-13T11:24:15.497+0000] {dag.py:3340} INFO - Setting next_dagrun for example_branch_python_operator_decorator to 2025-07-12T00:00:00+00:00, run_after=2025-07-13T00:00:00+00:00
[2025-07-13T11:24:15.726+0000] {processor.py:176} INFO - Processing /home/airflow/.local/lib/python3.7/site-packages/airflow/example_dags/example_branch_operator_decorator.py took 1.053 seconds
[2025-07-13T11:24:46.639+0000] {processor.py:154} INFO - Started process (PID=9795) to work on /home/airflow/.local/lib/python3.7/site-packages/airflow/example_dags/example_branch_operator_decorator.py
[2025-07-13T11:24:46.640+0000] {processor.py:756} INFO - Processing file /home/airflow/.local/lib/python3.7/site-packages/airflow/example_dags/example_branch_operator_decorator.py for tasks to queue
[2025-07-13T11:24:46.642+0000] {logging_mixin.py:120} INFO - [2025-07-13T11:24:46.642+0000] {dagbag.py:537} INFO - Filling up the DagBag from /home/airflow/.local/lib/python3.7/site-packages/airflow/example_dags/example_branch_operator_decorator.py
[2025-07-13T11:24:46.686+0000] {processor.py:766} INFO - DAG(s) dict_keys(['example_branch_python_operator_decorator']) retrieved from /home/airflow/.local/lib/python3.7/site-packages/airflow/example_dags/example_branch_operator_decorator.py
[2025-07-13T11:24:46.766+0000] {logging_mixin.py:120} INFO - [2025-07-13T11:24:46.765+0000] {dag.py:2585} INFO - Sync 1 DAGs
[2025-07-13T11:24:46.809+0000] {logging_mixin.py:120} INFO - [2025-07-13T11:24:46.808+0000] {dag.py:3340} INFO - Setting next_dagrun for example_branch_python_operator_decorator to 2025-07-12T00:00:00+00:00, run_after=2025-07-13T00:00:00+00:00
[2025-07-13T11:24:46.842+0000] {processor.py:176} INFO - Processing /home/airflow/.local/lib/python3.7/site-packages/airflow/example_dags/example_branch_operator_decorator.py took 0.209 seconds
[2025-07-13T11:25:17.130+0000] {processor.py:154} INFO - Started process (PID=9858) to work on /home/airflow/.local/lib/python3.7/site-packages/airflow/example_dags/example_branch_operator_decorator.py
[2025-07-13T11:25:17.132+0000] {processor.py:756} INFO - Processing file /home/airflow/.local/lib/python3.7/site-packages/airflow/example_dags/example_branch_operator_decorator.py for tasks to queue
[2025-07-13T11:25:17.133+0000] {logging_mixin.py:120} INFO - [2025-07-13T11:25:17.133+0000] {dagbag.py:537} INFO - Filling up the DagBag from /home/airflow/.local/lib/python3.7/site-packages/airflow/example_dags/example_branch_operator_decorator.py
[2025-07-13T11:25:17.165+0000] {processor.py:766} INFO - DAG(s) dict_keys(['example_branch_python_operator_decorator']) retrieved from /home/airflow/.local/lib/python3.7/site-packages/airflow/example_dags/example_branch_operator_decorator.py
[2025-07-13T11:25:17.230+0000] {logging_mixin.py:120} INFO - [2025-07-13T11:25:17.230+0000] {dag.py:2585} INFO - Sync 1 DAGs
[2025-07-13T11:25:17.267+0000] {logging_mixin.py:120} INFO - [2025-07-13T11:25:17.267+0000] {dag.py:3340} INFO - Setting next_dagrun for example_branch_python_operator_decorator to 2025-07-12T00:00:00+00:00, run_after=2025-07-13T00:00:00+00:00
[2025-07-13T11:25:17.301+0000] {processor.py:176} INFO - Processing /home/airflow/.local/lib/python3.7/site-packages/airflow/example_dags/example_branch_operator_decorator.py took 0.175 seconds
[2025-07-13T11:25:48.214+0000] {processor.py:154} INFO - Started process (PID=9920) to work on /home/airflow/.local/lib/python3.7/site-packages/airflow/example_dags/example_branch_operator_decorator.py
[2025-07-13T11:25:48.216+0000] {processor.py:756} INFO - Processing file /home/airflow/.local/lib/python3.7/site-packages/airflow/example_dags/example_branch_operator_decorator.py for tasks to queue
[2025-07-13T11:25:48.217+0000] {logging_mixin.py:120} INFO - [2025-07-13T11:25:48.217+0000] {dagbag.py:537} INFO - Filling up the DagBag from /home/airflow/.local/lib/python3.7/site-packages/airflow/example_dags/example_branch_operator_decorator.py
[2025-07-13T11:25:48.256+0000] {processor.py:766} INFO - DAG(s) dict_keys(['example_branch_python_operator_decorator']) retrieved from /home/airflow/.local/lib/python3.7/site-packages/airflow/example_dags/example_branch_operator_decorator.py
[2025-07-13T11:25:48.323+0000] {logging_mixin.py:120} INFO - [2025-07-13T11:25:48.322+0000] {dag.py:2585} INFO - Sync 1 DAGs
[2025-07-13T11:25:48.367+0000] {logging_mixin.py:120} INFO - [2025-07-13T11:25:48.367+0000] {dag.py:3340} INFO - Setting next_dagrun for example_branch_python_operator_decorator to 2025-07-12T00:00:00+00:00, run_after=2025-07-13T00:00:00+00:00
[2025-07-13T11:25:48.408+0000] {processor.py:176} INFO - Processing /home/airflow/.local/lib/python3.7/site-packages/airflow/example_dags/example_branch_operator_decorator.py took 0.200 seconds
[2025-07-13T11:26:19.295+0000] {processor.py:154} INFO - Started process (PID=9975) to work on /home/airflow/.local/lib/python3.7/site-packages/airflow/example_dags/example_branch_operator_decorator.py
[2025-07-13T11:26:19.297+0000] {processor.py:756} INFO - Processing file /home/airflow/.local/lib/python3.7/site-packages/airflow/example_dags/example_branch_operator_decorator.py for tasks to queue
[2025-07-13T11:26:19.299+0000] {logging_mixin.py:120} INFO - [2025-07-13T11:26:19.298+0000] {dagbag.py:537} INFO - Filling up the DagBag from /home/airflow/.local/lib/python3.7/site-packages/airflow/example_dags/example_branch_operator_decorator.py
[2025-07-13T11:26:19.344+0000] {processor.py:766} INFO - DAG(s) dict_keys(['example_branch_python_operator_decorator']) retrieved from /home/airflow/.local/lib/python3.7/site-packages/airflow/example_dags/example_branch_operator_decorator.py
[2025-07-13T11:26:19.444+0000] {logging_mixin.py:120} INFO - [2025-07-13T11:26:19.444+0000] {dag.py:2585} INFO - Sync 1 DAGs
[2025-07-13T11:26:19.503+0000] {logging_mixin.py:120} INFO - [2025-07-13T11:26:19.502+0000] {dag.py:3340} INFO - Setting next_dagrun for example_branch_python_operator_decorator to 2025-07-12T00:00:00+00:00, run_after=2025-07-13T00:00:00+00:00
[2025-07-13T11:26:19.561+0000] {processor.py:176} INFO - Processing /home/airflow/.local/lib/python3.7/site-packages/airflow/example_dags/example_branch_operator_decorator.py took 0.275 seconds
[2025-07-13T11:26:49.999+0000] {processor.py:154} INFO - Started process (PID=10035) to work on /home/airflow/.local/lib/python3.7/site-packages/airflow/example_dags/example_branch_operator_decorator.py
[2025-07-13T11:26:50.008+0000] {processor.py:756} INFO - Processing file /home/airflow/.local/lib/python3.7/site-packages/airflow/example_dags/example_branch_operator_decorator.py for tasks to queue
[2025-07-13T11:26:50.011+0000] {logging_mixin.py:120} INFO - [2025-07-13T11:26:50.010+0000] {dagbag.py:537} INFO - Filling up the DagBag from /home/airflow/.local/lib/python3.7/site-packages/airflow/example_dags/example_branch_operator_decorator.py
[2025-07-13T11:26:50.131+0000] {processor.py:766} INFO - DAG(s) dict_keys(['example_branch_python_operator_decorator']) retrieved from /home/airflow/.local/lib/python3.7/site-packages/airflow/example_dags/example_branch_operator_decorator.py
[2025-07-13T11:26:50.247+0000] {logging_mixin.py:120} INFO - [2025-07-13T11:26:50.246+0000] {dag.py:2585} INFO - Sync 1 DAGs
[2025-07-13T11:26:50.313+0000] {logging_mixin.py:120} INFO - [2025-07-13T11:26:50.312+0000] {dag.py:3340} INFO - Setting next_dagrun for example_branch_python_operator_decorator to 2025-07-12T00:00:00+00:00, run_after=2025-07-13T00:00:00+00:00
[2025-07-13T11:26:50.360+0000] {processor.py:176} INFO - Processing /home/airflow/.local/lib/python3.7/site-packages/airflow/example_dags/example_branch_operator_decorator.py took 0.374 seconds
[2025-07-13T11:27:20.724+0000] {processor.py:154} INFO - Started process (PID=10091) to work on /home/airflow/.local/lib/python3.7/site-packages/airflow/example_dags/example_branch_operator_decorator.py
[2025-07-13T11:27:20.726+0000] {processor.py:756} INFO - Processing file /home/airflow/.local/lib/python3.7/site-packages/airflow/example_dags/example_branch_operator_decorator.py for tasks to queue
[2025-07-13T11:27:20.728+0000] {logging_mixin.py:120} INFO - [2025-07-13T11:27:20.727+0000] {dagbag.py:537} INFO - Filling up the DagBag from /home/airflow/.local/lib/python3.7/site-packages/airflow/example_dags/example_branch_operator_decorator.py
[2025-07-13T11:27:20.763+0000] {processor.py:766} INFO - DAG(s) dict_keys(['example_branch_python_operator_decorator']) retrieved from /home/airflow/.local/lib/python3.7/site-packages/airflow/example_dags/example_branch_operator_decorator.py
[2025-07-13T11:27:20.848+0000] {logging_mixin.py:120} INFO - [2025-07-13T11:27:20.848+0000] {dag.py:2585} INFO - Sync 1 DAGs
[2025-07-13T11:27:20.909+0000] {logging_mixin.py:120} INFO - [2025-07-13T11:27:20.909+0000] {dag.py:3340} INFO - Setting next_dagrun for example_branch_python_operator_decorator to 2025-07-12T00:00:00+00:00, run_after=2025-07-13T00:00:00+00:00
[2025-07-13T11:27:21.006+0000] {processor.py:176} INFO - Processing /home/airflow/.local/lib/python3.7/site-packages/airflow/example_dags/example_branch_operator_decorator.py took 0.288 seconds
[2025-07-13T11:27:51.618+0000] {processor.py:154} INFO - Started process (PID=10154) to work on /home/airflow/.local/lib/python3.7/site-packages/airflow/example_dags/example_branch_operator_decorator.py
[2025-07-13T11:27:51.619+0000] {processor.py:756} INFO - Processing file /home/airflow/.local/lib/python3.7/site-packages/airflow/example_dags/example_branch_operator_decorator.py for tasks to queue
[2025-07-13T11:27:51.622+0000] {logging_mixin.py:120} INFO - [2025-07-13T11:27:51.621+0000] {dagbag.py:537} INFO - Filling up the DagBag from /home/airflow/.local/lib/python3.7/site-packages/airflow/example_dags/example_branch_operator_decorator.py
[2025-07-13T11:27:51.665+0000] {processor.py:766} INFO - DAG(s) dict_keys(['example_branch_python_operator_decorator']) retrieved from /home/airflow/.local/lib/python3.7/site-packages/airflow/example_dags/example_branch_operator_decorator.py
[2025-07-13T11:27:51.762+0000] {logging_mixin.py:120} INFO - [2025-07-13T11:27:51.761+0000] {dag.py:2585} INFO - Sync 1 DAGs
[2025-07-13T11:27:51.837+0000] {logging_mixin.py:120} INFO - [2025-07-13T11:27:51.836+0000] {dag.py:3340} INFO - Setting next_dagrun for example_branch_python_operator_decorator to 2025-07-12T00:00:00+00:00, run_after=2025-07-13T00:00:00+00:00
[2025-07-13T11:27:51.896+0000] {processor.py:176} INFO - Processing /home/airflow/.local/lib/python3.7/site-packages/airflow/example_dags/example_branch_operator_decorator.py took 0.282 seconds
[2025-07-13T11:28:22.441+0000] {processor.py:154} INFO - Started process (PID=10208) to work on /home/airflow/.local/lib/python3.7/site-packages/airflow/example_dags/example_branch_operator_decorator.py
[2025-07-13T11:28:22.442+0000] {processor.py:756} INFO - Processing file /home/airflow/.local/lib/python3.7/site-packages/airflow/example_dags/example_branch_operator_decorator.py for tasks to queue
[2025-07-13T11:28:22.443+0000] {logging_mixin.py:120} INFO - [2025-07-13T11:28:22.443+0000] {dagbag.py:537} INFO - Filling up the DagBag from /home/airflow/.local/lib/python3.7/site-packages/airflow/example_dags/example_branch_operator_decorator.py
[2025-07-13T11:28:22.489+0000] {processor.py:766} INFO - DAG(s) dict_keys(['example_branch_python_operator_decorator']) retrieved from /home/airflow/.local/lib/python3.7/site-packages/airflow/example_dags/example_branch_operator_decorator.py
[2025-07-13T11:28:22.596+0000] {logging_mixin.py:120} INFO - [2025-07-13T11:28:22.596+0000] {dag.py:2585} INFO - Sync 1 DAGs
[2025-07-13T11:28:22.648+0000] {logging_mixin.py:120} INFO - [2025-07-13T11:28:22.648+0000] {dag.py:3340} INFO - Setting next_dagrun for example_branch_python_operator_decorator to 2025-07-12T00:00:00+00:00, run_after=2025-07-13T00:00:00+00:00
[2025-07-13T11:28:22.682+0000] {processor.py:176} INFO - Processing /home/airflow/.local/lib/python3.7/site-packages/airflow/example_dags/example_branch_operator_decorator.py took 0.247 seconds
[2025-07-13T11:28:53.262+0000] {processor.py:154} INFO - Started process (PID=10262) to work on /home/airflow/.local/lib/python3.7/site-packages/airflow/example_dags/example_branch_operator_decorator.py
[2025-07-13T11:28:53.264+0000] {processor.py:756} INFO - Processing file /home/airflow/.local/lib/python3.7/site-packages/airflow/example_dags/example_branch_operator_decorator.py for tasks to queue
[2025-07-13T11:28:53.265+0000] {logging_mixin.py:120} INFO - [2025-07-13T11:28:53.265+0000] {dagbag.py:537} INFO - Filling up the DagBag from /home/airflow/.local/lib/python3.7/site-packages/airflow/example_dags/example_branch_operator_decorator.py
[2025-07-13T11:28:53.319+0000] {processor.py:766} INFO - DAG(s) dict_keys(['example_branch_python_operator_decorator']) retrieved from /home/airflow/.local/lib/python3.7/site-packages/airflow/example_dags/example_branch_operator_decorator.py
[2025-07-13T11:28:53.392+0000] {logging_mixin.py:120} INFO - [2025-07-13T11:28:53.392+0000] {dag.py:2585} INFO - Sync 1 DAGs
[2025-07-13T11:28:53.431+0000] {logging_mixin.py:120} INFO - [2025-07-13T11:28:53.431+0000] {dag.py:3340} INFO - Setting next_dagrun for example_branch_python_operator_decorator to 2025-07-12T00:00:00+00:00, run_after=2025-07-13T00:00:00+00:00
[2025-07-13T11:28:53.472+0000] {processor.py:176} INFO - Processing /home/airflow/.local/lib/python3.7/site-packages/airflow/example_dags/example_branch_operator_decorator.py took 0.216 seconds
[2025-07-13T11:29:23.616+0000] {processor.py:154} INFO - Started process (PID=10325) to work on /home/airflow/.local/lib/python3.7/site-packages/airflow/example_dags/example_branch_operator_decorator.py
[2025-07-13T11:29:23.618+0000] {processor.py:756} INFO - Processing file /home/airflow/.local/lib/python3.7/site-packages/airflow/example_dags/example_branch_operator_decorator.py for tasks to queue
[2025-07-13T11:29:23.620+0000] {logging_mixin.py:120} INFO - [2025-07-13T11:29:23.619+0000] {dagbag.py:537} INFO - Filling up the DagBag from /home/airflow/.local/lib/python3.7/site-packages/airflow/example_dags/example_branch_operator_decorator.py
[2025-07-13T11:29:23.695+0000] {processor.py:766} INFO - DAG(s) dict_keys(['example_branch_python_operator_decorator']) retrieved from /home/airflow/.local/lib/python3.7/site-packages/airflow/example_dags/example_branch_operator_decorator.py
[2025-07-13T11:29:23.861+0000] {logging_mixin.py:120} INFO - [2025-07-13T11:29:23.860+0000] {dag.py:2585} INFO - Sync 1 DAGs
[2025-07-13T11:29:23.967+0000] {logging_mixin.py:120} INFO - [2025-07-13T11:29:23.967+0000] {dag.py:3340} INFO - Setting next_dagrun for example_branch_python_operator_decorator to 2025-07-12T00:00:00+00:00, run_after=2025-07-13T00:00:00+00:00
[2025-07-13T11:29:24.091+0000] {processor.py:176} INFO - Processing /home/airflow/.local/lib/python3.7/site-packages/airflow/example_dags/example_branch_operator_decorator.py took 0.480 seconds
[2025-07-13T11:29:54.372+0000] {processor.py:154} INFO - Started process (PID=10378) to work on /home/airflow/.local/lib/python3.7/site-packages/airflow/example_dags/example_branch_operator_decorator.py
[2025-07-13T11:29:54.374+0000] {processor.py:756} INFO - Processing file /home/airflow/.local/lib/python3.7/site-packages/airflow/example_dags/example_branch_operator_decorator.py for tasks to queue
[2025-07-13T11:29:54.375+0000] {logging_mixin.py:120} INFO - [2025-07-13T11:29:54.375+0000] {dagbag.py:537} INFO - Filling up the DagBag from /home/airflow/.local/lib/python3.7/site-packages/airflow/example_dags/example_branch_operator_decorator.py
[2025-07-13T11:29:54.431+0000] {processor.py:766} INFO - DAG(s) dict_keys(['example_branch_python_operator_decorator']) retrieved from /home/airflow/.local/lib/python3.7/site-packages/airflow/example_dags/example_branch_operator_decorator.py
[2025-07-13T11:29:54.526+0000] {logging_mixin.py:120} INFO - [2025-07-13T11:29:54.525+0000] {dag.py:2585} INFO - Sync 1 DAGs
[2025-07-13T11:29:54.604+0000] {logging_mixin.py:120} INFO - [2025-07-13T11:29:54.603+0000] {dag.py:3340} INFO - Setting next_dagrun for example_branch_python_operator_decorator to 2025-07-12T00:00:00+00:00, run_after=2025-07-13T00:00:00+00:00
[2025-07-13T11:29:54.663+0000] {processor.py:176} INFO - Processing /home/airflow/.local/lib/python3.7/site-packages/airflow/example_dags/example_branch_operator_decorator.py took 0.297 seconds
[2025-07-13T11:30:27.277+0000] {processor.py:154} INFO - Started process (PID=10433) to work on /home/airflow/.local/lib/python3.7/site-packages/airflow/example_dags/example_branch_operator_decorator.py
[2025-07-13T11:30:27.280+0000] {processor.py:756} INFO - Processing file /home/airflow/.local/lib/python3.7/site-packages/airflow/example_dags/example_branch_operator_decorator.py for tasks to queue
[2025-07-13T11:30:27.282+0000] {logging_mixin.py:120} INFO - [2025-07-13T11:30:27.282+0000] {dagbag.py:537} INFO - Filling up the DagBag from /home/airflow/.local/lib/python3.7/site-packages/airflow/example_dags/example_branch_operator_decorator.py
[2025-07-13T11:30:27.326+0000] {processor.py:766} INFO - DAG(s) dict_keys(['example_branch_python_operator_decorator']) retrieved from /home/airflow/.local/lib/python3.7/site-packages/airflow/example_dags/example_branch_operator_decorator.py
[2025-07-13T11:30:27.417+0000] {logging_mixin.py:120} INFO - [2025-07-13T11:30:27.417+0000] {dag.py:2585} INFO - Sync 1 DAGs
[2025-07-13T11:30:27.467+0000] {logging_mixin.py:120} INFO - [2025-07-13T11:30:27.466+0000] {dag.py:3340} INFO - Setting next_dagrun for example_branch_python_operator_decorator to 2025-07-12T00:00:00+00:00, run_after=2025-07-13T00:00:00+00:00
[2025-07-13T11:30:27.502+0000] {processor.py:176} INFO - Processing /home/airflow/.local/lib/python3.7/site-packages/airflow/example_dags/example_branch_operator_decorator.py took 0.233 seconds
[2025-07-13T11:30:57.699+0000] {processor.py:154} INFO - Started process (PID=10486) to work on /home/airflow/.local/lib/python3.7/site-packages/airflow/example_dags/example_branch_operator_decorator.py
[2025-07-13T11:30:57.701+0000] {processor.py:756} INFO - Processing file /home/airflow/.local/lib/python3.7/site-packages/airflow/example_dags/example_branch_operator_decorator.py for tasks to queue
[2025-07-13T11:30:57.702+0000] {logging_mixin.py:120} INFO - [2025-07-13T11:30:57.702+0000] {dagbag.py:537} INFO - Filling up the DagBag from /home/airflow/.local/lib/python3.7/site-packages/airflow/example_dags/example_branch_operator_decorator.py
[2025-07-13T11:30:57.750+0000] {processor.py:766} INFO - DAG(s) dict_keys(['example_branch_python_operator_decorator']) retrieved from /home/airflow/.local/lib/python3.7/site-packages/airflow/example_dags/example_branch_operator_decorator.py
[2025-07-13T11:30:57.819+0000] {logging_mixin.py:120} INFO - [2025-07-13T11:30:57.818+0000] {dag.py:2585} INFO - Sync 1 DAGs
[2025-07-13T11:30:57.857+0000] {logging_mixin.py:120} INFO - [2025-07-13T11:30:57.857+0000] {dag.py:3340} INFO - Setting next_dagrun for example_branch_python_operator_decorator to 2025-07-12T00:00:00+00:00, run_after=2025-07-13T00:00:00+00:00
[2025-07-13T11:30:57.912+0000] {processor.py:176} INFO - Processing /home/airflow/.local/lib/python3.7/site-packages/airflow/example_dags/example_branch_operator_decorator.py took 0.218 seconds
[2025-07-13T11:31:29.018+0000] {processor.py:154} INFO - Started process (PID=10549) to work on /home/airflow/.local/lib/python3.7/site-packages/airflow/example_dags/example_branch_operator_decorator.py
[2025-07-13T11:31:29.020+0000] {processor.py:756} INFO - Processing file /home/airflow/.local/lib/python3.7/site-packages/airflow/example_dags/example_branch_operator_decorator.py for tasks to queue
[2025-07-13T11:31:29.022+0000] {logging_mixin.py:120} INFO - [2025-07-13T11:31:29.021+0000] {dagbag.py:537} INFO - Filling up the DagBag from /home/airflow/.local/lib/python3.7/site-packages/airflow/example_dags/example_branch_operator_decorator.py
[2025-07-13T11:31:29.073+0000] {processor.py:766} INFO - DAG(s) dict_keys(['example_branch_python_operator_decorator']) retrieved from /home/airflow/.local/lib/python3.7/site-packages/airflow/example_dags/example_branch_operator_decorator.py
[2025-07-13T11:31:29.156+0000] {logging_mixin.py:120} INFO - [2025-07-13T11:31:29.156+0000] {dag.py:2585} INFO - Sync 1 DAGs
[2025-07-13T11:31:29.246+0000] {logging_mixin.py:120} INFO - [2025-07-13T11:31:29.246+0000] {dag.py:3340} INFO - Setting next_dagrun for example_branch_python_operator_decorator to 2025-07-12T00:00:00+00:00, run_after=2025-07-13T00:00:00+00:00
[2025-07-13T11:31:29.286+0000] {processor.py:176} INFO - Processing /home/airflow/.local/lib/python3.7/site-packages/airflow/example_dags/example_branch_operator_decorator.py took 0.274 seconds
[2025-07-13T11:31:59.592+0000] {processor.py:154} INFO - Started process (PID=10603) to work on /home/airflow/.local/lib/python3.7/site-packages/airflow/example_dags/example_branch_operator_decorator.py
[2025-07-13T11:31:59.594+0000] {processor.py:756} INFO - Processing file /home/airflow/.local/lib/python3.7/site-packages/airflow/example_dags/example_branch_operator_decorator.py for tasks to queue
[2025-07-13T11:31:59.595+0000] {logging_mixin.py:120} INFO - [2025-07-13T11:31:59.595+0000] {dagbag.py:537} INFO - Filling up the DagBag from /home/airflow/.local/lib/python3.7/site-packages/airflow/example_dags/example_branch_operator_decorator.py
[2025-07-13T11:31:59.649+0000] {processor.py:766} INFO - DAG(s) dict_keys(['example_branch_python_operator_decorator']) retrieved from /home/airflow/.local/lib/python3.7/site-packages/airflow/example_dags/example_branch_operator_decorator.py
[2025-07-13T11:31:59.773+0000] {logging_mixin.py:120} INFO - [2025-07-13T11:31:59.772+0000] {dag.py:2585} INFO - Sync 1 DAGs
[2025-07-13T11:31:59.829+0000] {logging_mixin.py:120} INFO - [2025-07-13T11:31:59.829+0000] {dag.py:3340} INFO - Setting next_dagrun for example_branch_python_operator_decorator to 2025-07-12T00:00:00+00:00, run_after=2025-07-13T00:00:00+00:00
[2025-07-13T11:31:59.873+0000] {processor.py:176} INFO - Processing /home/airflow/.local/lib/python3.7/site-packages/airflow/example_dags/example_branch_operator_decorator.py took 0.286 seconds
[2025-07-13T11:32:30.785+0000] {processor.py:154} INFO - Started process (PID=10666) to work on /home/airflow/.local/lib/python3.7/site-packages/airflow/example_dags/example_branch_operator_decorator.py
[2025-07-13T11:32:30.786+0000] {processor.py:756} INFO - Processing file /home/airflow/.local/lib/python3.7/site-packages/airflow/example_dags/example_branch_operator_decorator.py for tasks to queue
[2025-07-13T11:32:30.788+0000] {logging_mixin.py:120} INFO - [2025-07-13T11:32:30.788+0000] {dagbag.py:537} INFO - Filling up the DagBag from /home/airflow/.local/lib/python3.7/site-packages/airflow/example_dags/example_branch_operator_decorator.py
[2025-07-13T11:32:30.824+0000] {processor.py:766} INFO - DAG(s) dict_keys(['example_branch_python_operator_decorator']) retrieved from /home/airflow/.local/lib/python3.7/site-packages/airflow/example_dags/example_branch_operator_decorator.py
[2025-07-13T11:32:30.879+0000] {logging_mixin.py:120} INFO - [2025-07-13T11:32:30.879+0000] {dag.py:2585} INFO - Sync 1 DAGs
[2025-07-13T11:32:30.911+0000] {logging_mixin.py:120} INFO - [2025-07-13T11:32:30.911+0000] {dag.py:3340} INFO - Setting next_dagrun for example_branch_python_operator_decorator to 2025-07-12T00:00:00+00:00, run_after=2025-07-13T00:00:00+00:00
[2025-07-13T11:32:30.940+0000] {processor.py:176} INFO - Processing /home/airflow/.local/lib/python3.7/site-packages/airflow/example_dags/example_branch_operator_decorator.py took 0.163 seconds
[2025-07-13T11:33:02.058+0000] {processor.py:154} INFO - Started process (PID=10719) to work on /home/airflow/.local/lib/python3.7/site-packages/airflow/example_dags/example_branch_operator_decorator.py
[2025-07-13T11:33:02.059+0000] {processor.py:756} INFO - Processing file /home/airflow/.local/lib/python3.7/site-packages/airflow/example_dags/example_branch_operator_decorator.py for tasks to queue
[2025-07-13T11:33:02.061+0000] {logging_mixin.py:120} INFO - [2025-07-13T11:33:02.061+0000] {dagbag.py:537} INFO - Filling up the DagBag from /home/airflow/.local/lib/python3.7/site-packages/airflow/example_dags/example_branch_operator_decorator.py
[2025-07-13T11:33:02.109+0000] {processor.py:766} INFO - DAG(s) dict_keys(['example_branch_python_operator_decorator']) retrieved from /home/airflow/.local/lib/python3.7/site-packages/airflow/example_dags/example_branch_operator_decorator.py
[2025-07-13T11:33:02.182+0000] {logging_mixin.py:120} INFO - [2025-07-13T11:33:02.181+0000] {dag.py:2585} INFO - Sync 1 DAGs
[2025-07-13T11:33:02.229+0000] {logging_mixin.py:120} INFO - [2025-07-13T11:33:02.228+0000] {dag.py:3340} INFO - Setting next_dagrun for example_branch_python_operator_decorator to 2025-07-12T00:00:00+00:00, run_after=2025-07-13T00:00:00+00:00
[2025-07-13T11:33:02.268+0000] {processor.py:176} INFO - Processing /home/airflow/.local/lib/python3.7/site-packages/airflow/example_dags/example_branch_operator_decorator.py took 0.216 seconds
[2025-07-13T11:33:33.024+0000] {processor.py:154} INFO - Started process (PID=10784) to work on /home/airflow/.local/lib/python3.7/site-packages/airflow/example_dags/example_branch_operator_decorator.py
[2025-07-13T11:33:33.026+0000] {processor.py:756} INFO - Processing file /home/airflow/.local/lib/python3.7/site-packages/airflow/example_dags/example_branch_operator_decorator.py for tasks to queue
[2025-07-13T11:33:33.027+0000] {logging_mixin.py:120} INFO - [2025-07-13T11:33:33.027+0000] {dagbag.py:537} INFO - Filling up the DagBag from /home/airflow/.local/lib/python3.7/site-packages/airflow/example_dags/example_branch_operator_decorator.py
[2025-07-13T11:33:33.084+0000] {processor.py:766} INFO - DAG(s) dict_keys(['example_branch_python_operator_decorator']) retrieved from /home/airflow/.local/lib/python3.7/site-packages/airflow/example_dags/example_branch_operator_decorator.py
[2025-07-13T11:33:33.179+0000] {logging_mixin.py:120} INFO - [2025-07-13T11:33:33.179+0000] {dag.py:2585} INFO - Sync 1 DAGs
[2025-07-13T11:33:33.241+0000] {logging_mixin.py:120} INFO - [2025-07-13T11:33:33.240+0000] {dag.py:3340} INFO - Setting next_dagrun for example_branch_python_operator_decorator to 2025-07-12T00:00:00+00:00, run_after=2025-07-13T00:00:00+00:00
[2025-07-13T11:33:33.322+0000] {processor.py:176} INFO - Processing /home/airflow/.local/lib/python3.7/site-packages/airflow/example_dags/example_branch_operator_decorator.py took 0.295 seconds
[2025-07-13T11:34:03.574+0000] {processor.py:154} INFO - Started process (PID=10838) to work on /home/airflow/.local/lib/python3.7/site-packages/airflow/example_dags/example_branch_operator_decorator.py
[2025-07-13T11:34:03.575+0000] {processor.py:756} INFO - Processing file /home/airflow/.local/lib/python3.7/site-packages/airflow/example_dags/example_branch_operator_decorator.py for tasks to queue
[2025-07-13T11:34:03.577+0000] {logging_mixin.py:120} INFO - [2025-07-13T11:34:03.576+0000] {dagbag.py:537} INFO - Filling up the DagBag from /home/airflow/.local/lib/python3.7/site-packages/airflow/example_dags/example_branch_operator_decorator.py
[2025-07-13T11:34:03.616+0000] {processor.py:766} INFO - DAG(s) dict_keys(['example_branch_python_operator_decorator']) retrieved from /home/airflow/.local/lib/python3.7/site-packages/airflow/example_dags/example_branch_operator_decorator.py
[2025-07-13T11:34:03.691+0000] {logging_mixin.py:120} INFO - [2025-07-13T11:34:03.690+0000] {dag.py:2585} INFO - Sync 1 DAGs
[2025-07-13T11:34:03.738+0000] {logging_mixin.py:120} INFO - [2025-07-13T11:34:03.738+0000] {dag.py:3340} INFO - Setting next_dagrun for example_branch_python_operator_decorator to 2025-07-12T00:00:00+00:00, run_after=2025-07-13T00:00:00+00:00
[2025-07-13T11:34:03.772+0000] {processor.py:176} INFO - Processing /home/airflow/.local/lib/python3.7/site-packages/airflow/example_dags/example_branch_operator_decorator.py took 0.205 seconds
[2025-07-13T11:34:34.877+0000] {processor.py:154} INFO - Started process (PID=10892) to work on /home/airflow/.local/lib/python3.7/site-packages/airflow/example_dags/example_branch_operator_decorator.py
[2025-07-13T11:34:34.878+0000] {processor.py:756} INFO - Processing file /home/airflow/.local/lib/python3.7/site-packages/airflow/example_dags/example_branch_operator_decorator.py for tasks to queue
[2025-07-13T11:34:34.880+0000] {logging_mixin.py:120} INFO - [2025-07-13T11:34:34.880+0000] {dagbag.py:537} INFO - Filling up the DagBag from /home/airflow/.local/lib/python3.7/site-packages/airflow/example_dags/example_branch_operator_decorator.py
[2025-07-13T11:34:34.968+0000] {processor.py:766} INFO - DAG(s) dict_keys(['example_branch_python_operator_decorator']) retrieved from /home/airflow/.local/lib/python3.7/site-packages/airflow/example_dags/example_branch_operator_decorator.py
[2025-07-13T11:34:35.111+0000] {logging_mixin.py:120} INFO - [2025-07-13T11:34:35.110+0000] {dag.py:2585} INFO - Sync 1 DAGs
[2025-07-13T11:34:35.176+0000] {logging_mixin.py:120} INFO - [2025-07-13T11:34:35.175+0000] {dag.py:3340} INFO - Setting next_dagrun for example_branch_python_operator_decorator to 2025-07-12T00:00:00+00:00, run_after=2025-07-13T00:00:00+00:00
[2025-07-13T11:34:35.264+0000] {processor.py:176} INFO - Processing /home/airflow/.local/lib/python3.7/site-packages/airflow/example_dags/example_branch_operator_decorator.py took 0.399 seconds
[2025-07-13T11:35:05.808+0000] {processor.py:154} INFO - Started process (PID=10954) to work on /home/airflow/.local/lib/python3.7/site-packages/airflow/example_dags/example_branch_operator_decorator.py
[2025-07-13T11:35:05.810+0000] {processor.py:756} INFO - Processing file /home/airflow/.local/lib/python3.7/site-packages/airflow/example_dags/example_branch_operator_decorator.py for tasks to queue
[2025-07-13T11:35:05.812+0000] {logging_mixin.py:120} INFO - [2025-07-13T11:35:05.811+0000] {dagbag.py:537} INFO - Filling up the DagBag from /home/airflow/.local/lib/python3.7/site-packages/airflow/example_dags/example_branch_operator_decorator.py
[2025-07-13T11:35:05.860+0000] {processor.py:766} INFO - DAG(s) dict_keys(['example_branch_python_operator_decorator']) retrieved from /home/airflow/.local/lib/python3.7/site-packages/airflow/example_dags/example_branch_operator_decorator.py
[2025-07-13T11:35:05.934+0000] {logging_mixin.py:120} INFO - [2025-07-13T11:35:05.933+0000] {dag.py:2585} INFO - Sync 1 DAGs
[2025-07-13T11:35:05.980+0000] {logging_mixin.py:120} INFO - [2025-07-13T11:35:05.980+0000] {dag.py:3340} INFO - Setting next_dagrun for example_branch_python_operator_decorator to 2025-07-12T00:00:00+00:00, run_after=2025-07-13T00:00:00+00:00
[2025-07-13T11:35:06.025+0000] {processor.py:176} INFO - Processing /home/airflow/.local/lib/python3.7/site-packages/airflow/example_dags/example_branch_operator_decorator.py took 0.222 seconds
[2025-07-13T11:35:36.608+0000] {processor.py:154} INFO - Started process (PID=11009) to work on /home/airflow/.local/lib/python3.7/site-packages/airflow/example_dags/example_branch_operator_decorator.py
[2025-07-13T11:35:36.609+0000] {processor.py:756} INFO - Processing file /home/airflow/.local/lib/python3.7/site-packages/airflow/example_dags/example_branch_operator_decorator.py for tasks to queue
[2025-07-13T11:35:36.611+0000] {logging_mixin.py:120} INFO - [2025-07-13T11:35:36.611+0000] {dagbag.py:537} INFO - Filling up the DagBag from /home/airflow/.local/lib/python3.7/site-packages/airflow/example_dags/example_branch_operator_decorator.py
[2025-07-13T11:35:36.644+0000] {processor.py:766} INFO - DAG(s) dict_keys(['example_branch_python_operator_decorator']) retrieved from /home/airflow/.local/lib/python3.7/site-packages/airflow/example_dags/example_branch_operator_decorator.py
[2025-07-13T11:35:36.718+0000] {logging_mixin.py:120} INFO - [2025-07-13T11:35:36.717+0000] {dag.py:2585} INFO - Sync 1 DAGs
[2025-07-13T11:35:36.760+0000] {logging_mixin.py:120} INFO - [2025-07-13T11:35:36.760+0000] {dag.py:3340} INFO - Setting next_dagrun for example_branch_python_operator_decorator to 2025-07-12T00:00:00+00:00, run_after=2025-07-13T00:00:00+00:00
[2025-07-13T11:35:36.792+0000] {processor.py:176} INFO - Processing /home/airflow/.local/lib/python3.7/site-packages/airflow/example_dags/example_branch_operator_decorator.py took 0.189 seconds
[2025-07-13T11:36:08.001+0000] {processor.py:154} INFO - Started process (PID=11073) to work on /home/airflow/.local/lib/python3.7/site-packages/airflow/example_dags/example_branch_operator_decorator.py
[2025-07-13T11:36:08.002+0000] {processor.py:756} INFO - Processing file /home/airflow/.local/lib/python3.7/site-packages/airflow/example_dags/example_branch_operator_decorator.py for tasks to queue
[2025-07-13T11:36:08.003+0000] {logging_mixin.py:120} INFO - [2025-07-13T11:36:08.003+0000] {dagbag.py:537} INFO - Filling up the DagBag from /home/airflow/.local/lib/python3.7/site-packages/airflow/example_dags/example_branch_operator_decorator.py
[2025-07-13T11:36:08.033+0000] {processor.py:766} INFO - DAG(s) dict_keys(['example_branch_python_operator_decorator']) retrieved from /home/airflow/.local/lib/python3.7/site-packages/airflow/example_dags/example_branch_operator_decorator.py
[2025-07-13T11:36:08.083+0000] {logging_mixin.py:120} INFO - [2025-07-13T11:36:08.083+0000] {dag.py:2585} INFO - Sync 1 DAGs
[2025-07-13T11:36:08.121+0000] {logging_mixin.py:120} INFO - [2025-07-13T11:36:08.121+0000] {dag.py:3340} INFO - Setting next_dagrun for example_branch_python_operator_decorator to 2025-07-12T00:00:00+00:00, run_after=2025-07-13T00:00:00+00:00
[2025-07-13T11:36:08.154+0000] {processor.py:176} INFO - Processing /home/airflow/.local/lib/python3.7/site-packages/airflow/example_dags/example_branch_operator_decorator.py took 0.159 seconds
[2025-07-13T11:36:38.450+0000] {processor.py:154} INFO - Started process (PID=11136) to work on /home/airflow/.local/lib/python3.7/site-packages/airflow/example_dags/example_branch_operator_decorator.py
[2025-07-13T11:36:38.452+0000] {processor.py:756} INFO - Processing file /home/airflow/.local/lib/python3.7/site-packages/airflow/example_dags/example_branch_operator_decorator.py for tasks to queue
[2025-07-13T11:36:38.454+0000] {logging_mixin.py:120} INFO - [2025-07-13T11:36:38.454+0000] {dagbag.py:537} INFO - Filling up the DagBag from /home/airflow/.local/lib/python3.7/site-packages/airflow/example_dags/example_branch_operator_decorator.py
[2025-07-13T11:36:38.495+0000] {processor.py:766} INFO - DAG(s) dict_keys(['example_branch_python_operator_decorator']) retrieved from /home/airflow/.local/lib/python3.7/site-packages/airflow/example_dags/example_branch_operator_decorator.py
[2025-07-13T11:36:38.576+0000] {logging_mixin.py:120} INFO - [2025-07-13T11:36:38.576+0000] {dag.py:2585} INFO - Sync 1 DAGs
[2025-07-13T11:36:38.625+0000] {logging_mixin.py:120} INFO - [2025-07-13T11:36:38.624+0000] {dag.py:3340} INFO - Setting next_dagrun for example_branch_python_operator_decorator to 2025-07-12T00:00:00+00:00, run_after=2025-07-13T00:00:00+00:00
[2025-07-13T11:36:38.669+0000] {processor.py:176} INFO - Processing /home/airflow/.local/lib/python3.7/site-packages/airflow/example_dags/example_branch_operator_decorator.py took 0.225 seconds
[2025-07-13T11:37:09.512+0000] {processor.py:154} INFO - Started process (PID=11190) to work on /home/airflow/.local/lib/python3.7/site-packages/airflow/example_dags/example_branch_operator_decorator.py
[2025-07-13T11:37:09.513+0000] {processor.py:756} INFO - Processing file /home/airflow/.local/lib/python3.7/site-packages/airflow/example_dags/example_branch_operator_decorator.py for tasks to queue
[2025-07-13T11:37:09.514+0000] {logging_mixin.py:120} INFO - [2025-07-13T11:37:09.514+0000] {dagbag.py:537} INFO - Filling up the DagBag from /home/airflow/.local/lib/python3.7/site-packages/airflow/example_dags/example_branch_operator_decorator.py
[2025-07-13T11:37:09.551+0000] {processor.py:766} INFO - DAG(s) dict_keys(['example_branch_python_operator_decorator']) retrieved from /home/airflow/.local/lib/python3.7/site-packages/airflow/example_dags/example_branch_operator_decorator.py
[2025-07-13T11:37:09.609+0000] {logging_mixin.py:120} INFO - [2025-07-13T11:37:09.608+0000] {dag.py:2585} INFO - Sync 1 DAGs
[2025-07-13T11:37:09.641+0000] {logging_mixin.py:120} INFO - [2025-07-13T11:37:09.641+0000] {dag.py:3340} INFO - Setting next_dagrun for example_branch_python_operator_decorator to 2025-07-12T00:00:00+00:00, run_after=2025-07-13T00:00:00+00:00
[2025-07-13T11:37:09.671+0000] {processor.py:176} INFO - Processing /home/airflow/.local/lib/python3.7/site-packages/airflow/example_dags/example_branch_operator_decorator.py took 0.164 seconds
[2025-07-13T11:37:40.489+0000] {processor.py:154} INFO - Started process (PID=11254) to work on /home/airflow/.local/lib/python3.7/site-packages/airflow/example_dags/example_branch_operator_decorator.py
[2025-07-13T11:37:40.494+0000] {processor.py:756} INFO - Processing file /home/airflow/.local/lib/python3.7/site-packages/airflow/example_dags/example_branch_operator_decorator.py for tasks to queue
[2025-07-13T11:37:40.497+0000] {logging_mixin.py:120} INFO - [2025-07-13T11:37:40.497+0000] {dagbag.py:537} INFO - Filling up the DagBag from /home/airflow/.local/lib/python3.7/site-packages/airflow/example_dags/example_branch_operator_decorator.py
[2025-07-13T11:37:40.557+0000] {processor.py:766} INFO - DAG(s) dict_keys(['example_branch_python_operator_decorator']) retrieved from /home/airflow/.local/lib/python3.7/site-packages/airflow/example_dags/example_branch_operator_decorator.py
[2025-07-13T11:37:40.650+0000] {logging_mixin.py:120} INFO - [2025-07-13T11:37:40.650+0000] {dag.py:2585} INFO - Sync 1 DAGs
[2025-07-13T11:37:40.699+0000] {logging_mixin.py:120} INFO - [2025-07-13T11:37:40.699+0000] {dag.py:3340} INFO - Setting next_dagrun for example_branch_python_operator_decorator to 2025-07-12T00:00:00+00:00, run_after=2025-07-13T00:00:00+00:00
[2025-07-13T11:37:40.740+0000] {processor.py:176} INFO - Processing /home/airflow/.local/lib/python3.7/site-packages/airflow/example_dags/example_branch_operator_decorator.py took 0.279 seconds
[2025-07-13T11:38:11.135+0000] {processor.py:154} INFO - Started process (PID=11307) to work on /home/airflow/.local/lib/python3.7/site-packages/airflow/example_dags/example_branch_operator_decorator.py
[2025-07-13T11:38:11.136+0000] {processor.py:756} INFO - Processing file /home/airflow/.local/lib/python3.7/site-packages/airflow/example_dags/example_branch_operator_decorator.py for tasks to queue
[2025-07-13T11:38:11.138+0000] {logging_mixin.py:120} INFO - [2025-07-13T11:38:11.138+0000] {dagbag.py:537} INFO - Filling up the DagBag from /home/airflow/.local/lib/python3.7/site-packages/airflow/example_dags/example_branch_operator_decorator.py
[2025-07-13T11:38:11.173+0000] {processor.py:766} INFO - DAG(s) dict_keys(['example_branch_python_operator_decorator']) retrieved from /home/airflow/.local/lib/python3.7/site-packages/airflow/example_dags/example_branch_operator_decorator.py
[2025-07-13T11:38:11.237+0000] {logging_mixin.py:120} INFO - [2025-07-13T11:38:11.237+0000] {dag.py:2585} INFO - Sync 1 DAGs
[2025-07-13T11:38:11.279+0000] {logging_mixin.py:120} INFO - [2025-07-13T11:38:11.279+0000] {dag.py:3340} INFO - Setting next_dagrun for example_branch_python_operator_decorator to 2025-07-12T00:00:00+00:00, run_after=2025-07-13T00:00:00+00:00
[2025-07-13T11:38:11.314+0000] {processor.py:176} INFO - Processing /home/airflow/.local/lib/python3.7/site-packages/airflow/example_dags/example_branch_operator_decorator.py took 0.185 seconds
[2025-07-13T11:38:41.967+0000] {processor.py:154} INFO - Started process (PID=11361) to work on /home/airflow/.local/lib/python3.7/site-packages/airflow/example_dags/example_branch_operator_decorator.py
[2025-07-13T11:38:41.969+0000] {processor.py:756} INFO - Processing file /home/airflow/.local/lib/python3.7/site-packages/airflow/example_dags/example_branch_operator_decorator.py for tasks to queue
[2025-07-13T11:38:41.970+0000] {logging_mixin.py:120} INFO - [2025-07-13T11:38:41.970+0000] {dagbag.py:537} INFO - Filling up the DagBag from /home/airflow/.local/lib/python3.7/site-packages/airflow/example_dags/example_branch_operator_decorator.py
[2025-07-13T11:38:42.020+0000] {processor.py:766} INFO - DAG(s) dict_keys(['example_branch_python_operator_decorator']) retrieved from /home/airflow/.local/lib/python3.7/site-packages/airflow/example_dags/example_branch_operator_decorator.py
[2025-07-13T11:38:42.089+0000] {logging_mixin.py:120} INFO - [2025-07-13T11:38:42.089+0000] {dag.py:2585} INFO - Sync 1 DAGs
[2025-07-13T11:38:42.130+0000] {logging_mixin.py:120} INFO - [2025-07-13T11:38:42.129+0000] {dag.py:3340} INFO - Setting next_dagrun for example_branch_python_operator_decorator to 2025-07-12T00:00:00+00:00, run_after=2025-07-13T00:00:00+00:00
[2025-07-13T11:38:42.165+0000] {processor.py:176} INFO - Processing /home/airflow/.local/lib/python3.7/site-packages/airflow/example_dags/example_branch_operator_decorator.py took 0.205 seconds
[2025-07-13T11:39:13.217+0000] {processor.py:154} INFO - Started process (PID=11424) to work on /home/airflow/.local/lib/python3.7/site-packages/airflow/example_dags/example_branch_operator_decorator.py
[2025-07-13T11:39:13.227+0000] {processor.py:756} INFO - Processing file /home/airflow/.local/lib/python3.7/site-packages/airflow/example_dags/example_branch_operator_decorator.py for tasks to queue
[2025-07-13T11:39:13.230+0000] {logging_mixin.py:120} INFO - [2025-07-13T11:39:13.229+0000] {dagbag.py:537} INFO - Filling up the DagBag from /home/airflow/.local/lib/python3.7/site-packages/airflow/example_dags/example_branch_operator_decorator.py
[2025-07-13T11:39:13.354+0000] {processor.py:766} INFO - DAG(s) dict_keys(['example_branch_python_operator_decorator']) retrieved from /home/airflow/.local/lib/python3.7/site-packages/airflow/example_dags/example_branch_operator_decorator.py
[2025-07-13T11:39:13.475+0000] {logging_mixin.py:120} INFO - [2025-07-13T11:39:13.475+0000] {dag.py:2585} INFO - Sync 1 DAGs
[2025-07-13T11:39:13.603+0000] {logging_mixin.py:120} INFO - [2025-07-13T11:39:13.603+0000] {dag.py:3340} INFO - Setting next_dagrun for example_branch_python_operator_decorator to 2025-07-12T00:00:00+00:00, run_after=2025-07-13T00:00:00+00:00
[2025-07-13T11:39:13.651+0000] {processor.py:176} INFO - Processing /home/airflow/.local/lib/python3.7/site-packages/airflow/example_dags/example_branch_operator_decorator.py took 0.442 seconds
[2025-07-13T11:39:46.365+0000] {processor.py:154} INFO - Started process (PID=11479) to work on /home/airflow/.local/lib/python3.7/site-packages/airflow/example_dags/example_branch_operator_decorator.py
[2025-07-13T11:39:46.366+0000] {processor.py:756} INFO - Processing file /home/airflow/.local/lib/python3.7/site-packages/airflow/example_dags/example_branch_operator_decorator.py for tasks to queue
[2025-07-13T11:39:46.368+0000] {logging_mixin.py:120} INFO - [2025-07-13T11:39:46.368+0000] {dagbag.py:537} INFO - Filling up the DagBag from /home/airflow/.local/lib/python3.7/site-packages/airflow/example_dags/example_branch_operator_decorator.py
[2025-07-13T11:39:46.454+0000] {processor.py:766} INFO - DAG(s) dict_keys(['example_branch_python_operator_decorator']) retrieved from /home/airflow/.local/lib/python3.7/site-packages/airflow/example_dags/example_branch_operator_decorator.py
[2025-07-13T11:39:47.087+0000] {logging_mixin.py:120} INFO - [2025-07-13T11:39:47.087+0000] {dag.py:2585} INFO - Sync 1 DAGs
[2025-07-13T11:39:47.396+0000] {logging_mixin.py:120} INFO - [2025-07-13T11:39:47.396+0000] {dag.py:3340} INFO - Setting next_dagrun for example_branch_python_operator_decorator to 2025-07-12T00:00:00+00:00, run_after=2025-07-13T00:00:00+00:00
[2025-07-13T11:39:47.455+0000] {processor.py:176} INFO - Processing /home/airflow/.local/lib/python3.7/site-packages/airflow/example_dags/example_branch_operator_decorator.py took 1.094 seconds
[2025-07-13T11:40:17.547+0000] {processor.py:154} INFO - Started process (PID=11534) to work on /home/airflow/.local/lib/python3.7/site-packages/airflow/example_dags/example_branch_operator_decorator.py
[2025-07-13T11:40:17.548+0000] {processor.py:756} INFO - Processing file /home/airflow/.local/lib/python3.7/site-packages/airflow/example_dags/example_branch_operator_decorator.py for tasks to queue
[2025-07-13T11:40:17.549+0000] {logging_mixin.py:120} INFO - [2025-07-13T11:40:17.549+0000] {dagbag.py:537} INFO - Filling up the DagBag from /home/airflow/.local/lib/python3.7/site-packages/airflow/example_dags/example_branch_operator_decorator.py
[2025-07-13T11:40:17.594+0000] {processor.py:766} INFO - DAG(s) dict_keys(['example_branch_python_operator_decorator']) retrieved from /home/airflow/.local/lib/python3.7/site-packages/airflow/example_dags/example_branch_operator_decorator.py
[2025-07-13T11:40:17.646+0000] {logging_mixin.py:120} INFO - [2025-07-13T11:40:17.646+0000] {dag.py:2585} INFO - Sync 1 DAGs
[2025-07-13T11:40:17.689+0000] {logging_mixin.py:120} INFO - [2025-07-13T11:40:17.688+0000] {dag.py:3340} INFO - Setting next_dagrun for example_branch_python_operator_decorator to 2025-07-12T00:00:00+00:00, run_after=2025-07-13T00:00:00+00:00
[2025-07-13T11:40:17.719+0000] {processor.py:176} INFO - Processing /home/airflow/.local/lib/python3.7/site-packages/airflow/example_dags/example_branch_operator_decorator.py took 0.176 seconds
[2025-07-13T11:40:47.954+0000] {processor.py:154} INFO - Started process (PID=11597) to work on /home/airflow/.local/lib/python3.7/site-packages/airflow/example_dags/example_branch_operator_decorator.py
[2025-07-13T11:40:47.955+0000] {processor.py:756} INFO - Processing file /home/airflow/.local/lib/python3.7/site-packages/airflow/example_dags/example_branch_operator_decorator.py for tasks to queue
[2025-07-13T11:40:47.957+0000] {logging_mixin.py:120} INFO - [2025-07-13T11:40:47.956+0000] {dagbag.py:537} INFO - Filling up the DagBag from /home/airflow/.local/lib/python3.7/site-packages/airflow/example_dags/example_branch_operator_decorator.py
[2025-07-13T11:40:48.001+0000] {processor.py:766} INFO - DAG(s) dict_keys(['example_branch_python_operator_decorator']) retrieved from /home/airflow/.local/lib/python3.7/site-packages/airflow/example_dags/example_branch_operator_decorator.py
[2025-07-13T11:40:48.080+0000] {logging_mixin.py:120} INFO - [2025-07-13T11:40:48.080+0000] {dag.py:2585} INFO - Sync 1 DAGs
[2025-07-13T11:40:48.130+0000] {logging_mixin.py:120} INFO - [2025-07-13T11:40:48.130+0000] {dag.py:3340} INFO - Setting next_dagrun for example_branch_python_operator_decorator to 2025-07-12T00:00:00+00:00, run_after=2025-07-13T00:00:00+00:00
[2025-07-13T11:40:48.161+0000] {processor.py:176} INFO - Processing /home/airflow/.local/lib/python3.7/site-packages/airflow/example_dags/example_branch_operator_decorator.py took 0.214 seconds
[2025-07-13T11:41:18.784+0000] {processor.py:154} INFO - Started process (PID=11649) to work on /home/airflow/.local/lib/python3.7/site-packages/airflow/example_dags/example_branch_operator_decorator.py
[2025-07-13T11:41:18.785+0000] {processor.py:756} INFO - Processing file /home/airflow/.local/lib/python3.7/site-packages/airflow/example_dags/example_branch_operator_decorator.py for tasks to queue
[2025-07-13T11:41:18.786+0000] {logging_mixin.py:120} INFO - [2025-07-13T11:41:18.786+0000] {dagbag.py:537} INFO - Filling up the DagBag from /home/airflow/.local/lib/python3.7/site-packages/airflow/example_dags/example_branch_operator_decorator.py
[2025-07-13T11:41:18.814+0000] {processor.py:766} INFO - DAG(s) dict_keys(['example_branch_python_operator_decorator']) retrieved from /home/airflow/.local/lib/python3.7/site-packages/airflow/example_dags/example_branch_operator_decorator.py
[2025-07-13T11:41:18.876+0000] {logging_mixin.py:120} INFO - [2025-07-13T11:41:18.876+0000] {dag.py:2585} INFO - Sync 1 DAGs
[2025-07-13T11:41:18.912+0000] {logging_mixin.py:120} INFO - [2025-07-13T11:41:18.912+0000] {dag.py:3340} INFO - Setting next_dagrun for example_branch_python_operator_decorator to 2025-07-12T00:00:00+00:00, run_after=2025-07-13T00:00:00+00:00
[2025-07-13T11:41:18.940+0000] {processor.py:176} INFO - Processing /home/airflow/.local/lib/python3.7/site-packages/airflow/example_dags/example_branch_operator_decorator.py took 0.160 seconds
[2025-07-13T11:41:49.725+0000] {processor.py:154} INFO - Started process (PID=11712) to work on /home/airflow/.local/lib/python3.7/site-packages/airflow/example_dags/example_branch_operator_decorator.py
[2025-07-13T11:41:49.726+0000] {processor.py:756} INFO - Processing file /home/airflow/.local/lib/python3.7/site-packages/airflow/example_dags/example_branch_operator_decorator.py for tasks to queue
[2025-07-13T11:41:49.728+0000] {logging_mixin.py:120} INFO - [2025-07-13T11:41:49.727+0000] {dagbag.py:537} INFO - Filling up the DagBag from /home/airflow/.local/lib/python3.7/site-packages/airflow/example_dags/example_branch_operator_decorator.py
[2025-07-13T11:41:49.784+0000] {processor.py:766} INFO - DAG(s) dict_keys(['example_branch_python_operator_decorator']) retrieved from /home/airflow/.local/lib/python3.7/site-packages/airflow/example_dags/example_branch_operator_decorator.py
[2025-07-13T11:41:49.909+0000] {logging_mixin.py:120} INFO - [2025-07-13T11:41:49.909+0000] {dag.py:2585} INFO - Sync 1 DAGs
[2025-07-13T11:41:49.949+0000] {logging_mixin.py:120} INFO - [2025-07-13T11:41:49.949+0000] {dag.py:3340} INFO - Setting next_dagrun for example_branch_python_operator_decorator to 2025-07-12T00:00:00+00:00, run_after=2025-07-13T00:00:00+00:00
[2025-07-13T11:41:49.978+0000] {processor.py:176} INFO - Processing /home/airflow/.local/lib/python3.7/site-packages/airflow/example_dags/example_branch_operator_decorator.py took 0.258 seconds
[2025-07-13T11:42:20.710+0000] {processor.py:154} INFO - Started process (PID=11776) to work on /home/airflow/.local/lib/python3.7/site-packages/airflow/example_dags/example_branch_operator_decorator.py
[2025-07-13T11:42:20.712+0000] {processor.py:756} INFO - Processing file /home/airflow/.local/lib/python3.7/site-packages/airflow/example_dags/example_branch_operator_decorator.py for tasks to queue
[2025-07-13T11:42:20.714+0000] {logging_mixin.py:120} INFO - [2025-07-13T11:42:20.714+0000] {dagbag.py:537} INFO - Filling up the DagBag from /home/airflow/.local/lib/python3.7/site-packages/airflow/example_dags/example_branch_operator_decorator.py
[2025-07-13T11:42:20.760+0000] {processor.py:766} INFO - DAG(s) dict_keys(['example_branch_python_operator_decorator']) retrieved from /home/airflow/.local/lib/python3.7/site-packages/airflow/example_dags/example_branch_operator_decorator.py
[2025-07-13T11:42:20.866+0000] {logging_mixin.py:120} INFO - [2025-07-13T11:42:20.866+0000] {dag.py:2585} INFO - Sync 1 DAGs
[2025-07-13T11:42:20.957+0000] {logging_mixin.py:120} INFO - [2025-07-13T11:42:20.957+0000] {dag.py:3340} INFO - Setting next_dagrun for example_branch_python_operator_decorator to 2025-07-12T00:00:00+00:00, run_after=2025-07-13T00:00:00+00:00
[2025-07-13T11:42:21.023+0000] {processor.py:176} INFO - Processing /home/airflow/.local/lib/python3.7/site-packages/airflow/example_dags/example_branch_operator_decorator.py took 0.319 seconds
[2025-07-13T11:42:51.118+0000] {processor.py:154} INFO - Started process (PID=11829) to work on /home/airflow/.local/lib/python3.7/site-packages/airflow/example_dags/example_branch_operator_decorator.py
[2025-07-13T11:42:51.120+0000] {processor.py:756} INFO - Processing file /home/airflow/.local/lib/python3.7/site-packages/airflow/example_dags/example_branch_operator_decorator.py for tasks to queue
[2025-07-13T11:42:51.121+0000] {logging_mixin.py:120} INFO - [2025-07-13T11:42:51.120+0000] {dagbag.py:537} INFO - Filling up the DagBag from /home/airflow/.local/lib/python3.7/site-packages/airflow/example_dags/example_branch_operator_decorator.py
[2025-07-13T11:42:51.171+0000] {processor.py:766} INFO - DAG(s) dict_keys(['example_branch_python_operator_decorator']) retrieved from /home/airflow/.local/lib/python3.7/site-packages/airflow/example_dags/example_branch_operator_decorator.py
[2025-07-13T11:42:51.218+0000] {logging_mixin.py:120} INFO - [2025-07-13T11:42:51.217+0000] {dag.py:2585} INFO - Sync 1 DAGs
[2025-07-13T11:42:51.256+0000] {logging_mixin.py:120} INFO - [2025-07-13T11:42:51.256+0000] {dag.py:3340} INFO - Setting next_dagrun for example_branch_python_operator_decorator to 2025-07-12T00:00:00+00:00, run_after=2025-07-13T00:00:00+00:00
[2025-07-13T11:42:51.283+0000] {processor.py:176} INFO - Processing /home/airflow/.local/lib/python3.7/site-packages/airflow/example_dags/example_branch_operator_decorator.py took 0.172 seconds
[2025-07-13T11:43:21.705+0000] {processor.py:154} INFO - Started process (PID=11883) to work on /home/airflow/.local/lib/python3.7/site-packages/airflow/example_dags/example_branch_operator_decorator.py
[2025-07-13T11:43:21.707+0000] {processor.py:756} INFO - Processing file /home/airflow/.local/lib/python3.7/site-packages/airflow/example_dags/example_branch_operator_decorator.py for tasks to queue
[2025-07-13T11:43:21.708+0000] {logging_mixin.py:120} INFO - [2025-07-13T11:43:21.708+0000] {dagbag.py:537} INFO - Filling up the DagBag from /home/airflow/.local/lib/python3.7/site-packages/airflow/example_dags/example_branch_operator_decorator.py
[2025-07-13T11:43:21.741+0000] {processor.py:766} INFO - DAG(s) dict_keys(['example_branch_python_operator_decorator']) retrieved from /home/airflow/.local/lib/python3.7/site-packages/airflow/example_dags/example_branch_operator_decorator.py
[2025-07-13T11:43:21.788+0000] {logging_mixin.py:120} INFO - [2025-07-13T11:43:21.788+0000] {dag.py:2585} INFO - Sync 1 DAGs
[2025-07-13T11:43:21.817+0000] {logging_mixin.py:120} INFO - [2025-07-13T11:43:21.816+0000] {dag.py:3340} INFO - Setting next_dagrun for example_branch_python_operator_decorator to 2025-07-12T00:00:00+00:00, run_after=2025-07-13T00:00:00+00:00
[2025-07-13T11:43:21.840+0000] {processor.py:176} INFO - Processing /home/airflow/.local/lib/python3.7/site-packages/airflow/example_dags/example_branch_operator_decorator.py took 0.139 seconds
[2025-07-13T11:43:52.304+0000] {processor.py:154} INFO - Started process (PID=11946) to work on /home/airflow/.local/lib/python3.7/site-packages/airflow/example_dags/example_branch_operator_decorator.py
[2025-07-13T11:43:52.306+0000] {processor.py:756} INFO - Processing file /home/airflow/.local/lib/python3.7/site-packages/airflow/example_dags/example_branch_operator_decorator.py for tasks to queue
[2025-07-13T11:43:52.308+0000] {logging_mixin.py:120} INFO - [2025-07-13T11:43:52.308+0000] {dagbag.py:537} INFO - Filling up the DagBag from /home/airflow/.local/lib/python3.7/site-packages/airflow/example_dags/example_branch_operator_decorator.py
[2025-07-13T11:43:52.340+0000] {processor.py:766} INFO - DAG(s) dict_keys(['example_branch_python_operator_decorator']) retrieved from /home/airflow/.local/lib/python3.7/site-packages/airflow/example_dags/example_branch_operator_decorator.py
[2025-07-13T11:43:52.386+0000] {logging_mixin.py:120} INFO - [2025-07-13T11:43:52.386+0000] {dag.py:2585} INFO - Sync 1 DAGs
[2025-07-13T11:43:52.414+0000] {logging_mixin.py:120} INFO - [2025-07-13T11:43:52.414+0000] {dag.py:3340} INFO - Setting next_dagrun for example_branch_python_operator_decorator to 2025-07-12T00:00:00+00:00, run_after=2025-07-13T00:00:00+00:00
[2025-07-13T11:43:52.442+0000] {processor.py:176} INFO - Processing /home/airflow/.local/lib/python3.7/site-packages/airflow/example_dags/example_branch_operator_decorator.py took 0.143 seconds
[2025-07-13T11:44:23.366+0000] {processor.py:154} INFO - Started process (PID=12009) to work on /home/airflow/.local/lib/python3.7/site-packages/airflow/example_dags/example_branch_operator_decorator.py
[2025-07-13T11:44:23.368+0000] {processor.py:756} INFO - Processing file /home/airflow/.local/lib/python3.7/site-packages/airflow/example_dags/example_branch_operator_decorator.py for tasks to queue
[2025-07-13T11:44:23.370+0000] {logging_mixin.py:120} INFO - [2025-07-13T11:44:23.369+0000] {dagbag.py:537} INFO - Filling up the DagBag from /home/airflow/.local/lib/python3.7/site-packages/airflow/example_dags/example_branch_operator_decorator.py
[2025-07-13T11:44:23.432+0000] {processor.py:766} INFO - DAG(s) dict_keys(['example_branch_python_operator_decorator']) retrieved from /home/airflow/.local/lib/python3.7/site-packages/airflow/example_dags/example_branch_operator_decorator.py
[2025-07-13T11:44:23.524+0000] {logging_mixin.py:120} INFO - [2025-07-13T11:44:23.524+0000] {dag.py:2585} INFO - Sync 1 DAGs
[2025-07-13T11:44:23.582+0000] {logging_mixin.py:120} INFO - [2025-07-13T11:44:23.582+0000] {dag.py:3340} INFO - Setting next_dagrun for example_branch_python_operator_decorator to 2025-07-12T00:00:00+00:00, run_after=2025-07-13T00:00:00+00:00
[2025-07-13T11:44:23.633+0000] {processor.py:176} INFO - Processing /home/airflow/.local/lib/python3.7/site-packages/airflow/example_dags/example_branch_operator_decorator.py took 0.277 seconds
[2025-07-13T11:44:54.117+0000] {processor.py:154} INFO - Started process (PID=12063) to work on /home/airflow/.local/lib/python3.7/site-packages/airflow/example_dags/example_branch_operator_decorator.py
[2025-07-13T11:44:54.119+0000] {processor.py:756} INFO - Processing file /home/airflow/.local/lib/python3.7/site-packages/airflow/example_dags/example_branch_operator_decorator.py for tasks to queue
[2025-07-13T11:44:54.121+0000] {logging_mixin.py:120} INFO - [2025-07-13T11:44:54.120+0000] {dagbag.py:537} INFO - Filling up the DagBag from /home/airflow/.local/lib/python3.7/site-packages/airflow/example_dags/example_branch_operator_decorator.py
[2025-07-13T11:44:54.178+0000] {processor.py:766} INFO - DAG(s) dict_keys(['example_branch_python_operator_decorator']) retrieved from /home/airflow/.local/lib/python3.7/site-packages/airflow/example_dags/example_branch_operator_decorator.py
[2025-07-13T11:44:54.296+0000] {logging_mixin.py:120} INFO - [2025-07-13T11:44:54.293+0000] {dag.py:2585} INFO - Sync 1 DAGs
[2025-07-13T11:44:54.359+0000] {logging_mixin.py:120} INFO - [2025-07-13T11:44:54.359+0000] {dag.py:3340} INFO - Setting next_dagrun for example_branch_python_operator_decorator to 2025-07-12T00:00:00+00:00, run_after=2025-07-13T00:00:00+00:00
[2025-07-13T11:44:54.416+0000] {processor.py:176} INFO - Processing /home/airflow/.local/lib/python3.7/site-packages/airflow/example_dags/example_branch_operator_decorator.py took 0.308 seconds
[2025-07-13T11:45:25.101+0000] {processor.py:154} INFO - Started process (PID=12126) to work on /home/airflow/.local/lib/python3.7/site-packages/airflow/example_dags/example_branch_operator_decorator.py
[2025-07-13T11:45:25.103+0000] {processor.py:756} INFO - Processing file /home/airflow/.local/lib/python3.7/site-packages/airflow/example_dags/example_branch_operator_decorator.py for tasks to queue
[2025-07-13T11:45:25.105+0000] {logging_mixin.py:120} INFO - [2025-07-13T11:45:25.104+0000] {dagbag.py:537} INFO - Filling up the DagBag from /home/airflow/.local/lib/python3.7/site-packages/airflow/example_dags/example_branch_operator_decorator.py
[2025-07-13T11:45:25.158+0000] {processor.py:766} INFO - DAG(s) dict_keys(['example_branch_python_operator_decorator']) retrieved from /home/airflow/.local/lib/python3.7/site-packages/airflow/example_dags/example_branch_operator_decorator.py
[2025-07-13T11:45:25.258+0000] {logging_mixin.py:120} INFO - [2025-07-13T11:45:25.258+0000] {dag.py:2585} INFO - Sync 1 DAGs
[2025-07-13T11:45:25.314+0000] {logging_mixin.py:120} INFO - [2025-07-13T11:45:25.314+0000] {dag.py:3340} INFO - Setting next_dagrun for example_branch_python_operator_decorator to 2025-07-12T00:00:00+00:00, run_after=2025-07-13T00:00:00+00:00
[2025-07-13T11:45:25.366+0000] {processor.py:176} INFO - Processing /home/airflow/.local/lib/python3.7/site-packages/airflow/example_dags/example_branch_operator_decorator.py took 0.275 seconds
[2025-07-13T11:45:55.656+0000] {processor.py:154} INFO - Started process (PID=12180) to work on /home/airflow/.local/lib/python3.7/site-packages/airflow/example_dags/example_branch_operator_decorator.py
[2025-07-13T11:45:55.658+0000] {processor.py:756} INFO - Processing file /home/airflow/.local/lib/python3.7/site-packages/airflow/example_dags/example_branch_operator_decorator.py for tasks to queue
[2025-07-13T11:45:55.660+0000] {logging_mixin.py:120} INFO - [2025-07-13T11:45:55.659+0000] {dagbag.py:537} INFO - Filling up the DagBag from /home/airflow/.local/lib/python3.7/site-packages/airflow/example_dags/example_branch_operator_decorator.py
[2025-07-13T11:45:55.698+0000] {processor.py:766} INFO - DAG(s) dict_keys(['example_branch_python_operator_decorator']) retrieved from /home/airflow/.local/lib/python3.7/site-packages/airflow/example_dags/example_branch_operator_decorator.py
[2025-07-13T11:45:55.768+0000] {logging_mixin.py:120} INFO - [2025-07-13T11:45:55.768+0000] {dag.py:2585} INFO - Sync 1 DAGs
[2025-07-13T11:45:55.811+0000] {logging_mixin.py:120} INFO - [2025-07-13T11:45:55.811+0000] {dag.py:3340} INFO - Setting next_dagrun for example_branch_python_operator_decorator to 2025-07-12T00:00:00+00:00, run_after=2025-07-13T00:00:00+00:00
[2025-07-13T11:45:55.849+0000] {processor.py:176} INFO - Processing /home/airflow/.local/lib/python3.7/site-packages/airflow/example_dags/example_branch_operator_decorator.py took 0.198 seconds
[2025-07-13T11:46:26.072+0000] {processor.py:154} INFO - Started process (PID=12244) to work on /home/airflow/.local/lib/python3.7/site-packages/airflow/example_dags/example_branch_operator_decorator.py
[2025-07-13T11:46:26.074+0000] {processor.py:756} INFO - Processing file /home/airflow/.local/lib/python3.7/site-packages/airflow/example_dags/example_branch_operator_decorator.py for tasks to queue
[2025-07-13T11:46:26.075+0000] {logging_mixin.py:120} INFO - [2025-07-13T11:46:26.075+0000] {dagbag.py:537} INFO - Filling up the DagBag from /home/airflow/.local/lib/python3.7/site-packages/airflow/example_dags/example_branch_operator_decorator.py
[2025-07-13T11:46:26.113+0000] {processor.py:766} INFO - DAG(s) dict_keys(['example_branch_python_operator_decorator']) retrieved from /home/airflow/.local/lib/python3.7/site-packages/airflow/example_dags/example_branch_operator_decorator.py
[2025-07-13T11:46:26.181+0000] {logging_mixin.py:120} INFO - [2025-07-13T11:46:26.181+0000] {dag.py:2585} INFO - Sync 1 DAGs
[2025-07-13T11:46:26.224+0000] {logging_mixin.py:120} INFO - [2025-07-13T11:46:26.224+0000] {dag.py:3340} INFO - Setting next_dagrun for example_branch_python_operator_decorator to 2025-07-12T00:00:00+00:00, run_after=2025-07-13T00:00:00+00:00
[2025-07-13T11:46:26.263+0000] {processor.py:176} INFO - Processing /home/airflow/.local/lib/python3.7/site-packages/airflow/example_dags/example_branch_operator_decorator.py took 0.195 seconds
[2025-07-13T11:46:57.255+0000] {processor.py:154} INFO - Started process (PID=12298) to work on /home/airflow/.local/lib/python3.7/site-packages/airflow/example_dags/example_branch_operator_decorator.py
[2025-07-13T11:46:57.256+0000] {processor.py:756} INFO - Processing file /home/airflow/.local/lib/python3.7/site-packages/airflow/example_dags/example_branch_operator_decorator.py for tasks to queue
[2025-07-13T11:46:57.258+0000] {logging_mixin.py:120} INFO - [2025-07-13T11:46:57.257+0000] {dagbag.py:537} INFO - Filling up the DagBag from /home/airflow/.local/lib/python3.7/site-packages/airflow/example_dags/example_branch_operator_decorator.py
[2025-07-13T11:46:57.313+0000] {processor.py:766} INFO - DAG(s) dict_keys(['example_branch_python_operator_decorator']) retrieved from /home/airflow/.local/lib/python3.7/site-packages/airflow/example_dags/example_branch_operator_decorator.py
[2025-07-13T11:46:57.390+0000] {logging_mixin.py:120} INFO - [2025-07-13T11:46:57.390+0000] {dag.py:2585} INFO - Sync 1 DAGs
[2025-07-13T11:46:57.448+0000] {logging_mixin.py:120} INFO - [2025-07-13T11:46:57.448+0000] {dag.py:3340} INFO - Setting next_dagrun for example_branch_python_operator_decorator to 2025-07-12T00:00:00+00:00, run_after=2025-07-13T00:00:00+00:00
[2025-07-13T11:46:57.492+0000] {processor.py:176} INFO - Processing /home/airflow/.local/lib/python3.7/site-packages/airflow/example_dags/example_branch_operator_decorator.py took 0.244 seconds
[2025-07-13T11:47:27.871+0000] {processor.py:154} INFO - Started process (PID=12361) to work on /home/airflow/.local/lib/python3.7/site-packages/airflow/example_dags/example_branch_operator_decorator.py
[2025-07-13T11:47:27.872+0000] {processor.py:756} INFO - Processing file /home/airflow/.local/lib/python3.7/site-packages/airflow/example_dags/example_branch_operator_decorator.py for tasks to queue
[2025-07-13T11:47:27.877+0000] {logging_mixin.py:120} INFO - [2025-07-13T11:47:27.876+0000] {dagbag.py:537} INFO - Filling up the DagBag from /home/airflow/.local/lib/python3.7/site-packages/airflow/example_dags/example_branch_operator_decorator.py
[2025-07-13T11:47:27.922+0000] {processor.py:766} INFO - DAG(s) dict_keys(['example_branch_python_operator_decorator']) retrieved from /home/airflow/.local/lib/python3.7/site-packages/airflow/example_dags/example_branch_operator_decorator.py
[2025-07-13T11:47:28.003+0000] {logging_mixin.py:120} INFO - [2025-07-13T11:47:28.003+0000] {dag.py:2585} INFO - Sync 1 DAGs
[2025-07-13T11:47:28.047+0000] {logging_mixin.py:120} INFO - [2025-07-13T11:47:28.047+0000] {dag.py:3340} INFO - Setting next_dagrun for example_branch_python_operator_decorator to 2025-07-12T00:00:00+00:00, run_after=2025-07-13T00:00:00+00:00
[2025-07-13T11:47:28.085+0000] {processor.py:176} INFO - Processing /home/airflow/.local/lib/python3.7/site-packages/airflow/example_dags/example_branch_operator_decorator.py took 0.219 seconds
[2025-07-13T11:47:59.175+0000] {processor.py:154} INFO - Started process (PID=12424) to work on /home/airflow/.local/lib/python3.7/site-packages/airflow/example_dags/example_branch_operator_decorator.py
[2025-07-13T11:47:59.177+0000] {processor.py:756} INFO - Processing file /home/airflow/.local/lib/python3.7/site-packages/airflow/example_dags/example_branch_operator_decorator.py for tasks to queue
[2025-07-13T11:47:59.179+0000] {logging_mixin.py:120} INFO - [2025-07-13T11:47:59.179+0000] {dagbag.py:537} INFO - Filling up the DagBag from /home/airflow/.local/lib/python3.7/site-packages/airflow/example_dags/example_branch_operator_decorator.py
[2025-07-13T11:47:59.229+0000] {processor.py:766} INFO - DAG(s) dict_keys(['example_branch_python_operator_decorator']) retrieved from /home/airflow/.local/lib/python3.7/site-packages/airflow/example_dags/example_branch_operator_decorator.py
[2025-07-13T11:47:59.312+0000] {logging_mixin.py:120} INFO - [2025-07-13T11:47:59.312+0000] {dag.py:2585} INFO - Sync 1 DAGs
[2025-07-13T11:47:59.361+0000] {logging_mixin.py:120} INFO - [2025-07-13T11:47:59.361+0000] {dag.py:3340} INFO - Setting next_dagrun for example_branch_python_operator_decorator to 2025-07-12T00:00:00+00:00, run_after=2025-07-13T00:00:00+00:00
[2025-07-13T11:47:59.402+0000] {processor.py:176} INFO - Processing /home/airflow/.local/lib/python3.7/site-packages/airflow/example_dags/example_branch_operator_decorator.py took 0.234 seconds
[2025-07-13T11:48:30.960+0000] {processor.py:154} INFO - Started process (PID=12479) to work on /home/airflow/.local/lib/python3.7/site-packages/airflow/example_dags/example_branch_operator_decorator.py
[2025-07-13T11:48:30.962+0000] {processor.py:756} INFO - Processing file /home/airflow/.local/lib/python3.7/site-packages/airflow/example_dags/example_branch_operator_decorator.py for tasks to queue
[2025-07-13T11:48:30.965+0000] {logging_mixin.py:120} INFO - [2025-07-13T11:48:30.964+0000] {dagbag.py:537} INFO - Filling up the DagBag from /home/airflow/.local/lib/python3.7/site-packages/airflow/example_dags/example_branch_operator_decorator.py
[2025-07-13T11:48:31.027+0000] {processor.py:766} INFO - DAG(s) dict_keys(['example_branch_python_operator_decorator']) retrieved from /home/airflow/.local/lib/python3.7/site-packages/airflow/example_dags/example_branch_operator_decorator.py
[2025-07-13T11:48:31.154+0000] {logging_mixin.py:120} INFO - [2025-07-13T11:48:31.149+0000] {dag.py:2585} INFO - Sync 1 DAGs
[2025-07-13T11:48:31.277+0000] {logging_mixin.py:120} INFO - [2025-07-13T11:48:31.276+0000] {dag.py:3340} INFO - Setting next_dagrun for example_branch_python_operator_decorator to 2025-07-12T00:00:00+00:00, run_after=2025-07-13T00:00:00+00:00
[2025-07-13T11:48:31.369+0000] {processor.py:176} INFO - Processing /home/airflow/.local/lib/python3.7/site-packages/airflow/example_dags/example_branch_operator_decorator.py took 0.415 seconds
[2025-07-13T11:49:01.619+0000] {processor.py:154} INFO - Started process (PID=12542) to work on /home/airflow/.local/lib/python3.7/site-packages/airflow/example_dags/example_branch_operator_decorator.py
[2025-07-13T11:49:01.625+0000] {processor.py:756} INFO - Processing file /home/airflow/.local/lib/python3.7/site-packages/airflow/example_dags/example_branch_operator_decorator.py for tasks to queue
[2025-07-13T11:49:01.626+0000] {logging_mixin.py:120} INFO - [2025-07-13T11:49:01.626+0000] {dagbag.py:537} INFO - Filling up the DagBag from /home/airflow/.local/lib/python3.7/site-packages/airflow/example_dags/example_branch_operator_decorator.py
[2025-07-13T11:49:01.672+0000] {processor.py:766} INFO - DAG(s) dict_keys(['example_branch_python_operator_decorator']) retrieved from /home/airflow/.local/lib/python3.7/site-packages/airflow/example_dags/example_branch_operator_decorator.py
[2025-07-13T11:49:01.754+0000] {logging_mixin.py:120} INFO - [2025-07-13T11:49:01.753+0000] {dag.py:2585} INFO - Sync 1 DAGs
[2025-07-13T11:49:01.815+0000] {logging_mixin.py:120} INFO - [2025-07-13T11:49:01.814+0000] {dag.py:3340} INFO - Setting next_dagrun for example_branch_python_operator_decorator to 2025-07-12T00:00:00+00:00, run_after=2025-07-13T00:00:00+00:00
[2025-07-13T11:49:01.871+0000] {processor.py:176} INFO - Processing /home/airflow/.local/lib/python3.7/site-packages/airflow/example_dags/example_branch_operator_decorator.py took 0.257 seconds
[2025-07-13T11:49:32.988+0000] {processor.py:154} INFO - Started process (PID=12595) to work on /home/airflow/.local/lib/python3.7/site-packages/airflow/example_dags/example_branch_operator_decorator.py
[2025-07-13T11:49:32.994+0000] {processor.py:756} INFO - Processing file /home/airflow/.local/lib/python3.7/site-packages/airflow/example_dags/example_branch_operator_decorator.py for tasks to queue
[2025-07-13T11:49:32.996+0000] {logging_mixin.py:120} INFO - [2025-07-13T11:49:32.995+0000] {dagbag.py:537} INFO - Filling up the DagBag from /home/airflow/.local/lib/python3.7/site-packages/airflow/example_dags/example_branch_operator_decorator.py
[2025-07-13T11:49:33.075+0000] {processor.py:766} INFO - DAG(s) dict_keys(['example_branch_python_operator_decorator']) retrieved from /home/airflow/.local/lib/python3.7/site-packages/airflow/example_dags/example_branch_operator_decorator.py
[2025-07-13T11:49:33.223+0000] {logging_mixin.py:120} INFO - [2025-07-13T11:49:33.223+0000] {dag.py:2585} INFO - Sync 1 DAGs
[2025-07-13T11:49:33.363+0000] {logging_mixin.py:120} INFO - [2025-07-13T11:49:33.362+0000] {dag.py:3340} INFO - Setting next_dagrun for example_branch_python_operator_decorator to 2025-07-12T00:00:00+00:00, run_after=2025-07-13T00:00:00+00:00
[2025-07-13T11:49:33.516+0000] {processor.py:176} INFO - Processing /home/airflow/.local/lib/python3.7/site-packages/airflow/example_dags/example_branch_operator_decorator.py took 0.554 seconds
[2025-07-13T11:50:04.556+0000] {processor.py:154} INFO - Started process (PID=12659) to work on /home/airflow/.local/lib/python3.7/site-packages/airflow/example_dags/example_branch_operator_decorator.py
[2025-07-13T11:50:04.558+0000] {processor.py:756} INFO - Processing file /home/airflow/.local/lib/python3.7/site-packages/airflow/example_dags/example_branch_operator_decorator.py for tasks to queue
[2025-07-13T11:50:04.560+0000] {logging_mixin.py:120} INFO - [2025-07-13T11:50:04.560+0000] {dagbag.py:537} INFO - Filling up the DagBag from /home/airflow/.local/lib/python3.7/site-packages/airflow/example_dags/example_branch_operator_decorator.py
[2025-07-13T11:50:04.615+0000] {processor.py:766} INFO - DAG(s) dict_keys(['example_branch_python_operator_decorator']) retrieved from /home/airflow/.local/lib/python3.7/site-packages/airflow/example_dags/example_branch_operator_decorator.py
[2025-07-13T11:50:04.683+0000] {logging_mixin.py:120} INFO - [2025-07-13T11:50:04.683+0000] {dag.py:2585} INFO - Sync 1 DAGs
[2025-07-13T11:50:04.720+0000] {logging_mixin.py:120} INFO - [2025-07-13T11:50:04.720+0000] {dag.py:3340} INFO - Setting next_dagrun for example_branch_python_operator_decorator to 2025-07-12T00:00:00+00:00, run_after=2025-07-13T00:00:00+00:00
[2025-07-13T11:50:04.759+0000] {processor.py:176} INFO - Processing /home/airflow/.local/lib/python3.7/site-packages/airflow/example_dags/example_branch_operator_decorator.py took 0.216 seconds
[2025-07-13T11:50:35.540+0000] {processor.py:154} INFO - Started process (PID=12713) to work on /home/airflow/.local/lib/python3.7/site-packages/airflow/example_dags/example_branch_operator_decorator.py
[2025-07-13T11:50:35.541+0000] {processor.py:756} INFO - Processing file /home/airflow/.local/lib/python3.7/site-packages/airflow/example_dags/example_branch_operator_decorator.py for tasks to queue
[2025-07-13T11:50:35.543+0000] {logging_mixin.py:120} INFO - [2025-07-13T11:50:35.543+0000] {dagbag.py:537} INFO - Filling up the DagBag from /home/airflow/.local/lib/python3.7/site-packages/airflow/example_dags/example_branch_operator_decorator.py
[2025-07-13T11:50:35.587+0000] {processor.py:766} INFO - DAG(s) dict_keys(['example_branch_python_operator_decorator']) retrieved from /home/airflow/.local/lib/python3.7/site-packages/airflow/example_dags/example_branch_operator_decorator.py
[2025-07-13T11:50:35.682+0000] {logging_mixin.py:120} INFO - [2025-07-13T11:50:35.682+0000] {dag.py:2585} INFO - Sync 1 DAGs
[2025-07-13T11:50:35.734+0000] {logging_mixin.py:120} INFO - [2025-07-13T11:50:35.733+0000] {dag.py:3340} INFO - Setting next_dagrun for example_branch_python_operator_decorator to 2025-07-12T00:00:00+00:00, run_after=2025-07-13T00:00:00+00:00
[2025-07-13T11:50:35.775+0000] {processor.py:176} INFO - Processing /home/airflow/.local/lib/python3.7/site-packages/airflow/example_dags/example_branch_operator_decorator.py took 0.241 seconds
[2025-07-13T11:51:06.223+0000] {processor.py:154} INFO - Started process (PID=12775) to work on /home/airflow/.local/lib/python3.7/site-packages/airflow/example_dags/example_branch_operator_decorator.py
[2025-07-13T11:51:06.224+0000] {processor.py:756} INFO - Processing file /home/airflow/.local/lib/python3.7/site-packages/airflow/example_dags/example_branch_operator_decorator.py for tasks to queue
[2025-07-13T11:51:06.225+0000] {logging_mixin.py:120} INFO - [2025-07-13T11:51:06.225+0000] {dagbag.py:537} INFO - Filling up the DagBag from /home/airflow/.local/lib/python3.7/site-packages/airflow/example_dags/example_branch_operator_decorator.py
[2025-07-13T11:51:06.283+0000] {processor.py:766} INFO - DAG(s) dict_keys(['example_branch_python_operator_decorator']) retrieved from /home/airflow/.local/lib/python3.7/site-packages/airflow/example_dags/example_branch_operator_decorator.py
[2025-07-13T11:51:06.357+0000] {logging_mixin.py:120} INFO - [2025-07-13T11:51:06.356+0000] {dag.py:2585} INFO - Sync 1 DAGs
[2025-07-13T11:51:06.413+0000] {logging_mixin.py:120} INFO - [2025-07-13T11:51:06.412+0000] {dag.py:3340} INFO - Setting next_dagrun for example_branch_python_operator_decorator to 2025-07-12T00:00:00+00:00, run_after=2025-07-13T00:00:00+00:00
[2025-07-13T11:51:06.474+0000] {processor.py:176} INFO - Processing /home/airflow/.local/lib/python3.7/site-packages/airflow/example_dags/example_branch_operator_decorator.py took 0.254 seconds
[2025-07-13T11:51:36.815+0000] {processor.py:154} INFO - Started process (PID=12839) to work on /home/airflow/.local/lib/python3.7/site-packages/airflow/example_dags/example_branch_operator_decorator.py
[2025-07-13T11:51:36.817+0000] {processor.py:756} INFO - Processing file /home/airflow/.local/lib/python3.7/site-packages/airflow/example_dags/example_branch_operator_decorator.py for tasks to queue
[2025-07-13T11:51:36.819+0000] {logging_mixin.py:120} INFO - [2025-07-13T11:51:36.818+0000] {dagbag.py:537} INFO - Filling up the DagBag from /home/airflow/.local/lib/python3.7/site-packages/airflow/example_dags/example_branch_operator_decorator.py
[2025-07-13T11:51:36.870+0000] {processor.py:766} INFO - DAG(s) dict_keys(['example_branch_python_operator_decorator']) retrieved from /home/airflow/.local/lib/python3.7/site-packages/airflow/example_dags/example_branch_operator_decorator.py
[2025-07-13T11:51:36.948+0000] {logging_mixin.py:120} INFO - [2025-07-13T11:51:36.947+0000] {dag.py:2585} INFO - Sync 1 DAGs
[2025-07-13T11:51:37.036+0000] {logging_mixin.py:120} INFO - [2025-07-13T11:51:37.035+0000] {dag.py:3340} INFO - Setting next_dagrun for example_branch_python_operator_decorator to 2025-07-12T00:00:00+00:00, run_after=2025-07-13T00:00:00+00:00
[2025-07-13T11:51:37.115+0000] {processor.py:176} INFO - Processing /home/airflow/.local/lib/python3.7/site-packages/airflow/example_dags/example_branch_operator_decorator.py took 0.306 seconds
[2025-07-13T11:52:07.226+0000] {processor.py:154} INFO - Started process (PID=12892) to work on /home/airflow/.local/lib/python3.7/site-packages/airflow/example_dags/example_branch_operator_decorator.py
[2025-07-13T11:52:07.228+0000] {processor.py:756} INFO - Processing file /home/airflow/.local/lib/python3.7/site-packages/airflow/example_dags/example_branch_operator_decorator.py for tasks to queue
[2025-07-13T11:52:07.230+0000] {logging_mixin.py:120} INFO - [2025-07-13T11:52:07.229+0000] {dagbag.py:537} INFO - Filling up the DagBag from /home/airflow/.local/lib/python3.7/site-packages/airflow/example_dags/example_branch_operator_decorator.py
[2025-07-13T11:52:07.261+0000] {processor.py:766} INFO - DAG(s) dict_keys(['example_branch_python_operator_decorator']) retrieved from /home/airflow/.local/lib/python3.7/site-packages/airflow/example_dags/example_branch_operator_decorator.py
[2025-07-13T11:52:07.317+0000] {logging_mixin.py:120} INFO - [2025-07-13T11:52:07.316+0000] {dag.py:2585} INFO - Sync 1 DAGs
[2025-07-13T11:52:07.351+0000] {logging_mixin.py:120} INFO - [2025-07-13T11:52:07.351+0000] {dag.py:3340} INFO - Setting next_dagrun for example_branch_python_operator_decorator to 2025-07-12T00:00:00+00:00, run_after=2025-07-13T00:00:00+00:00
[2025-07-13T11:52:07.383+0000] {processor.py:176} INFO - Processing /home/airflow/.local/lib/python3.7/site-packages/airflow/example_dags/example_branch_operator_decorator.py took 0.161 seconds
[2025-07-13T11:52:37.876+0000] {processor.py:154} INFO - Started process (PID=12956) to work on /home/airflow/.local/lib/python3.7/site-packages/airflow/example_dags/example_branch_operator_decorator.py
[2025-07-13T11:52:37.877+0000] {processor.py:756} INFO - Processing file /home/airflow/.local/lib/python3.7/site-packages/airflow/example_dags/example_branch_operator_decorator.py for tasks to queue
[2025-07-13T11:52:37.879+0000] {logging_mixin.py:120} INFO - [2025-07-13T11:52:37.878+0000] {dagbag.py:537} INFO - Filling up the DagBag from /home/airflow/.local/lib/python3.7/site-packages/airflow/example_dags/example_branch_operator_decorator.py
[2025-07-13T11:52:37.907+0000] {processor.py:766} INFO - DAG(s) dict_keys(['example_branch_python_operator_decorator']) retrieved from /home/airflow/.local/lib/python3.7/site-packages/airflow/example_dags/example_branch_operator_decorator.py
[2025-07-13T11:52:37.962+0000] {logging_mixin.py:120} INFO - [2025-07-13T11:52:37.961+0000] {dag.py:2585} INFO - Sync 1 DAGs
[2025-07-13T11:52:38.014+0000] {logging_mixin.py:120} INFO - [2025-07-13T11:52:38.014+0000] {dag.py:3340} INFO - Setting next_dagrun for example_branch_python_operator_decorator to 2025-07-12T00:00:00+00:00, run_after=2025-07-13T00:00:00+00:00
[2025-07-13T11:52:38.057+0000] {processor.py:176} INFO - Processing /home/airflow/.local/lib/python3.7/site-packages/airflow/example_dags/example_branch_operator_decorator.py took 0.185 seconds
