[2025-07-13T09:47:59.208+0000] {processor.py:154} INFO - Started process (PID=87) to work on /home/airflow/.local/lib/python3.7/site-packages/airflow/example_dags/example_dag_decorator.py
[2025-07-13T09:47:59.213+0000] {processor.py:756} INFO - Processing file /home/airflow/.local/lib/python3.7/site-packages/airflow/example_dags/example_dag_decorator.py for tasks to queue
[2025-07-13T09:47:59.219+0000] {logging_mixin.py:120} INFO - [2025-07-13T09:47:59.218+0000] {dagbag.py:537} INFO - Filling up the DagBag from /home/airflow/.local/lib/python3.7/site-packages/airflow/example_dags/example_dag_decorator.py
[2025-07-13T09:47:59.599+0000] {logging_mixin.py:120} INFO - [2025-07-13T09:47:59.598+0000] {taskmixin.py:205} WARNING - Dependency <Task(_PythonDecoratedOperator): prepare_email>, send_email already registered for DAG: example_dag_decorator
[2025-07-13T09:47:59.617+0000] {logging_mixin.py:120} INFO - [2025-07-13T09:47:59.616+0000] {taskmixin.py:205} WARNING - Dependency <Task(EmailOperator): send_email>, prepare_email already registered for DAG: example_dag_decorator
[2025-07-13T09:48:00.056+0000] {processor.py:766} INFO - DAG(s) dict_keys(['example_dag_decorator']) retrieved from /home/airflow/.local/lib/python3.7/site-packages/airflow/example_dags/example_dag_decorator.py
[2025-07-13T09:48:01.210+0000] {logging_mixin.py:120} INFO - [2025-07-13T09:48:01.209+0000] {manager.py:507} INFO - Created Permission View: can delete on DAG:example_dag_decorator
[2025-07-13T09:48:01.290+0000] {logging_mixin.py:120} INFO - [2025-07-13T09:48:01.290+0000] {manager.py:507} INFO - Created Permission View: can read on DAG:example_dag_decorator
[2025-07-13T09:48:01.406+0000] {logging_mixin.py:120} INFO - [2025-07-13T09:48:01.406+0000] {manager.py:507} INFO - Created Permission View: can edit on DAG:example_dag_decorator
[2025-07-13T09:48:01.416+0000] {logging_mixin.py:120} INFO - [2025-07-13T09:48:01.416+0000] {dag.py:2585} INFO - Sync 1 DAGs
[2025-07-13T09:48:01.494+0000] {logging_mixin.py:120} INFO - [2025-07-13T09:48:01.493+0000] {dag.py:2606} INFO - Creating ORM DAG for example_dag_decorator
[2025-07-13T09:48:01.532+0000] {logging_mixin.py:120} INFO - [2025-07-13T09:48:01.532+0000] {dag.py:3340} INFO - Setting next_dagrun for example_dag_decorator to None, run_after=None
[2025-07-13T09:48:01.709+0000] {processor.py:176} INFO - Processing /home/airflow/.local/lib/python3.7/site-packages/airflow/example_dags/example_dag_decorator.py took 2.524 seconds
[2025-07-13T09:48:32.777+0000] {processor.py:154} INFO - Started process (PID=141) to work on /home/airflow/.local/lib/python3.7/site-packages/airflow/example_dags/example_dag_decorator.py
[2025-07-13T09:48:32.796+0000] {processor.py:756} INFO - Processing file /home/airflow/.local/lib/python3.7/site-packages/airflow/example_dags/example_dag_decorator.py for tasks to queue
[2025-07-13T09:48:32.799+0000] {logging_mixin.py:120} INFO - [2025-07-13T09:48:32.799+0000] {dagbag.py:537} INFO - Filling up the DagBag from /home/airflow/.local/lib/python3.7/site-packages/airflow/example_dags/example_dag_decorator.py
[2025-07-13T09:48:32.909+0000] {logging_mixin.py:120} INFO - [2025-07-13T09:48:32.909+0000] {taskmixin.py:205} WARNING - Dependency <Task(_PythonDecoratedOperator): prepare_email>, send_email already registered for DAG: example_dag_decorator
[2025-07-13T09:48:32.915+0000] {logging_mixin.py:120} INFO - [2025-07-13T09:48:32.915+0000] {taskmixin.py:205} WARNING - Dependency <Task(EmailOperator): send_email>, prepare_email already registered for DAG: example_dag_decorator
[2025-07-13T09:48:33.012+0000] {processor.py:766} INFO - DAG(s) dict_keys(['example_dag_decorator']) retrieved from /home/airflow/.local/lib/python3.7/site-packages/airflow/example_dags/example_dag_decorator.py
[2025-07-13T09:48:34.099+0000] {logging_mixin.py:120} INFO - [2025-07-13T09:48:34.099+0000] {dag.py:2585} INFO - Sync 1 DAGs
[2025-07-13T09:48:34.294+0000] {logging_mixin.py:120} INFO - [2025-07-13T09:48:34.294+0000] {dag.py:3340} INFO - Setting next_dagrun for example_dag_decorator to None, run_after=None
[2025-07-13T09:48:34.479+0000] {processor.py:176} INFO - Processing /home/airflow/.local/lib/python3.7/site-packages/airflow/example_dags/example_dag_decorator.py took 1.739 seconds
[2025-07-13T09:49:04.708+0000] {processor.py:154} INFO - Started process (PID=195) to work on /home/airflow/.local/lib/python3.7/site-packages/airflow/example_dags/example_dag_decorator.py
[2025-07-13T09:49:04.712+0000] {processor.py:756} INFO - Processing file /home/airflow/.local/lib/python3.7/site-packages/airflow/example_dags/example_dag_decorator.py for tasks to queue
[2025-07-13T09:49:04.714+0000] {logging_mixin.py:120} INFO - [2025-07-13T09:49:04.714+0000] {dagbag.py:537} INFO - Filling up the DagBag from /home/airflow/.local/lib/python3.7/site-packages/airflow/example_dags/example_dag_decorator.py
[2025-07-13T09:49:04.757+0000] {logging_mixin.py:120} INFO - [2025-07-13T09:49:04.755+0000] {taskmixin.py:205} WARNING - Dependency <Task(_PythonDecoratedOperator): prepare_email>, send_email already registered for DAG: example_dag_decorator
[2025-07-13T09:49:04.758+0000] {logging_mixin.py:120} INFO - [2025-07-13T09:49:04.758+0000] {taskmixin.py:205} WARNING - Dependency <Task(EmailOperator): send_email>, prepare_email already registered for DAG: example_dag_decorator
[2025-07-13T09:49:04.811+0000] {processor.py:766} INFO - DAG(s) dict_keys(['example_dag_decorator']) retrieved from /home/airflow/.local/lib/python3.7/site-packages/airflow/example_dags/example_dag_decorator.py
[2025-07-13T09:49:04.985+0000] {logging_mixin.py:120} INFO - [2025-07-13T09:49:04.985+0000] {dag.py:2585} INFO - Sync 1 DAGs
[2025-07-13T09:49:05.028+0000] {logging_mixin.py:120} INFO - [2025-07-13T09:49:05.027+0000] {dag.py:3340} INFO - Setting next_dagrun for example_dag_decorator to None, run_after=None
[2025-07-13T09:49:05.077+0000] {processor.py:176} INFO - Processing /home/airflow/.local/lib/python3.7/site-packages/airflow/example_dags/example_dag_decorator.py took 0.377 seconds
[2025-07-13T09:49:35.797+0000] {processor.py:154} INFO - Started process (PID=259) to work on /home/airflow/.local/lib/python3.7/site-packages/airflow/example_dags/example_dag_decorator.py
[2025-07-13T09:49:35.800+0000] {processor.py:756} INFO - Processing file /home/airflow/.local/lib/python3.7/site-packages/airflow/example_dags/example_dag_decorator.py for tasks to queue
[2025-07-13T09:49:35.804+0000] {logging_mixin.py:120} INFO - [2025-07-13T09:49:35.803+0000] {dagbag.py:537} INFO - Filling up the DagBag from /home/airflow/.local/lib/python3.7/site-packages/airflow/example_dags/example_dag_decorator.py
[2025-07-13T09:49:35.874+0000] {logging_mixin.py:120} INFO - [2025-07-13T09:49:35.874+0000] {taskmixin.py:205} WARNING - Dependency <Task(_PythonDecoratedOperator): prepare_email>, send_email already registered for DAG: example_dag_decorator
[2025-07-13T09:49:35.875+0000] {logging_mixin.py:120} INFO - [2025-07-13T09:49:35.875+0000] {taskmixin.py:205} WARNING - Dependency <Task(EmailOperator): send_email>, prepare_email already registered for DAG: example_dag_decorator
[2025-07-13T09:49:35.905+0000] {processor.py:766} INFO - DAG(s) dict_keys(['example_dag_decorator']) retrieved from /home/airflow/.local/lib/python3.7/site-packages/airflow/example_dags/example_dag_decorator.py
[2025-07-13T09:49:36.068+0000] {logging_mixin.py:120} INFO - [2025-07-13T09:49:36.067+0000] {dag.py:2585} INFO - Sync 1 DAGs
[2025-07-13T09:49:36.106+0000] {logging_mixin.py:120} INFO - [2025-07-13T09:49:36.105+0000] {dag.py:3340} INFO - Setting next_dagrun for example_dag_decorator to None, run_after=None
[2025-07-13T09:49:36.152+0000] {processor.py:176} INFO - Processing /home/airflow/.local/lib/python3.7/site-packages/airflow/example_dags/example_dag_decorator.py took 0.375 seconds
[2025-07-13T09:50:06.309+0000] {processor.py:154} INFO - Started process (PID=313) to work on /home/airflow/.local/lib/python3.7/site-packages/airflow/example_dags/example_dag_decorator.py
[2025-07-13T09:50:06.311+0000] {processor.py:756} INFO - Processing file /home/airflow/.local/lib/python3.7/site-packages/airflow/example_dags/example_dag_decorator.py for tasks to queue
[2025-07-13T09:50:06.312+0000] {logging_mixin.py:120} INFO - [2025-07-13T09:50:06.312+0000] {dagbag.py:537} INFO - Filling up the DagBag from /home/airflow/.local/lib/python3.7/site-packages/airflow/example_dags/example_dag_decorator.py
[2025-07-13T09:50:06.341+0000] {logging_mixin.py:120} INFO - [2025-07-13T09:50:06.340+0000] {taskmixin.py:205} WARNING - Dependency <Task(_PythonDecoratedOperator): prepare_email>, send_email already registered for DAG: example_dag_decorator
[2025-07-13T09:50:06.342+0000] {logging_mixin.py:120} INFO - [2025-07-13T09:50:06.341+0000] {taskmixin.py:205} WARNING - Dependency <Task(EmailOperator): send_email>, prepare_email already registered for DAG: example_dag_decorator
[2025-07-13T09:50:06.364+0000] {processor.py:766} INFO - DAG(s) dict_keys(['example_dag_decorator']) retrieved from /home/airflow/.local/lib/python3.7/site-packages/airflow/example_dags/example_dag_decorator.py
[2025-07-13T09:50:06.553+0000] {logging_mixin.py:120} INFO - [2025-07-13T09:50:06.553+0000] {dag.py:2585} INFO - Sync 1 DAGs
[2025-07-13T09:50:06.596+0000] {logging_mixin.py:120} INFO - [2025-07-13T09:50:06.595+0000] {dag.py:3340} INFO - Setting next_dagrun for example_dag_decorator to None, run_after=None
[2025-07-13T09:50:06.633+0000] {processor.py:176} INFO - Processing /home/airflow/.local/lib/python3.7/site-packages/airflow/example_dags/example_dag_decorator.py took 0.329 seconds
[2025-07-13T09:50:37.477+0000] {processor.py:154} INFO - Started process (PID=368) to work on /home/airflow/.local/lib/python3.7/site-packages/airflow/example_dags/example_dag_decorator.py
[2025-07-13T09:50:37.482+0000] {processor.py:756} INFO - Processing file /home/airflow/.local/lib/python3.7/site-packages/airflow/example_dags/example_dag_decorator.py for tasks to queue
[2025-07-13T09:50:37.503+0000] {logging_mixin.py:120} INFO - [2025-07-13T09:50:37.487+0000] {dagbag.py:537} INFO - Filling up the DagBag from /home/airflow/.local/lib/python3.7/site-packages/airflow/example_dags/example_dag_decorator.py
[2025-07-13T09:50:37.554+0000] {logging_mixin.py:120} INFO - [2025-07-13T09:50:37.553+0000] {taskmixin.py:205} WARNING - Dependency <Task(_PythonDecoratedOperator): prepare_email>, send_email already registered for DAG: example_dag_decorator
[2025-07-13T09:50:37.555+0000] {logging_mixin.py:120} INFO - [2025-07-13T09:50:37.555+0000] {taskmixin.py:205} WARNING - Dependency <Task(EmailOperator): send_email>, prepare_email already registered for DAG: example_dag_decorator
[2025-07-13T09:50:37.620+0000] {processor.py:766} INFO - DAG(s) dict_keys(['example_dag_decorator']) retrieved from /home/airflow/.local/lib/python3.7/site-packages/airflow/example_dags/example_dag_decorator.py
[2025-07-13T09:50:38.021+0000] {logging_mixin.py:120} INFO - [2025-07-13T09:50:38.020+0000] {dag.py:2585} INFO - Sync 1 DAGs
[2025-07-13T09:50:38.183+0000] {logging_mixin.py:120} INFO - [2025-07-13T09:50:38.182+0000] {dag.py:3340} INFO - Setting next_dagrun for example_dag_decorator to None, run_after=None
[2025-07-13T09:50:38.376+0000] {processor.py:176} INFO - Processing /home/airflow/.local/lib/python3.7/site-packages/airflow/example_dags/example_dag_decorator.py took 0.911 seconds
[2025-07-13T09:51:08.688+0000] {processor.py:154} INFO - Started process (PID=421) to work on /home/airflow/.local/lib/python3.7/site-packages/airflow/example_dags/example_dag_decorator.py
[2025-07-13T09:51:08.693+0000] {processor.py:756} INFO - Processing file /home/airflow/.local/lib/python3.7/site-packages/airflow/example_dags/example_dag_decorator.py for tasks to queue
[2025-07-13T09:51:08.700+0000] {logging_mixin.py:120} INFO - [2025-07-13T09:51:08.699+0000] {dagbag.py:537} INFO - Filling up the DagBag from /home/airflow/.local/lib/python3.7/site-packages/airflow/example_dags/example_dag_decorator.py
[2025-07-13T09:51:08.760+0000] {logging_mixin.py:120} INFO - [2025-07-13T09:51:08.759+0000] {taskmixin.py:205} WARNING - Dependency <Task(_PythonDecoratedOperator): prepare_email>, send_email already registered for DAG: example_dag_decorator
[2025-07-13T09:51:08.762+0000] {logging_mixin.py:120} INFO - [2025-07-13T09:51:08.761+0000] {taskmixin.py:205} WARNING - Dependency <Task(EmailOperator): send_email>, prepare_email already registered for DAG: example_dag_decorator
[2025-07-13T09:51:08.820+0000] {processor.py:766} INFO - DAG(s) dict_keys(['example_dag_decorator']) retrieved from /home/airflow/.local/lib/python3.7/site-packages/airflow/example_dags/example_dag_decorator.py
[2025-07-13T09:51:08.971+0000] {logging_mixin.py:120} INFO - [2025-07-13T09:51:08.970+0000] {dag.py:2585} INFO - Sync 1 DAGs
[2025-07-13T09:51:09.114+0000] {logging_mixin.py:120} INFO - [2025-07-13T09:51:09.114+0000] {dag.py:3340} INFO - Setting next_dagrun for example_dag_decorator to None, run_after=None
[2025-07-13T09:51:09.182+0000] {processor.py:176} INFO - Processing /home/airflow/.local/lib/python3.7/site-packages/airflow/example_dags/example_dag_decorator.py took 0.515 seconds
[2025-07-13T09:51:47.857+0000] {processor.py:154} INFO - Started process (PID=475) to work on /home/airflow/.local/lib/python3.7/site-packages/airflow/example_dags/example_dag_decorator.py
[2025-07-13T09:51:47.860+0000] {processor.py:756} INFO - Processing file /home/airflow/.local/lib/python3.7/site-packages/airflow/example_dags/example_dag_decorator.py for tasks to queue
[2025-07-13T09:51:47.863+0000] {logging_mixin.py:120} INFO - [2025-07-13T09:51:47.863+0000] {dagbag.py:537} INFO - Filling up the DagBag from /home/airflow/.local/lib/python3.7/site-packages/airflow/example_dags/example_dag_decorator.py
[2025-07-13T09:51:47.961+0000] {logging_mixin.py:120} INFO - [2025-07-13T09:51:47.961+0000] {taskmixin.py:205} WARNING - Dependency <Task(_PythonDecoratedOperator): prepare_email>, send_email already registered for DAG: example_dag_decorator
[2025-07-13T09:51:47.970+0000] {logging_mixin.py:120} INFO - [2025-07-13T09:51:47.970+0000] {taskmixin.py:205} WARNING - Dependency <Task(EmailOperator): send_email>, prepare_email already registered for DAG: example_dag_decorator
[2025-07-13T09:51:48.055+0000] {processor.py:766} INFO - DAG(s) dict_keys(['example_dag_decorator']) retrieved from /home/airflow/.local/lib/python3.7/site-packages/airflow/example_dags/example_dag_decorator.py
[2025-07-13T09:51:48.458+0000] {logging_mixin.py:120} INFO - [2025-07-13T09:51:48.457+0000] {dag.py:2585} INFO - Sync 1 DAGs
[2025-07-13T09:51:48.596+0000] {logging_mixin.py:120} INFO - [2025-07-13T09:51:48.595+0000] {dag.py:3340} INFO - Setting next_dagrun for example_dag_decorator to None, run_after=None
[2025-07-13T09:51:48.758+0000] {processor.py:176} INFO - Processing /home/airflow/.local/lib/python3.7/site-packages/airflow/example_dags/example_dag_decorator.py took 0.931 seconds
[2025-07-13T09:52:19.272+0000] {processor.py:154} INFO - Started process (PID=528) to work on /home/airflow/.local/lib/python3.7/site-packages/airflow/example_dags/example_dag_decorator.py
[2025-07-13T09:52:19.284+0000] {processor.py:756} INFO - Processing file /home/airflow/.local/lib/python3.7/site-packages/airflow/example_dags/example_dag_decorator.py for tasks to queue
[2025-07-13T09:52:19.289+0000] {logging_mixin.py:120} INFO - [2025-07-13T09:52:19.288+0000] {dagbag.py:537} INFO - Filling up the DagBag from /home/airflow/.local/lib/python3.7/site-packages/airflow/example_dags/example_dag_decorator.py
[2025-07-13T09:52:19.364+0000] {logging_mixin.py:120} INFO - [2025-07-13T09:52:19.360+0000] {taskmixin.py:205} WARNING - Dependency <Task(_PythonDecoratedOperator): prepare_email>, send_email already registered for DAG: example_dag_decorator
[2025-07-13T09:52:19.369+0000] {logging_mixin.py:120} INFO - [2025-07-13T09:52:19.369+0000] {taskmixin.py:205} WARNING - Dependency <Task(EmailOperator): send_email>, prepare_email already registered for DAG: example_dag_decorator
[2025-07-13T09:52:19.475+0000] {processor.py:766} INFO - DAG(s) dict_keys(['example_dag_decorator']) retrieved from /home/airflow/.local/lib/python3.7/site-packages/airflow/example_dags/example_dag_decorator.py
[2025-07-13T09:52:19.849+0000] {logging_mixin.py:120} INFO - [2025-07-13T09:52:19.844+0000] {dag.py:2585} INFO - Sync 1 DAGs
[2025-07-13T09:52:19.943+0000] {logging_mixin.py:120} INFO - [2025-07-13T09:52:19.943+0000] {dag.py:3340} INFO - Setting next_dagrun for example_dag_decorator to None, run_after=None
[2025-07-13T09:52:20.087+0000] {processor.py:176} INFO - Processing /home/airflow/.local/lib/python3.7/site-packages/airflow/example_dags/example_dag_decorator.py took 0.837 seconds
[2025-07-13T09:52:51.621+0000] {processor.py:154} INFO - Started process (PID=583) to work on /home/airflow/.local/lib/python3.7/site-packages/airflow/example_dags/example_dag_decorator.py
[2025-07-13T09:52:51.622+0000] {processor.py:756} INFO - Processing file /home/airflow/.local/lib/python3.7/site-packages/airflow/example_dags/example_dag_decorator.py for tasks to queue
[2025-07-13T09:52:51.623+0000] {logging_mixin.py:120} INFO - [2025-07-13T09:52:51.623+0000] {dagbag.py:537} INFO - Filling up the DagBag from /home/airflow/.local/lib/python3.7/site-packages/airflow/example_dags/example_dag_decorator.py
[2025-07-13T09:52:51.641+0000] {logging_mixin.py:120} INFO - [2025-07-13T09:52:51.641+0000] {taskmixin.py:205} WARNING - Dependency <Task(_PythonDecoratedOperator): prepare_email>, send_email already registered for DAG: example_dag_decorator
[2025-07-13T09:52:51.642+0000] {logging_mixin.py:120} INFO - [2025-07-13T09:52:51.642+0000] {taskmixin.py:205} WARNING - Dependency <Task(EmailOperator): send_email>, prepare_email already registered for DAG: example_dag_decorator
[2025-07-13T09:52:51.666+0000] {processor.py:766} INFO - DAG(s) dict_keys(['example_dag_decorator']) retrieved from /home/airflow/.local/lib/python3.7/site-packages/airflow/example_dags/example_dag_decorator.py
[2025-07-13T09:52:51.767+0000] {logging_mixin.py:120} INFO - [2025-07-13T09:52:51.766+0000] {dag.py:2585} INFO - Sync 1 DAGs
[2025-07-13T09:52:51.793+0000] {logging_mixin.py:120} INFO - [2025-07-13T09:52:51.793+0000] {dag.py:3340} INFO - Setting next_dagrun for example_dag_decorator to None, run_after=None
[2025-07-13T09:52:51.882+0000] {processor.py:176} INFO - Processing /home/airflow/.local/lib/python3.7/site-packages/airflow/example_dags/example_dag_decorator.py took 0.267 seconds
[2025-07-13T09:53:23.325+0000] {processor.py:154} INFO - Started process (PID=637) to work on /home/airflow/.local/lib/python3.7/site-packages/airflow/example_dags/example_dag_decorator.py
[2025-07-13T09:53:23.326+0000] {processor.py:756} INFO - Processing file /home/airflow/.local/lib/python3.7/site-packages/airflow/example_dags/example_dag_decorator.py for tasks to queue
[2025-07-13T09:53:23.328+0000] {logging_mixin.py:120} INFO - [2025-07-13T09:53:23.328+0000] {dagbag.py:537} INFO - Filling up the DagBag from /home/airflow/.local/lib/python3.7/site-packages/airflow/example_dags/example_dag_decorator.py
[2025-07-13T09:53:23.369+0000] {logging_mixin.py:120} INFO - [2025-07-13T09:53:23.368+0000] {taskmixin.py:205} WARNING - Dependency <Task(_PythonDecoratedOperator): prepare_email>, send_email already registered for DAG: example_dag_decorator
[2025-07-13T09:53:23.372+0000] {logging_mixin.py:120} INFO - [2025-07-13T09:53:23.370+0000] {taskmixin.py:205} WARNING - Dependency <Task(EmailOperator): send_email>, prepare_email already registered for DAG: example_dag_decorator
[2025-07-13T09:53:23.424+0000] {processor.py:766} INFO - DAG(s) dict_keys(['example_dag_decorator']) retrieved from /home/airflow/.local/lib/python3.7/site-packages/airflow/example_dags/example_dag_decorator.py
[2025-07-13T09:53:23.754+0000] {logging_mixin.py:120} INFO - [2025-07-13T09:53:23.753+0000] {dag.py:2585} INFO - Sync 1 DAGs
[2025-07-13T09:53:23.897+0000] {logging_mixin.py:120} INFO - [2025-07-13T09:53:23.897+0000] {dag.py:3340} INFO - Setting next_dagrun for example_dag_decorator to None, run_after=None
[2025-07-13T09:53:23.974+0000] {processor.py:176} INFO - Processing /home/airflow/.local/lib/python3.7/site-packages/airflow/example_dags/example_dag_decorator.py took 0.654 seconds
[2025-07-13T09:53:55.778+0000] {processor.py:154} INFO - Started process (PID=701) to work on /home/airflow/.local/lib/python3.7/site-packages/airflow/example_dags/example_dag_decorator.py
[2025-07-13T09:53:55.782+0000] {processor.py:756} INFO - Processing file /home/airflow/.local/lib/python3.7/site-packages/airflow/example_dags/example_dag_decorator.py for tasks to queue
[2025-07-13T09:53:55.786+0000] {logging_mixin.py:120} INFO - [2025-07-13T09:53:55.786+0000] {dagbag.py:537} INFO - Filling up the DagBag from /home/airflow/.local/lib/python3.7/site-packages/airflow/example_dags/example_dag_decorator.py
[2025-07-13T09:53:55.855+0000] {logging_mixin.py:120} INFO - [2025-07-13T09:53:55.855+0000] {taskmixin.py:205} WARNING - Dependency <Task(_PythonDecoratedOperator): prepare_email>, send_email already registered for DAG: example_dag_decorator
[2025-07-13T09:53:55.858+0000] {logging_mixin.py:120} INFO - [2025-07-13T09:53:55.858+0000] {taskmixin.py:205} WARNING - Dependency <Task(EmailOperator): send_email>, prepare_email already registered for DAG: example_dag_decorator
[2025-07-13T09:53:55.962+0000] {processor.py:766} INFO - DAG(s) dict_keys(['example_dag_decorator']) retrieved from /home/airflow/.local/lib/python3.7/site-packages/airflow/example_dags/example_dag_decorator.py
[2025-07-13T09:53:56.557+0000] {logging_mixin.py:120} INFO - [2025-07-13T09:53:56.556+0000] {dag.py:2585} INFO - Sync 1 DAGs
[2025-07-13T09:53:56.658+0000] {logging_mixin.py:120} INFO - [2025-07-13T09:53:56.657+0000] {dag.py:3340} INFO - Setting next_dagrun for example_dag_decorator to None, run_after=None
[2025-07-13T09:53:56.738+0000] {processor.py:176} INFO - Processing /home/airflow/.local/lib/python3.7/site-packages/airflow/example_dags/example_dag_decorator.py took 0.968 seconds
[2025-07-13T09:54:27.633+0000] {processor.py:154} INFO - Started process (PID=755) to work on /home/airflow/.local/lib/python3.7/site-packages/airflow/example_dags/example_dag_decorator.py
[2025-07-13T09:54:27.635+0000] {processor.py:756} INFO - Processing file /home/airflow/.local/lib/python3.7/site-packages/airflow/example_dags/example_dag_decorator.py for tasks to queue
[2025-07-13T09:54:27.637+0000] {logging_mixin.py:120} INFO - [2025-07-13T09:54:27.636+0000] {dagbag.py:537} INFO - Filling up the DagBag from /home/airflow/.local/lib/python3.7/site-packages/airflow/example_dags/example_dag_decorator.py
[2025-07-13T09:54:27.695+0000] {logging_mixin.py:120} INFO - [2025-07-13T09:54:27.694+0000] {taskmixin.py:205} WARNING - Dependency <Task(_PythonDecoratedOperator): prepare_email>, send_email already registered for DAG: example_dag_decorator
[2025-07-13T09:54:27.697+0000] {logging_mixin.py:120} INFO - [2025-07-13T09:54:27.696+0000] {taskmixin.py:205} WARNING - Dependency <Task(EmailOperator): send_email>, prepare_email already registered for DAG: example_dag_decorator
[2025-07-13T09:54:27.734+0000] {processor.py:766} INFO - DAG(s) dict_keys(['example_dag_decorator']) retrieved from /home/airflow/.local/lib/python3.7/site-packages/airflow/example_dags/example_dag_decorator.py
[2025-07-13T09:54:27.936+0000] {logging_mixin.py:120} INFO - [2025-07-13T09:54:27.936+0000] {dag.py:2585} INFO - Sync 1 DAGs
[2025-07-13T09:54:28.011+0000] {logging_mixin.py:120} INFO - [2025-07-13T09:54:28.011+0000] {dag.py:3340} INFO - Setting next_dagrun for example_dag_decorator to None, run_after=None
[2025-07-13T09:54:28.091+0000] {processor.py:176} INFO - Processing /home/airflow/.local/lib/python3.7/site-packages/airflow/example_dags/example_dag_decorator.py took 0.466 seconds
[2025-07-13T09:54:58.311+0000] {processor.py:154} INFO - Started process (PID=809) to work on /home/airflow/.local/lib/python3.7/site-packages/airflow/example_dags/example_dag_decorator.py
[2025-07-13T09:54:58.312+0000] {processor.py:756} INFO - Processing file /home/airflow/.local/lib/python3.7/site-packages/airflow/example_dags/example_dag_decorator.py for tasks to queue
[2025-07-13T09:54:58.313+0000] {logging_mixin.py:120} INFO - [2025-07-13T09:54:58.313+0000] {dagbag.py:537} INFO - Filling up the DagBag from /home/airflow/.local/lib/python3.7/site-packages/airflow/example_dags/example_dag_decorator.py
[2025-07-13T09:54:58.332+0000] {logging_mixin.py:120} INFO - [2025-07-13T09:54:58.332+0000] {taskmixin.py:205} WARNING - Dependency <Task(_PythonDecoratedOperator): prepare_email>, send_email already registered for DAG: example_dag_decorator
[2025-07-13T09:54:58.332+0000] {logging_mixin.py:120} INFO - [2025-07-13T09:54:58.332+0000] {taskmixin.py:205} WARNING - Dependency <Task(EmailOperator): send_email>, prepare_email already registered for DAG: example_dag_decorator
[2025-07-13T09:54:58.349+0000] {processor.py:766} INFO - DAG(s) dict_keys(['example_dag_decorator']) retrieved from /home/airflow/.local/lib/python3.7/site-packages/airflow/example_dags/example_dag_decorator.py
[2025-07-13T09:54:58.443+0000] {logging_mixin.py:120} INFO - [2025-07-13T09:54:58.443+0000] {dag.py:2585} INFO - Sync 1 DAGs
[2025-07-13T09:54:58.470+0000] {logging_mixin.py:120} INFO - [2025-07-13T09:54:58.470+0000] {dag.py:3340} INFO - Setting next_dagrun for example_dag_decorator to None, run_after=None
[2025-07-13T09:54:58.496+0000] {processor.py:176} INFO - Processing /home/airflow/.local/lib/python3.7/site-packages/airflow/example_dags/example_dag_decorator.py took 0.189 seconds
[2025-07-13T09:55:29.165+0000] {processor.py:154} INFO - Started process (PID=868) to work on /home/airflow/.local/lib/python3.7/site-packages/airflow/example_dags/example_dag_decorator.py
[2025-07-13T09:55:29.167+0000] {processor.py:756} INFO - Processing file /home/airflow/.local/lib/python3.7/site-packages/airflow/example_dags/example_dag_decorator.py for tasks to queue
[2025-07-13T09:55:29.168+0000] {logging_mixin.py:120} INFO - [2025-07-13T09:55:29.168+0000] {dagbag.py:537} INFO - Filling up the DagBag from /home/airflow/.local/lib/python3.7/site-packages/airflow/example_dags/example_dag_decorator.py
[2025-07-13T09:55:29.197+0000] {logging_mixin.py:120} INFO - [2025-07-13T09:55:29.196+0000] {taskmixin.py:205} WARNING - Dependency <Task(_PythonDecoratedOperator): prepare_email>, send_email already registered for DAG: example_dag_decorator
[2025-07-13T09:55:29.198+0000] {logging_mixin.py:120} INFO - [2025-07-13T09:55:29.197+0000] {taskmixin.py:205} WARNING - Dependency <Task(EmailOperator): send_email>, prepare_email already registered for DAG: example_dag_decorator
[2025-07-13T09:55:29.224+0000] {processor.py:766} INFO - DAG(s) dict_keys(['example_dag_decorator']) retrieved from /home/airflow/.local/lib/python3.7/site-packages/airflow/example_dags/example_dag_decorator.py
[2025-07-13T09:55:29.369+0000] {logging_mixin.py:120} INFO - [2025-07-13T09:55:29.368+0000] {dag.py:2585} INFO - Sync 1 DAGs
[2025-07-13T09:55:29.410+0000] {logging_mixin.py:120} INFO - [2025-07-13T09:55:29.410+0000] {dag.py:3340} INFO - Setting next_dagrun for example_dag_decorator to None, run_after=None
[2025-07-13T09:55:29.461+0000] {processor.py:176} INFO - Processing /home/airflow/.local/lib/python3.7/site-packages/airflow/example_dags/example_dag_decorator.py took 0.300 seconds
[2025-07-13T09:56:00.116+0000] {processor.py:154} INFO - Started process (PID=924) to work on /home/airflow/.local/lib/python3.7/site-packages/airflow/example_dags/example_dag_decorator.py
[2025-07-13T09:56:00.117+0000] {processor.py:756} INFO - Processing file /home/airflow/.local/lib/python3.7/site-packages/airflow/example_dags/example_dag_decorator.py for tasks to queue
[2025-07-13T09:56:00.118+0000] {logging_mixin.py:120} INFO - [2025-07-13T09:56:00.118+0000] {dagbag.py:537} INFO - Filling up the DagBag from /home/airflow/.local/lib/python3.7/site-packages/airflow/example_dags/example_dag_decorator.py
[2025-07-13T09:56:00.136+0000] {logging_mixin.py:120} INFO - [2025-07-13T09:56:00.136+0000] {taskmixin.py:205} WARNING - Dependency <Task(_PythonDecoratedOperator): prepare_email>, send_email already registered for DAG: example_dag_decorator
[2025-07-13T09:56:00.137+0000] {logging_mixin.py:120} INFO - [2025-07-13T09:56:00.136+0000] {taskmixin.py:205} WARNING - Dependency <Task(EmailOperator): send_email>, prepare_email already registered for DAG: example_dag_decorator
[2025-07-13T09:56:00.152+0000] {processor.py:766} INFO - DAG(s) dict_keys(['example_dag_decorator']) retrieved from /home/airflow/.local/lib/python3.7/site-packages/airflow/example_dags/example_dag_decorator.py
[2025-07-13T09:56:00.247+0000] {logging_mixin.py:120} INFO - [2025-07-13T09:56:00.247+0000] {dag.py:2585} INFO - Sync 1 DAGs
[2025-07-13T09:56:00.271+0000] {logging_mixin.py:120} INFO - [2025-07-13T09:56:00.271+0000] {dag.py:3340} INFO - Setting next_dagrun for example_dag_decorator to None, run_after=None
[2025-07-13T09:56:00.300+0000] {processor.py:176} INFO - Processing /home/airflow/.local/lib/python3.7/site-packages/airflow/example_dags/example_dag_decorator.py took 0.188 seconds
[2025-07-13T09:56:30.757+0000] {processor.py:154} INFO - Started process (PID=987) to work on /home/airflow/.local/lib/python3.7/site-packages/airflow/example_dags/example_dag_decorator.py
[2025-07-13T09:56:30.758+0000] {processor.py:756} INFO - Processing file /home/airflow/.local/lib/python3.7/site-packages/airflow/example_dags/example_dag_decorator.py for tasks to queue
[2025-07-13T09:56:30.760+0000] {logging_mixin.py:120} INFO - [2025-07-13T09:56:30.759+0000] {dagbag.py:537} INFO - Filling up the DagBag from /home/airflow/.local/lib/python3.7/site-packages/airflow/example_dags/example_dag_decorator.py
[2025-07-13T09:56:30.778+0000] {logging_mixin.py:120} INFO - [2025-07-13T09:56:30.777+0000] {taskmixin.py:205} WARNING - Dependency <Task(_PythonDecoratedOperator): prepare_email>, send_email already registered for DAG: example_dag_decorator
[2025-07-13T09:56:30.778+0000] {logging_mixin.py:120} INFO - [2025-07-13T09:56:30.778+0000] {taskmixin.py:205} WARNING - Dependency <Task(EmailOperator): send_email>, prepare_email already registered for DAG: example_dag_decorator
[2025-07-13T09:56:30.794+0000] {processor.py:766} INFO - DAG(s) dict_keys(['example_dag_decorator']) retrieved from /home/airflow/.local/lib/python3.7/site-packages/airflow/example_dags/example_dag_decorator.py
[2025-07-13T09:56:30.896+0000] {logging_mixin.py:120} INFO - [2025-07-13T09:56:30.896+0000] {dag.py:2585} INFO - Sync 1 DAGs
[2025-07-13T09:56:30.921+0000] {logging_mixin.py:120} INFO - [2025-07-13T09:56:30.920+0000] {dag.py:3340} INFO - Setting next_dagrun for example_dag_decorator to None, run_after=None
[2025-07-13T09:56:30.948+0000] {processor.py:176} INFO - Processing /home/airflow/.local/lib/python3.7/site-packages/airflow/example_dags/example_dag_decorator.py took 0.195 seconds
[2025-07-13T09:57:01.837+0000] {processor.py:154} INFO - Started process (PID=1041) to work on /home/airflow/.local/lib/python3.7/site-packages/airflow/example_dags/example_dag_decorator.py
[2025-07-13T09:57:01.838+0000] {processor.py:756} INFO - Processing file /home/airflow/.local/lib/python3.7/site-packages/airflow/example_dags/example_dag_decorator.py for tasks to queue
[2025-07-13T09:57:01.839+0000] {logging_mixin.py:120} INFO - [2025-07-13T09:57:01.839+0000] {dagbag.py:537} INFO - Filling up the DagBag from /home/airflow/.local/lib/python3.7/site-packages/airflow/example_dags/example_dag_decorator.py
[2025-07-13T09:57:01.857+0000] {logging_mixin.py:120} INFO - [2025-07-13T09:57:01.857+0000] {taskmixin.py:205} WARNING - Dependency <Task(_PythonDecoratedOperator): prepare_email>, send_email already registered for DAG: example_dag_decorator
[2025-07-13T09:57:01.858+0000] {logging_mixin.py:120} INFO - [2025-07-13T09:57:01.858+0000] {taskmixin.py:205} WARNING - Dependency <Task(EmailOperator): send_email>, prepare_email already registered for DAG: example_dag_decorator
[2025-07-13T09:57:01.873+0000] {processor.py:766} INFO - DAG(s) dict_keys(['example_dag_decorator']) retrieved from /home/airflow/.local/lib/python3.7/site-packages/airflow/example_dags/example_dag_decorator.py
[2025-07-13T09:57:01.984+0000] {logging_mixin.py:120} INFO - [2025-07-13T09:57:01.984+0000] {dag.py:2585} INFO - Sync 1 DAGs
[2025-07-13T09:57:02.010+0000] {logging_mixin.py:120} INFO - [2025-07-13T09:57:02.009+0000] {dag.py:3340} INFO - Setting next_dagrun for example_dag_decorator to None, run_after=None
[2025-07-13T09:57:02.038+0000] {processor.py:176} INFO - Processing /home/airflow/.local/lib/python3.7/site-packages/airflow/example_dags/example_dag_decorator.py took 0.205 seconds
[2025-07-13T09:57:32.213+0000] {processor.py:154} INFO - Started process (PID=1104) to work on /home/airflow/.local/lib/python3.7/site-packages/airflow/example_dags/example_dag_decorator.py
[2025-07-13T09:57:32.214+0000] {processor.py:756} INFO - Processing file /home/airflow/.local/lib/python3.7/site-packages/airflow/example_dags/example_dag_decorator.py for tasks to queue
[2025-07-13T09:57:32.215+0000] {logging_mixin.py:120} INFO - [2025-07-13T09:57:32.214+0000] {dagbag.py:537} INFO - Filling up the DagBag from /home/airflow/.local/lib/python3.7/site-packages/airflow/example_dags/example_dag_decorator.py
[2025-07-13T09:57:32.232+0000] {logging_mixin.py:120} INFO - [2025-07-13T09:57:32.232+0000] {taskmixin.py:205} WARNING - Dependency <Task(_PythonDecoratedOperator): prepare_email>, send_email already registered for DAG: example_dag_decorator
[2025-07-13T09:57:32.233+0000] {logging_mixin.py:120} INFO - [2025-07-13T09:57:32.233+0000] {taskmixin.py:205} WARNING - Dependency <Task(EmailOperator): send_email>, prepare_email already registered for DAG: example_dag_decorator
[2025-07-13T09:57:32.248+0000] {processor.py:766} INFO - DAG(s) dict_keys(['example_dag_decorator']) retrieved from /home/airflow/.local/lib/python3.7/site-packages/airflow/example_dags/example_dag_decorator.py
[2025-07-13T09:57:32.338+0000] {logging_mixin.py:120} INFO - [2025-07-13T09:57:32.338+0000] {dag.py:2585} INFO - Sync 1 DAGs
[2025-07-13T09:57:32.363+0000] {logging_mixin.py:120} INFO - [2025-07-13T09:57:32.363+0000] {dag.py:3340} INFO - Setting next_dagrun for example_dag_decorator to None, run_after=None
[2025-07-13T09:57:32.393+0000] {processor.py:176} INFO - Processing /home/airflow/.local/lib/python3.7/site-packages/airflow/example_dags/example_dag_decorator.py took 0.185 seconds
[2025-07-13T09:58:02.744+0000] {processor.py:154} INFO - Started process (PID=1169) to work on /home/airflow/.local/lib/python3.7/site-packages/airflow/example_dags/example_dag_decorator.py
[2025-07-13T09:58:02.746+0000] {processor.py:756} INFO - Processing file /home/airflow/.local/lib/python3.7/site-packages/airflow/example_dags/example_dag_decorator.py for tasks to queue
[2025-07-13T09:58:02.747+0000] {logging_mixin.py:120} INFO - [2025-07-13T09:58:02.747+0000] {dagbag.py:537} INFO - Filling up the DagBag from /home/airflow/.local/lib/python3.7/site-packages/airflow/example_dags/example_dag_decorator.py
[2025-07-13T09:58:02.776+0000] {logging_mixin.py:120} INFO - [2025-07-13T09:58:02.776+0000] {taskmixin.py:205} WARNING - Dependency <Task(_PythonDecoratedOperator): prepare_email>, send_email already registered for DAG: example_dag_decorator
[2025-07-13T09:58:02.777+0000] {logging_mixin.py:120} INFO - [2025-07-13T09:58:02.777+0000] {taskmixin.py:205} WARNING - Dependency <Task(EmailOperator): send_email>, prepare_email already registered for DAG: example_dag_decorator
[2025-07-13T09:58:02.799+0000] {processor.py:766} INFO - DAG(s) dict_keys(['example_dag_decorator']) retrieved from /home/airflow/.local/lib/python3.7/site-packages/airflow/example_dags/example_dag_decorator.py
[2025-07-13T09:58:02.932+0000] {logging_mixin.py:120} INFO - [2025-07-13T09:58:02.932+0000] {dag.py:2585} INFO - Sync 1 DAGs
[2025-07-13T09:58:02.965+0000] {logging_mixin.py:120} INFO - [2025-07-13T09:58:02.965+0000] {dag.py:3340} INFO - Setting next_dagrun for example_dag_decorator to None, run_after=None
[2025-07-13T09:58:03.021+0000] {processor.py:176} INFO - Processing /home/airflow/.local/lib/python3.7/site-packages/airflow/example_dags/example_dag_decorator.py took 0.281 seconds
[2025-07-13T09:58:33.479+0000] {processor.py:154} INFO - Started process (PID=1222) to work on /home/airflow/.local/lib/python3.7/site-packages/airflow/example_dags/example_dag_decorator.py
[2025-07-13T09:58:33.480+0000] {processor.py:756} INFO - Processing file /home/airflow/.local/lib/python3.7/site-packages/airflow/example_dags/example_dag_decorator.py for tasks to queue
[2025-07-13T09:58:33.482+0000] {logging_mixin.py:120} INFO - [2025-07-13T09:58:33.482+0000] {dagbag.py:537} INFO - Filling up the DagBag from /home/airflow/.local/lib/python3.7/site-packages/airflow/example_dags/example_dag_decorator.py
[2025-07-13T09:58:33.512+0000] {logging_mixin.py:120} INFO - [2025-07-13T09:58:33.512+0000] {taskmixin.py:205} WARNING - Dependency <Task(_PythonDecoratedOperator): prepare_email>, send_email already registered for DAG: example_dag_decorator
[2025-07-13T09:58:33.513+0000] {logging_mixin.py:120} INFO - [2025-07-13T09:58:33.513+0000] {taskmixin.py:205} WARNING - Dependency <Task(EmailOperator): send_email>, prepare_email already registered for DAG: example_dag_decorator
[2025-07-13T09:58:33.534+0000] {processor.py:766} INFO - DAG(s) dict_keys(['example_dag_decorator']) retrieved from /home/airflow/.local/lib/python3.7/site-packages/airflow/example_dags/example_dag_decorator.py
[2025-07-13T09:58:33.651+0000] {logging_mixin.py:120} INFO - [2025-07-13T09:58:33.651+0000] {dag.py:2585} INFO - Sync 1 DAGs
[2025-07-13T09:58:33.688+0000] {logging_mixin.py:120} INFO - [2025-07-13T09:58:33.688+0000] {dag.py:3340} INFO - Setting next_dagrun for example_dag_decorator to None, run_after=None
[2025-07-13T09:58:33.721+0000] {processor.py:176} INFO - Processing /home/airflow/.local/lib/python3.7/site-packages/airflow/example_dags/example_dag_decorator.py took 0.248 seconds
[2025-07-13T09:59:05.024+0000] {processor.py:154} INFO - Started process (PID=1285) to work on /home/airflow/.local/lib/python3.7/site-packages/airflow/example_dags/example_dag_decorator.py
[2025-07-13T09:59:05.025+0000] {processor.py:756} INFO - Processing file /home/airflow/.local/lib/python3.7/site-packages/airflow/example_dags/example_dag_decorator.py for tasks to queue
[2025-07-13T09:59:05.027+0000] {logging_mixin.py:120} INFO - [2025-07-13T09:59:05.026+0000] {dagbag.py:537} INFO - Filling up the DagBag from /home/airflow/.local/lib/python3.7/site-packages/airflow/example_dags/example_dag_decorator.py
[2025-07-13T09:59:05.049+0000] {logging_mixin.py:120} INFO - [2025-07-13T09:59:05.049+0000] {taskmixin.py:205} WARNING - Dependency <Task(_PythonDecoratedOperator): prepare_email>, send_email already registered for DAG: example_dag_decorator
[2025-07-13T09:59:05.050+0000] {logging_mixin.py:120} INFO - [2025-07-13T09:59:05.050+0000] {taskmixin.py:205} WARNING - Dependency <Task(EmailOperator): send_email>, prepare_email already registered for DAG: example_dag_decorator
[2025-07-13T09:59:05.073+0000] {processor.py:766} INFO - DAG(s) dict_keys(['example_dag_decorator']) retrieved from /home/airflow/.local/lib/python3.7/site-packages/airflow/example_dags/example_dag_decorator.py
[2025-07-13T09:59:05.193+0000] {logging_mixin.py:120} INFO - [2025-07-13T09:59:05.193+0000] {dag.py:2585} INFO - Sync 1 DAGs
[2025-07-13T09:59:05.222+0000] {logging_mixin.py:120} INFO - [2025-07-13T09:59:05.222+0000] {dag.py:3340} INFO - Setting next_dagrun for example_dag_decorator to None, run_after=None
[2025-07-13T09:59:05.255+0000] {processor.py:176} INFO - Processing /home/airflow/.local/lib/python3.7/site-packages/airflow/example_dags/example_dag_decorator.py took 0.237 seconds
[2025-07-13T09:59:35.954+0000] {processor.py:154} INFO - Started process (PID=1340) to work on /home/airflow/.local/lib/python3.7/site-packages/airflow/example_dags/example_dag_decorator.py
[2025-07-13T09:59:35.956+0000] {processor.py:756} INFO - Processing file /home/airflow/.local/lib/python3.7/site-packages/airflow/example_dags/example_dag_decorator.py for tasks to queue
[2025-07-13T09:59:35.958+0000] {logging_mixin.py:120} INFO - [2025-07-13T09:59:35.958+0000] {dagbag.py:537} INFO - Filling up the DagBag from /home/airflow/.local/lib/python3.7/site-packages/airflow/example_dags/example_dag_decorator.py
[2025-07-13T09:59:36.003+0000] {logging_mixin.py:120} INFO - [2025-07-13T09:59:36.003+0000] {taskmixin.py:205} WARNING - Dependency <Task(_PythonDecoratedOperator): prepare_email>, send_email already registered for DAG: example_dag_decorator
[2025-07-13T09:59:36.004+0000] {logging_mixin.py:120} INFO - [2025-07-13T09:59:36.004+0000] {taskmixin.py:205} WARNING - Dependency <Task(EmailOperator): send_email>, prepare_email already registered for DAG: example_dag_decorator
[2025-07-13T09:59:36.034+0000] {processor.py:766} INFO - DAG(s) dict_keys(['example_dag_decorator']) retrieved from /home/airflow/.local/lib/python3.7/site-packages/airflow/example_dags/example_dag_decorator.py
[2025-07-13T09:59:36.284+0000] {logging_mixin.py:120} INFO - [2025-07-13T09:59:36.284+0000] {dag.py:2585} INFO - Sync 1 DAGs
[2025-07-13T09:59:36.327+0000] {logging_mixin.py:120} INFO - [2025-07-13T09:59:36.327+0000] {dag.py:3340} INFO - Setting next_dagrun for example_dag_decorator to None, run_after=None
[2025-07-13T09:59:36.386+0000] {processor.py:176} INFO - Processing /home/airflow/.local/lib/python3.7/site-packages/airflow/example_dags/example_dag_decorator.py took 0.438 seconds
[2025-07-13T10:00:06.498+0000] {processor.py:154} INFO - Started process (PID=1403) to work on /home/airflow/.local/lib/python3.7/site-packages/airflow/example_dags/example_dag_decorator.py
[2025-07-13T10:00:06.499+0000] {processor.py:756} INFO - Processing file /home/airflow/.local/lib/python3.7/site-packages/airflow/example_dags/example_dag_decorator.py for tasks to queue
[2025-07-13T10:00:06.500+0000] {logging_mixin.py:120} INFO - [2025-07-13T10:00:06.500+0000] {dagbag.py:537} INFO - Filling up the DagBag from /home/airflow/.local/lib/python3.7/site-packages/airflow/example_dags/example_dag_decorator.py
[2025-07-13T10:00:06.518+0000] {logging_mixin.py:120} INFO - [2025-07-13T10:00:06.518+0000] {taskmixin.py:205} WARNING - Dependency <Task(_PythonDecoratedOperator): prepare_email>, send_email already registered for DAG: example_dag_decorator
[2025-07-13T10:00:06.519+0000] {logging_mixin.py:120} INFO - [2025-07-13T10:00:06.519+0000] {taskmixin.py:205} WARNING - Dependency <Task(EmailOperator): send_email>, prepare_email already registered for DAG: example_dag_decorator
[2025-07-13T10:00:06.579+0000] {processor.py:766} INFO - DAG(s) dict_keys(['example_dag_decorator']) retrieved from /home/airflow/.local/lib/python3.7/site-packages/airflow/example_dags/example_dag_decorator.py
[2025-07-13T10:00:06.729+0000] {logging_mixin.py:120} INFO - [2025-07-13T10:00:06.729+0000] {dag.py:2585} INFO - Sync 1 DAGs
[2025-07-13T10:00:06.754+0000] {logging_mixin.py:120} INFO - [2025-07-13T10:00:06.754+0000] {dag.py:3340} INFO - Setting next_dagrun for example_dag_decorator to None, run_after=None
[2025-07-13T10:00:06.783+0000] {processor.py:176} INFO - Processing /home/airflow/.local/lib/python3.7/site-packages/airflow/example_dags/example_dag_decorator.py took 0.289 seconds
[2025-07-13T10:00:36.957+0000] {processor.py:154} INFO - Started process (PID=1465) to work on /home/airflow/.local/lib/python3.7/site-packages/airflow/example_dags/example_dag_decorator.py
[2025-07-13T10:00:36.959+0000] {processor.py:756} INFO - Processing file /home/airflow/.local/lib/python3.7/site-packages/airflow/example_dags/example_dag_decorator.py for tasks to queue
[2025-07-13T10:00:36.961+0000] {logging_mixin.py:120} INFO - [2025-07-13T10:00:36.960+0000] {dagbag.py:537} INFO - Filling up the DagBag from /home/airflow/.local/lib/python3.7/site-packages/airflow/example_dags/example_dag_decorator.py
[2025-07-13T10:00:36.991+0000] {logging_mixin.py:120} INFO - [2025-07-13T10:00:36.990+0000] {taskmixin.py:205} WARNING - Dependency <Task(_PythonDecoratedOperator): prepare_email>, send_email already registered for DAG: example_dag_decorator
[2025-07-13T10:00:36.991+0000] {logging_mixin.py:120} INFO - [2025-07-13T10:00:36.991+0000] {taskmixin.py:205} WARNING - Dependency <Task(EmailOperator): send_email>, prepare_email already registered for DAG: example_dag_decorator
[2025-07-13T10:00:37.016+0000] {processor.py:766} INFO - DAG(s) dict_keys(['example_dag_decorator']) retrieved from /home/airflow/.local/lib/python3.7/site-packages/airflow/example_dags/example_dag_decorator.py
[2025-07-13T10:00:37.160+0000] {logging_mixin.py:120} INFO - [2025-07-13T10:00:37.159+0000] {dag.py:2585} INFO - Sync 1 DAGs
[2025-07-13T10:00:37.202+0000] {logging_mixin.py:120} INFO - [2025-07-13T10:00:37.201+0000] {dag.py:3340} INFO - Setting next_dagrun for example_dag_decorator to None, run_after=None
[2025-07-13T10:00:37.251+0000] {processor.py:176} INFO - Processing /home/airflow/.local/lib/python3.7/site-packages/airflow/example_dags/example_dag_decorator.py took 0.301 seconds
[2025-07-13T10:01:07.296+0000] {processor.py:154} INFO - Started process (PID=1521) to work on /home/airflow/.local/lib/python3.7/site-packages/airflow/example_dags/example_dag_decorator.py
[2025-07-13T10:01:07.297+0000] {processor.py:756} INFO - Processing file /home/airflow/.local/lib/python3.7/site-packages/airflow/example_dags/example_dag_decorator.py for tasks to queue
[2025-07-13T10:01:07.298+0000] {logging_mixin.py:120} INFO - [2025-07-13T10:01:07.298+0000] {dagbag.py:537} INFO - Filling up the DagBag from /home/airflow/.local/lib/python3.7/site-packages/airflow/example_dags/example_dag_decorator.py
[2025-07-13T10:01:07.318+0000] {logging_mixin.py:120} INFO - [2025-07-13T10:01:07.318+0000] {taskmixin.py:205} WARNING - Dependency <Task(_PythonDecoratedOperator): prepare_email>, send_email already registered for DAG: example_dag_decorator
[2025-07-13T10:01:07.319+0000] {logging_mixin.py:120} INFO - [2025-07-13T10:01:07.319+0000] {taskmixin.py:205} WARNING - Dependency <Task(EmailOperator): send_email>, prepare_email already registered for DAG: example_dag_decorator
[2025-07-13T10:01:07.335+0000] {processor.py:766} INFO - DAG(s) dict_keys(['example_dag_decorator']) retrieved from /home/airflow/.local/lib/python3.7/site-packages/airflow/example_dags/example_dag_decorator.py
[2025-07-13T10:01:07.449+0000] {logging_mixin.py:120} INFO - [2025-07-13T10:01:07.449+0000] {dag.py:2585} INFO - Sync 1 DAGs
[2025-07-13T10:01:07.483+0000] {logging_mixin.py:120} INFO - [2025-07-13T10:01:07.483+0000] {dag.py:3340} INFO - Setting next_dagrun for example_dag_decorator to None, run_after=None
[2025-07-13T10:01:07.511+0000] {processor.py:176} INFO - Processing /home/airflow/.local/lib/python3.7/site-packages/airflow/example_dags/example_dag_decorator.py took 0.219 seconds
[2025-07-13T10:01:38.004+0000] {processor.py:154} INFO - Started process (PID=1584) to work on /home/airflow/.local/lib/python3.7/site-packages/airflow/example_dags/example_dag_decorator.py
[2025-07-13T10:01:38.005+0000] {processor.py:756} INFO - Processing file /home/airflow/.local/lib/python3.7/site-packages/airflow/example_dags/example_dag_decorator.py for tasks to queue
[2025-07-13T10:01:38.007+0000] {logging_mixin.py:120} INFO - [2025-07-13T10:01:38.007+0000] {dagbag.py:537} INFO - Filling up the DagBag from /home/airflow/.local/lib/python3.7/site-packages/airflow/example_dags/example_dag_decorator.py
[2025-07-13T10:01:38.035+0000] {logging_mixin.py:120} INFO - [2025-07-13T10:01:38.035+0000] {taskmixin.py:205} WARNING - Dependency <Task(_PythonDecoratedOperator): prepare_email>, send_email already registered for DAG: example_dag_decorator
[2025-07-13T10:01:38.036+0000] {logging_mixin.py:120} INFO - [2025-07-13T10:01:38.036+0000] {taskmixin.py:205} WARNING - Dependency <Task(EmailOperator): send_email>, prepare_email already registered for DAG: example_dag_decorator
[2025-07-13T10:01:38.060+0000] {processor.py:766} INFO - DAG(s) dict_keys(['example_dag_decorator']) retrieved from /home/airflow/.local/lib/python3.7/site-packages/airflow/example_dags/example_dag_decorator.py
[2025-07-13T10:01:38.213+0000] {logging_mixin.py:120} INFO - [2025-07-13T10:01:38.213+0000] {dag.py:2585} INFO - Sync 1 DAGs
[2025-07-13T10:01:38.262+0000] {logging_mixin.py:120} INFO - [2025-07-13T10:01:38.262+0000] {dag.py:3340} INFO - Setting next_dagrun for example_dag_decorator to None, run_after=None
[2025-07-13T10:01:38.339+0000] {processor.py:176} INFO - Processing /home/airflow/.local/lib/python3.7/site-packages/airflow/example_dags/example_dag_decorator.py took 0.340 seconds
[2025-07-13T10:02:09.065+0000] {processor.py:154} INFO - Started process (PID=1638) to work on /home/airflow/.local/lib/python3.7/site-packages/airflow/example_dags/example_dag_decorator.py
[2025-07-13T10:02:09.067+0000] {processor.py:756} INFO - Processing file /home/airflow/.local/lib/python3.7/site-packages/airflow/example_dags/example_dag_decorator.py for tasks to queue
[2025-07-13T10:02:09.068+0000] {logging_mixin.py:120} INFO - [2025-07-13T10:02:09.068+0000] {dagbag.py:537} INFO - Filling up the DagBag from /home/airflow/.local/lib/python3.7/site-packages/airflow/example_dags/example_dag_decorator.py
[2025-07-13T10:02:09.089+0000] {logging_mixin.py:120} INFO - [2025-07-13T10:02:09.089+0000] {taskmixin.py:205} WARNING - Dependency <Task(_PythonDecoratedOperator): prepare_email>, send_email already registered for DAG: example_dag_decorator
[2025-07-13T10:02:09.090+0000] {logging_mixin.py:120} INFO - [2025-07-13T10:02:09.089+0000] {taskmixin.py:205} WARNING - Dependency <Task(EmailOperator): send_email>, prepare_email already registered for DAG: example_dag_decorator
[2025-07-13T10:02:09.106+0000] {processor.py:766} INFO - DAG(s) dict_keys(['example_dag_decorator']) retrieved from /home/airflow/.local/lib/python3.7/site-packages/airflow/example_dags/example_dag_decorator.py
[2025-07-13T10:02:09.214+0000] {logging_mixin.py:120} INFO - [2025-07-13T10:02:09.214+0000] {dag.py:2585} INFO - Sync 1 DAGs
[2025-07-13T10:02:09.258+0000] {logging_mixin.py:120} INFO - [2025-07-13T10:02:09.258+0000] {dag.py:3340} INFO - Setting next_dagrun for example_dag_decorator to None, run_after=None
[2025-07-13T10:02:09.285+0000] {processor.py:176} INFO - Processing /home/airflow/.local/lib/python3.7/site-packages/airflow/example_dags/example_dag_decorator.py took 0.226 seconds
[2025-07-13T10:02:40.153+0000] {processor.py:154} INFO - Started process (PID=1701) to work on /home/airflow/.local/lib/python3.7/site-packages/airflow/example_dags/example_dag_decorator.py
[2025-07-13T10:02:40.155+0000] {processor.py:756} INFO - Processing file /home/airflow/.local/lib/python3.7/site-packages/airflow/example_dags/example_dag_decorator.py for tasks to queue
[2025-07-13T10:02:40.156+0000] {logging_mixin.py:120} INFO - [2025-07-13T10:02:40.156+0000] {dagbag.py:537} INFO - Filling up the DagBag from /home/airflow/.local/lib/python3.7/site-packages/airflow/example_dags/example_dag_decorator.py
[2025-07-13T10:02:40.179+0000] {logging_mixin.py:120} INFO - [2025-07-13T10:02:40.179+0000] {taskmixin.py:205} WARNING - Dependency <Task(_PythonDecoratedOperator): prepare_email>, send_email already registered for DAG: example_dag_decorator
[2025-07-13T10:02:40.180+0000] {logging_mixin.py:120} INFO - [2025-07-13T10:02:40.180+0000] {taskmixin.py:205} WARNING - Dependency <Task(EmailOperator): send_email>, prepare_email already registered for DAG: example_dag_decorator
[2025-07-13T10:02:40.198+0000] {processor.py:766} INFO - DAG(s) dict_keys(['example_dag_decorator']) retrieved from /home/airflow/.local/lib/python3.7/site-packages/airflow/example_dags/example_dag_decorator.py
[2025-07-13T10:02:40.316+0000] {logging_mixin.py:120} INFO - [2025-07-13T10:02:40.315+0000] {dag.py:2585} INFO - Sync 1 DAGs
[2025-07-13T10:02:40.357+0000] {logging_mixin.py:120} INFO - [2025-07-13T10:02:40.357+0000] {dag.py:3340} INFO - Setting next_dagrun for example_dag_decorator to None, run_after=None
[2025-07-13T10:02:40.390+0000] {processor.py:176} INFO - Processing /home/airflow/.local/lib/python3.7/site-packages/airflow/example_dags/example_dag_decorator.py took 0.243 seconds
[2025-07-13T10:03:10.866+0000] {processor.py:154} INFO - Started process (PID=1764) to work on /home/airflow/.local/lib/python3.7/site-packages/airflow/example_dags/example_dag_decorator.py
[2025-07-13T10:03:10.868+0000] {processor.py:756} INFO - Processing file /home/airflow/.local/lib/python3.7/site-packages/airflow/example_dags/example_dag_decorator.py for tasks to queue
[2025-07-13T10:03:10.870+0000] {logging_mixin.py:120} INFO - [2025-07-13T10:03:10.869+0000] {dagbag.py:537} INFO - Filling up the DagBag from /home/airflow/.local/lib/python3.7/site-packages/airflow/example_dags/example_dag_decorator.py
[2025-07-13T10:03:10.892+0000] {logging_mixin.py:120} INFO - [2025-07-13T10:03:10.892+0000] {taskmixin.py:205} WARNING - Dependency <Task(_PythonDecoratedOperator): prepare_email>, send_email already registered for DAG: example_dag_decorator
[2025-07-13T10:03:10.893+0000] {logging_mixin.py:120} INFO - [2025-07-13T10:03:10.893+0000] {taskmixin.py:205} WARNING - Dependency <Task(EmailOperator): send_email>, prepare_email already registered for DAG: example_dag_decorator
[2025-07-13T10:03:10.911+0000] {processor.py:766} INFO - DAG(s) dict_keys(['example_dag_decorator']) retrieved from /home/airflow/.local/lib/python3.7/site-packages/airflow/example_dags/example_dag_decorator.py
[2025-07-13T10:03:11.015+0000] {logging_mixin.py:120} INFO - [2025-07-13T10:03:11.015+0000] {dag.py:2585} INFO - Sync 1 DAGs
[2025-07-13T10:03:11.053+0000] {logging_mixin.py:120} INFO - [2025-07-13T10:03:11.053+0000] {dag.py:3340} INFO - Setting next_dagrun for example_dag_decorator to None, run_after=None
[2025-07-13T10:03:11.078+0000] {processor.py:176} INFO - Processing /home/airflow/.local/lib/python3.7/site-packages/airflow/example_dags/example_dag_decorator.py took 0.217 seconds
[2025-07-13T10:03:41.377+0000] {processor.py:154} INFO - Started process (PID=1818) to work on /home/airflow/.local/lib/python3.7/site-packages/airflow/example_dags/example_dag_decorator.py
[2025-07-13T10:03:41.378+0000] {processor.py:756} INFO - Processing file /home/airflow/.local/lib/python3.7/site-packages/airflow/example_dags/example_dag_decorator.py for tasks to queue
[2025-07-13T10:03:41.380+0000] {logging_mixin.py:120} INFO - [2025-07-13T10:03:41.379+0000] {dagbag.py:537} INFO - Filling up the DagBag from /home/airflow/.local/lib/python3.7/site-packages/airflow/example_dags/example_dag_decorator.py
[2025-07-13T10:03:41.399+0000] {logging_mixin.py:120} INFO - [2025-07-13T10:03:41.398+0000] {taskmixin.py:205} WARNING - Dependency <Task(_PythonDecoratedOperator): prepare_email>, send_email already registered for DAG: example_dag_decorator
[2025-07-13T10:03:41.399+0000] {logging_mixin.py:120} INFO - [2025-07-13T10:03:41.399+0000] {taskmixin.py:205} WARNING - Dependency <Task(EmailOperator): send_email>, prepare_email already registered for DAG: example_dag_decorator
[2025-07-13T10:03:41.418+0000] {processor.py:766} INFO - DAG(s) dict_keys(['example_dag_decorator']) retrieved from /home/airflow/.local/lib/python3.7/site-packages/airflow/example_dags/example_dag_decorator.py
[2025-07-13T10:03:41.527+0000] {logging_mixin.py:120} INFO - [2025-07-13T10:03:41.527+0000] {dag.py:2585} INFO - Sync 1 DAGs
[2025-07-13T10:03:41.560+0000] {logging_mixin.py:120} INFO - [2025-07-13T10:03:41.560+0000] {dag.py:3340} INFO - Setting next_dagrun for example_dag_decorator to None, run_after=None
[2025-07-13T10:03:41.590+0000] {processor.py:176} INFO - Processing /home/airflow/.local/lib/python3.7/site-packages/airflow/example_dags/example_dag_decorator.py took 0.217 seconds
[2025-07-13T10:04:11.657+0000] {processor.py:154} INFO - Started process (PID=1881) to work on /home/airflow/.local/lib/python3.7/site-packages/airflow/example_dags/example_dag_decorator.py
[2025-07-13T10:04:11.658+0000] {processor.py:756} INFO - Processing file /home/airflow/.local/lib/python3.7/site-packages/airflow/example_dags/example_dag_decorator.py for tasks to queue
[2025-07-13T10:04:11.659+0000] {logging_mixin.py:120} INFO - [2025-07-13T10:04:11.659+0000] {dagbag.py:537} INFO - Filling up the DagBag from /home/airflow/.local/lib/python3.7/site-packages/airflow/example_dags/example_dag_decorator.py
[2025-07-13T10:04:11.679+0000] {logging_mixin.py:120} INFO - [2025-07-13T10:04:11.678+0000] {taskmixin.py:205} WARNING - Dependency <Task(_PythonDecoratedOperator): prepare_email>, send_email already registered for DAG: example_dag_decorator
[2025-07-13T10:04:11.679+0000] {logging_mixin.py:120} INFO - [2025-07-13T10:04:11.679+0000] {taskmixin.py:205} WARNING - Dependency <Task(EmailOperator): send_email>, prepare_email already registered for DAG: example_dag_decorator
[2025-07-13T10:04:11.699+0000] {processor.py:766} INFO - DAG(s) dict_keys(['example_dag_decorator']) retrieved from /home/airflow/.local/lib/python3.7/site-packages/airflow/example_dags/example_dag_decorator.py
[2025-07-13T10:04:11.812+0000] {logging_mixin.py:120} INFO - [2025-07-13T10:04:11.811+0000] {dag.py:2585} INFO - Sync 1 DAGs
[2025-07-13T10:04:11.846+0000] {logging_mixin.py:120} INFO - [2025-07-13T10:04:11.845+0000] {dag.py:3340} INFO - Setting next_dagrun for example_dag_decorator to None, run_after=None
[2025-07-13T10:04:11.873+0000] {processor.py:176} INFO - Processing /home/airflow/.local/lib/python3.7/site-packages/airflow/example_dags/example_dag_decorator.py took 0.220 seconds
[2025-07-13T10:04:42.172+0000] {processor.py:154} INFO - Started process (PID=1944) to work on /home/airflow/.local/lib/python3.7/site-packages/airflow/example_dags/example_dag_decorator.py
[2025-07-13T10:04:42.173+0000] {processor.py:756} INFO - Processing file /home/airflow/.local/lib/python3.7/site-packages/airflow/example_dags/example_dag_decorator.py for tasks to queue
[2025-07-13T10:04:42.175+0000] {logging_mixin.py:120} INFO - [2025-07-13T10:04:42.174+0000] {dagbag.py:537} INFO - Filling up the DagBag from /home/airflow/.local/lib/python3.7/site-packages/airflow/example_dags/example_dag_decorator.py
[2025-07-13T10:04:42.204+0000] {logging_mixin.py:120} INFO - [2025-07-13T10:04:42.203+0000] {taskmixin.py:205} WARNING - Dependency <Task(_PythonDecoratedOperator): prepare_email>, send_email already registered for DAG: example_dag_decorator
[2025-07-13T10:04:42.205+0000] {logging_mixin.py:120} INFO - [2025-07-13T10:04:42.204+0000] {taskmixin.py:205} WARNING - Dependency <Task(EmailOperator): send_email>, prepare_email already registered for DAG: example_dag_decorator
[2025-07-13T10:04:42.229+0000] {processor.py:766} INFO - DAG(s) dict_keys(['example_dag_decorator']) retrieved from /home/airflow/.local/lib/python3.7/site-packages/airflow/example_dags/example_dag_decorator.py
[2025-07-13T10:04:42.369+0000] {logging_mixin.py:120} INFO - [2025-07-13T10:04:42.369+0000] {dag.py:2585} INFO - Sync 1 DAGs
[2025-07-13T10:04:42.407+0000] {logging_mixin.py:120} INFO - [2025-07-13T10:04:42.407+0000] {dag.py:3340} INFO - Setting next_dagrun for example_dag_decorator to None, run_after=None
[2025-07-13T10:04:42.440+0000] {processor.py:176} INFO - Processing /home/airflow/.local/lib/python3.7/site-packages/airflow/example_dags/example_dag_decorator.py took 0.273 seconds
[2025-07-13T10:05:13.109+0000] {processor.py:154} INFO - Started process (PID=1999) to work on /home/airflow/.local/lib/python3.7/site-packages/airflow/example_dags/example_dag_decorator.py
[2025-07-13T10:05:13.110+0000] {processor.py:756} INFO - Processing file /home/airflow/.local/lib/python3.7/site-packages/airflow/example_dags/example_dag_decorator.py for tasks to queue
[2025-07-13T10:05:13.112+0000] {logging_mixin.py:120} INFO - [2025-07-13T10:05:13.112+0000] {dagbag.py:537} INFO - Filling up the DagBag from /home/airflow/.local/lib/python3.7/site-packages/airflow/example_dags/example_dag_decorator.py
[2025-07-13T10:05:13.138+0000] {logging_mixin.py:120} INFO - [2025-07-13T10:05:13.138+0000] {taskmixin.py:205} WARNING - Dependency <Task(_PythonDecoratedOperator): prepare_email>, send_email already registered for DAG: example_dag_decorator
[2025-07-13T10:05:13.139+0000] {logging_mixin.py:120} INFO - [2025-07-13T10:05:13.139+0000] {taskmixin.py:205} WARNING - Dependency <Task(EmailOperator): send_email>, prepare_email already registered for DAG: example_dag_decorator
[2025-07-13T10:05:13.160+0000] {processor.py:766} INFO - DAG(s) dict_keys(['example_dag_decorator']) retrieved from /home/airflow/.local/lib/python3.7/site-packages/airflow/example_dags/example_dag_decorator.py
[2025-07-13T10:05:13.312+0000] {logging_mixin.py:120} INFO - [2025-07-13T10:05:13.312+0000] {dag.py:2585} INFO - Sync 1 DAGs
[2025-07-13T10:05:13.359+0000] {logging_mixin.py:120} INFO - [2025-07-13T10:05:13.359+0000] {dag.py:3340} INFO - Setting next_dagrun for example_dag_decorator to None, run_after=None
[2025-07-13T10:05:13.395+0000] {processor.py:176} INFO - Processing /home/airflow/.local/lib/python3.7/site-packages/airflow/example_dags/example_dag_decorator.py took 0.293 seconds
[2025-07-13T10:05:43.508+0000] {processor.py:154} INFO - Started process (PID=2062) to work on /home/airflow/.local/lib/python3.7/site-packages/airflow/example_dags/example_dag_decorator.py
[2025-07-13T10:05:43.509+0000] {processor.py:756} INFO - Processing file /home/airflow/.local/lib/python3.7/site-packages/airflow/example_dags/example_dag_decorator.py for tasks to queue
[2025-07-13T10:05:43.510+0000] {logging_mixin.py:120} INFO - [2025-07-13T10:05:43.510+0000] {dagbag.py:537} INFO - Filling up the DagBag from /home/airflow/.local/lib/python3.7/site-packages/airflow/example_dags/example_dag_decorator.py
[2025-07-13T10:05:43.534+0000] {logging_mixin.py:120} INFO - [2025-07-13T10:05:43.534+0000] {taskmixin.py:205} WARNING - Dependency <Task(_PythonDecoratedOperator): prepare_email>, send_email already registered for DAG: example_dag_decorator
[2025-07-13T10:05:43.535+0000] {logging_mixin.py:120} INFO - [2025-07-13T10:05:43.535+0000] {taskmixin.py:205} WARNING - Dependency <Task(EmailOperator): send_email>, prepare_email already registered for DAG: example_dag_decorator
[2025-07-13T10:05:43.554+0000] {processor.py:766} INFO - DAG(s) dict_keys(['example_dag_decorator']) retrieved from /home/airflow/.local/lib/python3.7/site-packages/airflow/example_dags/example_dag_decorator.py
[2025-07-13T10:05:43.676+0000] {logging_mixin.py:120} INFO - [2025-07-13T10:05:43.676+0000] {dag.py:2585} INFO - Sync 1 DAGs
[2025-07-13T10:05:43.723+0000] {logging_mixin.py:120} INFO - [2025-07-13T10:05:43.723+0000] {dag.py:3340} INFO - Setting next_dagrun for example_dag_decorator to None, run_after=None
[2025-07-13T10:05:43.754+0000] {processor.py:176} INFO - Processing /home/airflow/.local/lib/python3.7/site-packages/airflow/example_dags/example_dag_decorator.py took 0.253 seconds
[2025-07-13T10:06:14.436+0000] {processor.py:154} INFO - Started process (PID=2125) to work on /home/airflow/.local/lib/python3.7/site-packages/airflow/example_dags/example_dag_decorator.py
[2025-07-13T10:06:14.438+0000] {processor.py:756} INFO - Processing file /home/airflow/.local/lib/python3.7/site-packages/airflow/example_dags/example_dag_decorator.py for tasks to queue
[2025-07-13T10:06:14.439+0000] {logging_mixin.py:120} INFO - [2025-07-13T10:06:14.439+0000] {dagbag.py:537} INFO - Filling up the DagBag from /home/airflow/.local/lib/python3.7/site-packages/airflow/example_dags/example_dag_decorator.py
[2025-07-13T10:06:14.464+0000] {logging_mixin.py:120} INFO - [2025-07-13T10:06:14.464+0000] {taskmixin.py:205} WARNING - Dependency <Task(_PythonDecoratedOperator): prepare_email>, send_email already registered for DAG: example_dag_decorator
[2025-07-13T10:06:14.465+0000] {logging_mixin.py:120} INFO - [2025-07-13T10:06:14.465+0000] {taskmixin.py:205} WARNING - Dependency <Task(EmailOperator): send_email>, prepare_email already registered for DAG: example_dag_decorator
[2025-07-13T10:06:14.491+0000] {processor.py:766} INFO - DAG(s) dict_keys(['example_dag_decorator']) retrieved from /home/airflow/.local/lib/python3.7/site-packages/airflow/example_dags/example_dag_decorator.py
[2025-07-13T10:06:14.632+0000] {logging_mixin.py:120} INFO - [2025-07-13T10:06:14.632+0000] {dag.py:2585} INFO - Sync 1 DAGs
[2025-07-13T10:06:14.675+0000] {logging_mixin.py:120} INFO - [2025-07-13T10:06:14.675+0000] {dag.py:3340} INFO - Setting next_dagrun for example_dag_decorator to None, run_after=None
[2025-07-13T10:06:14.705+0000] {processor.py:176} INFO - Processing /home/airflow/.local/lib/python3.7/site-packages/airflow/example_dags/example_dag_decorator.py took 0.275 seconds
[2025-07-13T10:06:45.363+0000] {processor.py:154} INFO - Started process (PID=2180) to work on /home/airflow/.local/lib/python3.7/site-packages/airflow/example_dags/example_dag_decorator.py
[2025-07-13T10:06:45.365+0000] {processor.py:756} INFO - Processing file /home/airflow/.local/lib/python3.7/site-packages/airflow/example_dags/example_dag_decorator.py for tasks to queue
[2025-07-13T10:06:45.366+0000] {logging_mixin.py:120} INFO - [2025-07-13T10:06:45.366+0000] {dagbag.py:537} INFO - Filling up the DagBag from /home/airflow/.local/lib/python3.7/site-packages/airflow/example_dags/example_dag_decorator.py
[2025-07-13T10:06:45.388+0000] {logging_mixin.py:120} INFO - [2025-07-13T10:06:45.387+0000] {taskmixin.py:205} WARNING - Dependency <Task(_PythonDecoratedOperator): prepare_email>, send_email already registered for DAG: example_dag_decorator
[2025-07-13T10:06:45.388+0000] {logging_mixin.py:120} INFO - [2025-07-13T10:06:45.388+0000] {taskmixin.py:205} WARNING - Dependency <Task(EmailOperator): send_email>, prepare_email already registered for DAG: example_dag_decorator
[2025-07-13T10:06:45.406+0000] {processor.py:766} INFO - DAG(s) dict_keys(['example_dag_decorator']) retrieved from /home/airflow/.local/lib/python3.7/site-packages/airflow/example_dags/example_dag_decorator.py
[2025-07-13T10:06:45.518+0000] {logging_mixin.py:120} INFO - [2025-07-13T10:06:45.518+0000] {dag.py:2585} INFO - Sync 1 DAGs
[2025-07-13T10:06:45.551+0000] {logging_mixin.py:120} INFO - [2025-07-13T10:06:45.551+0000] {dag.py:3340} INFO - Setting next_dagrun for example_dag_decorator to None, run_after=None
[2025-07-13T10:06:45.579+0000] {processor.py:176} INFO - Processing /home/airflow/.local/lib/python3.7/site-packages/airflow/example_dags/example_dag_decorator.py took 0.221 seconds
[2025-07-13T10:07:16.146+0000] {processor.py:154} INFO - Started process (PID=2243) to work on /home/airflow/.local/lib/python3.7/site-packages/airflow/example_dags/example_dag_decorator.py
[2025-07-13T10:07:16.149+0000] {processor.py:756} INFO - Processing file /home/airflow/.local/lib/python3.7/site-packages/airflow/example_dags/example_dag_decorator.py for tasks to queue
[2025-07-13T10:07:16.152+0000] {logging_mixin.py:120} INFO - [2025-07-13T10:07:16.151+0000] {dagbag.py:537} INFO - Filling up the DagBag from /home/airflow/.local/lib/python3.7/site-packages/airflow/example_dags/example_dag_decorator.py
[2025-07-13T10:07:16.186+0000] {logging_mixin.py:120} INFO - [2025-07-13T10:07:16.186+0000] {taskmixin.py:205} WARNING - Dependency <Task(_PythonDecoratedOperator): prepare_email>, send_email already registered for DAG: example_dag_decorator
[2025-07-13T10:07:16.187+0000] {logging_mixin.py:120} INFO - [2025-07-13T10:07:16.187+0000] {taskmixin.py:205} WARNING - Dependency <Task(EmailOperator): send_email>, prepare_email already registered for DAG: example_dag_decorator
[2025-07-13T10:07:16.203+0000] {processor.py:766} INFO - DAG(s) dict_keys(['example_dag_decorator']) retrieved from /home/airflow/.local/lib/python3.7/site-packages/airflow/example_dags/example_dag_decorator.py
[2025-07-13T10:07:16.312+0000] {logging_mixin.py:120} INFO - [2025-07-13T10:07:16.312+0000] {dag.py:2585} INFO - Sync 1 DAGs
[2025-07-13T10:07:16.353+0000] {logging_mixin.py:120} INFO - [2025-07-13T10:07:16.353+0000] {dag.py:3340} INFO - Setting next_dagrun for example_dag_decorator to None, run_after=None
[2025-07-13T10:07:16.398+0000] {processor.py:176} INFO - Processing /home/airflow/.local/lib/python3.7/site-packages/airflow/example_dags/example_dag_decorator.py took 0.257 seconds
[2025-07-13T10:07:46.642+0000] {processor.py:154} INFO - Started process (PID=2298) to work on /home/airflow/.local/lib/python3.7/site-packages/airflow/example_dags/example_dag_decorator.py
[2025-07-13T10:07:46.644+0000] {processor.py:756} INFO - Processing file /home/airflow/.local/lib/python3.7/site-packages/airflow/example_dags/example_dag_decorator.py for tasks to queue
[2025-07-13T10:07:46.645+0000] {logging_mixin.py:120} INFO - [2025-07-13T10:07:46.645+0000] {dagbag.py:537} INFO - Filling up the DagBag from /home/airflow/.local/lib/python3.7/site-packages/airflow/example_dags/example_dag_decorator.py
[2025-07-13T10:07:46.678+0000] {logging_mixin.py:120} INFO - [2025-07-13T10:07:46.678+0000] {taskmixin.py:205} WARNING - Dependency <Task(_PythonDecoratedOperator): prepare_email>, send_email already registered for DAG: example_dag_decorator
[2025-07-13T10:07:46.679+0000] {logging_mixin.py:120} INFO - [2025-07-13T10:07:46.679+0000] {taskmixin.py:205} WARNING - Dependency <Task(EmailOperator): send_email>, prepare_email already registered for DAG: example_dag_decorator
[2025-07-13T10:07:46.701+0000] {processor.py:766} INFO - DAG(s) dict_keys(['example_dag_decorator']) retrieved from /home/airflow/.local/lib/python3.7/site-packages/airflow/example_dags/example_dag_decorator.py
[2025-07-13T10:07:46.927+0000] {logging_mixin.py:120} INFO - [2025-07-13T10:07:46.926+0000] {dag.py:2585} INFO - Sync 1 DAGs
[2025-07-13T10:07:47.007+0000] {logging_mixin.py:120} INFO - [2025-07-13T10:07:47.007+0000] {dag.py:3340} INFO - Setting next_dagrun for example_dag_decorator to None, run_after=None
[2025-07-13T10:07:47.043+0000] {processor.py:176} INFO - Processing /home/airflow/.local/lib/python3.7/site-packages/airflow/example_dags/example_dag_decorator.py took 0.407 seconds
[2025-07-13T10:08:17.812+0000] {processor.py:154} INFO - Started process (PID=2360) to work on /home/airflow/.local/lib/python3.7/site-packages/airflow/example_dags/example_dag_decorator.py
[2025-07-13T10:08:17.814+0000] {processor.py:756} INFO - Processing file /home/airflow/.local/lib/python3.7/site-packages/airflow/example_dags/example_dag_decorator.py for tasks to queue
[2025-07-13T10:08:17.815+0000] {logging_mixin.py:120} INFO - [2025-07-13T10:08:17.815+0000] {dagbag.py:537} INFO - Filling up the DagBag from /home/airflow/.local/lib/python3.7/site-packages/airflow/example_dags/example_dag_decorator.py
[2025-07-13T10:08:17.839+0000] {logging_mixin.py:120} INFO - [2025-07-13T10:08:17.839+0000] {taskmixin.py:205} WARNING - Dependency <Task(_PythonDecoratedOperator): prepare_email>, send_email already registered for DAG: example_dag_decorator
[2025-07-13T10:08:17.840+0000] {logging_mixin.py:120} INFO - [2025-07-13T10:08:17.840+0000] {taskmixin.py:205} WARNING - Dependency <Task(EmailOperator): send_email>, prepare_email already registered for DAG: example_dag_decorator
[2025-07-13T10:08:17.859+0000] {processor.py:766} INFO - DAG(s) dict_keys(['example_dag_decorator']) retrieved from /home/airflow/.local/lib/python3.7/site-packages/airflow/example_dags/example_dag_decorator.py
[2025-07-13T10:08:17.969+0000] {logging_mixin.py:120} INFO - [2025-07-13T10:08:17.969+0000] {dag.py:2585} INFO - Sync 1 DAGs
[2025-07-13T10:08:18.002+0000] {logging_mixin.py:120} INFO - [2025-07-13T10:08:18.002+0000] {dag.py:3340} INFO - Setting next_dagrun for example_dag_decorator to None, run_after=None
[2025-07-13T10:08:18.029+0000] {processor.py:176} INFO - Processing /home/airflow/.local/lib/python3.7/site-packages/airflow/example_dags/example_dag_decorator.py took 0.222 seconds
[2025-07-13T10:08:48.641+0000] {processor.py:154} INFO - Started process (PID=2414) to work on /home/airflow/.local/lib/python3.7/site-packages/airflow/example_dags/example_dag_decorator.py
[2025-07-13T10:08:48.643+0000] {processor.py:756} INFO - Processing file /home/airflow/.local/lib/python3.7/site-packages/airflow/example_dags/example_dag_decorator.py for tasks to queue
[2025-07-13T10:08:48.645+0000] {logging_mixin.py:120} INFO - [2025-07-13T10:08:48.644+0000] {dagbag.py:537} INFO - Filling up the DagBag from /home/airflow/.local/lib/python3.7/site-packages/airflow/example_dags/example_dag_decorator.py
[2025-07-13T10:08:48.671+0000] {logging_mixin.py:120} INFO - [2025-07-13T10:08:48.670+0000] {taskmixin.py:205} WARNING - Dependency <Task(_PythonDecoratedOperator): prepare_email>, send_email already registered for DAG: example_dag_decorator
[2025-07-13T10:08:48.671+0000] {logging_mixin.py:120} INFO - [2025-07-13T10:08:48.671+0000] {taskmixin.py:205} WARNING - Dependency <Task(EmailOperator): send_email>, prepare_email already registered for DAG: example_dag_decorator
[2025-07-13T10:08:48.692+0000] {processor.py:766} INFO - DAG(s) dict_keys(['example_dag_decorator']) retrieved from /home/airflow/.local/lib/python3.7/site-packages/airflow/example_dags/example_dag_decorator.py
[2025-07-13T10:08:48.850+0000] {logging_mixin.py:120} INFO - [2025-07-13T10:08:48.850+0000] {dag.py:2585} INFO - Sync 1 DAGs
[2025-07-13T10:08:48.899+0000] {logging_mixin.py:120} INFO - [2025-07-13T10:08:48.899+0000] {dag.py:3340} INFO - Setting next_dagrun for example_dag_decorator to None, run_after=None
[2025-07-13T10:08:48.949+0000] {processor.py:176} INFO - Processing /home/airflow/.local/lib/python3.7/site-packages/airflow/example_dags/example_dag_decorator.py took 0.314 seconds
[2025-07-13T10:09:19.284+0000] {processor.py:154} INFO - Started process (PID=2477) to work on /home/airflow/.local/lib/python3.7/site-packages/airflow/example_dags/example_dag_decorator.py
[2025-07-13T10:09:19.285+0000] {processor.py:756} INFO - Processing file /home/airflow/.local/lib/python3.7/site-packages/airflow/example_dags/example_dag_decorator.py for tasks to queue
[2025-07-13T10:09:19.286+0000] {logging_mixin.py:120} INFO - [2025-07-13T10:09:19.286+0000] {dagbag.py:537} INFO - Filling up the DagBag from /home/airflow/.local/lib/python3.7/site-packages/airflow/example_dags/example_dag_decorator.py
[2025-07-13T10:09:19.307+0000] {logging_mixin.py:120} INFO - [2025-07-13T10:09:19.307+0000] {taskmixin.py:205} WARNING - Dependency <Task(_PythonDecoratedOperator): prepare_email>, send_email already registered for DAG: example_dag_decorator
[2025-07-13T10:09:19.308+0000] {logging_mixin.py:120} INFO - [2025-07-13T10:09:19.308+0000] {taskmixin.py:205} WARNING - Dependency <Task(EmailOperator): send_email>, prepare_email already registered for DAG: example_dag_decorator
[2025-07-13T10:09:19.324+0000] {processor.py:766} INFO - DAG(s) dict_keys(['example_dag_decorator']) retrieved from /home/airflow/.local/lib/python3.7/site-packages/airflow/example_dags/example_dag_decorator.py
[2025-07-13T10:09:19.431+0000] {logging_mixin.py:120} INFO - [2025-07-13T10:09:19.431+0000] {dag.py:2585} INFO - Sync 1 DAGs
[2025-07-13T10:09:19.477+0000] {logging_mixin.py:120} INFO - [2025-07-13T10:09:19.477+0000] {dag.py:3340} INFO - Setting next_dagrun for example_dag_decorator to None, run_after=None
[2025-07-13T10:09:19.505+0000] {processor.py:176} INFO - Processing /home/airflow/.local/lib/python3.7/site-packages/airflow/example_dags/example_dag_decorator.py took 0.227 seconds
[2025-07-13T10:09:50.259+0000] {processor.py:154} INFO - Started process (PID=2540) to work on /home/airflow/.local/lib/python3.7/site-packages/airflow/example_dags/example_dag_decorator.py
[2025-07-13T10:09:50.261+0000] {processor.py:756} INFO - Processing file /home/airflow/.local/lib/python3.7/site-packages/airflow/example_dags/example_dag_decorator.py for tasks to queue
[2025-07-13T10:09:50.263+0000] {logging_mixin.py:120} INFO - [2025-07-13T10:09:50.263+0000] {dagbag.py:537} INFO - Filling up the DagBag from /home/airflow/.local/lib/python3.7/site-packages/airflow/example_dags/example_dag_decorator.py
[2025-07-13T10:09:50.295+0000] {logging_mixin.py:120} INFO - [2025-07-13T10:09:50.295+0000] {taskmixin.py:205} WARNING - Dependency <Task(_PythonDecoratedOperator): prepare_email>, send_email already registered for DAG: example_dag_decorator
[2025-07-13T10:09:50.297+0000] {logging_mixin.py:120} INFO - [2025-07-13T10:09:50.296+0000] {taskmixin.py:205} WARNING - Dependency <Task(EmailOperator): send_email>, prepare_email already registered for DAG: example_dag_decorator
[2025-07-13T10:09:50.322+0000] {processor.py:766} INFO - DAG(s) dict_keys(['example_dag_decorator']) retrieved from /home/airflow/.local/lib/python3.7/site-packages/airflow/example_dags/example_dag_decorator.py
[2025-07-13T10:09:50.514+0000] {logging_mixin.py:120} INFO - [2025-07-13T10:09:50.514+0000] {dag.py:2585} INFO - Sync 1 DAGs
[2025-07-13T10:09:50.554+0000] {logging_mixin.py:120} INFO - [2025-07-13T10:09:50.554+0000] {dag.py:3340} INFO - Setting next_dagrun for example_dag_decorator to None, run_after=None
[2025-07-13T10:09:50.590+0000] {processor.py:176} INFO - Processing /home/airflow/.local/lib/python3.7/site-packages/airflow/example_dags/example_dag_decorator.py took 0.337 seconds
[2025-07-13T10:10:21.265+0000] {processor.py:154} INFO - Started process (PID=2594) to work on /home/airflow/.local/lib/python3.7/site-packages/airflow/example_dags/example_dag_decorator.py
[2025-07-13T10:10:21.267+0000] {processor.py:756} INFO - Processing file /home/airflow/.local/lib/python3.7/site-packages/airflow/example_dags/example_dag_decorator.py for tasks to queue
[2025-07-13T10:10:21.268+0000] {logging_mixin.py:120} INFO - [2025-07-13T10:10:21.268+0000] {dagbag.py:537} INFO - Filling up the DagBag from /home/airflow/.local/lib/python3.7/site-packages/airflow/example_dags/example_dag_decorator.py
[2025-07-13T10:10:21.298+0000] {logging_mixin.py:120} INFO - [2025-07-13T10:10:21.297+0000] {taskmixin.py:205} WARNING - Dependency <Task(_PythonDecoratedOperator): prepare_email>, send_email already registered for DAG: example_dag_decorator
[2025-07-13T10:10:21.299+0000] {logging_mixin.py:120} INFO - [2025-07-13T10:10:21.298+0000] {taskmixin.py:205} WARNING - Dependency <Task(EmailOperator): send_email>, prepare_email already registered for DAG: example_dag_decorator
[2025-07-13T10:10:21.318+0000] {processor.py:766} INFO - DAG(s) dict_keys(['example_dag_decorator']) retrieved from /home/airflow/.local/lib/python3.7/site-packages/airflow/example_dags/example_dag_decorator.py
[2025-07-13T10:10:21.465+0000] {logging_mixin.py:120} INFO - [2025-07-13T10:10:21.465+0000] {dag.py:2585} INFO - Sync 1 DAGs
[2025-07-13T10:10:21.506+0000] {logging_mixin.py:120} INFO - [2025-07-13T10:10:21.505+0000] {dag.py:3340} INFO - Setting next_dagrun for example_dag_decorator to None, run_after=None
[2025-07-13T10:10:21.534+0000] {processor.py:176} INFO - Processing /home/airflow/.local/lib/python3.7/site-packages/airflow/example_dags/example_dag_decorator.py took 0.274 seconds
[2025-07-13T10:10:52.129+0000] {processor.py:154} INFO - Started process (PID=2657) to work on /home/airflow/.local/lib/python3.7/site-packages/airflow/example_dags/example_dag_decorator.py
[2025-07-13T10:10:52.130+0000] {processor.py:756} INFO - Processing file /home/airflow/.local/lib/python3.7/site-packages/airflow/example_dags/example_dag_decorator.py for tasks to queue
[2025-07-13T10:10:52.132+0000] {logging_mixin.py:120} INFO - [2025-07-13T10:10:52.131+0000] {dagbag.py:537} INFO - Filling up the DagBag from /home/airflow/.local/lib/python3.7/site-packages/airflow/example_dags/example_dag_decorator.py
[2025-07-13T10:10:52.155+0000] {logging_mixin.py:120} INFO - [2025-07-13T10:10:52.155+0000] {taskmixin.py:205} WARNING - Dependency <Task(_PythonDecoratedOperator): prepare_email>, send_email already registered for DAG: example_dag_decorator
[2025-07-13T10:10:52.156+0000] {logging_mixin.py:120} INFO - [2025-07-13T10:10:52.155+0000] {taskmixin.py:205} WARNING - Dependency <Task(EmailOperator): send_email>, prepare_email already registered for DAG: example_dag_decorator
[2025-07-13T10:10:52.177+0000] {processor.py:766} INFO - DAG(s) dict_keys(['example_dag_decorator']) retrieved from /home/airflow/.local/lib/python3.7/site-packages/airflow/example_dags/example_dag_decorator.py
[2025-07-13T10:10:52.301+0000] {logging_mixin.py:120} INFO - [2025-07-13T10:10:52.301+0000] {dag.py:2585} INFO - Sync 1 DAGs
[2025-07-13T10:10:52.335+0000] {logging_mixin.py:120} INFO - [2025-07-13T10:10:52.335+0000] {dag.py:3340} INFO - Setting next_dagrun for example_dag_decorator to None, run_after=None
[2025-07-13T10:10:52.360+0000] {processor.py:176} INFO - Processing /home/airflow/.local/lib/python3.7/site-packages/airflow/example_dags/example_dag_decorator.py took 0.238 seconds
[2025-07-13T10:11:23.102+0000] {processor.py:154} INFO - Started process (PID=2720) to work on /home/airflow/.local/lib/python3.7/site-packages/airflow/example_dags/example_dag_decorator.py
[2025-07-13T10:11:23.103+0000] {processor.py:756} INFO - Processing file /home/airflow/.local/lib/python3.7/site-packages/airflow/example_dags/example_dag_decorator.py for tasks to queue
[2025-07-13T10:11:23.105+0000] {logging_mixin.py:120} INFO - [2025-07-13T10:11:23.104+0000] {dagbag.py:537} INFO - Filling up the DagBag from /home/airflow/.local/lib/python3.7/site-packages/airflow/example_dags/example_dag_decorator.py
[2025-07-13T10:11:23.132+0000] {logging_mixin.py:120} INFO - [2025-07-13T10:11:23.132+0000] {taskmixin.py:205} WARNING - Dependency <Task(_PythonDecoratedOperator): prepare_email>, send_email already registered for DAG: example_dag_decorator
[2025-07-13T10:11:23.133+0000] {logging_mixin.py:120} INFO - [2025-07-13T10:11:23.133+0000] {taskmixin.py:205} WARNING - Dependency <Task(EmailOperator): send_email>, prepare_email already registered for DAG: example_dag_decorator
[2025-07-13T10:11:23.156+0000] {processor.py:766} INFO - DAG(s) dict_keys(['example_dag_decorator']) retrieved from /home/airflow/.local/lib/python3.7/site-packages/airflow/example_dags/example_dag_decorator.py
[2025-07-13T10:11:23.286+0000] {logging_mixin.py:120} INFO - [2025-07-13T10:11:23.286+0000] {dag.py:2585} INFO - Sync 1 DAGs
[2025-07-13T10:11:23.322+0000] {logging_mixin.py:120} INFO - [2025-07-13T10:11:23.322+0000] {dag.py:3340} INFO - Setting next_dagrun for example_dag_decorator to None, run_after=None
[2025-07-13T10:11:23.362+0000] {processor.py:176} INFO - Processing /home/airflow/.local/lib/python3.7/site-packages/airflow/example_dags/example_dag_decorator.py took 0.264 seconds
[2025-07-13T10:11:53.851+0000] {processor.py:154} INFO - Started process (PID=2774) to work on /home/airflow/.local/lib/python3.7/site-packages/airflow/example_dags/example_dag_decorator.py
[2025-07-13T10:11:53.853+0000] {processor.py:756} INFO - Processing file /home/airflow/.local/lib/python3.7/site-packages/airflow/example_dags/example_dag_decorator.py for tasks to queue
[2025-07-13T10:11:53.854+0000] {logging_mixin.py:120} INFO - [2025-07-13T10:11:53.854+0000] {dagbag.py:537} INFO - Filling up the DagBag from /home/airflow/.local/lib/python3.7/site-packages/airflow/example_dags/example_dag_decorator.py
[2025-07-13T10:11:53.880+0000] {logging_mixin.py:120} INFO - [2025-07-13T10:11:53.879+0000] {taskmixin.py:205} WARNING - Dependency <Task(_PythonDecoratedOperator): prepare_email>, send_email already registered for DAG: example_dag_decorator
[2025-07-13T10:11:53.881+0000] {logging_mixin.py:120} INFO - [2025-07-13T10:11:53.880+0000] {taskmixin.py:205} WARNING - Dependency <Task(EmailOperator): send_email>, prepare_email already registered for DAG: example_dag_decorator
[2025-07-13T10:11:53.901+0000] {processor.py:766} INFO - DAG(s) dict_keys(['example_dag_decorator']) retrieved from /home/airflow/.local/lib/python3.7/site-packages/airflow/example_dags/example_dag_decorator.py
[2025-07-13T10:11:54.037+0000] {logging_mixin.py:120} INFO - [2025-07-13T10:11:54.037+0000] {dag.py:2585} INFO - Sync 1 DAGs
[2025-07-13T10:11:54.085+0000] {logging_mixin.py:120} INFO - [2025-07-13T10:11:54.084+0000] {dag.py:3340} INFO - Setting next_dagrun for example_dag_decorator to None, run_after=None
[2025-07-13T10:11:54.116+0000] {processor.py:176} INFO - Processing /home/airflow/.local/lib/python3.7/site-packages/airflow/example_dags/example_dag_decorator.py took 0.269 seconds
[2025-07-13T10:12:24.564+0000] {processor.py:154} INFO - Started process (PID=2838) to work on /home/airflow/.local/lib/python3.7/site-packages/airflow/example_dags/example_dag_decorator.py
[2025-07-13T10:12:24.565+0000] {processor.py:756} INFO - Processing file /home/airflow/.local/lib/python3.7/site-packages/airflow/example_dags/example_dag_decorator.py for tasks to queue
[2025-07-13T10:12:24.566+0000] {logging_mixin.py:120} INFO - [2025-07-13T10:12:24.566+0000] {dagbag.py:537} INFO - Filling up the DagBag from /home/airflow/.local/lib/python3.7/site-packages/airflow/example_dags/example_dag_decorator.py
[2025-07-13T10:12:24.591+0000] {logging_mixin.py:120} INFO - [2025-07-13T10:12:24.590+0000] {taskmixin.py:205} WARNING - Dependency <Task(_PythonDecoratedOperator): prepare_email>, send_email already registered for DAG: example_dag_decorator
[2025-07-13T10:12:24.591+0000] {logging_mixin.py:120} INFO - [2025-07-13T10:12:24.591+0000] {taskmixin.py:205} WARNING - Dependency <Task(EmailOperator): send_email>, prepare_email already registered for DAG: example_dag_decorator
[2025-07-13T10:12:24.612+0000] {processor.py:766} INFO - DAG(s) dict_keys(['example_dag_decorator']) retrieved from /home/airflow/.local/lib/python3.7/site-packages/airflow/example_dags/example_dag_decorator.py
[2025-07-13T10:12:24.724+0000] {logging_mixin.py:120} INFO - [2025-07-13T10:12:24.724+0000] {dag.py:2585} INFO - Sync 1 DAGs
[2025-07-13T10:12:24.756+0000] {logging_mixin.py:120} INFO - [2025-07-13T10:12:24.756+0000] {dag.py:3340} INFO - Setting next_dagrun for example_dag_decorator to None, run_after=None
[2025-07-13T10:12:24.781+0000] {processor.py:176} INFO - Processing /home/airflow/.local/lib/python3.7/site-packages/airflow/example_dags/example_dag_decorator.py took 0.221 seconds
[2025-07-13T10:12:54.862+0000] {processor.py:154} INFO - Started process (PID=2892) to work on /home/airflow/.local/lib/python3.7/site-packages/airflow/example_dags/example_dag_decorator.py
[2025-07-13T10:12:54.865+0000] {processor.py:756} INFO - Processing file /home/airflow/.local/lib/python3.7/site-packages/airflow/example_dags/example_dag_decorator.py for tasks to queue
[2025-07-13T10:12:54.867+0000] {logging_mixin.py:120} INFO - [2025-07-13T10:12:54.867+0000] {dagbag.py:537} INFO - Filling up the DagBag from /home/airflow/.local/lib/python3.7/site-packages/airflow/example_dags/example_dag_decorator.py
[2025-07-13T10:12:54.896+0000] {logging_mixin.py:120} INFO - [2025-07-13T10:12:54.896+0000] {taskmixin.py:205} WARNING - Dependency <Task(_PythonDecoratedOperator): prepare_email>, send_email already registered for DAG: example_dag_decorator
[2025-07-13T10:12:54.897+0000] {logging_mixin.py:120} INFO - [2025-07-13T10:12:54.897+0000] {taskmixin.py:205} WARNING - Dependency <Task(EmailOperator): send_email>, prepare_email already registered for DAG: example_dag_decorator
[2025-07-13T10:12:54.913+0000] {processor.py:766} INFO - DAG(s) dict_keys(['example_dag_decorator']) retrieved from /home/airflow/.local/lib/python3.7/site-packages/airflow/example_dags/example_dag_decorator.py
[2025-07-13T10:12:55.044+0000] {logging_mixin.py:120} INFO - [2025-07-13T10:12:55.044+0000] {dag.py:2585} INFO - Sync 1 DAGs
[2025-07-13T10:12:55.088+0000] {logging_mixin.py:120} INFO - [2025-07-13T10:12:55.087+0000] {dag.py:3340} INFO - Setting next_dagrun for example_dag_decorator to None, run_after=None
[2025-07-13T10:12:55.115+0000] {processor.py:176} INFO - Processing /home/airflow/.local/lib/python3.7/site-packages/airflow/example_dags/example_dag_decorator.py took 0.257 seconds
[2025-07-13T10:13:25.290+0000] {processor.py:154} INFO - Started process (PID=2955) to work on /home/airflow/.local/lib/python3.7/site-packages/airflow/example_dags/example_dag_decorator.py
[2025-07-13T10:13:25.291+0000] {processor.py:756} INFO - Processing file /home/airflow/.local/lib/python3.7/site-packages/airflow/example_dags/example_dag_decorator.py for tasks to queue
[2025-07-13T10:13:25.293+0000] {logging_mixin.py:120} INFO - [2025-07-13T10:13:25.292+0000] {dagbag.py:537} INFO - Filling up the DagBag from /home/airflow/.local/lib/python3.7/site-packages/airflow/example_dags/example_dag_decorator.py
[2025-07-13T10:13:25.315+0000] {logging_mixin.py:120} INFO - [2025-07-13T10:13:25.315+0000] {taskmixin.py:205} WARNING - Dependency <Task(_PythonDecoratedOperator): prepare_email>, send_email already registered for DAG: example_dag_decorator
[2025-07-13T10:13:25.316+0000] {logging_mixin.py:120} INFO - [2025-07-13T10:13:25.315+0000] {taskmixin.py:205} WARNING - Dependency <Task(EmailOperator): send_email>, prepare_email already registered for DAG: example_dag_decorator
[2025-07-13T10:13:25.338+0000] {processor.py:766} INFO - DAG(s) dict_keys(['example_dag_decorator']) retrieved from /home/airflow/.local/lib/python3.7/site-packages/airflow/example_dags/example_dag_decorator.py
[2025-07-13T10:13:25.490+0000] {logging_mixin.py:120} INFO - [2025-07-13T10:13:25.490+0000] {dag.py:2585} INFO - Sync 1 DAGs
[2025-07-13T10:13:25.537+0000] {logging_mixin.py:120} INFO - [2025-07-13T10:13:25.537+0000] {dag.py:3340} INFO - Setting next_dagrun for example_dag_decorator to None, run_after=None
[2025-07-13T10:13:25.570+0000] {processor.py:176} INFO - Processing /home/airflow/.local/lib/python3.7/site-packages/airflow/example_dags/example_dag_decorator.py took 0.287 seconds
[2025-07-13T10:13:55.713+0000] {processor.py:154} INFO - Started process (PID=3018) to work on /home/airflow/.local/lib/python3.7/site-packages/airflow/example_dags/example_dag_decorator.py
[2025-07-13T10:13:55.716+0000] {processor.py:756} INFO - Processing file /home/airflow/.local/lib/python3.7/site-packages/airflow/example_dags/example_dag_decorator.py for tasks to queue
[2025-07-13T10:13:55.719+0000] {logging_mixin.py:120} INFO - [2025-07-13T10:13:55.718+0000] {dagbag.py:537} INFO - Filling up the DagBag from /home/airflow/.local/lib/python3.7/site-packages/airflow/example_dags/example_dag_decorator.py
[2025-07-13T10:13:55.751+0000] {logging_mixin.py:120} INFO - [2025-07-13T10:13:55.750+0000] {taskmixin.py:205} WARNING - Dependency <Task(_PythonDecoratedOperator): prepare_email>, send_email already registered for DAG: example_dag_decorator
[2025-07-13T10:13:55.752+0000] {logging_mixin.py:120} INFO - [2025-07-13T10:13:55.751+0000] {taskmixin.py:205} WARNING - Dependency <Task(EmailOperator): send_email>, prepare_email already registered for DAG: example_dag_decorator
[2025-07-13T10:13:55.778+0000] {processor.py:766} INFO - DAG(s) dict_keys(['example_dag_decorator']) retrieved from /home/airflow/.local/lib/python3.7/site-packages/airflow/example_dags/example_dag_decorator.py
[2025-07-13T10:13:55.905+0000] {logging_mixin.py:120} INFO - [2025-07-13T10:13:55.905+0000] {dag.py:2585} INFO - Sync 1 DAGs
[2025-07-13T10:13:55.952+0000] {logging_mixin.py:120} INFO - [2025-07-13T10:13:55.951+0000] {dag.py:3340} INFO - Setting next_dagrun for example_dag_decorator to None, run_after=None
[2025-07-13T10:13:55.985+0000] {processor.py:176} INFO - Processing /home/airflow/.local/lib/python3.7/site-packages/airflow/example_dags/example_dag_decorator.py took 0.279 seconds
[2025-07-13T10:14:26.169+0000] {processor.py:154} INFO - Started process (PID=3072) to work on /home/airflow/.local/lib/python3.7/site-packages/airflow/example_dags/example_dag_decorator.py
[2025-07-13T10:14:26.171+0000] {processor.py:756} INFO - Processing file /home/airflow/.local/lib/python3.7/site-packages/airflow/example_dags/example_dag_decorator.py for tasks to queue
[2025-07-13T10:14:26.173+0000] {logging_mixin.py:120} INFO - [2025-07-13T10:14:26.173+0000] {dagbag.py:537} INFO - Filling up the DagBag from /home/airflow/.local/lib/python3.7/site-packages/airflow/example_dags/example_dag_decorator.py
[2025-07-13T10:14:26.197+0000] {logging_mixin.py:120} INFO - [2025-07-13T10:14:26.197+0000] {taskmixin.py:205} WARNING - Dependency <Task(_PythonDecoratedOperator): prepare_email>, send_email already registered for DAG: example_dag_decorator
[2025-07-13T10:14:26.197+0000] {logging_mixin.py:120} INFO - [2025-07-13T10:14:26.197+0000] {taskmixin.py:205} WARNING - Dependency <Task(EmailOperator): send_email>, prepare_email already registered for DAG: example_dag_decorator
[2025-07-13T10:14:26.214+0000] {processor.py:766} INFO - DAG(s) dict_keys(['example_dag_decorator']) retrieved from /home/airflow/.local/lib/python3.7/site-packages/airflow/example_dags/example_dag_decorator.py
[2025-07-13T10:14:26.300+0000] {logging_mixin.py:120} INFO - [2025-07-13T10:14:26.300+0000] {dag.py:2585} INFO - Sync 1 DAGs
[2025-07-13T10:14:26.325+0000] {logging_mixin.py:120} INFO - [2025-07-13T10:14:26.325+0000] {dag.py:3340} INFO - Setting next_dagrun for example_dag_decorator to None, run_after=None
[2025-07-13T10:14:26.350+0000] {processor.py:176} INFO - Processing /home/airflow/.local/lib/python3.7/site-packages/airflow/example_dags/example_dag_decorator.py took 0.185 seconds
[2025-07-13T10:14:56.419+0000] {processor.py:154} INFO - Started process (PID=3134) to work on /home/airflow/.local/lib/python3.7/site-packages/airflow/example_dags/example_dag_decorator.py
[2025-07-13T10:14:56.421+0000] {processor.py:756} INFO - Processing file /home/airflow/.local/lib/python3.7/site-packages/airflow/example_dags/example_dag_decorator.py for tasks to queue
[2025-07-13T10:14:56.422+0000] {logging_mixin.py:120} INFO - [2025-07-13T10:14:56.422+0000] {dagbag.py:537} INFO - Filling up the DagBag from /home/airflow/.local/lib/python3.7/site-packages/airflow/example_dags/example_dag_decorator.py
[2025-07-13T10:14:56.452+0000] {logging_mixin.py:120} INFO - [2025-07-13T10:14:56.451+0000] {taskmixin.py:205} WARNING - Dependency <Task(_PythonDecoratedOperator): prepare_email>, send_email already registered for DAG: example_dag_decorator
[2025-07-13T10:14:56.453+0000] {logging_mixin.py:120} INFO - [2025-07-13T10:14:56.452+0000] {taskmixin.py:205} WARNING - Dependency <Task(EmailOperator): send_email>, prepare_email already registered for DAG: example_dag_decorator
[2025-07-13T10:14:56.475+0000] {processor.py:766} INFO - DAG(s) dict_keys(['example_dag_decorator']) retrieved from /home/airflow/.local/lib/python3.7/site-packages/airflow/example_dags/example_dag_decorator.py
[2025-07-13T10:14:56.609+0000] {logging_mixin.py:120} INFO - [2025-07-13T10:14:56.608+0000] {dag.py:2585} INFO - Sync 1 DAGs
[2025-07-13T10:14:56.671+0000] {logging_mixin.py:120} INFO - [2025-07-13T10:14:56.671+0000] {dag.py:3340} INFO - Setting next_dagrun for example_dag_decorator to None, run_after=None
[2025-07-13T10:14:56.783+0000] {processor.py:176} INFO - Processing /home/airflow/.local/lib/python3.7/site-packages/airflow/example_dags/example_dag_decorator.py took 0.369 seconds
[2025-07-13T10:15:27.287+0000] {processor.py:154} INFO - Started process (PID=3197) to work on /home/airflow/.local/lib/python3.7/site-packages/airflow/example_dags/example_dag_decorator.py
[2025-07-13T10:15:27.288+0000] {processor.py:756} INFO - Processing file /home/airflow/.local/lib/python3.7/site-packages/airflow/example_dags/example_dag_decorator.py for tasks to queue
[2025-07-13T10:15:27.289+0000] {logging_mixin.py:120} INFO - [2025-07-13T10:15:27.289+0000] {dagbag.py:537} INFO - Filling up the DagBag from /home/airflow/.local/lib/python3.7/site-packages/airflow/example_dags/example_dag_decorator.py
[2025-07-13T10:15:27.313+0000] {logging_mixin.py:120} INFO - [2025-07-13T10:15:27.313+0000] {taskmixin.py:205} WARNING - Dependency <Task(_PythonDecoratedOperator): prepare_email>, send_email already registered for DAG: example_dag_decorator
[2025-07-13T10:15:27.314+0000] {logging_mixin.py:120} INFO - [2025-07-13T10:15:27.314+0000] {taskmixin.py:205} WARNING - Dependency <Task(EmailOperator): send_email>, prepare_email already registered for DAG: example_dag_decorator
[2025-07-13T10:15:27.330+0000] {processor.py:766} INFO - DAG(s) dict_keys(['example_dag_decorator']) retrieved from /home/airflow/.local/lib/python3.7/site-packages/airflow/example_dags/example_dag_decorator.py
[2025-07-13T10:15:27.449+0000] {logging_mixin.py:120} INFO - [2025-07-13T10:15:27.448+0000] {dag.py:2585} INFO - Sync 1 DAGs
[2025-07-13T10:15:27.485+0000] {logging_mixin.py:120} INFO - [2025-07-13T10:15:27.485+0000] {dag.py:3340} INFO - Setting next_dagrun for example_dag_decorator to None, run_after=None
[2025-07-13T10:15:27.513+0000] {processor.py:176} INFO - Processing /home/airflow/.local/lib/python3.7/site-packages/airflow/example_dags/example_dag_decorator.py took 0.232 seconds
[2025-07-13T10:15:57.635+0000] {processor.py:154} INFO - Started process (PID=3251) to work on /home/airflow/.local/lib/python3.7/site-packages/airflow/example_dags/example_dag_decorator.py
[2025-07-13T10:15:57.637+0000] {processor.py:756} INFO - Processing file /home/airflow/.local/lib/python3.7/site-packages/airflow/example_dags/example_dag_decorator.py for tasks to queue
[2025-07-13T10:15:57.638+0000] {logging_mixin.py:120} INFO - [2025-07-13T10:15:57.638+0000] {dagbag.py:537} INFO - Filling up the DagBag from /home/airflow/.local/lib/python3.7/site-packages/airflow/example_dags/example_dag_decorator.py
[2025-07-13T10:15:57.658+0000] {logging_mixin.py:120} INFO - [2025-07-13T10:15:57.658+0000] {taskmixin.py:205} WARNING - Dependency <Task(_PythonDecoratedOperator): prepare_email>, send_email already registered for DAG: example_dag_decorator
[2025-07-13T10:15:57.659+0000] {logging_mixin.py:120} INFO - [2025-07-13T10:15:57.659+0000] {taskmixin.py:205} WARNING - Dependency <Task(EmailOperator): send_email>, prepare_email already registered for DAG: example_dag_decorator
[2025-07-13T10:15:57.679+0000] {processor.py:766} INFO - DAG(s) dict_keys(['example_dag_decorator']) retrieved from /home/airflow/.local/lib/python3.7/site-packages/airflow/example_dags/example_dag_decorator.py
[2025-07-13T10:15:57.798+0000] {logging_mixin.py:120} INFO - [2025-07-13T10:15:57.798+0000] {dag.py:2585} INFO - Sync 1 DAGs
[2025-07-13T10:15:57.833+0000] {logging_mixin.py:120} INFO - [2025-07-13T10:15:57.833+0000] {dag.py:3340} INFO - Setting next_dagrun for example_dag_decorator to None, run_after=None
[2025-07-13T10:15:57.861+0000] {processor.py:176} INFO - Processing /home/airflow/.local/lib/python3.7/site-packages/airflow/example_dags/example_dag_decorator.py took 0.230 seconds
[2025-07-13T10:16:28.067+0000] {processor.py:154} INFO - Started process (PID=3314) to work on /home/airflow/.local/lib/python3.7/site-packages/airflow/example_dags/example_dag_decorator.py
[2025-07-13T10:16:28.068+0000] {processor.py:756} INFO - Processing file /home/airflow/.local/lib/python3.7/site-packages/airflow/example_dags/example_dag_decorator.py for tasks to queue
[2025-07-13T10:16:28.069+0000] {logging_mixin.py:120} INFO - [2025-07-13T10:16:28.069+0000] {dagbag.py:537} INFO - Filling up the DagBag from /home/airflow/.local/lib/python3.7/site-packages/airflow/example_dags/example_dag_decorator.py
[2025-07-13T10:16:28.092+0000] {logging_mixin.py:120} INFO - [2025-07-13T10:16:28.092+0000] {taskmixin.py:205} WARNING - Dependency <Task(_PythonDecoratedOperator): prepare_email>, send_email already registered for DAG: example_dag_decorator
[2025-07-13T10:16:28.093+0000] {logging_mixin.py:120} INFO - [2025-07-13T10:16:28.093+0000] {taskmixin.py:205} WARNING - Dependency <Task(EmailOperator): send_email>, prepare_email already registered for DAG: example_dag_decorator
[2025-07-13T10:16:28.114+0000] {processor.py:766} INFO - DAG(s) dict_keys(['example_dag_decorator']) retrieved from /home/airflow/.local/lib/python3.7/site-packages/airflow/example_dags/example_dag_decorator.py
[2025-07-13T10:16:28.240+0000] {logging_mixin.py:120} INFO - [2025-07-13T10:16:28.239+0000] {dag.py:2585} INFO - Sync 1 DAGs
[2025-07-13T10:16:28.280+0000] {logging_mixin.py:120} INFO - [2025-07-13T10:16:28.280+0000] {dag.py:3340} INFO - Setting next_dagrun for example_dag_decorator to None, run_after=None
[2025-07-13T10:16:28.307+0000] {processor.py:176} INFO - Processing /home/airflow/.local/lib/python3.7/site-packages/airflow/example_dags/example_dag_decorator.py took 0.245 seconds
[2025-07-13T10:16:58.536+0000] {processor.py:154} INFO - Started process (PID=3377) to work on /home/airflow/.local/lib/python3.7/site-packages/airflow/example_dags/example_dag_decorator.py
[2025-07-13T10:16:58.537+0000] {processor.py:756} INFO - Processing file /home/airflow/.local/lib/python3.7/site-packages/airflow/example_dags/example_dag_decorator.py for tasks to queue
[2025-07-13T10:16:58.539+0000] {logging_mixin.py:120} INFO - [2025-07-13T10:16:58.538+0000] {dagbag.py:537} INFO - Filling up the DagBag from /home/airflow/.local/lib/python3.7/site-packages/airflow/example_dags/example_dag_decorator.py
[2025-07-13T10:16:58.558+0000] {logging_mixin.py:120} INFO - [2025-07-13T10:16:58.558+0000] {taskmixin.py:205} WARNING - Dependency <Task(_PythonDecoratedOperator): prepare_email>, send_email already registered for DAG: example_dag_decorator
[2025-07-13T10:16:58.559+0000] {logging_mixin.py:120} INFO - [2025-07-13T10:16:58.558+0000] {taskmixin.py:205} WARNING - Dependency <Task(EmailOperator): send_email>, prepare_email already registered for DAG: example_dag_decorator
[2025-07-13T10:16:58.579+0000] {processor.py:766} INFO - DAG(s) dict_keys(['example_dag_decorator']) retrieved from /home/airflow/.local/lib/python3.7/site-packages/airflow/example_dags/example_dag_decorator.py
[2025-07-13T10:16:58.690+0000] {logging_mixin.py:120} INFO - [2025-07-13T10:16:58.690+0000] {dag.py:2585} INFO - Sync 1 DAGs
[2025-07-13T10:16:58.725+0000] {logging_mixin.py:120} INFO - [2025-07-13T10:16:58.725+0000] {dag.py:3340} INFO - Setting next_dagrun for example_dag_decorator to None, run_after=None
[2025-07-13T10:16:58.750+0000] {processor.py:176} INFO - Processing /home/airflow/.local/lib/python3.7/site-packages/airflow/example_dags/example_dag_decorator.py took 0.219 seconds
[2025-07-13T10:17:29.038+0000] {processor.py:154} INFO - Started process (PID=3431) to work on /home/airflow/.local/lib/python3.7/site-packages/airflow/example_dags/example_dag_decorator.py
[2025-07-13T10:17:29.040+0000] {processor.py:756} INFO - Processing file /home/airflow/.local/lib/python3.7/site-packages/airflow/example_dags/example_dag_decorator.py for tasks to queue
[2025-07-13T10:17:29.041+0000] {logging_mixin.py:120} INFO - [2025-07-13T10:17:29.041+0000] {dagbag.py:537} INFO - Filling up the DagBag from /home/airflow/.local/lib/python3.7/site-packages/airflow/example_dags/example_dag_decorator.py
[2025-07-13T10:17:29.070+0000] {logging_mixin.py:120} INFO - [2025-07-13T10:17:29.069+0000] {taskmixin.py:205} WARNING - Dependency <Task(_PythonDecoratedOperator): prepare_email>, send_email already registered for DAG: example_dag_decorator
[2025-07-13T10:17:29.071+0000] {logging_mixin.py:120} INFO - [2025-07-13T10:17:29.071+0000] {taskmixin.py:205} WARNING - Dependency <Task(EmailOperator): send_email>, prepare_email already registered for DAG: example_dag_decorator
[2025-07-13T10:17:29.095+0000] {processor.py:766} INFO - DAG(s) dict_keys(['example_dag_decorator']) retrieved from /home/airflow/.local/lib/python3.7/site-packages/airflow/example_dags/example_dag_decorator.py
[2025-07-13T10:17:29.208+0000] {logging_mixin.py:120} INFO - [2025-07-13T10:17:29.208+0000] {dag.py:2585} INFO - Sync 1 DAGs
[2025-07-13T10:17:29.253+0000] {logging_mixin.py:120} INFO - [2025-07-13T10:17:29.252+0000] {dag.py:3340} INFO - Setting next_dagrun for example_dag_decorator to None, run_after=None
[2025-07-13T10:17:29.294+0000] {processor.py:176} INFO - Processing /home/airflow/.local/lib/python3.7/site-packages/airflow/example_dags/example_dag_decorator.py took 0.261 seconds
[2025-07-13T10:17:59.504+0000] {processor.py:154} INFO - Started process (PID=3494) to work on /home/airflow/.local/lib/python3.7/site-packages/airflow/example_dags/example_dag_decorator.py
[2025-07-13T10:17:59.506+0000] {processor.py:756} INFO - Processing file /home/airflow/.local/lib/python3.7/site-packages/airflow/example_dags/example_dag_decorator.py for tasks to queue
[2025-07-13T10:17:59.508+0000] {logging_mixin.py:120} INFO - [2025-07-13T10:17:59.508+0000] {dagbag.py:537} INFO - Filling up the DagBag from /home/airflow/.local/lib/python3.7/site-packages/airflow/example_dags/example_dag_decorator.py
[2025-07-13T10:17:59.538+0000] {logging_mixin.py:120} INFO - [2025-07-13T10:17:59.538+0000] {taskmixin.py:205} WARNING - Dependency <Task(_PythonDecoratedOperator): prepare_email>, send_email already registered for DAG: example_dag_decorator
[2025-07-13T10:17:59.539+0000] {logging_mixin.py:120} INFO - [2025-07-13T10:17:59.539+0000] {taskmixin.py:205} WARNING - Dependency <Task(EmailOperator): send_email>, prepare_email already registered for DAG: example_dag_decorator
[2025-07-13T10:17:59.568+0000] {processor.py:766} INFO - DAG(s) dict_keys(['example_dag_decorator']) retrieved from /home/airflow/.local/lib/python3.7/site-packages/airflow/example_dags/example_dag_decorator.py
[2025-07-13T10:17:59.765+0000] {logging_mixin.py:120} INFO - [2025-07-13T10:17:59.765+0000] {dag.py:2585} INFO - Sync 1 DAGs
[2025-07-13T10:17:59.791+0000] {logging_mixin.py:120} INFO - [2025-07-13T10:17:59.791+0000] {dag.py:3340} INFO - Setting next_dagrun for example_dag_decorator to None, run_after=None
[2025-07-13T10:17:59.816+0000] {processor.py:176} INFO - Processing /home/airflow/.local/lib/python3.7/site-packages/airflow/example_dags/example_dag_decorator.py took 0.318 seconds
[2025-07-13T10:18:30.273+0000] {processor.py:154} INFO - Started process (PID=3558) to work on /home/airflow/.local/lib/python3.7/site-packages/airflow/example_dags/example_dag_decorator.py
[2025-07-13T10:18:30.275+0000] {processor.py:756} INFO - Processing file /home/airflow/.local/lib/python3.7/site-packages/airflow/example_dags/example_dag_decorator.py for tasks to queue
[2025-07-13T10:18:30.277+0000] {logging_mixin.py:120} INFO - [2025-07-13T10:18:30.276+0000] {dagbag.py:537} INFO - Filling up the DagBag from /home/airflow/.local/lib/python3.7/site-packages/airflow/example_dags/example_dag_decorator.py
[2025-07-13T10:18:30.309+0000] {logging_mixin.py:120} INFO - [2025-07-13T10:18:30.308+0000] {taskmixin.py:205} WARNING - Dependency <Task(_PythonDecoratedOperator): prepare_email>, send_email already registered for DAG: example_dag_decorator
[2025-07-13T10:18:30.310+0000] {logging_mixin.py:120} INFO - [2025-07-13T10:18:30.309+0000] {taskmixin.py:205} WARNING - Dependency <Task(EmailOperator): send_email>, prepare_email already registered for DAG: example_dag_decorator
[2025-07-13T10:18:30.336+0000] {processor.py:766} INFO - DAG(s) dict_keys(['example_dag_decorator']) retrieved from /home/airflow/.local/lib/python3.7/site-packages/airflow/example_dags/example_dag_decorator.py
[2025-07-13T10:18:30.529+0000] {logging_mixin.py:120} INFO - [2025-07-13T10:18:30.529+0000] {dag.py:2585} INFO - Sync 1 DAGs
[2025-07-13T10:18:30.609+0000] {logging_mixin.py:120} INFO - [2025-07-13T10:18:30.608+0000] {dag.py:3340} INFO - Setting next_dagrun for example_dag_decorator to None, run_after=None
[2025-07-13T10:18:30.655+0000] {processor.py:176} INFO - Processing /home/airflow/.local/lib/python3.7/site-packages/airflow/example_dags/example_dag_decorator.py took 0.389 seconds
[2025-07-13T10:19:01.507+0000] {processor.py:154} INFO - Started process (PID=3612) to work on /home/airflow/.local/lib/python3.7/site-packages/airflow/example_dags/example_dag_decorator.py
[2025-07-13T10:19:01.508+0000] {processor.py:756} INFO - Processing file /home/airflow/.local/lib/python3.7/site-packages/airflow/example_dags/example_dag_decorator.py for tasks to queue
[2025-07-13T10:19:01.509+0000] {logging_mixin.py:120} INFO - [2025-07-13T10:19:01.509+0000] {dagbag.py:537} INFO - Filling up the DagBag from /home/airflow/.local/lib/python3.7/site-packages/airflow/example_dags/example_dag_decorator.py
[2025-07-13T10:19:01.538+0000] {logging_mixin.py:120} INFO - [2025-07-13T10:19:01.537+0000] {taskmixin.py:205} WARNING - Dependency <Task(_PythonDecoratedOperator): prepare_email>, send_email already registered for DAG: example_dag_decorator
[2025-07-13T10:19:01.539+0000] {logging_mixin.py:120} INFO - [2025-07-13T10:19:01.538+0000] {taskmixin.py:205} WARNING - Dependency <Task(EmailOperator): send_email>, prepare_email already registered for DAG: example_dag_decorator
[2025-07-13T10:19:01.562+0000] {processor.py:766} INFO - DAG(s) dict_keys(['example_dag_decorator']) retrieved from /home/airflow/.local/lib/python3.7/site-packages/airflow/example_dags/example_dag_decorator.py
[2025-07-13T10:19:01.708+0000] {logging_mixin.py:120} INFO - [2025-07-13T10:19:01.708+0000] {dag.py:2585} INFO - Sync 1 DAGs
[2025-07-13T10:19:01.750+0000] {logging_mixin.py:120} INFO - [2025-07-13T10:19:01.750+0000] {dag.py:3340} INFO - Setting next_dagrun for example_dag_decorator to None, run_after=None
[2025-07-13T10:19:01.783+0000] {processor.py:176} INFO - Processing /home/airflow/.local/lib/python3.7/site-packages/airflow/example_dags/example_dag_decorator.py took 0.281 seconds
[2025-07-13T10:19:31.850+0000] {processor.py:154} INFO - Started process (PID=3674) to work on /home/airflow/.local/lib/python3.7/site-packages/airflow/example_dags/example_dag_decorator.py
[2025-07-13T10:19:31.852+0000] {processor.py:756} INFO - Processing file /home/airflow/.local/lib/python3.7/site-packages/airflow/example_dags/example_dag_decorator.py for tasks to queue
[2025-07-13T10:19:31.853+0000] {logging_mixin.py:120} INFO - [2025-07-13T10:19:31.852+0000] {dagbag.py:537} INFO - Filling up the DagBag from /home/airflow/.local/lib/python3.7/site-packages/airflow/example_dags/example_dag_decorator.py
[2025-07-13T10:19:31.871+0000] {logging_mixin.py:120} INFO - [2025-07-13T10:19:31.871+0000] {taskmixin.py:205} WARNING - Dependency <Task(_PythonDecoratedOperator): prepare_email>, send_email already registered for DAG: example_dag_decorator
[2025-07-13T10:19:31.872+0000] {logging_mixin.py:120} INFO - [2025-07-13T10:19:31.872+0000] {taskmixin.py:205} WARNING - Dependency <Task(EmailOperator): send_email>, prepare_email already registered for DAG: example_dag_decorator
[2025-07-13T10:19:31.897+0000] {processor.py:766} INFO - DAG(s) dict_keys(['example_dag_decorator']) retrieved from /home/airflow/.local/lib/python3.7/site-packages/airflow/example_dags/example_dag_decorator.py
[2025-07-13T10:19:31.999+0000] {logging_mixin.py:120} INFO - [2025-07-13T10:19:31.999+0000] {dag.py:2585} INFO - Sync 1 DAGs
[2025-07-13T10:19:32.024+0000] {logging_mixin.py:120} INFO - [2025-07-13T10:19:32.024+0000] {dag.py:3340} INFO - Setting next_dagrun for example_dag_decorator to None, run_after=None
[2025-07-13T10:19:32.051+0000] {processor.py:176} INFO - Processing /home/airflow/.local/lib/python3.7/site-packages/airflow/example_dags/example_dag_decorator.py took 0.204 seconds
[2025-07-13T10:20:03.177+0000] {processor.py:154} INFO - Started process (PID=3738) to work on /home/airflow/.local/lib/python3.7/site-packages/airflow/example_dags/example_dag_decorator.py
[2025-07-13T10:20:03.179+0000] {processor.py:756} INFO - Processing file /home/airflow/.local/lib/python3.7/site-packages/airflow/example_dags/example_dag_decorator.py for tasks to queue
[2025-07-13T10:20:03.180+0000] {logging_mixin.py:120} INFO - [2025-07-13T10:20:03.180+0000] {dagbag.py:537} INFO - Filling up the DagBag from /home/airflow/.local/lib/python3.7/site-packages/airflow/example_dags/example_dag_decorator.py
[2025-07-13T10:20:03.205+0000] {logging_mixin.py:120} INFO - [2025-07-13T10:20:03.205+0000] {taskmixin.py:205} WARNING - Dependency <Task(_PythonDecoratedOperator): prepare_email>, send_email already registered for DAG: example_dag_decorator
[2025-07-13T10:20:03.206+0000] {logging_mixin.py:120} INFO - [2025-07-13T10:20:03.205+0000] {taskmixin.py:205} WARNING - Dependency <Task(EmailOperator): send_email>, prepare_email already registered for DAG: example_dag_decorator
[2025-07-13T10:20:03.236+0000] {processor.py:766} INFO - DAG(s) dict_keys(['example_dag_decorator']) retrieved from /home/airflow/.local/lib/python3.7/site-packages/airflow/example_dags/example_dag_decorator.py
[2025-07-13T10:20:03.365+0000] {logging_mixin.py:120} INFO - [2025-07-13T10:20:03.364+0000] {dag.py:2585} INFO - Sync 1 DAGs
[2025-07-13T10:20:03.405+0000] {logging_mixin.py:120} INFO - [2025-07-13T10:20:03.405+0000] {dag.py:3340} INFO - Setting next_dagrun for example_dag_decorator to None, run_after=None
[2025-07-13T10:20:03.442+0000] {processor.py:176} INFO - Processing /home/airflow/.local/lib/python3.7/site-packages/airflow/example_dags/example_dag_decorator.py took 0.269 seconds
[2025-07-13T10:20:33.553+0000] {processor.py:154} INFO - Started process (PID=3793) to work on /home/airflow/.local/lib/python3.7/site-packages/airflow/example_dags/example_dag_decorator.py
[2025-07-13T10:20:33.555+0000] {processor.py:756} INFO - Processing file /home/airflow/.local/lib/python3.7/site-packages/airflow/example_dags/example_dag_decorator.py for tasks to queue
[2025-07-13T10:20:33.556+0000] {logging_mixin.py:120} INFO - [2025-07-13T10:20:33.556+0000] {dagbag.py:537} INFO - Filling up the DagBag from /home/airflow/.local/lib/python3.7/site-packages/airflow/example_dags/example_dag_decorator.py
[2025-07-13T10:20:33.578+0000] {logging_mixin.py:120} INFO - [2025-07-13T10:20:33.578+0000] {taskmixin.py:205} WARNING - Dependency <Task(_PythonDecoratedOperator): prepare_email>, send_email already registered for DAG: example_dag_decorator
[2025-07-13T10:20:33.579+0000] {logging_mixin.py:120} INFO - [2025-07-13T10:20:33.578+0000] {taskmixin.py:205} WARNING - Dependency <Task(EmailOperator): send_email>, prepare_email already registered for DAG: example_dag_decorator
[2025-07-13T10:20:33.593+0000] {processor.py:766} INFO - DAG(s) dict_keys(['example_dag_decorator']) retrieved from /home/airflow/.local/lib/python3.7/site-packages/airflow/example_dags/example_dag_decorator.py
[2025-07-13T10:20:33.681+0000] {logging_mixin.py:120} INFO - [2025-07-13T10:20:33.681+0000] {dag.py:2585} INFO - Sync 1 DAGs
[2025-07-13T10:20:33.707+0000] {logging_mixin.py:120} INFO - [2025-07-13T10:20:33.707+0000] {dag.py:3340} INFO - Setting next_dagrun for example_dag_decorator to None, run_after=None
[2025-07-13T10:20:33.733+0000] {processor.py:176} INFO - Processing /home/airflow/.local/lib/python3.7/site-packages/airflow/example_dags/example_dag_decorator.py took 0.185 seconds
[2025-07-13T10:21:04.340+0000] {processor.py:154} INFO - Started process (PID=3858) to work on /home/airflow/.local/lib/python3.7/site-packages/airflow/example_dags/example_dag_decorator.py
[2025-07-13T10:21:04.342+0000] {processor.py:756} INFO - Processing file /home/airflow/.local/lib/python3.7/site-packages/airflow/example_dags/example_dag_decorator.py for tasks to queue
[2025-07-13T10:21:04.344+0000] {logging_mixin.py:120} INFO - [2025-07-13T10:21:04.344+0000] {dagbag.py:537} INFO - Filling up the DagBag from /home/airflow/.local/lib/python3.7/site-packages/airflow/example_dags/example_dag_decorator.py
[2025-07-13T10:21:04.374+0000] {logging_mixin.py:120} INFO - [2025-07-13T10:21:04.374+0000] {taskmixin.py:205} WARNING - Dependency <Task(_PythonDecoratedOperator): prepare_email>, send_email already registered for DAG: example_dag_decorator
[2025-07-13T10:21:04.375+0000] {logging_mixin.py:120} INFO - [2025-07-13T10:21:04.375+0000] {taskmixin.py:205} WARNING - Dependency <Task(EmailOperator): send_email>, prepare_email already registered for DAG: example_dag_decorator
[2025-07-13T10:21:04.397+0000] {processor.py:766} INFO - DAG(s) dict_keys(['example_dag_decorator']) retrieved from /home/airflow/.local/lib/python3.7/site-packages/airflow/example_dags/example_dag_decorator.py
[2025-07-13T10:21:04.531+0000] {logging_mixin.py:120} INFO - [2025-07-13T10:21:04.531+0000] {dag.py:2585} INFO - Sync 1 DAGs
[2025-07-13T10:21:04.585+0000] {logging_mixin.py:120} INFO - [2025-07-13T10:21:04.584+0000] {dag.py:3340} INFO - Setting next_dagrun for example_dag_decorator to None, run_after=None
[2025-07-13T10:21:04.709+0000] {processor.py:176} INFO - Processing /home/airflow/.local/lib/python3.7/site-packages/airflow/example_dags/example_dag_decorator.py took 0.374 seconds
[2025-07-13T10:21:34.879+0000] {processor.py:154} INFO - Started process (PID=3913) to work on /home/airflow/.local/lib/python3.7/site-packages/airflow/example_dags/example_dag_decorator.py
[2025-07-13T10:21:34.881+0000] {processor.py:756} INFO - Processing file /home/airflow/.local/lib/python3.7/site-packages/airflow/example_dags/example_dag_decorator.py for tasks to queue
[2025-07-13T10:21:34.882+0000] {logging_mixin.py:120} INFO - [2025-07-13T10:21:34.882+0000] {dagbag.py:537} INFO - Filling up the DagBag from /home/airflow/.local/lib/python3.7/site-packages/airflow/example_dags/example_dag_decorator.py
[2025-07-13T10:21:34.905+0000] {logging_mixin.py:120} INFO - [2025-07-13T10:21:34.905+0000] {taskmixin.py:205} WARNING - Dependency <Task(_PythonDecoratedOperator): prepare_email>, send_email already registered for DAG: example_dag_decorator
[2025-07-13T10:21:34.906+0000] {logging_mixin.py:120} INFO - [2025-07-13T10:21:34.906+0000] {taskmixin.py:205} WARNING - Dependency <Task(EmailOperator): send_email>, prepare_email already registered for DAG: example_dag_decorator
[2025-07-13T10:21:34.928+0000] {processor.py:766} INFO - DAG(s) dict_keys(['example_dag_decorator']) retrieved from /home/airflow/.local/lib/python3.7/site-packages/airflow/example_dags/example_dag_decorator.py
[2025-07-13T10:21:35.110+0000] {logging_mixin.py:120} INFO - [2025-07-13T10:21:35.110+0000] {dag.py:2585} INFO - Sync 1 DAGs
[2025-07-13T10:21:35.135+0000] {logging_mixin.py:120} INFO - [2025-07-13T10:21:35.135+0000] {dag.py:3340} INFO - Setting next_dagrun for example_dag_decorator to None, run_after=None
[2025-07-13T10:21:35.159+0000] {processor.py:176} INFO - Processing /home/airflow/.local/lib/python3.7/site-packages/airflow/example_dags/example_dag_decorator.py took 0.285 seconds
[2025-07-13T10:22:06.048+0000] {processor.py:154} INFO - Started process (PID=3975) to work on /home/airflow/.local/lib/python3.7/site-packages/airflow/example_dags/example_dag_decorator.py
[2025-07-13T10:22:06.050+0000] {processor.py:756} INFO - Processing file /home/airflow/.local/lib/python3.7/site-packages/airflow/example_dags/example_dag_decorator.py for tasks to queue
[2025-07-13T10:22:06.051+0000] {logging_mixin.py:120} INFO - [2025-07-13T10:22:06.051+0000] {dagbag.py:537} INFO - Filling up the DagBag from /home/airflow/.local/lib/python3.7/site-packages/airflow/example_dags/example_dag_decorator.py
[2025-07-13T10:22:06.068+0000] {logging_mixin.py:120} INFO - [2025-07-13T10:22:06.068+0000] {taskmixin.py:205} WARNING - Dependency <Task(_PythonDecoratedOperator): prepare_email>, send_email already registered for DAG: example_dag_decorator
[2025-07-13T10:22:06.069+0000] {logging_mixin.py:120} INFO - [2025-07-13T10:22:06.069+0000] {taskmixin.py:205} WARNING - Dependency <Task(EmailOperator): send_email>, prepare_email already registered for DAG: example_dag_decorator
[2025-07-13T10:22:06.084+0000] {processor.py:766} INFO - DAG(s) dict_keys(['example_dag_decorator']) retrieved from /home/airflow/.local/lib/python3.7/site-packages/airflow/example_dags/example_dag_decorator.py
[2025-07-13T10:22:06.172+0000] {logging_mixin.py:120} INFO - [2025-07-13T10:22:06.172+0000] {dag.py:2585} INFO - Sync 1 DAGs
[2025-07-13T10:22:06.198+0000] {logging_mixin.py:120} INFO - [2025-07-13T10:22:06.198+0000] {dag.py:3340} INFO - Setting next_dagrun for example_dag_decorator to None, run_after=None
[2025-07-13T10:22:06.227+0000] {processor.py:176} INFO - Processing /home/airflow/.local/lib/python3.7/site-packages/airflow/example_dags/example_dag_decorator.py took 0.183 seconds
[2025-07-13T10:22:36.529+0000] {processor.py:154} INFO - Started process (PID=4039) to work on /home/airflow/.local/lib/python3.7/site-packages/airflow/example_dags/example_dag_decorator.py
[2025-07-13T10:22:36.530+0000] {processor.py:756} INFO - Processing file /home/airflow/.local/lib/python3.7/site-packages/airflow/example_dags/example_dag_decorator.py for tasks to queue
[2025-07-13T10:22:36.532+0000] {logging_mixin.py:120} INFO - [2025-07-13T10:22:36.531+0000] {dagbag.py:537} INFO - Filling up the DagBag from /home/airflow/.local/lib/python3.7/site-packages/airflow/example_dags/example_dag_decorator.py
[2025-07-13T10:22:36.551+0000] {logging_mixin.py:120} INFO - [2025-07-13T10:22:36.551+0000] {taskmixin.py:205} WARNING - Dependency <Task(_PythonDecoratedOperator): prepare_email>, send_email already registered for DAG: example_dag_decorator
[2025-07-13T10:22:36.552+0000] {logging_mixin.py:120} INFO - [2025-07-13T10:22:36.552+0000] {taskmixin.py:205} WARNING - Dependency <Task(EmailOperator): send_email>, prepare_email already registered for DAG: example_dag_decorator
[2025-07-13T10:22:36.569+0000] {processor.py:766} INFO - DAG(s) dict_keys(['example_dag_decorator']) retrieved from /home/airflow/.local/lib/python3.7/site-packages/airflow/example_dags/example_dag_decorator.py
[2025-07-13T10:22:36.676+0000] {logging_mixin.py:120} INFO - [2025-07-13T10:22:36.676+0000] {dag.py:2585} INFO - Sync 1 DAGs
[2025-07-13T10:22:36.717+0000] {logging_mixin.py:120} INFO - [2025-07-13T10:22:36.716+0000] {dag.py:3340} INFO - Setting next_dagrun for example_dag_decorator to None, run_after=None
[2025-07-13T10:22:36.751+0000] {processor.py:176} INFO - Processing /home/airflow/.local/lib/python3.7/site-packages/airflow/example_dags/example_dag_decorator.py took 0.226 seconds
[2025-07-13T10:23:06.881+0000] {processor.py:154} INFO - Started process (PID=4092) to work on /home/airflow/.local/lib/python3.7/site-packages/airflow/example_dags/example_dag_decorator.py
[2025-07-13T10:23:06.883+0000] {processor.py:756} INFO - Processing file /home/airflow/.local/lib/python3.7/site-packages/airflow/example_dags/example_dag_decorator.py for tasks to queue
[2025-07-13T10:23:06.885+0000] {logging_mixin.py:120} INFO - [2025-07-13T10:23:06.884+0000] {dagbag.py:537} INFO - Filling up the DagBag from /home/airflow/.local/lib/python3.7/site-packages/airflow/example_dags/example_dag_decorator.py
[2025-07-13T10:23:06.912+0000] {logging_mixin.py:120} INFO - [2025-07-13T10:23:06.911+0000] {taskmixin.py:205} WARNING - Dependency <Task(_PythonDecoratedOperator): prepare_email>, send_email already registered for DAG: example_dag_decorator
[2025-07-13T10:23:06.913+0000] {logging_mixin.py:120} INFO - [2025-07-13T10:23:06.912+0000] {taskmixin.py:205} WARNING - Dependency <Task(EmailOperator): send_email>, prepare_email already registered for DAG: example_dag_decorator
[2025-07-13T10:23:06.960+0000] {processor.py:766} INFO - DAG(s) dict_keys(['example_dag_decorator']) retrieved from /home/airflow/.local/lib/python3.7/site-packages/airflow/example_dags/example_dag_decorator.py
[2025-07-13T10:23:07.125+0000] {logging_mixin.py:120} INFO - [2025-07-13T10:23:07.124+0000] {dag.py:2585} INFO - Sync 1 DAGs
[2025-07-13T10:23:07.160+0000] {logging_mixin.py:120} INFO - [2025-07-13T10:23:07.159+0000] {dag.py:3340} INFO - Setting next_dagrun for example_dag_decorator to None, run_after=None
[2025-07-13T10:23:07.193+0000] {processor.py:176} INFO - Processing /home/airflow/.local/lib/python3.7/site-packages/airflow/example_dags/example_dag_decorator.py took 0.315 seconds
[2025-07-13T10:23:37.363+0000] {processor.py:154} INFO - Started process (PID=4155) to work on /home/airflow/.local/lib/python3.7/site-packages/airflow/example_dags/example_dag_decorator.py
[2025-07-13T10:23:37.364+0000] {processor.py:756} INFO - Processing file /home/airflow/.local/lib/python3.7/site-packages/airflow/example_dags/example_dag_decorator.py for tasks to queue
[2025-07-13T10:23:37.368+0000] {logging_mixin.py:120} INFO - [2025-07-13T10:23:37.368+0000] {dagbag.py:537} INFO - Filling up the DagBag from /home/airflow/.local/lib/python3.7/site-packages/airflow/example_dags/example_dag_decorator.py
[2025-07-13T10:23:37.433+0000] {logging_mixin.py:120} INFO - [2025-07-13T10:23:37.432+0000] {taskmixin.py:205} WARNING - Dependency <Task(_PythonDecoratedOperator): prepare_email>, send_email already registered for DAG: example_dag_decorator
[2025-07-13T10:23:37.443+0000] {logging_mixin.py:120} INFO - [2025-07-13T10:23:37.443+0000] {taskmixin.py:205} WARNING - Dependency <Task(EmailOperator): send_email>, prepare_email already registered for DAG: example_dag_decorator
[2025-07-13T10:23:37.496+0000] {processor.py:766} INFO - DAG(s) dict_keys(['example_dag_decorator']) retrieved from /home/airflow/.local/lib/python3.7/site-packages/airflow/example_dags/example_dag_decorator.py
[2025-07-13T10:23:37.683+0000] {logging_mixin.py:120} INFO - [2025-07-13T10:23:37.683+0000] {dag.py:2585} INFO - Sync 1 DAGs
[2025-07-13T10:23:37.730+0000] {logging_mixin.py:120} INFO - [2025-07-13T10:23:37.729+0000] {dag.py:3340} INFO - Setting next_dagrun for example_dag_decorator to None, run_after=None
[2025-07-13T10:23:37.777+0000] {processor.py:176} INFO - Processing /home/airflow/.local/lib/python3.7/site-packages/airflow/example_dags/example_dag_decorator.py took 0.423 seconds
[2025-07-13T10:24:07.909+0000] {processor.py:154} INFO - Started process (PID=4219) to work on /home/airflow/.local/lib/python3.7/site-packages/airflow/example_dags/example_dag_decorator.py
[2025-07-13T10:24:07.910+0000] {processor.py:756} INFO - Processing file /home/airflow/.local/lib/python3.7/site-packages/airflow/example_dags/example_dag_decorator.py for tasks to queue
[2025-07-13T10:24:07.912+0000] {logging_mixin.py:120} INFO - [2025-07-13T10:24:07.911+0000] {dagbag.py:537} INFO - Filling up the DagBag from /home/airflow/.local/lib/python3.7/site-packages/airflow/example_dags/example_dag_decorator.py
[2025-07-13T10:24:07.936+0000] {logging_mixin.py:120} INFO - [2025-07-13T10:24:07.936+0000] {taskmixin.py:205} WARNING - Dependency <Task(_PythonDecoratedOperator): prepare_email>, send_email already registered for DAG: example_dag_decorator
[2025-07-13T10:24:07.937+0000] {logging_mixin.py:120} INFO - [2025-07-13T10:24:07.936+0000] {taskmixin.py:205} WARNING - Dependency <Task(EmailOperator): send_email>, prepare_email already registered for DAG: example_dag_decorator
[2025-07-13T10:24:07.953+0000] {processor.py:766} INFO - DAG(s) dict_keys(['example_dag_decorator']) retrieved from /home/airflow/.local/lib/python3.7/site-packages/airflow/example_dags/example_dag_decorator.py
[2025-07-13T10:24:08.083+0000] {logging_mixin.py:120} INFO - [2025-07-13T10:24:08.083+0000] {dag.py:2585} INFO - Sync 1 DAGs
[2025-07-13T10:24:08.124+0000] {logging_mixin.py:120} INFO - [2025-07-13T10:24:08.123+0000] {dag.py:3340} INFO - Setting next_dagrun for example_dag_decorator to None, run_after=None
[2025-07-13T10:24:08.153+0000] {processor.py:176} INFO - Processing /home/airflow/.local/lib/python3.7/site-packages/airflow/example_dags/example_dag_decorator.py took 0.249 seconds
[2025-07-13T10:24:38.269+0000] {processor.py:154} INFO - Started process (PID=4273) to work on /home/airflow/.local/lib/python3.7/site-packages/airflow/example_dags/example_dag_decorator.py
[2025-07-13T10:24:38.271+0000] {processor.py:756} INFO - Processing file /home/airflow/.local/lib/python3.7/site-packages/airflow/example_dags/example_dag_decorator.py for tasks to queue
[2025-07-13T10:24:38.272+0000] {logging_mixin.py:120} INFO - [2025-07-13T10:24:38.272+0000] {dagbag.py:537} INFO - Filling up the DagBag from /home/airflow/.local/lib/python3.7/site-packages/airflow/example_dags/example_dag_decorator.py
[2025-07-13T10:24:38.303+0000] {logging_mixin.py:120} INFO - [2025-07-13T10:24:38.302+0000] {taskmixin.py:205} WARNING - Dependency <Task(_PythonDecoratedOperator): prepare_email>, send_email already registered for DAG: example_dag_decorator
[2025-07-13T10:24:38.304+0000] {logging_mixin.py:120} INFO - [2025-07-13T10:24:38.303+0000] {taskmixin.py:205} WARNING - Dependency <Task(EmailOperator): send_email>, prepare_email already registered for DAG: example_dag_decorator
[2025-07-13T10:24:38.326+0000] {processor.py:766} INFO - DAG(s) dict_keys(['example_dag_decorator']) retrieved from /home/airflow/.local/lib/python3.7/site-packages/airflow/example_dags/example_dag_decorator.py
[2025-07-13T10:24:38.475+0000] {logging_mixin.py:120} INFO - [2025-07-13T10:24:38.475+0000] {dag.py:2585} INFO - Sync 1 DAGs
[2025-07-13T10:24:38.514+0000] {logging_mixin.py:120} INFO - [2025-07-13T10:24:38.514+0000] {dag.py:3340} INFO - Setting next_dagrun for example_dag_decorator to None, run_after=None
[2025-07-13T10:24:38.546+0000] {processor.py:176} INFO - Processing /home/airflow/.local/lib/python3.7/site-packages/airflow/example_dags/example_dag_decorator.py took 0.284 seconds
[2025-07-13T10:25:08.643+0000] {processor.py:154} INFO - Started process (PID=4336) to work on /home/airflow/.local/lib/python3.7/site-packages/airflow/example_dags/example_dag_decorator.py
[2025-07-13T10:25:08.644+0000] {processor.py:756} INFO - Processing file /home/airflow/.local/lib/python3.7/site-packages/airflow/example_dags/example_dag_decorator.py for tasks to queue
[2025-07-13T10:25:08.646+0000] {logging_mixin.py:120} INFO - [2025-07-13T10:25:08.646+0000] {dagbag.py:537} INFO - Filling up the DagBag from /home/airflow/.local/lib/python3.7/site-packages/airflow/example_dags/example_dag_decorator.py
[2025-07-13T10:25:08.678+0000] {logging_mixin.py:120} INFO - [2025-07-13T10:25:08.677+0000] {taskmixin.py:205} WARNING - Dependency <Task(_PythonDecoratedOperator): prepare_email>, send_email already registered for DAG: example_dag_decorator
[2025-07-13T10:25:08.678+0000] {logging_mixin.py:120} INFO - [2025-07-13T10:25:08.678+0000] {taskmixin.py:205} WARNING - Dependency <Task(EmailOperator): send_email>, prepare_email already registered for DAG: example_dag_decorator
[2025-07-13T10:25:08.705+0000] {processor.py:766} INFO - DAG(s) dict_keys(['example_dag_decorator']) retrieved from /home/airflow/.local/lib/python3.7/site-packages/airflow/example_dags/example_dag_decorator.py
[2025-07-13T10:25:08.811+0000] {logging_mixin.py:120} INFO - [2025-07-13T10:25:08.811+0000] {dag.py:2585} INFO - Sync 1 DAGs
[2025-07-13T10:25:08.848+0000] {logging_mixin.py:120} INFO - [2025-07-13T10:25:08.847+0000] {dag.py:3340} INFO - Setting next_dagrun for example_dag_decorator to None, run_after=None
[2025-07-13T10:25:08.883+0000] {processor.py:176} INFO - Processing /home/airflow/.local/lib/python3.7/site-packages/airflow/example_dags/example_dag_decorator.py took 0.246 seconds
[2025-07-13T10:25:38.968+0000] {processor.py:154} INFO - Started process (PID=4398) to work on /home/airflow/.local/lib/python3.7/site-packages/airflow/example_dags/example_dag_decorator.py
[2025-07-13T10:25:38.971+0000] {processor.py:756} INFO - Processing file /home/airflow/.local/lib/python3.7/site-packages/airflow/example_dags/example_dag_decorator.py for tasks to queue
[2025-07-13T10:25:38.974+0000] {logging_mixin.py:120} INFO - [2025-07-13T10:25:38.974+0000] {dagbag.py:537} INFO - Filling up the DagBag from /home/airflow/.local/lib/python3.7/site-packages/airflow/example_dags/example_dag_decorator.py
[2025-07-13T10:25:39.010+0000] {logging_mixin.py:120} INFO - [2025-07-13T10:25:39.010+0000] {taskmixin.py:205} WARNING - Dependency <Task(_PythonDecoratedOperator): prepare_email>, send_email already registered for DAG: example_dag_decorator
[2025-07-13T10:25:39.011+0000] {logging_mixin.py:120} INFO - [2025-07-13T10:25:39.011+0000] {taskmixin.py:205} WARNING - Dependency <Task(EmailOperator): send_email>, prepare_email already registered for DAG: example_dag_decorator
[2025-07-13T10:25:39.041+0000] {processor.py:766} INFO - DAG(s) dict_keys(['example_dag_decorator']) retrieved from /home/airflow/.local/lib/python3.7/site-packages/airflow/example_dags/example_dag_decorator.py
[2025-07-13T10:25:39.325+0000] {logging_mixin.py:120} INFO - [2025-07-13T10:25:39.324+0000] {dag.py:2585} INFO - Sync 1 DAGs
[2025-07-13T10:25:39.373+0000] {logging_mixin.py:120} INFO - [2025-07-13T10:25:39.372+0000] {dag.py:3340} INFO - Setting next_dagrun for example_dag_decorator to None, run_after=None
[2025-07-13T10:25:39.413+0000] {processor.py:176} INFO - Processing /home/airflow/.local/lib/python3.7/site-packages/airflow/example_dags/example_dag_decorator.py took 0.451 seconds
[2025-07-13T10:26:10.139+0000] {processor.py:154} INFO - Started process (PID=4453) to work on /home/airflow/.local/lib/python3.7/site-packages/airflow/example_dags/example_dag_decorator.py
[2025-07-13T10:26:10.140+0000] {processor.py:756} INFO - Processing file /home/airflow/.local/lib/python3.7/site-packages/airflow/example_dags/example_dag_decorator.py for tasks to queue
[2025-07-13T10:26:10.141+0000] {logging_mixin.py:120} INFO - [2025-07-13T10:26:10.141+0000] {dagbag.py:537} INFO - Filling up the DagBag from /home/airflow/.local/lib/python3.7/site-packages/airflow/example_dags/example_dag_decorator.py
[2025-07-13T10:26:10.162+0000] {logging_mixin.py:120} INFO - [2025-07-13T10:26:10.162+0000] {taskmixin.py:205} WARNING - Dependency <Task(_PythonDecoratedOperator): prepare_email>, send_email already registered for DAG: example_dag_decorator
[2025-07-13T10:26:10.163+0000] {logging_mixin.py:120} INFO - [2025-07-13T10:26:10.163+0000] {taskmixin.py:205} WARNING - Dependency <Task(EmailOperator): send_email>, prepare_email already registered for DAG: example_dag_decorator
[2025-07-13T10:26:10.178+0000] {processor.py:766} INFO - DAG(s) dict_keys(['example_dag_decorator']) retrieved from /home/airflow/.local/lib/python3.7/site-packages/airflow/example_dags/example_dag_decorator.py
[2025-07-13T10:26:10.287+0000] {logging_mixin.py:120} INFO - [2025-07-13T10:26:10.287+0000] {dag.py:2585} INFO - Sync 1 DAGs
[2025-07-13T10:26:10.325+0000] {logging_mixin.py:120} INFO - [2025-07-13T10:26:10.325+0000] {dag.py:3340} INFO - Setting next_dagrun for example_dag_decorator to None, run_after=None
[2025-07-13T10:26:10.361+0000] {processor.py:176} INFO - Processing /home/airflow/.local/lib/python3.7/site-packages/airflow/example_dags/example_dag_decorator.py took 0.226 seconds
[2025-07-13T10:26:40.489+0000] {processor.py:154} INFO - Started process (PID=4514) to work on /home/airflow/.local/lib/python3.7/site-packages/airflow/example_dags/example_dag_decorator.py
[2025-07-13T10:26:40.491+0000] {processor.py:756} INFO - Processing file /home/airflow/.local/lib/python3.7/site-packages/airflow/example_dags/example_dag_decorator.py for tasks to queue
[2025-07-13T10:26:40.493+0000] {logging_mixin.py:120} INFO - [2025-07-13T10:26:40.492+0000] {dagbag.py:537} INFO - Filling up the DagBag from /home/airflow/.local/lib/python3.7/site-packages/airflow/example_dags/example_dag_decorator.py
[2025-07-13T10:26:40.521+0000] {logging_mixin.py:120} INFO - [2025-07-13T10:26:40.521+0000] {taskmixin.py:205} WARNING - Dependency <Task(_PythonDecoratedOperator): prepare_email>, send_email already registered for DAG: example_dag_decorator
[2025-07-13T10:26:40.522+0000] {logging_mixin.py:120} INFO - [2025-07-13T10:26:40.522+0000] {taskmixin.py:205} WARNING - Dependency <Task(EmailOperator): send_email>, prepare_email already registered for DAG: example_dag_decorator
[2025-07-13T10:26:40.550+0000] {processor.py:766} INFO - DAG(s) dict_keys(['example_dag_decorator']) retrieved from /home/airflow/.local/lib/python3.7/site-packages/airflow/example_dags/example_dag_decorator.py
[2025-07-13T10:26:40.709+0000] {logging_mixin.py:120} INFO - [2025-07-13T10:26:40.709+0000] {dag.py:2585} INFO - Sync 1 DAGs
[2025-07-13T10:26:40.756+0000] {logging_mixin.py:120} INFO - [2025-07-13T10:26:40.756+0000] {dag.py:3340} INFO - Setting next_dagrun for example_dag_decorator to None, run_after=None
[2025-07-13T10:26:40.802+0000] {processor.py:176} INFO - Processing /home/airflow/.local/lib/python3.7/site-packages/airflow/example_dags/example_dag_decorator.py took 0.320 seconds
[2025-07-13T10:27:10.963+0000] {processor.py:154} INFO - Started process (PID=4568) to work on /home/airflow/.local/lib/python3.7/site-packages/airflow/example_dags/example_dag_decorator.py
[2025-07-13T10:27:10.965+0000] {processor.py:756} INFO - Processing file /home/airflow/.local/lib/python3.7/site-packages/airflow/example_dags/example_dag_decorator.py for tasks to queue
[2025-07-13T10:27:10.966+0000] {logging_mixin.py:120} INFO - [2025-07-13T10:27:10.966+0000] {dagbag.py:537} INFO - Filling up the DagBag from /home/airflow/.local/lib/python3.7/site-packages/airflow/example_dags/example_dag_decorator.py
[2025-07-13T10:27:10.991+0000] {logging_mixin.py:120} INFO - [2025-07-13T10:27:10.991+0000] {taskmixin.py:205} WARNING - Dependency <Task(_PythonDecoratedOperator): prepare_email>, send_email already registered for DAG: example_dag_decorator
[2025-07-13T10:27:10.992+0000] {logging_mixin.py:120} INFO - [2025-07-13T10:27:10.992+0000] {taskmixin.py:205} WARNING - Dependency <Task(EmailOperator): send_email>, prepare_email already registered for DAG: example_dag_decorator
[2025-07-13T10:27:11.011+0000] {processor.py:766} INFO - DAG(s) dict_keys(['example_dag_decorator']) retrieved from /home/airflow/.local/lib/python3.7/site-packages/airflow/example_dags/example_dag_decorator.py
[2025-07-13T10:27:11.139+0000] {logging_mixin.py:120} INFO - [2025-07-13T10:27:11.139+0000] {dag.py:2585} INFO - Sync 1 DAGs
[2025-07-13T10:27:11.187+0000] {logging_mixin.py:120} INFO - [2025-07-13T10:27:11.187+0000] {dag.py:3340} INFO - Setting next_dagrun for example_dag_decorator to None, run_after=None
[2025-07-13T10:27:11.225+0000] {processor.py:176} INFO - Processing /home/airflow/.local/lib/python3.7/site-packages/airflow/example_dags/example_dag_decorator.py took 0.267 seconds
[2025-07-13T10:27:41.336+0000] {processor.py:154} INFO - Started process (PID=4632) to work on /home/airflow/.local/lib/python3.7/site-packages/airflow/example_dags/example_dag_decorator.py
[2025-07-13T10:27:41.338+0000] {processor.py:756} INFO - Processing file /home/airflow/.local/lib/python3.7/site-packages/airflow/example_dags/example_dag_decorator.py for tasks to queue
[2025-07-13T10:27:41.340+0000] {logging_mixin.py:120} INFO - [2025-07-13T10:27:41.340+0000] {dagbag.py:537} INFO - Filling up the DagBag from /home/airflow/.local/lib/python3.7/site-packages/airflow/example_dags/example_dag_decorator.py
[2025-07-13T10:27:41.377+0000] {logging_mixin.py:120} INFO - [2025-07-13T10:27:41.376+0000] {taskmixin.py:205} WARNING - Dependency <Task(_PythonDecoratedOperator): prepare_email>, send_email already registered for DAG: example_dag_decorator
[2025-07-13T10:27:41.378+0000] {logging_mixin.py:120} INFO - [2025-07-13T10:27:41.378+0000] {taskmixin.py:205} WARNING - Dependency <Task(EmailOperator): send_email>, prepare_email already registered for DAG: example_dag_decorator
[2025-07-13T10:27:41.404+0000] {processor.py:766} INFO - DAG(s) dict_keys(['example_dag_decorator']) retrieved from /home/airflow/.local/lib/python3.7/site-packages/airflow/example_dags/example_dag_decorator.py
[2025-07-13T10:27:41.582+0000] {logging_mixin.py:120} INFO - [2025-07-13T10:27:41.582+0000] {dag.py:2585} INFO - Sync 1 DAGs
[2025-07-13T10:27:41.635+0000] {logging_mixin.py:120} INFO - [2025-07-13T10:27:41.634+0000] {dag.py:3340} INFO - Setting next_dagrun for example_dag_decorator to None, run_after=None
[2025-07-13T10:27:41.676+0000] {processor.py:176} INFO - Processing /home/airflow/.local/lib/python3.7/site-packages/airflow/example_dags/example_dag_decorator.py took 0.346 seconds
[2025-07-13T10:28:11.808+0000] {processor.py:154} INFO - Started process (PID=4695) to work on /home/airflow/.local/lib/python3.7/site-packages/airflow/example_dags/example_dag_decorator.py
[2025-07-13T10:28:11.810+0000] {processor.py:756} INFO - Processing file /home/airflow/.local/lib/python3.7/site-packages/airflow/example_dags/example_dag_decorator.py for tasks to queue
[2025-07-13T10:28:11.823+0000] {logging_mixin.py:120} INFO - [2025-07-13T10:28:11.823+0000] {dagbag.py:537} INFO - Filling up the DagBag from /home/airflow/.local/lib/python3.7/site-packages/airflow/example_dags/example_dag_decorator.py
[2025-07-13T10:28:11.875+0000] {logging_mixin.py:120} INFO - [2025-07-13T10:28:11.874+0000] {taskmixin.py:205} WARNING - Dependency <Task(_PythonDecoratedOperator): prepare_email>, send_email already registered for DAG: example_dag_decorator
[2025-07-13T10:28:11.876+0000] {logging_mixin.py:120} INFO - [2025-07-13T10:28:11.875+0000] {taskmixin.py:205} WARNING - Dependency <Task(EmailOperator): send_email>, prepare_email already registered for DAG: example_dag_decorator
[2025-07-13T10:28:11.901+0000] {processor.py:766} INFO - DAG(s) dict_keys(['example_dag_decorator']) retrieved from /home/airflow/.local/lib/python3.7/site-packages/airflow/example_dags/example_dag_decorator.py
[2025-07-13T10:28:12.054+0000] {logging_mixin.py:120} INFO - [2025-07-13T10:28:12.054+0000] {dag.py:2585} INFO - Sync 1 DAGs
[2025-07-13T10:28:12.086+0000] {logging_mixin.py:120} INFO - [2025-07-13T10:28:12.085+0000] {dag.py:3340} INFO - Setting next_dagrun for example_dag_decorator to None, run_after=None
[2025-07-13T10:28:12.174+0000] {processor.py:176} INFO - Processing /home/airflow/.local/lib/python3.7/site-packages/airflow/example_dags/example_dag_decorator.py took 0.379 seconds
[2025-07-13T10:28:42.940+0000] {processor.py:154} INFO - Started process (PID=4749) to work on /home/airflow/.local/lib/python3.7/site-packages/airflow/example_dags/example_dag_decorator.py
[2025-07-13T10:28:42.942+0000] {processor.py:756} INFO - Processing file /home/airflow/.local/lib/python3.7/site-packages/airflow/example_dags/example_dag_decorator.py for tasks to queue
[2025-07-13T10:28:42.943+0000] {logging_mixin.py:120} INFO - [2025-07-13T10:28:42.943+0000] {dagbag.py:537} INFO - Filling up the DagBag from /home/airflow/.local/lib/python3.7/site-packages/airflow/example_dags/example_dag_decorator.py
[2025-07-13T10:28:42.969+0000] {logging_mixin.py:120} INFO - [2025-07-13T10:28:42.969+0000] {taskmixin.py:205} WARNING - Dependency <Task(_PythonDecoratedOperator): prepare_email>, send_email already registered for DAG: example_dag_decorator
[2025-07-13T10:28:42.970+0000] {logging_mixin.py:120} INFO - [2025-07-13T10:28:42.970+0000] {taskmixin.py:205} WARNING - Dependency <Task(EmailOperator): send_email>, prepare_email already registered for DAG: example_dag_decorator
[2025-07-13T10:28:42.991+0000] {processor.py:766} INFO - DAG(s) dict_keys(['example_dag_decorator']) retrieved from /home/airflow/.local/lib/python3.7/site-packages/airflow/example_dags/example_dag_decorator.py
[2025-07-13T10:28:43.140+0000] {logging_mixin.py:120} INFO - [2025-07-13T10:28:43.140+0000] {dag.py:2585} INFO - Sync 1 DAGs
[2025-07-13T10:28:43.192+0000] {logging_mixin.py:120} INFO - [2025-07-13T10:28:43.192+0000] {dag.py:3340} INFO - Setting next_dagrun for example_dag_decorator to None, run_after=None
[2025-07-13T10:28:43.240+0000] {processor.py:176} INFO - Processing /home/airflow/.local/lib/python3.7/site-packages/airflow/example_dags/example_dag_decorator.py took 0.308 seconds
[2025-07-13T10:29:13.376+0000] {processor.py:154} INFO - Started process (PID=4812) to work on /home/airflow/.local/lib/python3.7/site-packages/airflow/example_dags/example_dag_decorator.py
[2025-07-13T10:29:13.378+0000] {processor.py:756} INFO - Processing file /home/airflow/.local/lib/python3.7/site-packages/airflow/example_dags/example_dag_decorator.py for tasks to queue
[2025-07-13T10:29:13.380+0000] {logging_mixin.py:120} INFO - [2025-07-13T10:29:13.379+0000] {dagbag.py:537} INFO - Filling up the DagBag from /home/airflow/.local/lib/python3.7/site-packages/airflow/example_dags/example_dag_decorator.py
[2025-07-13T10:29:13.409+0000] {logging_mixin.py:120} INFO - [2025-07-13T10:29:13.409+0000] {taskmixin.py:205} WARNING - Dependency <Task(_PythonDecoratedOperator): prepare_email>, send_email already registered for DAG: example_dag_decorator
[2025-07-13T10:29:13.410+0000] {logging_mixin.py:120} INFO - [2025-07-13T10:29:13.410+0000] {taskmixin.py:205} WARNING - Dependency <Task(EmailOperator): send_email>, prepare_email already registered for DAG: example_dag_decorator
[2025-07-13T10:29:13.429+0000] {processor.py:766} INFO - DAG(s) dict_keys(['example_dag_decorator']) retrieved from /home/airflow/.local/lib/python3.7/site-packages/airflow/example_dags/example_dag_decorator.py
[2025-07-13T10:29:13.535+0000] {logging_mixin.py:120} INFO - [2025-07-13T10:29:13.534+0000] {dag.py:2585} INFO - Sync 1 DAGs
[2025-07-13T10:29:13.570+0000] {logging_mixin.py:120} INFO - [2025-07-13T10:29:13.570+0000] {dag.py:3340} INFO - Setting next_dagrun for example_dag_decorator to None, run_after=None
[2025-07-13T10:29:13.603+0000] {processor.py:176} INFO - Processing /home/airflow/.local/lib/python3.7/site-packages/airflow/example_dags/example_dag_decorator.py took 0.231 seconds
[2025-07-13T10:29:43.902+0000] {processor.py:154} INFO - Started process (PID=4866) to work on /home/airflow/.local/lib/python3.7/site-packages/airflow/example_dags/example_dag_decorator.py
[2025-07-13T10:29:43.904+0000] {processor.py:756} INFO - Processing file /home/airflow/.local/lib/python3.7/site-packages/airflow/example_dags/example_dag_decorator.py for tasks to queue
[2025-07-13T10:29:43.905+0000] {logging_mixin.py:120} INFO - [2025-07-13T10:29:43.905+0000] {dagbag.py:537} INFO - Filling up the DagBag from /home/airflow/.local/lib/python3.7/site-packages/airflow/example_dags/example_dag_decorator.py
[2025-07-13T10:29:43.933+0000] {logging_mixin.py:120} INFO - [2025-07-13T10:29:43.933+0000] {taskmixin.py:205} WARNING - Dependency <Task(_PythonDecoratedOperator): prepare_email>, send_email already registered for DAG: example_dag_decorator
[2025-07-13T10:29:43.934+0000] {logging_mixin.py:120} INFO - [2025-07-13T10:29:43.934+0000] {taskmixin.py:205} WARNING - Dependency <Task(EmailOperator): send_email>, prepare_email already registered for DAG: example_dag_decorator
[2025-07-13T10:29:43.955+0000] {processor.py:766} INFO - DAG(s) dict_keys(['example_dag_decorator']) retrieved from /home/airflow/.local/lib/python3.7/site-packages/airflow/example_dags/example_dag_decorator.py
[2025-07-13T10:29:44.126+0000] {logging_mixin.py:120} INFO - [2025-07-13T10:29:44.126+0000] {dag.py:2585} INFO - Sync 1 DAGs
[2025-07-13T10:29:44.216+0000] {logging_mixin.py:120} INFO - [2025-07-13T10:29:44.215+0000] {dag.py:3340} INFO - Setting next_dagrun for example_dag_decorator to None, run_after=None
[2025-07-13T10:29:44.308+0000] {processor.py:176} INFO - Processing /home/airflow/.local/lib/python3.7/site-packages/airflow/example_dags/example_dag_decorator.py took 0.412 seconds
[2025-07-13T10:30:14.587+0000] {processor.py:154} INFO - Started process (PID=4929) to work on /home/airflow/.local/lib/python3.7/site-packages/airflow/example_dags/example_dag_decorator.py
[2025-07-13T10:30:14.589+0000] {processor.py:756} INFO - Processing file /home/airflow/.local/lib/python3.7/site-packages/airflow/example_dags/example_dag_decorator.py for tasks to queue
[2025-07-13T10:30:14.590+0000] {logging_mixin.py:120} INFO - [2025-07-13T10:30:14.590+0000] {dagbag.py:537} INFO - Filling up the DagBag from /home/airflow/.local/lib/python3.7/site-packages/airflow/example_dags/example_dag_decorator.py
[2025-07-13T10:30:14.620+0000] {logging_mixin.py:120} INFO - [2025-07-13T10:30:14.620+0000] {taskmixin.py:205} WARNING - Dependency <Task(_PythonDecoratedOperator): prepare_email>, send_email already registered for DAG: example_dag_decorator
[2025-07-13T10:30:14.621+0000] {logging_mixin.py:120} INFO - [2025-07-13T10:30:14.621+0000] {taskmixin.py:205} WARNING - Dependency <Task(EmailOperator): send_email>, prepare_email already registered for DAG: example_dag_decorator
[2025-07-13T10:30:14.648+0000] {processor.py:766} INFO - DAG(s) dict_keys(['example_dag_decorator']) retrieved from /home/airflow/.local/lib/python3.7/site-packages/airflow/example_dags/example_dag_decorator.py
[2025-07-13T10:30:14.817+0000] {logging_mixin.py:120} INFO - [2025-07-13T10:30:14.816+0000] {dag.py:2585} INFO - Sync 1 DAGs
[2025-07-13T10:30:14.863+0000] {logging_mixin.py:120} INFO - [2025-07-13T10:30:14.863+0000] {dag.py:3340} INFO - Setting next_dagrun for example_dag_decorator to None, run_after=None
[2025-07-13T10:30:14.917+0000] {processor.py:176} INFO - Processing /home/airflow/.local/lib/python3.7/site-packages/airflow/example_dags/example_dag_decorator.py took 0.341 seconds
[2025-07-13T10:30:45.043+0000] {processor.py:154} INFO - Started process (PID=4983) to work on /home/airflow/.local/lib/python3.7/site-packages/airflow/example_dags/example_dag_decorator.py
[2025-07-13T10:30:45.045+0000] {processor.py:756} INFO - Processing file /home/airflow/.local/lib/python3.7/site-packages/airflow/example_dags/example_dag_decorator.py for tasks to queue
[2025-07-13T10:30:45.050+0000] {logging_mixin.py:120} INFO - [2025-07-13T10:30:45.049+0000] {dagbag.py:537} INFO - Filling up the DagBag from /home/airflow/.local/lib/python3.7/site-packages/airflow/example_dags/example_dag_decorator.py
[2025-07-13T10:30:45.091+0000] {logging_mixin.py:120} INFO - [2025-07-13T10:30:45.091+0000] {taskmixin.py:205} WARNING - Dependency <Task(_PythonDecoratedOperator): prepare_email>, send_email already registered for DAG: example_dag_decorator
[2025-07-13T10:30:45.092+0000] {logging_mixin.py:120} INFO - [2025-07-13T10:30:45.092+0000] {taskmixin.py:205} WARNING - Dependency <Task(EmailOperator): send_email>, prepare_email already registered for DAG: example_dag_decorator
[2025-07-13T10:30:45.128+0000] {processor.py:766} INFO - DAG(s) dict_keys(['example_dag_decorator']) retrieved from /home/airflow/.local/lib/python3.7/site-packages/airflow/example_dags/example_dag_decorator.py
[2025-07-13T10:30:45.269+0000] {logging_mixin.py:120} INFO - [2025-07-13T10:30:45.269+0000] {dag.py:2585} INFO - Sync 1 DAGs
[2025-07-13T10:30:45.314+0000] {logging_mixin.py:120} INFO - [2025-07-13T10:30:45.314+0000] {dag.py:3340} INFO - Setting next_dagrun for example_dag_decorator to None, run_after=None
[2025-07-13T10:30:45.345+0000] {processor.py:176} INFO - Processing /home/airflow/.local/lib/python3.7/site-packages/airflow/example_dags/example_dag_decorator.py took 0.308 seconds
[2025-07-13T10:31:15.440+0000] {processor.py:154} INFO - Started process (PID=5046) to work on /home/airflow/.local/lib/python3.7/site-packages/airflow/example_dags/example_dag_decorator.py
[2025-07-13T10:31:15.441+0000] {processor.py:756} INFO - Processing file /home/airflow/.local/lib/python3.7/site-packages/airflow/example_dags/example_dag_decorator.py for tasks to queue
[2025-07-13T10:31:15.443+0000] {logging_mixin.py:120} INFO - [2025-07-13T10:31:15.443+0000] {dagbag.py:537} INFO - Filling up the DagBag from /home/airflow/.local/lib/python3.7/site-packages/airflow/example_dags/example_dag_decorator.py
[2025-07-13T10:31:15.469+0000] {logging_mixin.py:120} INFO - [2025-07-13T10:31:15.469+0000] {taskmixin.py:205} WARNING - Dependency <Task(_PythonDecoratedOperator): prepare_email>, send_email already registered for DAG: example_dag_decorator
[2025-07-13T10:31:15.470+0000] {logging_mixin.py:120} INFO - [2025-07-13T10:31:15.469+0000] {taskmixin.py:205} WARNING - Dependency <Task(EmailOperator): send_email>, prepare_email already registered for DAG: example_dag_decorator
[2025-07-13T10:31:15.491+0000] {processor.py:766} INFO - DAG(s) dict_keys(['example_dag_decorator']) retrieved from /home/airflow/.local/lib/python3.7/site-packages/airflow/example_dags/example_dag_decorator.py
[2025-07-13T10:31:15.634+0000] {logging_mixin.py:120} INFO - [2025-07-13T10:31:15.633+0000] {dag.py:2585} INFO - Sync 1 DAGs
[2025-07-13T10:31:15.679+0000] {logging_mixin.py:120} INFO - [2025-07-13T10:31:15.679+0000] {dag.py:3340} INFO - Setting next_dagrun for example_dag_decorator to None, run_after=None
[2025-07-13T10:31:15.709+0000] {processor.py:176} INFO - Processing /home/airflow/.local/lib/python3.7/site-packages/airflow/example_dags/example_dag_decorator.py took 0.275 seconds
[2025-07-13T10:31:45.948+0000] {processor.py:154} INFO - Started process (PID=5109) to work on /home/airflow/.local/lib/python3.7/site-packages/airflow/example_dags/example_dag_decorator.py
[2025-07-13T10:31:45.949+0000] {processor.py:756} INFO - Processing file /home/airflow/.local/lib/python3.7/site-packages/airflow/example_dags/example_dag_decorator.py for tasks to queue
[2025-07-13T10:31:45.951+0000] {logging_mixin.py:120} INFO - [2025-07-13T10:31:45.950+0000] {dagbag.py:537} INFO - Filling up the DagBag from /home/airflow/.local/lib/python3.7/site-packages/airflow/example_dags/example_dag_decorator.py
[2025-07-13T10:31:45.976+0000] {logging_mixin.py:120} INFO - [2025-07-13T10:31:45.976+0000] {taskmixin.py:205} WARNING - Dependency <Task(_PythonDecoratedOperator): prepare_email>, send_email already registered for DAG: example_dag_decorator
[2025-07-13T10:31:45.977+0000] {logging_mixin.py:120} INFO - [2025-07-13T10:31:45.976+0000] {taskmixin.py:205} WARNING - Dependency <Task(EmailOperator): send_email>, prepare_email already registered for DAG: example_dag_decorator
[2025-07-13T10:31:45.995+0000] {processor.py:766} INFO - DAG(s) dict_keys(['example_dag_decorator']) retrieved from /home/airflow/.local/lib/python3.7/site-packages/airflow/example_dags/example_dag_decorator.py
[2025-07-13T10:31:46.107+0000] {logging_mixin.py:120} INFO - [2025-07-13T10:31:46.107+0000] {dag.py:2585} INFO - Sync 1 DAGs
[2025-07-13T10:31:46.145+0000] {logging_mixin.py:120} INFO - [2025-07-13T10:31:46.144+0000] {dag.py:3340} INFO - Setting next_dagrun for example_dag_decorator to None, run_after=None
[2025-07-13T10:31:46.175+0000] {processor.py:176} INFO - Processing /home/airflow/.local/lib/python3.7/site-packages/airflow/example_dags/example_dag_decorator.py took 0.231 seconds
[2025-07-13T10:32:16.363+0000] {processor.py:154} INFO - Started process (PID=5162) to work on /home/airflow/.local/lib/python3.7/site-packages/airflow/example_dags/example_dag_decorator.py
[2025-07-13T10:32:16.364+0000] {processor.py:756} INFO - Processing file /home/airflow/.local/lib/python3.7/site-packages/airflow/example_dags/example_dag_decorator.py for tasks to queue
[2025-07-13T10:32:16.365+0000] {logging_mixin.py:120} INFO - [2025-07-13T10:32:16.365+0000] {dagbag.py:537} INFO - Filling up the DagBag from /home/airflow/.local/lib/python3.7/site-packages/airflow/example_dags/example_dag_decorator.py
[2025-07-13T10:32:16.388+0000] {logging_mixin.py:120} INFO - [2025-07-13T10:32:16.388+0000] {taskmixin.py:205} WARNING - Dependency <Task(_PythonDecoratedOperator): prepare_email>, send_email already registered for DAG: example_dag_decorator
[2025-07-13T10:32:16.389+0000] {logging_mixin.py:120} INFO - [2025-07-13T10:32:16.389+0000] {taskmixin.py:205} WARNING - Dependency <Task(EmailOperator): send_email>, prepare_email already registered for DAG: example_dag_decorator
[2025-07-13T10:32:16.408+0000] {processor.py:766} INFO - DAG(s) dict_keys(['example_dag_decorator']) retrieved from /home/airflow/.local/lib/python3.7/site-packages/airflow/example_dags/example_dag_decorator.py
[2025-07-13T10:32:16.518+0000] {logging_mixin.py:120} INFO - [2025-07-13T10:32:16.517+0000] {dag.py:2585} INFO - Sync 1 DAGs
[2025-07-13T10:32:16.550+0000] {logging_mixin.py:120} INFO - [2025-07-13T10:32:16.550+0000] {dag.py:3340} INFO - Setting next_dagrun for example_dag_decorator to None, run_after=None
[2025-07-13T10:32:16.578+0000] {processor.py:176} INFO - Processing /home/airflow/.local/lib/python3.7/site-packages/airflow/example_dags/example_dag_decorator.py took 0.221 seconds
[2025-07-13T10:32:46.903+0000] {processor.py:154} INFO - Started process (PID=5225) to work on /home/airflow/.local/lib/python3.7/site-packages/airflow/example_dags/example_dag_decorator.py
[2025-07-13T10:32:46.904+0000] {processor.py:756} INFO - Processing file /home/airflow/.local/lib/python3.7/site-packages/airflow/example_dags/example_dag_decorator.py for tasks to queue
[2025-07-13T10:32:46.911+0000] {logging_mixin.py:120} INFO - [2025-07-13T10:32:46.911+0000] {dagbag.py:537} INFO - Filling up the DagBag from /home/airflow/.local/lib/python3.7/site-packages/airflow/example_dags/example_dag_decorator.py
[2025-07-13T10:32:46.936+0000] {logging_mixin.py:120} INFO - [2025-07-13T10:32:46.936+0000] {taskmixin.py:205} WARNING - Dependency <Task(_PythonDecoratedOperator): prepare_email>, send_email already registered for DAG: example_dag_decorator
[2025-07-13T10:32:46.937+0000] {logging_mixin.py:120} INFO - [2025-07-13T10:32:46.937+0000] {taskmixin.py:205} WARNING - Dependency <Task(EmailOperator): send_email>, prepare_email already registered for DAG: example_dag_decorator
[2025-07-13T10:32:46.958+0000] {processor.py:766} INFO - DAG(s) dict_keys(['example_dag_decorator']) retrieved from /home/airflow/.local/lib/python3.7/site-packages/airflow/example_dags/example_dag_decorator.py
[2025-07-13T10:32:47.114+0000] {logging_mixin.py:120} INFO - [2025-07-13T10:32:47.113+0000] {dag.py:2585} INFO - Sync 1 DAGs
[2025-07-13T10:32:47.164+0000] {logging_mixin.py:120} INFO - [2025-07-13T10:32:47.164+0000] {dag.py:3340} INFO - Setting next_dagrun for example_dag_decorator to None, run_after=None
[2025-07-13T10:32:47.199+0000] {processor.py:176} INFO - Processing /home/airflow/.local/lib/python3.7/site-packages/airflow/example_dags/example_dag_decorator.py took 0.303 seconds
[2025-07-13T10:33:17.295+0000] {processor.py:154} INFO - Started process (PID=5288) to work on /home/airflow/.local/lib/python3.7/site-packages/airflow/example_dags/example_dag_decorator.py
[2025-07-13T10:33:17.297+0000] {processor.py:756} INFO - Processing file /home/airflow/.local/lib/python3.7/site-packages/airflow/example_dags/example_dag_decorator.py for tasks to queue
[2025-07-13T10:33:17.299+0000] {logging_mixin.py:120} INFO - [2025-07-13T10:33:17.299+0000] {dagbag.py:537} INFO - Filling up the DagBag from /home/airflow/.local/lib/python3.7/site-packages/airflow/example_dags/example_dag_decorator.py
[2025-07-13T10:33:17.344+0000] {logging_mixin.py:120} INFO - [2025-07-13T10:33:17.343+0000] {taskmixin.py:205} WARNING - Dependency <Task(_PythonDecoratedOperator): prepare_email>, send_email already registered for DAG: example_dag_decorator
[2025-07-13T10:33:17.345+0000] {logging_mixin.py:120} INFO - [2025-07-13T10:33:17.344+0000] {taskmixin.py:205} WARNING - Dependency <Task(EmailOperator): send_email>, prepare_email already registered for DAG: example_dag_decorator
[2025-07-13T10:33:17.379+0000] {processor.py:766} INFO - DAG(s) dict_keys(['example_dag_decorator']) retrieved from /home/airflow/.local/lib/python3.7/site-packages/airflow/example_dags/example_dag_decorator.py
[2025-07-13T10:33:17.503+0000] {logging_mixin.py:120} INFO - [2025-07-13T10:33:17.503+0000] {dag.py:2585} INFO - Sync 1 DAGs
[2025-07-13T10:33:17.538+0000] {logging_mixin.py:120} INFO - [2025-07-13T10:33:17.538+0000] {dag.py:3340} INFO - Setting next_dagrun for example_dag_decorator to None, run_after=None
[2025-07-13T10:33:17.563+0000] {processor.py:176} INFO - Processing /home/airflow/.local/lib/python3.7/site-packages/airflow/example_dags/example_dag_decorator.py took 0.276 seconds
[2025-07-13T10:33:47.860+0000] {processor.py:154} INFO - Started process (PID=5343) to work on /home/airflow/.local/lib/python3.7/site-packages/airflow/example_dags/example_dag_decorator.py
[2025-07-13T10:33:47.866+0000] {processor.py:756} INFO - Processing file /home/airflow/.local/lib/python3.7/site-packages/airflow/example_dags/example_dag_decorator.py for tasks to queue
[2025-07-13T10:33:47.868+0000] {logging_mixin.py:120} INFO - [2025-07-13T10:33:47.868+0000] {dagbag.py:537} INFO - Filling up the DagBag from /home/airflow/.local/lib/python3.7/site-packages/airflow/example_dags/example_dag_decorator.py
[2025-07-13T10:33:47.920+0000] {logging_mixin.py:120} INFO - [2025-07-13T10:33:47.918+0000] {taskmixin.py:205} WARNING - Dependency <Task(_PythonDecoratedOperator): prepare_email>, send_email already registered for DAG: example_dag_decorator
[2025-07-13T10:33:47.921+0000] {logging_mixin.py:120} INFO - [2025-07-13T10:33:47.920+0000] {taskmixin.py:205} WARNING - Dependency <Task(EmailOperator): send_email>, prepare_email already registered for DAG: example_dag_decorator
[2025-07-13T10:33:47.954+0000] {processor.py:766} INFO - DAG(s) dict_keys(['example_dag_decorator']) retrieved from /home/airflow/.local/lib/python3.7/site-packages/airflow/example_dags/example_dag_decorator.py
[2025-07-13T10:33:48.113+0000] {logging_mixin.py:120} INFO - [2025-07-13T10:33:48.113+0000] {dag.py:2585} INFO - Sync 1 DAGs
[2025-07-13T10:33:48.154+0000] {logging_mixin.py:120} INFO - [2025-07-13T10:33:48.154+0000] {dag.py:3340} INFO - Setting next_dagrun for example_dag_decorator to None, run_after=None
[2025-07-13T10:33:48.189+0000] {processor.py:176} INFO - Processing /home/airflow/.local/lib/python3.7/site-packages/airflow/example_dags/example_dag_decorator.py took 0.347 seconds
[2025-07-13T10:34:18.449+0000] {processor.py:154} INFO - Started process (PID=5406) to work on /home/airflow/.local/lib/python3.7/site-packages/airflow/example_dags/example_dag_decorator.py
[2025-07-13T10:34:18.451+0000] {processor.py:756} INFO - Processing file /home/airflow/.local/lib/python3.7/site-packages/airflow/example_dags/example_dag_decorator.py for tasks to queue
[2025-07-13T10:34:18.452+0000] {logging_mixin.py:120} INFO - [2025-07-13T10:34:18.452+0000] {dagbag.py:537} INFO - Filling up the DagBag from /home/airflow/.local/lib/python3.7/site-packages/airflow/example_dags/example_dag_decorator.py
[2025-07-13T10:34:18.476+0000] {logging_mixin.py:120} INFO - [2025-07-13T10:34:18.475+0000] {taskmixin.py:205} WARNING - Dependency <Task(_PythonDecoratedOperator): prepare_email>, send_email already registered for DAG: example_dag_decorator
[2025-07-13T10:34:18.477+0000] {logging_mixin.py:120} INFO - [2025-07-13T10:34:18.476+0000] {taskmixin.py:205} WARNING - Dependency <Task(EmailOperator): send_email>, prepare_email already registered for DAG: example_dag_decorator
[2025-07-13T10:34:18.500+0000] {processor.py:766} INFO - DAG(s) dict_keys(['example_dag_decorator']) retrieved from /home/airflow/.local/lib/python3.7/site-packages/airflow/example_dags/example_dag_decorator.py
[2025-07-13T10:34:18.611+0000] {logging_mixin.py:120} INFO - [2025-07-13T10:34:18.611+0000] {dag.py:2585} INFO - Sync 1 DAGs
[2025-07-13T10:34:18.646+0000] {logging_mixin.py:120} INFO - [2025-07-13T10:34:18.646+0000] {dag.py:3340} INFO - Setting next_dagrun for example_dag_decorator to None, run_after=None
[2025-07-13T10:34:18.670+0000] {processor.py:176} INFO - Processing /home/airflow/.local/lib/python3.7/site-packages/airflow/example_dags/example_dag_decorator.py took 0.225 seconds
[2025-07-13T10:34:48.882+0000] {processor.py:154} INFO - Started process (PID=5468) to work on /home/airflow/.local/lib/python3.7/site-packages/airflow/example_dags/example_dag_decorator.py
[2025-07-13T10:34:48.884+0000] {processor.py:756} INFO - Processing file /home/airflow/.local/lib/python3.7/site-packages/airflow/example_dags/example_dag_decorator.py for tasks to queue
[2025-07-13T10:34:48.885+0000] {logging_mixin.py:120} INFO - [2025-07-13T10:34:48.885+0000] {dagbag.py:537} INFO - Filling up the DagBag from /home/airflow/.local/lib/python3.7/site-packages/airflow/example_dags/example_dag_decorator.py
[2025-07-13T10:34:48.910+0000] {logging_mixin.py:120} INFO - [2025-07-13T10:34:48.910+0000] {taskmixin.py:205} WARNING - Dependency <Task(_PythonDecoratedOperator): prepare_email>, send_email already registered for DAG: example_dag_decorator
[2025-07-13T10:34:48.911+0000] {logging_mixin.py:120} INFO - [2025-07-13T10:34:48.911+0000] {taskmixin.py:205} WARNING - Dependency <Task(EmailOperator): send_email>, prepare_email already registered for DAG: example_dag_decorator
[2025-07-13T10:34:48.928+0000] {processor.py:766} INFO - DAG(s) dict_keys(['example_dag_decorator']) retrieved from /home/airflow/.local/lib/python3.7/site-packages/airflow/example_dags/example_dag_decorator.py
[2025-07-13T10:34:49.042+0000] {logging_mixin.py:120} INFO - [2025-07-13T10:34:49.042+0000] {dag.py:2585} INFO - Sync 1 DAGs
[2025-07-13T10:34:49.079+0000] {logging_mixin.py:120} INFO - [2025-07-13T10:34:49.079+0000] {dag.py:3340} INFO - Setting next_dagrun for example_dag_decorator to None, run_after=None
[2025-07-13T10:34:49.141+0000] {processor.py:176} INFO - Processing /home/airflow/.local/lib/python3.7/site-packages/airflow/example_dags/example_dag_decorator.py took 0.264 seconds
[2025-07-13T10:35:19.211+0000] {processor.py:154} INFO - Started process (PID=5522) to work on /home/airflow/.local/lib/python3.7/site-packages/airflow/example_dags/example_dag_decorator.py
[2025-07-13T10:35:19.212+0000] {processor.py:756} INFO - Processing file /home/airflow/.local/lib/python3.7/site-packages/airflow/example_dags/example_dag_decorator.py for tasks to queue
[2025-07-13T10:35:19.213+0000] {logging_mixin.py:120} INFO - [2025-07-13T10:35:19.213+0000] {dagbag.py:537} INFO - Filling up the DagBag from /home/airflow/.local/lib/python3.7/site-packages/airflow/example_dags/example_dag_decorator.py
[2025-07-13T10:35:19.235+0000] {logging_mixin.py:120} INFO - [2025-07-13T10:35:19.235+0000] {taskmixin.py:205} WARNING - Dependency <Task(_PythonDecoratedOperator): prepare_email>, send_email already registered for DAG: example_dag_decorator
[2025-07-13T10:35:19.236+0000] {logging_mixin.py:120} INFO - [2025-07-13T10:35:19.235+0000] {taskmixin.py:205} WARNING - Dependency <Task(EmailOperator): send_email>, prepare_email already registered for DAG: example_dag_decorator
[2025-07-13T10:35:19.253+0000] {processor.py:766} INFO - DAG(s) dict_keys(['example_dag_decorator']) retrieved from /home/airflow/.local/lib/python3.7/site-packages/airflow/example_dags/example_dag_decorator.py
[2025-07-13T10:35:19.345+0000] {logging_mixin.py:120} INFO - [2025-07-13T10:35:19.344+0000] {dag.py:2585} INFO - Sync 1 DAGs
[2025-07-13T10:35:19.371+0000] {logging_mixin.py:120} INFO - [2025-07-13T10:35:19.371+0000] {dag.py:3340} INFO - Setting next_dagrun for example_dag_decorator to None, run_after=None
[2025-07-13T10:35:19.396+0000] {processor.py:176} INFO - Processing /home/airflow/.local/lib/python3.7/site-packages/airflow/example_dags/example_dag_decorator.py took 0.192 seconds
[2025-07-13T10:35:49.543+0000] {processor.py:154} INFO - Started process (PID=5584) to work on /home/airflow/.local/lib/python3.7/site-packages/airflow/example_dags/example_dag_decorator.py
[2025-07-13T10:35:49.554+0000] {processor.py:756} INFO - Processing file /home/airflow/.local/lib/python3.7/site-packages/airflow/example_dags/example_dag_decorator.py for tasks to queue
[2025-07-13T10:35:49.555+0000] {logging_mixin.py:120} INFO - [2025-07-13T10:35:49.555+0000] {dagbag.py:537} INFO - Filling up the DagBag from /home/airflow/.local/lib/python3.7/site-packages/airflow/example_dags/example_dag_decorator.py
[2025-07-13T10:35:49.573+0000] {logging_mixin.py:120} INFO - [2025-07-13T10:35:49.573+0000] {taskmixin.py:205} WARNING - Dependency <Task(_PythonDecoratedOperator): prepare_email>, send_email already registered for DAG: example_dag_decorator
[2025-07-13T10:35:49.574+0000] {logging_mixin.py:120} INFO - [2025-07-13T10:35:49.574+0000] {taskmixin.py:205} WARNING - Dependency <Task(EmailOperator): send_email>, prepare_email already registered for DAG: example_dag_decorator
[2025-07-13T10:35:49.590+0000] {processor.py:766} INFO - DAG(s) dict_keys(['example_dag_decorator']) retrieved from /home/airflow/.local/lib/python3.7/site-packages/airflow/example_dags/example_dag_decorator.py
[2025-07-13T10:35:49.693+0000] {logging_mixin.py:120} INFO - [2025-07-13T10:35:49.693+0000] {dag.py:2585} INFO - Sync 1 DAGs
[2025-07-13T10:35:49.717+0000] {logging_mixin.py:120} INFO - [2025-07-13T10:35:49.717+0000] {dag.py:3340} INFO - Setting next_dagrun for example_dag_decorator to None, run_after=None
[2025-07-13T10:35:49.741+0000] {processor.py:176} INFO - Processing /home/airflow/.local/lib/python3.7/site-packages/airflow/example_dags/example_dag_decorator.py took 0.208 seconds
[2025-07-13T10:36:19.790+0000] {processor.py:154} INFO - Started process (PID=5639) to work on /home/airflow/.local/lib/python3.7/site-packages/airflow/example_dags/example_dag_decorator.py
[2025-07-13T10:36:19.791+0000] {processor.py:756} INFO - Processing file /home/airflow/.local/lib/python3.7/site-packages/airflow/example_dags/example_dag_decorator.py for tasks to queue
[2025-07-13T10:36:19.792+0000] {logging_mixin.py:120} INFO - [2025-07-13T10:36:19.792+0000] {dagbag.py:537} INFO - Filling up the DagBag from /home/airflow/.local/lib/python3.7/site-packages/airflow/example_dags/example_dag_decorator.py
[2025-07-13T10:36:19.810+0000] {logging_mixin.py:120} INFO - [2025-07-13T10:36:19.809+0000] {taskmixin.py:205} WARNING - Dependency <Task(_PythonDecoratedOperator): prepare_email>, send_email already registered for DAG: example_dag_decorator
[2025-07-13T10:36:19.810+0000] {logging_mixin.py:120} INFO - [2025-07-13T10:36:19.810+0000] {taskmixin.py:205} WARNING - Dependency <Task(EmailOperator): send_email>, prepare_email already registered for DAG: example_dag_decorator
[2025-07-13T10:36:19.827+0000] {processor.py:766} INFO - DAG(s) dict_keys(['example_dag_decorator']) retrieved from /home/airflow/.local/lib/python3.7/site-packages/airflow/example_dags/example_dag_decorator.py
[2025-07-13T10:36:19.948+0000] {logging_mixin.py:120} INFO - [2025-07-13T10:36:19.948+0000] {dag.py:2585} INFO - Sync 1 DAGs
[2025-07-13T10:36:19.972+0000] {logging_mixin.py:120} INFO - [2025-07-13T10:36:19.972+0000] {dag.py:3340} INFO - Setting next_dagrun for example_dag_decorator to None, run_after=None
[2025-07-13T10:36:19.998+0000] {processor.py:176} INFO - Processing /home/airflow/.local/lib/python3.7/site-packages/airflow/example_dags/example_dag_decorator.py took 0.212 seconds
[2025-07-13T10:36:50.079+0000] {processor.py:154} INFO - Started process (PID=5702) to work on /home/airflow/.local/lib/python3.7/site-packages/airflow/example_dags/example_dag_decorator.py
[2025-07-13T10:36:50.081+0000] {processor.py:756} INFO - Processing file /home/airflow/.local/lib/python3.7/site-packages/airflow/example_dags/example_dag_decorator.py for tasks to queue
[2025-07-13T10:36:50.083+0000] {logging_mixin.py:120} INFO - [2025-07-13T10:36:50.082+0000] {dagbag.py:537} INFO - Filling up the DagBag from /home/airflow/.local/lib/python3.7/site-packages/airflow/example_dags/example_dag_decorator.py
[2025-07-13T10:36:50.112+0000] {logging_mixin.py:120} INFO - [2025-07-13T10:36:50.111+0000] {taskmixin.py:205} WARNING - Dependency <Task(_PythonDecoratedOperator): prepare_email>, send_email already registered for DAG: example_dag_decorator
[2025-07-13T10:36:50.113+0000] {logging_mixin.py:120} INFO - [2025-07-13T10:36:50.113+0000] {taskmixin.py:205} WARNING - Dependency <Task(EmailOperator): send_email>, prepare_email already registered for DAG: example_dag_decorator
[2025-07-13T10:36:50.142+0000] {processor.py:766} INFO - DAG(s) dict_keys(['example_dag_decorator']) retrieved from /home/airflow/.local/lib/python3.7/site-packages/airflow/example_dags/example_dag_decorator.py
[2025-07-13T10:36:50.283+0000] {logging_mixin.py:120} INFO - [2025-07-13T10:36:50.282+0000] {dag.py:2585} INFO - Sync 1 DAGs
[2025-07-13T10:36:50.324+0000] {logging_mixin.py:120} INFO - [2025-07-13T10:36:50.324+0000] {dag.py:3340} INFO - Setting next_dagrun for example_dag_decorator to None, run_after=None
[2025-07-13T10:36:50.361+0000] {processor.py:176} INFO - Processing /home/airflow/.local/lib/python3.7/site-packages/airflow/example_dags/example_dag_decorator.py took 0.288 seconds
[2025-07-13T10:37:20.447+0000] {processor.py:154} INFO - Started process (PID=5765) to work on /home/airflow/.local/lib/python3.7/site-packages/airflow/example_dags/example_dag_decorator.py
[2025-07-13T10:37:20.450+0000] {processor.py:756} INFO - Processing file /home/airflow/.local/lib/python3.7/site-packages/airflow/example_dags/example_dag_decorator.py for tasks to queue
[2025-07-13T10:37:20.452+0000] {logging_mixin.py:120} INFO - [2025-07-13T10:37:20.451+0000] {dagbag.py:537} INFO - Filling up the DagBag from /home/airflow/.local/lib/python3.7/site-packages/airflow/example_dags/example_dag_decorator.py
[2025-07-13T10:37:20.484+0000] {logging_mixin.py:120} INFO - [2025-07-13T10:37:20.483+0000] {taskmixin.py:205} WARNING - Dependency <Task(_PythonDecoratedOperator): prepare_email>, send_email already registered for DAG: example_dag_decorator
[2025-07-13T10:37:20.484+0000] {logging_mixin.py:120} INFO - [2025-07-13T10:37:20.484+0000] {taskmixin.py:205} WARNING - Dependency <Task(EmailOperator): send_email>, prepare_email already registered for DAG: example_dag_decorator
[2025-07-13T10:37:20.502+0000] {processor.py:766} INFO - DAG(s) dict_keys(['example_dag_decorator']) retrieved from /home/airflow/.local/lib/python3.7/site-packages/airflow/example_dags/example_dag_decorator.py
[2025-07-13T10:37:20.607+0000] {logging_mixin.py:120} INFO - [2025-07-13T10:37:20.606+0000] {dag.py:2585} INFO - Sync 1 DAGs
[2025-07-13T10:37:20.645+0000] {logging_mixin.py:120} INFO - [2025-07-13T10:37:20.645+0000] {dag.py:3340} INFO - Setting next_dagrun for example_dag_decorator to None, run_after=None
[2025-07-13T10:37:20.670+0000] {processor.py:176} INFO - Processing /home/airflow/.local/lib/python3.7/site-packages/airflow/example_dags/example_dag_decorator.py took 0.227 seconds
[2025-07-13T10:37:50.847+0000] {processor.py:154} INFO - Started process (PID=5818) to work on /home/airflow/.local/lib/python3.7/site-packages/airflow/example_dags/example_dag_decorator.py
[2025-07-13T10:37:50.849+0000] {processor.py:756} INFO - Processing file /home/airflow/.local/lib/python3.7/site-packages/airflow/example_dags/example_dag_decorator.py for tasks to queue
[2025-07-13T10:37:50.852+0000] {logging_mixin.py:120} INFO - [2025-07-13T10:37:50.852+0000] {dagbag.py:537} INFO - Filling up the DagBag from /home/airflow/.local/lib/python3.7/site-packages/airflow/example_dags/example_dag_decorator.py
[2025-07-13T10:37:50.886+0000] {logging_mixin.py:120} INFO - [2025-07-13T10:37:50.886+0000] {taskmixin.py:205} WARNING - Dependency <Task(_PythonDecoratedOperator): prepare_email>, send_email already registered for DAG: example_dag_decorator
[2025-07-13T10:37:50.887+0000] {logging_mixin.py:120} INFO - [2025-07-13T10:37:50.887+0000] {taskmixin.py:205} WARNING - Dependency <Task(EmailOperator): send_email>, prepare_email already registered for DAG: example_dag_decorator
[2025-07-13T10:37:50.903+0000] {processor.py:766} INFO - DAG(s) dict_keys(['example_dag_decorator']) retrieved from /home/airflow/.local/lib/python3.7/site-packages/airflow/example_dags/example_dag_decorator.py
[2025-07-13T10:37:50.988+0000] {logging_mixin.py:120} INFO - [2025-07-13T10:37:50.987+0000] {dag.py:2585} INFO - Sync 1 DAGs
[2025-07-13T10:37:51.020+0000] {logging_mixin.py:120} INFO - [2025-07-13T10:37:51.020+0000] {dag.py:3340} INFO - Setting next_dagrun for example_dag_decorator to None, run_after=None
[2025-07-13T10:37:51.045+0000] {processor.py:176} INFO - Processing /home/airflow/.local/lib/python3.7/site-packages/airflow/example_dags/example_dag_decorator.py took 0.204 seconds
[2025-07-13T10:38:21.343+0000] {processor.py:154} INFO - Started process (PID=5881) to work on /home/airflow/.local/lib/python3.7/site-packages/airflow/example_dags/example_dag_decorator.py
[2025-07-13T10:38:21.345+0000] {processor.py:756} INFO - Processing file /home/airflow/.local/lib/python3.7/site-packages/airflow/example_dags/example_dag_decorator.py for tasks to queue
[2025-07-13T10:38:21.346+0000] {logging_mixin.py:120} INFO - [2025-07-13T10:38:21.346+0000] {dagbag.py:537} INFO - Filling up the DagBag from /home/airflow/.local/lib/python3.7/site-packages/airflow/example_dags/example_dag_decorator.py
[2025-07-13T10:38:21.374+0000] {logging_mixin.py:120} INFO - [2025-07-13T10:38:21.374+0000] {taskmixin.py:205} WARNING - Dependency <Task(_PythonDecoratedOperator): prepare_email>, send_email already registered for DAG: example_dag_decorator
[2025-07-13T10:38:21.375+0000] {logging_mixin.py:120} INFO - [2025-07-13T10:38:21.375+0000] {taskmixin.py:205} WARNING - Dependency <Task(EmailOperator): send_email>, prepare_email already registered for DAG: example_dag_decorator
[2025-07-13T10:38:21.408+0000] {processor.py:766} INFO - DAG(s) dict_keys(['example_dag_decorator']) retrieved from /home/airflow/.local/lib/python3.7/site-packages/airflow/example_dags/example_dag_decorator.py
[2025-07-13T10:38:21.624+0000] {logging_mixin.py:120} INFO - [2025-07-13T10:38:21.624+0000] {dag.py:2585} INFO - Sync 1 DAGs
[2025-07-13T10:38:21.664+0000] {logging_mixin.py:120} INFO - [2025-07-13T10:38:21.664+0000] {dag.py:3340} INFO - Setting next_dagrun for example_dag_decorator to None, run_after=None
[2025-07-13T10:38:21.700+0000] {processor.py:176} INFO - Processing /home/airflow/.local/lib/python3.7/site-packages/airflow/example_dags/example_dag_decorator.py took 0.363 seconds
[2025-07-13T10:38:51.918+0000] {processor.py:154} INFO - Started process (PID=5944) to work on /home/airflow/.local/lib/python3.7/site-packages/airflow/example_dags/example_dag_decorator.py
[2025-07-13T10:38:51.920+0000] {processor.py:756} INFO - Processing file /home/airflow/.local/lib/python3.7/site-packages/airflow/example_dags/example_dag_decorator.py for tasks to queue
[2025-07-13T10:38:51.922+0000] {logging_mixin.py:120} INFO - [2025-07-13T10:38:51.922+0000] {dagbag.py:537} INFO - Filling up the DagBag from /home/airflow/.local/lib/python3.7/site-packages/airflow/example_dags/example_dag_decorator.py
[2025-07-13T10:38:51.955+0000] {logging_mixin.py:120} INFO - [2025-07-13T10:38:51.955+0000] {taskmixin.py:205} WARNING - Dependency <Task(_PythonDecoratedOperator): prepare_email>, send_email already registered for DAG: example_dag_decorator
[2025-07-13T10:38:51.956+0000] {logging_mixin.py:120} INFO - [2025-07-13T10:38:51.956+0000] {taskmixin.py:205} WARNING - Dependency <Task(EmailOperator): send_email>, prepare_email already registered for DAG: example_dag_decorator
[2025-07-13T10:38:51.977+0000] {processor.py:766} INFO - DAG(s) dict_keys(['example_dag_decorator']) retrieved from /home/airflow/.local/lib/python3.7/site-packages/airflow/example_dags/example_dag_decorator.py
[2025-07-13T10:38:52.110+0000] {logging_mixin.py:120} INFO - [2025-07-13T10:38:52.110+0000] {dag.py:2585} INFO - Sync 1 DAGs
[2025-07-13T10:38:52.144+0000] {logging_mixin.py:120} INFO - [2025-07-13T10:38:52.143+0000] {dag.py:3340} INFO - Setting next_dagrun for example_dag_decorator to None, run_after=None
[2025-07-13T10:38:52.169+0000] {processor.py:176} INFO - Processing /home/airflow/.local/lib/python3.7/site-packages/airflow/example_dags/example_dag_decorator.py took 0.259 seconds
[2025-07-13T10:39:22.548+0000] {processor.py:154} INFO - Started process (PID=5998) to work on /home/airflow/.local/lib/python3.7/site-packages/airflow/example_dags/example_dag_decorator.py
[2025-07-13T10:39:22.549+0000] {processor.py:756} INFO - Processing file /home/airflow/.local/lib/python3.7/site-packages/airflow/example_dags/example_dag_decorator.py for tasks to queue
[2025-07-13T10:39:22.551+0000] {logging_mixin.py:120} INFO - [2025-07-13T10:39:22.551+0000] {dagbag.py:537} INFO - Filling up the DagBag from /home/airflow/.local/lib/python3.7/site-packages/airflow/example_dags/example_dag_decorator.py
[2025-07-13T10:39:22.577+0000] {logging_mixin.py:120} INFO - [2025-07-13T10:39:22.577+0000] {taskmixin.py:205} WARNING - Dependency <Task(_PythonDecoratedOperator): prepare_email>, send_email already registered for DAG: example_dag_decorator
[2025-07-13T10:39:22.578+0000] {logging_mixin.py:120} INFO - [2025-07-13T10:39:22.578+0000] {taskmixin.py:205} WARNING - Dependency <Task(EmailOperator): send_email>, prepare_email already registered for DAG: example_dag_decorator
[2025-07-13T10:39:22.599+0000] {processor.py:766} INFO - DAG(s) dict_keys(['example_dag_decorator']) retrieved from /home/airflow/.local/lib/python3.7/site-packages/airflow/example_dags/example_dag_decorator.py
[2025-07-13T10:39:22.737+0000] {logging_mixin.py:120} INFO - [2025-07-13T10:39:22.737+0000] {dag.py:2585} INFO - Sync 1 DAGs
[2025-07-13T10:39:22.780+0000] {logging_mixin.py:120} INFO - [2025-07-13T10:39:22.780+0000] {dag.py:3340} INFO - Setting next_dagrun for example_dag_decorator to None, run_after=None
[2025-07-13T10:39:22.819+0000] {processor.py:176} INFO - Processing /home/airflow/.local/lib/python3.7/site-packages/airflow/example_dags/example_dag_decorator.py took 0.277 seconds
[2025-07-13T10:39:52.938+0000] {processor.py:154} INFO - Started process (PID=6060) to work on /home/airflow/.local/lib/python3.7/site-packages/airflow/example_dags/example_dag_decorator.py
[2025-07-13T10:39:52.939+0000] {processor.py:756} INFO - Processing file /home/airflow/.local/lib/python3.7/site-packages/airflow/example_dags/example_dag_decorator.py for tasks to queue
[2025-07-13T10:39:52.941+0000] {logging_mixin.py:120} INFO - [2025-07-13T10:39:52.940+0000] {dagbag.py:537} INFO - Filling up the DagBag from /home/airflow/.local/lib/python3.7/site-packages/airflow/example_dags/example_dag_decorator.py
[2025-07-13T10:39:52.961+0000] {logging_mixin.py:120} INFO - [2025-07-13T10:39:52.961+0000] {taskmixin.py:205} WARNING - Dependency <Task(_PythonDecoratedOperator): prepare_email>, send_email already registered for DAG: example_dag_decorator
[2025-07-13T10:39:52.962+0000] {logging_mixin.py:120} INFO - [2025-07-13T10:39:52.962+0000] {taskmixin.py:205} WARNING - Dependency <Task(EmailOperator): send_email>, prepare_email already registered for DAG: example_dag_decorator
[2025-07-13T10:39:52.982+0000] {processor.py:766} INFO - DAG(s) dict_keys(['example_dag_decorator']) retrieved from /home/airflow/.local/lib/python3.7/site-packages/airflow/example_dags/example_dag_decorator.py
[2025-07-13T10:39:53.089+0000] {logging_mixin.py:120} INFO - [2025-07-13T10:39:53.089+0000] {dag.py:2585} INFO - Sync 1 DAGs
[2025-07-13T10:39:53.121+0000] {logging_mixin.py:120} INFO - [2025-07-13T10:39:53.121+0000] {dag.py:3340} INFO - Setting next_dagrun for example_dag_decorator to None, run_after=None
[2025-07-13T10:39:53.145+0000] {processor.py:176} INFO - Processing /home/airflow/.local/lib/python3.7/site-packages/airflow/example_dags/example_dag_decorator.py took 0.213 seconds
[2025-07-13T10:40:23.432+0000] {processor.py:154} INFO - Started process (PID=6123) to work on /home/airflow/.local/lib/python3.7/site-packages/airflow/example_dags/example_dag_decorator.py
[2025-07-13T10:40:23.434+0000] {processor.py:756} INFO - Processing file /home/airflow/.local/lib/python3.7/site-packages/airflow/example_dags/example_dag_decorator.py for tasks to queue
[2025-07-13T10:40:23.435+0000] {logging_mixin.py:120} INFO - [2025-07-13T10:40:23.435+0000] {dagbag.py:537} INFO - Filling up the DagBag from /home/airflow/.local/lib/python3.7/site-packages/airflow/example_dags/example_dag_decorator.py
[2025-07-13T10:40:23.460+0000] {logging_mixin.py:120} INFO - [2025-07-13T10:40:23.460+0000] {taskmixin.py:205} WARNING - Dependency <Task(_PythonDecoratedOperator): prepare_email>, send_email already registered for DAG: example_dag_decorator
[2025-07-13T10:40:23.461+0000] {logging_mixin.py:120} INFO - [2025-07-13T10:40:23.460+0000] {taskmixin.py:205} WARNING - Dependency <Task(EmailOperator): send_email>, prepare_email already registered for DAG: example_dag_decorator
[2025-07-13T10:40:23.482+0000] {processor.py:766} INFO - DAG(s) dict_keys(['example_dag_decorator']) retrieved from /home/airflow/.local/lib/python3.7/site-packages/airflow/example_dags/example_dag_decorator.py
[2025-07-13T10:40:23.631+0000] {logging_mixin.py:120} INFO - [2025-07-13T10:40:23.631+0000] {dag.py:2585} INFO - Sync 1 DAGs
[2025-07-13T10:40:23.675+0000] {logging_mixin.py:120} INFO - [2025-07-13T10:40:23.675+0000] {dag.py:3340} INFO - Setting next_dagrun for example_dag_decorator to None, run_after=None
[2025-07-13T10:40:23.706+0000] {processor.py:176} INFO - Processing /home/airflow/.local/lib/python3.7/site-packages/airflow/example_dags/example_dag_decorator.py took 0.280 seconds
[2025-07-13T10:40:53.798+0000] {processor.py:154} INFO - Started process (PID=6177) to work on /home/airflow/.local/lib/python3.7/site-packages/airflow/example_dags/example_dag_decorator.py
[2025-07-13T10:40:53.800+0000] {processor.py:756} INFO - Processing file /home/airflow/.local/lib/python3.7/site-packages/airflow/example_dags/example_dag_decorator.py for tasks to queue
[2025-07-13T10:40:53.801+0000] {logging_mixin.py:120} INFO - [2025-07-13T10:40:53.801+0000] {dagbag.py:537} INFO - Filling up the DagBag from /home/airflow/.local/lib/python3.7/site-packages/airflow/example_dags/example_dag_decorator.py
[2025-07-13T10:40:53.824+0000] {logging_mixin.py:120} INFO - [2025-07-13T10:40:53.823+0000] {taskmixin.py:205} WARNING - Dependency <Task(_PythonDecoratedOperator): prepare_email>, send_email already registered for DAG: example_dag_decorator
[2025-07-13T10:40:53.824+0000] {logging_mixin.py:120} INFO - [2025-07-13T10:40:53.824+0000] {taskmixin.py:205} WARNING - Dependency <Task(EmailOperator): send_email>, prepare_email already registered for DAG: example_dag_decorator
[2025-07-13T10:40:53.842+0000] {processor.py:766} INFO - DAG(s) dict_keys(['example_dag_decorator']) retrieved from /home/airflow/.local/lib/python3.7/site-packages/airflow/example_dags/example_dag_decorator.py
[2025-07-13T10:40:53.947+0000] {logging_mixin.py:120} INFO - [2025-07-13T10:40:53.946+0000] {dag.py:2585} INFO - Sync 1 DAGs
[2025-07-13T10:40:53.980+0000] {logging_mixin.py:120} INFO - [2025-07-13T10:40:53.980+0000] {dag.py:3340} INFO - Setting next_dagrun for example_dag_decorator to None, run_after=None
[2025-07-13T10:40:54.006+0000] {processor.py:176} INFO - Processing /home/airflow/.local/lib/python3.7/site-packages/airflow/example_dags/example_dag_decorator.py took 0.211 seconds
[2025-07-13T10:41:24.353+0000] {processor.py:154} INFO - Started process (PID=6238) to work on /home/airflow/.local/lib/python3.7/site-packages/airflow/example_dags/example_dag_decorator.py
[2025-07-13T10:41:24.354+0000] {processor.py:756} INFO - Processing file /home/airflow/.local/lib/python3.7/site-packages/airflow/example_dags/example_dag_decorator.py for tasks to queue
[2025-07-13T10:41:24.356+0000] {logging_mixin.py:120} INFO - [2025-07-13T10:41:24.356+0000] {dagbag.py:537} INFO - Filling up the DagBag from /home/airflow/.local/lib/python3.7/site-packages/airflow/example_dags/example_dag_decorator.py
[2025-07-13T10:41:24.384+0000] {logging_mixin.py:120} INFO - [2025-07-13T10:41:24.384+0000] {taskmixin.py:205} WARNING - Dependency <Task(_PythonDecoratedOperator): prepare_email>, send_email already registered for DAG: example_dag_decorator
[2025-07-13T10:41:24.385+0000] {logging_mixin.py:120} INFO - [2025-07-13T10:41:24.385+0000] {taskmixin.py:205} WARNING - Dependency <Task(EmailOperator): send_email>, prepare_email already registered for DAG: example_dag_decorator
[2025-07-13T10:41:24.401+0000] {processor.py:766} INFO - DAG(s) dict_keys(['example_dag_decorator']) retrieved from /home/airflow/.local/lib/python3.7/site-packages/airflow/example_dags/example_dag_decorator.py
[2025-07-13T10:41:24.509+0000] {logging_mixin.py:120} INFO - [2025-07-13T10:41:24.509+0000] {dag.py:2585} INFO - Sync 1 DAGs
[2025-07-13T10:41:24.548+0000] {logging_mixin.py:120} INFO - [2025-07-13T10:41:24.548+0000] {dag.py:3340} INFO - Setting next_dagrun for example_dag_decorator to None, run_after=None
[2025-07-13T10:41:24.577+0000] {processor.py:176} INFO - Processing /home/airflow/.local/lib/python3.7/site-packages/airflow/example_dags/example_dag_decorator.py took 0.229 seconds
[2025-07-13T10:41:54.734+0000] {processor.py:154} INFO - Started process (PID=6293) to work on /home/airflow/.local/lib/python3.7/site-packages/airflow/example_dags/example_dag_decorator.py
[2025-07-13T10:41:54.737+0000] {processor.py:756} INFO - Processing file /home/airflow/.local/lib/python3.7/site-packages/airflow/example_dags/example_dag_decorator.py for tasks to queue
[2025-07-13T10:41:54.739+0000] {logging_mixin.py:120} INFO - [2025-07-13T10:41:54.739+0000] {dagbag.py:537} INFO - Filling up the DagBag from /home/airflow/.local/lib/python3.7/site-packages/airflow/example_dags/example_dag_decorator.py
[2025-07-13T10:41:54.786+0000] {logging_mixin.py:120} INFO - [2025-07-13T10:41:54.786+0000] {taskmixin.py:205} WARNING - Dependency <Task(_PythonDecoratedOperator): prepare_email>, send_email already registered for DAG: example_dag_decorator
[2025-07-13T10:41:54.788+0000] {logging_mixin.py:120} INFO - [2025-07-13T10:41:54.787+0000] {taskmixin.py:205} WARNING - Dependency <Task(EmailOperator): send_email>, prepare_email already registered for DAG: example_dag_decorator
[2025-07-13T10:41:54.817+0000] {processor.py:766} INFO - DAG(s) dict_keys(['example_dag_decorator']) retrieved from /home/airflow/.local/lib/python3.7/site-packages/airflow/example_dags/example_dag_decorator.py
[2025-07-13T10:41:55.009+0000] {logging_mixin.py:120} INFO - [2025-07-13T10:41:55.008+0000] {dag.py:2585} INFO - Sync 1 DAGs
[2025-07-13T10:41:55.064+0000] {logging_mixin.py:120} INFO - [2025-07-13T10:41:55.064+0000] {dag.py:3340} INFO - Setting next_dagrun for example_dag_decorator to None, run_after=None
[2025-07-13T10:41:55.127+0000] {processor.py:176} INFO - Processing /home/airflow/.local/lib/python3.7/site-packages/airflow/example_dags/example_dag_decorator.py took 0.401 seconds
[2025-07-13T10:54:57.950+0000] {processor.py:154} INFO - Started process (PID=6374) to work on /home/airflow/.local/lib/python3.7/site-packages/airflow/example_dags/example_dag_decorator.py
[2025-07-13T10:54:57.955+0000] {processor.py:756} INFO - Processing file /home/airflow/.local/lib/python3.7/site-packages/airflow/example_dags/example_dag_decorator.py for tasks to queue
[2025-07-13T10:54:57.956+0000] {logging_mixin.py:120} INFO - [2025-07-13T10:54:57.956+0000] {dagbag.py:537} INFO - Filling up the DagBag from /home/airflow/.local/lib/python3.7/site-packages/airflow/example_dags/example_dag_decorator.py
[2025-07-13T10:54:58.023+0000] {logging_mixin.py:120} INFO - [2025-07-13T10:54:58.023+0000] {taskmixin.py:205} WARNING - Dependency <Task(_PythonDecoratedOperator): prepare_email>, send_email already registered for DAG: example_dag_decorator
[2025-07-13T10:54:58.025+0000] {logging_mixin.py:120} INFO - [2025-07-13T10:54:58.025+0000] {taskmixin.py:205} WARNING - Dependency <Task(EmailOperator): send_email>, prepare_email already registered for DAG: example_dag_decorator
[2025-07-13T10:54:58.485+0000] {processor.py:766} INFO - DAG(s) dict_keys(['example_dag_decorator']) retrieved from /home/airflow/.local/lib/python3.7/site-packages/airflow/example_dags/example_dag_decorator.py
[2025-07-13T10:54:59.095+0000] {logging_mixin.py:120} INFO - [2025-07-13T10:54:59.094+0000] {dag.py:2585} INFO - Sync 1 DAGs
[2025-07-13T10:54:59.183+0000] {logging_mixin.py:120} INFO - [2025-07-13T10:54:59.182+0000] {dag.py:3340} INFO - Setting next_dagrun for example_dag_decorator to None, run_after=None
[2025-07-13T10:54:59.284+0000] {processor.py:176} INFO - Processing /home/airflow/.local/lib/python3.7/site-packages/airflow/example_dags/example_dag_decorator.py took 1.353 seconds
[2025-07-13T10:55:29.362+0000] {processor.py:154} INFO - Started process (PID=6429) to work on /home/airflow/.local/lib/python3.7/site-packages/airflow/example_dags/example_dag_decorator.py
[2025-07-13T10:55:29.365+0000] {processor.py:756} INFO - Processing file /home/airflow/.local/lib/python3.7/site-packages/airflow/example_dags/example_dag_decorator.py for tasks to queue
[2025-07-13T10:55:29.369+0000] {logging_mixin.py:120} INFO - [2025-07-13T10:55:29.368+0000] {dagbag.py:537} INFO - Filling up the DagBag from /home/airflow/.local/lib/python3.7/site-packages/airflow/example_dags/example_dag_decorator.py
[2025-07-13T10:55:29.397+0000] {logging_mixin.py:120} INFO - [2025-07-13T10:55:29.397+0000] {taskmixin.py:205} WARNING - Dependency <Task(_PythonDecoratedOperator): prepare_email>, send_email already registered for DAG: example_dag_decorator
[2025-07-13T10:55:29.398+0000] {logging_mixin.py:120} INFO - [2025-07-13T10:55:29.398+0000] {taskmixin.py:205} WARNING - Dependency <Task(EmailOperator): send_email>, prepare_email already registered for DAG: example_dag_decorator
[2025-07-13T10:55:29.413+0000] {processor.py:766} INFO - DAG(s) dict_keys(['example_dag_decorator']) retrieved from /home/airflow/.local/lib/python3.7/site-packages/airflow/example_dags/example_dag_decorator.py
[2025-07-13T10:55:29.528+0000] {logging_mixin.py:120} INFO - [2025-07-13T10:55:29.528+0000] {dag.py:2585} INFO - Sync 1 DAGs
[2025-07-13T10:55:29.563+0000] {logging_mixin.py:120} INFO - [2025-07-13T10:55:29.562+0000] {dag.py:3340} INFO - Setting next_dagrun for example_dag_decorator to None, run_after=None
[2025-07-13T10:55:29.596+0000] {processor.py:176} INFO - Processing /home/airflow/.local/lib/python3.7/site-packages/airflow/example_dags/example_dag_decorator.py took 0.239 seconds
[2025-07-13T10:55:59.778+0000] {processor.py:154} INFO - Started process (PID=6482) to work on /home/airflow/.local/lib/python3.7/site-packages/airflow/example_dags/example_dag_decorator.py
[2025-07-13T10:55:59.779+0000] {processor.py:756} INFO - Processing file /home/airflow/.local/lib/python3.7/site-packages/airflow/example_dags/example_dag_decorator.py for tasks to queue
[2025-07-13T10:55:59.780+0000] {logging_mixin.py:120} INFO - [2025-07-13T10:55:59.780+0000] {dagbag.py:537} INFO - Filling up the DagBag from /home/airflow/.local/lib/python3.7/site-packages/airflow/example_dags/example_dag_decorator.py
[2025-07-13T10:55:59.797+0000] {logging_mixin.py:120} INFO - [2025-07-13T10:55:59.796+0000] {taskmixin.py:205} WARNING - Dependency <Task(_PythonDecoratedOperator): prepare_email>, send_email already registered for DAG: example_dag_decorator
[2025-07-13T10:55:59.797+0000] {logging_mixin.py:120} INFO - [2025-07-13T10:55:59.797+0000] {taskmixin.py:205} WARNING - Dependency <Task(EmailOperator): send_email>, prepare_email already registered for DAG: example_dag_decorator
[2025-07-13T10:55:59.817+0000] {processor.py:766} INFO - DAG(s) dict_keys(['example_dag_decorator']) retrieved from /home/airflow/.local/lib/python3.7/site-packages/airflow/example_dags/example_dag_decorator.py
[2025-07-13T10:55:59.915+0000] {logging_mixin.py:120} INFO - [2025-07-13T10:55:59.915+0000] {dag.py:2585} INFO - Sync 1 DAGs
[2025-07-13T10:55:59.952+0000] {logging_mixin.py:120} INFO - [2025-07-13T10:55:59.952+0000] {dag.py:3340} INFO - Setting next_dagrun for example_dag_decorator to None, run_after=None
[2025-07-13T10:55:59.980+0000] {processor.py:176} INFO - Processing /home/airflow/.local/lib/python3.7/site-packages/airflow/example_dags/example_dag_decorator.py took 0.207 seconds
[2025-07-13T10:56:30.303+0000] {processor.py:154} INFO - Started process (PID=6545) to work on /home/airflow/.local/lib/python3.7/site-packages/airflow/example_dags/example_dag_decorator.py
[2025-07-13T10:56:30.305+0000] {processor.py:756} INFO - Processing file /home/airflow/.local/lib/python3.7/site-packages/airflow/example_dags/example_dag_decorator.py for tasks to queue
[2025-07-13T10:56:30.306+0000] {logging_mixin.py:120} INFO - [2025-07-13T10:56:30.306+0000] {dagbag.py:537} INFO - Filling up the DagBag from /home/airflow/.local/lib/python3.7/site-packages/airflow/example_dags/example_dag_decorator.py
[2025-07-13T10:56:30.327+0000] {logging_mixin.py:120} INFO - [2025-07-13T10:56:30.327+0000] {taskmixin.py:205} WARNING - Dependency <Task(_PythonDecoratedOperator): prepare_email>, send_email already registered for DAG: example_dag_decorator
[2025-07-13T10:56:30.328+0000] {logging_mixin.py:120} INFO - [2025-07-13T10:56:30.328+0000] {taskmixin.py:205} WARNING - Dependency <Task(EmailOperator): send_email>, prepare_email already registered for DAG: example_dag_decorator
[2025-07-13T10:56:30.346+0000] {processor.py:766} INFO - DAG(s) dict_keys(['example_dag_decorator']) retrieved from /home/airflow/.local/lib/python3.7/site-packages/airflow/example_dags/example_dag_decorator.py
[2025-07-13T10:56:30.475+0000] {logging_mixin.py:120} INFO - [2025-07-13T10:56:30.475+0000] {dag.py:2585} INFO - Sync 1 DAGs
[2025-07-13T10:56:30.511+0000] {logging_mixin.py:120} INFO - [2025-07-13T10:56:30.511+0000] {dag.py:3340} INFO - Setting next_dagrun for example_dag_decorator to None, run_after=None
[2025-07-13T10:56:30.539+0000] {processor.py:176} INFO - Processing /home/airflow/.local/lib/python3.7/site-packages/airflow/example_dags/example_dag_decorator.py took 0.242 seconds
[2025-07-13T10:57:00.736+0000] {processor.py:154} INFO - Started process (PID=6598) to work on /home/airflow/.local/lib/python3.7/site-packages/airflow/example_dags/example_dag_decorator.py
[2025-07-13T10:57:00.737+0000] {processor.py:756} INFO - Processing file /home/airflow/.local/lib/python3.7/site-packages/airflow/example_dags/example_dag_decorator.py for tasks to queue
[2025-07-13T10:57:00.738+0000] {logging_mixin.py:120} INFO - [2025-07-13T10:57:00.738+0000] {dagbag.py:537} INFO - Filling up the DagBag from /home/airflow/.local/lib/python3.7/site-packages/airflow/example_dags/example_dag_decorator.py
[2025-07-13T10:57:00.776+0000] {logging_mixin.py:120} INFO - [2025-07-13T10:57:00.775+0000] {taskmixin.py:205} WARNING - Dependency <Task(_PythonDecoratedOperator): prepare_email>, send_email already registered for DAG: example_dag_decorator
[2025-07-13T10:57:00.779+0000] {logging_mixin.py:120} INFO - [2025-07-13T10:57:00.778+0000] {taskmixin.py:205} WARNING - Dependency <Task(EmailOperator): send_email>, prepare_email already registered for DAG: example_dag_decorator
[2025-07-13T10:57:00.811+0000] {processor.py:766} INFO - DAG(s) dict_keys(['example_dag_decorator']) retrieved from /home/airflow/.local/lib/python3.7/site-packages/airflow/example_dags/example_dag_decorator.py
[2025-07-13T10:57:00.942+0000] {logging_mixin.py:120} INFO - [2025-07-13T10:57:00.942+0000] {dag.py:2585} INFO - Sync 1 DAGs
[2025-07-13T10:57:00.971+0000] {logging_mixin.py:120} INFO - [2025-07-13T10:57:00.971+0000] {dag.py:3340} INFO - Setting next_dagrun for example_dag_decorator to None, run_after=None
[2025-07-13T10:57:01.019+0000] {processor.py:176} INFO - Processing /home/airflow/.local/lib/python3.7/site-packages/airflow/example_dags/example_dag_decorator.py took 0.289 seconds
[2025-07-13T10:57:31.198+0000] {processor.py:154} INFO - Started process (PID=6661) to work on /home/airflow/.local/lib/python3.7/site-packages/airflow/example_dags/example_dag_decorator.py
[2025-07-13T10:57:31.199+0000] {processor.py:756} INFO - Processing file /home/airflow/.local/lib/python3.7/site-packages/airflow/example_dags/example_dag_decorator.py for tasks to queue
[2025-07-13T10:57:31.201+0000] {logging_mixin.py:120} INFO - [2025-07-13T10:57:31.201+0000] {dagbag.py:537} INFO - Filling up the DagBag from /home/airflow/.local/lib/python3.7/site-packages/airflow/example_dags/example_dag_decorator.py
[2025-07-13T10:57:31.234+0000] {logging_mixin.py:120} INFO - [2025-07-13T10:57:31.234+0000] {taskmixin.py:205} WARNING - Dependency <Task(_PythonDecoratedOperator): prepare_email>, send_email already registered for DAG: example_dag_decorator
[2025-07-13T10:57:31.235+0000] {logging_mixin.py:120} INFO - [2025-07-13T10:57:31.235+0000] {taskmixin.py:205} WARNING - Dependency <Task(EmailOperator): send_email>, prepare_email already registered for DAG: example_dag_decorator
[2025-07-13T10:57:31.257+0000] {processor.py:766} INFO - DAG(s) dict_keys(['example_dag_decorator']) retrieved from /home/airflow/.local/lib/python3.7/site-packages/airflow/example_dags/example_dag_decorator.py
[2025-07-13T10:57:31.401+0000] {logging_mixin.py:120} INFO - [2025-07-13T10:57:31.401+0000] {dag.py:2585} INFO - Sync 1 DAGs
[2025-07-13T10:57:31.438+0000] {logging_mixin.py:120} INFO - [2025-07-13T10:57:31.438+0000] {dag.py:3340} INFO - Setting next_dagrun for example_dag_decorator to None, run_after=None
[2025-07-13T10:57:31.467+0000] {processor.py:176} INFO - Processing /home/airflow/.local/lib/python3.7/site-packages/airflow/example_dags/example_dag_decorator.py took 0.275 seconds
[2025-07-13T10:58:02.040+0000] {processor.py:154} INFO - Started process (PID=6725) to work on /home/airflow/.local/lib/python3.7/site-packages/airflow/example_dags/example_dag_decorator.py
[2025-07-13T10:58:02.043+0000] {processor.py:756} INFO - Processing file /home/airflow/.local/lib/python3.7/site-packages/airflow/example_dags/example_dag_decorator.py for tasks to queue
[2025-07-13T10:58:02.045+0000] {logging_mixin.py:120} INFO - [2025-07-13T10:58:02.044+0000] {dagbag.py:537} INFO - Filling up the DagBag from /home/airflow/.local/lib/python3.7/site-packages/airflow/example_dags/example_dag_decorator.py
[2025-07-13T10:58:02.102+0000] {logging_mixin.py:120} INFO - [2025-07-13T10:58:02.101+0000] {taskmixin.py:205} WARNING - Dependency <Task(_PythonDecoratedOperator): prepare_email>, send_email already registered for DAG: example_dag_decorator
[2025-07-13T10:58:02.102+0000] {logging_mixin.py:120} INFO - [2025-07-13T10:58:02.102+0000] {taskmixin.py:205} WARNING - Dependency <Task(EmailOperator): send_email>, prepare_email already registered for DAG: example_dag_decorator
[2025-07-13T10:58:02.148+0000] {processor.py:766} INFO - DAG(s) dict_keys(['example_dag_decorator']) retrieved from /home/airflow/.local/lib/python3.7/site-packages/airflow/example_dags/example_dag_decorator.py
[2025-07-13T10:58:02.410+0000] {logging_mixin.py:120} INFO - [2025-07-13T10:58:02.410+0000] {dag.py:2585} INFO - Sync 1 DAGs
[2025-07-13T10:58:02.498+0000] {logging_mixin.py:120} INFO - [2025-07-13T10:58:02.498+0000] {dag.py:3340} INFO - Setting next_dagrun for example_dag_decorator to None, run_after=None
[2025-07-13T10:58:02.595+0000] {processor.py:176} INFO - Processing /home/airflow/.local/lib/python3.7/site-packages/airflow/example_dags/example_dag_decorator.py took 0.560 seconds
[2025-07-13T10:58:33.409+0000] {processor.py:154} INFO - Started process (PID=6779) to work on /home/airflow/.local/lib/python3.7/site-packages/airflow/example_dags/example_dag_decorator.py
[2025-07-13T10:58:33.410+0000] {processor.py:756} INFO - Processing file /home/airflow/.local/lib/python3.7/site-packages/airflow/example_dags/example_dag_decorator.py for tasks to queue
[2025-07-13T10:58:33.412+0000] {logging_mixin.py:120} INFO - [2025-07-13T10:58:33.411+0000] {dagbag.py:537} INFO - Filling up the DagBag from /home/airflow/.local/lib/python3.7/site-packages/airflow/example_dags/example_dag_decorator.py
[2025-07-13T10:58:33.431+0000] {logging_mixin.py:120} INFO - [2025-07-13T10:58:33.431+0000] {taskmixin.py:205} WARNING - Dependency <Task(_PythonDecoratedOperator): prepare_email>, send_email already registered for DAG: example_dag_decorator
[2025-07-13T10:58:33.432+0000] {logging_mixin.py:120} INFO - [2025-07-13T10:58:33.432+0000] {taskmixin.py:205} WARNING - Dependency <Task(EmailOperator): send_email>, prepare_email already registered for DAG: example_dag_decorator
[2025-07-13T10:58:33.456+0000] {processor.py:766} INFO - DAG(s) dict_keys(['example_dag_decorator']) retrieved from /home/airflow/.local/lib/python3.7/site-packages/airflow/example_dags/example_dag_decorator.py
[2025-07-13T10:58:33.551+0000] {logging_mixin.py:120} INFO - [2025-07-13T10:58:33.551+0000] {dag.py:2585} INFO - Sync 1 DAGs
[2025-07-13T10:58:33.585+0000] {logging_mixin.py:120} INFO - [2025-07-13T10:58:33.584+0000] {dag.py:3340} INFO - Setting next_dagrun for example_dag_decorator to None, run_after=None
[2025-07-13T10:58:33.616+0000] {processor.py:176} INFO - Processing /home/airflow/.local/lib/python3.7/site-packages/airflow/example_dags/example_dag_decorator.py took 0.211 seconds
[2025-07-13T10:59:03.777+0000] {processor.py:154} INFO - Started process (PID=6841) to work on /home/airflow/.local/lib/python3.7/site-packages/airflow/example_dags/example_dag_decorator.py
[2025-07-13T10:59:03.779+0000] {processor.py:756} INFO - Processing file /home/airflow/.local/lib/python3.7/site-packages/airflow/example_dags/example_dag_decorator.py for tasks to queue
[2025-07-13T10:59:03.781+0000] {logging_mixin.py:120} INFO - [2025-07-13T10:59:03.780+0000] {dagbag.py:537} INFO - Filling up the DagBag from /home/airflow/.local/lib/python3.7/site-packages/airflow/example_dags/example_dag_decorator.py
[2025-07-13T10:59:03.810+0000] {logging_mixin.py:120} INFO - [2025-07-13T10:59:03.809+0000] {taskmixin.py:205} WARNING - Dependency <Task(_PythonDecoratedOperator): prepare_email>, send_email already registered for DAG: example_dag_decorator
[2025-07-13T10:59:03.810+0000] {logging_mixin.py:120} INFO - [2025-07-13T10:59:03.810+0000] {taskmixin.py:205} WARNING - Dependency <Task(EmailOperator): send_email>, prepare_email already registered for DAG: example_dag_decorator
[2025-07-13T10:59:03.831+0000] {processor.py:766} INFO - DAG(s) dict_keys(['example_dag_decorator']) retrieved from /home/airflow/.local/lib/python3.7/site-packages/airflow/example_dags/example_dag_decorator.py
[2025-07-13T10:59:03.973+0000] {logging_mixin.py:120} INFO - [2025-07-13T10:59:03.973+0000] {dag.py:2585} INFO - Sync 1 DAGs
[2025-07-13T10:59:04.018+0000] {logging_mixin.py:120} INFO - [2025-07-13T10:59:04.018+0000] {dag.py:3340} INFO - Setting next_dagrun for example_dag_decorator to None, run_after=None
[2025-07-13T10:59:04.049+0000] {processor.py:176} INFO - Processing /home/airflow/.local/lib/python3.7/site-packages/airflow/example_dags/example_dag_decorator.py took 0.276 seconds
[2025-07-13T10:59:34.419+0000] {processor.py:154} INFO - Started process (PID=6904) to work on /home/airflow/.local/lib/python3.7/site-packages/airflow/example_dags/example_dag_decorator.py
[2025-07-13T10:59:34.421+0000] {processor.py:756} INFO - Processing file /home/airflow/.local/lib/python3.7/site-packages/airflow/example_dags/example_dag_decorator.py for tasks to queue
[2025-07-13T10:59:34.422+0000] {logging_mixin.py:120} INFO - [2025-07-13T10:59:34.422+0000] {dagbag.py:537} INFO - Filling up the DagBag from /home/airflow/.local/lib/python3.7/site-packages/airflow/example_dags/example_dag_decorator.py
[2025-07-13T10:59:34.440+0000] {logging_mixin.py:120} INFO - [2025-07-13T10:59:34.440+0000] {taskmixin.py:205} WARNING - Dependency <Task(_PythonDecoratedOperator): prepare_email>, send_email already registered for DAG: example_dag_decorator
[2025-07-13T10:59:34.441+0000] {logging_mixin.py:120} INFO - [2025-07-13T10:59:34.441+0000] {taskmixin.py:205} WARNING - Dependency <Task(EmailOperator): send_email>, prepare_email already registered for DAG: example_dag_decorator
[2025-07-13T10:59:34.486+0000] {processor.py:766} INFO - DAG(s) dict_keys(['example_dag_decorator']) retrieved from /home/airflow/.local/lib/python3.7/site-packages/airflow/example_dags/example_dag_decorator.py
[2025-07-13T10:59:34.713+0000] {logging_mixin.py:120} INFO - [2025-07-13T10:59:34.712+0000] {dag.py:2585} INFO - Sync 1 DAGs
[2025-07-13T10:59:34.751+0000] {logging_mixin.py:120} INFO - [2025-07-13T10:59:34.751+0000] {dag.py:3340} INFO - Setting next_dagrun for example_dag_decorator to None, run_after=None
[2025-07-13T10:59:34.791+0000] {processor.py:176} INFO - Processing /home/airflow/.local/lib/python3.7/site-packages/airflow/example_dags/example_dag_decorator.py took 0.376 seconds
[2025-07-13T11:00:04.941+0000] {processor.py:154} INFO - Started process (PID=6958) to work on /home/airflow/.local/lib/python3.7/site-packages/airflow/example_dags/example_dag_decorator.py
[2025-07-13T11:00:04.942+0000] {processor.py:756} INFO - Processing file /home/airflow/.local/lib/python3.7/site-packages/airflow/example_dags/example_dag_decorator.py for tasks to queue
[2025-07-13T11:00:04.944+0000] {logging_mixin.py:120} INFO - [2025-07-13T11:00:04.944+0000] {dagbag.py:537} INFO - Filling up the DagBag from /home/airflow/.local/lib/python3.7/site-packages/airflow/example_dags/example_dag_decorator.py
[2025-07-13T11:00:04.995+0000] {logging_mixin.py:120} INFO - [2025-07-13T11:00:04.995+0000] {taskmixin.py:205} WARNING - Dependency <Task(_PythonDecoratedOperator): prepare_email>, send_email already registered for DAG: example_dag_decorator
[2025-07-13T11:00:04.996+0000] {logging_mixin.py:120} INFO - [2025-07-13T11:00:04.996+0000] {taskmixin.py:205} WARNING - Dependency <Task(EmailOperator): send_email>, prepare_email already registered for DAG: example_dag_decorator
[2025-07-13T11:00:05.029+0000] {processor.py:766} INFO - DAG(s) dict_keys(['example_dag_decorator']) retrieved from /home/airflow/.local/lib/python3.7/site-packages/airflow/example_dags/example_dag_decorator.py
[2025-07-13T11:00:05.153+0000] {logging_mixin.py:120} INFO - [2025-07-13T11:00:05.153+0000] {dag.py:2585} INFO - Sync 1 DAGs
[2025-07-13T11:00:05.189+0000] {logging_mixin.py:120} INFO - [2025-07-13T11:00:05.189+0000] {dag.py:3340} INFO - Setting next_dagrun for example_dag_decorator to None, run_after=None
[2025-07-13T11:00:05.216+0000] {processor.py:176} INFO - Processing /home/airflow/.local/lib/python3.7/site-packages/airflow/example_dags/example_dag_decorator.py took 0.280 seconds
[2025-07-13T11:00:35.387+0000] {processor.py:154} INFO - Started process (PID=7020) to work on /home/airflow/.local/lib/python3.7/site-packages/airflow/example_dags/example_dag_decorator.py
[2025-07-13T11:00:35.388+0000] {processor.py:756} INFO - Processing file /home/airflow/.local/lib/python3.7/site-packages/airflow/example_dags/example_dag_decorator.py for tasks to queue
[2025-07-13T11:00:35.390+0000] {logging_mixin.py:120} INFO - [2025-07-13T11:00:35.389+0000] {dagbag.py:537} INFO - Filling up the DagBag from /home/airflow/.local/lib/python3.7/site-packages/airflow/example_dags/example_dag_decorator.py
[2025-07-13T11:00:35.408+0000] {logging_mixin.py:120} INFO - [2025-07-13T11:00:35.408+0000] {taskmixin.py:205} WARNING - Dependency <Task(_PythonDecoratedOperator): prepare_email>, send_email already registered for DAG: example_dag_decorator
[2025-07-13T11:00:35.409+0000] {logging_mixin.py:120} INFO - [2025-07-13T11:00:35.409+0000] {taskmixin.py:205} WARNING - Dependency <Task(EmailOperator): send_email>, prepare_email already registered for DAG: example_dag_decorator
[2025-07-13T11:00:35.430+0000] {processor.py:766} INFO - DAG(s) dict_keys(['example_dag_decorator']) retrieved from /home/airflow/.local/lib/python3.7/site-packages/airflow/example_dags/example_dag_decorator.py
[2025-07-13T11:00:35.559+0000] {logging_mixin.py:120} INFO - [2025-07-13T11:00:35.558+0000] {dag.py:2585} INFO - Sync 1 DAGs
[2025-07-13T11:00:35.596+0000] {logging_mixin.py:120} INFO - [2025-07-13T11:00:35.596+0000] {dag.py:3340} INFO - Setting next_dagrun for example_dag_decorator to None, run_after=None
[2025-07-13T11:00:35.635+0000] {processor.py:176} INFO - Processing /home/airflow/.local/lib/python3.7/site-packages/airflow/example_dags/example_dag_decorator.py took 0.252 seconds
[2025-07-13T11:01:06.078+0000] {processor.py:154} INFO - Started process (PID=7083) to work on /home/airflow/.local/lib/python3.7/site-packages/airflow/example_dags/example_dag_decorator.py
[2025-07-13T11:01:06.081+0000] {processor.py:756} INFO - Processing file /home/airflow/.local/lib/python3.7/site-packages/airflow/example_dags/example_dag_decorator.py for tasks to queue
[2025-07-13T11:01:06.084+0000] {logging_mixin.py:120} INFO - [2025-07-13T11:01:06.083+0000] {dagbag.py:537} INFO - Filling up the DagBag from /home/airflow/.local/lib/python3.7/site-packages/airflow/example_dags/example_dag_decorator.py
[2025-07-13T11:01:06.119+0000] {logging_mixin.py:120} INFO - [2025-07-13T11:01:06.119+0000] {taskmixin.py:205} WARNING - Dependency <Task(_PythonDecoratedOperator): prepare_email>, send_email already registered for DAG: example_dag_decorator
[2025-07-13T11:01:06.121+0000] {logging_mixin.py:120} INFO - [2025-07-13T11:01:06.121+0000] {taskmixin.py:205} WARNING - Dependency <Task(EmailOperator): send_email>, prepare_email already registered for DAG: example_dag_decorator
[2025-07-13T11:01:06.147+0000] {processor.py:766} INFO - DAG(s) dict_keys(['example_dag_decorator']) retrieved from /home/airflow/.local/lib/python3.7/site-packages/airflow/example_dags/example_dag_decorator.py
[2025-07-13T11:01:06.262+0000] {logging_mixin.py:120} INFO - [2025-07-13T11:01:06.261+0000] {dag.py:2585} INFO - Sync 1 DAGs
[2025-07-13T11:01:06.302+0000] {logging_mixin.py:120} INFO - [2025-07-13T11:01:06.302+0000] {dag.py:3340} INFO - Setting next_dagrun for example_dag_decorator to None, run_after=None
[2025-07-13T11:01:06.333+0000] {processor.py:176} INFO - Processing /home/airflow/.local/lib/python3.7/site-packages/airflow/example_dags/example_dag_decorator.py took 0.265 seconds
[2025-07-13T11:01:36.529+0000] {processor.py:154} INFO - Started process (PID=7137) to work on /home/airflow/.local/lib/python3.7/site-packages/airflow/example_dags/example_dag_decorator.py
[2025-07-13T11:01:36.531+0000] {processor.py:756} INFO - Processing file /home/airflow/.local/lib/python3.7/site-packages/airflow/example_dags/example_dag_decorator.py for tasks to queue
[2025-07-13T11:01:36.532+0000] {logging_mixin.py:120} INFO - [2025-07-13T11:01:36.532+0000] {dagbag.py:537} INFO - Filling up the DagBag from /home/airflow/.local/lib/python3.7/site-packages/airflow/example_dags/example_dag_decorator.py
[2025-07-13T11:01:36.551+0000] {logging_mixin.py:120} INFO - [2025-07-13T11:01:36.551+0000] {taskmixin.py:205} WARNING - Dependency <Task(_PythonDecoratedOperator): prepare_email>, send_email already registered for DAG: example_dag_decorator
[2025-07-13T11:01:36.552+0000] {logging_mixin.py:120} INFO - [2025-07-13T11:01:36.552+0000] {taskmixin.py:205} WARNING - Dependency <Task(EmailOperator): send_email>, prepare_email already registered for DAG: example_dag_decorator
[2025-07-13T11:01:36.570+0000] {processor.py:766} INFO - DAG(s) dict_keys(['example_dag_decorator']) retrieved from /home/airflow/.local/lib/python3.7/site-packages/airflow/example_dags/example_dag_decorator.py
[2025-07-13T11:01:36.694+0000] {logging_mixin.py:120} INFO - [2025-07-13T11:01:36.693+0000] {dag.py:2585} INFO - Sync 1 DAGs
[2025-07-13T11:01:36.743+0000] {logging_mixin.py:120} INFO - [2025-07-13T11:01:36.743+0000] {dag.py:3340} INFO - Setting next_dagrun for example_dag_decorator to None, run_after=None
[2025-07-13T11:01:36.778+0000] {processor.py:176} INFO - Processing /home/airflow/.local/lib/python3.7/site-packages/airflow/example_dags/example_dag_decorator.py took 0.254 seconds
[2025-07-13T11:02:06.993+0000] {processor.py:154} INFO - Started process (PID=7201) to work on /home/airflow/.local/lib/python3.7/site-packages/airflow/example_dags/example_dag_decorator.py
[2025-07-13T11:02:06.997+0000] {processor.py:756} INFO - Processing file /home/airflow/.local/lib/python3.7/site-packages/airflow/example_dags/example_dag_decorator.py for tasks to queue
[2025-07-13T11:02:06.999+0000] {logging_mixin.py:120} INFO - [2025-07-13T11:02:06.999+0000] {dagbag.py:537} INFO - Filling up the DagBag from /home/airflow/.local/lib/python3.7/site-packages/airflow/example_dags/example_dag_decorator.py
[2025-07-13T11:02:07.035+0000] {logging_mixin.py:120} INFO - [2025-07-13T11:02:07.034+0000] {taskmixin.py:205} WARNING - Dependency <Task(_PythonDecoratedOperator): prepare_email>, send_email already registered for DAG: example_dag_decorator
[2025-07-13T11:02:07.046+0000] {logging_mixin.py:120} INFO - [2025-07-13T11:02:07.045+0000] {taskmixin.py:205} WARNING - Dependency <Task(EmailOperator): send_email>, prepare_email already registered for DAG: example_dag_decorator
[2025-07-13T11:02:07.104+0000] {processor.py:766} INFO - DAG(s) dict_keys(['example_dag_decorator']) retrieved from /home/airflow/.local/lib/python3.7/site-packages/airflow/example_dags/example_dag_decorator.py
[2025-07-13T11:02:07.292+0000] {logging_mixin.py:120} INFO - [2025-07-13T11:02:07.292+0000] {dag.py:2585} INFO - Sync 1 DAGs
[2025-07-13T11:02:07.340+0000] {logging_mixin.py:120} INFO - [2025-07-13T11:02:07.340+0000] {dag.py:3340} INFO - Setting next_dagrun for example_dag_decorator to None, run_after=None
[2025-07-13T11:02:07.377+0000] {processor.py:176} INFO - Processing /home/airflow/.local/lib/python3.7/site-packages/airflow/example_dags/example_dag_decorator.py took 0.390 seconds
[2025-07-13T11:02:37.474+0000] {processor.py:154} INFO - Started process (PID=7264) to work on /home/airflow/.local/lib/python3.7/site-packages/airflow/example_dags/example_dag_decorator.py
[2025-07-13T11:02:37.475+0000] {processor.py:756} INFO - Processing file /home/airflow/.local/lib/python3.7/site-packages/airflow/example_dags/example_dag_decorator.py for tasks to queue
[2025-07-13T11:02:37.477+0000] {logging_mixin.py:120} INFO - [2025-07-13T11:02:37.477+0000] {dagbag.py:537} INFO - Filling up the DagBag from /home/airflow/.local/lib/python3.7/site-packages/airflow/example_dags/example_dag_decorator.py
[2025-07-13T11:02:37.502+0000] {logging_mixin.py:120} INFO - [2025-07-13T11:02:37.502+0000] {taskmixin.py:205} WARNING - Dependency <Task(_PythonDecoratedOperator): prepare_email>, send_email already registered for DAG: example_dag_decorator
[2025-07-13T11:02:37.503+0000] {logging_mixin.py:120} INFO - [2025-07-13T11:02:37.503+0000] {taskmixin.py:205} WARNING - Dependency <Task(EmailOperator): send_email>, prepare_email already registered for DAG: example_dag_decorator
[2025-07-13T11:02:37.528+0000] {processor.py:766} INFO - DAG(s) dict_keys(['example_dag_decorator']) retrieved from /home/airflow/.local/lib/python3.7/site-packages/airflow/example_dags/example_dag_decorator.py
[2025-07-13T11:02:37.688+0000] {logging_mixin.py:120} INFO - [2025-07-13T11:02:37.688+0000] {dag.py:2585} INFO - Sync 1 DAGs
[2025-07-13T11:02:37.731+0000] {logging_mixin.py:120} INFO - [2025-07-13T11:02:37.731+0000] {dag.py:3340} INFO - Setting next_dagrun for example_dag_decorator to None, run_after=None
[2025-07-13T11:02:37.760+0000] {processor.py:176} INFO - Processing /home/airflow/.local/lib/python3.7/site-packages/airflow/example_dags/example_dag_decorator.py took 0.292 seconds
[2025-07-13T11:03:07.929+0000] {processor.py:154} INFO - Started process (PID=7319) to work on /home/airflow/.local/lib/python3.7/site-packages/airflow/example_dags/example_dag_decorator.py
[2025-07-13T11:03:07.930+0000] {processor.py:756} INFO - Processing file /home/airflow/.local/lib/python3.7/site-packages/airflow/example_dags/example_dag_decorator.py for tasks to queue
[2025-07-13T11:03:07.931+0000] {logging_mixin.py:120} INFO - [2025-07-13T11:03:07.931+0000] {dagbag.py:537} INFO - Filling up the DagBag from /home/airflow/.local/lib/python3.7/site-packages/airflow/example_dags/example_dag_decorator.py
[2025-07-13T11:03:07.954+0000] {logging_mixin.py:120} INFO - [2025-07-13T11:03:07.954+0000] {taskmixin.py:205} WARNING - Dependency <Task(_PythonDecoratedOperator): prepare_email>, send_email already registered for DAG: example_dag_decorator
[2025-07-13T11:03:07.955+0000] {logging_mixin.py:120} INFO - [2025-07-13T11:03:07.954+0000] {taskmixin.py:205} WARNING - Dependency <Task(EmailOperator): send_email>, prepare_email already registered for DAG: example_dag_decorator
[2025-07-13T11:03:07.975+0000] {processor.py:766} INFO - DAG(s) dict_keys(['example_dag_decorator']) retrieved from /home/airflow/.local/lib/python3.7/site-packages/airflow/example_dags/example_dag_decorator.py
[2025-07-13T11:03:08.086+0000] {logging_mixin.py:120} INFO - [2025-07-13T11:03:08.085+0000] {dag.py:2585} INFO - Sync 1 DAGs
[2025-07-13T11:03:08.120+0000] {logging_mixin.py:120} INFO - [2025-07-13T11:03:08.120+0000] {dag.py:3340} INFO - Setting next_dagrun for example_dag_decorator to None, run_after=None
[2025-07-13T11:03:08.158+0000] {processor.py:176} INFO - Processing /home/airflow/.local/lib/python3.7/site-packages/airflow/example_dags/example_dag_decorator.py took 0.235 seconds
[2025-07-13T11:03:38.343+0000] {processor.py:154} INFO - Started process (PID=7382) to work on /home/airflow/.local/lib/python3.7/site-packages/airflow/example_dags/example_dag_decorator.py
[2025-07-13T11:03:38.345+0000] {processor.py:756} INFO - Processing file /home/airflow/.local/lib/python3.7/site-packages/airflow/example_dags/example_dag_decorator.py for tasks to queue
[2025-07-13T11:03:38.346+0000] {logging_mixin.py:120} INFO - [2025-07-13T11:03:38.346+0000] {dagbag.py:537} INFO - Filling up the DagBag from /home/airflow/.local/lib/python3.7/site-packages/airflow/example_dags/example_dag_decorator.py
[2025-07-13T11:03:38.369+0000] {logging_mixin.py:120} INFO - [2025-07-13T11:03:38.369+0000] {taskmixin.py:205} WARNING - Dependency <Task(_PythonDecoratedOperator): prepare_email>, send_email already registered for DAG: example_dag_decorator
[2025-07-13T11:03:38.370+0000] {logging_mixin.py:120} INFO - [2025-07-13T11:03:38.369+0000] {taskmixin.py:205} WARNING - Dependency <Task(EmailOperator): send_email>, prepare_email already registered for DAG: example_dag_decorator
[2025-07-13T11:03:38.389+0000] {processor.py:766} INFO - DAG(s) dict_keys(['example_dag_decorator']) retrieved from /home/airflow/.local/lib/python3.7/site-packages/airflow/example_dags/example_dag_decorator.py
[2025-07-13T11:03:38.530+0000] {logging_mixin.py:120} INFO - [2025-07-13T11:03:38.530+0000] {dag.py:2585} INFO - Sync 1 DAGs
[2025-07-13T11:03:38.575+0000] {logging_mixin.py:120} INFO - [2025-07-13T11:03:38.575+0000] {dag.py:3340} INFO - Setting next_dagrun for example_dag_decorator to None, run_after=None
[2025-07-13T11:03:38.612+0000] {processor.py:176} INFO - Processing /home/airflow/.local/lib/python3.7/site-packages/airflow/example_dags/example_dag_decorator.py took 0.274 seconds
[2025-07-13T11:04:08.708+0000] {processor.py:154} INFO - Started process (PID=7444) to work on /home/airflow/.local/lib/python3.7/site-packages/airflow/example_dags/example_dag_decorator.py
[2025-07-13T11:04:08.710+0000] {processor.py:756} INFO - Processing file /home/airflow/.local/lib/python3.7/site-packages/airflow/example_dags/example_dag_decorator.py for tasks to queue
[2025-07-13T11:04:08.712+0000] {logging_mixin.py:120} INFO - [2025-07-13T11:04:08.711+0000] {dagbag.py:537} INFO - Filling up the DagBag from /home/airflow/.local/lib/python3.7/site-packages/airflow/example_dags/example_dag_decorator.py
[2025-07-13T11:04:08.735+0000] {logging_mixin.py:120} INFO - [2025-07-13T11:04:08.735+0000] {taskmixin.py:205} WARNING - Dependency <Task(_PythonDecoratedOperator): prepare_email>, send_email already registered for DAG: example_dag_decorator
[2025-07-13T11:04:08.736+0000] {logging_mixin.py:120} INFO - [2025-07-13T11:04:08.736+0000] {taskmixin.py:205} WARNING - Dependency <Task(EmailOperator): send_email>, prepare_email already registered for DAG: example_dag_decorator
[2025-07-13T11:04:08.757+0000] {processor.py:766} INFO - DAG(s) dict_keys(['example_dag_decorator']) retrieved from /home/airflow/.local/lib/python3.7/site-packages/airflow/example_dags/example_dag_decorator.py
[2025-07-13T11:04:08.888+0000] {logging_mixin.py:120} INFO - [2025-07-13T11:04:08.888+0000] {dag.py:2585} INFO - Sync 1 DAGs
[2025-07-13T11:04:08.929+0000] {logging_mixin.py:120} INFO - [2025-07-13T11:04:08.929+0000] {dag.py:3340} INFO - Setting next_dagrun for example_dag_decorator to None, run_after=None
[2025-07-13T11:04:08.962+0000] {processor.py:176} INFO - Processing /home/airflow/.local/lib/python3.7/site-packages/airflow/example_dags/example_dag_decorator.py took 0.259 seconds
[2025-07-13T11:04:39.142+0000] {processor.py:154} INFO - Started process (PID=7499) to work on /home/airflow/.local/lib/python3.7/site-packages/airflow/example_dags/example_dag_decorator.py
[2025-07-13T11:04:39.143+0000] {processor.py:756} INFO - Processing file /home/airflow/.local/lib/python3.7/site-packages/airflow/example_dags/example_dag_decorator.py for tasks to queue
[2025-07-13T11:04:39.144+0000] {logging_mixin.py:120} INFO - [2025-07-13T11:04:39.144+0000] {dagbag.py:537} INFO - Filling up the DagBag from /home/airflow/.local/lib/python3.7/site-packages/airflow/example_dags/example_dag_decorator.py
[2025-07-13T11:04:39.168+0000] {logging_mixin.py:120} INFO - [2025-07-13T11:04:39.168+0000] {taskmixin.py:205} WARNING - Dependency <Task(_PythonDecoratedOperator): prepare_email>, send_email already registered for DAG: example_dag_decorator
[2025-07-13T11:04:39.169+0000] {logging_mixin.py:120} INFO - [2025-07-13T11:04:39.169+0000] {taskmixin.py:205} WARNING - Dependency <Task(EmailOperator): send_email>, prepare_email already registered for DAG: example_dag_decorator
[2025-07-13T11:04:39.195+0000] {processor.py:766} INFO - DAG(s) dict_keys(['example_dag_decorator']) retrieved from /home/airflow/.local/lib/python3.7/site-packages/airflow/example_dags/example_dag_decorator.py
[2025-07-13T11:04:39.316+0000] {logging_mixin.py:120} INFO - [2025-07-13T11:04:39.316+0000] {dag.py:2585} INFO - Sync 1 DAGs
[2025-07-13T11:04:39.347+0000] {logging_mixin.py:120} INFO - [2025-07-13T11:04:39.347+0000] {dag.py:3340} INFO - Setting next_dagrun for example_dag_decorator to None, run_after=None
[2025-07-13T11:04:39.387+0000] {processor.py:176} INFO - Processing /home/airflow/.local/lib/python3.7/site-packages/airflow/example_dags/example_dag_decorator.py took 0.250 seconds
[2025-07-13T11:05:09.912+0000] {processor.py:154} INFO - Started process (PID=7561) to work on /home/airflow/.local/lib/python3.7/site-packages/airflow/example_dags/example_dag_decorator.py
[2025-07-13T11:05:09.914+0000] {processor.py:756} INFO - Processing file /home/airflow/.local/lib/python3.7/site-packages/airflow/example_dags/example_dag_decorator.py for tasks to queue
[2025-07-13T11:05:09.916+0000] {logging_mixin.py:120} INFO - [2025-07-13T11:05:09.916+0000] {dagbag.py:537} INFO - Filling up the DagBag from /home/airflow/.local/lib/python3.7/site-packages/airflow/example_dags/example_dag_decorator.py
[2025-07-13T11:05:09.946+0000] {logging_mixin.py:120} INFO - [2025-07-13T11:05:09.946+0000] {taskmixin.py:205} WARNING - Dependency <Task(_PythonDecoratedOperator): prepare_email>, send_email already registered for DAG: example_dag_decorator
[2025-07-13T11:05:09.947+0000] {logging_mixin.py:120} INFO - [2025-07-13T11:05:09.947+0000] {taskmixin.py:205} WARNING - Dependency <Task(EmailOperator): send_email>, prepare_email already registered for DAG: example_dag_decorator
[2025-07-13T11:05:09.966+0000] {processor.py:766} INFO - DAG(s) dict_keys(['example_dag_decorator']) retrieved from /home/airflow/.local/lib/python3.7/site-packages/airflow/example_dags/example_dag_decorator.py
[2025-07-13T11:05:10.069+0000] {logging_mixin.py:120} INFO - [2025-07-13T11:05:10.069+0000] {dag.py:2585} INFO - Sync 1 DAGs
[2025-07-13T11:05:10.104+0000] {logging_mixin.py:120} INFO - [2025-07-13T11:05:10.104+0000] {dag.py:3340} INFO - Setting next_dagrun for example_dag_decorator to None, run_after=None
[2025-07-13T11:05:10.131+0000] {processor.py:176} INFO - Processing /home/airflow/.local/lib/python3.7/site-packages/airflow/example_dags/example_dag_decorator.py took 0.226 seconds
[2025-07-13T11:05:40.637+0000] {processor.py:154} INFO - Started process (PID=7622) to work on /home/airflow/.local/lib/python3.7/site-packages/airflow/example_dags/example_dag_decorator.py
[2025-07-13T11:05:40.639+0000] {processor.py:756} INFO - Processing file /home/airflow/.local/lib/python3.7/site-packages/airflow/example_dags/example_dag_decorator.py for tasks to queue
[2025-07-13T11:05:40.641+0000] {logging_mixin.py:120} INFO - [2025-07-13T11:05:40.640+0000] {dagbag.py:537} INFO - Filling up the DagBag from /home/airflow/.local/lib/python3.7/site-packages/airflow/example_dags/example_dag_decorator.py
[2025-07-13T11:05:40.673+0000] {logging_mixin.py:120} INFO - [2025-07-13T11:05:40.672+0000] {taskmixin.py:205} WARNING - Dependency <Task(_PythonDecoratedOperator): prepare_email>, send_email already registered for DAG: example_dag_decorator
[2025-07-13T11:05:40.673+0000] {logging_mixin.py:120} INFO - [2025-07-13T11:05:40.673+0000] {taskmixin.py:205} WARNING - Dependency <Task(EmailOperator): send_email>, prepare_email already registered for DAG: example_dag_decorator
[2025-07-13T11:05:40.697+0000] {processor.py:766} INFO - DAG(s) dict_keys(['example_dag_decorator']) retrieved from /home/airflow/.local/lib/python3.7/site-packages/airflow/example_dags/example_dag_decorator.py
[2025-07-13T11:05:40.840+0000] {logging_mixin.py:120} INFO - [2025-07-13T11:05:40.839+0000] {dag.py:2585} INFO - Sync 1 DAGs
[2025-07-13T11:05:40.888+0000] {logging_mixin.py:120} INFO - [2025-07-13T11:05:40.888+0000] {dag.py:3340} INFO - Setting next_dagrun for example_dag_decorator to None, run_after=None
[2025-07-13T11:05:40.924+0000] {processor.py:176} INFO - Processing /home/airflow/.local/lib/python3.7/site-packages/airflow/example_dags/example_dag_decorator.py took 0.292 seconds
[2025-07-13T11:06:11.340+0000] {processor.py:154} INFO - Started process (PID=7678) to work on /home/airflow/.local/lib/python3.7/site-packages/airflow/example_dags/example_dag_decorator.py
[2025-07-13T11:06:11.341+0000] {processor.py:756} INFO - Processing file /home/airflow/.local/lib/python3.7/site-packages/airflow/example_dags/example_dag_decorator.py for tasks to queue
[2025-07-13T11:06:11.342+0000] {logging_mixin.py:120} INFO - [2025-07-13T11:06:11.342+0000] {dagbag.py:537} INFO - Filling up the DagBag from /home/airflow/.local/lib/python3.7/site-packages/airflow/example_dags/example_dag_decorator.py
[2025-07-13T11:06:11.369+0000] {logging_mixin.py:120} INFO - [2025-07-13T11:06:11.368+0000] {taskmixin.py:205} WARNING - Dependency <Task(_PythonDecoratedOperator): prepare_email>, send_email already registered for DAG: example_dag_decorator
[2025-07-13T11:06:11.370+0000] {logging_mixin.py:120} INFO - [2025-07-13T11:06:11.369+0000] {taskmixin.py:205} WARNING - Dependency <Task(EmailOperator): send_email>, prepare_email already registered for DAG: example_dag_decorator
[2025-07-13T11:06:11.389+0000] {processor.py:766} INFO - DAG(s) dict_keys(['example_dag_decorator']) retrieved from /home/airflow/.local/lib/python3.7/site-packages/airflow/example_dags/example_dag_decorator.py
[2025-07-13T11:06:11.546+0000] {logging_mixin.py:120} INFO - [2025-07-13T11:06:11.545+0000] {dag.py:2585} INFO - Sync 1 DAGs
[2025-07-13T11:06:11.596+0000] {logging_mixin.py:120} INFO - [2025-07-13T11:06:11.596+0000] {dag.py:3340} INFO - Setting next_dagrun for example_dag_decorator to None, run_after=None
[2025-07-13T11:06:11.635+0000] {processor.py:176} INFO - Processing /home/airflow/.local/lib/python3.7/site-packages/airflow/example_dags/example_dag_decorator.py took 0.301 seconds
[2025-07-13T11:06:41.763+0000] {processor.py:154} INFO - Started process (PID=7741) to work on /home/airflow/.local/lib/python3.7/site-packages/airflow/example_dags/example_dag_decorator.py
[2025-07-13T11:06:41.766+0000] {processor.py:756} INFO - Processing file /home/airflow/.local/lib/python3.7/site-packages/airflow/example_dags/example_dag_decorator.py for tasks to queue
[2025-07-13T11:06:41.769+0000] {logging_mixin.py:120} INFO - [2025-07-13T11:06:41.768+0000] {dagbag.py:537} INFO - Filling up the DagBag from /home/airflow/.local/lib/python3.7/site-packages/airflow/example_dags/example_dag_decorator.py
[2025-07-13T11:06:41.823+0000] {logging_mixin.py:120} INFO - [2025-07-13T11:06:41.822+0000] {taskmixin.py:205} WARNING - Dependency <Task(_PythonDecoratedOperator): prepare_email>, send_email already registered for DAG: example_dag_decorator
[2025-07-13T11:06:41.823+0000] {logging_mixin.py:120} INFO - [2025-07-13T11:06:41.823+0000] {taskmixin.py:205} WARNING - Dependency <Task(EmailOperator): send_email>, prepare_email already registered for DAG: example_dag_decorator
[2025-07-13T11:06:41.860+0000] {processor.py:766} INFO - DAG(s) dict_keys(['example_dag_decorator']) retrieved from /home/airflow/.local/lib/python3.7/site-packages/airflow/example_dags/example_dag_decorator.py
[2025-07-13T11:06:42.012+0000] {logging_mixin.py:120} INFO - [2025-07-13T11:06:42.012+0000] {dag.py:2585} INFO - Sync 1 DAGs
[2025-07-13T11:06:42.058+0000] {logging_mixin.py:120} INFO - [2025-07-13T11:06:42.057+0000] {dag.py:3340} INFO - Setting next_dagrun for example_dag_decorator to None, run_after=None
[2025-07-13T11:06:42.091+0000] {processor.py:176} INFO - Processing /home/airflow/.local/lib/python3.7/site-packages/airflow/example_dags/example_dag_decorator.py took 0.338 seconds
[2025-07-13T11:07:12.269+0000] {processor.py:154} INFO - Started process (PID=7795) to work on /home/airflow/.local/lib/python3.7/site-packages/airflow/example_dags/example_dag_decorator.py
[2025-07-13T11:07:12.271+0000] {processor.py:756} INFO - Processing file /home/airflow/.local/lib/python3.7/site-packages/airflow/example_dags/example_dag_decorator.py for tasks to queue
[2025-07-13T11:07:12.273+0000] {logging_mixin.py:120} INFO - [2025-07-13T11:07:12.273+0000] {dagbag.py:537} INFO - Filling up the DagBag from /home/airflow/.local/lib/python3.7/site-packages/airflow/example_dags/example_dag_decorator.py
[2025-07-13T11:07:12.301+0000] {logging_mixin.py:120} INFO - [2025-07-13T11:07:12.301+0000] {taskmixin.py:205} WARNING - Dependency <Task(_PythonDecoratedOperator): prepare_email>, send_email already registered for DAG: example_dag_decorator
[2025-07-13T11:07:12.302+0000] {logging_mixin.py:120} INFO - [2025-07-13T11:07:12.302+0000] {taskmixin.py:205} WARNING - Dependency <Task(EmailOperator): send_email>, prepare_email already registered for DAG: example_dag_decorator
[2025-07-13T11:07:12.319+0000] {processor.py:766} INFO - DAG(s) dict_keys(['example_dag_decorator']) retrieved from /home/airflow/.local/lib/python3.7/site-packages/airflow/example_dags/example_dag_decorator.py
[2025-07-13T11:07:12.433+0000] {logging_mixin.py:120} INFO - [2025-07-13T11:07:12.433+0000] {dag.py:2585} INFO - Sync 1 DAGs
[2025-07-13T11:07:12.467+0000] {logging_mixin.py:120} INFO - [2025-07-13T11:07:12.466+0000] {dag.py:3340} INFO - Setting next_dagrun for example_dag_decorator to None, run_after=None
[2025-07-13T11:07:12.507+0000] {processor.py:176} INFO - Processing /home/airflow/.local/lib/python3.7/site-packages/airflow/example_dags/example_dag_decorator.py took 0.244 seconds
[2025-07-13T11:07:42.880+0000] {processor.py:154} INFO - Started process (PID=7858) to work on /home/airflow/.local/lib/python3.7/site-packages/airflow/example_dags/example_dag_decorator.py
[2025-07-13T11:07:42.882+0000] {processor.py:756} INFO - Processing file /home/airflow/.local/lib/python3.7/site-packages/airflow/example_dags/example_dag_decorator.py for tasks to queue
[2025-07-13T11:07:42.883+0000] {logging_mixin.py:120} INFO - [2025-07-13T11:07:42.882+0000] {dagbag.py:537} INFO - Filling up the DagBag from /home/airflow/.local/lib/python3.7/site-packages/airflow/example_dags/example_dag_decorator.py
[2025-07-13T11:07:42.900+0000] {logging_mixin.py:120} INFO - [2025-07-13T11:07:42.900+0000] {taskmixin.py:205} WARNING - Dependency <Task(_PythonDecoratedOperator): prepare_email>, send_email already registered for DAG: example_dag_decorator
[2025-07-13T11:07:42.900+0000] {logging_mixin.py:120} INFO - [2025-07-13T11:07:42.900+0000] {taskmixin.py:205} WARNING - Dependency <Task(EmailOperator): send_email>, prepare_email already registered for DAG: example_dag_decorator
[2025-07-13T11:07:42.917+0000] {processor.py:766} INFO - DAG(s) dict_keys(['example_dag_decorator']) retrieved from /home/airflow/.local/lib/python3.7/site-packages/airflow/example_dags/example_dag_decorator.py
[2025-07-13T11:07:43.024+0000] {logging_mixin.py:120} INFO - [2025-07-13T11:07:43.023+0000] {dag.py:2585} INFO - Sync 1 DAGs
[2025-07-13T11:07:43.061+0000] {logging_mixin.py:120} INFO - [2025-07-13T11:07:43.061+0000] {dag.py:3340} INFO - Setting next_dagrun for example_dag_decorator to None, run_after=None
[2025-07-13T11:07:43.090+0000] {processor.py:176} INFO - Processing /home/airflow/.local/lib/python3.7/site-packages/airflow/example_dags/example_dag_decorator.py took 0.217 seconds
[2025-07-13T11:08:13.229+0000] {processor.py:154} INFO - Started process (PID=7912) to work on /home/airflow/.local/lib/python3.7/site-packages/airflow/example_dags/example_dag_decorator.py
[2025-07-13T11:08:13.230+0000] {processor.py:756} INFO - Processing file /home/airflow/.local/lib/python3.7/site-packages/airflow/example_dags/example_dag_decorator.py for tasks to queue
[2025-07-13T11:08:13.232+0000] {logging_mixin.py:120} INFO - [2025-07-13T11:08:13.231+0000] {dagbag.py:537} INFO - Filling up the DagBag from /home/airflow/.local/lib/python3.7/site-packages/airflow/example_dags/example_dag_decorator.py
[2025-07-13T11:08:13.253+0000] {logging_mixin.py:120} INFO - [2025-07-13T11:08:13.253+0000] {taskmixin.py:205} WARNING - Dependency <Task(_PythonDecoratedOperator): prepare_email>, send_email already registered for DAG: example_dag_decorator
[2025-07-13T11:08:13.254+0000] {logging_mixin.py:120} INFO - [2025-07-13T11:08:13.254+0000] {taskmixin.py:205} WARNING - Dependency <Task(EmailOperator): send_email>, prepare_email already registered for DAG: example_dag_decorator
[2025-07-13T11:08:13.269+0000] {processor.py:766} INFO - DAG(s) dict_keys(['example_dag_decorator']) retrieved from /home/airflow/.local/lib/python3.7/site-packages/airflow/example_dags/example_dag_decorator.py
[2025-07-13T11:08:13.360+0000] {logging_mixin.py:120} INFO - [2025-07-13T11:08:13.360+0000] {dag.py:2585} INFO - Sync 1 DAGs
[2025-07-13T11:08:13.396+0000] {logging_mixin.py:120} INFO - [2025-07-13T11:08:13.395+0000] {dag.py:3340} INFO - Setting next_dagrun for example_dag_decorator to None, run_after=None
[2025-07-13T11:08:13.431+0000] {processor.py:176} INFO - Processing /home/airflow/.local/lib/python3.7/site-packages/airflow/example_dags/example_dag_decorator.py took 0.209 seconds
[2025-07-13T11:08:43.619+0000] {processor.py:154} INFO - Started process (PID=7976) to work on /home/airflow/.local/lib/python3.7/site-packages/airflow/example_dags/example_dag_decorator.py
[2025-07-13T11:08:43.621+0000] {processor.py:756} INFO - Processing file /home/airflow/.local/lib/python3.7/site-packages/airflow/example_dags/example_dag_decorator.py for tasks to queue
[2025-07-13T11:08:43.622+0000] {logging_mixin.py:120} INFO - [2025-07-13T11:08:43.622+0000] {dagbag.py:537} INFO - Filling up the DagBag from /home/airflow/.local/lib/python3.7/site-packages/airflow/example_dags/example_dag_decorator.py
[2025-07-13T11:08:43.642+0000] {logging_mixin.py:120} INFO - [2025-07-13T11:08:43.641+0000] {taskmixin.py:205} WARNING - Dependency <Task(_PythonDecoratedOperator): prepare_email>, send_email already registered for DAG: example_dag_decorator
[2025-07-13T11:08:43.651+0000] {logging_mixin.py:120} INFO - [2025-07-13T11:08:43.650+0000] {taskmixin.py:205} WARNING - Dependency <Task(EmailOperator): send_email>, prepare_email already registered for DAG: example_dag_decorator
[2025-07-13T11:08:43.672+0000] {processor.py:766} INFO - DAG(s) dict_keys(['example_dag_decorator']) retrieved from /home/airflow/.local/lib/python3.7/site-packages/airflow/example_dags/example_dag_decorator.py
[2025-07-13T11:08:43.764+0000] {logging_mixin.py:120} INFO - [2025-07-13T11:08:43.764+0000] {dag.py:2585} INFO - Sync 1 DAGs
[2025-07-13T11:08:43.797+0000] {logging_mixin.py:120} INFO - [2025-07-13T11:08:43.797+0000] {dag.py:3340} INFO - Setting next_dagrun for example_dag_decorator to None, run_after=None
[2025-07-13T11:08:43.828+0000] {processor.py:176} INFO - Processing /home/airflow/.local/lib/python3.7/site-packages/airflow/example_dags/example_dag_decorator.py took 0.212 seconds
[2025-07-13T11:09:14.096+0000] {processor.py:154} INFO - Started process (PID=8030) to work on /home/airflow/.local/lib/python3.7/site-packages/airflow/example_dags/example_dag_decorator.py
[2025-07-13T11:09:14.097+0000] {processor.py:756} INFO - Processing file /home/airflow/.local/lib/python3.7/site-packages/airflow/example_dags/example_dag_decorator.py for tasks to queue
[2025-07-13T11:09:14.098+0000] {logging_mixin.py:120} INFO - [2025-07-13T11:09:14.098+0000] {dagbag.py:537} INFO - Filling up the DagBag from /home/airflow/.local/lib/python3.7/site-packages/airflow/example_dags/example_dag_decorator.py
[2025-07-13T11:09:14.119+0000] {logging_mixin.py:120} INFO - [2025-07-13T11:09:14.119+0000] {taskmixin.py:205} WARNING - Dependency <Task(_PythonDecoratedOperator): prepare_email>, send_email already registered for DAG: example_dag_decorator
[2025-07-13T11:09:14.120+0000] {logging_mixin.py:120} INFO - [2025-07-13T11:09:14.120+0000] {taskmixin.py:205} WARNING - Dependency <Task(EmailOperator): send_email>, prepare_email already registered for DAG: example_dag_decorator
[2025-07-13T11:09:14.146+0000] {processor.py:766} INFO - DAG(s) dict_keys(['example_dag_decorator']) retrieved from /home/airflow/.local/lib/python3.7/site-packages/airflow/example_dags/example_dag_decorator.py
[2025-07-13T11:09:14.286+0000] {logging_mixin.py:120} INFO - [2025-07-13T11:09:14.286+0000] {dag.py:2585} INFO - Sync 1 DAGs
[2025-07-13T11:09:14.317+0000] {logging_mixin.py:120} INFO - [2025-07-13T11:09:14.317+0000] {dag.py:3340} INFO - Setting next_dagrun for example_dag_decorator to None, run_after=None
[2025-07-13T11:09:14.352+0000] {processor.py:176} INFO - Processing /home/airflow/.local/lib/python3.7/site-packages/airflow/example_dags/example_dag_decorator.py took 0.260 seconds
[2025-07-13T11:09:44.402+0000] {processor.py:154} INFO - Started process (PID=8093) to work on /home/airflow/.local/lib/python3.7/site-packages/airflow/example_dags/example_dag_decorator.py
[2025-07-13T11:09:44.403+0000] {processor.py:756} INFO - Processing file /home/airflow/.local/lib/python3.7/site-packages/airflow/example_dags/example_dag_decorator.py for tasks to queue
[2025-07-13T11:09:44.404+0000] {logging_mixin.py:120} INFO - [2025-07-13T11:09:44.404+0000] {dagbag.py:537} INFO - Filling up the DagBag from /home/airflow/.local/lib/python3.7/site-packages/airflow/example_dags/example_dag_decorator.py
[2025-07-13T11:09:44.424+0000] {logging_mixin.py:120} INFO - [2025-07-13T11:09:44.424+0000] {taskmixin.py:205} WARNING - Dependency <Task(_PythonDecoratedOperator): prepare_email>, send_email already registered for DAG: example_dag_decorator
[2025-07-13T11:09:44.425+0000] {logging_mixin.py:120} INFO - [2025-07-13T11:09:44.425+0000] {taskmixin.py:205} WARNING - Dependency <Task(EmailOperator): send_email>, prepare_email already registered for DAG: example_dag_decorator
[2025-07-13T11:09:44.443+0000] {processor.py:766} INFO - DAG(s) dict_keys(['example_dag_decorator']) retrieved from /home/airflow/.local/lib/python3.7/site-packages/airflow/example_dags/example_dag_decorator.py
[2025-07-13T11:09:44.543+0000] {logging_mixin.py:120} INFO - [2025-07-13T11:09:44.542+0000] {dag.py:2585} INFO - Sync 1 DAGs
[2025-07-13T11:09:44.572+0000] {logging_mixin.py:120} INFO - [2025-07-13T11:09:44.572+0000] {dag.py:3340} INFO - Setting next_dagrun for example_dag_decorator to None, run_after=None
[2025-07-13T11:09:44.603+0000] {processor.py:176} INFO - Processing /home/airflow/.local/lib/python3.7/site-packages/airflow/example_dags/example_dag_decorator.py took 0.205 seconds
[2025-07-13T11:10:14.839+0000] {processor.py:154} INFO - Started process (PID=8156) to work on /home/airflow/.local/lib/python3.7/site-packages/airflow/example_dags/example_dag_decorator.py
[2025-07-13T11:10:14.842+0000] {processor.py:756} INFO - Processing file /home/airflow/.local/lib/python3.7/site-packages/airflow/example_dags/example_dag_decorator.py for tasks to queue
[2025-07-13T11:10:14.844+0000] {logging_mixin.py:120} INFO - [2025-07-13T11:10:14.843+0000] {dagbag.py:537} INFO - Filling up the DagBag from /home/airflow/.local/lib/python3.7/site-packages/airflow/example_dags/example_dag_decorator.py
[2025-07-13T11:10:14.874+0000] {logging_mixin.py:120} INFO - [2025-07-13T11:10:14.873+0000] {taskmixin.py:205} WARNING - Dependency <Task(_PythonDecoratedOperator): prepare_email>, send_email already registered for DAG: example_dag_decorator
[2025-07-13T11:10:14.875+0000] {logging_mixin.py:120} INFO - [2025-07-13T11:10:14.875+0000] {taskmixin.py:205} WARNING - Dependency <Task(EmailOperator): send_email>, prepare_email already registered for DAG: example_dag_decorator
[2025-07-13T11:10:14.897+0000] {processor.py:766} INFO - DAG(s) dict_keys(['example_dag_decorator']) retrieved from /home/airflow/.local/lib/python3.7/site-packages/airflow/example_dags/example_dag_decorator.py
[2025-07-13T11:10:15.188+0000] {logging_mixin.py:120} INFO - [2025-07-13T11:10:15.188+0000] {dag.py:2585} INFO - Sync 1 DAGs
[2025-07-13T11:10:15.228+0000] {logging_mixin.py:120} INFO - [2025-07-13T11:10:15.228+0000] {dag.py:3340} INFO - Setting next_dagrun for example_dag_decorator to None, run_after=None
[2025-07-13T11:10:15.267+0000] {processor.py:176} INFO - Processing /home/airflow/.local/lib/python3.7/site-packages/airflow/example_dags/example_dag_decorator.py took 0.435 seconds
[2025-07-13T11:10:45.412+0000] {processor.py:154} INFO - Started process (PID=8210) to work on /home/airflow/.local/lib/python3.7/site-packages/airflow/example_dags/example_dag_decorator.py
[2025-07-13T11:10:45.414+0000] {processor.py:756} INFO - Processing file /home/airflow/.local/lib/python3.7/site-packages/airflow/example_dags/example_dag_decorator.py for tasks to queue
[2025-07-13T11:10:45.423+0000] {logging_mixin.py:120} INFO - [2025-07-13T11:10:45.418+0000] {dagbag.py:537} INFO - Filling up the DagBag from /home/airflow/.local/lib/python3.7/site-packages/airflow/example_dags/example_dag_decorator.py
[2025-07-13T11:10:45.456+0000] {logging_mixin.py:120} INFO - [2025-07-13T11:10:45.456+0000] {taskmixin.py:205} WARNING - Dependency <Task(_PythonDecoratedOperator): prepare_email>, send_email already registered for DAG: example_dag_decorator
[2025-07-13T11:10:45.457+0000] {logging_mixin.py:120} INFO - [2025-07-13T11:10:45.457+0000] {taskmixin.py:205} WARNING - Dependency <Task(EmailOperator): send_email>, prepare_email already registered for DAG: example_dag_decorator
[2025-07-13T11:10:45.478+0000] {processor.py:766} INFO - DAG(s) dict_keys(['example_dag_decorator']) retrieved from /home/airflow/.local/lib/python3.7/site-packages/airflow/example_dags/example_dag_decorator.py
[2025-07-13T11:10:45.599+0000] {logging_mixin.py:120} INFO - [2025-07-13T11:10:45.599+0000] {dag.py:2585} INFO - Sync 1 DAGs
[2025-07-13T11:10:45.652+0000] {logging_mixin.py:120} INFO - [2025-07-13T11:10:45.651+0000] {dag.py:3340} INFO - Setting next_dagrun for example_dag_decorator to None, run_after=None
[2025-07-13T11:10:45.691+0000] {processor.py:176} INFO - Processing /home/airflow/.local/lib/python3.7/site-packages/airflow/example_dags/example_dag_decorator.py took 0.286 seconds
[2025-07-13T11:11:15.922+0000] {processor.py:154} INFO - Started process (PID=8273) to work on /home/airflow/.local/lib/python3.7/site-packages/airflow/example_dags/example_dag_decorator.py
[2025-07-13T11:11:15.924+0000] {processor.py:756} INFO - Processing file /home/airflow/.local/lib/python3.7/site-packages/airflow/example_dags/example_dag_decorator.py for tasks to queue
[2025-07-13T11:11:15.925+0000] {logging_mixin.py:120} INFO - [2025-07-13T11:11:15.925+0000] {dagbag.py:537} INFO - Filling up the DagBag from /home/airflow/.local/lib/python3.7/site-packages/airflow/example_dags/example_dag_decorator.py
[2025-07-13T11:11:15.952+0000] {logging_mixin.py:120} INFO - [2025-07-13T11:11:15.952+0000] {taskmixin.py:205} WARNING - Dependency <Task(_PythonDecoratedOperator): prepare_email>, send_email already registered for DAG: example_dag_decorator
[2025-07-13T11:11:15.952+0000] {logging_mixin.py:120} INFO - [2025-07-13T11:11:15.952+0000] {taskmixin.py:205} WARNING - Dependency <Task(EmailOperator): send_email>, prepare_email already registered for DAG: example_dag_decorator
[2025-07-13T11:11:15.971+0000] {processor.py:766} INFO - DAG(s) dict_keys(['example_dag_decorator']) retrieved from /home/airflow/.local/lib/python3.7/site-packages/airflow/example_dags/example_dag_decorator.py
[2025-07-13T11:11:16.074+0000] {logging_mixin.py:120} INFO - [2025-07-13T11:11:16.074+0000] {dag.py:2585} INFO - Sync 1 DAGs
[2025-07-13T11:11:16.119+0000] {logging_mixin.py:120} INFO - [2025-07-13T11:11:16.119+0000] {dag.py:3340} INFO - Setting next_dagrun for example_dag_decorator to None, run_after=None
[2025-07-13T11:11:16.165+0000] {processor.py:176} INFO - Processing /home/airflow/.local/lib/python3.7/site-packages/airflow/example_dags/example_dag_decorator.py took 0.248 seconds
[2025-07-13T11:11:46.383+0000] {processor.py:154} INFO - Started process (PID=8336) to work on /home/airflow/.local/lib/python3.7/site-packages/airflow/example_dags/example_dag_decorator.py
[2025-07-13T11:11:46.384+0000] {processor.py:756} INFO - Processing file /home/airflow/.local/lib/python3.7/site-packages/airflow/example_dags/example_dag_decorator.py for tasks to queue
[2025-07-13T11:11:46.385+0000] {logging_mixin.py:120} INFO - [2025-07-13T11:11:46.385+0000] {dagbag.py:537} INFO - Filling up the DagBag from /home/airflow/.local/lib/python3.7/site-packages/airflow/example_dags/example_dag_decorator.py
[2025-07-13T11:11:46.410+0000] {logging_mixin.py:120} INFO - [2025-07-13T11:11:46.410+0000] {taskmixin.py:205} WARNING - Dependency <Task(_PythonDecoratedOperator): prepare_email>, send_email already registered for DAG: example_dag_decorator
[2025-07-13T11:11:46.411+0000] {logging_mixin.py:120} INFO - [2025-07-13T11:11:46.411+0000] {taskmixin.py:205} WARNING - Dependency <Task(EmailOperator): send_email>, prepare_email already registered for DAG: example_dag_decorator
[2025-07-13T11:11:46.438+0000] {processor.py:766} INFO - DAG(s) dict_keys(['example_dag_decorator']) retrieved from /home/airflow/.local/lib/python3.7/site-packages/airflow/example_dags/example_dag_decorator.py
[2025-07-13T11:11:46.596+0000] {logging_mixin.py:120} INFO - [2025-07-13T11:11:46.596+0000] {dag.py:2585} INFO - Sync 1 DAGs
[2025-07-13T11:11:46.653+0000] {logging_mixin.py:120} INFO - [2025-07-13T11:11:46.653+0000] {dag.py:3340} INFO - Setting next_dagrun for example_dag_decorator to None, run_after=None
[2025-07-13T11:11:46.695+0000] {processor.py:176} INFO - Processing /home/airflow/.local/lib/python3.7/site-packages/airflow/example_dags/example_dag_decorator.py took 0.316 seconds
[2025-07-13T11:12:17.138+0000] {processor.py:154} INFO - Started process (PID=8390) to work on /home/airflow/.local/lib/python3.7/site-packages/airflow/example_dags/example_dag_decorator.py
[2025-07-13T11:12:17.139+0000] {processor.py:756} INFO - Processing file /home/airflow/.local/lib/python3.7/site-packages/airflow/example_dags/example_dag_decorator.py for tasks to queue
[2025-07-13T11:12:17.140+0000] {logging_mixin.py:120} INFO - [2025-07-13T11:12:17.140+0000] {dagbag.py:537} INFO - Filling up the DagBag from /home/airflow/.local/lib/python3.7/site-packages/airflow/example_dags/example_dag_decorator.py
[2025-07-13T11:12:17.187+0000] {logging_mixin.py:120} INFO - [2025-07-13T11:12:17.186+0000] {taskmixin.py:205} WARNING - Dependency <Task(_PythonDecoratedOperator): prepare_email>, send_email already registered for DAG: example_dag_decorator
[2025-07-13T11:12:17.194+0000] {logging_mixin.py:120} INFO - [2025-07-13T11:12:17.194+0000] {taskmixin.py:205} WARNING - Dependency <Task(EmailOperator): send_email>, prepare_email already registered for DAG: example_dag_decorator
[2025-07-13T11:12:17.248+0000] {processor.py:766} INFO - DAG(s) dict_keys(['example_dag_decorator']) retrieved from /home/airflow/.local/lib/python3.7/site-packages/airflow/example_dags/example_dag_decorator.py
[2025-07-13T11:12:17.394+0000] {logging_mixin.py:120} INFO - [2025-07-13T11:12:17.394+0000] {dag.py:2585} INFO - Sync 1 DAGs
[2025-07-13T11:12:17.421+0000] {logging_mixin.py:120} INFO - [2025-07-13T11:12:17.421+0000] {dag.py:3340} INFO - Setting next_dagrun for example_dag_decorator to None, run_after=None
[2025-07-13T11:12:17.451+0000] {processor.py:176} INFO - Processing /home/airflow/.local/lib/python3.7/site-packages/airflow/example_dags/example_dag_decorator.py took 0.317 seconds
[2025-07-13T11:12:47.779+0000] {processor.py:154} INFO - Started process (PID=8453) to work on /home/airflow/.local/lib/python3.7/site-packages/airflow/example_dags/example_dag_decorator.py
[2025-07-13T11:12:47.785+0000] {processor.py:756} INFO - Processing file /home/airflow/.local/lib/python3.7/site-packages/airflow/example_dags/example_dag_decorator.py for tasks to queue
[2025-07-13T11:12:47.787+0000] {logging_mixin.py:120} INFO - [2025-07-13T11:12:47.786+0000] {dagbag.py:537} INFO - Filling up the DagBag from /home/airflow/.local/lib/python3.7/site-packages/airflow/example_dags/example_dag_decorator.py
[2025-07-13T11:12:47.827+0000] {logging_mixin.py:120} INFO - [2025-07-13T11:12:47.826+0000] {taskmixin.py:205} WARNING - Dependency <Task(_PythonDecoratedOperator): prepare_email>, send_email already registered for DAG: example_dag_decorator
[2025-07-13T11:12:47.828+0000] {logging_mixin.py:120} INFO - [2025-07-13T11:12:47.828+0000] {taskmixin.py:205} WARNING - Dependency <Task(EmailOperator): send_email>, prepare_email already registered for DAG: example_dag_decorator
[2025-07-13T11:12:47.860+0000] {processor.py:766} INFO - DAG(s) dict_keys(['example_dag_decorator']) retrieved from /home/airflow/.local/lib/python3.7/site-packages/airflow/example_dags/example_dag_decorator.py
[2025-07-13T11:12:48.121+0000] {logging_mixin.py:120} INFO - [2025-07-13T11:12:48.121+0000] {dag.py:2585} INFO - Sync 1 DAGs
[2025-07-13T11:12:48.166+0000] {logging_mixin.py:120} INFO - [2025-07-13T11:12:48.166+0000] {dag.py:3340} INFO - Setting next_dagrun for example_dag_decorator to None, run_after=None
[2025-07-13T11:12:48.197+0000] {processor.py:176} INFO - Processing /home/airflow/.local/lib/python3.7/site-packages/airflow/example_dags/example_dag_decorator.py took 0.429 seconds
[2025-07-13T11:13:18.966+0000] {processor.py:154} INFO - Started process (PID=8515) to work on /home/airflow/.local/lib/python3.7/site-packages/airflow/example_dags/example_dag_decorator.py
[2025-07-13T11:13:18.967+0000] {processor.py:756} INFO - Processing file /home/airflow/.local/lib/python3.7/site-packages/airflow/example_dags/example_dag_decorator.py for tasks to queue
[2025-07-13T11:13:18.968+0000] {logging_mixin.py:120} INFO - [2025-07-13T11:13:18.968+0000] {dagbag.py:537} INFO - Filling up the DagBag from /home/airflow/.local/lib/python3.7/site-packages/airflow/example_dags/example_dag_decorator.py
[2025-07-13T11:13:18.986+0000] {logging_mixin.py:120} INFO - [2025-07-13T11:13:18.985+0000] {taskmixin.py:205} WARNING - Dependency <Task(_PythonDecoratedOperator): prepare_email>, send_email already registered for DAG: example_dag_decorator
[2025-07-13T11:13:18.986+0000] {logging_mixin.py:120} INFO - [2025-07-13T11:13:18.986+0000] {taskmixin.py:205} WARNING - Dependency <Task(EmailOperator): send_email>, prepare_email already registered for DAG: example_dag_decorator
[2025-07-13T11:13:19.002+0000] {processor.py:766} INFO - DAG(s) dict_keys(['example_dag_decorator']) retrieved from /home/airflow/.local/lib/python3.7/site-packages/airflow/example_dags/example_dag_decorator.py
[2025-07-13T11:13:19.099+0000] {logging_mixin.py:120} INFO - [2025-07-13T11:13:19.099+0000] {dag.py:2585} INFO - Sync 1 DAGs
[2025-07-13T11:13:19.124+0000] {logging_mixin.py:120} INFO - [2025-07-13T11:13:19.124+0000] {dag.py:3340} INFO - Setting next_dagrun for example_dag_decorator to None, run_after=None
[2025-07-13T11:13:19.155+0000] {processor.py:176} INFO - Processing /home/airflow/.local/lib/python3.7/site-packages/airflow/example_dags/example_dag_decorator.py took 0.193 seconds
[2025-07-13T11:13:49.599+0000] {processor.py:154} INFO - Started process (PID=8569) to work on /home/airflow/.local/lib/python3.7/site-packages/airflow/example_dags/example_dag_decorator.py
[2025-07-13T11:13:49.600+0000] {processor.py:756} INFO - Processing file /home/airflow/.local/lib/python3.7/site-packages/airflow/example_dags/example_dag_decorator.py for tasks to queue
[2025-07-13T11:13:49.602+0000] {logging_mixin.py:120} INFO - [2025-07-13T11:13:49.602+0000] {dagbag.py:537} INFO - Filling up the DagBag from /home/airflow/.local/lib/python3.7/site-packages/airflow/example_dags/example_dag_decorator.py
[2025-07-13T11:13:49.628+0000] {logging_mixin.py:120} INFO - [2025-07-13T11:13:49.627+0000] {taskmixin.py:205} WARNING - Dependency <Task(_PythonDecoratedOperator): prepare_email>, send_email already registered for DAG: example_dag_decorator
[2025-07-13T11:13:49.629+0000] {logging_mixin.py:120} INFO - [2025-07-13T11:13:49.628+0000] {taskmixin.py:205} WARNING - Dependency <Task(EmailOperator): send_email>, prepare_email already registered for DAG: example_dag_decorator
[2025-07-13T11:13:49.648+0000] {processor.py:766} INFO - DAG(s) dict_keys(['example_dag_decorator']) retrieved from /home/airflow/.local/lib/python3.7/site-packages/airflow/example_dags/example_dag_decorator.py
[2025-07-13T11:13:49.746+0000] {logging_mixin.py:120} INFO - [2025-07-13T11:13:49.745+0000] {dag.py:2585} INFO - Sync 1 DAGs
[2025-07-13T11:13:49.779+0000] {logging_mixin.py:120} INFO - [2025-07-13T11:13:49.779+0000] {dag.py:3340} INFO - Setting next_dagrun for example_dag_decorator to None, run_after=None
[2025-07-13T11:13:49.861+0000] {processor.py:176} INFO - Processing /home/airflow/.local/lib/python3.7/site-packages/airflow/example_dags/example_dag_decorator.py took 0.267 seconds
[2025-07-13T11:14:20.005+0000] {processor.py:154} INFO - Started process (PID=8632) to work on /home/airflow/.local/lib/python3.7/site-packages/airflow/example_dags/example_dag_decorator.py
[2025-07-13T11:14:20.007+0000] {processor.py:756} INFO - Processing file /home/airflow/.local/lib/python3.7/site-packages/airflow/example_dags/example_dag_decorator.py for tasks to queue
[2025-07-13T11:14:20.008+0000] {logging_mixin.py:120} INFO - [2025-07-13T11:14:20.008+0000] {dagbag.py:537} INFO - Filling up the DagBag from /home/airflow/.local/lib/python3.7/site-packages/airflow/example_dags/example_dag_decorator.py
[2025-07-13T11:14:20.029+0000] {logging_mixin.py:120} INFO - [2025-07-13T11:14:20.029+0000] {taskmixin.py:205} WARNING - Dependency <Task(_PythonDecoratedOperator): prepare_email>, send_email already registered for DAG: example_dag_decorator
[2025-07-13T11:14:20.030+0000] {logging_mixin.py:120} INFO - [2025-07-13T11:14:20.030+0000] {taskmixin.py:205} WARNING - Dependency <Task(EmailOperator): send_email>, prepare_email already registered for DAG: example_dag_decorator
[2025-07-13T11:14:20.052+0000] {processor.py:766} INFO - DAG(s) dict_keys(['example_dag_decorator']) retrieved from /home/airflow/.local/lib/python3.7/site-packages/airflow/example_dags/example_dag_decorator.py
[2025-07-13T11:14:20.185+0000] {logging_mixin.py:120} INFO - [2025-07-13T11:14:20.184+0000] {dag.py:2585} INFO - Sync 1 DAGs
[2025-07-13T11:14:20.233+0000] {logging_mixin.py:120} INFO - [2025-07-13T11:14:20.233+0000] {dag.py:3340} INFO - Setting next_dagrun for example_dag_decorator to None, run_after=None
[2025-07-13T11:14:20.272+0000] {processor.py:176} INFO - Processing /home/airflow/.local/lib/python3.7/site-packages/airflow/example_dags/example_dag_decorator.py took 0.271 seconds
[2025-07-13T11:14:51.333+0000] {processor.py:154} INFO - Started process (PID=8695) to work on /home/airflow/.local/lib/python3.7/site-packages/airflow/example_dags/example_dag_decorator.py
[2025-07-13T11:14:51.334+0000] {processor.py:756} INFO - Processing file /home/airflow/.local/lib/python3.7/site-packages/airflow/example_dags/example_dag_decorator.py for tasks to queue
[2025-07-13T11:14:51.336+0000] {logging_mixin.py:120} INFO - [2025-07-13T11:14:51.336+0000] {dagbag.py:537} INFO - Filling up the DagBag from /home/airflow/.local/lib/python3.7/site-packages/airflow/example_dags/example_dag_decorator.py
[2025-07-13T11:14:51.361+0000] {logging_mixin.py:120} INFO - [2025-07-13T11:14:51.361+0000] {taskmixin.py:205} WARNING - Dependency <Task(_PythonDecoratedOperator): prepare_email>, send_email already registered for DAG: example_dag_decorator
[2025-07-13T11:14:51.362+0000] {logging_mixin.py:120} INFO - [2025-07-13T11:14:51.362+0000] {taskmixin.py:205} WARNING - Dependency <Task(EmailOperator): send_email>, prepare_email already registered for DAG: example_dag_decorator
[2025-07-13T11:14:51.386+0000] {processor.py:766} INFO - DAG(s) dict_keys(['example_dag_decorator']) retrieved from /home/airflow/.local/lib/python3.7/site-packages/airflow/example_dags/example_dag_decorator.py
[2025-07-13T11:14:51.532+0000] {logging_mixin.py:120} INFO - [2025-07-13T11:14:51.532+0000] {dag.py:2585} INFO - Sync 1 DAGs
[2025-07-13T11:14:51.565+0000] {logging_mixin.py:120} INFO - [2025-07-13T11:14:51.565+0000] {dag.py:3340} INFO - Setting next_dagrun for example_dag_decorator to None, run_after=None
[2025-07-13T11:14:51.603+0000] {processor.py:176} INFO - Processing /home/airflow/.local/lib/python3.7/site-packages/airflow/example_dags/example_dag_decorator.py took 0.276 seconds
[2025-07-13T11:15:22.257+0000] {processor.py:154} INFO - Started process (PID=8749) to work on /home/airflow/.local/lib/python3.7/site-packages/airflow/example_dags/example_dag_decorator.py
[2025-07-13T11:15:22.258+0000] {processor.py:756} INFO - Processing file /home/airflow/.local/lib/python3.7/site-packages/airflow/example_dags/example_dag_decorator.py for tasks to queue
[2025-07-13T11:15:22.260+0000] {logging_mixin.py:120} INFO - [2025-07-13T11:15:22.260+0000] {dagbag.py:537} INFO - Filling up the DagBag from /home/airflow/.local/lib/python3.7/site-packages/airflow/example_dags/example_dag_decorator.py
[2025-07-13T11:15:22.284+0000] {logging_mixin.py:120} INFO - [2025-07-13T11:15:22.284+0000] {taskmixin.py:205} WARNING - Dependency <Task(_PythonDecoratedOperator): prepare_email>, send_email already registered for DAG: example_dag_decorator
[2025-07-13T11:15:22.284+0000] {logging_mixin.py:120} INFO - [2025-07-13T11:15:22.284+0000] {taskmixin.py:205} WARNING - Dependency <Task(EmailOperator): send_email>, prepare_email already registered for DAG: example_dag_decorator
[2025-07-13T11:15:22.304+0000] {processor.py:766} INFO - DAG(s) dict_keys(['example_dag_decorator']) retrieved from /home/airflow/.local/lib/python3.7/site-packages/airflow/example_dags/example_dag_decorator.py
[2025-07-13T11:15:22.412+0000] {logging_mixin.py:120} INFO - [2025-07-13T11:15:22.412+0000] {dag.py:2585} INFO - Sync 1 DAGs
[2025-07-13T11:15:22.444+0000] {logging_mixin.py:120} INFO - [2025-07-13T11:15:22.444+0000] {dag.py:3340} INFO - Setting next_dagrun for example_dag_decorator to None, run_after=None
[2025-07-13T11:15:22.476+0000] {processor.py:176} INFO - Processing /home/airflow/.local/lib/python3.7/site-packages/airflow/example_dags/example_dag_decorator.py took 0.224 seconds
[2025-07-13T11:15:53.290+0000] {processor.py:154} INFO - Started process (PID=8812) to work on /home/airflow/.local/lib/python3.7/site-packages/airflow/example_dags/example_dag_decorator.py
[2025-07-13T11:15:53.291+0000] {processor.py:756} INFO - Processing file /home/airflow/.local/lib/python3.7/site-packages/airflow/example_dags/example_dag_decorator.py for tasks to queue
[2025-07-13T11:15:53.292+0000] {logging_mixin.py:120} INFO - [2025-07-13T11:15:53.292+0000] {dagbag.py:537} INFO - Filling up the DagBag from /home/airflow/.local/lib/python3.7/site-packages/airflow/example_dags/example_dag_decorator.py
[2025-07-13T11:15:53.311+0000] {logging_mixin.py:120} INFO - [2025-07-13T11:15:53.310+0000] {taskmixin.py:205} WARNING - Dependency <Task(_PythonDecoratedOperator): prepare_email>, send_email already registered for DAG: example_dag_decorator
[2025-07-13T11:15:53.311+0000] {logging_mixin.py:120} INFO - [2025-07-13T11:15:53.311+0000] {taskmixin.py:205} WARNING - Dependency <Task(EmailOperator): send_email>, prepare_email already registered for DAG: example_dag_decorator
[2025-07-13T11:15:53.327+0000] {processor.py:766} INFO - DAG(s) dict_keys(['example_dag_decorator']) retrieved from /home/airflow/.local/lib/python3.7/site-packages/airflow/example_dags/example_dag_decorator.py
[2025-07-13T11:15:53.442+0000] {logging_mixin.py:120} INFO - [2025-07-13T11:15:53.441+0000] {dag.py:2585} INFO - Sync 1 DAGs
[2025-07-13T11:15:53.477+0000] {logging_mixin.py:120} INFO - [2025-07-13T11:15:53.476+0000] {dag.py:3340} INFO - Setting next_dagrun for example_dag_decorator to None, run_after=None
[2025-07-13T11:15:53.505+0000] {processor.py:176} INFO - Processing /home/airflow/.local/lib/python3.7/site-packages/airflow/example_dags/example_dag_decorator.py took 0.218 seconds
[2025-07-13T11:16:24.263+0000] {processor.py:154} INFO - Started process (PID=8875) to work on /home/airflow/.local/lib/python3.7/site-packages/airflow/example_dags/example_dag_decorator.py
[2025-07-13T11:16:24.264+0000] {processor.py:756} INFO - Processing file /home/airflow/.local/lib/python3.7/site-packages/airflow/example_dags/example_dag_decorator.py for tasks to queue
[2025-07-13T11:16:24.265+0000] {logging_mixin.py:120} INFO - [2025-07-13T11:16:24.265+0000] {dagbag.py:537} INFO - Filling up the DagBag from /home/airflow/.local/lib/python3.7/site-packages/airflow/example_dags/example_dag_decorator.py
[2025-07-13T11:16:24.287+0000] {logging_mixin.py:120} INFO - [2025-07-13T11:16:24.287+0000] {taskmixin.py:205} WARNING - Dependency <Task(_PythonDecoratedOperator): prepare_email>, send_email already registered for DAG: example_dag_decorator
[2025-07-13T11:16:24.287+0000] {logging_mixin.py:120} INFO - [2025-07-13T11:16:24.287+0000] {taskmixin.py:205} WARNING - Dependency <Task(EmailOperator): send_email>, prepare_email already registered for DAG: example_dag_decorator
[2025-07-13T11:16:24.307+0000] {processor.py:766} INFO - DAG(s) dict_keys(['example_dag_decorator']) retrieved from /home/airflow/.local/lib/python3.7/site-packages/airflow/example_dags/example_dag_decorator.py
[2025-07-13T11:16:24.447+0000] {logging_mixin.py:120} INFO - [2025-07-13T11:16:24.447+0000] {dag.py:2585} INFO - Sync 1 DAGs
[2025-07-13T11:16:24.486+0000] {logging_mixin.py:120} INFO - [2025-07-13T11:16:24.485+0000] {dag.py:3340} INFO - Setting next_dagrun for example_dag_decorator to None, run_after=None
[2025-07-13T11:16:24.521+0000] {processor.py:176} INFO - Processing /home/airflow/.local/lib/python3.7/site-packages/airflow/example_dags/example_dag_decorator.py took 0.262 seconds
[2025-07-13T11:16:55.003+0000] {processor.py:154} INFO - Started process (PID=8929) to work on /home/airflow/.local/lib/python3.7/site-packages/airflow/example_dags/example_dag_decorator.py
[2025-07-13T11:16:55.004+0000] {processor.py:756} INFO - Processing file /home/airflow/.local/lib/python3.7/site-packages/airflow/example_dags/example_dag_decorator.py for tasks to queue
[2025-07-13T11:16:55.005+0000] {logging_mixin.py:120} INFO - [2025-07-13T11:16:55.005+0000] {dagbag.py:537} INFO - Filling up the DagBag from /home/airflow/.local/lib/python3.7/site-packages/airflow/example_dags/example_dag_decorator.py
[2025-07-13T11:16:55.026+0000] {logging_mixin.py:120} INFO - [2025-07-13T11:16:55.026+0000] {taskmixin.py:205} WARNING - Dependency <Task(_PythonDecoratedOperator): prepare_email>, send_email already registered for DAG: example_dag_decorator
[2025-07-13T11:16:55.027+0000] {logging_mixin.py:120} INFO - [2025-07-13T11:16:55.027+0000] {taskmixin.py:205} WARNING - Dependency <Task(EmailOperator): send_email>, prepare_email already registered for DAG: example_dag_decorator
[2025-07-13T11:16:55.042+0000] {processor.py:766} INFO - DAG(s) dict_keys(['example_dag_decorator']) retrieved from /home/airflow/.local/lib/python3.7/site-packages/airflow/example_dags/example_dag_decorator.py
[2025-07-13T11:16:55.178+0000] {logging_mixin.py:120} INFO - [2025-07-13T11:16:55.178+0000] {dag.py:2585} INFO - Sync 1 DAGs
[2025-07-13T11:16:55.245+0000] {logging_mixin.py:120} INFO - [2025-07-13T11:16:55.245+0000] {dag.py:3340} INFO - Setting next_dagrun for example_dag_decorator to None, run_after=None
[2025-07-13T11:16:55.390+0000] {processor.py:176} INFO - Processing /home/airflow/.local/lib/python3.7/site-packages/airflow/example_dags/example_dag_decorator.py took 0.392 seconds
[2025-07-13T11:17:25.597+0000] {processor.py:154} INFO - Started process (PID=8993) to work on /home/airflow/.local/lib/python3.7/site-packages/airflow/example_dags/example_dag_decorator.py
[2025-07-13T11:17:25.598+0000] {processor.py:756} INFO - Processing file /home/airflow/.local/lib/python3.7/site-packages/airflow/example_dags/example_dag_decorator.py for tasks to queue
[2025-07-13T11:17:25.599+0000] {logging_mixin.py:120} INFO - [2025-07-13T11:17:25.599+0000] {dagbag.py:537} INFO - Filling up the DagBag from /home/airflow/.local/lib/python3.7/site-packages/airflow/example_dags/example_dag_decorator.py
[2025-07-13T11:17:25.625+0000] {logging_mixin.py:120} INFO - [2025-07-13T11:17:25.624+0000] {taskmixin.py:205} WARNING - Dependency <Task(_PythonDecoratedOperator): prepare_email>, send_email already registered for DAG: example_dag_decorator
[2025-07-13T11:17:25.625+0000] {logging_mixin.py:120} INFO - [2025-07-13T11:17:25.625+0000] {taskmixin.py:205} WARNING - Dependency <Task(EmailOperator): send_email>, prepare_email already registered for DAG: example_dag_decorator
[2025-07-13T11:17:25.646+0000] {processor.py:766} INFO - DAG(s) dict_keys(['example_dag_decorator']) retrieved from /home/airflow/.local/lib/python3.7/site-packages/airflow/example_dags/example_dag_decorator.py
[2025-07-13T11:17:25.757+0000] {logging_mixin.py:120} INFO - [2025-07-13T11:17:25.756+0000] {dag.py:2585} INFO - Sync 1 DAGs
[2025-07-13T11:17:25.787+0000] {logging_mixin.py:120} INFO - [2025-07-13T11:17:25.787+0000] {dag.py:3340} INFO - Setting next_dagrun for example_dag_decorator to None, run_after=None
[2025-07-13T11:17:25.822+0000] {processor.py:176} INFO - Processing /home/airflow/.local/lib/python3.7/site-packages/airflow/example_dags/example_dag_decorator.py took 0.229 seconds
[2025-07-13T11:17:56.020+0000] {processor.py:154} INFO - Started process (PID=9057) to work on /home/airflow/.local/lib/python3.7/site-packages/airflow/example_dags/example_dag_decorator.py
[2025-07-13T11:17:56.022+0000] {processor.py:756} INFO - Processing file /home/airflow/.local/lib/python3.7/site-packages/airflow/example_dags/example_dag_decorator.py for tasks to queue
[2025-07-13T11:17:56.023+0000] {logging_mixin.py:120} INFO - [2025-07-13T11:17:56.023+0000] {dagbag.py:537} INFO - Filling up the DagBag from /home/airflow/.local/lib/python3.7/site-packages/airflow/example_dags/example_dag_decorator.py
[2025-07-13T11:17:56.048+0000] {logging_mixin.py:120} INFO - [2025-07-13T11:17:56.047+0000] {taskmixin.py:205} WARNING - Dependency <Task(_PythonDecoratedOperator): prepare_email>, send_email already registered for DAG: example_dag_decorator
[2025-07-13T11:17:56.048+0000] {logging_mixin.py:120} INFO - [2025-07-13T11:17:56.048+0000] {taskmixin.py:205} WARNING - Dependency <Task(EmailOperator): send_email>, prepare_email already registered for DAG: example_dag_decorator
[2025-07-13T11:17:56.065+0000] {processor.py:766} INFO - DAG(s) dict_keys(['example_dag_decorator']) retrieved from /home/airflow/.local/lib/python3.7/site-packages/airflow/example_dags/example_dag_decorator.py
[2025-07-13T11:17:56.181+0000] {logging_mixin.py:120} INFO - [2025-07-13T11:17:56.180+0000] {dag.py:2585} INFO - Sync 1 DAGs
[2025-07-13T11:17:56.214+0000] {logging_mixin.py:120} INFO - [2025-07-13T11:17:56.214+0000] {dag.py:3340} INFO - Setting next_dagrun for example_dag_decorator to None, run_after=None
[2025-07-13T11:17:56.246+0000] {processor.py:176} INFO - Processing /home/airflow/.local/lib/python3.7/site-packages/airflow/example_dags/example_dag_decorator.py took 0.231 seconds
[2025-07-13T11:18:26.697+0000] {processor.py:154} INFO - Started process (PID=9111) to work on /home/airflow/.local/lib/python3.7/site-packages/airflow/example_dags/example_dag_decorator.py
[2025-07-13T11:18:26.698+0000] {processor.py:756} INFO - Processing file /home/airflow/.local/lib/python3.7/site-packages/airflow/example_dags/example_dag_decorator.py for tasks to queue
[2025-07-13T11:18:26.700+0000] {logging_mixin.py:120} INFO - [2025-07-13T11:18:26.699+0000] {dagbag.py:537} INFO - Filling up the DagBag from /home/airflow/.local/lib/python3.7/site-packages/airflow/example_dags/example_dag_decorator.py
[2025-07-13T11:18:26.720+0000] {logging_mixin.py:120} INFO - [2025-07-13T11:18:26.720+0000] {taskmixin.py:205} WARNING - Dependency <Task(_PythonDecoratedOperator): prepare_email>, send_email already registered for DAG: example_dag_decorator
[2025-07-13T11:18:26.721+0000] {logging_mixin.py:120} INFO - [2025-07-13T11:18:26.721+0000] {taskmixin.py:205} WARNING - Dependency <Task(EmailOperator): send_email>, prepare_email already registered for DAG: example_dag_decorator
[2025-07-13T11:18:26.740+0000] {processor.py:766} INFO - DAG(s) dict_keys(['example_dag_decorator']) retrieved from /home/airflow/.local/lib/python3.7/site-packages/airflow/example_dags/example_dag_decorator.py
[2025-07-13T11:18:26.860+0000] {logging_mixin.py:120} INFO - [2025-07-13T11:18:26.860+0000] {dag.py:2585} INFO - Sync 1 DAGs
[2025-07-13T11:18:26.907+0000] {logging_mixin.py:120} INFO - [2025-07-13T11:18:26.907+0000] {dag.py:3340} INFO - Setting next_dagrun for example_dag_decorator to None, run_after=None
[2025-07-13T11:18:26.945+0000] {processor.py:176} INFO - Processing /home/airflow/.local/lib/python3.7/site-packages/airflow/example_dags/example_dag_decorator.py took 0.253 seconds
[2025-07-13T11:18:58.838+0000] {processor.py:154} INFO - Started process (PID=9174) to work on /home/airflow/.local/lib/python3.7/site-packages/airflow/example_dags/example_dag_decorator.py
[2025-07-13T11:18:58.839+0000] {processor.py:756} INFO - Processing file /home/airflow/.local/lib/python3.7/site-packages/airflow/example_dags/example_dag_decorator.py for tasks to queue
[2025-07-13T11:18:58.841+0000] {logging_mixin.py:120} INFO - [2025-07-13T11:18:58.840+0000] {dagbag.py:537} INFO - Filling up the DagBag from /home/airflow/.local/lib/python3.7/site-packages/airflow/example_dags/example_dag_decorator.py
[2025-07-13T11:18:58.861+0000] {logging_mixin.py:120} INFO - [2025-07-13T11:18:58.861+0000] {taskmixin.py:205} WARNING - Dependency <Task(_PythonDecoratedOperator): prepare_email>, send_email already registered for DAG: example_dag_decorator
[2025-07-13T11:18:58.862+0000] {logging_mixin.py:120} INFO - [2025-07-13T11:18:58.861+0000] {taskmixin.py:205} WARNING - Dependency <Task(EmailOperator): send_email>, prepare_email already registered for DAG: example_dag_decorator
[2025-07-13T11:18:58.883+0000] {processor.py:766} INFO - DAG(s) dict_keys(['example_dag_decorator']) retrieved from /home/airflow/.local/lib/python3.7/site-packages/airflow/example_dags/example_dag_decorator.py
[2025-07-13T11:18:59.088+0000] {logging_mixin.py:120} INFO - [2025-07-13T11:18:59.088+0000] {dag.py:2585} INFO - Sync 1 DAGs
[2025-07-13T11:18:59.231+0000] {logging_mixin.py:120} INFO - [2025-07-13T11:18:59.231+0000] {dag.py:3340} INFO - Setting next_dagrun for example_dag_decorator to None, run_after=None
[2025-07-13T11:18:59.311+0000] {processor.py:176} INFO - Processing /home/airflow/.local/lib/python3.7/site-packages/airflow/example_dags/example_dag_decorator.py took 0.477 seconds
[2025-07-13T11:19:30.905+0000] {processor.py:154} INFO - Started process (PID=9228) to work on /home/airflow/.local/lib/python3.7/site-packages/airflow/example_dags/example_dag_decorator.py
[2025-07-13T11:19:30.907+0000] {processor.py:756} INFO - Processing file /home/airflow/.local/lib/python3.7/site-packages/airflow/example_dags/example_dag_decorator.py for tasks to queue
[2025-07-13T11:19:30.908+0000] {logging_mixin.py:120} INFO - [2025-07-13T11:19:30.908+0000] {dagbag.py:537} INFO - Filling up the DagBag from /home/airflow/.local/lib/python3.7/site-packages/airflow/example_dags/example_dag_decorator.py
[2025-07-13T11:19:30.936+0000] {logging_mixin.py:120} INFO - [2025-07-13T11:19:30.935+0000] {taskmixin.py:205} WARNING - Dependency <Task(_PythonDecoratedOperator): prepare_email>, send_email already registered for DAG: example_dag_decorator
[2025-07-13T11:19:30.937+0000] {logging_mixin.py:120} INFO - [2025-07-13T11:19:30.936+0000] {taskmixin.py:205} WARNING - Dependency <Task(EmailOperator): send_email>, prepare_email already registered for DAG: example_dag_decorator
[2025-07-13T11:19:30.961+0000] {processor.py:766} INFO - DAG(s) dict_keys(['example_dag_decorator']) retrieved from /home/airflow/.local/lib/python3.7/site-packages/airflow/example_dags/example_dag_decorator.py
[2025-07-13T11:19:31.073+0000] {logging_mixin.py:120} INFO - [2025-07-13T11:19:31.073+0000] {dag.py:2585} INFO - Sync 1 DAGs
[2025-07-13T11:19:31.135+0000] {logging_mixin.py:120} INFO - [2025-07-13T11:19:31.131+0000] {dag.py:3340} INFO - Setting next_dagrun for example_dag_decorator to None, run_after=None
[2025-07-13T11:19:31.221+0000] {processor.py:176} INFO - Processing /home/airflow/.local/lib/python3.7/site-packages/airflow/example_dags/example_dag_decorator.py took 0.320 seconds
[2025-07-13T11:20:01.636+0000] {processor.py:154} INFO - Started process (PID=9281) to work on /home/airflow/.local/lib/python3.7/site-packages/airflow/example_dags/example_dag_decorator.py
[2025-07-13T11:20:01.637+0000] {processor.py:756} INFO - Processing file /home/airflow/.local/lib/python3.7/site-packages/airflow/example_dags/example_dag_decorator.py for tasks to queue
[2025-07-13T11:20:01.638+0000] {logging_mixin.py:120} INFO - [2025-07-13T11:20:01.638+0000] {dagbag.py:537} INFO - Filling up the DagBag from /home/airflow/.local/lib/python3.7/site-packages/airflow/example_dags/example_dag_decorator.py
[2025-07-13T11:20:01.657+0000] {logging_mixin.py:120} INFO - [2025-07-13T11:20:01.657+0000] {taskmixin.py:205} WARNING - Dependency <Task(_PythonDecoratedOperator): prepare_email>, send_email already registered for DAG: example_dag_decorator
[2025-07-13T11:20:01.664+0000] {logging_mixin.py:120} INFO - [2025-07-13T11:20:01.664+0000] {taskmixin.py:205} WARNING - Dependency <Task(EmailOperator): send_email>, prepare_email already registered for DAG: example_dag_decorator
[2025-07-13T11:20:01.683+0000] {processor.py:766} INFO - DAG(s) dict_keys(['example_dag_decorator']) retrieved from /home/airflow/.local/lib/python3.7/site-packages/airflow/example_dags/example_dag_decorator.py
[2025-07-13T11:20:01.794+0000] {logging_mixin.py:120} INFO - [2025-07-13T11:20:01.794+0000] {dag.py:2585} INFO - Sync 1 DAGs
[2025-07-13T11:20:01.829+0000] {logging_mixin.py:120} INFO - [2025-07-13T11:20:01.829+0000] {dag.py:3340} INFO - Setting next_dagrun for example_dag_decorator to None, run_after=None
[2025-07-13T11:20:01.861+0000] {processor.py:176} INFO - Processing /home/airflow/.local/lib/python3.7/site-packages/airflow/example_dags/example_dag_decorator.py took 0.231 seconds
[2025-07-13T11:20:32.375+0000] {processor.py:154} INFO - Started process (PID=9345) to work on /home/airflow/.local/lib/python3.7/site-packages/airflow/example_dags/example_dag_decorator.py
[2025-07-13T11:20:32.376+0000] {processor.py:756} INFO - Processing file /home/airflow/.local/lib/python3.7/site-packages/airflow/example_dags/example_dag_decorator.py for tasks to queue
[2025-07-13T11:20:32.377+0000] {logging_mixin.py:120} INFO - [2025-07-13T11:20:32.377+0000] {dagbag.py:537} INFO - Filling up the DagBag from /home/airflow/.local/lib/python3.7/site-packages/airflow/example_dags/example_dag_decorator.py
[2025-07-13T11:20:32.396+0000] {logging_mixin.py:120} INFO - [2025-07-13T11:20:32.396+0000] {taskmixin.py:205} WARNING - Dependency <Task(_PythonDecoratedOperator): prepare_email>, send_email already registered for DAG: example_dag_decorator
[2025-07-13T11:20:32.396+0000] {logging_mixin.py:120} INFO - [2025-07-13T11:20:32.396+0000] {taskmixin.py:205} WARNING - Dependency <Task(EmailOperator): send_email>, prepare_email already registered for DAG: example_dag_decorator
[2025-07-13T11:20:32.412+0000] {processor.py:766} INFO - DAG(s) dict_keys(['example_dag_decorator']) retrieved from /home/airflow/.local/lib/python3.7/site-packages/airflow/example_dags/example_dag_decorator.py
[2025-07-13T11:20:32.506+0000] {logging_mixin.py:120} INFO - [2025-07-13T11:20:32.505+0000] {dag.py:2585} INFO - Sync 1 DAGs
[2025-07-13T11:20:32.531+0000] {logging_mixin.py:120} INFO - [2025-07-13T11:20:32.531+0000] {dag.py:3340} INFO - Setting next_dagrun for example_dag_decorator to None, run_after=None
[2025-07-13T11:20:32.559+0000] {processor.py:176} INFO - Processing /home/airflow/.local/lib/python3.7/site-packages/airflow/example_dags/example_dag_decorator.py took 0.188 seconds
[2025-07-13T11:21:05.163+0000] {processor.py:154} INFO - Started process (PID=9406) to work on /home/airflow/.local/lib/python3.7/site-packages/airflow/example_dags/example_dag_decorator.py
[2025-07-13T11:21:05.168+0000] {processor.py:756} INFO - Processing file /home/airflow/.local/lib/python3.7/site-packages/airflow/example_dags/example_dag_decorator.py for tasks to queue
[2025-07-13T11:21:05.180+0000] {logging_mixin.py:120} INFO - [2025-07-13T11:21:05.171+0000] {dagbag.py:537} INFO - Filling up the DagBag from /home/airflow/.local/lib/python3.7/site-packages/airflow/example_dags/example_dag_decorator.py
[2025-07-13T11:21:05.269+0000] {logging_mixin.py:120} INFO - [2025-07-13T11:21:05.269+0000] {taskmixin.py:205} WARNING - Dependency <Task(_PythonDecoratedOperator): prepare_email>, send_email already registered for DAG: example_dag_decorator
[2025-07-13T11:21:05.278+0000] {logging_mixin.py:120} INFO - [2025-07-13T11:21:05.277+0000] {taskmixin.py:205} WARNING - Dependency <Task(EmailOperator): send_email>, prepare_email already registered for DAG: example_dag_decorator
[2025-07-13T11:21:05.398+0000] {processor.py:766} INFO - DAG(s) dict_keys(['example_dag_decorator']) retrieved from /home/airflow/.local/lib/python3.7/site-packages/airflow/example_dags/example_dag_decorator.py
[2025-07-13T11:21:06.186+0000] {logging_mixin.py:120} INFO - [2025-07-13T11:21:06.186+0000] {dag.py:2585} INFO - Sync 1 DAGs
[2025-07-13T11:21:06.476+0000] {logging_mixin.py:120} INFO - [2025-07-13T11:21:06.476+0000] {dag.py:3340} INFO - Setting next_dagrun for example_dag_decorator to None, run_after=None
[2025-07-13T11:21:07.016+0000] {processor.py:176} INFO - Processing /home/airflow/.local/lib/python3.7/site-packages/airflow/example_dags/example_dag_decorator.py took 1.864 seconds
[2025-07-13T11:21:38.297+0000] {processor.py:154} INFO - Started process (PID=9462) to work on /home/airflow/.local/lib/python3.7/site-packages/airflow/example_dags/example_dag_decorator.py
[2025-07-13T11:21:38.299+0000] {processor.py:756} INFO - Processing file /home/airflow/.local/lib/python3.7/site-packages/airflow/example_dags/example_dag_decorator.py for tasks to queue
[2025-07-13T11:21:38.302+0000] {logging_mixin.py:120} INFO - [2025-07-13T11:21:38.302+0000] {dagbag.py:537} INFO - Filling up the DagBag from /home/airflow/.local/lib/python3.7/site-packages/airflow/example_dags/example_dag_decorator.py
[2025-07-13T11:21:38.331+0000] {logging_mixin.py:120} INFO - [2025-07-13T11:21:38.331+0000] {taskmixin.py:205} WARNING - Dependency <Task(_PythonDecoratedOperator): prepare_email>, send_email already registered for DAG: example_dag_decorator
[2025-07-13T11:21:38.332+0000] {logging_mixin.py:120} INFO - [2025-07-13T11:21:38.332+0000] {taskmixin.py:205} WARNING - Dependency <Task(EmailOperator): send_email>, prepare_email already registered for DAG: example_dag_decorator
[2025-07-13T11:21:38.357+0000] {processor.py:766} INFO - DAG(s) dict_keys(['example_dag_decorator']) retrieved from /home/airflow/.local/lib/python3.7/site-packages/airflow/example_dags/example_dag_decorator.py
[2025-07-13T11:21:38.510+0000] {logging_mixin.py:120} INFO - [2025-07-13T11:21:38.510+0000] {dag.py:2585} INFO - Sync 1 DAGs
[2025-07-13T11:21:38.554+0000] {logging_mixin.py:120} INFO - [2025-07-13T11:21:38.554+0000] {dag.py:3340} INFO - Setting next_dagrun for example_dag_decorator to None, run_after=None
[2025-07-13T11:21:38.590+0000] {processor.py:176} INFO - Processing /home/airflow/.local/lib/python3.7/site-packages/airflow/example_dags/example_dag_decorator.py took 0.299 seconds
[2025-07-13T11:22:09.060+0000] {processor.py:154} INFO - Started process (PID=9516) to work on /home/airflow/.local/lib/python3.7/site-packages/airflow/example_dags/example_dag_decorator.py
[2025-07-13T11:22:09.061+0000] {processor.py:756} INFO - Processing file /home/airflow/.local/lib/python3.7/site-packages/airflow/example_dags/example_dag_decorator.py for tasks to queue
[2025-07-13T11:22:09.062+0000] {logging_mixin.py:120} INFO - [2025-07-13T11:22:09.062+0000] {dagbag.py:537} INFO - Filling up the DagBag from /home/airflow/.local/lib/python3.7/site-packages/airflow/example_dags/example_dag_decorator.py
[2025-07-13T11:22:09.084+0000] {logging_mixin.py:120} INFO - [2025-07-13T11:22:09.084+0000] {taskmixin.py:205} WARNING - Dependency <Task(_PythonDecoratedOperator): prepare_email>, send_email already registered for DAG: example_dag_decorator
[2025-07-13T11:22:09.085+0000] {logging_mixin.py:120} INFO - [2025-07-13T11:22:09.085+0000] {taskmixin.py:205} WARNING - Dependency <Task(EmailOperator): send_email>, prepare_email already registered for DAG: example_dag_decorator
[2025-07-13T11:22:09.109+0000] {processor.py:766} INFO - DAG(s) dict_keys(['example_dag_decorator']) retrieved from /home/airflow/.local/lib/python3.7/site-packages/airflow/example_dags/example_dag_decorator.py
[2025-07-13T11:22:09.247+0000] {logging_mixin.py:120} INFO - [2025-07-13T11:22:09.247+0000] {dag.py:2585} INFO - Sync 1 DAGs
[2025-07-13T11:22:09.292+0000] {logging_mixin.py:120} INFO - [2025-07-13T11:22:09.292+0000] {dag.py:3340} INFO - Setting next_dagrun for example_dag_decorator to None, run_after=None
[2025-07-13T11:22:09.384+0000] {processor.py:176} INFO - Processing /home/airflow/.local/lib/python3.7/site-packages/airflow/example_dags/example_dag_decorator.py took 0.329 seconds
[2025-07-13T11:22:41.587+0000] {processor.py:154} INFO - Started process (PID=9572) to work on /home/airflow/.local/lib/python3.7/site-packages/airflow/example_dags/example_dag_decorator.py
[2025-07-13T11:22:41.593+0000] {processor.py:756} INFO - Processing file /home/airflow/.local/lib/python3.7/site-packages/airflow/example_dags/example_dag_decorator.py for tasks to queue
[2025-07-13T11:22:41.607+0000] {logging_mixin.py:120} INFO - [2025-07-13T11:22:41.603+0000] {dagbag.py:537} INFO - Filling up the DagBag from /home/airflow/.local/lib/python3.7/site-packages/airflow/example_dags/example_dag_decorator.py
[2025-07-13T11:22:41.699+0000] {logging_mixin.py:120} INFO - [2025-07-13T11:22:41.699+0000] {taskmixin.py:205} WARNING - Dependency <Task(_PythonDecoratedOperator): prepare_email>, send_email already registered for DAG: example_dag_decorator
[2025-07-13T11:22:41.704+0000] {logging_mixin.py:120} INFO - [2025-07-13T11:22:41.704+0000] {taskmixin.py:205} WARNING - Dependency <Task(EmailOperator): send_email>, prepare_email already registered for DAG: example_dag_decorator
[2025-07-13T11:22:41.735+0000] {processor.py:766} INFO - DAG(s) dict_keys(['example_dag_decorator']) retrieved from /home/airflow/.local/lib/python3.7/site-packages/airflow/example_dags/example_dag_decorator.py
[2025-07-13T11:22:41.981+0000] {logging_mixin.py:120} INFO - [2025-07-13T11:22:41.981+0000] {dag.py:2585} INFO - Sync 1 DAGs
[2025-07-13T11:22:42.016+0000] {logging_mixin.py:120} INFO - [2025-07-13T11:22:42.016+0000] {dag.py:3340} INFO - Setting next_dagrun for example_dag_decorator to None, run_after=None
[2025-07-13T11:22:42.075+0000] {processor.py:176} INFO - Processing /home/airflow/.local/lib/python3.7/site-packages/airflow/example_dags/example_dag_decorator.py took 0.522 seconds
[2025-07-13T11:23:12.294+0000] {processor.py:154} INFO - Started process (PID=9625) to work on /home/airflow/.local/lib/python3.7/site-packages/airflow/example_dags/example_dag_decorator.py
[2025-07-13T11:23:12.295+0000] {processor.py:756} INFO - Processing file /home/airflow/.local/lib/python3.7/site-packages/airflow/example_dags/example_dag_decorator.py for tasks to queue
[2025-07-13T11:23:12.297+0000] {logging_mixin.py:120} INFO - [2025-07-13T11:23:12.297+0000] {dagbag.py:537} INFO - Filling up the DagBag from /home/airflow/.local/lib/python3.7/site-packages/airflow/example_dags/example_dag_decorator.py
[2025-07-13T11:23:12.328+0000] {logging_mixin.py:120} INFO - [2025-07-13T11:23:12.327+0000] {taskmixin.py:205} WARNING - Dependency <Task(_PythonDecoratedOperator): prepare_email>, send_email already registered for DAG: example_dag_decorator
[2025-07-13T11:23:12.328+0000] {logging_mixin.py:120} INFO - [2025-07-13T11:23:12.328+0000] {taskmixin.py:205} WARNING - Dependency <Task(EmailOperator): send_email>, prepare_email already registered for DAG: example_dag_decorator
[2025-07-13T11:23:12.347+0000] {processor.py:766} INFO - DAG(s) dict_keys(['example_dag_decorator']) retrieved from /home/airflow/.local/lib/python3.7/site-packages/airflow/example_dags/example_dag_decorator.py
[2025-07-13T11:23:12.479+0000] {logging_mixin.py:120} INFO - [2025-07-13T11:23:12.479+0000] {dag.py:2585} INFO - Sync 1 DAGs
[2025-07-13T11:23:12.519+0000] {logging_mixin.py:120} INFO - [2025-07-13T11:23:12.518+0000] {dag.py:3340} INFO - Setting next_dagrun for example_dag_decorator to None, run_after=None
[2025-07-13T11:23:12.559+0000] {processor.py:176} INFO - Processing /home/airflow/.local/lib/python3.7/site-packages/airflow/example_dags/example_dag_decorator.py took 0.271 seconds
[2025-07-13T11:23:43.194+0000] {processor.py:154} INFO - Started process (PID=9679) to work on /home/airflow/.local/lib/python3.7/site-packages/airflow/example_dags/example_dag_decorator.py
[2025-07-13T11:23:43.197+0000] {processor.py:756} INFO - Processing file /home/airflow/.local/lib/python3.7/site-packages/airflow/example_dags/example_dag_decorator.py for tasks to queue
[2025-07-13T11:23:43.206+0000] {logging_mixin.py:120} INFO - [2025-07-13T11:23:43.206+0000] {dagbag.py:537} INFO - Filling up the DagBag from /home/airflow/.local/lib/python3.7/site-packages/airflow/example_dags/example_dag_decorator.py
[2025-07-13T11:23:43.245+0000] {logging_mixin.py:120} INFO - [2025-07-13T11:23:43.245+0000] {taskmixin.py:205} WARNING - Dependency <Task(_PythonDecoratedOperator): prepare_email>, send_email already registered for DAG: example_dag_decorator
[2025-07-13T11:23:43.247+0000] {logging_mixin.py:120} INFO - [2025-07-13T11:23:43.246+0000] {taskmixin.py:205} WARNING - Dependency <Task(EmailOperator): send_email>, prepare_email already registered for DAG: example_dag_decorator
[2025-07-13T11:23:43.283+0000] {processor.py:766} INFO - DAG(s) dict_keys(['example_dag_decorator']) retrieved from /home/airflow/.local/lib/python3.7/site-packages/airflow/example_dags/example_dag_decorator.py
[2025-07-13T11:23:43.422+0000] {logging_mixin.py:120} INFO - [2025-07-13T11:23:43.422+0000] {dag.py:2585} INFO - Sync 1 DAGs
[2025-07-13T11:23:43.470+0000] {logging_mixin.py:120} INFO - [2025-07-13T11:23:43.470+0000] {dag.py:3340} INFO - Setting next_dagrun for example_dag_decorator to None, run_after=None
[2025-07-13T11:23:43.519+0000] {processor.py:176} INFO - Processing /home/airflow/.local/lib/python3.7/site-packages/airflow/example_dags/example_dag_decorator.py took 0.333 seconds
[2025-07-13T11:24:14.942+0000] {processor.py:154} INFO - Started process (PID=9742) to work on /home/airflow/.local/lib/python3.7/site-packages/airflow/example_dags/example_dag_decorator.py
[2025-07-13T11:24:14.945+0000] {processor.py:756} INFO - Processing file /home/airflow/.local/lib/python3.7/site-packages/airflow/example_dags/example_dag_decorator.py for tasks to queue
[2025-07-13T11:24:14.964+0000] {logging_mixin.py:120} INFO - [2025-07-13T11:24:14.963+0000] {dagbag.py:537} INFO - Filling up the DagBag from /home/airflow/.local/lib/python3.7/site-packages/airflow/example_dags/example_dag_decorator.py
[2025-07-13T11:24:15.035+0000] {logging_mixin.py:120} INFO - [2025-07-13T11:24:15.034+0000] {taskmixin.py:205} WARNING - Dependency <Task(_PythonDecoratedOperator): prepare_email>, send_email already registered for DAG: example_dag_decorator
[2025-07-13T11:24:15.052+0000] {logging_mixin.py:120} INFO - [2025-07-13T11:24:15.051+0000] {taskmixin.py:205} WARNING - Dependency <Task(EmailOperator): send_email>, prepare_email already registered for DAG: example_dag_decorator
[2025-07-13T11:24:15.164+0000] {processor.py:766} INFO - DAG(s) dict_keys(['example_dag_decorator']) retrieved from /home/airflow/.local/lib/python3.7/site-packages/airflow/example_dags/example_dag_decorator.py
[2025-07-13T11:24:15.939+0000] {logging_mixin.py:120} INFO - [2025-07-13T11:24:15.939+0000] {dag.py:2585} INFO - Sync 1 DAGs
[2025-07-13T11:24:16.063+0000] {logging_mixin.py:120} INFO - [2025-07-13T11:24:16.062+0000] {dag.py:3340} INFO - Setting next_dagrun for example_dag_decorator to None, run_after=None
[2025-07-13T11:24:16.119+0000] {processor.py:176} INFO - Processing /home/airflow/.local/lib/python3.7/site-packages/airflow/example_dags/example_dag_decorator.py took 1.195 seconds
[2025-07-13T11:24:46.639+0000] {processor.py:154} INFO - Started process (PID=9796) to work on /home/airflow/.local/lib/python3.7/site-packages/airflow/example_dags/example_dag_decorator.py
[2025-07-13T11:24:46.641+0000] {processor.py:756} INFO - Processing file /home/airflow/.local/lib/python3.7/site-packages/airflow/example_dags/example_dag_decorator.py for tasks to queue
[2025-07-13T11:24:46.642+0000] {logging_mixin.py:120} INFO - [2025-07-13T11:24:46.642+0000] {dagbag.py:537} INFO - Filling up the DagBag from /home/airflow/.local/lib/python3.7/site-packages/airflow/example_dags/example_dag_decorator.py
[2025-07-13T11:24:46.669+0000] {logging_mixin.py:120} INFO - [2025-07-13T11:24:46.669+0000] {taskmixin.py:205} WARNING - Dependency <Task(_PythonDecoratedOperator): prepare_email>, send_email already registered for DAG: example_dag_decorator
[2025-07-13T11:24:46.670+0000] {logging_mixin.py:120} INFO - [2025-07-13T11:24:46.670+0000] {taskmixin.py:205} WARNING - Dependency <Task(EmailOperator): send_email>, prepare_email already registered for DAG: example_dag_decorator
[2025-07-13T11:24:46.691+0000] {processor.py:766} INFO - DAG(s) dict_keys(['example_dag_decorator']) retrieved from /home/airflow/.local/lib/python3.7/site-packages/airflow/example_dags/example_dag_decorator.py
[2025-07-13T11:24:46.827+0000] {logging_mixin.py:120} INFO - [2025-07-13T11:24:46.827+0000] {dag.py:2585} INFO - Sync 1 DAGs
[2025-07-13T11:24:46.870+0000] {logging_mixin.py:120} INFO - [2025-07-13T11:24:46.869+0000] {dag.py:3340} INFO - Setting next_dagrun for example_dag_decorator to None, run_after=None
[2025-07-13T11:24:46.913+0000] {processor.py:176} INFO - Processing /home/airflow/.local/lib/python3.7/site-packages/airflow/example_dags/example_dag_decorator.py took 0.278 seconds
[2025-07-13T11:25:17.131+0000] {processor.py:154} INFO - Started process (PID=9859) to work on /home/airflow/.local/lib/python3.7/site-packages/airflow/example_dags/example_dag_decorator.py
[2025-07-13T11:25:17.133+0000] {processor.py:756} INFO - Processing file /home/airflow/.local/lib/python3.7/site-packages/airflow/example_dags/example_dag_decorator.py for tasks to queue
[2025-07-13T11:25:17.134+0000] {logging_mixin.py:120} INFO - [2025-07-13T11:25:17.133+0000] {dagbag.py:537} INFO - Filling up the DagBag from /home/airflow/.local/lib/python3.7/site-packages/airflow/example_dags/example_dag_decorator.py
[2025-07-13T11:25:17.154+0000] {logging_mixin.py:120} INFO - [2025-07-13T11:25:17.154+0000] {taskmixin.py:205} WARNING - Dependency <Task(_PythonDecoratedOperator): prepare_email>, send_email already registered for DAG: example_dag_decorator
[2025-07-13T11:25:17.155+0000] {logging_mixin.py:120} INFO - [2025-07-13T11:25:17.155+0000] {taskmixin.py:205} WARNING - Dependency <Task(EmailOperator): send_email>, prepare_email already registered for DAG: example_dag_decorator
[2025-07-13T11:25:17.172+0000] {processor.py:766} INFO - DAG(s) dict_keys(['example_dag_decorator']) retrieved from /home/airflow/.local/lib/python3.7/site-packages/airflow/example_dags/example_dag_decorator.py
[2025-07-13T11:25:17.291+0000] {logging_mixin.py:120} INFO - [2025-07-13T11:25:17.291+0000] {dag.py:2585} INFO - Sync 1 DAGs
[2025-07-13T11:25:17.327+0000] {logging_mixin.py:120} INFO - [2025-07-13T11:25:17.327+0000] {dag.py:3340} INFO - Setting next_dagrun for example_dag_decorator to None, run_after=None
[2025-07-13T11:25:17.361+0000] {processor.py:176} INFO - Processing /home/airflow/.local/lib/python3.7/site-packages/airflow/example_dags/example_dag_decorator.py took 0.235 seconds
[2025-07-13T11:25:48.216+0000] {processor.py:154} INFO - Started process (PID=9921) to work on /home/airflow/.local/lib/python3.7/site-packages/airflow/example_dags/example_dag_decorator.py
[2025-07-13T11:25:48.217+0000] {processor.py:756} INFO - Processing file /home/airflow/.local/lib/python3.7/site-packages/airflow/example_dags/example_dag_decorator.py for tasks to queue
[2025-07-13T11:25:48.218+0000] {logging_mixin.py:120} INFO - [2025-07-13T11:25:48.218+0000] {dagbag.py:537} INFO - Filling up the DagBag from /home/airflow/.local/lib/python3.7/site-packages/airflow/example_dags/example_dag_decorator.py
[2025-07-13T11:25:48.244+0000] {logging_mixin.py:120} INFO - [2025-07-13T11:25:48.244+0000] {taskmixin.py:205} WARNING - Dependency <Task(_PythonDecoratedOperator): prepare_email>, send_email already registered for DAG: example_dag_decorator
[2025-07-13T11:25:48.245+0000] {logging_mixin.py:120} INFO - [2025-07-13T11:25:48.245+0000] {taskmixin.py:205} WARNING - Dependency <Task(EmailOperator): send_email>, prepare_email already registered for DAG: example_dag_decorator
[2025-07-13T11:25:48.262+0000] {processor.py:766} INFO - DAG(s) dict_keys(['example_dag_decorator']) retrieved from /home/airflow/.local/lib/python3.7/site-packages/airflow/example_dags/example_dag_decorator.py
[2025-07-13T11:25:48.400+0000] {logging_mixin.py:120} INFO - [2025-07-13T11:25:48.400+0000] {dag.py:2585} INFO - Sync 1 DAGs
[2025-07-13T11:25:48.477+0000] {logging_mixin.py:120} INFO - [2025-07-13T11:25:48.477+0000] {dag.py:3340} INFO - Setting next_dagrun for example_dag_decorator to None, run_after=None
[2025-07-13T11:25:48.522+0000] {processor.py:176} INFO - Processing /home/airflow/.local/lib/python3.7/site-packages/airflow/example_dags/example_dag_decorator.py took 0.311 seconds
[2025-07-13T11:26:19.297+0000] {processor.py:154} INFO - Started process (PID=9976) to work on /home/airflow/.local/lib/python3.7/site-packages/airflow/example_dags/example_dag_decorator.py
[2025-07-13T11:26:19.299+0000] {processor.py:756} INFO - Processing file /home/airflow/.local/lib/python3.7/site-packages/airflow/example_dags/example_dag_decorator.py for tasks to queue
[2025-07-13T11:26:19.300+0000] {logging_mixin.py:120} INFO - [2025-07-13T11:26:19.300+0000] {dagbag.py:537} INFO - Filling up the DagBag from /home/airflow/.local/lib/python3.7/site-packages/airflow/example_dags/example_dag_decorator.py
[2025-07-13T11:26:19.336+0000] {logging_mixin.py:120} INFO - [2025-07-13T11:26:19.336+0000] {taskmixin.py:205} WARNING - Dependency <Task(_PythonDecoratedOperator): prepare_email>, send_email already registered for DAG: example_dag_decorator
[2025-07-13T11:26:19.336+0000] {logging_mixin.py:120} INFO - [2025-07-13T11:26:19.336+0000] {taskmixin.py:205} WARNING - Dependency <Task(EmailOperator): send_email>, prepare_email already registered for DAG: example_dag_decorator
[2025-07-13T11:26:19.367+0000] {processor.py:766} INFO - DAG(s) dict_keys(['example_dag_decorator']) retrieved from /home/airflow/.local/lib/python3.7/site-packages/airflow/example_dags/example_dag_decorator.py
[2025-07-13T11:26:19.577+0000] {logging_mixin.py:120} INFO - [2025-07-13T11:26:19.569+0000] {dag.py:2585} INFO - Sync 1 DAGs
[2025-07-13T11:26:19.643+0000] {logging_mixin.py:120} INFO - [2025-07-13T11:26:19.643+0000] {dag.py:3340} INFO - Setting next_dagrun for example_dag_decorator to None, run_after=None
[2025-07-13T11:26:19.697+0000] {processor.py:176} INFO - Processing /home/airflow/.local/lib/python3.7/site-packages/airflow/example_dags/example_dag_decorator.py took 0.408 seconds
[2025-07-13T11:26:50.008+0000] {processor.py:154} INFO - Started process (PID=10036) to work on /home/airflow/.local/lib/python3.7/site-packages/airflow/example_dags/example_dag_decorator.py
[2025-07-13T11:26:50.010+0000] {processor.py:756} INFO - Processing file /home/airflow/.local/lib/python3.7/site-packages/airflow/example_dags/example_dag_decorator.py for tasks to queue
[2025-07-13T11:26:50.013+0000] {logging_mixin.py:120} INFO - [2025-07-13T11:26:50.013+0000] {dagbag.py:537} INFO - Filling up the DagBag from /home/airflow/.local/lib/python3.7/site-packages/airflow/example_dags/example_dag_decorator.py
[2025-07-13T11:26:50.075+0000] {logging_mixin.py:120} INFO - [2025-07-13T11:26:50.075+0000] {taskmixin.py:205} WARNING - Dependency <Task(_PythonDecoratedOperator): prepare_email>, send_email already registered for DAG: example_dag_decorator
[2025-07-13T11:26:50.076+0000] {logging_mixin.py:120} INFO - [2025-07-13T11:26:50.076+0000] {taskmixin.py:205} WARNING - Dependency <Task(EmailOperator): send_email>, prepare_email already registered for DAG: example_dag_decorator
[2025-07-13T11:26:50.130+0000] {processor.py:766} INFO - DAG(s) dict_keys(['example_dag_decorator']) retrieved from /home/airflow/.local/lib/python3.7/site-packages/airflow/example_dags/example_dag_decorator.py
[2025-07-13T11:26:50.333+0000] {logging_mixin.py:120} INFO - [2025-07-13T11:26:50.332+0000] {dag.py:2585} INFO - Sync 1 DAGs
[2025-07-13T11:26:50.391+0000] {logging_mixin.py:120} INFO - [2025-07-13T11:26:50.391+0000] {dag.py:3340} INFO - Setting next_dagrun for example_dag_decorator to None, run_after=None
[2025-07-13T11:26:50.442+0000] {processor.py:176} INFO - Processing /home/airflow/.local/lib/python3.7/site-packages/airflow/example_dags/example_dag_decorator.py took 0.441 seconds
[2025-07-13T11:27:20.728+0000] {processor.py:154} INFO - Started process (PID=10092) to work on /home/airflow/.local/lib/python3.7/site-packages/airflow/example_dags/example_dag_decorator.py
[2025-07-13T11:27:20.729+0000] {processor.py:756} INFO - Processing file /home/airflow/.local/lib/python3.7/site-packages/airflow/example_dags/example_dag_decorator.py for tasks to queue
[2025-07-13T11:27:20.731+0000] {logging_mixin.py:120} INFO - [2025-07-13T11:27:20.730+0000] {dagbag.py:537} INFO - Filling up the DagBag from /home/airflow/.local/lib/python3.7/site-packages/airflow/example_dags/example_dag_decorator.py
[2025-07-13T11:27:20.752+0000] {logging_mixin.py:120} INFO - [2025-07-13T11:27:20.752+0000] {taskmixin.py:205} WARNING - Dependency <Task(_PythonDecoratedOperator): prepare_email>, send_email already registered for DAG: example_dag_decorator
[2025-07-13T11:27:20.752+0000] {logging_mixin.py:120} INFO - [2025-07-13T11:27:20.752+0000] {taskmixin.py:205} WARNING - Dependency <Task(EmailOperator): send_email>, prepare_email already registered for DAG: example_dag_decorator
[2025-07-13T11:27:20.773+0000] {processor.py:766} INFO - DAG(s) dict_keys(['example_dag_decorator']) retrieved from /home/airflow/.local/lib/python3.7/site-packages/airflow/example_dags/example_dag_decorator.py
[2025-07-13T11:27:20.948+0000] {logging_mixin.py:120} INFO - [2025-07-13T11:27:20.948+0000] {dag.py:2585} INFO - Sync 1 DAGs
[2025-07-13T11:27:20.980+0000] {logging_mixin.py:120} INFO - [2025-07-13T11:27:20.979+0000] {dag.py:3340} INFO - Setting next_dagrun for example_dag_decorator to None, run_after=None
[2025-07-13T11:27:21.013+0000] {processor.py:176} INFO - Processing /home/airflow/.local/lib/python3.7/site-packages/airflow/example_dags/example_dag_decorator.py took 0.292 seconds
[2025-07-13T11:27:51.619+0000] {processor.py:154} INFO - Started process (PID=10155) to work on /home/airflow/.local/lib/python3.7/site-packages/airflow/example_dags/example_dag_decorator.py
[2025-07-13T11:27:51.623+0000] {processor.py:756} INFO - Processing file /home/airflow/.local/lib/python3.7/site-packages/airflow/example_dags/example_dag_decorator.py for tasks to queue
[2025-07-13T11:27:51.625+0000] {logging_mixin.py:120} INFO - [2025-07-13T11:27:51.624+0000] {dagbag.py:537} INFO - Filling up the DagBag from /home/airflow/.local/lib/python3.7/site-packages/airflow/example_dags/example_dag_decorator.py
[2025-07-13T11:27:51.654+0000] {logging_mixin.py:120} INFO - [2025-07-13T11:27:51.654+0000] {taskmixin.py:205} WARNING - Dependency <Task(_PythonDecoratedOperator): prepare_email>, send_email already registered for DAG: example_dag_decorator
[2025-07-13T11:27:51.655+0000] {logging_mixin.py:120} INFO - [2025-07-13T11:27:51.655+0000] {taskmixin.py:205} WARNING - Dependency <Task(EmailOperator): send_email>, prepare_email already registered for DAG: example_dag_decorator
[2025-07-13T11:27:51.680+0000] {processor.py:766} INFO - DAG(s) dict_keys(['example_dag_decorator']) retrieved from /home/airflow/.local/lib/python3.7/site-packages/airflow/example_dags/example_dag_decorator.py
[2025-07-13T11:27:51.896+0000] {logging_mixin.py:120} INFO - [2025-07-13T11:27:51.896+0000] {dag.py:2585} INFO - Sync 1 DAGs
[2025-07-13T11:27:51.952+0000] {logging_mixin.py:120} INFO - [2025-07-13T11:27:51.952+0000] {dag.py:3340} INFO - Setting next_dagrun for example_dag_decorator to None, run_after=None
[2025-07-13T11:27:52.032+0000] {processor.py:176} INFO - Processing /home/airflow/.local/lib/python3.7/site-packages/airflow/example_dags/example_dag_decorator.py took 0.418 seconds
[2025-07-13T11:28:22.442+0000] {processor.py:154} INFO - Started process (PID=10209) to work on /home/airflow/.local/lib/python3.7/site-packages/airflow/example_dags/example_dag_decorator.py
[2025-07-13T11:28:22.443+0000] {processor.py:756} INFO - Processing file /home/airflow/.local/lib/python3.7/site-packages/airflow/example_dags/example_dag_decorator.py for tasks to queue
[2025-07-13T11:28:22.445+0000] {logging_mixin.py:120} INFO - [2025-07-13T11:28:22.445+0000] {dagbag.py:537} INFO - Filling up the DagBag from /home/airflow/.local/lib/python3.7/site-packages/airflow/example_dags/example_dag_decorator.py
[2025-07-13T11:28:22.474+0000] {logging_mixin.py:120} INFO - [2025-07-13T11:28:22.474+0000] {taskmixin.py:205} WARNING - Dependency <Task(_PythonDecoratedOperator): prepare_email>, send_email already registered for DAG: example_dag_decorator
[2025-07-13T11:28:22.475+0000] {logging_mixin.py:120} INFO - [2025-07-13T11:28:22.475+0000] {taskmixin.py:205} WARNING - Dependency <Task(EmailOperator): send_email>, prepare_email already registered for DAG: example_dag_decorator
[2025-07-13T11:28:22.505+0000] {processor.py:766} INFO - DAG(s) dict_keys(['example_dag_decorator']) retrieved from /home/airflow/.local/lib/python3.7/site-packages/airflow/example_dags/example_dag_decorator.py
[2025-07-13T11:28:22.674+0000] {logging_mixin.py:120} INFO - [2025-07-13T11:28:22.674+0000] {dag.py:2585} INFO - Sync 1 DAGs
[2025-07-13T11:28:22.718+0000] {logging_mixin.py:120} INFO - [2025-07-13T11:28:22.718+0000] {dag.py:3340} INFO - Setting next_dagrun for example_dag_decorator to None, run_after=None
[2025-07-13T11:28:22.753+0000] {processor.py:176} INFO - Processing /home/airflow/.local/lib/python3.7/site-packages/airflow/example_dags/example_dag_decorator.py took 0.316 seconds
[2025-07-13T11:28:53.270+0000] {processor.py:154} INFO - Started process (PID=10263) to work on /home/airflow/.local/lib/python3.7/site-packages/airflow/example_dags/example_dag_decorator.py
[2025-07-13T11:28:53.272+0000] {processor.py:756} INFO - Processing file /home/airflow/.local/lib/python3.7/site-packages/airflow/example_dags/example_dag_decorator.py for tasks to queue
[2025-07-13T11:28:53.274+0000] {logging_mixin.py:120} INFO - [2025-07-13T11:28:53.273+0000] {dagbag.py:537} INFO - Filling up the DagBag from /home/airflow/.local/lib/python3.7/site-packages/airflow/example_dags/example_dag_decorator.py
[2025-07-13T11:28:53.305+0000] {logging_mixin.py:120} INFO - [2025-07-13T11:28:53.305+0000] {taskmixin.py:205} WARNING - Dependency <Task(_PythonDecoratedOperator): prepare_email>, send_email already registered for DAG: example_dag_decorator
[2025-07-13T11:28:53.306+0000] {logging_mixin.py:120} INFO - [2025-07-13T11:28:53.306+0000] {taskmixin.py:205} WARNING - Dependency <Task(EmailOperator): send_email>, prepare_email already registered for DAG: example_dag_decorator
[2025-07-13T11:28:53.333+0000] {processor.py:766} INFO - DAG(s) dict_keys(['example_dag_decorator']) retrieved from /home/airflow/.local/lib/python3.7/site-packages/airflow/example_dags/example_dag_decorator.py
[2025-07-13T11:28:53.458+0000] {logging_mixin.py:120} INFO - [2025-07-13T11:28:53.457+0000] {dag.py:2585} INFO - Sync 1 DAGs
[2025-07-13T11:28:53.501+0000] {logging_mixin.py:120} INFO - [2025-07-13T11:28:53.500+0000] {dag.py:3340} INFO - Setting next_dagrun for example_dag_decorator to None, run_after=None
[2025-07-13T11:28:53.534+0000] {processor.py:176} INFO - Processing /home/airflow/.local/lib/python3.7/site-packages/airflow/example_dags/example_dag_decorator.py took 0.272 seconds
[2025-07-13T11:29:23.626+0000] {processor.py:154} INFO - Started process (PID=10326) to work on /home/airflow/.local/lib/python3.7/site-packages/airflow/example_dags/example_dag_decorator.py
[2025-07-13T11:29:23.628+0000] {processor.py:756} INFO - Processing file /home/airflow/.local/lib/python3.7/site-packages/airflow/example_dags/example_dag_decorator.py for tasks to queue
[2025-07-13T11:29:23.630+0000] {logging_mixin.py:120} INFO - [2025-07-13T11:29:23.630+0000] {dagbag.py:537} INFO - Filling up the DagBag from /home/airflow/.local/lib/python3.7/site-packages/airflow/example_dags/example_dag_decorator.py
[2025-07-13T11:29:23.682+0000] {logging_mixin.py:120} INFO - [2025-07-13T11:29:23.682+0000] {taskmixin.py:205} WARNING - Dependency <Task(_PythonDecoratedOperator): prepare_email>, send_email already registered for DAG: example_dag_decorator
[2025-07-13T11:29:23.683+0000] {logging_mixin.py:120} INFO - [2025-07-13T11:29:23.683+0000] {taskmixin.py:205} WARNING - Dependency <Task(EmailOperator): send_email>, prepare_email already registered for DAG: example_dag_decorator
[2025-07-13T11:29:23.719+0000] {processor.py:766} INFO - DAG(s) dict_keys(['example_dag_decorator']) retrieved from /home/airflow/.local/lib/python3.7/site-packages/airflow/example_dags/example_dag_decorator.py
[2025-07-13T11:29:24.102+0000] {logging_mixin.py:120} INFO - [2025-07-13T11:29:24.101+0000] {dag.py:2585} INFO - Sync 1 DAGs
[2025-07-13T11:29:24.194+0000] {logging_mixin.py:120} INFO - [2025-07-13T11:29:24.194+0000] {dag.py:3340} INFO - Setting next_dagrun for example_dag_decorator to None, run_after=None
[2025-07-13T11:29:24.263+0000] {processor.py:176} INFO - Processing /home/airflow/.local/lib/python3.7/site-packages/airflow/example_dags/example_dag_decorator.py took 0.643 seconds
[2025-07-13T11:29:54.538+0000] {processor.py:154} INFO - Started process (PID=10379) to work on /home/airflow/.local/lib/python3.7/site-packages/airflow/example_dags/example_dag_decorator.py
[2025-07-13T11:29:54.540+0000] {processor.py:756} INFO - Processing file /home/airflow/.local/lib/python3.7/site-packages/airflow/example_dags/example_dag_decorator.py for tasks to queue
[2025-07-13T11:29:54.544+0000] {logging_mixin.py:120} INFO - [2025-07-13T11:29:54.543+0000] {dagbag.py:537} INFO - Filling up the DagBag from /home/airflow/.local/lib/python3.7/site-packages/airflow/example_dags/example_dag_decorator.py
[2025-07-13T11:29:54.589+0000] {logging_mixin.py:120} INFO - [2025-07-13T11:29:54.589+0000] {taskmixin.py:205} WARNING - Dependency <Task(_PythonDecoratedOperator): prepare_email>, send_email already registered for DAG: example_dag_decorator
[2025-07-13T11:29:54.590+0000] {logging_mixin.py:120} INFO - [2025-07-13T11:29:54.590+0000] {taskmixin.py:205} WARNING - Dependency <Task(EmailOperator): send_email>, prepare_email already registered for DAG: example_dag_decorator
[2025-07-13T11:29:54.629+0000] {processor.py:766} INFO - DAG(s) dict_keys(['example_dag_decorator']) retrieved from /home/airflow/.local/lib/python3.7/site-packages/airflow/example_dags/example_dag_decorator.py
[2025-07-13T11:29:54.926+0000] {logging_mixin.py:120} INFO - [2025-07-13T11:29:54.925+0000] {dag.py:2585} INFO - Sync 1 DAGs
[2025-07-13T11:29:54.970+0000] {logging_mixin.py:120} INFO - [2025-07-13T11:29:54.970+0000] {dag.py:3340} INFO - Setting next_dagrun for example_dag_decorator to None, run_after=None
[2025-07-13T11:29:55.011+0000] {processor.py:176} INFO - Processing /home/airflow/.local/lib/python3.7/site-packages/airflow/example_dags/example_dag_decorator.py took 0.477 seconds
[2025-07-13T11:30:27.582+0000] {processor.py:154} INFO - Started process (PID=10434) to work on /home/airflow/.local/lib/python3.7/site-packages/airflow/example_dags/example_dag_decorator.py
[2025-07-13T11:30:27.584+0000] {processor.py:756} INFO - Processing file /home/airflow/.local/lib/python3.7/site-packages/airflow/example_dags/example_dag_decorator.py for tasks to queue
[2025-07-13T11:30:27.585+0000] {logging_mixin.py:120} INFO - [2025-07-13T11:30:27.585+0000] {dagbag.py:537} INFO - Filling up the DagBag from /home/airflow/.local/lib/python3.7/site-packages/airflow/example_dags/example_dag_decorator.py
[2025-07-13T11:30:27.631+0000] {logging_mixin.py:120} INFO - [2025-07-13T11:30:27.631+0000] {taskmixin.py:205} WARNING - Dependency <Task(_PythonDecoratedOperator): prepare_email>, send_email already registered for DAG: example_dag_decorator
[2025-07-13T11:30:27.632+0000] {logging_mixin.py:120} INFO - [2025-07-13T11:30:27.632+0000] {taskmixin.py:205} WARNING - Dependency <Task(EmailOperator): send_email>, prepare_email already registered for DAG: example_dag_decorator
[2025-07-13T11:30:27.686+0000] {processor.py:766} INFO - DAG(s) dict_keys(['example_dag_decorator']) retrieved from /home/airflow/.local/lib/python3.7/site-packages/airflow/example_dags/example_dag_decorator.py
[2025-07-13T11:30:27.985+0000] {logging_mixin.py:120} INFO - [2025-07-13T11:30:27.985+0000] {dag.py:2585} INFO - Sync 1 DAGs
[2025-07-13T11:30:28.104+0000] {logging_mixin.py:120} INFO - [2025-07-13T11:30:28.104+0000] {dag.py:3340} INFO - Setting next_dagrun for example_dag_decorator to None, run_after=None
[2025-07-13T11:30:28.195+0000] {processor.py:176} INFO - Processing /home/airflow/.local/lib/python3.7/site-packages/airflow/example_dags/example_dag_decorator.py took 0.624 seconds
[2025-07-13T11:30:59.003+0000] {processor.py:154} INFO - Started process (PID=10497) to work on /home/airflow/.local/lib/python3.7/site-packages/airflow/example_dags/example_dag_decorator.py
[2025-07-13T11:30:59.007+0000] {processor.py:756} INFO - Processing file /home/airflow/.local/lib/python3.7/site-packages/airflow/example_dags/example_dag_decorator.py for tasks to queue
[2025-07-13T11:30:59.019+0000] {logging_mixin.py:120} INFO - [2025-07-13T11:30:59.018+0000] {dagbag.py:537} INFO - Filling up the DagBag from /home/airflow/.local/lib/python3.7/site-packages/airflow/example_dags/example_dag_decorator.py
[2025-07-13T11:30:59.122+0000] {logging_mixin.py:120} INFO - [2025-07-13T11:30:59.121+0000] {taskmixin.py:205} WARNING - Dependency <Task(_PythonDecoratedOperator): prepare_email>, send_email already registered for DAG: example_dag_decorator
[2025-07-13T11:30:59.152+0000] {logging_mixin.py:120} INFO - [2025-07-13T11:30:59.152+0000] {taskmixin.py:205} WARNING - Dependency <Task(EmailOperator): send_email>, prepare_email already registered for DAG: example_dag_decorator
[2025-07-13T11:30:59.256+0000] {processor.py:766} INFO - DAG(s) dict_keys(['example_dag_decorator']) retrieved from /home/airflow/.local/lib/python3.7/site-packages/airflow/example_dags/example_dag_decorator.py
[2025-07-13T11:30:59.724+0000] {logging_mixin.py:120} INFO - [2025-07-13T11:30:59.721+0000] {dag.py:2585} INFO - Sync 1 DAGs
[2025-07-13T11:30:59.863+0000] {logging_mixin.py:120} INFO - [2025-07-13T11:30:59.862+0000] {dag.py:3340} INFO - Setting next_dagrun for example_dag_decorator to None, run_after=None
[2025-07-13T11:31:00.049+0000] {processor.py:176} INFO - Processing /home/airflow/.local/lib/python3.7/site-packages/airflow/example_dags/example_dag_decorator.py took 1.052 seconds
[2025-07-13T11:31:30.143+0000] {processor.py:154} INFO - Started process (PID=10550) to work on /home/airflow/.local/lib/python3.7/site-packages/airflow/example_dags/example_dag_decorator.py
[2025-07-13T11:31:30.145+0000] {processor.py:756} INFO - Processing file /home/airflow/.local/lib/python3.7/site-packages/airflow/example_dags/example_dag_decorator.py for tasks to queue
[2025-07-13T11:31:30.146+0000] {logging_mixin.py:120} INFO - [2025-07-13T11:31:30.146+0000] {dagbag.py:537} INFO - Filling up the DagBag from /home/airflow/.local/lib/python3.7/site-packages/airflow/example_dags/example_dag_decorator.py
[2025-07-13T11:31:30.172+0000] {logging_mixin.py:120} INFO - [2025-07-13T11:31:30.172+0000] {taskmixin.py:205} WARNING - Dependency <Task(_PythonDecoratedOperator): prepare_email>, send_email already registered for DAG: example_dag_decorator
[2025-07-13T11:31:30.173+0000] {logging_mixin.py:120} INFO - [2025-07-13T11:31:30.173+0000] {taskmixin.py:205} WARNING - Dependency <Task(EmailOperator): send_email>, prepare_email already registered for DAG: example_dag_decorator
[2025-07-13T11:31:30.196+0000] {processor.py:766} INFO - DAG(s) dict_keys(['example_dag_decorator']) retrieved from /home/airflow/.local/lib/python3.7/site-packages/airflow/example_dags/example_dag_decorator.py
[2025-07-13T11:31:30.346+0000] {logging_mixin.py:120} INFO - [2025-07-13T11:31:30.346+0000] {dag.py:2585} INFO - Sync 1 DAGs
[2025-07-13T11:31:30.378+0000] {logging_mixin.py:120} INFO - [2025-07-13T11:31:30.378+0000] {dag.py:3340} INFO - Setting next_dagrun for example_dag_decorator to None, run_after=None
[2025-07-13T11:31:30.407+0000] {processor.py:176} INFO - Processing /home/airflow/.local/lib/python3.7/site-packages/airflow/example_dags/example_dag_decorator.py took 0.270 seconds
[2025-07-13T11:32:00.772+0000] {processor.py:154} INFO - Started process (PID=10604) to work on /home/airflow/.local/lib/python3.7/site-packages/airflow/example_dags/example_dag_decorator.py
[2025-07-13T11:32:00.775+0000] {processor.py:756} INFO - Processing file /home/airflow/.local/lib/python3.7/site-packages/airflow/example_dags/example_dag_decorator.py for tasks to queue
[2025-07-13T11:32:00.777+0000] {logging_mixin.py:120} INFO - [2025-07-13T11:32:00.776+0000] {dagbag.py:537} INFO - Filling up the DagBag from /home/airflow/.local/lib/python3.7/site-packages/airflow/example_dags/example_dag_decorator.py
[2025-07-13T11:32:00.806+0000] {logging_mixin.py:120} INFO - [2025-07-13T11:32:00.805+0000] {taskmixin.py:205} WARNING - Dependency <Task(_PythonDecoratedOperator): prepare_email>, send_email already registered for DAG: example_dag_decorator
[2025-07-13T11:32:00.807+0000] {logging_mixin.py:120} INFO - [2025-07-13T11:32:00.807+0000] {taskmixin.py:205} WARNING - Dependency <Task(EmailOperator): send_email>, prepare_email already registered for DAG: example_dag_decorator
[2025-07-13T11:32:00.835+0000] {processor.py:766} INFO - DAG(s) dict_keys(['example_dag_decorator']) retrieved from /home/airflow/.local/lib/python3.7/site-packages/airflow/example_dags/example_dag_decorator.py
[2025-07-13T11:32:01.012+0000] {logging_mixin.py:120} INFO - [2025-07-13T11:32:01.011+0000] {dag.py:2585} INFO - Sync 1 DAGs
[2025-07-13T11:32:01.066+0000] {logging_mixin.py:120} INFO - [2025-07-13T11:32:01.066+0000] {dag.py:3340} INFO - Setting next_dagrun for example_dag_decorator to None, run_after=None
[2025-07-13T11:32:01.193+0000] {processor.py:176} INFO - Processing /home/airflow/.local/lib/python3.7/site-packages/airflow/example_dags/example_dag_decorator.py took 0.426 seconds
[2025-07-13T11:32:31.852+0000] {processor.py:154} INFO - Started process (PID=10667) to work on /home/airflow/.local/lib/python3.7/site-packages/airflow/example_dags/example_dag_decorator.py
[2025-07-13T11:32:31.855+0000] {processor.py:756} INFO - Processing file /home/airflow/.local/lib/python3.7/site-packages/airflow/example_dags/example_dag_decorator.py for tasks to queue
[2025-07-13T11:32:31.857+0000] {logging_mixin.py:120} INFO - [2025-07-13T11:32:31.856+0000] {dagbag.py:537} INFO - Filling up the DagBag from /home/airflow/.local/lib/python3.7/site-packages/airflow/example_dags/example_dag_decorator.py
[2025-07-13T11:32:31.882+0000] {logging_mixin.py:120} INFO - [2025-07-13T11:32:31.882+0000] {taskmixin.py:205} WARNING - Dependency <Task(_PythonDecoratedOperator): prepare_email>, send_email already registered for DAG: example_dag_decorator
[2025-07-13T11:32:31.882+0000] {logging_mixin.py:120} INFO - [2025-07-13T11:32:31.882+0000] {taskmixin.py:205} WARNING - Dependency <Task(EmailOperator): send_email>, prepare_email already registered for DAG: example_dag_decorator
[2025-07-13T11:32:31.902+0000] {processor.py:766} INFO - DAG(s) dict_keys(['example_dag_decorator']) retrieved from /home/airflow/.local/lib/python3.7/site-packages/airflow/example_dags/example_dag_decorator.py
[2025-07-13T11:32:32.045+0000] {logging_mixin.py:120} INFO - [2025-07-13T11:32:32.044+0000] {dag.py:2585} INFO - Sync 1 DAGs
[2025-07-13T11:32:32.084+0000] {logging_mixin.py:120} INFO - [2025-07-13T11:32:32.084+0000] {dag.py:3340} INFO - Setting next_dagrun for example_dag_decorator to None, run_after=None
[2025-07-13T11:32:32.113+0000] {processor.py:176} INFO - Processing /home/airflow/.local/lib/python3.7/site-packages/airflow/example_dags/example_dag_decorator.py took 0.266 seconds
[2025-07-13T11:33:02.311+0000] {processor.py:154} INFO - Started process (PID=10721) to work on /home/airflow/.local/lib/python3.7/site-packages/airflow/example_dags/example_dag_decorator.py
[2025-07-13T11:33:02.313+0000] {processor.py:756} INFO - Processing file /home/airflow/.local/lib/python3.7/site-packages/airflow/example_dags/example_dag_decorator.py for tasks to queue
[2025-07-13T11:33:02.314+0000] {logging_mixin.py:120} INFO - [2025-07-13T11:33:02.314+0000] {dagbag.py:537} INFO - Filling up the DagBag from /home/airflow/.local/lib/python3.7/site-packages/airflow/example_dags/example_dag_decorator.py
[2025-07-13T11:33:02.341+0000] {logging_mixin.py:120} INFO - [2025-07-13T11:33:02.341+0000] {taskmixin.py:205} WARNING - Dependency <Task(_PythonDecoratedOperator): prepare_email>, send_email already registered for DAG: example_dag_decorator
[2025-07-13T11:33:02.342+0000] {logging_mixin.py:120} INFO - [2025-07-13T11:33:02.342+0000] {taskmixin.py:205} WARNING - Dependency <Task(EmailOperator): send_email>, prepare_email already registered for DAG: example_dag_decorator
[2025-07-13T11:33:02.363+0000] {processor.py:766} INFO - DAG(s) dict_keys(['example_dag_decorator']) retrieved from /home/airflow/.local/lib/python3.7/site-packages/airflow/example_dags/example_dag_decorator.py
[2025-07-13T11:33:02.467+0000] {logging_mixin.py:120} INFO - [2025-07-13T11:33:02.467+0000] {dag.py:2585} INFO - Sync 1 DAGs
[2025-07-13T11:33:02.497+0000] {logging_mixin.py:120} INFO - [2025-07-13T11:33:02.497+0000] {dag.py:3340} INFO - Setting next_dagrun for example_dag_decorator to None, run_after=None
[2025-07-13T11:33:02.526+0000] {processor.py:176} INFO - Processing /home/airflow/.local/lib/python3.7/site-packages/airflow/example_dags/example_dag_decorator.py took 0.219 seconds
[2025-07-13T11:33:33.454+0000] {processor.py:154} INFO - Started process (PID=10785) to work on /home/airflow/.local/lib/python3.7/site-packages/airflow/example_dags/example_dag_decorator.py
[2025-07-13T11:33:33.460+0000] {processor.py:756} INFO - Processing file /home/airflow/.local/lib/python3.7/site-packages/airflow/example_dags/example_dag_decorator.py for tasks to queue
[2025-07-13T11:33:33.462+0000] {logging_mixin.py:120} INFO - [2025-07-13T11:33:33.461+0000] {dagbag.py:537} INFO - Filling up the DagBag from /home/airflow/.local/lib/python3.7/site-packages/airflow/example_dags/example_dag_decorator.py
[2025-07-13T11:33:33.499+0000] {logging_mixin.py:120} INFO - [2025-07-13T11:33:33.499+0000] {taskmixin.py:205} WARNING - Dependency <Task(_PythonDecoratedOperator): prepare_email>, send_email already registered for DAG: example_dag_decorator
[2025-07-13T11:33:33.501+0000] {logging_mixin.py:120} INFO - [2025-07-13T11:33:33.500+0000] {taskmixin.py:205} WARNING - Dependency <Task(EmailOperator): send_email>, prepare_email already registered for DAG: example_dag_decorator
[2025-07-13T11:33:33.536+0000] {processor.py:766} INFO - DAG(s) dict_keys(['example_dag_decorator']) retrieved from /home/airflow/.local/lib/python3.7/site-packages/airflow/example_dags/example_dag_decorator.py
[2025-07-13T11:33:33.733+0000] {logging_mixin.py:120} INFO - [2025-07-13T11:33:33.732+0000] {dag.py:2585} INFO - Sync 1 DAGs
[2025-07-13T11:33:33.788+0000] {logging_mixin.py:120} INFO - [2025-07-13T11:33:33.788+0000] {dag.py:3340} INFO - Setting next_dagrun for example_dag_decorator to None, run_after=None
[2025-07-13T11:33:33.838+0000] {processor.py:176} INFO - Processing /home/airflow/.local/lib/python3.7/site-packages/airflow/example_dags/example_dag_decorator.py took 0.396 seconds
[2025-07-13T11:34:04.100+0000] {processor.py:154} INFO - Started process (PID=10840) to work on /home/airflow/.local/lib/python3.7/site-packages/airflow/example_dags/example_dag_decorator.py
[2025-07-13T11:34:04.102+0000] {processor.py:756} INFO - Processing file /home/airflow/.local/lib/python3.7/site-packages/airflow/example_dags/example_dag_decorator.py for tasks to queue
[2025-07-13T11:34:04.104+0000] {logging_mixin.py:120} INFO - [2025-07-13T11:34:04.104+0000] {dagbag.py:537} INFO - Filling up the DagBag from /home/airflow/.local/lib/python3.7/site-packages/airflow/example_dags/example_dag_decorator.py
[2025-07-13T11:34:04.135+0000] {logging_mixin.py:120} INFO - [2025-07-13T11:34:04.134+0000] {taskmixin.py:205} WARNING - Dependency <Task(_PythonDecoratedOperator): prepare_email>, send_email already registered for DAG: example_dag_decorator
[2025-07-13T11:34:04.136+0000] {logging_mixin.py:120} INFO - [2025-07-13T11:34:04.136+0000] {taskmixin.py:205} WARNING - Dependency <Task(EmailOperator): send_email>, prepare_email already registered for DAG: example_dag_decorator
[2025-07-13T11:34:04.153+0000] {processor.py:766} INFO - DAG(s) dict_keys(['example_dag_decorator']) retrieved from /home/airflow/.local/lib/python3.7/site-packages/airflow/example_dags/example_dag_decorator.py
[2025-07-13T11:34:04.256+0000] {logging_mixin.py:120} INFO - [2025-07-13T11:34:04.255+0000] {dag.py:2585} INFO - Sync 1 DAGs
[2025-07-13T11:34:04.283+0000] {logging_mixin.py:120} INFO - [2025-07-13T11:34:04.282+0000] {dag.py:3340} INFO - Setting next_dagrun for example_dag_decorator to None, run_after=None
[2025-07-13T11:34:04.312+0000] {processor.py:176} INFO - Processing /home/airflow/.local/lib/python3.7/site-packages/airflow/example_dags/example_dag_decorator.py took 0.217 seconds
[2025-07-13T11:34:35.840+0000] {processor.py:154} INFO - Started process (PID=10903) to work on /home/airflow/.local/lib/python3.7/site-packages/airflow/example_dags/example_dag_decorator.py
[2025-07-13T11:34:35.842+0000] {processor.py:756} INFO - Processing file /home/airflow/.local/lib/python3.7/site-packages/airflow/example_dags/example_dag_decorator.py for tasks to queue
[2025-07-13T11:34:35.843+0000] {logging_mixin.py:120} INFO - [2025-07-13T11:34:35.843+0000] {dagbag.py:537} INFO - Filling up the DagBag from /home/airflow/.local/lib/python3.7/site-packages/airflow/example_dags/example_dag_decorator.py
[2025-07-13T11:34:35.891+0000] {logging_mixin.py:120} INFO - [2025-07-13T11:34:35.891+0000] {taskmixin.py:205} WARNING - Dependency <Task(_PythonDecoratedOperator): prepare_email>, send_email already registered for DAG: example_dag_decorator
[2025-07-13T11:34:35.903+0000] {logging_mixin.py:120} INFO - [2025-07-13T11:34:35.892+0000] {taskmixin.py:205} WARNING - Dependency <Task(EmailOperator): send_email>, prepare_email already registered for DAG: example_dag_decorator
[2025-07-13T11:34:35.982+0000] {processor.py:766} INFO - DAG(s) dict_keys(['example_dag_decorator']) retrieved from /home/airflow/.local/lib/python3.7/site-packages/airflow/example_dags/example_dag_decorator.py
[2025-07-13T11:34:36.332+0000] {logging_mixin.py:120} INFO - [2025-07-13T11:34:36.331+0000] {dag.py:2585} INFO - Sync 1 DAGs
[2025-07-13T11:34:36.502+0000] {logging_mixin.py:120} INFO - [2025-07-13T11:34:36.502+0000] {dag.py:3340} INFO - Setting next_dagrun for example_dag_decorator to None, run_after=None
[2025-07-13T11:34:36.604+0000] {processor.py:176} INFO - Processing /home/airflow/.local/lib/python3.7/site-packages/airflow/example_dags/example_dag_decorator.py took 0.770 seconds
[2025-07-13T11:35:07.092+0000] {processor.py:154} INFO - Started process (PID=10956) to work on /home/airflow/.local/lib/python3.7/site-packages/airflow/example_dags/example_dag_decorator.py
[2025-07-13T11:35:07.094+0000] {processor.py:756} INFO - Processing file /home/airflow/.local/lib/python3.7/site-packages/airflow/example_dags/example_dag_decorator.py for tasks to queue
[2025-07-13T11:35:07.097+0000] {logging_mixin.py:120} INFO - [2025-07-13T11:35:07.097+0000] {dagbag.py:537} INFO - Filling up the DagBag from /home/airflow/.local/lib/python3.7/site-packages/airflow/example_dags/example_dag_decorator.py
[2025-07-13T11:35:07.121+0000] {logging_mixin.py:120} INFO - [2025-07-13T11:35:07.121+0000] {taskmixin.py:205} WARNING - Dependency <Task(_PythonDecoratedOperator): prepare_email>, send_email already registered for DAG: example_dag_decorator
[2025-07-13T11:35:07.121+0000] {logging_mixin.py:120} INFO - [2025-07-13T11:35:07.121+0000] {taskmixin.py:205} WARNING - Dependency <Task(EmailOperator): send_email>, prepare_email already registered for DAG: example_dag_decorator
[2025-07-13T11:35:07.141+0000] {processor.py:766} INFO - DAG(s) dict_keys(['example_dag_decorator']) retrieved from /home/airflow/.local/lib/python3.7/site-packages/airflow/example_dags/example_dag_decorator.py
[2025-07-13T11:35:07.266+0000] {logging_mixin.py:120} INFO - [2025-07-13T11:35:07.266+0000] {dag.py:2585} INFO - Sync 1 DAGs
[2025-07-13T11:35:07.311+0000] {logging_mixin.py:120} INFO - [2025-07-13T11:35:07.311+0000] {dag.py:3340} INFO - Setting next_dagrun for example_dag_decorator to None, run_after=None
[2025-07-13T11:35:07.345+0000] {processor.py:176} INFO - Processing /home/airflow/.local/lib/python3.7/site-packages/airflow/example_dags/example_dag_decorator.py took 0.257 seconds
[2025-07-13T11:35:37.857+0000] {processor.py:154} INFO - Started process (PID=11020) to work on /home/airflow/.local/lib/python3.7/site-packages/airflow/example_dags/example_dag_decorator.py
[2025-07-13T11:35:37.859+0000] {processor.py:756} INFO - Processing file /home/airflow/.local/lib/python3.7/site-packages/airflow/example_dags/example_dag_decorator.py for tasks to queue
[2025-07-13T11:35:37.860+0000] {logging_mixin.py:120} INFO - [2025-07-13T11:35:37.860+0000] {dagbag.py:537} INFO - Filling up the DagBag from /home/airflow/.local/lib/python3.7/site-packages/airflow/example_dags/example_dag_decorator.py
[2025-07-13T11:35:37.885+0000] {logging_mixin.py:120} INFO - [2025-07-13T11:35:37.885+0000] {taskmixin.py:205} WARNING - Dependency <Task(_PythonDecoratedOperator): prepare_email>, send_email already registered for DAG: example_dag_decorator
[2025-07-13T11:35:37.886+0000] {logging_mixin.py:120} INFO - [2025-07-13T11:35:37.886+0000] {taskmixin.py:205} WARNING - Dependency <Task(EmailOperator): send_email>, prepare_email already registered for DAG: example_dag_decorator
[2025-07-13T11:35:37.905+0000] {processor.py:766} INFO - DAG(s) dict_keys(['example_dag_decorator']) retrieved from /home/airflow/.local/lib/python3.7/site-packages/airflow/example_dags/example_dag_decorator.py
[2025-07-13T11:35:38.040+0000] {logging_mixin.py:120} INFO - [2025-07-13T11:35:38.039+0000] {dag.py:2585} INFO - Sync 1 DAGs
[2025-07-13T11:35:38.081+0000] {logging_mixin.py:120} INFO - [2025-07-13T11:35:38.081+0000] {dag.py:3340} INFO - Setting next_dagrun for example_dag_decorator to None, run_after=None
[2025-07-13T11:35:38.121+0000] {processor.py:176} INFO - Processing /home/airflow/.local/lib/python3.7/site-packages/airflow/example_dags/example_dag_decorator.py took 0.268 seconds
[2025-07-13T11:36:08.203+0000] {processor.py:154} INFO - Started process (PID=11074) to work on /home/airflow/.local/lib/python3.7/site-packages/airflow/example_dags/example_dag_decorator.py
[2025-07-13T11:36:08.206+0000] {processor.py:756} INFO - Processing file /home/airflow/.local/lib/python3.7/site-packages/airflow/example_dags/example_dag_decorator.py for tasks to queue
[2025-07-13T11:36:08.209+0000] {logging_mixin.py:120} INFO - [2025-07-13T11:36:08.209+0000] {dagbag.py:537} INFO - Filling up the DagBag from /home/airflow/.local/lib/python3.7/site-packages/airflow/example_dags/example_dag_decorator.py
[2025-07-13T11:36:08.253+0000] {logging_mixin.py:120} INFO - [2025-07-13T11:36:08.253+0000] {taskmixin.py:205} WARNING - Dependency <Task(_PythonDecoratedOperator): prepare_email>, send_email already registered for DAG: example_dag_decorator
[2025-07-13T11:36:08.254+0000] {logging_mixin.py:120} INFO - [2025-07-13T11:36:08.254+0000] {taskmixin.py:205} WARNING - Dependency <Task(EmailOperator): send_email>, prepare_email already registered for DAG: example_dag_decorator
[2025-07-13T11:36:08.274+0000] {processor.py:766} INFO - DAG(s) dict_keys(['example_dag_decorator']) retrieved from /home/airflow/.local/lib/python3.7/site-packages/airflow/example_dags/example_dag_decorator.py
[2025-07-13T11:36:08.411+0000] {logging_mixin.py:120} INFO - [2025-07-13T11:36:08.410+0000] {dag.py:2585} INFO - Sync 1 DAGs
[2025-07-13T11:36:08.443+0000] {logging_mixin.py:120} INFO - [2025-07-13T11:36:08.443+0000] {dag.py:3340} INFO - Setting next_dagrun for example_dag_decorator to None, run_after=None
[2025-07-13T11:36:08.470+0000] {processor.py:176} INFO - Processing /home/airflow/.local/lib/python3.7/site-packages/airflow/example_dags/example_dag_decorator.py took 0.271 seconds
[2025-07-13T11:36:38.732+0000] {processor.py:154} INFO - Started process (PID=11138) to work on /home/airflow/.local/lib/python3.7/site-packages/airflow/example_dags/example_dag_decorator.py
[2025-07-13T11:36:38.735+0000] {processor.py:756} INFO - Processing file /home/airflow/.local/lib/python3.7/site-packages/airflow/example_dags/example_dag_decorator.py for tasks to queue
[2025-07-13T11:36:38.738+0000] {logging_mixin.py:120} INFO - [2025-07-13T11:36:38.738+0000] {dagbag.py:537} INFO - Filling up the DagBag from /home/airflow/.local/lib/python3.7/site-packages/airflow/example_dags/example_dag_decorator.py
[2025-07-13T11:36:38.775+0000] {logging_mixin.py:120} INFO - [2025-07-13T11:36:38.774+0000] {taskmixin.py:205} WARNING - Dependency <Task(_PythonDecoratedOperator): prepare_email>, send_email already registered for DAG: example_dag_decorator
[2025-07-13T11:36:38.776+0000] {logging_mixin.py:120} INFO - [2025-07-13T11:36:38.776+0000] {taskmixin.py:205} WARNING - Dependency <Task(EmailOperator): send_email>, prepare_email already registered for DAG: example_dag_decorator
[2025-07-13T11:36:38.804+0000] {processor.py:766} INFO - DAG(s) dict_keys(['example_dag_decorator']) retrieved from /home/airflow/.local/lib/python3.7/site-packages/airflow/example_dags/example_dag_decorator.py
[2025-07-13T11:36:38.951+0000] {logging_mixin.py:120} INFO - [2025-07-13T11:36:38.951+0000] {dag.py:2585} INFO - Sync 1 DAGs
[2025-07-13T11:36:38.999+0000] {logging_mixin.py:120} INFO - [2025-07-13T11:36:38.999+0000] {dag.py:3340} INFO - Setting next_dagrun for example_dag_decorator to None, run_after=None
[2025-07-13T11:36:39.041+0000] {processor.py:176} INFO - Processing /home/airflow/.local/lib/python3.7/site-packages/airflow/example_dags/example_dag_decorator.py took 0.316 seconds
[2025-07-13T11:37:09.707+0000] {processor.py:154} INFO - Started process (PID=11191) to work on /home/airflow/.local/lib/python3.7/site-packages/airflow/example_dags/example_dag_decorator.py
[2025-07-13T11:37:09.708+0000] {processor.py:756} INFO - Processing file /home/airflow/.local/lib/python3.7/site-packages/airflow/example_dags/example_dag_decorator.py for tasks to queue
[2025-07-13T11:37:09.709+0000] {logging_mixin.py:120} INFO - [2025-07-13T11:37:09.709+0000] {dagbag.py:537} INFO - Filling up the DagBag from /home/airflow/.local/lib/python3.7/site-packages/airflow/example_dags/example_dag_decorator.py
[2025-07-13T11:37:09.731+0000] {logging_mixin.py:120} INFO - [2025-07-13T11:37:09.731+0000] {taskmixin.py:205} WARNING - Dependency <Task(_PythonDecoratedOperator): prepare_email>, send_email already registered for DAG: example_dag_decorator
[2025-07-13T11:37:09.731+0000] {logging_mixin.py:120} INFO - [2025-07-13T11:37:09.731+0000] {taskmixin.py:205} WARNING - Dependency <Task(EmailOperator): send_email>, prepare_email already registered for DAG: example_dag_decorator
[2025-07-13T11:37:09.748+0000] {processor.py:766} INFO - DAG(s) dict_keys(['example_dag_decorator']) retrieved from /home/airflow/.local/lib/python3.7/site-packages/airflow/example_dags/example_dag_decorator.py
[2025-07-13T11:37:09.857+0000] {logging_mixin.py:120} INFO - [2025-07-13T11:37:09.857+0000] {dag.py:2585} INFO - Sync 1 DAGs
[2025-07-13T11:37:09.892+0000] {logging_mixin.py:120} INFO - [2025-07-13T11:37:09.892+0000] {dag.py:3340} INFO - Setting next_dagrun for example_dag_decorator to None, run_after=None
[2025-07-13T11:37:09.928+0000] {processor.py:176} INFO - Processing /home/airflow/.local/lib/python3.7/site-packages/airflow/example_dags/example_dag_decorator.py took 0.226 seconds
[2025-07-13T11:37:40.801+0000] {processor.py:154} INFO - Started process (PID=11255) to work on /home/airflow/.local/lib/python3.7/site-packages/airflow/example_dags/example_dag_decorator.py
[2025-07-13T11:37:40.803+0000] {processor.py:756} INFO - Processing file /home/airflow/.local/lib/python3.7/site-packages/airflow/example_dags/example_dag_decorator.py for tasks to queue
[2025-07-13T11:37:40.805+0000] {logging_mixin.py:120} INFO - [2025-07-13T11:37:40.804+0000] {dagbag.py:537} INFO - Filling up the DagBag from /home/airflow/.local/lib/python3.7/site-packages/airflow/example_dags/example_dag_decorator.py
[2025-07-13T11:37:40.839+0000] {logging_mixin.py:120} INFO - [2025-07-13T11:37:40.839+0000] {taskmixin.py:205} WARNING - Dependency <Task(_PythonDecoratedOperator): prepare_email>, send_email already registered for DAG: example_dag_decorator
[2025-07-13T11:37:40.840+0000] {logging_mixin.py:120} INFO - [2025-07-13T11:37:40.840+0000] {taskmixin.py:205} WARNING - Dependency <Task(EmailOperator): send_email>, prepare_email already registered for DAG: example_dag_decorator
[2025-07-13T11:37:40.868+0000] {processor.py:766} INFO - DAG(s) dict_keys(['example_dag_decorator']) retrieved from /home/airflow/.local/lib/python3.7/site-packages/airflow/example_dags/example_dag_decorator.py
[2025-07-13T11:37:41.034+0000] {logging_mixin.py:120} INFO - [2025-07-13T11:37:41.034+0000] {dag.py:2585} INFO - Sync 1 DAGs
[2025-07-13T11:37:41.090+0000] {logging_mixin.py:120} INFO - [2025-07-13T11:37:41.090+0000] {dag.py:3340} INFO - Setting next_dagrun for example_dag_decorator to None, run_after=None
[2025-07-13T11:37:41.157+0000] {processor.py:176} INFO - Processing /home/airflow/.local/lib/python3.7/site-packages/airflow/example_dags/example_dag_decorator.py took 0.362 seconds
[2025-07-13T11:38:11.392+0000] {processor.py:154} INFO - Started process (PID=11308) to work on /home/airflow/.local/lib/python3.7/site-packages/airflow/example_dags/example_dag_decorator.py
[2025-07-13T11:38:11.400+0000] {processor.py:756} INFO - Processing file /home/airflow/.local/lib/python3.7/site-packages/airflow/example_dags/example_dag_decorator.py for tasks to queue
[2025-07-13T11:38:11.402+0000] {logging_mixin.py:120} INFO - [2025-07-13T11:38:11.401+0000] {dagbag.py:537} INFO - Filling up the DagBag from /home/airflow/.local/lib/python3.7/site-packages/airflow/example_dags/example_dag_decorator.py
[2025-07-13T11:38:11.461+0000] {logging_mixin.py:120} INFO - [2025-07-13T11:38:11.461+0000] {taskmixin.py:205} WARNING - Dependency <Task(_PythonDecoratedOperator): prepare_email>, send_email already registered for DAG: example_dag_decorator
[2025-07-13T11:38:11.466+0000] {logging_mixin.py:120} INFO - [2025-07-13T11:38:11.465+0000] {taskmixin.py:205} WARNING - Dependency <Task(EmailOperator): send_email>, prepare_email already registered for DAG: example_dag_decorator
[2025-07-13T11:38:11.527+0000] {processor.py:766} INFO - DAG(s) dict_keys(['example_dag_decorator']) retrieved from /home/airflow/.local/lib/python3.7/site-packages/airflow/example_dags/example_dag_decorator.py
[2025-07-13T11:38:11.666+0000] {logging_mixin.py:120} INFO - [2025-07-13T11:38:11.666+0000] {dag.py:2585} INFO - Sync 1 DAGs
[2025-07-13T11:38:11.703+0000] {logging_mixin.py:120} INFO - [2025-07-13T11:38:11.702+0000] {dag.py:3340} INFO - Setting next_dagrun for example_dag_decorator to None, run_after=None
[2025-07-13T11:38:11.781+0000] {processor.py:176} INFO - Processing /home/airflow/.local/lib/python3.7/site-packages/airflow/example_dags/example_dag_decorator.py took 0.397 seconds
[2025-07-13T11:38:42.215+0000] {processor.py:154} INFO - Started process (PID=11362) to work on /home/airflow/.local/lib/python3.7/site-packages/airflow/example_dags/example_dag_decorator.py
[2025-07-13T11:38:42.217+0000] {processor.py:756} INFO - Processing file /home/airflow/.local/lib/python3.7/site-packages/airflow/example_dags/example_dag_decorator.py for tasks to queue
[2025-07-13T11:38:42.218+0000] {logging_mixin.py:120} INFO - [2025-07-13T11:38:42.218+0000] {dagbag.py:537} INFO - Filling up the DagBag from /home/airflow/.local/lib/python3.7/site-packages/airflow/example_dags/example_dag_decorator.py
[2025-07-13T11:38:42.244+0000] {logging_mixin.py:120} INFO - [2025-07-13T11:38:42.244+0000] {taskmixin.py:205} WARNING - Dependency <Task(_PythonDecoratedOperator): prepare_email>, send_email already registered for DAG: example_dag_decorator
[2025-07-13T11:38:42.245+0000] {logging_mixin.py:120} INFO - [2025-07-13T11:38:42.245+0000] {taskmixin.py:205} WARNING - Dependency <Task(EmailOperator): send_email>, prepare_email already registered for DAG: example_dag_decorator
[2025-07-13T11:38:42.278+0000] {processor.py:766} INFO - DAG(s) dict_keys(['example_dag_decorator']) retrieved from /home/airflow/.local/lib/python3.7/site-packages/airflow/example_dags/example_dag_decorator.py
[2025-07-13T11:38:42.451+0000] {logging_mixin.py:120} INFO - [2025-07-13T11:38:42.450+0000] {dag.py:2585} INFO - Sync 1 DAGs
[2025-07-13T11:38:42.517+0000] {logging_mixin.py:120} INFO - [2025-07-13T11:38:42.517+0000] {dag.py:3340} INFO - Setting next_dagrun for example_dag_decorator to None, run_after=None
[2025-07-13T11:38:42.568+0000] {processor.py:176} INFO - Processing /home/airflow/.local/lib/python3.7/site-packages/airflow/example_dags/example_dag_decorator.py took 0.364 seconds
[2025-07-13T11:39:13.714+0000] {processor.py:154} INFO - Started process (PID=11425) to work on /home/airflow/.local/lib/python3.7/site-packages/airflow/example_dags/example_dag_decorator.py
[2025-07-13T11:39:13.720+0000] {processor.py:756} INFO - Processing file /home/airflow/.local/lib/python3.7/site-packages/airflow/example_dags/example_dag_decorator.py for tasks to queue
[2025-07-13T11:39:13.723+0000] {logging_mixin.py:120} INFO - [2025-07-13T11:39:13.722+0000] {dagbag.py:537} INFO - Filling up the DagBag from /home/airflow/.local/lib/python3.7/site-packages/airflow/example_dags/example_dag_decorator.py
[2025-07-13T11:39:13.783+0000] {logging_mixin.py:120} INFO - [2025-07-13T11:39:13.782+0000] {taskmixin.py:205} WARNING - Dependency <Task(_PythonDecoratedOperator): prepare_email>, send_email already registered for DAG: example_dag_decorator
[2025-07-13T11:39:13.787+0000] {logging_mixin.py:120} INFO - [2025-07-13T11:39:13.787+0000] {taskmixin.py:205} WARNING - Dependency <Task(EmailOperator): send_email>, prepare_email already registered for DAG: example_dag_decorator
[2025-07-13T11:39:13.859+0000] {processor.py:766} INFO - DAG(s) dict_keys(['example_dag_decorator']) retrieved from /home/airflow/.local/lib/python3.7/site-packages/airflow/example_dags/example_dag_decorator.py
[2025-07-13T11:39:14.207+0000] {logging_mixin.py:120} INFO - [2025-07-13T11:39:14.207+0000] {dag.py:2585} INFO - Sync 1 DAGs
[2025-07-13T11:39:14.313+0000] {logging_mixin.py:120} INFO - [2025-07-13T11:39:14.313+0000] {dag.py:3340} INFO - Setting next_dagrun for example_dag_decorator to None, run_after=None
[2025-07-13T11:39:14.428+0000] {processor.py:176} INFO - Processing /home/airflow/.local/lib/python3.7/site-packages/airflow/example_dags/example_dag_decorator.py took 0.723 seconds
[2025-07-13T11:39:47.461+0000] {processor.py:154} INFO - Started process (PID=11480) to work on /home/airflow/.local/lib/python3.7/site-packages/airflow/example_dags/example_dag_decorator.py
[2025-07-13T11:39:47.463+0000] {processor.py:756} INFO - Processing file /home/airflow/.local/lib/python3.7/site-packages/airflow/example_dags/example_dag_decorator.py for tasks to queue
[2025-07-13T11:39:47.467+0000] {logging_mixin.py:120} INFO - [2025-07-13T11:39:47.466+0000] {dagbag.py:537} INFO - Filling up the DagBag from /home/airflow/.local/lib/python3.7/site-packages/airflow/example_dags/example_dag_decorator.py
[2025-07-13T11:39:47.514+0000] {logging_mixin.py:120} INFO - [2025-07-13T11:39:47.514+0000] {taskmixin.py:205} WARNING - Dependency <Task(_PythonDecoratedOperator): prepare_email>, send_email already registered for DAG: example_dag_decorator
[2025-07-13T11:39:47.516+0000] {logging_mixin.py:120} INFO - [2025-07-13T11:39:47.516+0000] {taskmixin.py:205} WARNING - Dependency <Task(EmailOperator): send_email>, prepare_email already registered for DAG: example_dag_decorator
[2025-07-13T11:39:47.551+0000] {processor.py:766} INFO - DAG(s) dict_keys(['example_dag_decorator']) retrieved from /home/airflow/.local/lib/python3.7/site-packages/airflow/example_dags/example_dag_decorator.py
[2025-07-13T11:39:47.720+0000] {logging_mixin.py:120} INFO - [2025-07-13T11:39:47.719+0000] {dag.py:2585} INFO - Sync 1 DAGs
[2025-07-13T11:39:47.776+0000] {logging_mixin.py:120} INFO - [2025-07-13T11:39:47.775+0000] {dag.py:3340} INFO - Setting next_dagrun for example_dag_decorator to None, run_after=None
[2025-07-13T11:39:47.834+0000] {processor.py:176} INFO - Processing /home/airflow/.local/lib/python3.7/site-packages/airflow/example_dags/example_dag_decorator.py took 0.385 seconds
[2025-07-13T11:40:17.897+0000] {processor.py:154} INFO - Started process (PID=11535) to work on /home/airflow/.local/lib/python3.7/site-packages/airflow/example_dags/example_dag_decorator.py
[2025-07-13T11:40:17.899+0000] {processor.py:756} INFO - Processing file /home/airflow/.local/lib/python3.7/site-packages/airflow/example_dags/example_dag_decorator.py for tasks to queue
[2025-07-13T11:40:17.900+0000] {logging_mixin.py:120} INFO - [2025-07-13T11:40:17.900+0000] {dagbag.py:537} INFO - Filling up the DagBag from /home/airflow/.local/lib/python3.7/site-packages/airflow/example_dags/example_dag_decorator.py
[2025-07-13T11:40:17.920+0000] {logging_mixin.py:120} INFO - [2025-07-13T11:40:17.920+0000] {taskmixin.py:205} WARNING - Dependency <Task(_PythonDecoratedOperator): prepare_email>, send_email already registered for DAG: example_dag_decorator
[2025-07-13T11:40:17.920+0000] {logging_mixin.py:120} INFO - [2025-07-13T11:40:17.920+0000] {taskmixin.py:205} WARNING - Dependency <Task(EmailOperator): send_email>, prepare_email already registered for DAG: example_dag_decorator
[2025-07-13T11:40:17.940+0000] {processor.py:766} INFO - DAG(s) dict_keys(['example_dag_decorator']) retrieved from /home/airflow/.local/lib/python3.7/site-packages/airflow/example_dags/example_dag_decorator.py
[2025-07-13T11:40:18.073+0000] {logging_mixin.py:120} INFO - [2025-07-13T11:40:18.072+0000] {dag.py:2585} INFO - Sync 1 DAGs
[2025-07-13T11:40:18.117+0000] {logging_mixin.py:120} INFO - [2025-07-13T11:40:18.116+0000] {dag.py:3340} INFO - Setting next_dagrun for example_dag_decorator to None, run_after=None
[2025-07-13T11:40:18.148+0000] {processor.py:176} INFO - Processing /home/airflow/.local/lib/python3.7/site-packages/airflow/example_dags/example_dag_decorator.py took 0.256 seconds
[2025-07-13T11:40:48.208+0000] {processor.py:154} INFO - Started process (PID=11598) to work on /home/airflow/.local/lib/python3.7/site-packages/airflow/example_dags/example_dag_decorator.py
[2025-07-13T11:40:48.210+0000] {processor.py:756} INFO - Processing file /home/airflow/.local/lib/python3.7/site-packages/airflow/example_dags/example_dag_decorator.py for tasks to queue
[2025-07-13T11:40:48.212+0000] {logging_mixin.py:120} INFO - [2025-07-13T11:40:48.211+0000] {dagbag.py:537} INFO - Filling up the DagBag from /home/airflow/.local/lib/python3.7/site-packages/airflow/example_dags/example_dag_decorator.py
[2025-07-13T11:40:48.253+0000] {logging_mixin.py:120} INFO - [2025-07-13T11:40:48.253+0000] {taskmixin.py:205} WARNING - Dependency <Task(_PythonDecoratedOperator): prepare_email>, send_email already registered for DAG: example_dag_decorator
[2025-07-13T11:40:48.254+0000] {logging_mixin.py:120} INFO - [2025-07-13T11:40:48.254+0000] {taskmixin.py:205} WARNING - Dependency <Task(EmailOperator): send_email>, prepare_email already registered for DAG: example_dag_decorator
[2025-07-13T11:40:48.272+0000] {processor.py:766} INFO - DAG(s) dict_keys(['example_dag_decorator']) retrieved from /home/airflow/.local/lib/python3.7/site-packages/airflow/example_dags/example_dag_decorator.py
[2025-07-13T11:40:48.419+0000] {logging_mixin.py:120} INFO - [2025-07-13T11:40:48.419+0000] {dag.py:2585} INFO - Sync 1 DAGs
[2025-07-13T11:40:48.460+0000] {logging_mixin.py:120} INFO - [2025-07-13T11:40:48.460+0000] {dag.py:3340} INFO - Setting next_dagrun for example_dag_decorator to None, run_after=None
[2025-07-13T11:40:48.499+0000] {processor.py:176} INFO - Processing /home/airflow/.local/lib/python3.7/site-packages/airflow/example_dags/example_dag_decorator.py took 0.296 seconds
[2025-07-13T11:41:18.974+0000] {processor.py:154} INFO - Started process (PID=11651) to work on /home/airflow/.local/lib/python3.7/site-packages/airflow/example_dags/example_dag_decorator.py
[2025-07-13T11:41:18.975+0000] {processor.py:756} INFO - Processing file /home/airflow/.local/lib/python3.7/site-packages/airflow/example_dags/example_dag_decorator.py for tasks to queue
[2025-07-13T11:41:18.976+0000] {logging_mixin.py:120} INFO - [2025-07-13T11:41:18.976+0000] {dagbag.py:537} INFO - Filling up the DagBag from /home/airflow/.local/lib/python3.7/site-packages/airflow/example_dags/example_dag_decorator.py
[2025-07-13T11:41:18.995+0000] {logging_mixin.py:120} INFO - [2025-07-13T11:41:18.995+0000] {taskmixin.py:205} WARNING - Dependency <Task(_PythonDecoratedOperator): prepare_email>, send_email already registered for DAG: example_dag_decorator
[2025-07-13T11:41:18.996+0000] {logging_mixin.py:120} INFO - [2025-07-13T11:41:18.995+0000] {taskmixin.py:205} WARNING - Dependency <Task(EmailOperator): send_email>, prepare_email already registered for DAG: example_dag_decorator
[2025-07-13T11:41:19.012+0000] {processor.py:766} INFO - DAG(s) dict_keys(['example_dag_decorator']) retrieved from /home/airflow/.local/lib/python3.7/site-packages/airflow/example_dags/example_dag_decorator.py
[2025-07-13T11:41:19.132+0000] {logging_mixin.py:120} INFO - [2025-07-13T11:41:19.132+0000] {dag.py:2585} INFO - Sync 1 DAGs
[2025-07-13T11:41:19.161+0000] {logging_mixin.py:120} INFO - [2025-07-13T11:41:19.161+0000] {dag.py:3340} INFO - Setting next_dagrun for example_dag_decorator to None, run_after=None
[2025-07-13T11:41:19.193+0000] {processor.py:176} INFO - Processing /home/airflow/.local/lib/python3.7/site-packages/airflow/example_dags/example_dag_decorator.py took 0.223 seconds
[2025-07-13T11:41:50.017+0000] {processor.py:154} INFO - Started process (PID=11714) to work on /home/airflow/.local/lib/python3.7/site-packages/airflow/example_dags/example_dag_decorator.py
[2025-07-13T11:41:50.019+0000] {processor.py:756} INFO - Processing file /home/airflow/.local/lib/python3.7/site-packages/airflow/example_dags/example_dag_decorator.py for tasks to queue
[2025-07-13T11:41:50.020+0000] {logging_mixin.py:120} INFO - [2025-07-13T11:41:50.020+0000] {dagbag.py:537} INFO - Filling up the DagBag from /home/airflow/.local/lib/python3.7/site-packages/airflow/example_dags/example_dag_decorator.py
[2025-07-13T11:41:50.042+0000] {logging_mixin.py:120} INFO - [2025-07-13T11:41:50.042+0000] {taskmixin.py:205} WARNING - Dependency <Task(_PythonDecoratedOperator): prepare_email>, send_email already registered for DAG: example_dag_decorator
[2025-07-13T11:41:50.042+0000] {logging_mixin.py:120} INFO - [2025-07-13T11:41:50.042+0000] {taskmixin.py:205} WARNING - Dependency <Task(EmailOperator): send_email>, prepare_email already registered for DAG: example_dag_decorator
[2025-07-13T11:41:50.059+0000] {processor.py:766} INFO - DAG(s) dict_keys(['example_dag_decorator']) retrieved from /home/airflow/.local/lib/python3.7/site-packages/airflow/example_dags/example_dag_decorator.py
[2025-07-13T11:41:50.237+0000] {logging_mixin.py:120} INFO - [2025-07-13T11:41:50.236+0000] {dag.py:2585} INFO - Sync 1 DAGs
[2025-07-13T11:41:50.276+0000] {logging_mixin.py:120} INFO - [2025-07-13T11:41:50.276+0000] {dag.py:3340} INFO - Setting next_dagrun for example_dag_decorator to None, run_after=None
[2025-07-13T11:41:50.316+0000] {processor.py:176} INFO - Processing /home/airflow/.local/lib/python3.7/site-packages/airflow/example_dags/example_dag_decorator.py took 0.303 seconds
[2025-07-13T11:42:21.127+0000] {processor.py:154} INFO - Started process (PID=11777) to work on /home/airflow/.local/lib/python3.7/site-packages/airflow/example_dags/example_dag_decorator.py
[2025-07-13T11:42:21.134+0000] {processor.py:756} INFO - Processing file /home/airflow/.local/lib/python3.7/site-packages/airflow/example_dags/example_dag_decorator.py for tasks to queue
[2025-07-13T11:42:21.135+0000] {logging_mixin.py:120} INFO - [2025-07-13T11:42:21.135+0000] {dagbag.py:537} INFO - Filling up the DagBag from /home/airflow/.local/lib/python3.7/site-packages/airflow/example_dags/example_dag_decorator.py
[2025-07-13T11:42:21.192+0000] {logging_mixin.py:120} INFO - [2025-07-13T11:42:21.192+0000] {taskmixin.py:205} WARNING - Dependency <Task(_PythonDecoratedOperator): prepare_email>, send_email already registered for DAG: example_dag_decorator
[2025-07-13T11:42:21.197+0000] {logging_mixin.py:120} INFO - [2025-07-13T11:42:21.197+0000] {taskmixin.py:205} WARNING - Dependency <Task(EmailOperator): send_email>, prepare_email already registered for DAG: example_dag_decorator
[2025-07-13T11:42:21.251+0000] {processor.py:766} INFO - DAG(s) dict_keys(['example_dag_decorator']) retrieved from /home/airflow/.local/lib/python3.7/site-packages/airflow/example_dags/example_dag_decorator.py
[2025-07-13T11:42:21.470+0000] {logging_mixin.py:120} INFO - [2025-07-13T11:42:21.470+0000] {dag.py:2585} INFO - Sync 1 DAGs
[2025-07-13T11:42:21.603+0000] {logging_mixin.py:120} INFO - [2025-07-13T11:42:21.603+0000] {dag.py:3340} INFO - Setting next_dagrun for example_dag_decorator to None, run_after=None
[2025-07-13T11:42:21.695+0000] {processor.py:176} INFO - Processing /home/airflow/.local/lib/python3.7/site-packages/airflow/example_dags/example_dag_decorator.py took 0.577 seconds
[2025-07-13T11:42:52.205+0000] {processor.py:154} INFO - Started process (PID=11831) to work on /home/airflow/.local/lib/python3.7/site-packages/airflow/example_dags/example_dag_decorator.py
[2025-07-13T11:42:52.206+0000] {processor.py:756} INFO - Processing file /home/airflow/.local/lib/python3.7/site-packages/airflow/example_dags/example_dag_decorator.py for tasks to queue
[2025-07-13T11:42:52.207+0000] {logging_mixin.py:120} INFO - [2025-07-13T11:42:52.207+0000] {dagbag.py:537} INFO - Filling up the DagBag from /home/airflow/.local/lib/python3.7/site-packages/airflow/example_dags/example_dag_decorator.py
[2025-07-13T11:42:52.226+0000] {logging_mixin.py:120} INFO - [2025-07-13T11:42:52.226+0000] {taskmixin.py:205} WARNING - Dependency <Task(_PythonDecoratedOperator): prepare_email>, send_email already registered for DAG: example_dag_decorator
[2025-07-13T11:42:52.227+0000] {logging_mixin.py:120} INFO - [2025-07-13T11:42:52.227+0000] {taskmixin.py:205} WARNING - Dependency <Task(EmailOperator): send_email>, prepare_email already registered for DAG: example_dag_decorator
[2025-07-13T11:42:52.242+0000] {processor.py:766} INFO - DAG(s) dict_keys(['example_dag_decorator']) retrieved from /home/airflow/.local/lib/python3.7/site-packages/airflow/example_dags/example_dag_decorator.py
[2025-07-13T11:42:52.363+0000] {logging_mixin.py:120} INFO - [2025-07-13T11:42:52.362+0000] {dag.py:2585} INFO - Sync 1 DAGs
[2025-07-13T11:42:52.398+0000] {logging_mixin.py:120} INFO - [2025-07-13T11:42:52.397+0000] {dag.py:3340} INFO - Setting next_dagrun for example_dag_decorator to None, run_after=None
[2025-07-13T11:42:52.440+0000] {processor.py:176} INFO - Processing /home/airflow/.local/lib/python3.7/site-packages/airflow/example_dags/example_dag_decorator.py took 0.239 seconds
[2025-07-13T11:43:22.724+0000] {processor.py:154} INFO - Started process (PID=11892) to work on /home/airflow/.local/lib/python3.7/site-packages/airflow/example_dags/example_dag_decorator.py
[2025-07-13T11:43:22.730+0000] {processor.py:756} INFO - Processing file /home/airflow/.local/lib/python3.7/site-packages/airflow/example_dags/example_dag_decorator.py for tasks to queue
[2025-07-13T11:43:22.734+0000] {logging_mixin.py:120} INFO - [2025-07-13T11:43:22.733+0000] {dagbag.py:537} INFO - Filling up the DagBag from /home/airflow/.local/lib/python3.7/site-packages/airflow/example_dags/example_dag_decorator.py
[2025-07-13T11:43:22.831+0000] {logging_mixin.py:120} INFO - [2025-07-13T11:43:22.831+0000] {taskmixin.py:205} WARNING - Dependency <Task(_PythonDecoratedOperator): prepare_email>, send_email already registered for DAG: example_dag_decorator
[2025-07-13T11:43:22.832+0000] {logging_mixin.py:120} INFO - [2025-07-13T11:43:22.832+0000] {taskmixin.py:205} WARNING - Dependency <Task(EmailOperator): send_email>, prepare_email already registered for DAG: example_dag_decorator
[2025-07-13T11:43:22.899+0000] {processor.py:766} INFO - DAG(s) dict_keys(['example_dag_decorator']) retrieved from /home/airflow/.local/lib/python3.7/site-packages/airflow/example_dags/example_dag_decorator.py
[2025-07-13T11:43:23.141+0000] {logging_mixin.py:120} INFO - [2025-07-13T11:43:23.141+0000] {dag.py:2585} INFO - Sync 1 DAGs
[2025-07-13T11:43:23.207+0000] {logging_mixin.py:120} INFO - [2025-07-13T11:43:23.206+0000] {dag.py:3340} INFO - Setting next_dagrun for example_dag_decorator to None, run_after=None
[2025-07-13T11:43:23.286+0000] {processor.py:176} INFO - Processing /home/airflow/.local/lib/python3.7/site-packages/airflow/example_dags/example_dag_decorator.py took 0.567 seconds
[2025-07-13T11:43:53.350+0000] {processor.py:154} INFO - Started process (PID=11947) to work on /home/airflow/.local/lib/python3.7/site-packages/airflow/example_dags/example_dag_decorator.py
[2025-07-13T11:43:53.352+0000] {processor.py:756} INFO - Processing file /home/airflow/.local/lib/python3.7/site-packages/airflow/example_dags/example_dag_decorator.py for tasks to queue
[2025-07-13T11:43:53.353+0000] {logging_mixin.py:120} INFO - [2025-07-13T11:43:53.353+0000] {dagbag.py:537} INFO - Filling up the DagBag from /home/airflow/.local/lib/python3.7/site-packages/airflow/example_dags/example_dag_decorator.py
[2025-07-13T11:43:53.371+0000] {logging_mixin.py:120} INFO - [2025-07-13T11:43:53.370+0000] {taskmixin.py:205} WARNING - Dependency <Task(_PythonDecoratedOperator): prepare_email>, send_email already registered for DAG: example_dag_decorator
[2025-07-13T11:43:53.371+0000] {logging_mixin.py:120} INFO - [2025-07-13T11:43:53.371+0000] {taskmixin.py:205} WARNING - Dependency <Task(EmailOperator): send_email>, prepare_email already registered for DAG: example_dag_decorator
[2025-07-13T11:43:53.386+0000] {processor.py:766} INFO - DAG(s) dict_keys(['example_dag_decorator']) retrieved from /home/airflow/.local/lib/python3.7/site-packages/airflow/example_dags/example_dag_decorator.py
[2025-07-13T11:43:53.496+0000] {logging_mixin.py:120} INFO - [2025-07-13T11:43:53.496+0000] {dag.py:2585} INFO - Sync 1 DAGs
[2025-07-13T11:43:53.534+0000] {logging_mixin.py:120} INFO - [2025-07-13T11:43:53.534+0000] {dag.py:3340} INFO - Setting next_dagrun for example_dag_decorator to None, run_after=None
[2025-07-13T11:43:53.575+0000] {processor.py:176} INFO - Processing /home/airflow/.local/lib/python3.7/site-packages/airflow/example_dags/example_dag_decorator.py took 0.228 seconds
[2025-07-13T11:44:23.689+0000] {processor.py:154} INFO - Started process (PID=12010) to work on /home/airflow/.local/lib/python3.7/site-packages/airflow/example_dags/example_dag_decorator.py
[2025-07-13T11:44:23.690+0000] {processor.py:756} INFO - Processing file /home/airflow/.local/lib/python3.7/site-packages/airflow/example_dags/example_dag_decorator.py for tasks to queue
[2025-07-13T11:44:23.692+0000] {logging_mixin.py:120} INFO - [2025-07-13T11:44:23.691+0000] {dagbag.py:537} INFO - Filling up the DagBag from /home/airflow/.local/lib/python3.7/site-packages/airflow/example_dags/example_dag_decorator.py
[2025-07-13T11:44:23.774+0000] {logging_mixin.py:120} INFO - [2025-07-13T11:44:23.773+0000] {taskmixin.py:205} WARNING - Dependency <Task(_PythonDecoratedOperator): prepare_email>, send_email already registered for DAG: example_dag_decorator
[2025-07-13T11:44:23.775+0000] {logging_mixin.py:120} INFO - [2025-07-13T11:44:23.774+0000] {taskmixin.py:205} WARNING - Dependency <Task(EmailOperator): send_email>, prepare_email already registered for DAG: example_dag_decorator
[2025-07-13T11:44:23.806+0000] {processor.py:766} INFO - DAG(s) dict_keys(['example_dag_decorator']) retrieved from /home/airflow/.local/lib/python3.7/site-packages/airflow/example_dags/example_dag_decorator.py
[2025-07-13T11:44:23.958+0000] {logging_mixin.py:120} INFO - [2025-07-13T11:44:23.958+0000] {dag.py:2585} INFO - Sync 1 DAGs
[2025-07-13T11:44:23.999+0000] {logging_mixin.py:120} INFO - [2025-07-13T11:44:23.999+0000] {dag.py:3340} INFO - Setting next_dagrun for example_dag_decorator to None, run_after=None
[2025-07-13T11:44:24.039+0000] {processor.py:176} INFO - Processing /home/airflow/.local/lib/python3.7/site-packages/airflow/example_dags/example_dag_decorator.py took 0.356 seconds
[2025-07-13T11:44:54.412+0000] {processor.py:154} INFO - Started process (PID=12064) to work on /home/airflow/.local/lib/python3.7/site-packages/airflow/example_dags/example_dag_decorator.py
[2025-07-13T11:44:54.415+0000] {processor.py:756} INFO - Processing file /home/airflow/.local/lib/python3.7/site-packages/airflow/example_dags/example_dag_decorator.py for tasks to queue
[2025-07-13T11:44:54.417+0000] {logging_mixin.py:120} INFO - [2025-07-13T11:44:54.417+0000] {dagbag.py:537} INFO - Filling up the DagBag from /home/airflow/.local/lib/python3.7/site-packages/airflow/example_dags/example_dag_decorator.py
[2025-07-13T11:44:54.456+0000] {logging_mixin.py:120} INFO - [2025-07-13T11:44:54.456+0000] {taskmixin.py:205} WARNING - Dependency <Task(_PythonDecoratedOperator): prepare_email>, send_email already registered for DAG: example_dag_decorator
[2025-07-13T11:44:54.457+0000] {logging_mixin.py:120} INFO - [2025-07-13T11:44:54.457+0000] {taskmixin.py:205} WARNING - Dependency <Task(EmailOperator): send_email>, prepare_email already registered for DAG: example_dag_decorator
[2025-07-13T11:44:54.483+0000] {processor.py:766} INFO - DAG(s) dict_keys(['example_dag_decorator']) retrieved from /home/airflow/.local/lib/python3.7/site-packages/airflow/example_dags/example_dag_decorator.py
[2025-07-13T11:44:54.612+0000] {logging_mixin.py:120} INFO - [2025-07-13T11:44:54.611+0000] {dag.py:2585} INFO - Sync 1 DAGs
[2025-07-13T11:44:54.639+0000] {logging_mixin.py:120} INFO - [2025-07-13T11:44:54.639+0000] {dag.py:3340} INFO - Setting next_dagrun for example_dag_decorator to None, run_after=None
[2025-07-13T11:44:54.672+0000] {processor.py:176} INFO - Processing /home/airflow/.local/lib/python3.7/site-packages/airflow/example_dags/example_dag_decorator.py took 0.268 seconds
[2025-07-13T11:45:25.424+0000] {processor.py:154} INFO - Started process (PID=12127) to work on /home/airflow/.local/lib/python3.7/site-packages/airflow/example_dags/example_dag_decorator.py
[2025-07-13T11:45:25.431+0000] {processor.py:756} INFO - Processing file /home/airflow/.local/lib/python3.7/site-packages/airflow/example_dags/example_dag_decorator.py for tasks to queue
[2025-07-13T11:45:25.434+0000] {logging_mixin.py:120} INFO - [2025-07-13T11:45:25.434+0000] {dagbag.py:537} INFO - Filling up the DagBag from /home/airflow/.local/lib/python3.7/site-packages/airflow/example_dags/example_dag_decorator.py
[2025-07-13T11:45:25.469+0000] {logging_mixin.py:120} INFO - [2025-07-13T11:45:25.469+0000] {taskmixin.py:205} WARNING - Dependency <Task(_PythonDecoratedOperator): prepare_email>, send_email already registered for DAG: example_dag_decorator
[2025-07-13T11:45:25.470+0000] {logging_mixin.py:120} INFO - [2025-07-13T11:45:25.469+0000] {taskmixin.py:205} WARNING - Dependency <Task(EmailOperator): send_email>, prepare_email already registered for DAG: example_dag_decorator
[2025-07-13T11:45:25.500+0000] {processor.py:766} INFO - DAG(s) dict_keys(['example_dag_decorator']) retrieved from /home/airflow/.local/lib/python3.7/site-packages/airflow/example_dags/example_dag_decorator.py
[2025-07-13T11:45:25.670+0000] {logging_mixin.py:120} INFO - [2025-07-13T11:45:25.670+0000] {dag.py:2585} INFO - Sync 1 DAGs
[2025-07-13T11:45:25.719+0000] {logging_mixin.py:120} INFO - [2025-07-13T11:45:25.719+0000] {dag.py:3340} INFO - Setting next_dagrun for example_dag_decorator to None, run_after=None
[2025-07-13T11:45:25.804+0000] {processor.py:176} INFO - Processing /home/airflow/.local/lib/python3.7/site-packages/airflow/example_dags/example_dag_decorator.py took 0.384 seconds
[2025-07-13T11:45:55.892+0000] {processor.py:154} INFO - Started process (PID=12181) to work on /home/airflow/.local/lib/python3.7/site-packages/airflow/example_dags/example_dag_decorator.py
[2025-07-13T11:45:55.893+0000] {processor.py:756} INFO - Processing file /home/airflow/.local/lib/python3.7/site-packages/airflow/example_dags/example_dag_decorator.py for tasks to queue
[2025-07-13T11:45:55.895+0000] {logging_mixin.py:120} INFO - [2025-07-13T11:45:55.895+0000] {dagbag.py:537} INFO - Filling up the DagBag from /home/airflow/.local/lib/python3.7/site-packages/airflow/example_dags/example_dag_decorator.py
[2025-07-13T11:45:55.915+0000] {logging_mixin.py:120} INFO - [2025-07-13T11:45:55.915+0000] {taskmixin.py:205} WARNING - Dependency <Task(_PythonDecoratedOperator): prepare_email>, send_email already registered for DAG: example_dag_decorator
[2025-07-13T11:45:55.916+0000] {logging_mixin.py:120} INFO - [2025-07-13T11:45:55.916+0000] {taskmixin.py:205} WARNING - Dependency <Task(EmailOperator): send_email>, prepare_email already registered for DAG: example_dag_decorator
[2025-07-13T11:45:55.933+0000] {processor.py:766} INFO - DAG(s) dict_keys(['example_dag_decorator']) retrieved from /home/airflow/.local/lib/python3.7/site-packages/airflow/example_dags/example_dag_decorator.py
[2025-07-13T11:45:56.035+0000] {logging_mixin.py:120} INFO - [2025-07-13T11:45:56.034+0000] {dag.py:2585} INFO - Sync 1 DAGs
[2025-07-13T11:45:56.074+0000] {logging_mixin.py:120} INFO - [2025-07-13T11:45:56.074+0000] {dag.py:3340} INFO - Setting next_dagrun for example_dag_decorator to None, run_after=None
[2025-07-13T11:45:56.104+0000] {processor.py:176} INFO - Processing /home/airflow/.local/lib/python3.7/site-packages/airflow/example_dags/example_dag_decorator.py took 0.216 seconds
[2025-07-13T11:46:26.305+0000] {processor.py:154} INFO - Started process (PID=12245) to work on /home/airflow/.local/lib/python3.7/site-packages/airflow/example_dags/example_dag_decorator.py
[2025-07-13T11:46:26.307+0000] {processor.py:756} INFO - Processing file /home/airflow/.local/lib/python3.7/site-packages/airflow/example_dags/example_dag_decorator.py for tasks to queue
[2025-07-13T11:46:26.308+0000] {logging_mixin.py:120} INFO - [2025-07-13T11:46:26.308+0000] {dagbag.py:537} INFO - Filling up the DagBag from /home/airflow/.local/lib/python3.7/site-packages/airflow/example_dags/example_dag_decorator.py
[2025-07-13T11:46:26.333+0000] {logging_mixin.py:120} INFO - [2025-07-13T11:46:26.333+0000] {taskmixin.py:205} WARNING - Dependency <Task(_PythonDecoratedOperator): prepare_email>, send_email already registered for DAG: example_dag_decorator
[2025-07-13T11:46:26.334+0000] {logging_mixin.py:120} INFO - [2025-07-13T11:46:26.333+0000] {taskmixin.py:205} WARNING - Dependency <Task(EmailOperator): send_email>, prepare_email already registered for DAG: example_dag_decorator
[2025-07-13T11:46:26.354+0000] {processor.py:766} INFO - DAG(s) dict_keys(['example_dag_decorator']) retrieved from /home/airflow/.local/lib/python3.7/site-packages/airflow/example_dags/example_dag_decorator.py
[2025-07-13T11:46:26.484+0000] {logging_mixin.py:120} INFO - [2025-07-13T11:46:26.483+0000] {dag.py:2585} INFO - Sync 1 DAGs
[2025-07-13T11:46:26.520+0000] {logging_mixin.py:120} INFO - [2025-07-13T11:46:26.520+0000] {dag.py:3340} INFO - Setting next_dagrun for example_dag_decorator to None, run_after=None
[2025-07-13T11:46:26.568+0000] {processor.py:176} INFO - Processing /home/airflow/.local/lib/python3.7/site-packages/airflow/example_dags/example_dag_decorator.py took 0.267 seconds
[2025-07-13T11:46:57.539+0000] {processor.py:154} INFO - Started process (PID=12299) to work on /home/airflow/.local/lib/python3.7/site-packages/airflow/example_dags/example_dag_decorator.py
[2025-07-13T11:46:57.541+0000] {processor.py:756} INFO - Processing file /home/airflow/.local/lib/python3.7/site-packages/airflow/example_dags/example_dag_decorator.py for tasks to queue
[2025-07-13T11:46:57.543+0000] {logging_mixin.py:120} INFO - [2025-07-13T11:46:57.543+0000] {dagbag.py:537} INFO - Filling up the DagBag from /home/airflow/.local/lib/python3.7/site-packages/airflow/example_dags/example_dag_decorator.py
[2025-07-13T11:46:57.584+0000] {logging_mixin.py:120} INFO - [2025-07-13T11:46:57.583+0000] {taskmixin.py:205} WARNING - Dependency <Task(_PythonDecoratedOperator): prepare_email>, send_email already registered for DAG: example_dag_decorator
[2025-07-13T11:46:57.585+0000] {logging_mixin.py:120} INFO - [2025-07-13T11:46:57.584+0000] {taskmixin.py:205} WARNING - Dependency <Task(EmailOperator): send_email>, prepare_email already registered for DAG: example_dag_decorator
[2025-07-13T11:46:57.612+0000] {processor.py:766} INFO - DAG(s) dict_keys(['example_dag_decorator']) retrieved from /home/airflow/.local/lib/python3.7/site-packages/airflow/example_dags/example_dag_decorator.py
[2025-07-13T11:46:57.840+0000] {logging_mixin.py:120} INFO - [2025-07-13T11:46:57.840+0000] {dag.py:2585} INFO - Sync 1 DAGs
[2025-07-13T11:46:57.896+0000] {logging_mixin.py:120} INFO - [2025-07-13T11:46:57.896+0000] {dag.py:3340} INFO - Setting next_dagrun for example_dag_decorator to None, run_after=None
[2025-07-13T11:46:57.932+0000] {processor.py:176} INFO - Processing /home/airflow/.local/lib/python3.7/site-packages/airflow/example_dags/example_dag_decorator.py took 0.398 seconds
[2025-07-13T11:47:28.159+0000] {processor.py:154} INFO - Started process (PID=12362) to work on /home/airflow/.local/lib/python3.7/site-packages/airflow/example_dags/example_dag_decorator.py
[2025-07-13T11:47:28.161+0000] {processor.py:756} INFO - Processing file /home/airflow/.local/lib/python3.7/site-packages/airflow/example_dags/example_dag_decorator.py for tasks to queue
[2025-07-13T11:47:28.163+0000] {logging_mixin.py:120} INFO - [2025-07-13T11:47:28.162+0000] {dagbag.py:537} INFO - Filling up the DagBag from /home/airflow/.local/lib/python3.7/site-packages/airflow/example_dags/example_dag_decorator.py
[2025-07-13T11:47:28.194+0000] {logging_mixin.py:120} INFO - [2025-07-13T11:47:28.194+0000] {taskmixin.py:205} WARNING - Dependency <Task(_PythonDecoratedOperator): prepare_email>, send_email already registered for DAG: example_dag_decorator
[2025-07-13T11:47:28.195+0000] {logging_mixin.py:120} INFO - [2025-07-13T11:47:28.195+0000] {taskmixin.py:205} WARNING - Dependency <Task(EmailOperator): send_email>, prepare_email already registered for DAG: example_dag_decorator
[2025-07-13T11:47:28.224+0000] {processor.py:766} INFO - DAG(s) dict_keys(['example_dag_decorator']) retrieved from /home/airflow/.local/lib/python3.7/site-packages/airflow/example_dags/example_dag_decorator.py
[2025-07-13T11:47:28.385+0000] {logging_mixin.py:120} INFO - [2025-07-13T11:47:28.385+0000] {dag.py:2585} INFO - Sync 1 DAGs
[2025-07-13T11:47:28.437+0000] {logging_mixin.py:120} INFO - [2025-07-13T11:47:28.437+0000] {dag.py:3340} INFO - Setting next_dagrun for example_dag_decorator to None, run_after=None
[2025-07-13T11:47:28.501+0000] {processor.py:176} INFO - Processing /home/airflow/.local/lib/python3.7/site-packages/airflow/example_dags/example_dag_decorator.py took 0.350 seconds
[2025-07-13T11:47:59.451+0000] {processor.py:154} INFO - Started process (PID=12425) to work on /home/airflow/.local/lib/python3.7/site-packages/airflow/example_dags/example_dag_decorator.py
[2025-07-13T11:47:59.452+0000] {processor.py:756} INFO - Processing file /home/airflow/.local/lib/python3.7/site-packages/airflow/example_dags/example_dag_decorator.py for tasks to queue
[2025-07-13T11:47:59.454+0000] {logging_mixin.py:120} INFO - [2025-07-13T11:47:59.454+0000] {dagbag.py:537} INFO - Filling up the DagBag from /home/airflow/.local/lib/python3.7/site-packages/airflow/example_dags/example_dag_decorator.py
[2025-07-13T11:47:59.478+0000] {logging_mixin.py:120} INFO - [2025-07-13T11:47:59.478+0000] {taskmixin.py:205} WARNING - Dependency <Task(_PythonDecoratedOperator): prepare_email>, send_email already registered for DAG: example_dag_decorator
[2025-07-13T11:47:59.479+0000] {logging_mixin.py:120} INFO - [2025-07-13T11:47:59.479+0000] {taskmixin.py:205} WARNING - Dependency <Task(EmailOperator): send_email>, prepare_email already registered for DAG: example_dag_decorator
[2025-07-13T11:47:59.497+0000] {processor.py:766} INFO - DAG(s) dict_keys(['example_dag_decorator']) retrieved from /home/airflow/.local/lib/python3.7/site-packages/airflow/example_dags/example_dag_decorator.py
[2025-07-13T11:47:59.644+0000] {logging_mixin.py:120} INFO - [2025-07-13T11:47:59.644+0000] {dag.py:2585} INFO - Sync 1 DAGs
[2025-07-13T11:47:59.687+0000] {logging_mixin.py:120} INFO - [2025-07-13T11:47:59.687+0000] {dag.py:3340} INFO - Setting next_dagrun for example_dag_decorator to None, run_after=None
[2025-07-13T11:47:59.725+0000] {processor.py:176} INFO - Processing /home/airflow/.local/lib/python3.7/site-packages/airflow/example_dags/example_dag_decorator.py took 0.278 seconds
[2025-07-13T11:48:31.521+0000] {processor.py:154} INFO - Started process (PID=12481) to work on /home/airflow/.local/lib/python3.7/site-packages/airflow/example_dags/example_dag_decorator.py
[2025-07-13T11:48:31.525+0000] {processor.py:756} INFO - Processing file /home/airflow/.local/lib/python3.7/site-packages/airflow/example_dags/example_dag_decorator.py for tasks to queue
[2025-07-13T11:48:31.528+0000] {logging_mixin.py:120} INFO - [2025-07-13T11:48:31.528+0000] {dagbag.py:537} INFO - Filling up the DagBag from /home/airflow/.local/lib/python3.7/site-packages/airflow/example_dags/example_dag_decorator.py
[2025-07-13T11:48:31.585+0000] {logging_mixin.py:120} INFO - [2025-07-13T11:48:31.585+0000] {taskmixin.py:205} WARNING - Dependency <Task(_PythonDecoratedOperator): prepare_email>, send_email already registered for DAG: example_dag_decorator
[2025-07-13T11:48:31.586+0000] {logging_mixin.py:120} INFO - [2025-07-13T11:48:31.586+0000] {taskmixin.py:205} WARNING - Dependency <Task(EmailOperator): send_email>, prepare_email already registered for DAG: example_dag_decorator
[2025-07-13T11:48:31.629+0000] {processor.py:766} INFO - DAG(s) dict_keys(['example_dag_decorator']) retrieved from /home/airflow/.local/lib/python3.7/site-packages/airflow/example_dags/example_dag_decorator.py
[2025-07-13T11:48:31.836+0000] {logging_mixin.py:120} INFO - [2025-07-13T11:48:31.835+0000] {dag.py:2585} INFO - Sync 1 DAGs
[2025-07-13T11:48:31.904+0000] {logging_mixin.py:120} INFO - [2025-07-13T11:48:31.904+0000] {dag.py:3340} INFO - Setting next_dagrun for example_dag_decorator to None, run_after=None
[2025-07-13T11:48:31.950+0000] {processor.py:176} INFO - Processing /home/airflow/.local/lib/python3.7/site-packages/airflow/example_dags/example_dag_decorator.py took 0.439 seconds
[2025-07-13T11:49:02.284+0000] {processor.py:154} INFO - Started process (PID=12544) to work on /home/airflow/.local/lib/python3.7/site-packages/airflow/example_dags/example_dag_decorator.py
[2025-07-13T11:49:02.286+0000] {processor.py:756} INFO - Processing file /home/airflow/.local/lib/python3.7/site-packages/airflow/example_dags/example_dag_decorator.py for tasks to queue
[2025-07-13T11:49:02.288+0000] {logging_mixin.py:120} INFO - [2025-07-13T11:49:02.288+0000] {dagbag.py:537} INFO - Filling up the DagBag from /home/airflow/.local/lib/python3.7/site-packages/airflow/example_dags/example_dag_decorator.py
[2025-07-13T11:49:02.361+0000] {logging_mixin.py:120} INFO - [2025-07-13T11:49:02.361+0000] {taskmixin.py:205} WARNING - Dependency <Task(_PythonDecoratedOperator): prepare_email>, send_email already registered for DAG: example_dag_decorator
[2025-07-13T11:49:02.363+0000] {logging_mixin.py:120} INFO - [2025-07-13T11:49:02.363+0000] {taskmixin.py:205} WARNING - Dependency <Task(EmailOperator): send_email>, prepare_email already registered for DAG: example_dag_decorator
[2025-07-13T11:49:02.420+0000] {processor.py:766} INFO - DAG(s) dict_keys(['example_dag_decorator']) retrieved from /home/airflow/.local/lib/python3.7/site-packages/airflow/example_dags/example_dag_decorator.py
[2025-07-13T11:49:02.615+0000] {logging_mixin.py:120} INFO - [2025-07-13T11:49:02.614+0000] {dag.py:2585} INFO - Sync 1 DAGs
[2025-07-13T11:49:02.675+0000] {logging_mixin.py:120} INFO - [2025-07-13T11:49:02.674+0000] {dag.py:3340} INFO - Setting next_dagrun for example_dag_decorator to None, run_after=None
[2025-07-13T11:49:02.723+0000] {processor.py:176} INFO - Processing /home/airflow/.local/lib/python3.7/site-packages/airflow/example_dags/example_dag_decorator.py took 0.450 seconds
[2025-07-13T11:49:33.625+0000] {processor.py:154} INFO - Started process (PID=12597) to work on /home/airflow/.local/lib/python3.7/site-packages/airflow/example_dags/example_dag_decorator.py
[2025-07-13T11:49:33.627+0000] {processor.py:756} INFO - Processing file /home/airflow/.local/lib/python3.7/site-packages/airflow/example_dags/example_dag_decorator.py for tasks to queue
[2025-07-13T11:49:33.629+0000] {logging_mixin.py:120} INFO - [2025-07-13T11:49:33.629+0000] {dagbag.py:537} INFO - Filling up the DagBag from /home/airflow/.local/lib/python3.7/site-packages/airflow/example_dags/example_dag_decorator.py
[2025-07-13T11:49:33.687+0000] {logging_mixin.py:120} INFO - [2025-07-13T11:49:33.687+0000] {taskmixin.py:205} WARNING - Dependency <Task(_PythonDecoratedOperator): prepare_email>, send_email already registered for DAG: example_dag_decorator
[2025-07-13T11:49:33.689+0000] {logging_mixin.py:120} INFO - [2025-07-13T11:49:33.689+0000] {taskmixin.py:205} WARNING - Dependency <Task(EmailOperator): send_email>, prepare_email already registered for DAG: example_dag_decorator
[2025-07-13T11:49:33.758+0000] {processor.py:766} INFO - DAG(s) dict_keys(['example_dag_decorator']) retrieved from /home/airflow/.local/lib/python3.7/site-packages/airflow/example_dags/example_dag_decorator.py
[2025-07-13T11:49:34.001+0000] {logging_mixin.py:120} INFO - [2025-07-13T11:49:34.001+0000] {dag.py:2585} INFO - Sync 1 DAGs
[2025-07-13T11:49:34.060+0000] {logging_mixin.py:120} INFO - [2025-07-13T11:49:34.060+0000] {dag.py:3340} INFO - Setting next_dagrun for example_dag_decorator to None, run_after=None
[2025-07-13T11:49:34.138+0000] {processor.py:176} INFO - Processing /home/airflow/.local/lib/python3.7/site-packages/airflow/example_dags/example_dag_decorator.py took 0.526 seconds
[2025-07-13T11:50:04.807+0000] {processor.py:154} INFO - Started process (PID=12660) to work on /home/airflow/.local/lib/python3.7/site-packages/airflow/example_dags/example_dag_decorator.py
[2025-07-13T11:50:04.809+0000] {processor.py:756} INFO - Processing file /home/airflow/.local/lib/python3.7/site-packages/airflow/example_dags/example_dag_decorator.py for tasks to queue
[2025-07-13T11:50:04.813+0000] {logging_mixin.py:120} INFO - [2025-07-13T11:50:04.811+0000] {dagbag.py:537} INFO - Filling up the DagBag from /home/airflow/.local/lib/python3.7/site-packages/airflow/example_dags/example_dag_decorator.py
[2025-07-13T11:50:04.839+0000] {logging_mixin.py:120} INFO - [2025-07-13T11:50:04.839+0000] {taskmixin.py:205} WARNING - Dependency <Task(_PythonDecoratedOperator): prepare_email>, send_email already registered for DAG: example_dag_decorator
[2025-07-13T11:50:04.840+0000] {logging_mixin.py:120} INFO - [2025-07-13T11:50:04.840+0000] {taskmixin.py:205} WARNING - Dependency <Task(EmailOperator): send_email>, prepare_email already registered for DAG: example_dag_decorator
[2025-07-13T11:50:04.859+0000] {processor.py:766} INFO - DAG(s) dict_keys(['example_dag_decorator']) retrieved from /home/airflow/.local/lib/python3.7/site-packages/airflow/example_dags/example_dag_decorator.py
[2025-07-13T11:50:05.001+0000] {logging_mixin.py:120} INFO - [2025-07-13T11:50:05.001+0000] {dag.py:2585} INFO - Sync 1 DAGs
[2025-07-13T11:50:05.046+0000] {logging_mixin.py:120} INFO - [2025-07-13T11:50:05.045+0000] {dag.py:3340} INFO - Setting next_dagrun for example_dag_decorator to None, run_after=None
[2025-07-13T11:50:05.083+0000] {processor.py:176} INFO - Processing /home/airflow/.local/lib/python3.7/site-packages/airflow/example_dags/example_dag_decorator.py took 0.280 seconds
[2025-07-13T11:50:35.824+0000] {processor.py:154} INFO - Started process (PID=12714) to work on /home/airflow/.local/lib/python3.7/site-packages/airflow/example_dags/example_dag_decorator.py
[2025-07-13T11:50:35.828+0000] {processor.py:756} INFO - Processing file /home/airflow/.local/lib/python3.7/site-packages/airflow/example_dags/example_dag_decorator.py for tasks to queue
[2025-07-13T11:50:35.830+0000] {logging_mixin.py:120} INFO - [2025-07-13T11:50:35.830+0000] {dagbag.py:537} INFO - Filling up the DagBag from /home/airflow/.local/lib/python3.7/site-packages/airflow/example_dags/example_dag_decorator.py
[2025-07-13T11:50:35.859+0000] {logging_mixin.py:120} INFO - [2025-07-13T11:50:35.858+0000] {taskmixin.py:205} WARNING - Dependency <Task(_PythonDecoratedOperator): prepare_email>, send_email already registered for DAG: example_dag_decorator
[2025-07-13T11:50:35.861+0000] {logging_mixin.py:120} INFO - [2025-07-13T11:50:35.860+0000] {taskmixin.py:205} WARNING - Dependency <Task(EmailOperator): send_email>, prepare_email already registered for DAG: example_dag_decorator
[2025-07-13T11:50:35.886+0000] {processor.py:766} INFO - DAG(s) dict_keys(['example_dag_decorator']) retrieved from /home/airflow/.local/lib/python3.7/site-packages/airflow/example_dags/example_dag_decorator.py
[2025-07-13T11:50:36.044+0000] {logging_mixin.py:120} INFO - [2025-07-13T11:50:36.044+0000] {dag.py:2585} INFO - Sync 1 DAGs
[2025-07-13T11:50:36.090+0000] {logging_mixin.py:120} INFO - [2025-07-13T11:50:36.090+0000] {dag.py:3340} INFO - Setting next_dagrun for example_dag_decorator to None, run_after=None
[2025-07-13T11:50:36.145+0000] {processor.py:176} INFO - Processing /home/airflow/.local/lib/python3.7/site-packages/airflow/example_dags/example_dag_decorator.py took 0.325 seconds
[2025-07-13T11:51:06.515+0000] {processor.py:154} INFO - Started process (PID=12776) to work on /home/airflow/.local/lib/python3.7/site-packages/airflow/example_dags/example_dag_decorator.py
[2025-07-13T11:51:06.516+0000] {processor.py:756} INFO - Processing file /home/airflow/.local/lib/python3.7/site-packages/airflow/example_dags/example_dag_decorator.py for tasks to queue
[2025-07-13T11:51:06.518+0000] {logging_mixin.py:120} INFO - [2025-07-13T11:51:06.517+0000] {dagbag.py:537} INFO - Filling up the DagBag from /home/airflow/.local/lib/python3.7/site-packages/airflow/example_dags/example_dag_decorator.py
[2025-07-13T11:51:06.545+0000] {logging_mixin.py:120} INFO - [2025-07-13T11:51:06.544+0000] {taskmixin.py:205} WARNING - Dependency <Task(_PythonDecoratedOperator): prepare_email>, send_email already registered for DAG: example_dag_decorator
[2025-07-13T11:51:06.546+0000] {logging_mixin.py:120} INFO - [2025-07-13T11:51:06.546+0000] {taskmixin.py:205} WARNING - Dependency <Task(EmailOperator): send_email>, prepare_email already registered for DAG: example_dag_decorator
[2025-07-13T11:51:06.568+0000] {processor.py:766} INFO - DAG(s) dict_keys(['example_dag_decorator']) retrieved from /home/airflow/.local/lib/python3.7/site-packages/airflow/example_dags/example_dag_decorator.py
[2025-07-13T11:51:06.722+0000] {logging_mixin.py:120} INFO - [2025-07-13T11:51:06.721+0000] {dag.py:2585} INFO - Sync 1 DAGs
[2025-07-13T11:51:06.764+0000] {logging_mixin.py:120} INFO - [2025-07-13T11:51:06.763+0000] {dag.py:3340} INFO - Setting next_dagrun for example_dag_decorator to None, run_after=None
[2025-07-13T11:51:06.801+0000] {processor.py:176} INFO - Processing /home/airflow/.local/lib/python3.7/site-packages/airflow/example_dags/example_dag_decorator.py took 0.293 seconds
[2025-07-13T11:51:37.198+0000] {processor.py:154} INFO - Started process (PID=12840) to work on /home/airflow/.local/lib/python3.7/site-packages/airflow/example_dags/example_dag_decorator.py
[2025-07-13T11:51:37.201+0000] {processor.py:756} INFO - Processing file /home/airflow/.local/lib/python3.7/site-packages/airflow/example_dags/example_dag_decorator.py for tasks to queue
[2025-07-13T11:51:37.206+0000] {logging_mixin.py:120} INFO - [2025-07-13T11:51:37.205+0000] {dagbag.py:537} INFO - Filling up the DagBag from /home/airflow/.local/lib/python3.7/site-packages/airflow/example_dags/example_dag_decorator.py
[2025-07-13T11:51:37.258+0000] {logging_mixin.py:120} INFO - [2025-07-13T11:51:37.258+0000] {taskmixin.py:205} WARNING - Dependency <Task(_PythonDecoratedOperator): prepare_email>, send_email already registered for DAG: example_dag_decorator
[2025-07-13T11:51:37.260+0000] {logging_mixin.py:120} INFO - [2025-07-13T11:51:37.259+0000] {taskmixin.py:205} WARNING - Dependency <Task(EmailOperator): send_email>, prepare_email already registered for DAG: example_dag_decorator
[2025-07-13T11:51:37.302+0000] {processor.py:766} INFO - DAG(s) dict_keys(['example_dag_decorator']) retrieved from /home/airflow/.local/lib/python3.7/site-packages/airflow/example_dags/example_dag_decorator.py
[2025-07-13T11:51:37.486+0000] {logging_mixin.py:120} INFO - [2025-07-13T11:51:37.485+0000] {dag.py:2585} INFO - Sync 1 DAGs
[2025-07-13T11:51:37.530+0000] {logging_mixin.py:120} INFO - [2025-07-13T11:51:37.530+0000] {dag.py:3340} INFO - Setting next_dagrun for example_dag_decorator to None, run_after=None
[2025-07-13T11:51:37.581+0000] {processor.py:176} INFO - Processing /home/airflow/.local/lib/python3.7/site-packages/airflow/example_dags/example_dag_decorator.py took 0.391 seconds
[2025-07-13T11:52:08.736+0000] {processor.py:154} INFO - Started process (PID=12895) to work on /home/airflow/.local/lib/python3.7/site-packages/airflow/example_dags/example_dag_decorator.py
[2025-07-13T11:52:08.738+0000] {processor.py:756} INFO - Processing file /home/airflow/.local/lib/python3.7/site-packages/airflow/example_dags/example_dag_decorator.py for tasks to queue
[2025-07-13T11:52:08.741+0000] {logging_mixin.py:120} INFO - [2025-07-13T11:52:08.739+0000] {dagbag.py:537} INFO - Filling up the DagBag from /home/airflow/.local/lib/python3.7/site-packages/airflow/example_dags/example_dag_decorator.py
[2025-07-13T11:52:08.771+0000] {logging_mixin.py:120} INFO - [2025-07-13T11:52:08.770+0000] {taskmixin.py:205} WARNING - Dependency <Task(_PythonDecoratedOperator): prepare_email>, send_email already registered for DAG: example_dag_decorator
[2025-07-13T11:52:08.771+0000] {logging_mixin.py:120} INFO - [2025-07-13T11:52:08.771+0000] {taskmixin.py:205} WARNING - Dependency <Task(EmailOperator): send_email>, prepare_email already registered for DAG: example_dag_decorator
[2025-07-13T11:52:08.799+0000] {processor.py:766} INFO - DAG(s) dict_keys(['example_dag_decorator']) retrieved from /home/airflow/.local/lib/python3.7/site-packages/airflow/example_dags/example_dag_decorator.py
[2025-07-13T11:52:08.962+0000] {logging_mixin.py:120} INFO - [2025-07-13T11:52:08.962+0000] {dag.py:2585} INFO - Sync 1 DAGs
[2025-07-13T11:52:09.010+0000] {logging_mixin.py:120} INFO - [2025-07-13T11:52:09.010+0000] {dag.py:3340} INFO - Setting next_dagrun for example_dag_decorator to None, run_after=None
[2025-07-13T11:52:09.058+0000] {processor.py:176} INFO - Processing /home/airflow/.local/lib/python3.7/site-packages/airflow/example_dags/example_dag_decorator.py took 0.328 seconds
[2025-07-13T11:52:39.305+0000] {processor.py:154} INFO - Started process (PID=12959) to work on /home/airflow/.local/lib/python3.7/site-packages/airflow/example_dags/example_dag_decorator.py
[2025-07-13T11:52:39.310+0000] {processor.py:756} INFO - Processing file /home/airflow/.local/lib/python3.7/site-packages/airflow/example_dags/example_dag_decorator.py for tasks to queue
[2025-07-13T11:52:39.313+0000] {logging_mixin.py:120} INFO - [2025-07-13T11:52:39.312+0000] {dagbag.py:537} INFO - Filling up the DagBag from /home/airflow/.local/lib/python3.7/site-packages/airflow/example_dags/example_dag_decorator.py
[2025-07-13T11:52:39.356+0000] {logging_mixin.py:120} INFO - [2025-07-13T11:52:39.355+0000] {taskmixin.py:205} WARNING - Dependency <Task(_PythonDecoratedOperator): prepare_email>, send_email already registered for DAG: example_dag_decorator
[2025-07-13T11:52:39.360+0000] {logging_mixin.py:120} INFO - [2025-07-13T11:52:39.360+0000] {taskmixin.py:205} WARNING - Dependency <Task(EmailOperator): send_email>, prepare_email already registered for DAG: example_dag_decorator
[2025-07-13T11:52:39.386+0000] {processor.py:766} INFO - DAG(s) dict_keys(['example_dag_decorator']) retrieved from /home/airflow/.local/lib/python3.7/site-packages/airflow/example_dags/example_dag_decorator.py
[2025-07-13T11:52:39.586+0000] {logging_mixin.py:120} INFO - [2025-07-13T11:52:39.586+0000] {dag.py:2585} INFO - Sync 1 DAGs
[2025-07-13T11:52:39.627+0000] {logging_mixin.py:120} INFO - [2025-07-13T11:52:39.626+0000] {dag.py:3340} INFO - Setting next_dagrun for example_dag_decorator to None, run_after=None
[2025-07-13T11:52:39.675+0000] {processor.py:176} INFO - Processing /home/airflow/.local/lib/python3.7/site-packages/airflow/example_dags/example_dag_decorator.py took 0.376 seconds
